compound_id	smiles	library	compound_code	compound_name	coadd_project_id	coadd_cc50_ma_007_ug_ml	coadd_mic_gn_034_ug_ml	coadd_mic_gn_042_ug_ml	coadd_mic_gp_020_ug_ml	coadd_mic_gn_001_ug_ml	coadd_mic_gn_003_ug_ml	coadd_mic_fg_001_ug_ml	coadd_mic_fg_002_ug_ml	coadd_hc10_ha_150_ug_ml	coadd_mic_gn_034_um	coadd_mic_gn_042_um	coadd_mic_gn_003_um	coadd_mic_fg_002_um	coadd_mic_gn_001_um	coadd_mic_fg_001_um	coadd_mic_gp_020_um	coadd_cc50_ma_007_um	coadd_hc10_ha_150_um	coadd_mic_gn_211_um	coadd_mic_gn_211_ug_ml	coadd_mic_gp_019_ug_ml	coadd_mic_gp_023_ug_ml	coadd_mic_gp_064_ug_ml	coadd_mic_fg_005_ug_ml	coadd_mic_fg_006_ug_ml	coadd_mic_fg_011_ug_ml	coadd_mic_fg_007_ug_ml	coadd_mic_gp_030_ug_ml	coadd_mic_gp_020_s50_ug_ml	coadd_mic_gp_025_ug_ml	coadd_mic_gn_049_ug_ml	coadd_mic_fg_001_s50_ug_ml	coadd_mic_fg_002_s20_ug_ml	coadd_mic_gn_032_ug_ml	coadd_mic_gn_046_ug_ml	coadd_mic_gn_034_s50_ug_ml	coadd_mic_gn_004_ug_ml	coadd_mic_gn_043_ug_ml	coadd_mic_gn_045_ug_ml	coadd_mic_gn_093_ug_ml	coadd_mic_gn_111_ug_ml	coadd_mic_gn_034_s20_ug_ml	coadd_mic_fg_018_ug_ml	coadd_mic_gp_011_ug_ml	coadd_mic_gp_035_ug_ml	coadd_mic_gn_001_s50_ug_ml
CO-ADD:0136135	[H]N1C(N([H])C(OC)C(C(OC)=O)(F)C1=O)=O	NIH/NCI (USA) - Diversity Set V	0367428:01		CO-ADD:PL0011										10	10	10	10	10	10	5	10																													
CO-ADD:0136139	c1cc(C)c(N2C=NC(NC)=NC2=O)c(C)c1	NIH/NCI (USA) - Diversity Set V	0372221:01		CO-ADD:PL0011										10	10	10	10	10	10	10	10																													
CO-ADD:0136148	c1c(c(cc(Cl)c1)sc2S[H])n2	NIH/NCI (USA) - Diversity Set V	0503425:01		CO-ADD:PL0011										10	10	10	10	10	10	10	10																													
CO-ADD:0136174	O=C(C(C(=O)c(cccc1)c1)C(O2)=O)C=C2c(cccc3)c3	NIH/NCI (USA) - Diversity Set V	0006844:01		CO-ADD:PL0011										10	10	10	10	10	10	10	10																													
CO-ADD:0137206	n1ccc2c(c1)c(C)c(c3c(cccc3)n4[H])c4c2C	NIH/NCI (USA) - Natural Product Set III	0071795:02		CO-ADD:PL0012										10	10	10	10	10	10	10	3.65																													
CO-ADD:0137218	O=C(C=C(C(C)=C([C@](CC)(C)[H])O1)C2=C1)C(C(O)=O)=C2O	NIH/NCI (USA) - Natural Product Set III	0114344:01		CO-ADD:PL0012										10	10	10	10	10	10	10	10																													
CO-ADD:0137222	O=C(C(C[C@@H](C)C[C@@H](OC)[C@@H](O)[C@H](C)C=C(/C)[C@@H](OC(N)=O)[C@H](OC)C=C/C=C(C)/C(=O)N1[H])=C(OC)C2=O)C1=C2	NIH/NCI (USA) - Natural Product Set III	0122750:01		CO-ADD:PL0012										10	10	10	10	10	10	10	10																													
CO-ADD:0137226	O1C=CC(OC)[C@@H](C)[C@@H](OC(C)=O)[C@H](C)[C@H](O)[C@H](C)C(O)[C@@H](C)C=CC=C(C)/C(Nc(cc(O)c(c(C(=O)[C@@]12C)c(c3C)O2)c4c3O)c4O)=O.[Na+]	NIH/NCI (USA) - Natural Product Set III	0133100:01		CO-ADD:PL0012										10	10	10	10	10	10		10																													
CO-ADD:0137228	O1C(C)C(C)C(O)C(C)C=CC=CCCC=CC=CC=CC=CC(CC(C(C(=O)O)C2O)OC(CC(O)C(O)CCC(O)CC(O)CC(O)CC1=O)C2)OC3C(O)C(N)C(O)C(C)O3	NIH/NCI (USA) - Natural Product Set III	0150817:01		CO-ADD:PL0012										10	10	10	5	10	5	10	10																													
CO-ADD:0137233	O1C(C(CC)C(=O)C(C)C(O)C(C)CCc(c(C(O)=O)c(O)c(C)c2)c2)C(C)CC1(CC)C3CCC(CC)(O)C(C)O3	NIH/NCI (USA) - Natural Product Set III	0177406:01		CO-ADD:PL0012										10	10	10	10	10	10	0.3125	10																													
CO-ADD:0137244	c1ccc(C(=O)C2=C(C(C)OC(CC(O)=O)C2)C3=O)c3c1O	NIH/NCI (USA) - Natural Product Set III	0267461:01		CO-ADD:PL0012										10	10	10	1.25	10	0.625	0.3125	0.1457																													
CO-ADD:0136403	n1ccsc1N=Nc2c3c(cccc3)ccc2O	NIH/NCI (USA) - Diversity Set V	0139021:01		CO-ADD:PL0011										10	10	10	2.5	10	10	10	10																													
CO-ADD:0136277	n1c(SC)nc(c(c1C)Br)N2CC2	NIH/NCI (USA) - Diversity Set V	0050199:01		CO-ADD:PL0011										10	10	10	10	10	10	10	10																													
CO-ADD:0136313	Clc1ccc(SCNc2ccccc2Cl)cc1	NIH/NCI (USA) - Diversity Set V	0089349:01		CO-ADD:PL0011										10	10	10	10	10	10	10	10																													
CO-ADD:0137264	c1c(O)c(c2c3c(c(O)c(C(=O)C(C)C(C)O4)c4c3)c(O)cc2O)c5c(c(O)c6c(OC(C)C(C)C6=O)c5)c1O	NIH/NCI (USA) - Natural Product Set III	0345647:02		CO-ADD:PL0012										10	10	10	10	10	10	5	7.804																													
CO-ADD:0136325	N(=Nc(c(C)nc1N=Nc(cccc2)c2)n1[H])c(cccc3)c3	NIH/NCI (USA) - Diversity Set V	0040749:01		CO-ADD:PL0011										10	10	10	10	10	10	10	10																													
CO-ADD:0136328	c1c(C=CC(=O)C=Cc(c(OC)ccc2)c2)c(O)ccc1	NIH/NCI (USA) - Diversity Set V	0098938:01		CO-ADD:PL0011										10	10	10	10	10	10	10	4.219																													
CO-ADD:0133875	O=C(c1[nH]c([N+](=O)[O-])cn1)NCCc2ccc(C)cc2	University of Queensland (Australia)	MCC_008280:001		CO-ADD:PC0042				32																																										
CO-ADD:0133876	O=C(c1[nH]c([N+](=O)[O-])cn1)NCc2ccc(C)cc2	University of Queensland (Australia)	MCC_008281:001		CO-ADD:PC0042				32																																										
CO-ADD:0148704	c1(C(c(cc2)ccc2OC)=O)c(N)c(cc3c(CCCC3)n4)c4s1	Russian Academy of Science (Russia)	A4463/0190806		CO-ADD:PC0145	32	32	32	32	32	32	32	32																																						
CO-ADD:0135133	N1(CC2CCCCC2)CCN(C(Sc(c3C4=O)c([N+]([O-])=O)cc(C(F)(F)F)c3)=N4)CC1.OC(C(F)(F)F)=O	University of Queensland (Australia)	MCC_007106:004		CO-ADD:PC0057																																														
CO-ADD:0135135	O=C1NC(C)=Cn(c12)cc([N+](=O)[O-])n2	University of Queensland (Australia)	MCC_008394:001		CO-ADD:PC0057																																														
CO-ADD:0135137	O=C1NC(c2ccc(OC(F)(F)F)cc2)=Cn(c13)cc([N+](=O)[O-])n3	University of Queensland (Australia)	MCC_008396:001		CO-ADD:PC0057																																														
CO-ADD:0135140	O=C1N(Cc2ccc(OC(F)(F)F)cc2)C(C)=C(C)n(c13)cc([N+](=O)[O-])n3	University of Queensland (Australia)	MCC_008399:001		CO-ADD:PC0057																																														
CO-ADD:0135142	O=C1N(CCOC(=O)C)C(C)=Cn(c12)cc([N+](=O)[O-])n2	University of Queensland (Australia)	MCC_008401:001		CO-ADD:PC0057																																														
CO-ADD:0135143	Cc1nc(OCCOC(=O)C)c2n(cc([N+](=O)[O-])n2)c1	University of Queensland (Australia)	MCC_008402:001		CO-ADD:PC0057																																														
CO-ADD:0135146	Cc1nc(OCCO)c2n(cc([N+](=O)[O-])n2)c1	University of Queensland (Australia)	MCC_008407:001		CO-ADD:PC0057																																														
CO-ADD:0135147	Cc1nc(OC)c2n(cc([N+](=O)[O-])n2)c1	University of Queensland (Australia)	MCC_008408:001		CO-ADD:PC0057																																														
CO-ADD:0135149	O=C(c1n(Cc2ccc(OC(F)(F)F)cc2)cc([N+](=O)[O-])n1)NC	University of Queensland (Australia)	MCC_008410:001		CO-ADD:PC0057																																														
CO-ADD:0135150	c1([N+]([O-])=O)nc(C(OCC)=O)n(Cc2ccc(OC(F)(F)F)cc2)c1	University of Queensland (Australia)	MCC_008411:001		CO-ADD:PC0057																																														
CO-ADD:0135152	c1([N+]([O-])=O)nc(C(=O)NO)n(Cc2ccc(OC(F)(F)F)cc2)c1	University of Queensland (Australia)	MCC_008413:001		CO-ADD:PC0057																																														
CO-ADD:0135153	c1([N+]([O-])=O)nc(C(OCC)=O)[nH]c1	University of Queensland (Australia)	MCC_008414:001		CO-ADD:PC0057																																														
CO-ADD:0149718	NC1=NNC2=C1C(C3=CC=CC=C3)=C4C(NN=C4N)=N2	IQOG CSIS (Spain)	MC60A		CO-ADD:PC0146	8.23	32	32	32	32	32	32	32																																						
CO-ADD:0149721	NC(N=C(N(CC#C)C)C(C#N)=C1C2=CC=CC=C2)=C1C#N	IQOG CSIS (Spain)	MC591F1		CO-ADD:PC0146	32	32	32	32	32	32	32	32																																						
CO-ADD:0149751	C#CCN(C1=NC(NCCCCC2CCN(CC3=CC=CC=C3)CC2)=C(C(C4=CC=CC=C4)=C1C#N)C#N)C.Cl	IQOG CSIS (Spain)	ASS280Cl		CO-ADD:PC0146	4.12	32	32	32	32	32	32	16																																						
CO-ADD:0149756	NC(OC1=C2C(C=CC=C3)=C3C=C1)=C(C2C4=CC=C(C=C4)[N+]([O-])=O)C#N	IQOG CSIS (Spain)	WM36		CO-ADD:PC0146	1.88	32	32	32	32	32	32	32																																						
CO-ADD:0149769	NC(OC1=C2C=CC3=C1C=CC=C3)=C(C2C4=C(C=CC=C4)[N+]([O-])=O)C#N	IQOG CSIS (Spain)	WM19		CO-ADD:PC0146	32	32	32	32	32	32	32	32																																						
CO-ADD:0148923	c(N)(nn1)nnc1N	Russian Academy of Science (Russia)	A2533/0107759		CO-ADD:PC0145	32	32	32	32	32	32	32	32																																						
CO-ADD:0149582	ClC(C(C#N)=C1)=NC(OC)=C1C#N	IQOG CSIS (Spain)	ASS348		CO-ADD:PC0146	0.56	32	32	32	32	32	16	32																																						
CO-ADD:0148791	c1(N)c2c(non2)c3c(non3)c1	Russian Academy of Science (Russia)	A4559/0195022		CO-ADD:PC0145	32	32	32	16	32	32	32	32													32	4	4	32	32	32	32	4	32			32	32													
CO-ADD:0148799	c(non1)(c1n2)ncc2c(cc3OC)c(OC)c4c3OCO4	Russian Academy of Science (Russia)	A4570/0195531		CO-ADD:PC0145	32	32	32	16	32	32	32	32													32	32	16	32	32	32	32	32	32			32	32													
CO-ADD:0149592	C#CCNC1=NC=C(Cl)C=C1	IQOG CSIS (Spain)	MC449F1		CO-ADD:PC0146	32	32	32	32	32	32	32	32																																						
CO-ADD:0149596	C#CCN(CC1=CC2=CC(OCCCC3CCNCC3)=CC=C2N1C)C.C#CCN(CC1=CC2=CC(OCCCC3CCNCC3)=CC=C2N1C)C.Cl.Cl.Cl.Cl.O	IQOG CSIS (Spain)	MBA203Cl		CO-ADD:PC0146	17.2	32	32	32	32	32	32	32																																						
CO-ADD:0149604	CN(C(CN(CC1=CN(C2=CC=CC=C2)N=N1)C)=C3)C(C3=C4)=CC=C4OCCCC5CCN(CC6=CC=CC=C6)CC5.Cl	IQOG CSIS (Spain)	MBA247Cl		CO-ADD:PC0146	3.55	32	32	32	32	32	32	32																																						
CO-ADD:0149617	BrC1=C2C(NC(CC2C)=O)=C3C(N=C(CCCC4)C4=C3N)=N1	IQOG CSIS (Spain)	MPG9		CO-ADD:PC0146	4.01	32	32	32	32	32	32	32																																						
CO-ADD:0149623	NC1=C2C(CCCC2)=NC3=C1C4=CC(OC)=CC=C4N3	IQOG CSIS (Spain)	OB21		CO-ADD:PC0146	15	32	32	32	32	32	32	32																																						
CO-ADD:0134098	O=C(c1[nH]c([N+](=O)[O-])cn1)NCc2cccc(OC(F)(F)F)c2	University of Queensland (Australia)	MCC_008315:001		CO-ADD:PC0045				16																																										
CO-ADD:0134100	O=C(c1[nH]c([N+](=O)[O-])cn1)N(C)Cc2ccc(OC(F)F)cc2	University of Queensland (Australia)	MCC_008317:001		CO-ADD:PC0045				16																																										
CO-ADD:0140019	O=[N+](C1=CC=CC=C1C2=CC=CC=C2NC3=CC=CC=C3)[O-]	University of Manchester (UK)	0170677606		CO-ADD:PC0102	2.15	32	32	16	32	32	8	16																																						
CO-ADD:0140028	O=[N+](C1=CC=C(C2=CC=CC=C2NC3=C(C)C=C(C)C=C3C)C([N+]([O-])=O)=C1)[O-]	University of Manchester (UK)	0170678726		CO-ADD:PC0102	15.7	32	32	32	32	32	4	32																																						
CO-ADD:0140029	CC1=CC=CC=C1NC2=CC=CC=C2C3=CC=CC=C3[N+]([O-])=O	University of Manchester (UK)	0170678931		CO-ADD:PC0102	1.95	32	32	4	32	32	8	32																																						
CO-ADD:0140031	O=[N+](C1=CC=CC=C1C2=CC=CC=C2NC3=C(C)C=C(C)C=C3C)[O-]	University of Manchester (UK)	0170679853		CO-ADD:PC0102	13.1	32	32	32	32	32	16	32																																						
CO-ADD:0140034	O=[N+](C1=CC=CC=C1C2=CC=CC=C2N(CC3=CC=CC=C3)C4=CC=CC=C4)[O-]	University of Manchester (UK)	0170679174		CO-ADD:PC0102	8.14	32	32	32	32	32	32	32																																						
CO-ADD:0148743	c1(C(C)(C)C)cc(SCC2SC(N)=NC2)cc(C(C)(C)C)c1O.Cl	Russian Academy of Science (Russia)	A4490/0192002		CO-ADD:PC0145	32	32	32	16	32	32	32	16																																						
CO-ADD:0148752	c(OC1)(c(OC)c(CC#N)c2)c(O1)c2OC	Russian Academy of Science (Russia)	A4498/0192281		CO-ADD:PC0145	32	32	32	32	32	32	32	32																																						
CO-ADD:0149860	N=C(C(C1C2=C(C=CC=C2)[N+]([O-])=O)(Br)C#N)OC3=C1C(C=CC=C4)=C4C=C3	IQOG CSIS (Spain)	ASS382F2		CO-ADD:PC0146	5.83	32	32	32	32	32	32	32																																						
CO-ADD:0149873	C#CCN(CC1=CC2=CC(OCC3=CC=CC=C3)=CC=C2N1[H])C.O=C(O)C(O)=O	IQOG CSIS (Spain)	FA87		CO-ADD:PC0146	32	32	32	32	32	32	32	32																																						
CO-ADD:0149880	O=C1C(C(O)C)C2N1C(C(NC3=CC=C(C(O4)=NNC4=S)C=C3)=O)=C(SC5CC(C(N(C)C)=O)NC5)C2C.Cl	University of Mosul (Iraq)	N14		CO-ADD:PC0147	32	32	32	32	32	32	32	32																																						
CO-ADD:0149881	FC1=CC2=C(C=C1N3CCNCC3)N(C4CC4)C([H])=C(C(NC5=CC=C(C6=NNC(O6)=S)C=C5)=O)C2=O.Cl	University of Mosul (Iraq)	N41		CO-ADD:PC0147	17.8	32	32	32	4	32	32	32																																						
CO-ADD:0148641	[se]1c2c(NC(=O)CC2c3cc(OC)c(OCO4)c4c3OC)nc1N	Russian Academy of Science (Russia)	A4435/0189414		CO-ADD:PC0145	32	32	32	32	32	32	8	32																																						
CO-ADD:0148642	[se]1c2c(NC(=O)CC2c3c(OC)c(OC)c(OCO4)c4c3)nc1N	Russian Academy of Science (Russia)	A4435/0189415		CO-ADD:PC0145	12.7	32	32	32	32	32	16	16																																						
CO-ADD:0149638	C#CCN(CC1=CC2=CC(OCCCC3CCN(CC4=CC=CC=C4)CC3)=CC=C2N1)C.OC(=O)C(=O)O	IQOG CSIS (Spain)	MBA314		CO-ADD:PC0146	13.4	32	32	32	32	32	32	32																																						
CO-ADD:0149648	CC1=C(C(C2=CC=CC=C2OC)C3=C(N=C(CCCC4)C4=C3N)N1)C(OCC)=O	IQOG CSIS (Spain)	MC248F3		CO-ADD:PC0146	3.76	32	32	32	32	32	32	32																																						
CO-ADD:0149655	ClC(N=C(NCC#C)C(C#N)=C1)=C1C#N	IQOG CSIS (Spain)	MBA-108F1		CO-ADD:PC0146	22.4	32	32	32	32	32	32	32																																						
CO-ADD:0149659	C#CCNC(C(C#N)=C1C2=CC=CC=C2)=NC(NCCCC3CCN(CC4=CC=CC=C4)CC3)=C1C#N	IQOG CSIS (Spain)	MV-80		CO-ADD:PC0146	16	32	32	32	32	32	32	32																																						
CO-ADD:0149661	C#CCNC(C(C#N)=C1C2=CC=CC=C2)=NC(NCCCCC3CCN(CC4=CC=CC=C4)CC3)=C1C#N	IQOG CSIS (Spain)	MBA117		CO-ADD:PC0146	3.46	32	32	32	32	32	32	32																																						
CO-ADD:0149662	C#CCNC(C(C#N)=C1C2=CC=CC=C2)=NC(NCCC3CCN(CC4=CC=CC=C4)CC3)=C1C#N	IQOG CSIS (Spain)	MBA120		CO-ADD:PC0146	11.3	32	32	32	32	32	32	32																																						
CO-ADD:0149681	C#CCN(CC1=CC2=CC(OCCCCC3CCN(CC4=CC=CC=C4)CC3)=CC=C2N1C)C.Cl	IQOG CSIS (Spain)	ASS251Cl:2		CO-ADD:PC0146	32	32	32	32	32	32	32	32																																						
CO-ADD:0149682	C=C=CCN(CC1=CC2=CC(OCC3=CC=CC=C3)=CC=C2N1C)C.O=C(O)C(O)=O	IQOG CSIS (Spain)	FA67		CO-ADD:PC0146	1.61	32	32	32	32	32	32	32																																						
CO-ADD:0148882	C1(C#N)=C(N)Oc2c(ccc(c2)O)C1c3ccccc3F	Russian Academy of Science (Russia)	A1884/0079242		CO-ADD:PC0145	32	32	32	32	32	32	32	32																																						
CO-ADD:0149826	C#CCN(C1=NC(NCCCCC2CCN(CC3=CC=CC=C3)CC2)=C(C(C4=CC=CC=C4)=C1C#N)C#N)C	IQOG CSIS (Spain)	ASS280		CO-ADD:PC0146	3.73	32	32	32	32	32	32	8																																						
CO-ADD:0136449	S1CC(Nc2ccccc2)=C(C(Nc(cccc3)c3)=O)C1	NIH/NCI (USA) - Diversity Set V	0215275:01		CO-ADD:PL0011										10	10	10	10	10	10	10	10																													
CO-ADD:0136453	c1(c2ccccc2)n(O)[n+]([O-])c(c3ccccc3)c1C	NIH/NCI (USA) - Diversity Set V	0236254:01		CO-ADD:PL0011										10	10	10	10	10	10	10	10																													
CO-ADD:0135717	n1([H])c(CS)nc(cc(C)c2C)c1c2	NIH/NCI (USA) - Diversity Set V	0097104:01		CO-ADD:PL0011										10	10	10	10	10	10	10	10																													
CO-ADD:0137066	c1(O)ccc(n([H])c(c(C)c(cc[n+](CCN2CCCCC2)c3)c3c4C)c45)c5c1.[O-]C(C)=O	NIH/NCI (USA) - Diversity Set V	0311153:01		CO-ADD:PL0011										10	10	10	10	10	10	10	10																													
CO-ADD:0136780	c1c(c(ccc2)ccc1Sc(ccc(nc(N)n3)c4c3N)c4)c2.c1c(c(ccc2)ccc1Sc(ccc(nc(N)n3)c4c3N)c4)c2.CCO	NIH/NCI (USA) - Diversity Set V	0305780:01		CO-ADD:PL0011										10	10	10	10	5	10	0.1563	5.182																													
CO-ADD:0136474	c1n(C(c2ccccc2)(c3ccccc3)C#C)cnc1	NIH/NCI (USA) - Diversity Set V	0303304:01		CO-ADD:PL0011										10	10	10	10	10	10	10	10																													
CO-ADD:0136475	c1c2c(ccc1)n([H])c(N=C(/NC3=O)c4c3cccc4)n2	NIH/NCI (USA) - Diversity Set V	0305329:01		CO-ADD:PL0011										10	10	10	10	10	10	10	10																													
CO-ADD:0136487	C1CCC(=C(S[H])SN2C(N)(CCCC3)C3)C2=C1	NIH/NCI (USA) - Diversity Set V	0327444:01		CO-ADD:PL0011										10	10	10	10	10	10	10	10																													
CO-ADD:0136488	C1CCCC2(N=C(S)N(c3ccccc3)N2[H])CC1	NIH/NCI (USA) - Diversity Set V	0328130:01		CO-ADD:PL0011										10	10	10	10	10	10	10	10																													
CO-ADD:0136005	n1c(c(ccc2)ccc1OCCN3CC3)c2	NIH/NCI (USA) - Diversity Set V	0109084:01		CO-ADD:PL0011										10	10	10	10	10	10	10	10																													
CO-ADD:0137547	CN1C=C(NC(C(C=C2)=CN=C2/C=C/C3=CC=C(N(C)C)C=C3)=O)C=C1C(NC4=CN(C)C(C(NCCN(C)C)=O)=C4)=O.OC(C(F)(F)F)=O.OC(C(F)(F)F)=O	University of Strathclyde (UK)	AIK-28/33		CO-ADD:PC0079	1.13	32	32	2	32	32	4	2																																						
CO-ADD:0137548	CN1C=C(NC(C(C=C2)=CC=C2/C=C/C3=CC(C=CC=C4)=C4N=C3)=O)C=C1C(NC5=CN(C)C(C(NCCN(C)C)=O)=C5)=O.OC(C(F)(F)F)=O.OC(C(F)(F)F)=O	University of Strathclyde (UK)	AIK-29/85		CO-ADD:PC0079	4.83	32	32	0.5	32	32	32	16																																						
CO-ADD:0137549	O=C(NCCN1CCOCC1)C2=C(C3CCCCC3)SC(NC(C4=CC(NC(C5=CN=C(/C=C/C6=CC=C(OC)C=C6)C=C5)=O)=CN4C)=O)=N2.OC(C(F)(F)F)=O.OC(C(F)(F)F)=O	University of Strathclyde (UK)	AIK-29/20		CO-ADD:PC0079	4.56									32	32	32	32	32	32	32																														
CO-ADD:0137550	O=C(NCCN1CCOCC1)C2=C(C3CCCCC3)SC(NC(C4=CC(NC(C5=CC=C(/C=C/C6=CC7=C(C=CC=C7)N=C6)C=C5)=O)=CN4C)=O)=N2.OC(C(F)(F)F)=O.OC(C(F)(F)F)=O	University of Strathclyde (UK)	AIK-29/19		CO-ADD:PC0079	32	32	32	32	32	32	32	32																																						
CO-ADD:0137556	CN1C=C(NC(C(C=C2)=CC=C2/C=C/C3=CC(C=CC=C4)=C4N=C3)=O)C=C1C(NC5=CN(CCCN=[N+]=[N-])C(C(NCCN6CCOCC6)=O)=C5)=O.OC(C(F)(F)F)=O.OC(C(F)(F)F)=O	University of Strathclyde (UK)	FS-6/44		CO-ADD:PC0079	4.48	32	32	2	32	32	32	16																																						
CO-ADD:0137558	CN1C=C(NC(C(C=C2)=CC=C2/C=C/C3=CC(C=CC=C4)=C4N=C3)=O)C=C1C(NC5=CN(C)C(C(NCCC(N)=N)=O)=C5)=O.OC(C(F)(F)F)=O.OC(C(F)(F)F)=O	University of Strathclyde (UK)	FS-6/24		CO-ADD:PC0079	6.55	32	32	32	32	32	32	8																																						
CO-ADD:0137561	O=C(NCCC(N)=N)C1=CC(NC(C2=CC(NC(C3=CN=C(C=CC=C4)C4=C3)=N)=CN2C)=O)=CN1C.OC(C(F)(F)F)=O.OC(C(F)(F)F)=O.OC(C(F)(F)F)=O	University of Strathclyde (UK)	JA3		CO-ADD:PC0079	32	32	32	32	32	32	32	32																																						
CO-ADD:0137563	O=C(NCCC(N)=N)C1=CC(NC(C2=CC(NC=O)=CN2C)=O)=CN1C.OC(C(F)(F)F)=O	University of Strathclyde (UK)	JA5		CO-ADD:PC0079	32									32	32	32	32	32	32	32																														
CO-ADD:0137565	CN1C=C(NC(C(C=C2)=CC=C2/C=C/C3=CC(C=CC=C4)=C4N=C3)=O)C=C1C(NC5=CN(C)C(C(NCCN(CCC6)C6=O)=O)=C5)=O.OC(C(F)(F)F)=O	University of Strathclyde (UK)	AIK28/63		CO-ADD:PC0079	12.7	32	32	32	32	32	32	32																																						
CO-ADD:0137568	CC(C)CCC1=C(C(NCCCN(C)C)=O)N=C(NC(C2=CC(NC(C3=CC(NC(C)=O)=CN3C)=O)=CN2C)=O)S1	University of Strathclyde (UK)	AIK-28/41		CO-ADD:PC0079	32	32	32	16	32	32	32	16																																						
CO-ADD:0137570	O=C(NC1=CN(C)C(C(NCCN2CCOCC2)=O)=C1)C(C=C3)=CC=C3/C=C/C4=CC5=C(C=CC=C5)N=C4.OC(C(F)(F)F)=O.OC(C(F)(F)F)=O	University of Strathclyde (UK)	AIK-30/31		CO-ADD:PC0079	2.42	32	32	2	32	32	32	32																																						
CO-ADD:0137572	O=C(N([H])C1=CN(C)C(C(N(C2=CN(C)C(C(N([H])CCC(N)=N)=O)=C2)[H])=O)=C1)C3=CC=C(/C=C/C4=CC=CC(OC)=C4)C=C3.OC(C(F)(F)F)=O	University of Strathclyde (UK)	AIK-30/28		CO-ADD:PC0079	15.8	32	32	8	32	32	32	32																																						
CO-ADD:0137574	CC(C)CCC1=C(C(NCCCN(C)C)=O)N=C(NC(C2=CC(NC(C3=CC(NC(N)=N)=CN3C)=O)=CN2C)=O)S1.OC(C(F)(F)F)=O.OC(C(F)(F)F)=O	University of Strathclyde (UK)	AIK-30/26/1		CO-ADD:PC0079	19.9	32	32	16	32	32	32	4																																						
CO-ADD:0137576	O=C(N([H])C1=CN(C)C(C(N(C2=CN(C)C(C(N([H])CCC(N)=N)=O)=C2)[H])=O)=C1)C3=CC=C(/C=C/C4=CC=C(OC)C=C4)N=C3.OC(C(F)(F)F)=O.OC(C(F)(F)F)=O	University of Strathclyde (UK)	AIK-29/21		CO-ADD:PC0079	32	32	32	2	32	32	32	1																																						
CO-ADD:0137578	O=C(NCCN1CCOCC1)C2=C(CCC3=CC=CC=C3)SC(NC(C4=CC(NC(C5=CC=C(OC)C=C5)=N)=CN4C)=O)=N2	University of Strathclyde (UK)	AIK-29/32		CO-ADD:PC0079	7.47	32	32	16	32	32	32	1																																						
CO-ADD:0137580	CN1C=C(NC(C(C=C2)=CC=C2/C=C/C3=CC(C=CC=C4)=C4N=C3)=O)C=C1C(NC5=CN(CCCC6=CC=CC=C6)C(C(NCCN7CCOCC7)=O)=C5)=O.OC(C(F)(F)F)=O.OC(C(F)(F)F)=O	University of Strathclyde (UK)	AIK-29/1		CO-ADD:PC0079	9.49	32	32	32	32	32	32	4																																						
CO-ADD:0137582	O=C(NCCN1CCOCC1)C2=C(CCC3=CC=CC=C3)SC(NC(C4=CC(NC(C5=CN=C(/C=C/C6=CC=C(OC)C=C6)C=C5)=O)=CN4C)=O)=N2.OC(C(F)(F)F)=O.OC(C(F)(F)F)=O	University of Strathclyde (UK)	AIK-29/31		CO-ADD:PC0079	32	32	32	32	32	32	32	32																																						
CO-ADD:0137584	CN1C=C(NC(C(C=C2)=CC=C2/C=C/C3=CC(C=CC=C4)=C4N=C3)=O)C=C1C(NC5=CN(C)C(C(NCCN(C)C)=O)=C5)=O.OC(C(F)(F)F)=O.OC(C(F)(F)F)=O	University of Strathclyde (UK)	AIK-28/35		CO-ADD:PC0079	2.72	32	32	1	32	32	32	16																																						
CO-ADD:0137585	CN1C=C(NC(C2=CC(NC(C3=CN=C(/C=C/C4=CC=C(OC)C=C4)C=C3)=O)=CN2C)=O)C=C1C(NCCN5CCC(OC)CC5)=O.OC(C(F)(F)F)=O.OC(C(F)(F)F)=O	University of Strathclyde (UK)	AIK-28/54		CO-ADD:PC0079	2.7	32	32	1	32	32	32	32																																						
CO-ADD:0137587	CN1C=C(NC(C2=CC(NC(C3=CN=C(/C=C/C4=CC=C(OC)C=C4)C=C3)=O)=CN2C)=O)C=C1C(N5CCC(OCCOC)CC5)=O.S(O)(O)(=O)=O	University of Strathclyde (UK)	AIK-28/74		CO-ADD:PC0079	15.5	32	32	32	32	32	32	32																																						
CO-ADD:0137595	O=C(NCCC(N)=N)C1=CC(NC(C2=CC(NC(C(C)(C)C)=O)=CN2C)=O)=CN1C.OC(C(F)(F)F)=O	University of Strathclyde (UK)	DB3		CO-ADD:PC0079	12.3	32	32	32	32	32	32	32																																						
CO-ADD:0137596	O=C(NCCC(N)=N)C1=CC(NC(C2=CC(NC(C)=O)=CN2C)=O)=CN1C.OC(C(F)(F)F)=O	University of Strathclyde (UK)	DB1-frac 1		CO-ADD:PC0079	32	32	32	32	32	32	32	32																																						
CO-ADD:0137598	CN1C=C(NC(C(C=C2)=CN=C2/C=C/C3=CC=C(N(C)C)C=C3)=O)C=C1C(NC4=CN(C)C(C(NCCN(C)C)=O)=C4)=O.OC(C(F)(F)F)=O	University of Strathclyde (UK)	AIK-28/33		CO-ADD:PC0079	2.17	32	32	1	32	32	1	2																																						
CO-ADD:0135739	n1c(c(c(C=O)cc2)ccc1)c2O	NIH/NCI (USA) - Diversity Set V	0122131:01		CO-ADD:PL0011										10	10	10	1.25	10	0.625	10	10																													
CO-ADD:0137075	[Cl-].C(/c(ccc(N(CC)CC)c1)c1)(c(ccc(N(CC)CC)c2)c2)=C(/C=CC3=[N+](CC)/CC)C=C3	NIH/NCI (USA) - Diversity Set V	0008675:01		CO-ADD:PL0011										10	10	10	1.25	10			1.302																													
CO-ADD:0137085	[H]N1CCN=C1c(ccc(NC(=O)c(c(ccc2C(Nc(ccc(C(N(CC3)[H])=N3)c4)c4)=O)Cl)c2)c5)c5	NIH/NCI (USA) - Diversity Set V	0067436:01		CO-ADD:PL0011										10	10	10	10	10	10	10	10																													
CO-ADD:0137600	CN1C=C(NC(C(C=C2)=CC=C2/C=C/C3=CC(C=CC=C4)=C4N=C3)=O)C=C1C(NC5=CN(C)C(C(NCCN(C)C)=O)=C5)=O.OC(C(F)(F)F)=O.OC(C(F)(F)F)=O	University of Strathclyde (UK)	AIK-28/36		CO-ADD:PC0079	6.4	32	32	1	32	32	32	16																																						
CO-ADD:0137602	CN1C=C(NC(C2=CC=C(/C=C/C3CC3)C=C2)=O)C=C1C(NC4=CN(C)C(C(NCCN5CCOCC5)=O)=C4)=O.OC(C(F)(F)F)=O	University of Strathclyde (UK)	AIK-30/3		CO-ADD:PC0079	8.05	32	32	32	32	32	32	32																																						
CO-ADD:0137607	CN1C=C(NC(C2=CC=C(/C=C/C3=CC4=NON=C4C=C3)C=C2)=O)C=C1C(NC5=CN(C)C(C(NCCN6CCOCC6)=O)=C5)=O.OC(C(F)(F)F)=O	University of Strathclyde (UK)	FS-5/63		CO-ADD:PC0079	3.33	32	32	32	32	32	32	32																																						
CO-ADD:0137609	CN1C=C(NC(C(C=C2)=CC=C2/C=C/C3=CC(OC)=CC=C3)=O)C=C1C(NC4=CN(CCCC5=CC=CC=C5)C(C(NCCN6CCCCC6)=O)=C4)=O.OC(C(F)(F)F)=O	University of Strathclyde (UK)	AIK-29/3		CO-ADD:PC0079	16	32	32	32	32	32	32	32																																						
CO-ADD:0135763	N1(O)C(C)(C)CC(CC1(C)C)=O	NIH/NCI (USA) - Diversity Set V	0156571:01		CO-ADD:PL0011										10	10	10	10	10	10	10	10																													
CO-ADD:0135776	[H]n1cnc(NC(C(O)=O)=O)n1	NIH/NCI (USA) - Diversity Set V	0177952:01		CO-ADD:PL0011										10	10	10	10	10	10	10	10																													
CO-ADD:0137092	c1cc(nccc2Nc3ccc(C(Nc4ccc(Nc5ccncc5)cc4)=O)cc3)c2cc1[N+](=O)[O-]	NIH/NCI (USA) - Diversity Set V	0146771:01		CO-ADD:PL0011										10	10	10	2.5	10	10	10	10																													
CO-ADD:0137116	N1(C)C=CC(c(cc([N+](=O)[O-])c2)c1c2)=N/c(ccc3C(Nc(ccc(c4)N=C(/C=CN5C)C=C5)c4)=O)cc3	NIH/NCI (USA) - Diversity Set V	0260594:01		CO-ADD:PL0011										10	10	10	5	10	10	10	10																													
CO-ADD:0137118	c1c(OC)c(c(cc(OC)c(c(O)ccc2C(C(O)C(C)(O)C3O)OC3C)c24)c4OC5=O)c5cc1C=C	NIH/NCI (USA) - Diversity Set V	0354844:01		CO-ADD:PL0011										10	10	10	10	10	10	0.1563	1.954																													
CO-ADD:0137123	n1c(cc([N+](=O)[O-])cc2)c2c(Nc(ccc3NS(CCCNC(=N)N)(=O)=O)cc3)c4c1cccc4.Cl.Cl	NIH/NCI (USA) - Diversity Set V	0177365:01		CO-ADD:PL0011										10	10	10	10	10	10	10	10																													
CO-ADD:0137125	c1c(C(OC)C2C)c(O)c(NC(=O)C(C)=CC=C/C(C)C(OC(N)=O)C(C)=C/C(C)C(OC)C(OC)C2)cc1O	NIH/NCI (USA) - Diversity Set V	0330500:01		CO-ADD:PL0011										10	10	10	10	10	10	10	1.865																													
CO-ADD:0137128	c1(OC(C(O)C(OC(c2[nH]c(C)cc2)=O)C(OC)C3(C)C)O3)c(Cl)c(OC(=O)C(NC(c4cc(CC=C(/C)C)c(O)cc4)=O)=C5O)c5cc1	NIH/NCI (USA) - Diversity Set V	0227186:01		CO-ADD:PL0011										10	10	10	10	10	10		10																													
CO-ADD:0137132	C1(O)C(COS(N)(=O)=O)OC(n(cn2)c(ncnc3N)c23)C1O	NIH/NCI (USA) - Diversity Set V	0133114:01		CO-ADD:PL0011										10	10	10	10	10	10	5	0.4339																													
CO-ADD:0137133	c1cc(c(c(CCO)c([N+](=O)[O-])o2)c2cc3)c3cc1	NIH/NCI (USA) - Diversity Set V	0373981:01		CO-ADD:PL0011										10	10	10	10	5	10	2.5	4.707																													
CO-ADD:0136844	N1(C(NN=C(C)/c2nccnc2)=S)CC(CCC3C1)CC3	NIH/NCI (USA) - Diversity Set V	0339316:01		CO-ADD:PL0011										10	10	10	10	10	2.5	10	10																													
CO-ADD:0136586	Clc(ccc1)c(C=C/C(Nc(cc(c(N)cc2C)c(c3)n2)c3)=O)c1	NIH/NCI (USA) - Diversity Set V	0033353:01		CO-ADD:PL0011										10	10	10	5	10	10	10	2.891																													
CO-ADD:0137613	CN1C=C(NC(C(C=C2)=CC=C2/C=C/C3=CC(C=CC=C4)=C4N=C3)=O)C=C1C(NC5=CN(C(C)C)C(C(NCCN6CCOCC6)=O)=C5)=O.OC(C(F)(F)F)=O.OC(C(F)(F)F)=O	University of Strathclyde (UK)	AIK-29/34		CO-ADD:PC0079	2.81	32	32	1	32	32	32	16																																						
CO-ADD:0137617	CN1C=C(NC(C2=CC(NC(C3=CN=C(/C=C/C4=CC=C(OC)C=C4)C=C3)=O)=CN2C)=O)C=C1C(NCCN5CCC(O)CC5)=O.OC(C(F)(F)F)=O.OC(C(F)(F)F)=O	University of Strathclyde (UK)	AIK-30/36		CO-ADD:PC0079	32	32	32	32	32	32	32	32																																						
CO-ADD:0136067	O=C1C(C(=O)c(c2)cccn2)Cc(cccc3)c13	NIH/NCI (USA) - Diversity Set V	0153399:01		CO-ADD:PL0011										10	10	5	10	10	10	10	10																													
CO-ADD:0137629	c1(C(=O)NN=Cc2cc(Cl)ccc2O)nonc1N	Russian Academy of Science (Russia)	A0216/0009695		CO-ADD:PC0076	7.71	32	32	32	32	32	2	4																																						
CO-ADD:0137633	c1(C(=O)NN=Cc2ccccc2O)nonc1N	Russian Academy of Science (Russia)	A0630/0029207		CO-ADD:PC0076	32	32	32	32	32	32	16	32																																						
CO-ADD:0137636	c1(C(=O)NN=Cc(cc(Cl)cc2Br)c2O)nonc1N	Russian Academy of Science (Russia)	A0798/0037399		CO-ADD:PC0076	32	32	32	32	32	32	32	32																																						
CO-ADD:0137657	c1(C(=O)NN=Cc2c(O)ccc(cccc3)c23)nonc1N	Russian Academy of Science (Russia)	A1562/0068089		CO-ADD:PC0076	20.4	32	32	32	32	32	32	32																																						
CO-ADD:0135797	c1c(C=[N+](CCO)/[O-])oc([N+](=O)[O-])c1	NIH/NCI (USA) - Diversity Set V	0303603:01		CO-ADD:PL0011										10	10	10	10	10	10	10	10																													
CO-ADD:0135806	c1(N)nc2c(c3c(n(cc3)[H])cc2)c(N)n1	NIH/NCI (USA) - Diversity Set V	0339578:01		CO-ADD:PL0011										10	10	10	10	10	10	10	10																													
CO-ADD:0136119	c1c([N+](=O)[O-])sc(Sc(ncnc2)c2)n1	NIH/NCI (USA) - Diversity Set V	0311727:01		CO-ADD:PL0011										10	10	10	5	10	5	10	10																													
CO-ADD:0136127	n1nnc(N=Nc2ccc3c(cccc3)c2O)n1[H]	NIH/NCI (USA) - Diversity Set V	0338106:01		CO-ADD:PL0011										10	10	10	10	10	10	10	10																													
CO-ADD:0137154	c1c([N+](=O)[O-])n(C)c(C=C(C2)/C(c3c2ccc(OCCN(C)C)c3)=O)n1.S(O)(=O)(O)=O	NIH/NCI (USA) - Diversity Set V	0277184:01		CO-ADD:PL0011										10	10	10	10	10	10	5	2.345																													
CO-ADD:0135839	N(=Nc1ccccn1)c(ccc(N(C)C)c2)c2	NIH/NCI (USA) - Diversity Set V	0009358:01		CO-ADD:PL0011										10	10	10	10	10	10	10	10																													
CO-ADD:0137179	O1C(C(O)C(O)C(O)C1CO)OCC2C(O)C(O)C(O)C(O[C@@](C#N)(c3ccccc3)[H])O2	NIH/NCI (USA) - Natural Product Set III	0015780:01		CO-ADD:PL0012										10	10	10	10	10	10	10	10																													
CO-ADD:0137185	C1(c(c(ccc2)C(OC(C)(C)CC3)=C3C1=O)c2)=O	NIH/NCI (USA) - Natural Product Set III	0026326:01		CO-ADD:PL0012										10	10	10	10	10	10	10	10																													
CO-ADD:0136599	n1(C)cnc([N+](=O)[O-])c1S(=O)(=O)Oc2c3c(cccc3)ccc2	NIH/NCI (USA) - Diversity Set V	0038090:01		CO-ADD:PL0011										10	10	10	10	10	10	10	9.251																													
CO-ADD:0136602	O=C1c2c(C(C(=C1NCCc(cccc3)c3)Cl)=O)cccc2	NIH/NCI (USA) - Diversity Set V	0041098:01		CO-ADD:PL0011										10	10	10	0.625	10	0.625	10	9.085																													
CO-ADD:0136612	N1([H])C=C(C)C(N=C1SCc(c(cc(c2)Cl)Cl)c2)=O	NIH/NCI (USA) - Diversity Set V	0047680:01		CO-ADD:PL0011										10	10	10	10	10	10	10	10																													
CO-ADD:0136621	O=C1C(N)=C(C)C(C2=C1C(COC(N)=O)C(OC)(C3C(C4)N3C)N24)=O	NIH/NCI (USA) - Diversity Set V	0056410:01		CO-ADD:PL0011										10	10	10	10	5	10	0.1563	10																													
CO-ADD:0136927	n1c(c(c(cc2CN3CCN(CC3)c(cccc4)c4)Br)ccc1)c2O	NIH/NCI (USA) - Diversity Set V	0117028:01		CO-ADD:PL0011										10	10	10	10	10	10	10	10																													
CO-ADD:0137677	C1(C)(C(C)(CC)OC2=O)N2CCc(c([nH]3)C)c(c3ccc4)c14	Russian Academy of Science (Russia)	A3115/0131999		CO-ADD:PC0076	32	32	32	32	32	32	32	32																																						
CO-ADD:0137718	c(OC)(c(OC)c1CC=C)c(OC2)c(O2)c1	Russian Academy of Science (Russia)	A4174/0177822		CO-ADD:PC0076	32	32	32	32	32	32	32	32																																						
CO-ADD:0135873	C1(C(CC(C)C)=NC=C(C(C)CC)N1O)=O	NIH/NCI (USA) - Diversity Set V	0022939:01		CO-ADD:PL0011										10	10	10	10	10	10	10	10																													
CO-ADD:0135928	n1cccc(C=CC(=O)c(c(O)ccc2)c2)c1	NIH/NCI (USA) - Diversity Set V	0049652:01		CO-ADD:PL0011										10	10	10	10	10	10	10	10																													
CO-ADD:0136969	c1cc2c(ccc(nc(N)n3)c2c3N)n1Cc4ccc(N)cc4.Cl.Cl	NIH/NCI (USA) - Diversity Set V	0309401:01		CO-ADD:PL0011										5	10	5	10	1.25	10	1.25	10																													
CO-ADD:0136975	[C@@H]1(O)[C@@]([C@@H](NC(=O)[C@](C)(N)[H])[C@@](C)(C(Cl)Cl)O2)(C(C2=O)=C(O)C[C@H]1O)[H]	NIH/NCI (USA) - Diversity Set V	0325014:01		CO-ADD:PL0011										10	10	10	10	5	10	1.25	1.18																													
CO-ADD:0135654	N(C(=N/N=C(/C)C)c1c2ncn1[H])=CN2[H]	NIH/NCI (USA) - Diversity Set V	0045641:01		CO-ADD:PL0011										10	10	10	10	10	2.5	10	10																													
CO-ADD:0136673	ClC1=C(C(=Cc(ccc(C)c2)c2)C(=C1Cl)Cl)Cl	NIH/NCI (USA) - Diversity Set V	0026112:01		CO-ADD:PL0011										10	10	10	10	10	10	10	10																													
CO-ADD:0136689	Clc(c(ccc1NC(Nc2ccc([N+](=O)[O-])cn2)=O)Cl)c1	NIH/NCI (USA) - Diversity Set V	0081856:01		CO-ADD:PL0011										10	10	10	10	10	10	10	10																													
CO-ADD:0136700	O1C(n2cc(C(N)=S)c(c(N)n3)c2nc3)C(O)C(O)C1CO	NIH/NCI (USA) - Diversity Set V	0105827:01		CO-ADD:PL0011										10	10	10	10	10	10	10	0.6994																													
CO-ADD:0136987	c1ccc(c(NC(c2ncccc2)=N)nc(c3ncccc3)c4)c4c1	NIH/NCI (USA) - Diversity Set V	0637578:01		CO-ADD:PL0011										10	10	10	10	10	5	10	10																													
CO-ADD:0135990	N1(CCNC(=O)Nc(c(C)ccc2)c2)CC1	NIH/NCI (USA) - Diversity Set V	0101266:01		CO-ADD:PL0011										10	10	10	10	10	10	10	10																													
CO-ADD:0157061	O=C1C(C(SN1)=N2)=C(CCCC3)C3=C2C	Russian Academy of Science (Russia)	A0184/0008209		CO-ADD:PC0179	14.6	32	32	32	32	32	16	16	32												32	32	32	32	32	16	32																			
CO-ADD:0159996	O=C(N/N=C/C1=CC(I)=C(C(I)=C1)O)/C(NC(C2=CC=CC=C2)=O)=C\\C3=CC(OCO4)=C4C=C3	Russian Academy of Science (Russia)	A0322/0014735		CO-ADD:PC0186	22.3	32	32	32	32	32	32	32																																						
CO-ADD:0160005	O=C1SC2=C(O1)C(C)=C(Br)C(OC(OCC)=O)=C2Br	Russian Academy of Science (Russia)	A0322/0014753		CO-ADD:PC0186	32	32	32	32	32	32	32	32																																						
CO-ADD:0160006	O=C1SC(C=C2OC(OCCCl)=O)=C(C=C2Cl)O1	Russian Academy of Science (Russia)	A0322/0014755		CO-ADD:PC0186	32	32	32	32	32	32	32	32																																						
CO-ADD:0160008	[O-][N+](C1=CC(NCN2C(OC3=C2C=CC(Br)=C3)=O)=CC=C1)=O	Russian Academy of Science (Russia)	A0322/0014758		CO-ADD:PC0186	32	32	32	32	32	32	32	32																																						
CO-ADD:0157832	O=C1/C(N=C(C2=CC=CC(Cl)=C2)O1)=C/C3=CC=C(C)O3	Russian Academy of Science (Russia)	A0247/0011142		CO-ADD:PC0179	32	32	32	32	32	32	32	32																																						
CO-ADD:0157833	OC1=C(C)C=CC(/N=C/C2=C(O)C=CC(Cl)=C2)=C1	Russian Academy of Science (Russia)	A0247/0011144		CO-ADD:PC0179	19.2	32	32	32	32	32	32	32																																						
CO-ADD:0157839	ClC1=CC(/C=N/C(C=C2)=C(C)C=C2/N=C/C3=C(O)C=CC(Cl)=C3)=C(O)C=C1	Russian Academy of Science (Russia)	A0248/0011160		CO-ADD:PC0179	32	32	32	32	32	32	32	32																																						
CO-ADD:0157841	C/C(C1=CC=CC=C1)=N\\NC2=NC(NC3=CC=CC=C3)=NC(N4CCCC4)=N2	Russian Academy of Science (Russia)	A0248/0011168		CO-ADD:PC0179	32	32	32	32	32	32	32	32																																						
CO-ADD:0158122	O=C(N/N=C(C)/CC(NC1=CC=CN=C1)=O)C(NC(C=CC=C2)=C2C)=O	Russian Academy of Science (Russia)	A0271/0012313		CO-ADD:PC0179	32	32	32	32	32	32	32	32																																						
CO-ADD:0158126	O=C(N/N=C(C)/CC(NC1=CC=CN=C1)=O)C(NCC(C)C)=O	Russian Academy of Science (Russia)	A0272/0012336		CO-ADD:PC0179	32	32	32	32	32	32	32	4																																						
CO-ADD:0158142	O=C(N/N=C(C)\\CC(NCC1=CN=CC=C1)=O)C(NCC(C)C)=O	Russian Academy of Science (Russia)	A0275/0012513		CO-ADD:PC0179	32	32	32	32	32	32	32	16																																						
CO-ADD:0158144	[O-][N+](C1=CC(/C(C(N2)=O)=N\\C(C=CC=C3)=C3O)=C2C=C1)=O	Russian Academy of Science (Russia)	A0275/0012528		CO-ADD:PC0179	16.9	32	32	32	32	32	32	4																																						
CO-ADD:0157886	[O-][N+](C1=CC(Cl)=CC(/C=N/C2=C(O)C=CC(Cl)=C2)=C1O)=O	Russian Academy of Science (Russia)	A0251/0011340		CO-ADD:PC0179	32	32	32	32	32	32	32	2																																						
CO-ADD:0157887	[O-][N+](C1=CC(Cl)=CC(/C=N/C2=CC=C(C=C2)C(O)=O)=C1O)=O	Russian Academy of Science (Russia)	A0251/0011346		CO-ADD:PC0179	32	32	32	32	32	32	32	16																																						
CO-ADD:0160036	O=C1NC(C(F)(F)F)=CC(/C=C/C(C(Cl)=C2)=CC=C2Cl)=N1	Russian Academy of Science (Russia)	A0323/0014810		CO-ADD:PC0186	16.7	32	32	32	32	32	32	32																																						
CO-ADD:0147068	OCC1=CC=C[N+]([Pt+]2(C)([N+]3=C(C4=CC=C3)C5=C(C6=C4N=C7CCC=CC7=N6)C=CC=[N+]52)(C)C)=C1.F[P-](F)(F)(F)(F)F	Lancaster University (UK)	MC31		CO-ADD:PC0131	0.986	32	32	2	32	32	4	4																																						
CO-ADD:0157298	O=C(CCC1=CC=CC=C1)NC2=C(C)C=CC(NC(CCC3=CC=CC=C3)=O)=C2	Russian Academy of Science (Russia)	A0209/0009347		CO-ADD:PC0179	32	32	32	32	32	32	16	8																																						
CO-ADD:0158288	O=C(NC1=CC(C=CC=C2)=C2C=C1)C3=C(C)OC(C4=CC=CC=C4)=C3	Russian Academy of Science (Russia)	A0285/0012950		CO-ADD:PC0179	32	32	32	32	32	32	32	32																																						
CO-ADD:0158295	O=C(C(C)(C)C)CC1(C)SC(C2=CC=CC=C2O)=NN1	Russian Academy of Science (Russia)	A0286/0012974		CO-ADD:PC0179	32	32	32	32	32	32	32	16																																						
CO-ADD:0157908	NC1=C(C(C=C2OC)=CC=C2OC)C(C3=CC=CC=C3)=NN1C4=CC=CC=C4	Russian Academy of Science (Russia)	A0253/0011422		CO-ADD:PC0179	32	32	32	32	32	32	32	32																																						
CO-ADD:0158210	O=C(NC1=CC=CC=C1)C(C(C2=CC=CC=C2)C=C3)C(C(O)=O)C3C4=CC=CC=C4	Russian Academy of Science (Russia)	A0280/0012720		CO-ADD:PC0179	32	32	32	32	32	32	32	32																																						
CO-ADD:0157937	O=C(N/N=C/C1=CC(OC)=C(OCC=C)C=C1)C(NCC(C)C)=O	Russian Academy of Science (Russia)	A0256/0011562		CO-ADD:PC0179	32	32	32	32	32	32	32	32																																						
CO-ADD:0157953	O=C(/C=C/N1CCCCC1)C2=CC=CS2	Russian Academy of Science (Russia)	A0258/0011654		CO-ADD:PC0179	32	32	32	32	32	32	32	4	32												32	32	32	32	32	4	4	32	32			32	32													
CO-ADD:0158301	O=C(C1N2CCN(CC2)C3=NC=CC=N3)N(C4=CC(Cl)=CC=C4)C(C1)=O	Russian Academy of Science (Russia)	A0286/0012985		CO-ADD:PC0179	32	32	32	32	32	32	32	8																																						
CO-ADD:0158308	OC1(C2=CC=CC=C2)CC(C)N(C(C)C)C[C@@H]1C.Cl	Russian Academy of Science (Russia)	A0286/0013007		CO-ADD:PC0179	6.41	32	32	32	32	32	32	32																																						
CO-ADD:0160131	[O-][N+](C(C=C1)=CC=C1C2=CSC(NN=C(C)C)=N2)=O	Russian Academy of Science (Russia)	A0333/0015307		CO-ADD:PC0186	32	32	32	32	32	32	8	2																																						
CO-ADD:0157318	[O-][N+](C1=C(O)C(/C=N/C2=CC3=C(C=C2)N=C(C(F)(F)F)N3)=CC([N+]([O-])=O)=C1)=O	Russian Academy of Science (Russia)	A0210/0009388		CO-ADD:PC0179	32	32	32	32	32	32	32	32																																						
CO-ADD:0160156	[O-][N+](C(C=C1[N+]([O-])=O)=C(C=C1)C(NC2=C(C=C(Br)C=C2)OC(C(C=C3)=C(C=C3[N+]([O-])=O)[N+]([O-])=O)=O)=O)=O	Russian Academy of Science (Russia)	A0335/0015378		CO-ADD:PC0186	32	32	32	32	32	32	32	32																																						
CO-ADD:0156928	O=C1N(C2=CC=CC=C2)C(C(C)=C1)=O	Russian Academy of Science (Russia)	A0177/0007996		CO-ADD:PC0179	13.7	32	32	32	32	32	32	8																																						
CO-ADD:0160359	O=C1/C(N=C(C2=CC=CC(Br)=C2)O1)=C/C3=CC(I)=C(OC(C)=O)C(OCC)=C3	Russian Academy of Science (Russia)	A0346/0015933		CO-ADD:PC0186	32	32	32	32	32	32	32	16																																						
CO-ADD:0157963	O=C(C(C1C2=O)C3(C(OC(C)=O)OC(C)=O)OC1C=C3)N2C4=CC=C(Br)C=C4	Russian Academy of Science (Russia)	A0258/0011674		CO-ADD:PC0179	18.3	32	32	32	32	32	16	2	32												32	32	32	8	4	2	2	32	32			32	32													
CO-ADD:0157964	IC1=CC(I)=CC(/C=N/C2=C(C3=CC=CO3)N=C4C=CC(Cl)=CN24)=C1O	Russian Academy of Science (Russia)	A0258/0011678		CO-ADD:PC0179	32	32	32	32	32	32	32	32																																						
CO-ADD:0157981	NC1=C(C(N)=O)SC2=C1C(C)=CC(C)=N2	Russian Academy of Science (Russia)	A0259/0011702		CO-ADD:PC0179	32	32	32	32	32	32	32	32																																						
CO-ADD:0157996	N#CC1=C(N)SC(N)=C(C#N)C1C2=CC=C(C=C2)[N+]([O-])=O	Russian Academy of Science (Russia)	A0260/0011749		CO-ADD:PC0179	32	32	32	32	32	32	32	32																																						
CO-ADD:0158001	N#CC1=C(N)SC(N)=C(C#N)C1C2=CC=CS2	Russian Academy of Science (Russia)	A0260/0011766		CO-ADD:PC0179	32	32	32	32	32	32	32	4																																						
CO-ADD:0158012	[O-][N+](C1=CC=C(/C=N/C2=CC=C(C=C2)/N=C/C3=CC=C([N+]([O-])=O)S3)S1)=O	Russian Academy of Science (Russia)	A0260/0011790		CO-ADD:PC0179	25.7	32	32	32	32	32	32	8																																						
CO-ADD:0158024	O=C(C1=CC=CC2=C1C=CC=C2)NC3=CC4=C(C=C3)C(C=CC=C5)=C5O4	Russian Academy of Science (Russia)	A0261/0011813		CO-ADD:PC0179	32	32	32	32	32	32	32	32																																						
CO-ADD:0160169	[O-][N+](C1=CC(C(NC2=CC=CC3=CC=CN=C23)=O)=CC=C1)=O	Russian Academy of Science (Russia)	A0335/0015414		CO-ADD:PC0186	32	32	32	16	32	32	8	2	32												16	8	16	32	2	0.5	0.5	8	32			32	8													
CO-ADD:0160178	O=C(CCCC(O)=O)NC1=CC=C(C=C1)C2=NC(C=C3)=C(C=C3C)S2	Russian Academy of Science (Russia)	A0336/0015433		CO-ADD:PC0186	32	32	32	32	32	32	32	32																																						
CO-ADD:0160193	[O-][N+](C1=CC=CC(/C=N/C2=CC=C(C=C2)N3CCOCC3)=C1O)=O	Russian Academy of Science (Russia)	A0336/0015465		CO-ADD:PC0186	32	32	32	16	32	32	32	32	28.7												32	32	32	32	16	32	32																			
CO-ADD:0160212	N#CCS(C1=C([N+]([O-])=O)N=CN1C)=O	Russian Academy of Science (Russia)	A0338/0015535		CO-ADD:PC0186	4.87	16	32	8	4	32	32	32																																						
CO-ADD:0157188	OCC1=CC=C(O1)C#CC2=CC=CC=C2	Russian Academy of Science (Russia)	A0201/0008927		CO-ADD:PC0179	23.6	32	32	32	32	32	32	2	32												32	32	32	32	16	4	4	32	32			32	32													
CO-ADD:0157209	[O-][N+](C1=CC(OC)=CC(/C=N/C2=CC3=C(C=C2)N=CN3)=C1O)=O	Russian Academy of Science (Russia)	A0202/0009014		CO-ADD:PC0179	32	32	32	32	32	32	32	2	32												32	32	32	32		4	1																			
CO-ADD:0157219	O=C1C(N2CCOCC2)=C(N(C3=CC=C(Br)C=C3)C(C)=O)C(C4=C1C=CC=C4)=O	Russian Academy of Science (Russia)	A0203/0009047		CO-ADD:PC0179	23	32	32	32	32	32	32	32																																						
CO-ADD:0159903	O=C(N/N=C/C1=CC(Br)=C(OC)C=C1)COC(C(Br)=C2)=C(Br)C=C2OC	Russian Academy of Science (Russia)	A0331/0015188		CO-ADD:PC0186	32	32	32	32	32	32	32	32																																						
CO-ADD:0159904	O=C1C2=C(C3=C1C=CC=C3)C(C4=C5C=CC=C4)=C(C=C5)N=C2C6=C(Cl)C=C(Cl)C=C6	Russian Academy of Science (Russia)	A0331/0015189		CO-ADD:PC0186	32	32	32	32	32	32	32	32																																						
CO-ADD:0159935	O=C(C1=CC=CC=C1)N/N=C/C2=CC=C(N3CCCCC3)O2	Russian Academy of Science (Russia)	A0319/0014630		CO-ADD:PC0186	10	32	32	32	32	32	32	32																																						
CO-ADD:0159945	O=C1/C(N=C(C(C=C2)=CC=C2OCCCCCCCCCC)O1)=C/C3=CC=C(C)C=C3	Russian Academy of Science (Russia)	A0320/0014646		CO-ADD:PC0186	32	32	32	32	32	32	32	32																																						
CO-ADD:0157001	N#CC1=C2[N+](C(C(Br)C3=CC=CC=C3)CS2)=C(C)C=C1C.[Br-]	Russian Academy of Science (Russia)	A0182/0008139		CO-ADD:PC0179	32	32	32	32	32	32	32	32																																						
CO-ADD:0156209	[O-][N+](C1=CC([N+]([O-])=O)=CC(/C=N/C2=CC=CC3=CC=CN=C23)=C1O)=O	Russian Academy of Science (Russia)	A0159/0007085		CO-ADD:PC0168	32	32	32	32	32	32	32	8																																						
CO-ADD:0158036	O/C(C1=CC=C(OC)C=C1)=C\\C=N\\C2=CC=C(C)C=C2	Russian Academy of Science (Russia)	A0262/0011847		CO-ADD:PC0179	32	32	32	32	32	32	32	4																																						
CO-ADD:0158038	[O-][N+](C(C=C1)=CC=C1CC(N/N=C/C=C(O)/C2=CC=C(Br)C=C2)=O)=O	Russian Academy of Science (Russia)	A0262/0011854		CO-ADD:PC0179	32	32	32	32	32	32	32	16																																						
CO-ADD:0158044	C1(C2=CC3=C(C=C2)NC(C(C=C4)=CC=C4/N=C/C5=CC=CO5)=N3)=NC6=CC(/N=C/C7=CC=CO7)=CC=C6N1	Russian Academy of Science (Russia)	A0263/0011894		CO-ADD:PC0179	23.6	32	32	32	32	32			32												32	32	32	8	32																					
CO-ADD:0158060	[O-][N+](C(C=CC=C1)=C1NC(/C=C/C2=CC=CC(Br)=C2)=O)=O	Russian Academy of Science (Russia)	A0265/0011990		CO-ADD:PC0179	32	32	32	32	32	32	32	32																																						
CO-ADD:0158077	O=C1C2C(C3(C)OC2C=C3)C(N1C(C=C4)=CC=C4[N+]([O-])=O)=O	Russian Academy of Science (Russia)	A0266/0012060		CO-ADD:PC0179	5.73	32	32	32	32	32	8	0.5	27.3												32	32	32	8	4	1	1	32	32			32	8													
CO-ADD:0157179	[O-][N+](C(C=C1Br)=CC(/C=N\\NC(/C(NC(C2=CC=CC=C2)=O)=C\\C3=CC=C(C=C3)N(CC)CC)=O)=C1O)=O	Russian Academy of Science (Russia)	A0198/0008815		CO-ADD:PC0179	32	32	32	32	32	32	32	32																																						
CO-ADD:0158170	N#CC1=C(SC/C=C/C2=CC=CC=C2)N=C(C3=CC=CS3)C=C1C(C=C4)=CC=C4F	Russian Academy of Science (Russia)	A0278/0012628		CO-ADD:PC0179	32	32	32	32	32	32	32	32																																						
CO-ADD:0158171	N#CC(C(C1=CC=CS1)=C2)=C(SCCCC(C(C=C3)=CC=C3F)=O)N=C2C4=CC=CS4	Russian Academy of Science (Russia)	A0278/0012629		CO-ADD:PC0179	32	32	32	32	32	32		32	32												32	32	32	32	32	32	32																			
CO-ADD:0158179	N#CC1=C(SCC(C=CC=C2)=C2F)N=C(C3=CC=CS3)C=C1C4=CC=CS4	Russian Academy of Science (Russia)	A0278/0012637		CO-ADD:PC0179	17.9	32	32	32	32	32	32	32																																						
CO-ADD:0158182	N#CC1=C(SC(N)=C(C#N)C1C2=CC=C(C3=CC=CC=C3)C=C2)N	Russian Academy of Science (Russia)	A0278/0012640		CO-ADD:PC0179	32	32	32	32	32	32	32	32																																						
CO-ADD:0158189	N#CC1=C(N)OC(CCl)=C(C(OCC)=O)C1C2=CC=CS2	Russian Academy of Science (Russia)	A0278/0012647		CO-ADD:PC0179	19.7	32	32	32	32	32	32	32																																						
CO-ADD:0158190	N#CC1=C(N)OC(CCl)=C(C(OCC)=O)C1C(C=C2)=CC=C2F	Russian Academy of Science (Russia)	A0278/0012648		CO-ADD:PC0179	32	32	32	32	32	32	32	32																																						
CO-ADD:0158192	N#CC1=C(N)OC(CCl)=C(C(OCC)=O)C1C2=CC=CC=C2F	Russian Academy of Science (Russia)	A0278/0012650		CO-ADD:PC0179	32	32	32	32	32	32	32	32																																						
CO-ADD:0158193	N#CC1=C(SCC(C=CC=C2)=C2F)N=C(C3=CC=CS3)C=C1C(C=C4)=CC=C4Cl	Russian Academy of Science (Russia)	A0278/0012651		CO-ADD:PC0179	32	32	32	32	32	32	32	32	32												32	32	32	32	32	32	32																			
CO-ADD:0158194	NC(S1)=C(C(OCC)=O)C2=C1CC(C)CC2	Russian Academy of Science (Russia)	A0279/0012652		CO-ADD:PC0179	32	32	32	32	32	32	32	8																																						
CO-ADD:0157803	[O-][N+](C1=C(O)C(/C=N/C2=CC=C3N=CC=CC3=C2)=CC(C)=C1)=O	Russian Academy of Science (Russia)	A0246/0011073		CO-ADD:PC0179	32	32	32	32	32	32	32	16																																						
CO-ADD:0157806	[O-][N+](C1=C(O)C(/C=N/C2=CC=CC3=CC=CN=C23)=CC(C)=C1)=O	Russian Academy of Science (Russia)	A0246/0011077		CO-ADD:PC0179	32	32	32	32	32	32	32	8																																						
CO-ADD:0157816	[O-][N+](C1=C(O)C(/C=N/C2=CC=C(C=C2)C(OCCCC)=O)=CC(C)=C1)=O	Russian Academy of Science (Russia)	A0246/0011095		CO-ADD:PC0179	32	32	32	32	32	32	32	4																																						
CO-ADD:0158229	O=C(N/N=C/C(C=CC=C1)=C1OCC2=CC=CC=C2)C3C(C4=CC=CC=C4)(C5=CC=CC=C5)C3	Russian Academy of Science (Russia)	A0282/0012778		CO-ADD:PC0179	32	32	32	32	32	32	32	32																																						
CO-ADD:0158231	O=S(N(C1=CC=C(C(C)C)C=C1)CC(N/N=C/C2=CC=C(C=C2)OC(C3=CC=CC=C3)=O)=O)(C4=CC=CC=C4)=O	Russian Academy of Science (Russia)	A0282/0012780		CO-ADD:PC0179	32	32	32	32	32	32	32	32																																						
CO-ADD:0158242	O=C(S/1)N(CNC2=CC(Cl)=CC=C2)C(C1=C/C3=CC(OC)=CC=C3)=O	Russian Academy of Science (Russia)	A0282/0012820		CO-ADD:PC0179	32	32	32	32	32	32	32	32																																						
CO-ADD:0158244	O=C(C1=CC=CC(Br)=C1)N/N=C(C)/C2=CC(OC)=C(OC)C=C2	Russian Academy of Science (Russia)	A0283/0012836		CO-ADD:PC0179	32	32	32	32	32	32	32	32																																						
CO-ADD:0158247	O=C(S/1)N(CNC2=CC=CC(F)=C2)C(C1=C\\C3=CC(OC)=C(O)C=C3)=O	Russian Academy of Science (Russia)	A0283/0012841		CO-ADD:PC0179	32	32	32	32	32	32	32	32																																						
CO-ADD:0158253	[O-][N+](C(C=C1)=CC=C1C2=CC=C(/C=N/C3=CC(OC4=C5C=CC=C4)=C5C=C3)O2)=O	Russian Academy of Science (Russia)	A0283/0012856		CO-ADD:PC0179	32	32	32	32	32	32	32	32																																						
CO-ADD:0158261	[O-][N+](C1=CC=C(C(/C=N/NC(C2=CC=C(F)C=C2)=O)=C1)N3CCCCC3)=O	Russian Academy of Science (Russia)	A0284/0012879		CO-ADD:PC0179	32	32	32	32	32	32	32	32																																						
CO-ADD:0148993	O1c2c(cccc2)C=Cc(ccc(N)c3)c13	Russian Academy of Science (Russia)	A3504/0148471		CO-ADD:PC0145	32	32	32	32	32	32	32	32																																						
CO-ADD:0149310	c(c1\\C=C\\c(ccc(OC)c2O)c2)c(OC)c(OCO3)c3c1	Russian Academy of Science (Russia)	A4527/0193733		CO-ADD:PC0145	32	32	32	32	32	32	32	32																																						
CO-ADD:0149346	c1(c2cc(c(c3)cc(OC)cc3)[nH]1)cc([N+](=O)[O-])cc2O	Russian Academy of Science (Russia)	A4536/0194164		CO-ADD:PC0145	0.416	32	32	32	32	32	32	32																																						
CO-ADD:0149226	c(OC)(c1c2OCO1)c(\\C=C(\\[N+](=O)[O-])/C)cc2OC	Russian Academy of Science (Russia)	A4417/0188532		CO-ADD:PC0145	32	32	32	32	32	32	16	32																																						
CO-ADD:0149492	c(cc1C(=O)\\C=C\\Nc(cc2OC)cc(OC)c2OC)c(OC)cc1	Russian Academy of Science (Russia)	A4630/0197934		CO-ADD:PC0145	32	32	32	32	32	32	32	32																																						
CO-ADD:0166389	c1(OC)c(OC)cc(cc1OC)\\C=N\\NC(CSCc2ccccc2Cl)=O	Russian Academy of Science (Russia)	A0499/0023177		CO-ADD:PC0217	32									32	32	32	32	32	32	32																														
CO-ADD:0166396	S(=O)(=O)(c1ccc(cc1)OC)Oc(cc2)ccc2\\C=N\\NC(=O)c3ccc(cc3)O	Russian Academy of Science (Russia)	A0499/0023191		CO-ADD:PC0217	32									32	32	32	32	32	32	32																														
CO-ADD:0166412	N1(CNc2ccccc2C)C(=O)\\C(\\SC1=S)=C\\c(cc3)ccc3C(OC)=O	Russian Academy of Science (Russia)	A0500/0023233		CO-ADD:PC0217	32									32	32	32	32	32	32	32																														
CO-ADD:0166423	N1(CNc(cc2)ccc2OC)C(=O)\\C(\\SC1=S)=C\\c(cc3)ccc3C(OC)=O	Russian Academy of Science (Russia)	A0501/0023255		CO-ADD:PC0217	32			16						32	32	32	32	32	32						32	32	32					32	32	32																
CO-ADD:0164662	COc1cccc2C(=O)c3c(O)c4C[C@](O)(C[C@H](O[C@H]5C[C@H](N)[C@@H](O)[C@H](C)O5)c4c(O)c3C(=O)c12)C(=O)CO.Cl	NIH (USA) - Clinical Collection	SAM001246559	Epirubicin hydrochloride	CO-ADD:PL0013										10	10	10	10	10	10	10	1.14																													
CO-ADD:0164678	COc1c(N2C[C@@H]3CCCN[C@@H]3C2)c(F)cc2c1n(cc(C(O)=O)c2=O)C1CC1.Cl	NIH (USA) - Clinical Collection	SAM001246654	Moxifloxacin hydrochloride	CO-ADD:PL0013										0.625	2.5	5	10		10	0.1563	10																													
CO-ADD:0154544	O=C(/C(C#N)=C/C1=CC=C(C=C1)[N+]([O-])=O)C2=CC=CC=C2	IQOG CSIS (Spain)	A551		CO-ADD:PC0167	32	32	32	32	32	32	32	32																																						
CO-ADD:0154548	BrC1=C(Br)NC(Br)=N1	IQOG CSIS (Spain)	A559		CO-ADD:PC0167	32	32	32	32	32	32	32	32																																						
CO-ADD:0154569	ClCC1=CC=NC=C1.Cl	IQOG CSIS (Spain)	AA5-2		CO-ADD:PC0167	32	32	32	32	32	32	32	32																																						
CO-ADD:0154571	OCC1=CC=C(O)C2=C1C=CC=N2	IQOG CSIS (Spain)	MBA216		CO-ADD:PC0167	17.3	32	32	32	32	32	16	16																																						
CO-ADD:0164697	OC[C@@H]1CC[C@@H](O1)n1cnc2c(O)ncnc12	NIH (USA) - Clinical Collection	SAM001246673	Didanosine	CO-ADD:PL0013										10	10	10	10	10	10	10	10																													
CO-ADD:0155365	O=C(CNC1=CC(C)=CC=C1)N/N=C(C)/C(C=C2)=CC=C2O	Russian Academy of Science (Russia)	A0083/0003467		CO-ADD:PC0168	32	32	32	32	32	32	32	32																																						
CO-ADD:0154588	ClC1=NC2=CC=C(C)C=C2C=C1C=O	IQOG CSIS (Spain)	Ali3		CO-ADD:PC0167	24.1	32	32	32	32	32	32	32																																						
CO-ADD:0155618	N#CC1=C(NC(COC2=CC=CC=C2Br)=O)SC3=C1CCC3	Russian Academy of Science (Russia)	A0094/0004023		CO-ADD:PC0168	32	32	32	32	32	32	32	32																																						
CO-ADD:0166656	C1(C#N)=C(N)OC(=C(C(C)=O)C1c2cccc(c2)OCc3ccccc3)C	Russian Academy of Science (Russia)	A0508/0023601		CO-ADD:PC0217	32									32	32	32	32	32	32	32																														
CO-ADD:0166660	C(C(OCC)=O)(=C(C)OC(=C1C#N)N)C1c2ccc(cc2)OCc3ccccc3	Russian Academy of Science (Russia)	A0508/0023606		CO-ADD:PC0217	32									32	32	32	32	32	32	32																														
CO-ADD:0166661	C(C(OCC)=O)(=C(C)OC(=C1C#N)N)C1c2ccc(cc2)OCC=C	Russian Academy of Science (Russia)	A0508/0023607		CO-ADD:PC0217	32									32	32	32	32	32	32	32																														
CO-ADD:0166663	C(C#N)(C1c2ccc(cc2)OCc3ccccc3)=C(N)SC(N)=C1C#N	Russian Academy of Science (Russia)	A0508/0023609		CO-ADD:PC0217	32									32	32	32	32	32	32	32																														
CO-ADD:0166664	C(C#N)(C1c2cccc(c2)OCc3ccccc3)=C(N)SC(N)=C1C#N	Russian Academy of Science (Russia)	A0509/0023610		CO-ADD:PC0217	32									32	32	32	32	32	32	32																														
CO-ADD:0166665	C(C#N)(C1c2ccc(cc2)CC)=C(N)SC(N)=C1C#N	Russian Academy of Science (Russia)	A0509/0023611		CO-ADD:PC0217	32									32	32	32	32	32	32	32																														
CO-ADD:0166669	C(C#N)(C1c2ccc(cc2)CC)=C(N)OC(CCCC3=O)=C13	Russian Academy of Science (Russia)	A0509/0023615		CO-ADD:PC0217	32									32	32	32	32	32	32	32																														
CO-ADD:0166673	c1(C#N)c(C)c(C)c(nc1SCC(OCc2ccccc2)=O)C	Russian Academy of Science (Russia)	A0509/0023620		CO-ADD:PC0217	32									32	32	32	32	32	32	32																														
CO-ADD:0166675	c1(C#N)c(C)c(C)c(nc1SCC(=O)Nc2cccc(c2)NC(C)=O)C	Russian Academy of Science (Russia)	A0509/0023622		CO-ADD:PC0217	32									32	32	32	16	32	8	32																														
CO-ADD:0155393	O=C(OCCN(C)C)C1=CC2=C(C=C1)N(CC3=CC=CC=C3)C(C)=C2C.Cl	Russian Academy of Science (Russia)	A0098/0004232		CO-ADD:PC0168	32	32	32	32	32	32	32	32																																						
CO-ADD:0166433	C(F)(F)(C(F)(F)COc(cc1)c(cc1C(F)(F)F)\\N=C\\c2cc(Br)ccc2O)C(F)(F)C(F)F	Russian Academy of Science (Russia)	A0501/0023271		CO-ADD:PC0217	32									32	32	32	32	32	32	32																														
CO-ADD:0166440	N1(CNc(cc2)ccc2OC)C(=O)\\C(\\SC1=O)=C\\c(cc3)ccc3C(OC)=O	Russian Academy of Science (Russia)	A0501/0023279		CO-ADD:PC0217	32									32	32	32	32	32	32	32																														
CO-ADD:0166443	C(=O)(N\\N=C\\c1cc(Br)ccc1O)C(=O)NC(C)c2ccccc2	Russian Academy of Science (Russia)	A0501/0023282		CO-ADD:PC0217	32									32	32	32	32	32	32	32																														
CO-ADD:0166446	C(F)(F)(C(F)(F)COc1ccccc1\\N=C\\c(cc(Br)cc2[N+](=O)[O-])c2O)C(F)(F)C(F)F	Russian Academy of Science (Russia)	A0501/0023286		CO-ADD:PC0217	32									32	32	32	32	32	32	32																														
CO-ADD:0166447	N1(CNc2cccc(Br)c2)C(=O)\\C(\\SC1=O)=C\\c(cc3)ccc3C(OC)=O	Russian Academy of Science (Russia)	A0501/0023287		CO-ADD:PC0217	8.33									32	32	32	32	32	32	32																														
CO-ADD:0166449	N1(CNc(cc2)ccc2C)C(=O)\\C(\\SC1=O)=C\\c(cc3)ccc3C(OC)=O	Russian Academy of Science (Russia)	A0502/0023291		CO-ADD:PC0217	32									32	32	32	32	32	32	32																														
CO-ADD:0166451	[N+](=O)([O-])c(ccc(c1\\C=N/NC(=O)C(=O)NC(C)c2ccccc2)O)c1	Russian Academy of Science (Russia)	A0502/0023296		CO-ADD:PC0217	32									32	32	32	32	32	32	16																														
CO-ADD:0166198	c(\\C=N\\NC(c(cc1)ccn1)=O)(cc(I)cc2I)c2O	Russian Academy of Science (Russia)	A0492/0022809		CO-ADD:PC0217	32									32	32	32	32	32	32	32																														
CO-ADD:0166201	[N+](=O)([O-])c1cc(ccc1OC(=O)c2ccco2)\\C=N\\NC(=O)c(c3)cc(cn3)Br	Russian Academy of Science (Russia)	A0492/0022813		CO-ADD:PC0217	32									32	32	32	32	32	32	32																														
CO-ADD:0166204	c1(c(C)cccc1C)OCC(=O)N\\N=C\\c(ccc(c2OC)O)c2	Russian Academy of Science (Russia)	A0492/0022817		CO-ADD:PC0217	32									32	32	32	32	32	32	32																														
CO-ADD:0166465	N1(CNc(ccc(c2C)C)c2)C(=O)C(SC1=S)CC	Russian Academy of Science (Russia)	A0502/0023311		CO-ADD:PC0217	32									32	32	32	32	32	32	32																														
CO-ADD:0166479	N1(CNc(ccc(c2Cl)Cl)c2)C(=O)\\C(\\SC1=O)=C/c(cc3)ccc3C(OC)=O	Russian Academy of Science (Russia)	A0502/0023335		CO-ADD:PC0217	32									32	32	32	32	32	32	32																														
CO-ADD:0166209	c1(c(C)cccc1C)OCC(=O)N\\N=C\\c2ccc(cc2O)O	Russian Academy of Science (Russia)	A0492/0022822		CO-ADD:PC0217	2.81									32	32	32	32	32	32	32																														
CO-ADD:0166212	c1(c(C)cccc1C)OCC(=O)N\\N=C\\c(ccc(c2OCC)O)c2	Russian Academy of Science (Russia)	A0492/0022825		CO-ADD:PC0217	32									32	32	32	32	32	32	32																														
CO-ADD:0166214	C(=O)(Oc1ccccc1\\C=N\\NC(c(cc2)ccn2)=O)c3ccco3	Russian Academy of Science (Russia)	A0492/0022827		CO-ADD:PC0217	32									32	32	32	32	32	32	32																														
CO-ADD:0166232	c1(ccc(\\C=N\\NC(=O)Cc2cccc(cccc3)c23)o1)[N+](=O)[O-]	Russian Academy of Science (Russia)	A0493/0022859		CO-ADD:PC0217	32									32	32	32	32	32	32	4																														
CO-ADD:0166240	C1(c2ccc(cc2)N)(c3ccc(cc3)N)c4c(c(cccc5)c15)cccc4	Russian Academy of Science (Russia)	A0493/0022872		CO-ADD:PC0217	32									32	32	32	32	32	32	32																														
CO-ADD:0166252	S(=O)(=O)(Nc(cc1)ccc1I)c2ccc(c3c2)cccc3	Russian Academy of Science (Russia)	A0494/0022903		CO-ADD:PC0217	32									32	32	32	32	32	32	32																														
CO-ADD:0166253	C(CCc1ccccc1)(=O)Nc(cc2)ccc2I	Russian Academy of Science (Russia)	A0494/0022904		CO-ADD:PC0217	32									32	32	32	32	32	32	32																														
CO-ADD:0166254	C(=O)(c1cccc(I)c1)Nc(cc2)ccc2I	Russian Academy of Science (Russia)	A0494/0022905		CO-ADD:PC0217	32									32	32	32	32	32	32	32																														
CO-ADD:0164876	CO[C@H]1C=CO[C@@]2(C)Oc3c(C2=O)c2c4nc5cc(C)ccn5c4c(NC(=O)C(C)=CC=C[C@H](C)[C@H](O)[C@@H](C)[C@@H](O)[C@@H](C)[C@H](OC(C)=O)[C@@H]1C)c(O)c2c(O)c3C	NIH (USA) - Clinical Collection	SAM001246597	Rifaximin	CO-ADD:PL0013										2.5	10	10	10	10	10		10																													
CO-ADD:0164880	Nc1nc(cs1)C(=N\\O)\\C(=O)N[C@H]1[C@H]2SCC(C=C)=C(N2C1=O)C(O)=O	NIH (USA) - Clinical Collection	SAM001246818	Cefdinir	CO-ADD:PL0013										10	10	10	10	2.5	10	5	10																													
CO-ADD:0164882	CCCCc1oc2ccccc2c1C(=O)c1cc(I)c(OCCN(CC)CC)c(I)c1.Cl	NIH (USA) - Clinical Collection	SAM001246646	Amiodarone hydrochloride	CO-ADD:PL0013										10	10	10	10	10	10	10	10																													
CO-ADD:0164888	CCCCCCNC(=O)n1cc(F)c(=O)[nH]c1=O	NIH (USA) - Clinical Collection	SAM001246692	Carmofur	CO-ADD:PL0013										10	10	10	5	10	10	2.5	10																													
CO-ADD:0165924	c1(c2c(cccc2)ccc1OC(=O)c3cccc(cccc4)c34)\\C=N\\c(cc5)ccc5C	Russian Academy of Science (Russia)	A0485/0022471		CO-ADD:PC0217	32									32	32	32	32	32	32	32																														
CO-ADD:0165932	C(=O)(Oc1ccc(c2c1\\C=N/NC(=O)c3ccc(cc3)C)cccc2)c4cccc(cccc5)c45	Russian Academy of Science (Russia)	A0485/0022486		CO-ADD:PC0217	32									32	32	32	32	32	32	32																														
CO-ADD:0165938	c1(\\C=N/NC(c2ccccc2)=O)c3c(cccc3)ccc1OC(=O)c4ccc(cc4)Br	Russian Academy of Science (Russia)	A0485/0022492		CO-ADD:PC0217	0.392									32	32	32	32	32	32	32																														
CO-ADD:0165946	C(Oc(cccc1C(=O)Nc(ccc(c2C)C)c2)c1)(=S)NC(C)c3ccccc3	Russian Academy of Science (Russia)	A0485/0022502		CO-ADD:PC0217	32									32	32	32	32	32	32	32																														
CO-ADD:0155405	[O-][N+](C1=CC([N+]([O-])=O)=CC=C1C(NC2=CC=C(C=C2)C(N)=O)=O)=O	Russian Academy of Science (Russia)	A0099/0004268		CO-ADD:PC0168	32	32	32	32	32	32	32	32																																						
CO-ADD:0155416	[O-][N+](C1=CC(C)=C(C2=C1)NC(C2=O)=O)=O	Russian Academy of Science (Russia)	A0100/0004312		CO-ADD:PC0168	18.5	32	32	32	32	32	32	32																																						
CO-ADD:0166727	C(C(=O)OCc1ccccc1)(=C(C)OC(=C2C#N)N)C2c3ccc(cc3)Cl	Russian Academy of Science (Russia)	A0511/0023677		CO-ADD:PC0217	32									32	32	32	32	32	32	32																														
CO-ADD:0166738	C1(Nc(c(Nc(cc2)ccc2C(F)(F)F)n3)nc(c34)non4)=C(C)N(N(c5ccccc5)C1=O)C	Russian Academy of Science (Russia)	A0512/0023690		CO-ADD:PC0217	32									32	32	32	32	32	32	32																														
CO-ADD:0166739	c12c(non1)nc(Nc(ccc(c3C)C)c3)c(Nc(cc4)ccc4O)n2	Russian Academy of Science (Russia)	A0512/0023691		CO-ADD:PC0217	6.72									32	32	32	32	32	32	32																														
CO-ADD:0166741	c1(non2)c2nc(NCCO)c(Nc(cc3)ccc3Cl)n1	Russian Academy of Science (Russia)	A0512/0023700		CO-ADD:PC0217	4.7									32	32	32	32	32	32	32																														
CO-ADD:0166752	N1(c2ccc(cc2)C)C(=O)\\C(\\C(C)=N1)=C\\NNC(=O)c3cccc(Br)c3	Russian Academy of Science (Russia)	A0513/0023723		CO-ADD:PC0217	32									32	32	32	32	32	32	32																														
CO-ADD:0166763	N1(c2ccc(cc2)Cl)C(=O)\\C(\\C(C)=N1)=C\\Nc(cc3)ccc3S(=O)(=O)Nc4c(O)ccc(Cl)c4	Russian Academy of Science (Russia)	A0513/0023750		CO-ADD:PC0217	32									32	32	32	32	32	32	32																														
CO-ADD:0166766	N1(CC(O)=O)C(=O)c(cc2)c(c(ccc3[N+](=O)[O-])C1=O)c3c2[N+](=O)[O-]	Russian Academy of Science (Russia)	A0513/0023755		CO-ADD:PC0217	5.87									32	32	32	32	32	32	32																														
CO-ADD:0166485	N1(CNc2cccc(C)c2C)C(=O)\\C(\\SC1=S)=C/c(ccc(c3Cl)Cl)c3	Russian Academy of Science (Russia)	A0503/0023345		CO-ADD:PC0217	32			16						32	32	32	32	32	32						32	32	32					32	32	32																
CO-ADD:0166497	N1(CNc2c(C)ccc(I)c2)C(=O)\\C(\\SC1=O)=C/c(cc3)ccc3C(OC)=O	Russian Academy of Science (Russia)	A0503/0023364		CO-ADD:PC0217	32									32	32	32	32	32	32	32																														
CO-ADD:0166500	N1(CNc(cc2)ccc2C(OCCCC)=O)C(=O)\\C(\\SC1=O)=C/c(cc3)ccc3C(OC)=O	Russian Academy of Science (Russia)	A0503/0023367		CO-ADD:PC0217	32									32	32	32	32	32	32	32																														
CO-ADD:0166517	N1(CNc2ccccc2Br)C(=O)\\C(\\SC1=O)=C/c(cc3)ccc3C(OC)=O	Russian Academy of Science (Russia)	A0504/0023397		CO-ADD:PC0217	32									32	32	32	32	32	32	32																														
CO-ADD:0166519	N1(CNc2ccccc2OC)C(=O)\\C(\\SC1=O)=C/c(cc3)ccc3C(OC)=O	Russian Academy of Science (Russia)	A0504/0023401		CO-ADD:PC0217	32									32	32	32	32	32	32	32																														
CO-ADD:0166525	C(COc(cc1)ccc1CC)(NCCc2ccccc2)=O	Russian Academy of Science (Russia)	A0504/0023415		CO-ADD:PC0217	32									32	32	32	32	32	32	32																														
CO-ADD:0166257	c1(ccc(cc1Cl)Cl)C(=O)Nc(cc2)ccc2I	Russian Academy of Science (Russia)	A0494/0022908		CO-ADD:PC0217	32									32	32	32	32	32	32	32																														
CO-ADD:0166258	S(=O)(=O)(c1ccc(cc1)NC(=O)c2ccc(cc2Cl)Cl)NC(=O)c3ccc(cc3Cl)Cl	Russian Academy of Science (Russia)	A0494/0022914		CO-ADD:PC0217	32									32	32	32	32	32	32	32																														
CO-ADD:0166261	S(=O)(=O)(Nc1ccc(cc1C#N)[N+](=O)[O-])c2cccc3c2cccc3S(=O)(=O)Nc4ccc(cc4C#N)[N+](=O)[O-]	Russian Academy of Science (Russia)	A0494/0022917		CO-ADD:PC0217	0.736									32	32	32	32	32	32	32																														
CO-ADD:0166262	n1(Cc2ccccc2)c3c(cc1CC(=O)Nc4ccccc4)cccc3	Russian Academy of Science (Russia)	A0494/0022919		CO-ADD:PC0217	32									32	32	32	32	32	32	32																														
CO-ADD:0166264	c1(Cl)c(ccc(Cl)c1)OCC(=O)NCc2ccco2	Russian Academy of Science (Russia)	A0494/0022924		CO-ADD:PC0217	2.21									32	32	32	32	32	32	32																														
CO-ADD:0166265	N(c1ccccc1C)(C(=O)C2C3C4OC2C=C4)C3=O	Russian Academy of Science (Russia)	A0494/0022925		CO-ADD:PC0217	4.19									32	32	32	32	32	32	32																														
CO-ADD:0166267	C(=O)(c1cccs1)Nc2cc(C)ccc2OC	Russian Academy of Science (Russia)	A0494/0022928		CO-ADD:PC0217	32									32	32	32	32	32	32	32																														
CO-ADD:0166274	C(=O)(Nc(ccc(c12)OCO1)c2)c3cccs3	Russian Academy of Science (Russia)	A0494/0022939		CO-ADD:PC0217	6.88									32	32	32	32	32	32	32																														
CO-ADD:0166275	C(=O)(c1cccs1)Nc2cccc(Cl)c2C	Russian Academy of Science (Russia)	A0494/0022941		CO-ADD:PC0217	10.3									32	32	32	32	32	32	32																														
CO-ADD:0166278	C(=O)(Nc(cc1)ccc1CC)c2cccs2	Russian Academy of Science (Russia)	A0494/0022944		CO-ADD:PC0217	32									32	32	32	32	32	32	32																														
CO-ADD:0166281	C(=O)(c1cccs1)Nc2c(OC)ccc(Cl)c2	Russian Academy of Science (Russia)	A0495/0022951		CO-ADD:PC0217	32									32	32	32	32	32	32	32																														
CO-ADD:0164917	C[C@@H]1O[C@H](C[C@H](N)[C@@H]1O)O[C@H]1C[C@@](O)(Cc2c(O)c3C(=O)c4ccccc4C(=O)c3c(O)c12)C(C)=O.Cl	NIH (USA) - Clinical Collection	SAM001246676	Idarubicin hydrochloride	CO-ADD:PL0013										10	10	10	10	10	10	5	10																													
CO-ADD:0164939	COc1ccc2[n-]c(nc2c1)S(=O)Cc1ncc(C)c(OC)c1C.COc1ccc2[n-]c(nc2c1)S(=O)Cc1ncc(C)c(OC)c1C.[Mg+2]	NIH (USA) - Clinical Collection	SAM001246538	Esomeprazole magnesium	CO-ADD:PL0013										10	10	10	10	10	10	10	10																													
CO-ADD:0164952	c1cn(cn1)C(c1ccccc1)c1ccc(cc1)-c1ccccc1	NIH (USA) - Clinical Collection	SAM001246775	Bifonazole	CO-ADD:PL0013										10	10	10	10	10	10	10	10																													
CO-ADD:0155478	[O-][N+](C(N=C1)=NN1CC(N/N=C/C2=C(O)C=CC3=C2C=CC=C3)=O)=O	Russian Academy of Science (Russia)	A0103/0004484		CO-ADD:PC0168	32	32	32	32	32	32	32	32																																						
CO-ADD:0166299	c1(C(=O)NCc2ccco2)c(Cl)c3c(cccc3)s1	Russian Academy of Science (Russia)	A0495/0022995		CO-ADD:PC0217	32									32	32	32	32	32	32	32																														
CO-ADD:0166302	c1(sc(c2n1)cccc2)Sc3ccc(\\C=N\\c(ccc(c45)cccc4)c5)o3	Russian Academy of Science (Russia)	A0496/0022999		CO-ADD:PC0217	32									32	32	32	32	32	32	32																														
CO-ADD:0155501	O=C(N(CCCCCCCCCC)CCCCCCCCCC)C1(CCCCC1)C	Russian Academy of Science (Russia)	A0105/0004562		CO-ADD:PC0168	8.85	32	32	8	32	32	32	1																																						
CO-ADD:0155503	S=C(S/1)N(CNC2=CC=C(C(Cl)=C2)Cl)C(C1=C\\C(C(Cl)=C3)=CC=C3Cl)=O	Russian Academy of Science (Russia)	A0105/0004568		CO-ADD:PC0168	32	32	32	32	32	32	32	32																																						
CO-ADD:0166549	C(NCCOc1cc(C)ccc1C(C)C)(=S)Nc2cccc(cccc3)c23	Russian Academy of Science (Russia)	A0505/0023445		CO-ADD:PC0217	32									32	32	32	32	32	32	32																														
CO-ADD:0166563	S(=O)(=O)(c1ccc(cc1)C)N\\N=C\\c(cc2)ccc2C#N	Russian Academy of Science (Russia)	A0505/0023462		CO-ADD:PC0217	32									32	32	32	32	32	32	32																														
CO-ADD:0166575	C(CNc(cc1)ccc1I)(NN)=O	Russian Academy of Science (Russia)	A0505/0023480		CO-ADD:PC0217	32									32	32	32	32	32	32	32																														
CO-ADD:0164762	CCc1oc2ccccc2c1C(=O)c1cc(Br)c(O)c(Br)c1	NIH (USA) - Clinical Collection	SAM001246877	Benzbromarone	CO-ADD:PL0013										10	10	10	10	10	10	10	10																													
CO-ADD:0166324	c1(cc(ccc1Cl)SC)C(NCCOc2ccccc2F)=O	Russian Academy of Science (Russia)	A0496/0023045		CO-ADD:PC0217	32									32	32	32	32	32	32	32																														
CO-ADD:0166327	C(=O)(Nc(cc1)ccc1OCCCCC)c2cccs2	Russian Academy of Science (Russia)	A0497/0023051		CO-ADD:PC0217	32									32	32	32	32	32	32	32																														
CO-ADD:0166346	c1(NNC(C)=O)c(Cl)c(Cl)c(c(Cl)n1)C#N	Russian Academy of Science (Russia)	A0497/0023089		CO-ADD:PC0217	32									32	32	32	2	32	32	32																														
CO-ADD:0166363	c1(O)c(cccc1\\C=N\\NC(CCc2ccccc2)=O)OC	Russian Academy of Science (Russia)	A0498/0023130		CO-ADD:PC0217	32									32	32	32	32	32	32	32																														
CO-ADD:0166366	C(Oc(cccc1C(=O)Nc(cc2)ccc2OCC)c1)(=S)Nc(cc3)ccc3OCC	Russian Academy of Science (Russia)	A0498/0023134		CO-ADD:PC0217	0.617									32	32	32	32	32	32	32																														
CO-ADD:0166367	C(Oc(cccc1C(=O)Nc2cccc(Br)c2)c1)(=S)Nc3cccc(Br)c3	Russian Academy of Science (Russia)	A0498/0023136		CO-ADD:PC0217	32									32	32	32	32	32	32	32																														
CO-ADD:0166368	C(=O)(c1cccc(c1)OC(NCC(C)C)=S)Nc2cccc(Br)c2	Russian Academy of Science (Russia)	A0498/0023141		CO-ADD:PC0217	1.12									32	32	32	32	32	32	32																														
CO-ADD:0164803	Oc1c(Cl)cc(Cl)c2cccnc12	NIH (USA) - Clinical Collection	SAM002554895	Chloroxine	CO-ADD:PL0013										10	10	10	2.5	10	1.25	10	10																													
CO-ADD:0164809	CO[C@]1(NC(=O)Cc2cccs2)[C@H]2SCC(COC(N)=O)=C(N2C1=O)C([O-])=O.[Na+]	NIH (USA) - Clinical Collection	SAM002564251	Cefoxitin sodium	CO-ADD:PL0013										10	10	10	10	10	10	10	10																													
CO-ADD:0164819	[O-][N+](=O)c1ccc(\\C=N\\N2CC(=O)NC2=O)o1	NIH (USA) - Clinical Collection	SAM002554913	Nitrofurantoin	CO-ADD:PL0013										10	10	10	10	10	10	10	10																													
CO-ADD:0164826	CCn1cc(C(O)=O)c(=O)c2ccc(C)nc12	NIH (USA) - Clinical Collection	SAM002554914	Nalidixic acid	CO-ADD:PL0013										10	10	10	10	10	10	10	10																													
CO-ADD:0164827	Cc1nnc(SCC2=C(N3C(SC2)C(NC(=O)Cn2cnnn2)C3=O)C([O-])=O)s1.[Na+]	NIH (USA) - Clinical Collection	SAM002564200	Cefazolin sodium	CO-ADD:PL0013										10	10	10	10	10	10	10	10																													
CO-ADD:0164841	COc1cc(NC(C)CCCN)c2ncccc2c1.OP(=O)(O)O.OP(=O)(O)O	NIH (USA) - Clinical Collection	SAM002589929	Primaquine diphosphate	CO-ADD:PL0013										10	10	10	10	10	10	10	10																													
CO-ADD:0165860	O=[S@]([C@H]([C@@H](C1)C)C[C@@H]2[C@H]1C2(C)C)N[C@H](C(F)(F)C(OCC)=O)C3=C(O)C=CC=C3	Russian Academy of Science (Russia)	RSSD-46		CO-ADD:PC0217	32							16		32	32	32		32		32								8	16	16	8					32	8													
CO-ADD:0165863	[C@@H]1(C[C@@H]2S(=O)NC(C(F)(F)C(=O)OCCC)c(ccc([N+](=O)[O-])c3)c3)[C@@H](C1(C)C)C[C@H]2C	Russian Academy of Science (Russia)	RSSD-50		CO-ADD:PC0217	32									32	32	32	32	32	32	32																														
CO-ADD:0165867	C(=O)(Nc1cccc(Cl)c1)CC(=O)N\\N=C/c(cc2)ccc2O	Russian Academy of Science (Russia)	A0482/0022315		CO-ADD:PC0217	32									32	32	32	32	32	32	32																														
CO-ADD:0165870	S(NCCCC(NCCCCC)=O)(=O)(=O)c(cc1)ccc1[N+](=O)[O-]	Russian Academy of Science (Russia)	A0482/0022320		CO-ADD:PC0217	32									32	32	32	32	32	32	32																														
CO-ADD:0155537	[O-][N+](C1=C(O)N=C(O)N=C1/C=C\\C(C=C2)=CC=C2/C=N/C3=CC=C(N(CC)CC)C=C3)=O	Russian Academy of Science (Russia)	A0107/0004666		CO-ADD:PC0168	16.5	32	32	32	32	32	32	32																																						
CO-ADD:0155539	[O-][N+](C1=CC(Cl)=C(C(Cl)=C1)N/C=C2C(N(C3=CC=CC(Cl)=C3)N=C/2C)=O)=O	Russian Academy of Science (Russia)	A0107/0004670		CO-ADD:PC0168	32	32	32	32	32	32	32	32																																						
CO-ADD:0155545	[O-][N+](C1=C([N+]([O-])=O)C=CC(N/C=C2C(N(C3=CC=CC=C3)N=C\\2C)=O)=C1)=O	Russian Academy of Science (Russia)	A0108/0004686		CO-ADD:PC0168	32	32	32	32	32	32	32	32																																						
CO-ADD:0155547	NC1=NON=C1N=NC2=CC=C(C(/C=N/C3=CC(C(O)=O)=CC=C3)=C2)O	Russian Academy of Science (Russia)	A0108/0004690		CO-ADD:PC0168	32	32	32	32	32	32	32	32																																						
CO-ADD:0155560	BrC1=CC=C(/N=C/C2=C(OC)C=CC3=CC=CC=C23)C4=NC=CC=C41	Russian Academy of Science (Russia)	A0108/0004724		CO-ADD:PC0168	32	32	32	32	32	32	32	16																																						
CO-ADD:0164849	CO[C@@H]1C[C@@H](CC[C@H]1O)\\C=C(/C)[C@H]1OC(=O)[C@@H]2CCCCN2C(=O)C(=O)[C@]2(O)O[C@@H]([C@H](C[C@H]2C)OC)[C@H](C[C@@H](C)CC(C)=C[C@@H](CC=C)C(=O)C[C@H](O)[C@H]1C)OC	NIH (USA) - Clinical Collection	SAM001246677	Tacrolimus	CO-ADD:PL0013										10	10	10		10	10	10	10																													
CO-ADD:0164851	CCOC(=O)C1=C(C)NC(C)=C(C1c1ccccc1\\C=C\\C(=O)OC(C)(C)C)C(=O)OCC	NIH (USA) - Clinical Collection	SAM001246648	Lacidipine	CO-ADD:PL0013										10	10	10	10	10	10	10	10																													
CO-ADD:0164859	CC(=O)N1CCN(CC1)c1ccc(OC[C@H]2CO[C@@](Cn3ccnc3)(O2)c2ccc(Cl)cc2Cl)cc1	NIH (USA) - Clinical Collection	SAM001246983	Ketoconazole	CO-ADD:PL0013										10	10	10	2.5	10	0.1563	10	10																													
CO-ADD:0164865	CCC(C)n1ncn(-c2ccc(cc2)N2CCN(CC2)c2ccc(OCC3COC(Cn4cncn4)(O3)c3ccc(Cl)cc3Cl)cc2)c1=O	NIH (USA) - Clinical Collection	SAM001246679	Itraconazole	CO-ADD:PL0013										10	10	10	0.1563	10		10	10																													
CO-ADD:0155575	O=C(N(N=C1C)C2=CC=C(C)C=C2)C31C4(C(N(N=C4C)C(C=C5)=CC=C5C)=O)C3C6=CC=CC=C6Cl	Russian Academy of Science (Russia)	A0087/0003665		CO-ADD:PC0168	32	32	32	32	32	32	32	32																																						
CO-ADD:0155594	BrC1=CC=C(C=C1)/C=N/C2=NC(C3=C4C=CC=C3)=C(C=C4)S2	Russian Academy of Science (Russia)	A0091/0003900		CO-ADD:PC0168	32	32	32	32	32	32	32	32																																						
CO-ADD:0166610	c1(OC)c(OC)ccc(\\C=N\\NC(COc2cccc(C)c2)=O)c1OC	Russian Academy of Science (Russia)	A0506/0023535		CO-ADD:PC0217	32									32	32	32	32	32	32	32																														
CO-ADD:0166613	c1(sc(c2n1)cccc2)NC(c3ccccc3)=O	Russian Academy of Science (Russia)	A0507/0023538		CO-ADD:PC0217	7.28									32	32	32	32	32	32	32																														
CO-ADD:0166623	C(CNc(cc1)ccc1I)(=O)N\\N=C\\c(ccc(c2OC)O)c2	Russian Academy of Science (Russia)	A0507/0023549		CO-ADD:PC0217	32									32	32	32	32	32	32	32																														
CO-ADD:0166628	C(CNc1ccccc1)(=O)N\\N=C\\c2cccc(OC)c2O	Russian Academy of Science (Russia)	A0507/0023555		CO-ADD:PC0217	7.73									32	32	32	32	32	32	32																														
CO-ADD:0165836	c12c(cccc1)c(OC)cc(C(c3c(N)non3)=NC(C)(C)C4)c24	Russian Academy of Science (Russia)	YuR-2		CO-ADD:PC0217	32									32	32	32	32	32	32	32																														
CO-ADD:0165846	[C@@H]1(C[C@@H]2S(=O)\\N=C\\c(ccc([N+](=O)[O-])c3)c3)[C@@H](C1(C)C)C[C@H]2C	Russian Academy of Science (Russia)	RSSD-32		CO-ADD:PC0217	32									32	32	32	32	32	32	32																														
CO-ADD:0165847	[C@@H]1(C[C@@H]2S(=O)NC(C(F)(F)F)c(ccc([N+](=O)[O-])c3)c3)[C@@H](C1(C)C)C[C@H]2C	Russian Academy of Science (Russia)	RSSD-33		CO-ADD:PC0217	32									32	32	32	32	32	32	32																														
CO-ADD:0165849	[C@@H]1(C[C@@H]2S(=O)\\N=C\\c(cc(Br)cc3)c3O)[C@@H](C1(C)C)C[C@H]2C	Russian Academy of Science (Russia)	RSSD-35		CO-ADD:PC0217	32									32	32	32	32	32	32	32																														
CO-ADD:0165850	[C@@H]1(C(C)(C)[C@H](C1)[C@H]2CO)C[C@H]2S\\N=C\\c(ccc([N+](=O)[O-])c3)c3	Russian Academy of Science (Russia)	RSSD-36		CO-ADD:PC0217	32									32	32	32	32	32	32	32																														
CO-ADD:0165852	[C@@H]1(C[C@@H]2S(=O)NC(C(F)(F)F)c(cccc3)c3O)[C@@H](C1(C)C)C[C@H]2C	Russian Academy of Science (Russia)	RSSD-38		CO-ADD:PC0217	2									32	32	32	32	32	32	32																														
CO-ADD:0166714	C1(C#N)(C#N)C(c(cc2)ccc2C(C)C)C(C3)C(C(C#N)=C1N)=CCN3C.C(=O)O	Russian Academy of Science (Russia)	A0511/0023663		CO-ADD:PC0217	32									32	32	32	32	32	32	16																														
CO-ADD:0166716	C1(C#N)(C#N)[C@@H](c2ccc(cc2)Cl)[C@]([H])(C3)C(C(C#N)=C1N)=CCN3C(C)C	Russian Academy of Science (Russia)	A0511/0023665		CO-ADD:PC0217	32									32	32	32	32	32	32	32																														
CO-ADD:0166717	C1(C#N)(C#N)C(c2ccc(cc2)C)C(C3)C(C(C#N)=C1N)=CCN3C(C)C	Russian Academy of Science (Russia)	A0511/0023666		CO-ADD:PC0217	32									32	32	32	32	32	32	32																														
CO-ADD:0166375	C(=O)(N\\N=C\\c(cc1)ccc1O)c2ccc(cc2)COc(cc3)ccc3C	Russian Academy of Science (Russia)	A0499/0023154		CO-ADD:PC0217	32									32	32	32	32	32	32	32																														
CO-ADD:0166377	C(CSCc1ccccc1Cl)(=O)N\\N=C\\c(cc2)ccc2OCc(cc3)ccc3C	Russian Academy of Science (Russia)	A0499/0023161		CO-ADD:PC0217	32									32	32	32	32	32	32	32																														
CO-ADD:0166648	c12c(c(nn1c3ccccc3)C)C(C(C#N)=C(N)O2)c4cccc(c4)OCc5ccccc5	Russian Academy of Science (Russia)	A0508/0023593		CO-ADD:PC0217	32									32	32	32	32	32	32	32																														
CO-ADD:0166649	C(C(=O)OC(C)C)(C1c2ccc(cc2)Cl)=C(N)OC(CCCC3=O)=C13	Russian Academy of Science (Russia)	A0508/0023594		CO-ADD:PC0217	12.8									32	32	32	32	32	32	32																														
CO-ADD:0166653	C1(C2c3ccc(cc3)OCC=C)=C(c4c(cccc4)OC1=O)OC(N)=C2C#N	Russian Academy of Science (Russia)	A0508/0023598		CO-ADD:PC0217	5.34									32	32	32	32	32	32	32																														
CO-ADD:0165880	C(=O)(c1cccc(c1)OC(NCC=C)=S)Nc2cccc(cccc3)c23	Russian Academy of Science (Russia)	A0482/0022343		CO-ADD:PC0217	32									32	32	32	32	32	32	32																														
CO-ADD:0165891	C(=S)(Oc(cccc1C(=O)Nc(cc2)ccc2Br)c1)N3CCCCC3	Russian Academy of Science (Russia)	A0482/0022358		CO-ADD:PC0217	32									32	32	32	32	32	32	32																														
CO-ADD:0165893	C(=N/Nc1ccccc1[N+](=O)[O-])(/C(=O)NC(N2)=O)\\C2=O	Russian Academy of Science (Russia)	A0483/0022361		CO-ADD:PC0217	32									32	32	32	32	32	32	32																														
CO-ADD:0165905	C(Oc(cccc1C(=O)Nc(cc2)ccc2Br)c1)(=S)Nc3cccc(C)c3C	Russian Academy of Science (Russia)	A0483/0022379		CO-ADD:PC0217	32									32	32	32	32	32	32	32																														
CO-ADD:0166781	N1(c2ccc(cn2)Br)C(=O)c3c(c(c4)C1=O)c(ccc3)c(c4[N+](=O)[O-])Br	Russian Academy of Science (Russia)	A0514/0023782		CO-ADD:PC0217	32									32	32	32	32	32	16	32																														
CO-ADD:0166782	N1(c2cccc(c2)[N+](=O)[O-])C(=O)c3c(c(c4)C1=O)c(ccc3)c(c4[N+](=O)[O-])Br	Russian Academy of Science (Russia)	A0514/0023783		CO-ADD:PC0217	11.1									32	32	32	32	32	32	32																														
CO-ADD:0166788	c1(ncnc2N\\N=C\\c3ccc(cc3O)OCC)c2c4c(CCCC4)s1	Russian Academy of Science (Russia)	A0514/0023790		CO-ADD:PC0217	8.86									32	32	32	32	32	32	32																														
CO-ADD:0157346	S=C(S/1)N(CN(CCCC)CCCC)C(C1=C\\C(C=C2)=CC=C2Cl)=O	Russian Academy of Science (Russia)	A0211/0009462		CO-ADD:PC0179	32	32	32	32	32	32	32	32																																						
CO-ADD:0157353	C1(C(C=C2)=CC=C2/N=C/C3=CC=CC=C3)=NC(C=C4)=C(C=C4/N=C/C5=CC=CC=C5)N1	Russian Academy of Science (Russia)	A0212/0009474		CO-ADD:PC0179	32	32	32	32	32	32	32	32																																						
CO-ADD:0158370	[O-][N+](C1=CC=C(C(/C=N/NC(C(C=C2)=CC=C2NC(C3=CC=C(OC)C=C3)=O)=O)=C1)O)=O	Russian Academy of Science (Russia)	A0289/0013161		CO-ADD:PC0179	12.4	32	32	32	32	32	32	32																																						
CO-ADD:0155060	ClC1=NSS/C1=N\\C(N=C2)=CC=C2C	Russian Academy of Science (Russia)	A0070/0002940		CO-ADD:PC0168	8.75	32	32	32	32	32	32	16																																						
CO-ADD:0155064	[N+]1(C2=NON=C2N3CCOCC3)=NC4=NON=C4[N-]1	Russian Academy of Science (Russia)	A0070/0002945		CO-ADD:PC0168	11.2	32	32	8	32	32	4	0.5																																						
CO-ADD:0155070	O=C(C)O[C@@H]([C@H](SC1=NC=CC=C1)O[C@H]2C)[C@H](OC(C)=O)[C@H]2OC(C)=O	Russian Academy of Science (Russia)	A0071/0002955		CO-ADD:PC0168	32	32	32	32	32	32	32	32																																						
CO-ADD:0156120	O=C(N/N=C/C1=CC(OC)=C(O)C=C1)C(NCC(C)C)=O	Russian Academy of Science (Russia)	A0150/0006684		CO-ADD:PC0168	32	32	32	32	32	32	32	16																																						
CO-ADD:0156135	O=C(S/1)NC(C1=C\\C2=CC=CC(F)=C2)=O	Russian Academy of Science (Russia)	A0152/0006754		CO-ADD:PC0168	32	32	32	32	32	32	32	8																																						
CO-ADD:0154779	O=C(C1=CC=C(F)C=C1)NC2=NC=NN2	Russian Academy of Science (Russia)	A0004/0000177		CO-ADD:PC0168	32	32	32	32	32	32	16	32																																						
CO-ADD:0155874	ClC1=CC(C2=CSC(NC3=CC=C(C=C3)C4=CC=CC=C4)=N2)=CC=C1Cl.Br	Russian Academy of Science (Russia)	A0126/0005595		CO-ADD:PC0168	32	32	32	32	32	32	16	16																																						
CO-ADD:0156337	O=C1/C(C2=CC(C)=CC=C2N1C)=N\\NC(C3=CC=C(Br)C=C3)=O	Russian Academy of Science (Russia)	A0166/0007432		CO-ADD:PC0168	32	32	32	32	32	32	32	32																																						
CO-ADD:0156345	O=C(N1C)/C(C2=C1C=CC(C)=C2)=N/NC(C(C=C3)=CC=C3Cl)=O	Russian Academy of Science (Russia)	A0166/0007442		CO-ADD:PC0168	32	32	32	32	32	32	32	32																																						
CO-ADD:0157657	N#CC1=C(SCC(NC2=C(I)C=C(C)C=C2)=O)N=C(C3=CC=CS3)C=C1C4=CC=C(Cl)C=C4	Russian Academy of Science (Russia)	A0237/0010646		CO-ADD:PC0179	32	32	32	32	32	32	32	4	32												32	32	32	32	32	32	32																			
CO-ADD:0157666	S=C(NC1=O)NC(C1=CC(C=C2)=CC=C2Br)=O	Russian Academy of Science (Russia)	A0237/0010659		CO-ADD:PC0179	32	32	32	32	32	32	32	32																																						
CO-ADD:0157382	O=C(N/N=C/C=C(O)/C1=CC=C(C)C=C1)C2=CC=C(C)C=C2	Russian Academy of Science (Russia)	A0214/0009597		CO-ADD:PC0179	32	32	32	32	32	32	32	16																																						
CO-ADD:0158691	[O-][N+](C1=CC=C(/C=N/NC(CC(N/N=C/C2=CC=C([N+]([O-])=O)S2)=O)=O)S1)=O	Russian Academy of Science (Russia)	A0307/0014026		CO-ADD:PC0179	22	32	32	32	32	32	32	32																																						
CO-ADD:0158693	O=C(N/N=C/C1=CC=CC(OC(C2=CC=CC(F)=C2)=O)=C1)/C(NC(C3=CC=CC=C3)=O)=C\\C4=CC=C(C=C4)N(C)C	Russian Academy of Science (Russia)	A0307/0014034		CO-ADD:PC0179	32	32	32	32	32	32	32	32																																						
CO-ADD:0158727	ClC1=NC(N(C)C)=NC(N(C)C)=N1	Russian Academy of Science (Russia)	A0309/0014125		CO-ADD:PC0179	32	32	32	32	32	32	32	32																																						
CO-ADD:0159835	N#CSC(/C=C/C1=CC=CC=C1)=O	Russian Academy of Science (Russia)	A0319/0014595		CO-ADD:PC0186	32	32	32	32	32	32	32	32																																						
CO-ADD:0155114	N#CC1=C(N)NC(C(C(N)=O)C1C2=CC=CC=C2)=S	Russian Academy of Science (Russia)	A0040/0001636		CO-ADD:PC0168	32	32	32	32	32	32	32	2																																						
CO-ADD:0157420	O=C(/C1=C/C2=C(OC)C(Cl)=CC(Cl)=C2)N(N=C1C)C3=CC(F)=CC=C3	Russian Academy of Science (Russia)	A0217/0009756		CO-ADD:PC0179	32	32	32	32	32	32	32	32																																						
CO-ADD:0154815	SC1=NN=C(C2=CC=C(OC)C=C2)O1	Russian Academy of Science (Russia)	A0008/0000389		CO-ADD:PC0168	32	32	32	32	32	32	32	4																																						
CO-ADD:0154827	FC(C(F)(F)F)(C(NCCCCCCCCCCCCCCCCCC)=O)OC(F)(F)C(F)(F)C(F)(F)F	Russian Academy of Science (Russia)	A0010/0000483		CO-ADD:PC0168	32	32	32	32	32	32	32	32																																						
CO-ADD:0155175	O=C(C1=CC=C(Cl)C=C1)N(C(C2=CC=CC=C2)(O)C3)N=C3C(F)(F)F	Russian Academy of Science (Russia)	A0052/0002196		CO-ADD:PC0168	32	32	32	32	32	32	32	32																																						
CO-ADD:0155965	[O-][N+](C1=CC=C(C(NCCN(C)C)=O)O1)=O.Cl	Russian Academy of Science (Russia)	A0136/0005968		CO-ADD:PC0168	9.59	32	32	32	32	32	32	32																																						
CO-ADD:0156402	[O-][N+](C(C(N=NN1)=C1C(Br)=C2[N+]([O-])=O)=C2Br)=O	Russian Academy of Science (Russia)	A0168/0007570		CO-ADD:PC0168	32	32	32	32	32	32	32	32																																						
CO-ADD:0157745	OC1=C(CN2CCCC2)C=C(COC)C3=CC=CN=C13	Russian Academy of Science (Russia)	A0241/0010821		CO-ADD:PC0179	32	32	32	32	32	32	32	16																																						
CO-ADD:0157746	OC1=C2N=CC=CC2=C(COC)C=C1CN3CCN(C)CC3	Russian Academy of Science (Russia)	A0241/0010823		CO-ADD:PC0179	32	32	32	32	32	32	32	8																																						
CO-ADD:0155681	O=C(C1=CC(OC)=C(OC)C=C1)NCC(N/N=C/C2=CC=C(O2)C3=C(Cl)C=CC(Cl)=C3)=O	Russian Academy of Science (Russia)	A0109/0004766		CO-ADD:PC0168	32	32	32	32	32	32	32	32																																						
CO-ADD:0155252	OC(C1=CC=CC=C1)(C2=CC=CC=C2)C#CC(O)C3=CC=C(C)O3	Russian Academy of Science (Russia)	A0066/0002828		CO-ADD:PC0168	1.21	32	32	32	32	32	32	16																																						
CO-ADD:0156431	ClC1=CC(Cl)=CC(/C=N/C2=C(O)C=CC(C)=C2)=C1O	Russian Academy of Science (Russia)	A0170/0007658		CO-ADD:PC0168	32	32	32	32	32	32	32	32																																						
CO-ADD:0156434	O=C(C1=CC=CC2=C1C3=CC=C2)N(C4=CC=C5NC(NC5=C4)=O)C3=O	Russian Academy of Science (Russia)	A0170/0007662		CO-ADD:PC0168	32	32	32	32	32	32	32	8																																						
CO-ADD:0157445	O=C(C1=CC2=CC=C(C3=CC=C(Cl)C=C3)O2)NC(NC1=O)=O	Russian Academy of Science (Russia)	A0219/0009827		CO-ADD:PC0179	9.11	32	32	32	32	32	16	2																																						
CO-ADD:0155688	S=C(S/1)N(CNC2=CC=CC(F)=C2)C(C1=C/C3=CC=C(C=C3)C(OC)=O)=O	Russian Academy of Science (Russia)	A0110/0004781		CO-ADD:PC0168	32	32	32	32	32	32	32	32																																						
CO-ADD:0155692	O=C(NCCCCCCCCCCCC)CCC1=CC=C(C)O1	Russian Academy of Science (Russia)	A0110/0004789		CO-ADD:PC0168	17.5	32	32	32	32	32	32	32																																						
CO-ADD:0158542	[O-][N+](C1=CC(/C=N/NC(CN2N=NC3=C2C=CC=C3)=O)=C(O)C=C1)=O	Russian Academy of Science (Russia)	A0298/0013573		CO-ADD:PC0179	32	32	32	32	32	32	32	32																																						
CO-ADD:0154882	S=C(S/1)NC(C1=C/C2=CC=CO2)=O	Russian Academy of Science (Russia)	A0025/0001161		CO-ADD:PC0168	32	32	32	32	32	32	32	0.5																																						
CO-ADD:0154890	NNC1=NC2=NON=C2N=C1NN	Russian Academy of Science (Russia)	A0026/0001230		CO-ADD:PC0168	32	32	32	32	32	32	32	16																																						
CO-ADD:0154899	O=S(C1=CC=C(N)C=C1)(O)=O.NC2=NC=NN2	Russian Academy of Science (Russia)	A0027/0001265		CO-ADD:PC0168	32	32	32	32	32	32	16	32																																						
CO-ADD:0154911	N#CC1=C(SC(N)=C(C#N)C1C2=CC=C3OCOC3=C2)N	Russian Academy of Science (Russia)	A0028/0001305		CO-ADD:PC0168	32	32	32	32	32	32	32	32																																						
CO-ADD:0154918	N#CC1=C(C(F)(F)F)C=C(C2=CC=CS2)NC1=O	Russian Academy of Science (Russia)	A0028/0001314		CO-ADD:PC0168	32	32	32	32	32	32	32	32																																						
CO-ADD:0155992	[O-][N+](C1=C(C)C=CC(C(SC2)NC2C(O)=O)=C1)=O	Russian Academy of Science (Russia)	A0139/0006145		CO-ADD:PC0168	32	32	32	32	32	32	32	32																																						
CO-ADD:0159667	CC1=C(C=C(C)N1C2=CC=C(OC)C=C2)CN(CC3)CCC43C5=C(SC=C5)CCO4	Open Source Malaria	OSTBS21		CO-ADD:PC0181	32	32	32	32	32	32	32	32																																						
CO-ADD:0154599	CC1=CC=C(N=C(Cl)C(/C=N/O)=C2)C2=C1	IQOG CSIS (Spain)	MC624		CO-ADD:PC0167	32	32	32	32	32	32	32	32																																						
CO-ADD:0154603	CC1=CC=C(N=C(Cl)C(/C=N/CC2=CC=CC=C2)=C3)C3=C1	IQOG CSIS (Spain)	MC628		CO-ADD:PC0167	32	32	32	32	32	32	32	32																																						
CO-ADD:0155994	[O-][N+](C1=CC=C(C(C(SC2)NC2C(O)=O)=C1)C)=O	Russian Academy of Science (Russia)	A0139/0006152		CO-ADD:PC0168	32	32	32	32	32	32	32	32																																						
CO-ADD:0156011	O=C(/C1=N\\CCCCCCCCCCCCCCCC)N(C2=C1C=CC=C2)C(C3=CC=CC=C3C(O)=O)=O	Russian Academy of Science (Russia)	A0141/0006213		CO-ADD:PC0168	32	32	32	32	32	32	32	4																																						
CO-ADD:0156049	S=C(O1)N(CN(CCC)CCC)C2=C1C=CC=C2	Russian Academy of Science (Russia)	A0147/0006505		CO-ADD:PC0168	32	32	32	32	32	32	32	32																																						
CO-ADD:0156480	[O-][N+](C1=CC([N+]2=NOC([O-])=N2)=CC=C1)=O	Russian Academy of Science (Russia)	A0172/0007742		CO-ADD:PC0168	32	32	32	32	32	32	4	1	32											32	32	32	32	8	16	2	4	32	32		32	32	32	32	32	32										
CO-ADD:0156482	[O-]C1=N[N+](C(C=C2)=CC=C2Cl)=NO1	Russian Academy of Science (Russia)	A0172/0007745		CO-ADD:PC0168	32	16	32	32	32	32	16	32	32											32	32	32	32	32	4	16	8	32	32		32	32	32	16	32	32										
CO-ADD:0153064	CC(C)CCC1=C(C(NCCCN(C)C)=O)N=C(NC(C2=CC(NC(C3=CC(NC(C4=C(C(F)(F)F)N=C(N)S4)=O)=CN3C)=O)=CN2C)=O)S1.OC(C(F)(F)F)=O	University of Strathclyde (UK)	FS-5/36		CO-ADD:PC0154	2.48	32	32	8	32	32	32	32																																						
CO-ADD:0153066	CC(C)CCC1=C(C(NCCCN(C)C)=O)N=C(NC(C2=CC(NC(C3=CC(NC(CCC(OC)=O)=O)=CN3C)=O)=CN2C)=O)S1	University of Strathclyde (UK)	FS-5/37		CO-ADD:PC0154	32	32	32	32	32	32	32	32																																						
CO-ADD:0153071	CN1C=C(NC(C(C=C2)=CC=C2/C=C/C3=CC(OC)=CC=C3)=O)C=C1C(NC4=CN(C(C)C)C(C(NCCN5CCOCC5)=O)=C4)=O.OC(C(F)(F)F)=O	University of Strathclyde (UK)	FS-4/60		CO-ADD:PC0154	4.31	32	32	32	32	32	32	32																																						
CO-ADD:0153084	CN1C=C(NC(C(C=C2)=CC=C2/C=C/C3=CC=CC(OC)=C3)=O)C=C1C(NC4=CN(C)C(C(NCCN5CCOCC5)=O)=C4)=O.OC(C(F)(F)F)=O	University of Strathclyde (UK)	AIK-20/47(15)		CO-ADD:PC0154	3.75	32	32	32	32	32	32	32																																						
CO-ADD:0153089	CN1C=C(NC(C2=CC(NC(C3=NC=C(C=CC=C4)C4=C3)=N)=CN2C)=O)C=C1C(NC5=CN(C)C(C(NCCCN(C)C)=O)=C5)=O.OC(C(F)(F)F)=O.OC(C(F)(F)F)=O	University of Strathclyde (UK)	AIK-19/20(4)		CO-ADD:PC0154	32	32	32	32	32	32	32	8																																						
CO-ADD:0153091	CN1C=C(NC(C2=CC(NC(C3=NC=C(C=CC=C4)C4=C3)=O)=CN2C)=O)C=C1C(NC5=NC(C(NCCN6CCOCC6)=O)=C(C(C)C)S5)=O.OC(C(F)(F)F)=O	University of Strathclyde (UK)	AIK-18/97/1(9)		CO-ADD:PC0154	32	32	32	32	32	32	32	32																																						
CO-ADD:0153093	O=C(NC1=CN(C)C(C(NC2=CN(C)C(C(NCCN3CCOCC3)=O)=C2)=O)=C1)C(C=C4)=CC=C4/C=C/C5=CC=C(F)C=C5.OC(C(F)(F)F)=O	University of Strathclyde (UK)	AIK-20/78/2(3)		CO-ADD:PC0154	32	32	32	32	32	32	32	32																																						
CO-ADD:0153095	CN1C=C(NC(C2=CC=C(/C=C/C3=CC=C4C(C=CC=C4)=C3)C=C2)=O)C=C1C(NC5=CN(C)C(C(NCCN6CCOCC6)=O)=C5)=O.OC(C(F)(F)F)=O	University of Strathclyde (UK)	AIK-20/8/1(3)		CO-ADD:PC0154	32	32	32	32	32	32	16	32																																						
CO-ADD:0153097	O=C(C1=CC(NC([H])=O)=CN1C)NC2=CN(C(C)C)C(C(NC3=CN(C)C(C(NCCCN(C)C)=O)=C3)=O)=C2.OC(C(F)(F)F)=O	University of Strathclyde (UK)	AIK-19/75(7)		CO-ADD:PC0154	32	32	32	32	32	32	32	32																																						
CO-ADD:0153106	CN1C=C(NC(C2=CC(NC(C)=N)=CN2C)=O)C=C1C(NC3=CN(C)C(C(NCCCN(C)C)=O)=C3)=O.OC(C(F)(F)F)=O.OC(C(F)(F)F)=O	University of Strathclyde (UK)	AIK-18/73/3(7)		CO-ADD:PC0154	32	32	32	32	32	32	32	32																																						
CO-ADD:0153108	CN1C=C(NC(C2=CC(NC(C3=CN=C(C=CC=C4)C4=C3)=N)=CN2C)=O)C=C1C(NC5=CN(CCC(C)C)C(C(NCCCN(C)C)=O)=C5)=O.OC(C(F)(F)F)=O.OC(C(F)(F)F)=O	University of Strathclyde (UK)	AIK-30/44(6)		CO-ADD:PC0154	11.6	32	32	32	32	32	32	8																																						
CO-ADD:0153110	CN1C=C(NC(C2=CC(NC(N)=N)=CN2C)=O)C=C1C(NC3=CN(CCC(C)C)C(C(NCCCN(C)C)=O)=C3)=O.OC(C(F)(F)F)=O.OC(C(F)(F)F)=O	University of Strathclyde (UK)	AIK-30/41(4)		CO-ADD:PC0154	32	32	32	32	32	32	32	32																																						
CO-ADD:0157564	[N+]1(C2=NON=C2N3CCCCC3)=NC4=NON=C4[N-]1	Russian Academy of Science (Russia)	A0230/0010375		CO-ADD:PC0179	2.1	32	32		32	32																																								
CO-ADD:0158560	[O-][N+](C1=CC(Br)=C(O)C(/C=N/NC(COC(C(Br)=C2)=CC=C2Cl)=O)=C1)=O	Russian Academy of Science (Russia)	A0299/0013612		CO-ADD:PC0179	32	32	32	32	32	32	32	32																																						
CO-ADD:0156058	[O-][N+](C1=CC(/C=N/C2=CC=C(C=C2)C(O3)=NC4=C3C=CC(C)=C4)=C(O)C=C1)=O	Russian Academy of Science (Russia)	A0147/0006536		CO-ADD:PC0168	32	32	32	32	32	32	32	32																																						
CO-ADD:0156073	[O-][N+](C1=CC(/C=N/C2=CC=C(C=C2)C3=NC(C=CC=C4)=C4N3)=C(O)C=C1)=O	Russian Academy of Science (Russia)	A0148/0006560		CO-ADD:PC0168	32	32	32	32	32	32	32	16	32												32	32	32	32	2	16	32																			
CO-ADD:0159731	S=C(O1)N(CN2CCOCC2)N=C1C3=CC=CC=C3Cl	Russian Academy of Science (Russia)	A0313/0014338		CO-ADD:PC0186	32	32	32	32	32	32	32	1																																						
CO-ADD:0159752	S=C(O1)N(CN2CCCCC2)C3=C1C=C(Cl)C=C3	Russian Academy of Science (Russia)	A0315/0014428		CO-ADD:PC0186	32	32	32	32	32	32	16	16																																						
CO-ADD:0156098	O=C(C(C1=CC=CC=C1)C2=CC=CC=C2)N/N=C/C3=CC=C(N(C)C)O3	Russian Academy of Science (Russia)	A0149/0006603		CO-ADD:PC0168	4.43	32	32	32	32	32	32	32																																						
CO-ADD:0156108	N#CC1=CC=CC=C1OCC(N/N=C/C2=CC([N+]([O-])=O)=CC=C2O)=O	Russian Academy of Science (Russia)	A0149/0006624		CO-ADD:PC0168	32	32	32	32	32	32	32	32																																						
CO-ADD:0154223	OC(C=CC=C1)=C1C2=CC3=CC=CC=C3N2	University of Central Lancashire (UK)	TJS-209		CO-ADD:PC0165	0.256	32	32	32	32	32	32	32																																						
CO-ADD:0155275	O/C(C1=CC=C(OC)C=C1)=C\\C=N\\CC2=CC=CO2	Russian Academy of Science (Russia)	A0074/0003052		CO-ADD:PC0168	18.1	32	32	32	32	32	32	0.5																																						
CO-ADD:0157573	[O-][N+](C(N=N1)=NN1CC(C2=CC=CC=C2)=O)=O	Russian Academy of Science (Russia)	A0231/0010428		CO-ADD:PC0179	6.5	32	32	8	32	32	32	16	32												8	8	8	32	32	8	16	8	32			32	32													
CO-ADD:0157580	[O-][N+](C1=C(NCCN(CC)CC)C=CC2=NSN=C12)=O	Russian Academy of Science (Russia)	A0232/0010446		CO-ADD:PC0179	19.7	32	32	32	32	32	32	16																																						
CO-ADD:0155810	O=C(/C1=C\\C2=CC=CC=C2Cl)N3C(S1)=NC4=C3C=CC=C4	Russian Academy of Science (Russia)	A0122/0005399		CO-ADD:PC0168	32	32	32	32	32	32	32	8																																						
CO-ADD:0155836	O=C(C1=CC(C)=CC=C1)NC2=CC=C(C=C2)C(NCCCCCCCCCCCC)=O	Russian Academy of Science (Russia)	A0124/0005482		CO-ADD:PC0168	32	32	32	32	32	32	32	32																																						
CO-ADD:0153051	NC1=C(CN2N=NC(CCOS(=O)(C)=O)=C2)C=NC(C)=N1	University of Strathclyde (UK)	FS-3/52		CO-ADD:PC0154	32	32	32	32	32	32	1	2																																						
CO-ADD:0155018	N#CC1=C([C-](C#N)C#N)NC(C2CC2)(O)C(C1C3=CC=CC=C3)[N+](C=CC=C4)=C4C	Russian Academy of Science (Russia)	A0036/0001527		CO-ADD:PC0168	32	32	32	32	32	32	32	32																																						
CO-ADD:0155051	C12=NON=C1/N=N/C3=NON=C3/N=N/C4=NON=C4/N=N/C5=NON=C5/N=N/2	Russian Academy of Science (Russia)	A0069/0002918		CO-ADD:PC0168	0.852	32	32	16	32	32	0.5																																							
CO-ADD:0155055	O=C(O)CCC1=NC(C2=CC=C(Cl)C=C2)=NO1	Russian Academy of Science (Russia)	A0069/0002925		CO-ADD:PC0168	32	32	32	32	32	32	32	32																																						
CO-ADD:0155141	[O-][N+](C1=C(O)C(/C=N/C2=CC(N=C(C3=CC=NC=C3)O4)=C4C=C2)=CC=C1)=O	Russian Academy of Science (Russia)	A0043/0001792		CO-ADD:PC0168	32	32	32	32	32	32	32	32																																						
CO-ADD:0159772	O=S(NC1C(Br)=C(C(O1)=O)Br)(C(C=CC=C2)=C2C)=O	Russian Academy of Science (Russia)	A0316/0014476		CO-ADD:PC0186	32	32	32	32	32	32	32	4																																						
CO-ADD:0159791	O=C(S/1)N(CNC2=CC=CC(C)=C2)C(C1=C\\C3=CC=CC(F)=C3)=O	Russian Academy of Science (Russia)	A0317/0014516		CO-ADD:PC0186	32	32	32	32	32	32	32	32																32	32	32	32					32	32													
CO-ADD:0159792	O=C(S/1)N(CNC(C=C2)=CC=C2C)C(C1=C/C3=CC(F)=CC=C3)=O	Russian Academy of Science (Russia)	A0317/0014517		CO-ADD:PC0186	32	32	32	32	32	32	16	8																32	32	16	32					32	32													
CO-ADD:0161896	n1c2c([nH]c1c3ccc(cc3)\\N=C\\c(cc4)ccc4Cl)ccc(c2)\\N=C\\c(cc5)ccc5Cl	Russian Academy of Science (Russia)	A0416/0019240		CO-ADD:PC0197	32	32	32	32	32	32	32	32																																						
CO-ADD:0161911	[N+](=O)([O-])c(ccc(c1\\C=N\\NC(COc2cccc(cccc3)c23)=O)N(CCCC)CC)c1	Russian Academy of Science (Russia)	A0417/0019259		CO-ADD:PC0197	19.4	32	32	32	32	32	32	32																																						
CO-ADD:0161938	c1(ccccc1C(NCCCCCCCCCCCCCCCCCC)=O)C(c2ccccc2)=O	Russian Academy of Science (Russia)	A0418/0019304		CO-ADD:PC0197	16.3	32	32	4	32	32	32	2																																						
CO-ADD:0161941	[N+](=O)([O-])c(cc1Cl)cc(c1NC(=O)c2ccc(cc2)NC(C)=O)Cl	Russian Academy of Science (Russia)	A0418/0019307		CO-ADD:PC0197	32	32	32	32	32	32	32	32																																						
CO-ADD:0164003	O=C(N1N(S(=O)(C2=CC=C([N+]([O-])=O)C=C2)=O)CC(C)C1=O)OC(C)(C)C	Biotechnology Research Centre (C.R.B.t) (Algeria)	CRUB 11		CO-ADD:PC0202	6.8	32	32	32	32	32	32	32																																						
CO-ADD:0164009	O=C(N1OC(O)C(C)C1)OCC2=CC=CC=C2	Biotechnology Research Centre (C.R.B.t) (Algeria)	CRUB 17		CO-ADD:PC0202	32	32	32	32	32	32	32	32																																						
CO-ADD:0164021	O=C(N1OC(O)C(CCCCCCC)C1)OCC2=CC=CC=C2	Biotechnology Research Centre (C.R.B.t) (Algeria)	CRUB 29		CO-ADD:PC0202	32	32	32	32	32	32	32	32																																						
CO-ADD:0161985	[N+](=O)([O-])c(cc(cc1[N+](=O)[O-])C(=O)N\\N=C\\CCCCCCCCCC)c1	Russian Academy of Science (Russia)	A0419/0019383		CO-ADD:PC0197	32	32	32	32	32	32	32	32																																						
CO-ADD:0163034	[nH]1c(cccc2)c2c(CCNCCC(c3ccccc3)c4ccc(cc4)O)c1.Cl	Russian Academy of Science (Russia)	A0385/0017697		CO-ADD:PC0200	3.89	32	32	16	32	32	32	16																																						
CO-ADD:0165976	[N+](=O)([O-])c1ccccc1\\C=N\\NC(=O)c2ccc(cc2)COc(cc3)ccc3C	Russian Academy of Science (Russia)	A0484/0022412		CO-ADD:PC0217	32									32	32	32	32	32	32	32																														
CO-ADD:0165988	c1(O)c(cccc1\\C=N/NC(CCCc(ccc(c2C)O)c2)=O)OC	Russian Academy of Science (Russia)	A0484/0022427		CO-ADD:PC0217	32									32	32	32	32	32	32	32																														
CO-ADD:0166024	C(N(CCC)CCC)(=S)Oc(cccc1C(=O)Nc(cc2)ccc2C)c1	Russian Academy of Science (Russia)	A0486/0022549		CO-ADD:PC0217	32									32	32	32	32	32	32	32																														
CO-ADD:0163692	C(F)(F)(C(F)(F)COc1ccccc1\\N=C\\c(c(O)ccc2[N+](=O)[O-])c2)C(F)(F)C(F)F	Russian Academy of Science (Russia)	A0471/0021803		CO-ADD:PC0200	32	32	32	32	32	32	32	32																																						
CO-ADD:0163702	N1(CNc2ccc(cc2C)I)C(=O)\\C(\\SC1=S)=C/c(cc3)ccc3C(OC)=O	Russian Academy of Science (Russia)	A0472/0021824		CO-ADD:PC0200	32	32	32	32	32	32	32	32																																						
CO-ADD:0161069	[N+](=O)([O-])c(ccc(c1\\C=N\\NC(CNc(cc2)ccc2I)=O)O)c1	Russian Academy of Science (Russia)	A0359/0016577		CO-ADD:PC0197	32	32	32	32	32	32	32	32																																						
CO-ADD:0162102	[N+](=O)([O-])c(cc(cc1[N+](=O)[O-])C(=O)Nc(cc2)ccn2)c1	Russian Academy of Science (Russia)	A0380/0017451		CO-ADD:PC0199	25.2	32	32	16	32	32	32	32																																						
CO-ADD:0162412	C(=O)(c1cccc(C)c1)Nc(cccc2C(NCCCCCCCCCCCC)=O)c2	Russian Academy of Science (Russia)	A0428/0019785		CO-ADD:PC0199	32	32	32	16	32	32	32	32																																						
CO-ADD:0160589	S=C(S/1)N(CNC(C=C2)=CC=C2I)C(C1=C/C3=CC=C(C(Cl)=C3)Cl)=O	Russian Academy of Science (Russia)	A0354/0016314		CO-ADD:PC0186	32	32	32	16	32	32	32	32													32	32	32					32	32	32																
CO-ADD:0164977	CCN(CC)C(=S)SSC(=S)N(CC)CC	NIH (USA) - Clinical Collection	SAM001247028	Disulfiram	CO-ADD:PL0013										10	10	10	5	10	2.5	10	5.04																													
CO-ADD:0162137	N1(CCCC1C(=O)NC(CCCNC(N)=N)C(O)=O)C(=O)OCc2ccccc2	Russian Academy of Science (Russia)	A0383/0017586		CO-ADD:PC0199	32	32	32	32	32	32	32	32																																						
CO-ADD:0162142	[n+]([O-])(c1)n(C)nc1[N+](=O)[O-]	Russian Academy of Science (Russia)	A0383/0017615		CO-ADD:PC0199	32	32	32	32	32	32	32	32																																						
CO-ADD:0163161	S(=O)(=O)(c1ccc(cc1)OC(=O)Nc2ccc(cc2[N+](=O)[O-])C)c3ccc(cc3)OC(=O)Nc4ccc(cc4[N+](=O)[O-])C	Russian Academy of Science (Russia)	A0455/0021006		CO-ADD:PC0200	32	32	32	32	32	32	32	32																																						
CO-ADD:0164542	CC(C)n1c(\\C=C\\[C@@H](O)C[C@@H](O)CC(O)=O)c(-c2ccc(F)cc2)c2ccccc12	NIH (USA) - Clinical Collection	SAM002548940	Fluvastatin	CO-ADD:PL0013										10	10	10	10	10	5	10	10																													
CO-ADD:0164543	NC(=O)OCC(COC(N)=O)c1ccccc1.O	NIH (USA) - Clinical Collection	SAM001247005	Felbamate	CO-ADD:PL0013										10	10	10	10	10	10	10	10																													
CO-ADD:0164549	O=c1n([se]c2ccccc12)-c1ccccc1	NIH (USA) - Clinical Collection	SAM001247071	Ebselen	CO-ADD:PL0013										10	10	10	2.5	10	5	10	10																													
CO-ADD:0164562	CN(C)C1C2CC3C(O)c4c(Cl)ccc(O)c4C(O)=C3C(=O)C2(O)C(O)=C(C(N)=O)C1=O	NIH (USA) - Clinical Collection	SAM002589921	Demeclocycline	CO-ADD:PL0013										2.5	10	10	10	5	10	1.25	10																													
CO-ADD:0164578	CN(C)[C@H]1[C@@H]2C[C@H]3C(=C(O)[C@]2(O)C(=O)C(C(N)=O)=C1O)C(=O)c1c(O)cccc1[C@@]3(C)O	NIH (USA) - Clinical Collection	SAM002554934	Tetracycline	CO-ADD:PL0013										10	10	10	10	10	10	10	10																													
CO-ADD:0162702	C(=O)(c1cccc(Br)c1)Nc(ccc(c23)cccc2)c3	Russian Academy of Science (Russia)	A0444/0020457		CO-ADD:PC0199	32	32	32	32	32	32	32	32																																						
CO-ADD:0164988	CC1(C)SC2C(NC(=O)COc3ccccc3)C(=O)N2C1C(O)=O	NIH (USA) - Clinical Collection	SAM002589954	Penicillin V	CO-ADD:PL0013										10	10	10	10	10	10	10	10																													
CO-ADD:0164995	COc1c(N2CCNC(C)C2)c(F)cc2c1n(cc(C(O)=O)c2=O)C1CC1	NIH (USA) - Clinical Collection	SAM002589955	Gatifloxacin	CO-ADD:PL0013										0.625	1.25	2.5	10		10	0.3125	10																													
CO-ADD:0164999	CC1COc2c(N3CCN(C)CC3)c(F)cc3c2n1cc(C(O)=O)c3=O	NIH (USA) - Clinical Collection	SAM002264629	Ofloxacin	CO-ADD:PL0013										1.25	5	5	10		10	1.25	10																													
CO-ADD:0165001	Oc1c(Cl)cc(Cl)c(Cl)c1Cc1c(O)c(Cl)cc(Cl)c1Cl	NIH (USA) - Clinical Collection	SAM002554903	Hexachlorophene	CO-ADD:PL0013										10	10	10	10	10	10	5	10																													
CO-ADD:0165032	CN(C)[C@H]1[C@@H]2C[C@@H]3Cc4c(ccc(O)c4C(O)=C3C(=O)[C@]2(O)C(O)=C(C(N)=O)C1=O)N(C)C.Cl	NIH (USA) - Clinical Collection	SAM002264621	Minocycline hydrochloride	CO-ADD:PL0013										0.3125	10	10	10	2.5	10	0.3125	0.0983																													
CO-ADD:0166029	C(=O)(N(C)c1ccccc1)C\\C(\\C)=N\\NC(COc2ccc(cc2Br)C)=O	Russian Academy of Science (Russia)	A0486/0022555		CO-ADD:PC0217	32									32	32	32	32	32	32	32																														
CO-ADD:0163172	[N+](=O)([O-])c(ccc(c1\\C=N\\NC(COc2c(OC)cc(cc2Br)Br)=O)O)c1	Russian Academy of Science (Russia)	A0455/0021021		CO-ADD:PC0200	32	32	32	32	32	32	32	32																																						
CO-ADD:0164296	FC1=CC2=C(N(C3CC3)C=C(C(NC4=CC=C(C(O5)=NNC5=S)C=C4)=O)C2=O)C(OC)=C1N6CC7CCCNC7C6.Cl	University of Mosul (Iraq)	N43		CO-ADD:PC0211	6.76	4					32	32																																						
CO-ADD:0162414	C(NCCCCCCCCCCCC)(=O)c1ccc(cc1)NC(CCCCCCC)=O	Russian Academy of Science (Russia)	A0428/0019791		CO-ADD:PC0199	19.5	32	32	16	32	32	32	32																																						
CO-ADD:0162417	c12c(cccc1NC(=O)c3ccc(cc3)NC(CCCCC)=O)C(=O)c(c4C2=O)cccc4	Russian Academy of Science (Russia)	A0428/0019796		CO-ADD:PC0199	32	32	32	32	32	32	32	16																																						
CO-ADD:0162711	s1c(c2ccc(cc2)C)nnc1NC(=O)C(Cl)(Cl)Cl	Russian Academy of Science (Russia)	A0444/0020478		CO-ADD:PC0199	32	32	32	32	32	32	32	8																																						
CO-ADD:0162715	[N+](=O)([O-])c1cc(OC)ccc1\\N=C\\c(cccc2[N+](=O)[O-])c2	Russian Academy of Science (Russia)	A0444/0020485		CO-ADD:PC0199	32	32	32	32	32	32	32	32																																						
CO-ADD:0162729	C(C#N)(=C(N)SC(=C1C#N)N)C1c2cc(OCC)ccc2OCC	Russian Academy of Science (Russia)	A0445/0020502		CO-ADD:PC0199	32	32	32	32	32	32	32	32																																						
CO-ADD:0166057	[N+](=O)([O-])c1cccc(\\C=N\\NC(=O)Cc2cccc(cccc3)c23)c1O	Russian Academy of Science (Russia)	A0488/0022609		CO-ADD:PC0217	32									32	32	32	32	32	32	32																														
CO-ADD:0161110	C(/C(OCC)=O)(=N/c(cc1)ccc1c(cc2)ccc2\\N=C(/C(OCC)=O)\\C(F)(F)F)\\C(F)(F)F	Russian Academy of Science (Russia)	A0361/0016662		CO-ADD:PC0197	32	32	32	32	32	32	32	32																																						
CO-ADD:0162428	N1(C(=O)c2ccc(cc2)Cl)C(O)(c3ccc(cc3)Br)CC(C(OC)=O)=N1	Russian Academy of Science (Russia)	A0428/0019824		CO-ADD:PC0199	32	32	32	16	32	32	32	32	32												32	8	16	32	32	32	32	32	32			32	32													
CO-ADD:0162477	N1(CN2CCCCC2)C(=S)OC(c3ccccc3Cl)=N1	Russian Academy of Science (Russia)	A0431/0019959		CO-ADD:PC0199	32	32	32	32	32	32	32	32																																						
CO-ADD:0163785	c1(cc(ccc1O)Cc(ccc(c2\\C=N\\c(ccc(c3C)C)c3)O)c2)\\C=N\\c(ccc(c4C)C)c4	Russian Academy of Science (Russia)	A0474/0021940		CO-ADD:PC0200	32	32	32	32	32	32	32	4																																						
CO-ADD:0163800	c1(cc(ccc1O)Cc(ccc(c2\\C=N\\c3cccc(Br)c3)O)c2)\\C=N\\c4cccc(Br)c4	Russian Academy of Science (Russia)	A0475/0021997		CO-ADD:PC0200	5.83	32	32	32	32	32	32	2																																						
CO-ADD:0163839	c1(ccc(cc1[N+](=O)[O-])C(=O)Oc(cc2)ccc2\\C=N\\c3ccccc3O)C(=O)Oc(cc4)ccc4\\C=N\\c5ccccc5O	Russian Academy of Science (Russia)	A0477/0022076		CO-ADD:PC0200	32	32	32	32	32	32	32	16																																						
CO-ADD:0164586	Cc1noc(NS(=O)(=O)c2ccc(N)cc2)c1C	NIH (USA) - Clinical Collection	SAM002554929	Sulfisoxazole	CO-ADD:PL0013										10	10	10	10	10	10	10	10																													
CO-ADD:0164602	C[C@H]1COc2c(N3CCN(C)CC3)c(F)cc3c2n1cc(C(O)=O)c3=O	NIH (USA) - Clinical Collection	SAM001246758	Levofloxacin	CO-ADD:PL0013										0.625	2.5	2.5	10		10	0.625	10																													
CO-ADD:0165036	Oc1ncc(F)c(O)n1	NIH (USA) - Clinical Collection	SAM002264615	5-Fluorouracil	CO-ADD:PL0013										10	10	10	5	10	10	2.5	10																													
CO-ADD:0165045	CC1(C)SC2C(NC(=O)Cc3ccccc3)C(=O)N2C1C([O-])=O.[K+]	NIH (USA) - Clinical Collection	SAM002564229	Penicillin G potassium	CO-ADD:PL0013										10	10	10	10	10	10	10	10																													
CO-ADD:0163198	N1(c2ccccc2)C(=O)C(CC1=O)Sc(cc3)ccc3C	Russian Academy of Science (Russia)	A0456/0021055		CO-ADD:PC0200	32	32	32	32	32	32	32	32																																						
CO-ADD:0163217	C1(c(cc(cc2C3=N\\C(\\C(=O)O3)=C\\c4cccc(cccc5)c45)C6=N\\C(\\C(=O)O6)=C/c7cccc(cccc8)c78)c2)=N\\C(\\C(=O)O1)=C\\c9cccc(cccc%10)c9%10	Russian Academy of Science (Russia)	A0460/0021253		CO-ADD:PC0200	32	32	32	32	32	32	32	32																																						
CO-ADD:0164639	COc1cccc2C(=O)c3c(O)c4C[C@](O)(C[C@H](O[C@H]5C[C@H](N)[C@H](O)[C@H](C)O5)c4c(O)c3C(=O)c12)C(=O)CO.Cl	NIH (USA) - Clinical Collection	SAM001246768	Doxorubicin hydrochloride	CO-ADD:PL0013										10	10	10	10	10	10	10	10																													
CO-ADD:0161451	c1(NC(=O)C(F)(F)F)sc(c2c1C(N)=O)CCCC2	Russian Academy of Science (Russia)	A0400/0018437		CO-ADD:PC0197	32	32	32	32	32	32	32	16																																						
CO-ADD:0166101	c1(Br)c(O)c(\\C=N\\NC(CNC(=O)c2ccco2)=O)c(c(Br)c1O)C	Russian Academy of Science (Russia)	A0489/0022672		CO-ADD:PC0217	32									32	32	32	32	32	32	32																														
CO-ADD:0166102	c1(Br)c(O)c(\\C=N\\NC(CNC(=O)c2ccco2)=O)cc(Br)c1O	Russian Academy of Science (Russia)	A0489/0022673		CO-ADD:PC0217	4.35									32	32	32	32	32	32	32																														
CO-ADD:0166105	[N+](=O)([O-])c(ccc(c1\\C=N\\NC(CNC(=O)c2ccc(c(OC)c2)OC)=O)OC)c1	Russian Academy of Science (Russia)	A0489/0022677		CO-ADD:PC0217	32									32	32	32	32	32	32	32																														
CO-ADD:0166108	[N+](=O)([O-])c(ccc(c1\\C=N\\NC(CNC(=O)c2ccco2)=O)OC)c1	Russian Academy of Science (Russia)	A0489/0022680		CO-ADD:PC0217	32									32	32	32	32	32	32	32																														
CO-ADD:0164391	OCC(NC(=O)C(Cl)Cl)C(O)c1ccc(cc1)[N+]([O-])=O	NIH (USA) - Clinical Collection	SAM002548963	Chloramphenicol	CO-ADD:PL0013										10	10	10	10	10	10	10	10																													
CO-ADD:0161174	[N+](=O)([O-])c(c1)cc(c(O)c1\\C=N\\NC(CNC(=O)c2ccco2)=O)Br	Russian Academy of Science (Russia)	A0363/0016769		CO-ADD:PC0197	32	32	32	32	32	32	32	32																																						
CO-ADD:0161457	C(=C/C=C/C=C/C=C/c1ccccc1)(/C#N)\\C#N	Russian Academy of Science (Russia)	A0400/0018448		CO-ADD:PC0197	20.1	32	32	32	32	32	32	16																																						
CO-ADD:0161487	n12c(nnn1)c(N)nc(non3)c23	Russian Academy of Science (Russia)	A0402/0018511		CO-ADD:PC0197	14.7	32	32	4	32	32	32	32	32																																					
CO-ADD:0162505	N(C(C)(CCC)NN1c2ccccc2)=C1S	Russian Academy of Science (Russia)	A0433/0020054		CO-ADD:PC0199	32	4	32	32	32	32	16	4																																						
CO-ADD:0166113	c1(O)c(I)cc(cc1I)\\C=N\\NC(CNC(=O)c2cccc(F)c2)=O	Russian Academy of Science (Russia)	A0489/0022689		CO-ADD:PC0217	32									32	32	32	32	32	32	32																														
CO-ADD:0166123	c1(ccccc1Br)C(=O)NCC(=O)N\\N=C\\C(C)(C)C	Russian Academy of Science (Russia)	A0490/0022706		CO-ADD:PC0217	32									32	32	32	32	32	32	32																														
CO-ADD:0166125	C(=O)(c1ccc(cc1)Cl)NCC(=O)N\\N=C\\c2cc(Cl)ccc2O	Russian Academy of Science (Russia)	A0490/0022711		CO-ADD:PC0217	32									32	32	32	32	32	32	32																														
CO-ADD:0161203	N1(c(ccc(c2C(O)=O)O)c2)C(=O)c(c3)c(c(c4)C1=O)c(cc3[N+](=O)[O-])cc4[N+](=O)[O-]	Russian Academy of Science (Russia)	A0364/0016834		CO-ADD:PC0197	32	32	32	32	32	32	32	32																																						
CO-ADD:0162219	c1(N(CC2)CCO2)nc(N\\N=C\\c(c3)c(O)c(cc3[N+](=O)[O-])Br)nc(Nc4cc(C)ccc4C)n1	Russian Academy of Science (Russia)	A0421/0019457		CO-ADD:PC0199	32	32	32	32	32	32	32	32																																						
CO-ADD:0162226	c1(N(CC2)CCN2C)nc(N\\N=C\\C(\\Br)=C\\c3ccccc3)nc(Nc(cc4)ccc4[N+](=O)[O-])n1	Russian Academy of Science (Russia)	A0421/0019448		CO-ADD:PC0199	32	32	32	32	32	32	32	32																																						
CO-ADD:0162227	c1(N(CC2)CCN2C)nc(N\\N=C\\c(c(OC)ccc3[N+](=O)[O-])c3)nc(Nc(cc4)ccc4[N+](=O)[O-])n1	Russian Academy of Science (Russia)	A0421/0019444		CO-ADD:PC0199	27.2	32	32	32	32	32	32	32																																						
CO-ADD:0163519	[N+](=O)([O-])c(ccc(c1\\C=N\\NC(=O)c(ccc(c23)OCCO2)c3)O)c1	Russian Academy of Science (Russia)	A0466/0021561		CO-ADD:PC0200	32	32	32	32	32	32	32	32																																						
CO-ADD:0162230	c1(N(CC2)CCN2C)nc(N\\N=C\\c(cccc3[N+](=O)[O-])c3O)nc(Nc(cc4)ccc4[N+](=O)[O-])n1	Russian Academy of Science (Russia)	A0420/0019441		CO-ADD:PC0199	32	32	32	32	32	32	32	32																																						
CO-ADD:0162231	c1(N(CC2)CCN2C)nc(N\\N=C(/C)\\c(cc3)ccc3[N+](=O)[O-])nc(Nc(cc4)ccc4[N+](=O)[O-])n1	Russian Academy of Science (Russia)	A0420/0019439		CO-ADD:PC0199	32	32	32	32	32	32	32	32																																						
CO-ADD:0162234	c1(N(CC2)CCO2)nc(N\\N=C\\c3cc(Br)ccc3OC)nc(Nc4cccc(Br)c4)n1	Russian Academy of Science (Russia)	A0420/0019434		CO-ADD:PC0199	32	32	32	32	32	32	32	32																																						
CO-ADD:0162268	C1(c2cccc(I)c2)=N\\C(\\C(=O)O1)=C/C=C/c3ccco3	Russian Academy of Science (Russia)	A0423/0019545		CO-ADD:PC0199	32	32	32	32	32	32	32	32																																						
CO-ADD:0162273	c1(N(CC2)CCO2)nc(N\\N=C/c(c(OC)ccc3[N+](=O)[O-])c3)nc(Nc4cccc(Br)c4)n1	Russian Academy of Science (Russia)	A0423/0019553		CO-ADD:PC0199	3.08	32	32	32	32	32	32	32																																						
CO-ADD:0162282	C1(c2ccccc2C)=N\\C(\\C(=O)O1)=C/c(ccc(c34)cccc3)c4	Russian Academy of Science (Russia)	A0423/0019567		CO-ADD:PC0199	32	32	32	32	32	32	32	32																																						
CO-ADD:0160451	O=C(N/N=C/C1=CC(I)=CC(I)=C1O)C2=NNC(C3=CC=CC=C3)(C4=CC=CC=C4)C2	Russian Academy of Science (Russia)	A0349/0016098		CO-ADD:PC0186	32	32	32	32	32	32	32	8																																						
CO-ADD:0164399	COc1cc(C)c(Cc2cnc(N)nc2N)cc1OC	NIH (USA) - Clinical Collection	SAM001246728	Ormetoprim	CO-ADD:PL0013										10	10	10	10	5	10	5	10																													
CO-ADD:0164406	CCN1CCN(CC1)c1cc2n(cc(C(O)=O)c(=O)c2cc1F)C1CC1	NIH (USA) - Clinical Collection	SAM001246856	Enrofloxacin	CO-ADD:PL0013										0.3125	5	2.5	10		10	0.3125	10																													
CO-ADD:0164414	COC1=C(OC)C(=O)C(CCCCCCCCCCO)=C(C)C1=O	NIH (USA) - Clinical Collection	SAM001246700	Idebenone	CO-ADD:PL0013										10	10	10	10	10	10	10	10																													
CO-ADD:0160464	O=C(CBr)C1=NON=C1N	Russian Academy of Science (Russia)	A0399/0018383		CO-ADD:PC0186	32	32	32	32	32	32	32	4																																						
CO-ADD:0160470	O=C(CCl)NC1=NC=CS1	Russian Academy of Science (Russia)	A0399/0018397		CO-ADD:PC0186	4.18	32	32	32	32	32	32	32																																						
CO-ADD:0161511	N1(C(OCC)=O)c2c(OC1=S)ccc(Cl)c2	Russian Academy of Science (Russia)	A0404/0018635		CO-ADD:PC0197	32	32	32	32	32	32	32	8																																						
CO-ADD:0161536	c1(cc(Cl)cc(\\C=N\\c(ccc(c2OC)OC)c2)c1O)[N+](=O)[O-]	Russian Academy of Science (Russia)	A0406/0018731		CO-ADD:PC0197	32	32	32	32	32	32	32	8																																						
CO-ADD:0161539	[N+](=O)([O-])c(ccc(c1\\C=N\\c(ccc(c2OC)OC)c2)O)c1	Russian Academy of Science (Russia)	A0406/0018735		CO-ADD:PC0197	32			32																	32	32	32					32	32	32																
CO-ADD:0166149	c1(ccc(\\C=N\\NC(COc(cc2)ccc2Cl)=O)o1)[N+](=O)[O-]	Russian Academy of Science (Russia)	A0490/0022749		CO-ADD:PC0217	32									32	32	32	32	32	32	16																														
CO-ADD:0166152	c1(cc(O)ccc1O)\\C(\\C)=N\\NC(COc(cc2)ccc2Cl)=O	Russian Academy of Science (Russia)	A0491/0022752		CO-ADD:PC0217	32									32	32	32	32	32	32	32																														
CO-ADD:0166153	c1(cccc(cccc2)c12)CC(=O)N\\N=C\\c3cccc(O)c3	Russian Academy of Science (Russia)	A0491/0022753		CO-ADD:PC0217	5.26									32	32	32	32	32	32	32																														
CO-ADD:0166157	c1(O)c(OCC)cc(cc1I)\\C=N\\NC(COc(ccc(c2C)C)c2)=O	Russian Academy of Science (Russia)	A0491/0022757		CO-ADD:PC0217	32									32	32	32	32	32	32	32																														
CO-ADD:0166187	c1(ccc(\\C=N\\NC(COc2c(C)cccc2C)=O)o1)[N+](=O)[O-]	Russian Academy of Science (Russia)	A0491/0022790		CO-ADD:PC0217	9.41									32	32	32	32	32	32	8																														
CO-ADD:0166188	c1(cccc(cccc2)c12)CC(=O)N\\N=C\\c3ccc(cc3O)O	Russian Academy of Science (Russia)	A0491/0022791		CO-ADD:PC0217	24.3									32	32	32	32	32	32	32																														
CO-ADD:0164418	Clc1ccc(CO\\N=C(/Cn2ccnc2)c2ccc(Cl)cc2Cl)c(Cl)c1.O[N+](=O)[O-]	NIH (USA) - Clinical Collection	SAM001246724	Oxiconazole nitrate	CO-ADD:PL0013										10	10	10		10		10	10																													
CO-ADD:0164429	CC1(C)SC2C(NC(=O)C(N)c3ccccc3)C(=O)N2C1C([O-])=O.[Na+]	NIH (USA) - Clinical Collection	SAM002264590	Ampicillin sodium	CO-ADD:PL0013										10	10	10	10	10	10	10	10																													
CO-ADD:0164431	CO[C@H]1\\C=C\\O[C@@]2(C)Oc3c(C2=O)c2c(c(O)c3C)c(O)c(NC(=O)\\C(C)=C/C=C/[C@H](C)[C@H](O)[C@@H](C)[C@@H](O)[C@@H](C)[C@H](OC(C)=O)[C@@H]1C)c1=NC3(CCN(CC(C)C)CC3)N=c21	NIH (USA) - Clinical Collection	SAM002589970	Rifabutin	CO-ADD:PL0013										0.1563	10	10	10	5	10		10																													
CO-ADD:0164434	CCN1CCN(C(=O)N[C@@H](C(=O)N[C@H]2[C@H]3SC(C)(C)[C@@H](N3C2=O)C([O-])=O)c2ccccc2)C(=O)C1=O.[Na+]	NIH (USA) - Clinical Collection	SAM002264643	Piperacillin sodium	CO-ADD:PL0013										10	10	10	10	10	10	10	10																													
CO-ADD:0161242	c1(n2)c(c3c(cccc3)C1=O)nc(non4)c24	Russian Academy of Science (Russia)	A0366/0016934		CO-ADD:PC0197	1.376	32	32	32	32	32	16	8													32	32	32	32	16	32	2	32	32			32	32													
CO-ADD:0162543	c1(N)nonc1OCCn2c(C)cc(C)n2	Russian Academy of Science (Russia)	A0434/0020108		CO-ADD:PC0199	32	32	32	32	32	32	32	32																																						
CO-ADD:0162545	c(c(\\C=C/c1ccccc1Cl)nc(n2)O)([N+](=O)[O-])c2O	Russian Academy of Science (Russia)	A0434/0020110		CO-ADD:PC0199	32	32	32	32	32	32	32	32																																						
CO-ADD:0166193	c1(cccc(cccc2)c12)CC(=O)N\\N=C\\c(ccc(c3O)O)c3	Russian Academy of Science (Russia)	A0491/0022799		CO-ADD:PC0217	32									32	32	32	32	32	32	32																														
CO-ADD:0166197	c(\\C=N\\NC(=O)c(cccn1)c1)(cc(I)cc2I)c2O	Russian Academy of Science (Russia)	A0492/0022808		CO-ADD:PC0217	30.3									32	32	32	32	32	32	32																														
CO-ADD:0161284	C(C(OCC)=O)(C1c2ccccc2)=C(CSc3c(cc(c4n3)CCCCCC4)C#N)OC(N)=C1C#N	Russian Academy of Science (Russia)	A0369/0017030		CO-ADD:PC0197	32	32	32	32	32	32	32	32																																						
CO-ADD:0163621	c1(Br)c(OCC(O)=O)c(\\C=N\\NC(COc2c(Br)cc(cc2Br)C)=O)cc(Br)c1OCC(O)=O	Russian Academy of Science (Russia)	A0469/0021697		CO-ADD:PC0200	32	32	32	32	32	32	32	32																																						
CO-ADD:0163642	c1(O)c(Br)cc(cc1Br)\\C=N\\NC(=O)Cc2cccc(cccc3)c23	Russian Academy of Science (Russia)	A0470/0021727		CO-ADD:PC0200	32	32	32	32	32	32	32	32																																						
CO-ADD:0163337	c1(ccc(\\C=N\\NC(CNC(=O)c2cccc(F)c2)=O)o1)[N+](=O)[O-]	Russian Academy of Science (Russia)	A0461/0021286		CO-ADD:PC0200	32	32	32	32	32	32	32	32																																						
CO-ADD:0160489	O=C1C(C(C2=C1C=CC=C2)=N3)=NC4=C3C=CC=C4	Russian Academy of Science (Russia)	A0400/0018428		CO-ADD:PC0186	32	32	32	32	32	32	32	32																																						
CO-ADD:0160500	O=C(N(C(C=C1Cl)=CC=C1Cl)C(C2C3C4=C(OC)C=C(OC)C=C4)=O)C2N(C5C6=C(OC)C=C(OC)C=C6)N3C7C5C(N(C(C=C8Cl)=CC=C8Cl)C7=O)=O	Russian Academy of Science (Russia)	A0350/0016139		CO-ADD:PC0186	32	32	32	32	32	32	32	8																																						
CO-ADD:0160534	O=C(N1CCCCC1)C(C(F)(F)F)C(F)(F)F	Russian Academy of Science (Russia)	A0352/0016223		CO-ADD:PC0186	32	32	32	32	32	32	32	16																																						
CO-ADD:0160546	O=C(CNC1=C(C=CC=C2)C2=CC=C1)N/N=C/C3=C(C=CC=C4)C4=CC5=C3C=CC=C5	Russian Academy of Science (Russia)	A0352/0016249		CO-ADD:PC0186	32	32	32	32	32	32	32	32																																						
CO-ADD:0162910	N1(CNc(cc2)ccc2C)C(=O)c(c3C1=O)ccc(c3)[N+](=O)[O-]	Russian Academy of Science (Russia)	A0450/0020786		CO-ADD:PC0199	32	32	32	32	32	32	32	32																																						
CO-ADD:0164472	CON=C(C(=O)N[C@H]1[C@H]2SCC(COC(N)=O)=C(N2C1=O)C(O)=O)c1ccco1	NIH (USA) - Clinical Collection	SAM002589901	Cefuroxime	CO-ADD:PL0013										10	10	10	10	10	10	5	10																													
CO-ADD:0164475	COc1cc(Cc2cnc(N)nc2N)cc(OC)c1OC	NIH (USA) - Clinical Collection	SAM002264649	Trimethoprim	CO-ADD:PL0013										10	10	10	10	1.25	10	5	10																													
CO-ADD:0164482	NC(=O)c1ncn(n1)C1OC(CO)C(O)C1O	NIH (USA) - Clinical Collection	SAM002589951	Ribavirin	CO-ADD:PL0013										10	10	10	10	10	10	10	10																													
CO-ADD:0164484	Clc1ccc(COC(Cn2ccnc2)c2ccc(Cl)cc2Cl)c(Cl)c1.O[N+](=O)[O-]	NIH (USA) - Clinical Collection	SAM002264623	Miconazole nitrate	CO-ADD:PL0013										10	10	10	0.625	10		10	10																													
CO-ADD:0161613	c1(C(=O)N\\N=C/c2cc(Br)ccc2O)nonc1N	Russian Academy of Science (Russia)	A0409/0018854		CO-ADD:PC0197	32	32	32	32	32	32	32	4																																						
CO-ADD:0164513	Clc1ccc(COC(Cn2ccnc2)c2ccc(Cl)cc2Cl)cc1.O[N+](=O)[O-]	NIH (USA) - Clinical Collection	SAM002554898	Econazole nitrate	CO-ADD:PL0013										10	10	10	1.25	10	1.25	10	10																													
CO-ADD:0164517	Cc1onc(c1C(=O)N[C@H]1[C@H]2SC(C)(C)[C@@H](N2C1=O)C([O-])=O)-c1c(Cl)cccc1Cl.[Na+]	NIH (USA) - Clinical Collection	SAM002589990	Dicloxacillin sodium	CO-ADD:PL0013										10	10	10	10	10	10	0.625	10																													
CO-ADD:0164521	CCc1nc(N)nc(N)c1-c1ccc(Cl)cc1	NIH (USA) - Clinical Collection	SAM002554921	Pyrimethamine	CO-ADD:PL0013										10	10	10	10	10	10	5	10																													
CO-ADD:0161332	c1(C#N)c(c2ccc(cc2)Cl)cc(nc1SCCN(C)C)c3cccs3	Russian Academy of Science (Russia)	A0371/0017085		CO-ADD:PC0197	32	32	32	32	32	32	32	32																																						
CO-ADD:0161335	c1(C#N)c(c2cccs2)cc(nc1SCC(=O)c3ccc(cc3)Br)c4cccs4	Russian Academy of Science (Russia)	A0372/0017089		CO-ADD:PC0197	32	32	32	32	32	32	32	32	32												32	32	32	32	32	32	32																			
CO-ADD:0162626	C1(C#N)(C#N)C(N)=C(C#N)C(C2C13c4c(NC3=O)cccc4)=CCC(C)C2	Russian Academy of Science (Russia)	A0440/0020367		CO-ADD:PC0199	32	32	32	32	32	32	32	32																																						
CO-ADD:0162627	C1(C#N)(C#N)C(N)=C(C#N)C(C(C2)C13c4c(NC3=O)cccc4)=CCN2C.[Na+]	Russian Academy of Science (Russia)	A0440/0020368		CO-ADD:PC0199	32	32	32	32	32	32	32	32																																						
CO-ADD:0162635	C1(C(=O)N(C)C(N2C)=O)=C2OC(N)=C(C#N)C13c4c(NC3=O)cccc4	Russian Academy of Science (Russia)	A0441/0020376		CO-ADD:PC0199	32	32	32	16	32	32	32	32																																						
CO-ADD:0162636	c1(c(C)nn2c3ccccc3)c2OC(N)=C(C#N)C14c5c(NC4=O)cccc5	Russian Academy of Science (Russia)	A0441/0020378		CO-ADD:PC0199	32	32	32	8	32	32	32	32																																						
CO-ADD:0163651	[N+](=O)([O-])c(ccc(c1\\C=N\\NC(=O)Cc2cccc(cccc3)c23)O)c1	Russian Academy of Science (Russia)	A0470/0021738		CO-ADD:PC0200	32	32	32	32	32	32	32	32																																						
CO-ADD:0163654	[N+](=O)([O-])c1cccc(\\C=N\\NC(COc2c(C)cccc2C)=O)c1O	Russian Academy of Science (Russia)	A0470/0021744		CO-ADD:PC0200	32	32	32	16	32	32	8	4	32												32	32	32	16	1	4	2																			
CO-ADD:0163655	[N+](=O)([O-])c(ccc(c1\\C=N\\NC(COc2c(C)cccc2C)=O)O)c1	Russian Academy of Science (Russia)	A0470/0021746		CO-ADD:PC0200	32	32	32	8	32	32	32	2	32												32	8	16	32	4	2	1																			
CO-ADD:0163665	[N+](=O)([O-])c(cc1)ccc1c2ccc(cc2)NC(=O)Nc(ccc(c3Cl)Cl)c3	Russian Academy of Science (Russia)	A0470/0021764		CO-ADD:PC0200	31.8	32	32	32	32	32	32	32																																						
CO-ADD:0162371	c(c(O)ccc1Cl)(S2)c1OC2=O	Russian Academy of Science (Russia)	A0426/0019718		CO-ADD:PC0199	32	32	32	32	32	32	32	4																																						
CO-ADD:0215581	[N+](=O)([O-])c1cc(ccc1OC(=O)c2ccc(cc2Cl)Cl)\\C=N\\c3cccc(C)c3	Russian Academy of Science (Russia)	A0543/0025058		CO-ADD:PC0221	32	32	32	32	32	32	32	32																																						
CO-ADD:0215583	C(=O)(c1ccc(cc1)OC)Oc2cc(ccc2\\C=N\\c(ccc(c3C)C)c3)OC(=O)c4ccc(cc4)OC	Russian Academy of Science (Russia)	A0543/0025060		CO-ADD:PC0221	32	32	32	32	32	32	32	32																																						
CO-ADD:0215585	C(=O)(c1ccc(cc1)OC)Oc2cc(ccc2\\C=N\\c3ccccc3C)OC(=O)c4ccc(cc4)OC	Russian Academy of Science (Russia)	A0543/0025063		CO-ADD:PC0221	32	32	32	32	32	32	32	32																																						
CO-ADD:0214925	C(=O)(N\\N=C\\c(cc1)ccc1OCc(cc2)ccc2C)C(=O)NC3CCCCC3	Russian Academy of Science (Russia)	A0541/0024945		CO-ADD:PC0221	32	32	32	32	32	32	32	32																																						
CO-ADD:0215607	[N+](=O)([O-])c1cc(ccc1OC(=O)c2ccc(cc2Cl)Cl)\\C=N\\c(cc3)ccc3C	Russian Academy of Science (Russia)	A0544/0025107		CO-ADD:PC0221	32	32	32	32	32	32	32	32																																						
CO-ADD:0215630	[N+](=O)([O-])c1cc(ccc1OC(c2ccccc2)=O)\\C=N\\c3ccccc3OC	Russian Academy of Science (Russia)	A0544/0025132		CO-ADD:PC0221	32	32	32	32	32	32	32	32																																						
CO-ADD:0215639	C(F)(F)(F)c1ccccc1\\C=N\\NC(=O)CCSc(cc2)ccc2Cl	Russian Academy of Science (Russia)	A0545/0025147		CO-ADD:PC0221	32	32	32	32	32	32	32	32																																						
CO-ADD:0215640	[N+](=O)([O-])c1cc(ccc1OC(c2ccccc2)=O)\\C=N\\c3cccc(OC)c3	Russian Academy of Science (Russia)	A0545/0025148		CO-ADD:PC0221	32	32	32	32	32	32	32	32																																						
CO-ADD:0214983	[N+](=O)([O-])c1ccc(cc1)N\\N=C\\c2ccc(cc2OC(=O)c3ccc(cc3)OC)OC(=O)c4ccc(cc4)OC	Russian Academy of Science (Russia)	A0542/0025030		CO-ADD:PC0221	32	32	32	32	32	32	32	32																																						
CO-ADD:0214992	S(OC)(=O)(=O)c(ccc(c12)OC(OCC)C1(C)C)c2	Russian Academy of Science (Russia)	A0520/0024064		CO-ADD:PC0221	32	32	32	32	32	32	32	32																																						
CO-ADD:0215686	c1(ccc(\\C=N\\c(cc2)ccc2Oc(cc3)ccc3\\N=C\\c(ccc4[N+](=O)[O-])s4)s1)[N+](=O)[O-]	Russian Academy of Science (Russia)	A0547/0025266		CO-ADD:PC0221	32	32	32	32	32	32	32	32																																						
CO-ADD:0215687	[N+](=O)([O-])c(ccc(c1\\C=N\\c(cn2)cnc2N)O)c1	Russian Academy of Science (Russia)	A0547/0025270		CO-ADD:PC0221	32	32	32	4	32	32	16	8	32												32	32	32	32	32	32	16																			
CO-ADD:0215698	c1(NC(=O)c2ccccc2OC)sc(c3c1C#N)CCCC3	Russian Academy of Science (Russia)	A0548/0025294		CO-ADD:PC0221	32	32	32	32	32	32	32	32																																						
CO-ADD:0215701	C(=O)(c1cccc(Cl)c1)Nc(cc2)ccc2C(C)=O	Russian Academy of Science (Russia)	A0548/0025298		CO-ADD:PC0221	32	32	32	32	32	32	32	32																																						
CO-ADD:0215728	c1(cc(ccc1N(C)C)\\C=N\\c2ccccc2O)[N+](=O)[O-]	Russian Academy of Science (Russia)	A0549/0025343		CO-ADD:PC0221	32	32	32	32	32	32	32	8																																						
CO-ADD:0215761	N1(c2ccc(cc2)OC)C(=O)CC(N3CCC(CC3)C)C1=O	Russian Academy of Science (Russia)	A0550/0025416		CO-ADD:PC0221	32	32	32	32	32	32	32	2																																						
CO-ADD:0215772	c1(C(OCC)=O)sc2c(ccc(Br)c2OC)c1NC(C)=O	Russian Academy of Science (Russia)	A0551/0025447		CO-ADD:PC0221	32	32	32	32	32	32	32	32																																						
CO-ADD:0215809	C(=O)(NC(C)CC)C\\C(\\C)=N\\NC(COc(cc1)ccc1OC)=O	Russian Academy of Science (Russia)	A0553/0025528		CO-ADD:PC0221	32	32	32	32	32	32	32	32																																						
CO-ADD:0215826	[N+](=O)([O-])c1cccc(\\C=N\\c2ccccc2OCC(F)(F)C(F)F)c1O	Russian Academy of Science (Russia)	A0553/0025558		CO-ADD:PC0221	32	32	32	32	32	32	32	32																																						
CO-ADD:0214890	C(=C/Nc(cc1)ccc1S(=O)(=O)NCc2ccccc2)(/C(=O)NC(N3)=S)\\C3=O	Russian Academy of Science (Russia)	A0514/0023804		CO-ADD:PC0221	32	32	32	32	32	32	32	32																																						
CO-ADD:0214904	N1(c2cccc(Cl)c2)C(=O)\\C(\\C(C)=N1)=C\\Nc(cc3)ccc3S(=O)(=O)Nc4cccc(C)c4	Russian Academy of Science (Russia)	A0515/0023826		CO-ADD:PC0221	32	32	32	32	32	32	32	32																																						
CO-ADD:0214909	N1(c2ccc(cc2)Br)C(=O)c(c3)c(c(c4)C1=O)c(cc3[N+](=O)[O-])cc4[N+](=O)[O-]	Russian Academy of Science (Russia)	A0515/0023836		CO-ADD:PC0221	9.8	32	32	16	32	32	32	16																																						
CO-ADD:0214911	N1(c2cccc(cccc3)c23)C(=O)c(c4)c(c(c5)C1=O)c(cc4[N+](=O)[O-])cc5[N+](=O)[O-]	Russian Academy of Science (Russia)	A0515/0023841		CO-ADD:PC0221	32	32	32	4	32	32	32	32																																						
CO-ADD:0215329	c1(C#N)c(c2ccc(cc2)C)c3c(nc1SCC(=O)Nc(cccc4[N+](=O)[O-])c4)CCCC3	Russian Academy of Science (Russia)	A0530/0024528		CO-ADD:PC0221	32	32	32	32	32	32	32	32																																						
CO-ADD:0215332	C(C(OCCOC)=O)(C1c2ccc(cc2)Cl)=C(N)OC(CCCC3=O)=C13	Russian Academy of Science (Russia)	A0530/0024534		CO-ADD:PC0221	32	32	32	32	32	32	32	32																																						
CO-ADD:0215364	C(C(=O)OC(C)C)(C1c2ccc(cc2)Cl)=C(CSc3nc(C)c(c(C)c3C#N)C)OC(N)=C1C#N	Russian Academy of Science (Russia)	A0532/0024572		CO-ADD:PC0221	32	32	32	32	32	32	32	32																																						
CO-ADD:0215369	C(C(=O)OC(C)C)(=C(CSc1nc(C)c(c(C)c1C#N)C)OC(=C2C#N)N)C2c3ccccc3OC.[Na+]	Russian Academy of Science (Russia)	A0532/0024577		CO-ADD:PC0221	32	32	32	32	32	32	32	32																																						
CO-ADD:0215370	C(C(=O)OC(C)C)(C1c2ccc(cc2)OC)=C(CSc3nc(C)c(c(C)c3C#N)C)OC(N)=C1C#N	Russian Academy of Science (Russia)	A0532/0024578		CO-ADD:PC0221	32	32	32	32	32	32	32	32																																						
CO-ADD:0215079	N1(c2ccc(cc2)OCC)C(=O)c(c3)c(c(c4)C1=O)c(cc3[N+](=O)[O-])cc4[N+](=O)[O-]	Russian Academy of Science (Russia)	A0515/0023844		CO-ADD:PC0221	8.48	32	32	32	32	32	32	1																																						
CO-ADD:0215110	C(=C/NNc1cccc(Cl)c1)(/C(=O)NC(N2)=S)\\C2=O	Russian Academy of Science (Russia)	A0521/0024141		CO-ADD:PC0221	32	32	32	32	32	32	32	16																																						
CO-ADD:0215115	c1(nonc1NCNc2nonc2C(N\\N=C\\c(cc3)ccn3)=N)C(N\\N=C\\c(cc4)ccn4)=N	Russian Academy of Science (Russia)	A0522/0024153		CO-ADD:PC0221	32	32	32	32	32	32	32	32																																						
CO-ADD:0215137	C(=C\\Nc1cccc2c1cccc2N)(/C(=O)NC(N3)=O)\\C3=O	Russian Academy of Science (Russia)	A0523/0024203		CO-ADD:PC0221	32	32	32	32	32	32	32	32																																						
CO-ADD:0215139	N1(c2ccc(cc2)Cl)C(=O)\\C(\\C(C)=N1)=C\\NNC(=O)c3ccc(cc3)Br	Russian Academy of Science (Russia)	A0523/0024206		CO-ADD:PC0221	32	32	32	32	32	32	32	32																																						
CO-ADD:0215140	N1(c2ccc(cc2)Cl)C(=O)\\C(\\C(C)=N1)=C\\NNC(=O)c3ccccc3O	Russian Academy of Science (Russia)	A0523/0024207		CO-ADD:PC0221	32	32	32	32	32	32	32	32																																						
CO-ADD:0215145	N1(c2ccc(cc2C)O)C(=O)c(cc3)c(c(ccc4[N+](=O)[O-])C1=O)c4c3[N+](=O)[O-]	Russian Academy of Science (Russia)	A0523/0024217		CO-ADD:PC0221	6.32	32	32	16	32	32	32	32																																						
CO-ADD:0215146	c1(N\\N=C\\c2cccc(OC)c2O)nncn1N	Russian Academy of Science (Russia)	A0523/0024219		CO-ADD:PC0221	7.96	32	32	32	32	32	32	16																																						
CO-ADD:0215147	s1c(\\N=C\\c2cccc(OC)c2O)nnc1c3cccc(C)c3	Russian Academy of Science (Russia)	A0523/0024220		CO-ADD:PC0221	32	32	32	32	32	32	32	32																																						
CO-ADD:0215160	C1(C#N)(C#N)[C@H](c2ccc(c(OC)c2)OC)[C@H](N3[C@]1([H])C=Cc(c34)cc(cc4)Cl)C(c5ccccc5)=O	Russian Academy of Science (Russia)	A0523/0024247		CO-ADD:PC0221	15.1	32	32	32	32	32	32	32																																						
CO-ADD:0215194	N1(c2c(ccc(c2)[N+](=O)[O-])OC(C)=O)C(=O)c3c(cc(cc3)Br)C1=O	Russian Academy of Science (Russia)	A0525/0024317		CO-ADD:PC0221	32	32	32	32	32	32	32	32																																						
CO-ADD:0215197	C(OCCCCCCCCCC)(=O)c1cccc(c1)NC(CCC(O)=O)=O	Russian Academy of Science (Russia)	A0525/0024320		CO-ADD:PC0221	32	32	32	32	32	32	32	32																																						
CO-ADD:0215204	c1(N(CC2)CCO2)nc(N\\N=C\\c(ccc(c3[N+](=O)[O-])Cl)c3)nc(Nc4cc(C)ccc4C)n1	Russian Academy of Science (Russia)	A0525/0024330		CO-ADD:PC0221	32	32	32	32	32	32	32	32																																						
CO-ADD:0215223	c1(non2)c2nc(Nc3cccc(Br)c3)c(N\\N=C\\c(cc(I)cc4I)c4O)n1	Russian Academy of Science (Russia)	A0526/0024363		CO-ADD:PC0221	32	32	32	16	32	32	16	32																																						
CO-ADD:0215229	N1(c(ccc(c2)Cl)c2OC1=S)C(=O)c3ccc(cc3)C	Russian Academy of Science (Russia)	A0526/0024378		CO-ADD:PC0221	32	32	32	32	32	32	16	4	32												32	32	32	32	32	32	16																			
CO-ADD:0215235	[N+](=O)([O-])c(ccc(c1\\C=N\\NC(CNc2ccccc2OC)=O)O)c1	Russian Academy of Science (Russia)	A0526/0024392		CO-ADD:PC0221	32	32	32	32	32	32	32	16																																						
CO-ADD:0215403	C12(c3c(NC1=O)cccc3)C(C#N)=C(N)OC(C)=C2C(OCC)=O	Russian Academy of Science (Russia)	A0534/0024619		CO-ADD:PC0221	32	32	32	32	32	32	32	32																																						
CO-ADD:0215404	C12(c3c(NC1=O)cccc3)C(C#N)=C(N)SC(N)=C2C#N	Russian Academy of Science (Russia)	A0534/0024620		CO-ADD:PC0221	32	32	32	16	32	32	32	32																																						
CO-ADD:0215533	S(=O)(=O)(c1ccc(cc1)C)Oc2cc(ccc2\\C=N\\NC(c3ccccc3)=O)OS(=O)(=O)c4ccc(cc4)C	Russian Academy of Science (Russia)	A0538/0024822		CO-ADD:PC0221	32	32	32	32	32	32	32	32																																						
CO-ADD:0215560	[N+](=O)([O-])c1cc(ccc1OC(c2ccccc2)=O)\\C=N\\c(cc3)ccc3C	Russian Academy of Science (Russia)	A0542/0025031		CO-ADD:PC0221	32	32	32	32	32	32	32	32																																						
CO-ADD:0215577	C(=O)(c1ccc(cc1)OC)Oc2cc(ccc2\\C=N\\c(cc3)ccc3OC)OC(=O)c4ccc(cc4)OC	Russian Academy of Science (Russia)	A0543/0025054		CO-ADD:PC0221	32	32	32	32	32	32	32	32																																						
CO-ADD:0215580	C(=O)(c1ccc(cc1)OC)Oc2cc(ccc2\\C=N\\c3ccc(cc3C)C)OC(=O)c4ccc(cc4)OC	Russian Academy of Science (Russia)	A0543/0025057		CO-ADD:PC0221	32	32	32	32	32	32	32	32																																						
CO-ADD:0215270	N1(c(cc2)ccc2C(OC)=O)C(=O)C3C(C(c4ccccc4)C=CC3c5ccccc5)C1=O	Russian Academy of Science (Russia)	A0528/0024450		CO-ADD:PC0221	32	32	32	32	32	32	32	32																																						
CO-ADD:0215273	N1(c2cccc(c2)[N+](=O)[O-])C(=O)C(C3C1=O)C(c4ccccc4)C=CC3c5ccccc5	Russian Academy of Science (Russia)	A0528/0024455		CO-ADD:PC0221	32	32	32	32	32	32	32	32																																						
CO-ADD:0215282	S(=O)(=O)(c1ccc(cc1)\\N=C\\c2cc(Br)ccc2O)Nc3nnc(CC)s3	Russian Academy of Science (Russia)	A0528/0024470		CO-ADD:PC0221	32	32	32	32	32	32	32	32																																						
CO-ADD:0215284	S(=O)(=O)(c1ccc(cc1)\\N=C\\c2ccccc2O)Nc3nnc(CC)s3	Russian Academy of Science (Russia)	A0528/0024472		CO-ADD:PC0221	32	32	32	32	32	32	32	32																																						
CO-ADD:0215453	C(=N/Nc1ccc(cc1[N+](=O)[O-])[N+](=O)[O-])(/C2=O)\\C(=O)NC(=O)N2	Russian Academy of Science (Russia)	A0536/0024695		CO-ADD:PC0221	32	32	32	32	32	32	32	32																																						
CO-ADD:0215000	C(=O)(Oc(cc1)ccc1Br)Nc2cccc3c2cccc3NC(=O)Oc(cc4)ccc4Br	Russian Academy of Science (Russia)	A0520/0024053		CO-ADD:PC0221	32	32	32	32	32	32	32	32																																						
CO-ADD:0215406	C12(c3c(NC1=O)cccc3)C(C#N)=C(N)OC(C)=C2C(OC)=O	Russian Academy of Science (Russia)	A0534/0024622		CO-ADD:PC0221	32	32	32	32	32	32	32	32																																						
CO-ADD:0215407	C12(c3c(NC1=O)cccc3)C(C#N)=C(N)Oc4c2c(C)n[nH]4	Russian Academy of Science (Russia)	A0534/0024623		CO-ADD:PC0221	32	32	32	32	32	32	32	32																																						
CO-ADD:0215408	C12(c3c(NC1=O)cccc3)C(C(C)=O)=C(C)OC(N)=C2C#N	Russian Academy of Science (Russia)	A0534/0024624		CO-ADD:PC0221	32	32	32	32	32	32	32	32																																						
CO-ADD:0215420	C(\\C(\\CC1)=C\\c(cc2)ccc2F)(O3)=C1C(C(C#N)=C3N)c4ccc(cc4)F	Russian Academy of Science (Russia)	A0534/0024639		CO-ADD:PC0221	14.8	32	32	32	32	32	32	32																																						
CO-ADD:0215431	N1(\\N=C\\c(cc2)ccc2C(O)=O)C(=O)c3c(c4C1=O)c(ccc3)ccc4	Russian Academy of Science (Russia)	A0535/0024656		CO-ADD:PC0221	27.3	32	32	32	32	32	32	32																																						
CO-ADD:0215439	C(=S)(Oc(cc1)ccc1C(=O)Nc2cccc(cccc3)c23)N(C(C)C)C(C)C	Russian Academy of Science (Russia)	A0535/0024672		CO-ADD:PC0221	32	32	32	32	32	32	32	32																																						
CO-ADD:0215025	c1(SCC(=O)N\\N=C\\c(cc2)ccc2F)[nH]c(c3n1)cccc3	Russian Academy of Science (Russia)	A0518/0023969		CO-ADD:PC0221	32	32	32	32	32	32	32	32																																						
CO-ADD:0215056	c1(C(O)=O)cc(ccc1C(O)=O)C(=O)c(cc2)ccc2NC(=O)c(cc(cc3NC(c4ccccc4)=O)NC(c5ccccc5)=O)c3	Russian Academy of Science (Russia)	A0516/0023887		CO-ADD:PC0221	32	32	32	32	32	32	32	32																																						
CO-ADD:0217509	c(c(O)ccc1C(O)=O)(c1)\\C=N\\c2cccc(cccn3)c23	Russian Academy of Science (Russia)	A0581/0026825		CO-ADD:PC0225	32	32	32	32	32	32	32	32																																						
CO-ADD:0217510	n1c2c(oc1c3ccc(cc3)\\N=C\\c(cc(Cl)cc4[N+](=O)[O-])c4O)cccn2	Russian Academy of Science (Russia)	A0581/0026826		CO-ADD:PC0225	32	32	32	32	32	32	32	32																																						
CO-ADD:0221806	C(=N/N=C/c1cc(Br)ccc1O)(/Sc(c23)cccc2)\\N3CCCS(=O)(=O)[O-].[Na+]	Russian Academy of Science (Russia)	A0727/0033887		CO-ADD:PC0237	32	32	32	32	32	32	32	32																																						
CO-ADD:0222672	C1(c2ccc(cc2)C)(c3ccc(cc3)C)CC1C(=O)N\\N=C\\c4ccccc4O	Russian Academy of Science (Russia)	A0754/0035232		CO-ADD:PC0238	3.84	32	32	32	32	32	32	32																																						
CO-ADD:0222677	c1(c(Cl)ccc(c1)[N+](=O)[O-])C(=O)Nc2ccccc2Br	Russian Academy of Science (Russia)	A0754/0035249		CO-ADD:PC0238	2.52	32	32	32	32	32	32	32																																						
CO-ADD:0220232	C(CNc(cc1)ccc1Cl)(=O)N\\N=C\\c2ccccc2	Russian Academy of Science (Russia)	A0662/0030815		CO-ADD:PC0236	32	32	32	32	32	32	32	32																																						
CO-ADD:0220238	[N+](=O)([O-])c1cccc(c1)\\C=N\\NC(CNc(cc2)ccc2Cl)=O	Russian Academy of Science (Russia)	A0663/0030821		CO-ADD:PC0236	32	32	32	32	32	32	32	32																																						
CO-ADD:0220250	[N+](=O)([O-])c1cccc(OCC(=O)N\\N=C\\c(cc2Br)cc(c2O)Br)c1	Russian Academy of Science (Russia)	A0663/0030837		CO-ADD:PC0236	31.4	32	32	8	32	32	32	32																																						
CO-ADD:0220252	N(\\C(\\C(O1)=O)=C/c2c(OCC)ccc(cccc3)c23)=C1c4cccc(I)c4	Russian Academy of Science (Russia)	A0663/0030840		CO-ADD:PC0236	32	32	32	32	32	32	32	32																																						
CO-ADD:0220258	C(CNc(cc1)ccc1C)(=O)N\\N=C\\c(ccc(c2Cl)OC)c2	Russian Academy of Science (Russia)	A0663/0030847		CO-ADD:PC0236	32	32	32	32	32	32	32	32																																						
CO-ADD:0220265	N(=C1c2ccc(cc2)I)\\C(\\C(O1)=O)=C/c3c(OCC)ccc(cccc4)c34	Russian Academy of Science (Russia)	A0663/0030857		CO-ADD:PC0236	32	32	32	32	32	32	32	32																																						
CO-ADD:0217527	c1(c2ccc(cc2)I)ccc(\\C=N\\NC(COc3cc(C)ccc3C(C)C)=O)o1	Russian Academy of Science (Russia)	A0582/0026852		CO-ADD:PC0225	32	32	32	32	32	32	32	32																																						
CO-ADD:0217541	n1c2c(oc1c3cccc(c3)\\N=C\\c4cc(Br)cc(OC)c4O)cccc2C	Russian Academy of Science (Russia)	A0582/0026870		CO-ADD:PC0225	32	32	32	32	32	32	32	32																																						
CO-ADD:0219759	c1(Cl)c(Cl)ccc(c1)\\N=C\\c(cc2)ccc2OCc3ccccc3	Russian Academy of Science (Russia)	A0651/0030252		CO-ADD:PC0233	1.01	32	32	32	32	32	32	32																																						
CO-ADD:0219760	C(CSCc(cc1)ccc1Cl)(=O)N\\N=C\\c2cccc(OC)c2O	Russian Academy of Science (Russia)	A0651/0030253		CO-ADD:PC0233	1.4	32	32	32	32	32	32	32																																						
CO-ADD:0219776	c1(\\C=N\\NC(CSCc(cc2)ccc2Cl)=O)c(cccc1Cl)Cl	Russian Academy of Science (Russia)	A0651/0030275		CO-ADD:PC0233	16.1	32	32	32	32	32	32	32																																						
CO-ADD:0219779	S(c1ccccc1)(=O)(=O)N(c2ccc(cc2)OCC)CC(=O)N\\N=C\\c(ccc(c3OCC)OCCC)c3	Russian Academy of Science (Russia)	A0652/0030281		CO-ADD:PC0233	32	32	32	32	32	32	32	32																																						
CO-ADD:0223526	C(=C\\Nc1ccc(cc1[N+](=O)[O-])Cl)(/C(=O)NC(N2)=O)\\C2=O	Russian Academy of Science (Russia)	A0822/0038539		CO-ADD:PC0239	32	32	32	32	32	32	32	32	32																																					
CO-ADD:0223541	c12c(cccn1)c(ccc2O)COC	Russian Academy of Science (Russia)	A0781/0036563		CO-ADD:PC0239	32	32	32	2	32	32	4	1	32																																					
CO-ADD:0223550	N1(CCc2ccccc2)c3c(C(=O)C1=O)cc(Br)cc3	Russian Academy of Science (Russia)	A0782/0036583		CO-ADD:PC0239	32	32	32	32	32	32	8	16	32																																					
CO-ADD:0223567	c1(nc(N(C)C)nc(N(C)C)n1)N2CC(OC2=N)CCl	Russian Academy of Science (Russia)	A0782/0036625		CO-ADD:PC0239	32	32	32	32	32	32	32	32	32																																					
CO-ADD:0217237	S(=O)(=O)(c(cc1)ccc1[N+](=O)[O-])N(C)CC(OC)=O	Russian Academy of Science (Russia)	A0555/0025643		CO-ADD:PC0225	32	32	32	16	32	32	32	32													32	32	32					32	32	32																
CO-ADD:0218592	N(=C/c(ccc(c1O)O)c1)/Nc(cc2)ccc2C	Russian Academy of Science (Russia)	A0617/0028572		CO-ADD:PC0228	32	32	32	32	32	32	32	32																																						
CO-ADD:0219509	c1(O)c(Br)c(\\C=N\\NC(COc2cccc(Br)c2)=O)cc(Br)c1O	Russian Academy of Science (Russia)	A0643/0029851		CO-ADD:PC0233	1.39	32	32	16	32	32	32	32																																						
CO-ADD:0219529	C(/O)(\\c1ccc(cc1)OC)=C/C=N/c2cccc(Cl)c2	Russian Academy of Science (Russia)	A0644/0029889		CO-ADD:PC0233	32	32	32	32	32	32	32	32																																						
CO-ADD:0220904	c1(c(cccc1)c(c23)cccc2)C3C(=O)N\\N=C\\c4ccc(cc4OC)O	Russian Academy of Science (Russia)	A0682/0031758		CO-ADD:PC0236	32	32	32	32	32	32	32	32																																						
CO-ADD:0220913	c(c(Br)c1Br)c(NCC(=O)N\\N=C\\c2cc(OC)ccc2O)c(c1)Br	Russian Academy of Science (Russia)	A0682/0031775		CO-ADD:PC0236	32	32	32	32	32	32	32	32																																						
CO-ADD:0220945	N1\\C(=N\\N=C\\c(cc(I)cc2I)c2O)\\S\\C(=C\\c(ccc(c3[N+](=O)[O-])Br)c3)\\C1=O	Russian Academy of Science (Russia)	A0683/0031833		CO-ADD:PC0237	32	32	32	32	32	32	32	8																																						
CO-ADD:0219278	C(=O)(Nc1ccccc1C(OCC)=O)c2ccccc2F	Russian Academy of Science (Russia)	A0635/0029466		CO-ADD:PC0233		32	32	32	32	32	32	32																																						
CO-ADD:0219280	C(=O)(Nc(cc1)ccc1Cl)Nc(cc2)ccc2C(OCC)=O	Russian Academy of Science (Russia)	A0635/0029471		CO-ADD:PC0233	10.8	32	32	32	32	32	32	32																																						
CO-ADD:0219281	C(=O)(Nc(cc1)ccc1C)Nc(cc2)ccc2C(OCC)=O	Russian Academy of Science (Russia)	A0635/0029473		CO-ADD:PC0233	8.01	32	32	32	32	32	32	32																																						
CO-ADD:0219557	c1(c2c([nH]c1)cccc2)C(=O)CC(c3ccccc3)=O	Russian Academy of Science (Russia)	A0645/0029939		CO-ADD:PC0233		32	32	32	32	32	32	32																																						
CO-ADD:0220517	[N+](=O)([O-])c(cc1)cc(c1N(C)C2CCCCC2)\\C=N\\NC(COc(ccc(c34)cccc3)c4)=O	Russian Academy of Science (Russia)	A0670/0031200		CO-ADD:PC0236	32	32	32	32	32	32	32	32																																						
CO-ADD:0220523	[N+](=O)([O-])c(ccc(c1\\C=N\\NC(COc(cccc2[N+](=O)[O-])c2)=O)OC)c1	Russian Academy of Science (Russia)	A0670/0031211		CO-ADD:PC0236	4.04	32	32	32	32	32	32	32																																						
CO-ADD:0220534	C(c1ccccc1)(=O)Oc2ccc(cc2OCC)\\C=N\\NC(CNc(cc3)ccc3C)=O	Russian Academy of Science (Russia)	A0671/0031226		CO-ADD:PC0236	32	32	32	32	32	32	32	32																																						
CO-ADD:0220548	c(\\C=N\\NC(CNc(cc1)ccc1C)=O)(cc(OCO2)c2c3)c3Br	Russian Academy of Science (Russia)	A0671/0031245		CO-ADD:PC0236		32	32	32	32	32	32	32																																						
CO-ADD:0217853	c1(c(C)nc(c(C#N)c1COC)Cl)[N+](=O)[O-]	Russian Academy of Science (Russia)	A0572/0026373		CO-ADD:PC0228	32	32	32	32	32	32	16	32																																						
CO-ADD:0217870	c1(c(C)non1)C(=O)N\\N=C\\c2cccc(CC=C)c2O	Russian Academy of Science (Russia)	A0596/0027574		CO-ADD:PC0228	23	32	32	32	32	32	32	32																																						
CO-ADD:0218892	c1(\\C=N\\NC(=O)c2cccc(Br)c2)c3c(cccc3)cc(cccc4)c14	Russian Academy of Science (Russia)	A0624/0028929		CO-ADD:PC0233	32	32	32	32	32	32	32	32																																						
CO-ADD:0218899	C(=O)(c1ccc(cc1)OC)Oc2ccccc2\\C=N\\Nc3ccccc3	Russian Academy of Science (Russia)	A0624/0028945		CO-ADD:PC0233	32	32	32	32	32	32	16	8																																						
CO-ADD:0221820	[N+](=O)([O-])c1cccc(c1)\\C=N/CCSCCCCCCCCCCCCCCCC	Russian Academy of Science (Russia)	A0727/0033913		CO-ADD:PC0237	32	32	32	16	32	32	32	8																																						
CO-ADD:0221829	S(=O)(=O)(Nc(cc1)ccc1SCCCCCCCCCCCCCCCC)c2ccccc2[N+](=O)[O-]	Russian Academy of Science (Russia)	A0727/0033931		CO-ADD:PC0237	32	32	32	32	32	32	8	8																																						
CO-ADD:0221835	C(C#N)(C1c2ccc(cc2)F)=C(SCC(N)=O)NC(C)=C1C(C)=O	Russian Academy of Science (Russia)	A0728/0033946		CO-ADD:PC0237	22.1	32	32	0.5	32	32	32	32																																						
CO-ADD:0221836	C(C#N)(C(C)=CC(N1)=O)=C1SCC(=O)Nc(cc2)ccc2Br	Russian Academy of Science (Russia)	A0728/0033947		CO-ADD:PC0237	32	32	32	16	32	32	32	32													32	32	32					32	32	32																
CO-ADD:0221839	c1(C#N)c(c2ccc(cc2)Cl)cc(nc1SCc3ccccc3)c4ccccc4	Russian Academy of Science (Russia)	A0728/0033960		CO-ADD:PC0237	32	32	32	32	32	32	32	32																																						
CO-ADD:0221842	c1(C#N)c(c2ccccc2)cc(nc1SCC(OCc3ccccc3)=O)c4ccccc4	Russian Academy of Science (Russia)	A0728/0033964		CO-ADD:PC0237	32	32	32	32	32	32	32	32																																						
CO-ADD:0221844	c1(C#N)c(SCC(=O)Nc(cc2)ccc2Br)nc(cc1c3ccccc3OC)c4ccccc4	Russian Academy of Science (Russia)	A0728/0033967		CO-ADD:PC0237	32	32	32	32	32	32	32	32																																						
CO-ADD:0221848	C1(C#N)=C(c2ccccc2Cl)C3=C(CCCC3)NC1=S	Russian Academy of Science (Russia)	A0728/0033972		CO-ADD:PC0237	32	32	32	32	32	32	32	32																																						
CO-ADD:0221850	C1(C#N)=C(C2CC2)CC(C(C#N)=C1N)c(cccc3[N+](=O)[O-])c3	Russian Academy of Science (Russia)	A0728/0033976		CO-ADD:PC0237	20.9	32	32	32	32	32	32	32																																						
CO-ADD:0221852	C(C(=O)Nc1ccccc1)(=C(C)NC(=C2C#N)SCC)C2c3ccccc3Cl	Russian Academy of Science (Russia)	A0729/0033983		CO-ADD:PC0237	32	32	32	32	32	32	32	32																																						
CO-ADD:0221860	N1(CNc2ccccc2)C(=O)\\C(\\SC1=O)=C/c3ccc(C)o3	Russian Academy of Science (Russia)	A0729/0034016		CO-ADD:PC0237	32	32	32	32	32	32	32	32																																						
CO-ADD:0222726	C(COC)(=O)N\\N=C\\c(cc1)ccc1OC\\C=C\\Cl	Russian Academy of Science (Russia)	A0776/0036322		CO-ADD:PC0238	32	32	32	32	32	32	32	32																																						
CO-ADD:0222730	N1(CCc(cccc2)c12)C(=O)C(c3ccccc3)c4ccccc4	Russian Academy of Science (Russia)	A0776/0036328		CO-ADD:PC0238	32	32	32	32	32	32	32	32																																						
CO-ADD:0219321	c1(C#N)c(c2ccc(cc2)Cl)cc(nc1SCC(OCCC)=O)c3ccccc3	Russian Academy of Science (Russia)	A0636/0029543		CO-ADD:PC0233	21.3	32	32	32	32	32	32	32																																						
CO-ADD:0219330	[N+](=O)([O-])c1ccc(cc1)\\N=C\\c(cc(I)cc2I)c2O	Russian Academy of Science (Russia)	A0637/0029574		CO-ADD:PC0233	15.8	32	32	16	32	32	2	8																																						
CO-ADD:0220283	c1(cc(C)cc(I)c1O)\\C=N\\c2ccc(cc2O)C	Russian Academy of Science (Russia)	A0664/0030881		CO-ADD:PC0236	11.7	32	32	32	32	32	32	16																																						
CO-ADD:0220559	c1(OCC(=O)N\\N=C\\c2cccc(O)c2)c(Br)cc(cc1Br)Br	Russian Academy of Science (Russia)	A0671/0031259		CO-ADD:PC0236	2.15	32	32	32	32	32	32	32																																						
CO-ADD:0217545	[N+](=O)([O-])c(cc1)ccc1c2ccc(\\C=N\\NC(=O)\\C(=C/c(cc3)ccc3N(CC)CC)\\NC(c4ccccc4)=O)o2	Russian Academy of Science (Russia)	A0582/0026875		CO-ADD:PC0225	32	32	32	32	32	32	32	32																																						
CO-ADD:0217553	c1(c2ccc(cc2)\\N=C\\c(cc(OCO3)c3c4)c4Br)[nH]c5c(ccc(c5)\\N=C\\c(cc(OCO6)c6c7)c7Br)n1	Russian Academy of Science (Russia)	A0582/0026884		CO-ADD:PC0225	32	32	32	32	32	32	32	32																																						
CO-ADD:0217579	C(=O)(N\\N=C\\c(cc1)ccn1)C(C)Oc(ccc(c23)cccc2)c3	Russian Academy of Science (Russia)	A0583/0026925		CO-ADD:PC0225	32	32	32	32	32	32	32	32																																						
CO-ADD:0217963	C(=O)(c1ccc(cc1)Cl)Oc2cccc(cccn3)c23	Russian Academy of Science (Russia)	A0587/0027118		CO-ADD:PC0228	32	32	32	32	32	32	32	32																																						
CO-ADD:0217972	N1(CNc2c(C)ccc(Cl)c2)C(=O)\\C(\\SC1=S)=C/c(cc3OC)cc(c3OC)OC	Russian Academy of Science (Russia)	A0587/0027139		CO-ADD:PC0228	32	32	32	32	32	32	32	32																																						
CO-ADD:0218997	c1(C(=O)N\\N=C/c2ccccc2O)c(O)cc(c3c1)cccc3	Russian Academy of Science (Russia)	A0608/0028161		CO-ADD:PC0233	1.01	32	32	32	32	32	32	32																																						
CO-ADD:0222744	C(=O)(Oc1ccccc1\\C=N\\NC(COc2cc(C)ccc2C(C)C)=O)c3ccco3	Russian Academy of Science (Russia)	A0777/0036354		CO-ADD:PC0238	2.02	32	32	32	32	32	32	32																																						
CO-ADD:0222754	c1(\\C=N\\NC(COc2ccc(cc2Br)OC)=O)c(cccc1Cl)Cl	Russian Academy of Science (Russia)	A0777/0036368		CO-ADD:PC0238	32	32	32	32	32	32	32	32																																						
CO-ADD:0222760	c1(c(Br)cc(cc1\\C=N\\NC(CNC(=O)c2ccco2)=O)Br)OC(=O)c3ccco3	Russian Academy of Science (Russia)	A0777/0036376		CO-ADD:PC0238	2.45	32	32	32	32	32	32	32																																						
CO-ADD:0222782	C12=C(CC(C)(C)CC1=O)c3c(ccc(cccc4)c34)NC2c5ccc(cc5Cl)Cl	Russian Academy of Science (Russia)	A0778/0036416		CO-ADD:PC0238	15.4	32	32	32	32	32	32	32																																						
CO-ADD:0220316	c1(cc(C)c(cc1O)C)\\C=N\\c2ccc(cc2O)C	Russian Academy of Science (Russia)	A0665/0030926		CO-ADD:PC0236	11.2	32	32	32	32	32	32	32																																						
CO-ADD:0220320	C(CNc1ccccc1C)(=O)N\\N=C\\C(\\Br)=C\\c2ccccc2	Russian Academy of Science (Russia)	A0665/0030935		CO-ADD:PC0236	6.35	32	32	32	32	32	32	32																																						
CO-ADD:0220321	c1(ccc(\\C=N\\NC(CNc2ccccc2C)=O)o1)[N+](=O)[O-]	Russian Academy of Science (Russia)	A0665/0030936		CO-ADD:PC0236	5.78	32	32	8	32	32	32	32																																						
CO-ADD:0220327	C(c1ccccc1)(=O)Oc(cc2)ccc2\\C=N\\NC(CNc3cccc(C)c3)=O	Russian Academy of Science (Russia)	A0665/0030944		CO-ADD:PC0236	32	32	32	32	32	32	32	32																																						
CO-ADD:0217312	n1c(N(C)C)nc(nc1N(CC2)CCO2)N\\N=C\\C(\\Br)=C\\c3ccccc3	Russian Academy of Science (Russia)	A0574/0026507		CO-ADD:PC0225	18.8	32	32	32	32	32	32	2																																						
CO-ADD:0218626	c1(cccc(cccc2)c12)CC(=O)N\\N=C\\c(ccc(c3OC)OCc(cc4)ccc4Br)c3	Russian Academy of Science (Russia)	A0618/0028631		CO-ADD:PC0228	32	32	32	32	32	32	32	32																																						
CO-ADD:0218632	[N+](=O)([O-])c(cc(cc1[N+](=O)[O-])C(=O)NC(CSCc2ccccc2)C(=O)N\\N=C(/C)\\CCCC)c1	Russian Academy of Science (Russia)	A0618/0028637		CO-ADD:PC0228	32	32	32	32	32	32	32	32																																						
CO-ADD:0219560	C(O)(=O)\\C=C\\c(cccc1Oc2ccccc2)c1	Russian Academy of Science (Russia)	A0645/0029945		CO-ADD:PC0233	32	32	32	32	32	32	32	32																																						
CO-ADD:0219563	c1(\\C=N\\NCc(cc2)ccc2Cl)c3c(cccc3)cc(cccc4)c14	Russian Academy of Science (Russia)	A0645/0029953		CO-ADD:PC0233	32	32	32	32	32	32	32	32																																						
CO-ADD:0216962	c1(ccc(cc1Cl)Cl)C(=O)Oc2cc(ccc2\\C=N\\NC(=O)c3ccc(cc3)NC(CC)=O)OC(=O)c4ccc(cc4Cl)Cl	Russian Academy of Science (Russia)	A0558/0025789		CO-ADD:PC0225	32	32	32	32	32	32	32	32																																						
CO-ADD:0216981	[N+](=O)([O-])c1cc(ccc1OC(=O)c2ccc(cc2)OC)\\C=N\\c3ccccc3	Russian Academy of Science (Russia)	A0558/0025817		CO-ADD:PC0225	32	32	32	32	32	32	32	16																																						
CO-ADD:0216989	S(=O)(=O)(c(cc1)ccc1[N+](=O)[O-])Oc2ccc(c3c2\\C=N\\c4ccc(cc4C)C)cccc3	Russian Academy of Science (Russia)	A0559/0025828		CO-ADD:PC0225	32	32	32	32	32	32	32	32																																						
CO-ADD:0223595	S(=O)(=O)(c1ccc(cc1)\\N=C\\c(ccc(c2OC)OC)c2)Nc3cc(OC)nc(OC)n3	Russian Academy of Science (Russia)	A0784/0036696		CO-ADD:PC0239	32	32	32	32	32	32	32	32	32																																					
CO-ADD:0223615	c1(cc(Cl)cc(\\C=N\\c(cc2)ccc2C)c1O)[N+](=O)[O-]	Russian Academy of Science (Russia)	A0785/0036747		CO-ADD:PC0239	32	32	32	32	32	32	32	32	32																																					
CO-ADD:0220970	n1c(N(C)C)nc(nc1N(CC2)CCO2)N\\N=C\\c(cc(I)cc3I)c3O	Russian Academy of Science (Russia)	A0684/0031860		CO-ADD:PC0237	32	32	32	32	32	32	32	32																																						
CO-ADD:0217343	c(Nc(ccc(c1C)C)c1)(nc(N\\N=C/c(ccc2c(cc3)ccc3C(O)=O)o2)nc4Nc(cc5)ccc5[N+](=O)[O-])n4	Russian Academy of Science (Russia)	A0576/0026561		CO-ADD:PC0225	17.6	32	32	32	32	32	32	32																																						
CO-ADD:0218375	n(\\N=C\\c(ccc(c1O)OC)c1)(cnn2)c2	Russian Academy of Science (Russia)	A0605/0028017		CO-ADD:PC0228	32	32	32	32	32	32	32	32																																						
CO-ADD:0219566	N(C(CCC(=O)N\\N=C\\c1ccccc1O)=O)c2ccc(cc2C)I	Russian Academy of Science (Russia)	A0645/0029956		CO-ADD:PC0233	32	32	32	32	32	32	32	32																																						
CO-ADD:0219568	N(=C\\c1ccccc1F)/NC(CCC(=O)Nc2cccc(Cl)c2)=O	Russian Academy of Science (Russia)	A0645/0029959		CO-ADD:PC0233	16.3	32	32	32	32	32	32	32																																						
CO-ADD:0219572	c1(ccccc1I)C(O\\N=C/c(cc2)ccc2OCC)=O	Russian Academy of Science (Russia)	A0645/0029964		CO-ADD:PC0233	32	32	32	32	32	32	32	32																																						
CO-ADD:0219584	C(COc1cccc(C)c1)(=O)N\\N=C\\c(ccc(c2Br)OC)c2	Russian Academy of Science (Russia)	A0645/0029978		CO-ADD:PC0233	32	32	32	32	32	32	32	32																																						
CO-ADD:0219613	[N+](=O)([O-])c(ccc(c1\\C=N\\NC(CCC(=O)Nc2ccc(cc2C)I)=O)O)c1	Russian Academy of Science (Russia)	A0646/0030014		CO-ADD:PC0233	32	32	32	32	32	32	32	32																																						
CO-ADD:0219615	[N+](=O)([O-])c(cccc1C(=O)N\\N=C\\C=C(/O)\\c2ccc(cc2)Br)c1	Russian Academy of Science (Russia)	A0646/0030016		CO-ADD:PC0233	8	32	32	32	32	32	32	16																																						
CO-ADD:0220564	[N+](=O)([O-])c1ccccc1OCC(=O)N\\N=C\\c2cc(O)ccc2[N+](=O)[O-]	Russian Academy of Science (Russia)	A0672/0031265		CO-ADD:PC0236	32	32	32	32	32	32	32	32																																						
CO-ADD:0220566	c1(\\C=N\\NC(CNc2ccccc2C)=O)c(C)cc(cc1O)O	Russian Academy of Science (Russia)	A0672/0031270		CO-ADD:PC0236	2.48	32	32	32	32	32	32	32																																						
CO-ADD:0220568	C(CNc1ccccc1C)(=O)N\\N=C\\c(ccc(c2Br)OC)c2	Russian Academy of Science (Russia)	A0672/0031272		CO-ADD:PC0236		32	32	32	32	32	32	32																																						
CO-ADD:0216890	C(CSCc1ccccc1C)(=O)N\\N=C\\c(ccc(c2OCC)OCCC)c2	Russian Academy of Science (Russia)	A0556/0025692		CO-ADD:PC0225	32	32	32	32	32	32	32	32																																						
CO-ADD:0220981	n(Cc1ccccc1)(c2c(c3\\C=N\\NC(=O)c4cc(Br)ccc4O)cccc2)c3C	Russian Academy of Science (Russia)	A0684/0031874		CO-ADD:PC0237	32	32	32	32	32	32	32	32																																						
CO-ADD:0220998	c1(O)c(Br)c(\\C=N\\NC(COc2ccc(cc2OC)Br)=O)cc(Br)c1O	Russian Academy of Science (Russia)	A0685/0031901		CO-ADD:PC0237	6.37	32	32	16	32	32	32	32																																						
CO-ADD:0221000	C(COc1ccc(cc1OC)Br)(=O)N\\N=C\\c(cc2)ccc2Br	Russian Academy of Science (Russia)	A0685/0031903		CO-ADD:PC0237	13.4	32	32	32	32	32	32	32																																						
CO-ADD:0221002	c1(O)c(O)ccc(\\C=N\\NC(COc2ccc(cc2OC)Br)=O)c1O	Russian Academy of Science (Russia)	A0685/0031905		CO-ADD:PC0237	0.314	32	32	32	32	32	32	32																																						
CO-ADD:0221004	C(COc1ccc(cc1OC)Br)(=O)N\\N=C\\c2cccs2	Russian Academy of Science (Russia)	A0685/0031908		CO-ADD:PC0237	32	32	32	32	32	32	32	32																																						
CO-ADD:0221007	C(COc1ccc(cc1OC)Br)(=O)N\\N=C\\c(cc2)ccc2OC	Russian Academy of Science (Russia)	A0685/0031913		CO-ADD:PC0237	32	32	32	32	32	32	32	32																																						
CO-ADD:0221879	N1(CNc2cccc(Cl)c2)C(=O)\\C(\\NC1=S)=C/c3ccccc3	Russian Academy of Science (Russia)	A0730/0034059		CO-ADD:PC0237	1.38	32	32	32	32	32	32	32																																						
CO-ADD:0221888	c1(cc(F)c(cc1Cl)F)C(=O)Nc2cccc(N(C)C)c2	Russian Academy of Science (Russia)	A0730/0034071		CO-ADD:PC0237	32	32	32	32	32	32	32	32																																						
CO-ADD:0221890	N1(c2ccccc2[N+](=O)[O-])C(=O)C(C(C1=O)C34C=O)C(c(c35)cccc5)c(c46)cccc6	Russian Academy of Science (Russia)	A0730/0034074		CO-ADD:PC0237	5.26	32	32	32	32	32	32	32																																						
CO-ADD:0218396	c1(non2)c2nc(Nc3ccccc3Cl)c(N\\N=C\\c4ccc(cc4Cl)Cl)n1	Russian Academy of Science (Russia)	A0606/0028060		CO-ADD:PC0228	32	32	32	32	32	32	32	32																																						
CO-ADD:0218400	c(cc(cc1[N+](=O)[O-])[N+](=O)[O-])([N+](=O)[O-])c1NCCCO	Russian Academy of Science (Russia)	A0606/0028065		CO-ADD:PC0228	0.46	32	32	1	32	32	32	32																																						
CO-ADD:0219333	C(CCCC(CCCCCCCCCC)=O)(NCCCCCCCCCCCC)=O	Russian Academy of Science (Russia)	A0637/0029579		CO-ADD:PC0233	6.69	32	32	16	16	32	32	32																																						
CO-ADD:0219345	C(F)(F)(C(F)F)Oc1ccccc1NC(=O)C(=O)N\\N=C\\c2ccccc2OC	Russian Academy of Science (Russia)	A0638/0029600		CO-ADD:PC0233		32	32	32	32	32	32	32																																						
CO-ADD:0219348	c1(\\C=N\\NC(CCC(=O)Nc2cccc(Cl)c2)=O)c(O)ccc(cccc3)c13	Russian Academy of Science (Russia)	A0638/0029609		CO-ADD:PC0233	4.86	32	32	32	32	32	32	32																																						
CO-ADD:0219357	C(F)(F)(C(F)F)Oc1ccccc1NC(=O)C(=O)N\\N=C\\c2cccc(OC)c2O	Russian Academy of Science (Russia)	A0638/0029619		CO-ADD:PC0233	32	32	32	32	32	32	32	32																																						
CO-ADD:0219370	c1(C#N)c(c2ccccc2)cc(nc1O)c3ccccc3	Russian Academy of Science (Russia)	A0638/0029638		CO-ADD:PC0233	13.2	32	32	32	32	32	32	32																																						
CO-ADD:0220573	c1(c(ccc(c2Cl)Cl)c2)ccc(\\C=N\\NC(CNc3ccccc3C)=O)o1	Russian Academy of Science (Russia)	A0672/0031280		CO-ADD:PC0236	32	32	32	32	32	32	32	32																																						
CO-ADD:0220576	C(=C/c1ccccc1O)(/NC(c2ccccc2)=O)\\C(=O)N\\N=C/c(ccc(c34)ccc(ccc(n5)\\C=N\\NC(=O)\\C(=C\\c6ccccc6O)\\NC(c7ccccc7)=O)c35)n4	Russian Academy of Science (Russia)	A0672/0031286		CO-ADD:PC0236	32	32	32	32	32	32	32	16																																						
CO-ADD:0220582	[N+](=O)([O-])c(cc1)ccc1C(=O)Oc2ccc(cc2OC)\\C=N\\NC(CNc3ccccc3C)=O	Russian Academy of Science (Russia)	A0672/0031293		CO-ADD:PC0236	32	32	32	32	32	32	32	32																																						
CO-ADD:0220590	[N+](=O)([O-])c1ccccc1OCC(=O)N\\N=C\\c2cc(Br)ccc2OC(c3ccccc3)=O	Russian Academy of Science (Russia)	A0672/0031302		CO-ADD:PC0236	7.9	32	32	32	32	32	32	32																																						
CO-ADD:0220593	c1(OCC(=O)N\\N=C\\c(cc2OC)cc(c2O)OC)c(Br)cc(cc1Br)Br	Russian Academy of Science (Russia)	A0672/0031305		CO-ADD:PC0236	7.41	32	32	32	32	32	32	32																																						
CO-ADD:0220599	C(=O)(c1ccc(cc1)Br)Oc2ccc(cc2OC)\\C=N\\NC(COc3ccc(cc3Cl)Cl)=O	Russian Academy of Science (Russia)	A0673/0031311		CO-ADD:PC0236	32	32	32	32	32	32	32	32																																						
CO-ADD:0220611	C(/NC(c1ccccc1)=O)(\\C(=O)N\\N=C\\c2cc(Br)cc(Br)c2OC(=O)c3cccc(C)c3)=C\\c4cccs4	Russian Academy of Science (Russia)	A0673/0031328		CO-ADD:PC0236	32	32	32	32	32	32	32	32																																						
CO-ADD:0217621	c1(\\C=N\\NC(COc2ccccc2Br)=O)c(ccc(cccc3)c13)OCc4cccc(Br)c4	Russian Academy of Science (Russia)	A0584/0026987		CO-ADD:PC0225	32	32	32	32	32	32	32	32																																						
CO-ADD:0217009	[N+](=O)([O-])c1cc(ccc1OC(=O)c2ccc(cc2)OC)\\C=N\\c(cc3)ccc3C	Russian Academy of Science (Russia)	A0559/0025858		CO-ADD:PC0225	32	32	32	32	32	32	32	32																																						
CO-ADD:0217010	c1(\\N=C\\c(cccc2[N+](=O)[O-])c2)sc3c(ccc(Br)c3)n1	Russian Academy of Science (Russia)	A0559/0025859		CO-ADD:PC0225	32	32	32	32	32	32	32	16																																						
CO-ADD:0217013	[N+](=O)([O-])c1cc(ccc1OC(=O)c2ccc(cc2)OC)\\C=N\\c(cc3)ccc3I	Russian Academy of Science (Russia)	A0559/0025866		CO-ADD:PC0225	32	32	32	32	32	32	32	32																																						
CO-ADD:0217014	c1(\\N=C\\c(cc2)ccc2OC)sc3c(ccc(Br)c3)n1	Russian Academy of Science (Russia)	A0559/0025867		CO-ADD:PC0225	32	32	32	32	32	32	32	32																																						
CO-ADD:0218027	C(=N\\Nc(cc1)ccc1Br)(/C2=O)\\C(=O)NC(=S)N2	Russian Academy of Science (Russia)	A0589/0027232		CO-ADD:PC0228	32	32	32	32	32	32	32	32																																						
CO-ADD:0218035	N1(CCCOC)C(=O)c2c(c3C1=O)c(ccc2)c(cc3)N	Russian Academy of Science (Russia)	A0590/0027244		CO-ADD:PC0228	32	32	32	32	32	32	32	32																																						
CO-ADD:0221894	N1(CNc2ccccc2C)C(=O)\\C(\\SC1=S)=C\\c(cc3)ccc3C(C)C	Russian Academy of Science (Russia)	A0731/0034082		CO-ADD:PC0237	32	32	32	32	32	32	32	32																																						
CO-ADD:0221908	N1(c(cc2)ccc2S(N)(=O)=O)C(=O)c(c3)c(c(c4)C1=O)c(cc3[N+](=O)[O-])cc4[N+](=O)[O-]	Russian Academy of Science (Russia)	A0714/0033330		CO-ADD:PC0238	16.6	32	32	32	32	32	32	32																																						
CO-ADD:0221913	C(=C/c1ccc(cc1Cl)Cl)(/C(C)=NN2c3ccccc3)\\C2=O	Russian Academy of Science (Russia)	A0714/0033338		CO-ADD:PC0238	21.9	32	32	0.5	32	32	32	32																																						
CO-ADD:0221917	N1(Nc(cc2)ccc2Cl)C(=O)c(cc3)c(c(ccc4[N+](=O)[O-])C1=O)c4c3[N+](=O)[O-]	Russian Academy of Science (Russia)	A0714/0033345		CO-ADD:PC0238	0.563	32	32	2	32	32	32	32																																						
CO-ADD:0222805	[N+](=O)([O-])\\C=C\\c(ccc(c1OC)OC)c1	Russian Academy of Science (Russia)	A0779/0036454		CO-ADD:PC0238	1.76	32	32	32	32	32	1	2																																						
CO-ADD:0219372	C(=O)(N\\N=C\\C=C(/O)\\c1ccc(cc1)C)c2ccc(cc2)O	Russian Academy of Science (Russia)	A0638/0029641		CO-ADD:PC0233	32	32	32	32	32	32	32	16																																						
CO-ADD:0220338	[N+](=O)([O-])c1ccc(cc1O)\\C=N\\NC(CNc(cc2)ccc2C)=O	Russian Academy of Science (Russia)	A0665/0030956		CO-ADD:PC0236	8.01	32	32	32	32	32	32	32																																						
CO-ADD:0220342	c1(cc(C)cc(I)c1O)\\C=N\\c(ccc(c2Cl)F)c2	Russian Academy of Science (Russia)	A0665/0030962		CO-ADD:PC0236	16.2	32	32	32	32	32	32	16																																						
CO-ADD:0220345	C(CNc(cc1)ccc1C)(=O)N\\N=C\\c(ccc(c23)cccc2)c3	Russian Academy of Science (Russia)	A0665/0030965		CO-ADD:PC0236	32	32	32	32	32	32	32	32																																						
CO-ADD:0220347	c1(\\C=N\\NC(CNc(cc2)ccc2C)=O)c(C)cc(cc1O)O	Russian Academy of Science (Russia)	A0666/0030969		CO-ADD:PC0236	3.32	32	32	32	32	32	32	32																																						
CO-ADD:0220349	C(CNc(cc1)ccc1C)(=O)N\\N=C\\c(cc2)ccc2OCc3ccccc3	Russian Academy of Science (Russia)	A0666/0030971		CO-ADD:PC0236	32	32	32	32	32	32	32	32																																						
CO-ADD:0220350	[N+](=O)([O-])c(cc1)ccc1C(=O)Oc2ccccc2\\C=N\\NC(CNc(cc3)ccc3C)=O	Russian Academy of Science (Russia)	A0666/0030972		CO-ADD:PC0236	1.17	32	32	32	32	32	32	32																																						
CO-ADD:0220357	c1(cc(C)cc(I)c1O)\\C=N\\c2ccc(cc2Cl)C	Russian Academy of Science (Russia)	A0666/0030979		CO-ADD:PC0236	32	32	32	32	32	32	32	32																																						
CO-ADD:0220359	c1(cc(C)cc(I)c1O)\\C=N\\c(cc2)ccc2F	Russian Academy of Science (Russia)	A0666/0030981		CO-ADD:PC0236	17.9	32	32	32	32	32	32	16																																						
CO-ADD:0220360	c1(cc(C)cc(I)c1O)\\C=N\\c(cc2)ccc2OC	Russian Academy of Science (Russia)	A0666/0030982		CO-ADD:PC0236	16.4	32	32	32	32	32	32	32																																						
CO-ADD:0220362	c1(\\C=N\\NC(CNc2ccccc2C)=O)cc(Br)ccc1O	Russian Academy of Science (Russia)	A0666/0030984		CO-ADD:PC0236	3.88	32	32	32	32	32	32	32																																						
CO-ADD:0220378	[N+](=O)([O-])c(cc1)ccc1c2ccc(\\C=N\\NC(CNc3cccc(C)c3)=O)o2	Russian Academy of Science (Russia)	A0666/0031006		CO-ADD:PC0236	32	32	32	32	32	32	32	32																																						
CO-ADD:0217635	[N+](=O)([O-])c(cc1)ccc1c2ocnn2	Russian Academy of Science (Russia)	A0585/0027019		CO-ADD:PC0225	32	32	32	32	32	32	32	32																																						
CO-ADD:0217649	n1c(c2ccccc2)c(cn1c3ccccc3)\\C=N\\NC(COc(cc4)ccc4OC)=O	Russian Academy of Science (Russia)	A0585/0027045		CO-ADD:PC0225	21.7	32	32	32	32	32	32	32																																						
CO-ADD:0217650	n1c(c2ccccc2)c(cn1c3ccccc3)\\C=N\\NC(=O)c4ccc(cc4)OCC=C	Russian Academy of Science (Russia)	A0585/0027046		CO-ADD:PC0225	32	32	32	32	32	32	32	8																																						
CO-ADD:0217657	n1c(c2ccccc2)c(cn1c3ccccc3)\\C=N\\NC(=O)c(cccc4[N+](=O)[O-])c4.CC(=O)O	Russian Academy of Science (Russia)	A0586/0027056		CO-ADD:PC0225	5.73	32	32	32	32	32	32	4																																						
CO-ADD:0217672	N1(SCc2ccccc2)C(=O)c(c3C1=O)cccc3	Russian Academy of Science (Russia)	A0586/0027080		CO-ADD:PC0225	6.53	32	32	32	32	32	32	8	32												32	32	32	16	16	2	2																			
CO-ADD:0218674	[N+](=O)([O-])c(cc1)ccc1C(=O)N\\N=C(/C)\\CC(=O)Nc(cc2)ccc2F	Russian Academy of Science (Russia)	A0619/0028709		CO-ADD:PC0228	32	32	32	32	32	32	32	32																																						
CO-ADD:0219098	C(COc1cccc(Br)c1)(NCCCCCCCCCNC(COc2cccc(Br)c2)=O)=O	Russian Academy of Science (Russia)	A0629/0029170		CO-ADD:PC0233	32	32	32	8	32	32	32	32																																						
CO-ADD:0219999	n1(c2ccccc2)nnnc1SCc3ccccc3	Russian Academy of Science (Russia)	A0655/0030435		CO-ADD:PC0236	32	32	32	32	32	32	32	32																																						
CO-ADD:0220000	C(CCc1ccccc1)(=O)Nc2cccc(F)c2	Russian Academy of Science (Russia)	A0655/0030436		CO-ADD:PC0236	8.93	32	32	32	32	32	32	32																																						
CO-ADD:0220005	c1(N2)c(cc(c(Br)c1Br)Br)OC2=O	Russian Academy of Science (Russia)	A0655/0030449		CO-ADD:PC0236	32	32	32	32	32	32	32	32													32	32	32					32	32	32																
CO-ADD:0220007	C(Cl)(Cl)(Cl)C(c1ccc(cc1)OCC)c2ccc(cc2)OCC	Russian Academy of Science (Russia)	A0655/0030453		CO-ADD:PC0236	32	32	32	32	32	32	32	32																																						
CO-ADD:0220017	C(=O)(N\\N=C\\C=C\\c1ccccc1)N\\N=C\\C=C\\c2ccccc2	Russian Academy of Science (Russia)	A0655/0030472		CO-ADD:PC0236	32	32	32	32	32	32	32	32																																						
CO-ADD:0220019	C(=C\\c1ccccc1)(/c(cc(cc2[N+](=O)[O-])[N+](=O)[O-])c23)\\c(cc(cc4[N+](=O)[O-])[N+](=O)[O-])c34	Russian Academy of Science (Russia)	A0655/0030476		CO-ADD:PC0236	3.74	32	32	32	32	32	16	32																																						
CO-ADD:0220027	n1c(c2ccccc2)cc(cc1c3ccccc3)c4ccc(cc4)OC	Russian Academy of Science (Russia)	A0656/0030493		CO-ADD:PC0236	32	32	32	32	32	32	32	32																																						
CO-ADD:0220038	N(=C\\c(cc1)ccc1OCC)/Nc2ccccc2	Russian Academy of Science (Russia)	A0656/0030506		CO-ADD:PC0236	32	8	32	32	32	32	32	16																																						
CO-ADD:0217352	[N+](=O)([O-])c1cc(ccc1OC(=O)c2cccc(C)c2)\\C=N\\c3ccc(cc3C)C	Russian Academy of Science (Russia)	A0576/0026574		CO-ADD:PC0225	32	32	32	32	32	32	32	32																																						
CO-ADD:0217377	c1(C(=O)N\\N=C\\c(ccc2c3ccc(cc3Cl)Cl)o2)nn(c(c4ccccc4)n1)c5ccccc5	Russian Academy of Science (Russia)	A0577/0026608		CO-ADD:PC0225	32	32	32	32	32	32	32	32																																						
CO-ADD:0217398	c1(c2ccc(cc2)I)ccc(\\C=N\\NC(=O)c(cccn3)c3)o1	Russian Academy of Science (Russia)	A0577/0026636		CO-ADD:PC0225	32	32	32	32	32	32	32	32																																						
CO-ADD:0218946	c1(C(=O)N\\N=C\\c(ccc(c2OC)C)c2)c(O)cc(c3c1)cccc3	Russian Academy of Science (Russia)	A0626/0029023		CO-ADD:PC0233	32	32	32	32	32	32	32	32																																						
CO-ADD:0218957	[N+](=O)([O-])c(cc(cc1[N+](=O)[O-])C(=O)Oc(cc2)ccc2\\C=N\\c3ccccc3OC)c1	Russian Academy of Science (Russia)	A0626/0029044		CO-ADD:PC0233	32	32	32	32	32	32	32	32																																						
CO-ADD:0218976	[N+](=O)([O-])c(cc(cc1[N+](=O)[O-])C(NCCOc2ccccc2Cl)=O)c1	Russian Academy of Science (Russia)	A0627/0029075		CO-ADD:PC0233	32	32	32	16	32	32	32	32																																						
CO-ADD:0218981	[N+](=O)([O-])c(cc(cc1[N+](=O)[O-])C(=O)NC(C)c2ccc(cc2)OC)c1	Russian Academy of Science (Russia)	A0627/0029083		CO-ADD:PC0233	32	32	32	32	32	32	32	32																																						
CO-ADD:0221017	[N+](=O)([O-])c(cc(cc1[N+](=O)[O-])C(=O)OCC2CCCO2)c1	Russian Academy of Science (Russia)	A0685/0031923		CO-ADD:PC0237	32	32	32	16	32	32	32	32																																						
CO-ADD:0221036	c(c(Br)c1Br)c(NCC(=O)N\\N=C\\c2ccccc2)c(c1)Br	Russian Academy of Science (Russia)	A0686/0031949		CO-ADD:PC0237	32	32	32	32	32	32	32	32																																						
CO-ADD:0218457	[N+](=O)([O-])c1cccc(C(CCNc2ccccc2Br)=O)c1	Russian Academy of Science (Russia)	A0612/0028358		CO-ADD:PC0228	23.5	32	32	32	32	32	32	8	32												32	32	32	32	32	8	2																			
CO-ADD:0219390	[N+](=O)([O-])c(ccc(c1\\C=N\\NC(CCC(=O)Nc2cccc(Cl)c2)=O)O)c1	Russian Academy of Science (Russia)	A0639/0029666		CO-ADD:PC0233	0.617	32	32	32	32	32	32	32																																						
CO-ADD:0219646	N(C(CCC(=O)N\\N=C\\c1cccc(Cl)c1)=O)c2ccc(cc2C)I	Russian Academy of Science (Russia)	A0647/0030058		CO-ADD:PC0233	32	32	32	32	32	32	32	32																																						
CO-ADD:0219647	C(/O)(\\c1ccc(cc1)OC)=C\\C=N\\c2ccccc2C	Russian Academy of Science (Russia)	A0647/0030059		CO-ADD:PC0233	32	32	32	32	32	32	32	8																																						
CO-ADD:0219650	N(c1ccccc1Br)C(CCC(=O)N\\N=C\\c2cccc(Cl)c2)=O	Russian Academy of Science (Russia)	A0647/0030062		CO-ADD:PC0233	1.93	32	32	32	32	32	32	32																																						
CO-ADD:0219048	[N+](=O)([O-])c(cc(cc1[N+](=O)[O-])C(=O)Oc(cc2)ccc2\\C=N\\c3ccccc3O)c1	Russian Academy of Science (Russia)	A0627/0029095		CO-ADD:PC0233	32	32	32	32	32	32	32	32																																						
CO-ADD:0219063	[N+](=O)([O-])c(cc(cc1[N+](=O)[O-])C(=O)NC(CSCc2ccccc2)C(=O)N\\N=C\\c(cc3)ccc3Br)c1	Russian Academy of Science (Russia)	A0628/0029118		CO-ADD:PC0233	10.3	32	32	32	32	32	32	32																																						
CO-ADD:0221938	N1(Nc2ccccc2C)C(=O)c(cc3)c(c(ccc4[N+](=O)[O-])C1=O)c4c3[N+](=O)[O-]	Russian Academy of Science (Russia)	A0715/0033379		CO-ADD:PC0238	0.332	32	32	2	32	32	32	32																																						
CO-ADD:0221944	N1(c(ccc(c2C(O)=O)Cl)c2)C(=O)c(cc3)c(c(ccc4[N+](=O)[O-])C1=O)c4c3[N+](=O)[O-]	Russian Academy of Science (Russia)	A0715/0033390		CO-ADD:PC0238	14.6	32	32	0.5	32	32	32	32																																						
CO-ADD:0219392	c1(\\C=N\\NC(CCC(=O)Nc2cccc(Cl)c2)=O)cc(Br)ccc1O	Russian Academy of Science (Russia)	A0639/0029668		CO-ADD:PC0233	8.12	32	32	32	32	32	32	32																																						
CO-ADD:0219394	N(=C\\c1ccccc1OC)/NC(CCC(=O)Nc2cccc(Cl)c2)=O	Russian Academy of Science (Russia)	A0639/0029671		CO-ADD:PC0233	7.75	32	32	32	32	32	32	32																																						
CO-ADD:0219409	N(=C\\c(ccc(c1Br)O)c1)/NC(Cc2ccccc2)=O	Russian Academy of Science (Russia)	A0640/0029696		CO-ADD:PC0233	32	32	32	32	32	32	32	32																																						
CO-ADD:0219410	N(=C\\c1ccccc1Cl)/NC(CCC(=O)Nc2cccc(Cl)c2)=O	Russian Academy of Science (Russia)	A0640/0029700		CO-ADD:PC0233	13.2	32	32	32	32	32	32	32																																						
CO-ADD:0219417	C(=O)(N\\N=C\\c1ccccc1OCc2ccccc2Cl)c3cccc(Br)c3	Russian Academy of Science (Russia)	A0640/0029713		CO-ADD:PC0233	32	32	32	32	32	32	32	32																																						
CO-ADD:0219428	[N+](=O)([O-])c1c(ccc(c1)[N+](=O)[O-])CC(=O)N\\N=C\\c2ccccc2OCc(cc3)ccc3Cl	Russian Academy of Science (Russia)	A0640/0029726		CO-ADD:PC0233	32	32	32	32	32	32	32	32																																						
CO-ADD:0217690	N1(c2ccc(cc2)Sc(cc3)ccc3Oc(cc4)ccc4Sc(cc5)ccc5N6C(=O)C=CC6=O)C(=O)C=CC1=O	Russian Academy of Science (Russia)	A0569/0026223		CO-ADD:PC0225	32	32	32	32	32	32	32	32																																						
CO-ADD:0217696	C(=O)(Nc(cc1)ccc1Oc(cc2)ccc2Oc(cc3)ccc3NC(=O)\\C=C\\C(O)=O)\\C=C\\C(O)=O	Russian Academy of Science (Russia)	A0569/0026234		CO-ADD:PC0225	32	32	32	32	32	32	32	32																																						
CO-ADD:0217717	S(c1ccccc1)(=O)(=O)N(c(cc2)ccc2C(C)C)CC(=O)N\\N=C\\c(cc3)ccc3OCc(cc4)ccc4Cl	Russian Academy of Science (Russia)	A0570/0026266		CO-ADD:PC0225	32	32	32	32	32	32	32	32																																						
CO-ADD:0219799	S(c1ccccc1)(=O)(=O)N(c2ccc(c(Cl)c2)Cl)CC(=O)N\\N=C\\c(ccc(c3OCC)OCCC)c3	Russian Academy of Science (Russia)	A0652/0030314		CO-ADD:PC0233	32	32	32	32	32	32	32	32																																						
CO-ADD:0219802	C(OCCCC)(=O)c1ccc(cc1)\\N=C\\c(cc2)ccc2OCc3ccccc3	Russian Academy of Science (Russia)	A0652/0030322		CO-ADD:PC0233	32	32	32	32	32	32	32	32																																						
CO-ADD:0219807	c1(O)cc(O)ccc1\\C=N\\NC(CCCc(cc2)ccc2OC)=O	Russian Academy of Science (Russia)	A0652/0030329		CO-ADD:PC0233	3.9	32	32	32	32	32	32	32																																						
CO-ADD:0219808	S(=O)(=O)(NOCCC)c1ccccc1[N+](=O)[O-]	Russian Academy of Science (Russia)	A0653/0030330		CO-ADD:PC0233	32	32	32	32	32	32	32	32																																						
CO-ADD:0220163	c1(ccc(\\C=N\\NC(COc(cccc2[N+](=O)[O-])c2)=O)o1)[N+](=O)[O-]	Russian Academy of Science (Russia)	A0661/0030722		CO-ADD:PC0236	2.92	32	32	8	32	32	32	32																																						
CO-ADD:0220186	c1(c(ccc(c1)[N+](=O)[O-])Oc2cccc(c2)\\C=N\\c3cc(C)c(cc3O)C)[N+](=O)[O-]	Russian Academy of Science (Russia)	A0661/0030755		CO-ADD:PC0236	32	32	32	32	32	32	32	32																																						
CO-ADD:0220195	N(=C(/C)\\c1ccc(cc1)OC)/NC(CNc(cc2)ccc2C)=O	Russian Academy of Science (Russia)	A0661/0030768		CO-ADD:PC0236	32	32	32	32	32	32	32	32																																						
CO-ADD:0220402	C(CNc1ccc(cc1Br)Cl)(=O)N\\N=C\\c2ccco2	Russian Academy of Science (Russia)	A0667/0031040		CO-ADD:PC0236	32	32	32	32	32	32	32	32																																						
CO-ADD:0220408	C(CNc(cc1)ccc1Cl)(=O)N\\N=C\\c2ccccc2O	Russian Academy of Science (Russia)	A0667/0031046		CO-ADD:PC0236	3.32	32	32	32	32	32	32	32																																						
CO-ADD:0220415	c1(c2ccccc2)[nH]c3c(ccc(c3)\\N=C\\c(c(O)ccc4[N+](=O)[O-])c4)n1	Russian Academy of Science (Russia)	A0667/0031053		CO-ADD:PC0236	32	32	32	16	32	32	32	32																																						
CO-ADD:0220421	C(=O)(C(c1ccccc1)c2ccccc2)NCC(=O)N\\N=C\\c(cc3)ccc3Cl	Russian Academy of Science (Russia)	A0667/0031059		CO-ADD:PC0236	32	32	32	32	32	32	32	32																																						
CO-ADD:0220429	[N+](=O)([O-])c(cc1)ccc1C(=O)Oc2ccccc2\\C=N\\NC(COc3cccc(Br)c3)=O	Russian Academy of Science (Russia)	A0668/0031067		CO-ADD:PC0236	0.252	32	32	32	32	32	32	32																																						
CO-ADD:0217718	C(O)(=O)c1ccc(cc1)\\N=C\\c(cc2)ccc2OCc(cc3)ccc3F	Russian Academy of Science (Russia)	A0570/0026268		CO-ADD:PC0225	32	32	32	32	32	32	32	32																																						
CO-ADD:0217734	C(F)(F)(C(F)(F)C(F)(F)C(F)(F)F)C(F)(F)C(F)(F)C(=O)N\\N=C\\c1ccc(cc1O)O	Russian Academy of Science (Russia)	A0570/0026297		CO-ADD:PC0225	32	32	32	32	32	32	32	8																																						
CO-ADD:0217737	C(F)(F)(C(F)(F)C(F)(F)C(F)(F)F)C(F)(F)C(F)(F)C(=O)N\\N=C\\c1cc(OC)ccc1O	Russian Academy of Science (Russia)	A0570/0026301		CO-ADD:PC0225	32	32	32	32	32	32	32	32																																						
CO-ADD:0218767	C(=O)(N\\N=C\\c(cc1)ccc1OCc(ccc(c23)cccc2)c3)c4ccc(c(OC)c4)OC	Russian Academy of Science (Russia)	A0623/0028865		CO-ADD:PC0228	32	32	32	32	32	32	32	32																																						
CO-ADD:0216903	[N+](=O)([O-])c1cc(ccc1OC(=O)c2ccc(cc2Cl)Cl)\\C=N\\c(cc3)ccc3C(OCC)=O	Russian Academy of Science (Russia)	A0556/0025707		CO-ADD:PC0225	32	32	32	32	32	32	32	8																																						
CO-ADD:0220206	c1(c(ccc(c1)[N+](=O)[O-])Oc2cccc(c2)\\C=N\\c3ccc(cc3O)C)[N+](=O)[O-]	Russian Academy of Science (Russia)	A0662/0030782		CO-ADD:PC0236	10.2	32	32	32	32	32	32	32																																						
CO-ADD:0220215	c1(C)c(Br)cc(cc1Br)NCC(=O)N\\N=C\\c2ccccc2	Russian Academy of Science (Russia)	A0662/0030792		CO-ADD:PC0236	32	32	32	32	32	32	32	32																																						
CO-ADD:0217160	c1(C#N)c(c2ccc(cc2)OC)c3c(nc1SCC(=O)c4ccc(cc4)F)CCCC3	Russian Academy of Science (Russia)	A0566/0026133		CO-ADD:PC0225	32	32	32	32	32	32	32	32																																						
CO-ADD:0217178	[N+](=O)([O-])c(cc(cc1[N+](=O)[O-])C(=O)Oc2cccc(c2)\\C=N\\c(cc3)ccc3C)c1	Russian Academy of Science (Russia)	A0567/0026164		CO-ADD:PC0225	32	32	32	32	32	32	32	32																																						
CO-ADD:0217181	C(/O)(\\c1ccc(cc1)Cl)=C/C=N/c(cc2)ccc2O	Russian Academy of Science (Russia)	A0568/0026168		CO-ADD:PC0225	32	32	32	32	32	32	32	32																																						
CO-ADD:0217182	C(/O)(\\c1ccc(cc1)C)=C/C=N/c(cc2)ccc2O	Russian Academy of Science (Russia)	A0568/0026169		CO-ADD:PC0225	32	32	32	32	32	32	32	32																																						
CO-ADD:0217183	C(/O)(\\c1ccc(cc1)Cl)=C/C=N/Cc2ccccc2	Russian Academy of Science (Russia)	A0568/0026172		CO-ADD:PC0225	32	32	32	32	32	32	32	32																																						
CO-ADD:0217474	c1(oc(c2n1)cccc2)c3ccc(cc3O)\\N=C\\c4c(O)c(OC)cc(Br)c4Br	Russian Academy of Science (Russia)	A0580/0026769		CO-ADD:PC0225	32	32	32	32	32	32	32	16																																						
CO-ADD:0218484	n1(c(C)cc(C)n1)c2ccc(cc2[N+](=O)[O-])[N+](=O)[O-]	Russian Academy of Science (Russia)	A0613/0028400		CO-ADD:PC0228	32	32	32	32	32	32	32	32																																						
CO-ADD:0219693	[N+](=O)([O-])c1ccc(cc1)\\C=N\\NC(CCC(=O)Nc2c(Cl)ccc(Cl)c2)=O	Russian Academy of Science (Russia)	A0648/0030130		CO-ADD:PC0233	17.5	32	32	32	32	32	32	32																																						
CO-ADD:0219694	C1(C(=O)Oc2cccc(cccc3)c23)CC1c4ccccc4	Russian Academy of Science (Russia)	A0649/0030136		CO-ADD:PC0233	32	32	32	32	32	32	32	32																																						
CO-ADD:0219705	C(CSCc(cc1)ccc1Cl)(=O)N\\N=C\\c(cc2)ccc2Br	Russian Academy of Science (Russia)	A0649/0030164		CO-ADD:PC0233	0.483	32	32	32	32	32	32	32																																						
CO-ADD:0219710	[N+](=O)([O-])c1ccc(cc1)\\C=N\\NC(CSCc(cc2)ccc2Cl)=O	Russian Academy of Science (Russia)	A0649/0030169		CO-ADD:PC0233	32	32	32	32	32	32	32	32																																						
CO-ADD:0219712	C(CSCc(cc1)ccc1Cl)(=O)N\\N=C\\c2ccccc2	Russian Academy of Science (Russia)	A0649/0030171		CO-ADD:PC0233	2.66	32	32	32	32	32	32	32																																						
CO-ADD:0219007	N(c(cc1)ccc1\\N=C\\c2ccccc2O)=Nc3ccccc3	Russian Academy of Science (Russia)	A0608/0028173		CO-ADD:PC0233	32	32	32	32	32	32	32	32																																						
CO-ADD:0219010	C1(CC(C)CCC1C(C)C)OC(=O)c(cc2)ccc2c3ccccc3	Russian Academy of Science (Russia)	A0609/0028176		CO-ADD:PC0233	32	32	32	32	32	32	32	32																																						
CO-ADD:0219016	[N+](=O)([O-])c1ccc(cc1)\\C=N\\c2ccccc2C#N	Russian Academy of Science (Russia)	A0609/0028183		CO-ADD:PC0233	32	32	32	32	32	32	32	32																																						
CO-ADD:0219039	c1(NC(C)=O)sc(c2c1C(O)=O)CCCC2	Russian Academy of Science (Russia)	A0609/0028214		CO-ADD:PC0233	32	32	32	32	32	32	32	32																																						
CO-ADD:0218211	c1(cc(Br)ccc1O)C(=O)N\\N=C\\c2ccccc2O	Russian Academy of Science (Russia)	A0611/0028281		CO-ADD:PC0228	32	32	32	32	32	32	32	32																																						
CO-ADD:0218215	c1(cc(Br)ccc1O)C(=O)N\\N=C\\c2c(O)ccc(cccc3)c23	Russian Academy of Science (Russia)	A0611/0028285		CO-ADD:PC0228	32	32	32	32	32	32	32	32																																						
CO-ADD:0218233	[N+](=O)([O-])c(cc1)ccc1C(=O)Oc2cccc(cccn3)c23	Russian Academy of Science (Russia)	A0611/0028308		CO-ADD:PC0228	6.7	32	32	32	32	32	8	4	32												32	32	32	32	16	4	4																			
CO-ADD:0218248	[N+](=O)([O-])c(ccc(c1\\C=N\\c(cccc2NC(C)=O)c2)O)c1	Russian Academy of Science (Russia)	A0601/0027797		CO-ADD:PC0228	32	32	32	16	32	32	32	32	32												32	16	32	32	16	16	16																			
CO-ADD:0218495	C(F)(F)(C(F)(F)C(F)(F)C(F)(F)F)C(F)(F)C(F)(F)C(=O)N\\N=C\\c(cc1)ccc1O	Russian Academy of Science (Russia)	A0613/0028414		CO-ADD:PC0228	32	32	32	32	32	32	32	32																																						
CO-ADD:0218501	C(=O)(Nc(cc1)ccc1OCCCCCCCCCC)Nc2ccccc2OCCCC	Russian Academy of Science (Russia)	A0614/0028423		CO-ADD:PC0228	32	32	32	32	32	32	32	32																																						
CO-ADD:0219459	c1(Br)c(Br)c(\\C=N\\NC(COc2ccccc2OC)=O)cc(O)c1O	Russian Academy of Science (Russia)	A0641/0029775		CO-ADD:PC0233		32	32	32	32	32	32	32																																						
CO-ADD:0219461	C(=O)(c1ccc(cc1)F)Nc(cccc2C(=O)N\\N=C\\c3ccc(cc3OC)OC)c2	Russian Academy of Science (Russia)	A0641/0029779		CO-ADD:PC0233	19.6	32	32	32	32	32	32	32																																						
CO-ADD:0219727	[N+](=O)([O-])c1ccc(cc1)\\C=N\\NC(CCC(=O)Nc2cccc(Br)c2)=O	Russian Academy of Science (Russia)	A0650/0030195		CO-ADD:PC0233	32	32	32	0.5	32	32	32	32																																						
CO-ADD:0219825	S(=O)(=O)(c(cc1)ccc1[N+](=O)[O-])Nc2c(C)cccc2C	Russian Academy of Science (Russia)	A0653/0030366		CO-ADD:PC0233	7.68	32	32	8	32	32	32	32																																						
CO-ADD:0219839	N(c(cccc1)c1C(O2)=O)=C2c3ccccc3	Russian Academy of Science (Russia)	A0654/0030383		CO-ADD:PC0233	32	32	32	32	32	32	32	32																																						
CO-ADD:0216835	[N+](=O)([O-])c1cc(ccc1OC(c2ccccc2)=O)\\C=N\\NC(=O)c3cccc(C)c3	Russian Academy of Science (Russia)	A0540/0024903		CO-ADD:PC0225	32	32	32	32	32	32	32	32																																						
CO-ADD:0219223	c1(\\C=N\\NC(CCCC(=O)Nc(cc2)ccc2Br)=O)cc(Br)ccc1O	Russian Academy of Science (Russia)	A0633/0029377		CO-ADD:PC0233	32	32	32	32	32	32	32	32																																						
CO-ADD:0219241	c(cc(I)cc1I)(\\C=N\\c2ccccc2OC)c1O	Russian Academy of Science (Russia)	A0634/0029406		CO-ADD:PC0233	32	32	32	16	32	32	8	8																																						
CO-ADD:0219242	c(cc(I)cc1I)(\\C=N\\c2cccc(C)c2)c1O	Russian Academy of Science (Russia)	A0634/0029407		CO-ADD:PC0233		32	32	8	32	32	16	16																																						
CO-ADD:0219244	c(cc(I)cc1I)(\\C=N\\c(cc2)ccc2C#N)c1O	Russian Academy of Science (Russia)	A0634/0029411		CO-ADD:PC0233	32	32	32	32	32	32	8	2																																						
CO-ADD:0220221	n1c2c([nH]c1c3ccccc3)ccc(c2)\\N=C\\c(cccc4[N+](=O)[O-])c4	Russian Academy of Science (Russia)	A0662/0030800		CO-ADD:PC0236	32	32	32	32	32	32	32	32																																						
CO-ADD:0220224	C(F)(F)(C(F)(F)C(F)(F)C(F)(F)C(F)(F)F)C(F)(F)C(F)(F)C(F)(F)C(=O)NC(CCCC)C(O)=O	Russian Academy of Science (Russia)	A0662/0030806		CO-ADD:PC0236	32	32	32	32	32	32	32	32																																						
CO-ADD:0219472	c1(O)c(Br)c(\\C=N\\NC(COc(ccc(c23)cccc2)c3)=O)cc(Br)c1O	Russian Academy of Science (Russia)	A0642/0029794		CO-ADD:PC0233	3.44	32	32	16	32	32	32	32																																						
CO-ADD:0219489	c1(O)c(Br)c(\\C=N/NC(=O)c2ccc(cc2)OC)cc(Br)c1O	Russian Academy of Science (Russia)	A0642/0029820		CO-ADD:PC0233	3.15	32	32	32	32	32	32	32																																						
CO-ADD:0219493	c1(O)c(Br)c(\\C=N/NC(=O)c2ccccc2O)cc(Br)c1O	Russian Academy of Science (Russia)	A0642/0029825		CO-ADD:PC0233		32	32	32	32	32	32	32																																						
CO-ADD:0220457	C(=O)(C(c1ccccc1)c2ccccc2)NCC(=O)N\\N=C\\c(cc3)ccc3OC	Russian Academy of Science (Russia)	A0668/0031102		CO-ADD:PC0236		32	32	32	32	32	32	32																																						
CO-ADD:0217743	N1(CNc2cccc(Cl)c2C)C(=O)\\C(\\SC1=S)=C/c(cc3)ccc3OC	Russian Academy of Science (Russia)	A0570/0026308		CO-ADD:PC0225	32	32	32	32	32	32	32	8																32	32	32	32					32	32													
CO-ADD:0217748	n(c1F)c(N)c(c(F)n1)Br	Russian Academy of Science (Russia)	A0571/0026316		CO-ADD:PC0225	14.6	32	32	32	32	32	32	32																																						
CO-ADD:0217753	N1(CNc(cc2)ccc2Cl)C(=O)\\C(\\SC1=O)=C\\c3cccc(OC)c3	Russian Academy of Science (Russia)	A0571/0026328		CO-ADD:PC0225	32	32	32	32	32	32	32	32																																						
CO-ADD:0217755	C(CSCc1cccc(cccc2)c12)(=O)Nc(ccc(c34)cccc3)c4	Russian Academy of Science (Russia)	A0571/0026333		CO-ADD:PC0225	32	32	32	32	32	32	32	32																																						
CO-ADD:0218799	c1(cc(ccc1O)Cc(ccc(c2\\C=N\\c3ccccc3C)O)c2)\\C=N\\c4ccccc4C	Russian Academy of Science (Russia)	A0623/0028904		CO-ADD:PC0228	32	32	32	32	32	32	32	32																																						
CO-ADD:0216910	[N+](=O)([O-])c1cc(ccc1OC(=O)c2ccc(cc2Cl)Cl)\\C=N\\c3ccccc3Cl	Russian Academy of Science (Russia)	A0556/0025715		CO-ADD:PC0225	32	32	32	32	32	32	32	16																																						
CO-ADD:0216911	[N+](=O)([O-])c1cc(ccc1OC(=O)c2ccc(cc2Cl)Cl)\\C=N\\c3ccccc3C	Russian Academy of Science (Russia)	A0556/0025717		CO-ADD:PC0225	32	32	32	32	32	32	32	16																																						
CO-ADD:0216916	[N+](=O)([O-])c1cc(ccc1OC(=O)c2ccc(cc2Cl)Cl)\\C=N\\c3ccccc3	Russian Academy of Science (Russia)	A0557/0025724		CO-ADD:PC0225	32	32	32	32	32	32	32	16																																						
CO-ADD:0216919	[N+](=O)([O-])c1cc(ccc1OC(=O)c2ccc(cc2Cl)Cl)\\C=N\\c3ccc(cc3C)C	Russian Academy of Science (Russia)	A0557/0025728		CO-ADD:PC0225	32	32	32	32	32	32	32	32																																						
CO-ADD:0216927	[N+](=O)([O-])c1cc(ccc1OC(=O)c2cccc(cccc3)c23)\\C=N\\c4ccccc4	Russian Academy of Science (Russia)	A0557/0025742		CO-ADD:PC0225	32	32	32	32	32	32	32	32																																						
CO-ADD:0216930	C(C(c1ccccc1)=O)C(c(cc2)ccc2C(C)C)Nc(cc3)ccc3I	Russian Academy of Science (Russia)	A0557/0025746		CO-ADD:PC0225	32	32	32	32	32	32	32	32																																						
CO-ADD:0216934	N1(CNc(cc2)ccc2Cl)C(=O)\\C(\\SC1=S)=C\\c3ccc(C)o3	Russian Academy of Science (Russia)	A0557/0025752		CO-ADD:PC0225	32	32	32	32	32	32	32	16																																						
CO-ADD:0216943	[N+](=O)([O-])c1cc(ccc1OC(=O)c2cccc(cccc3)c23)\\C=N\\c(cc4)ccc4Cl	Russian Academy of Science (Russia)	A0557/0025762		CO-ADD:PC0225	32	32	32	32	32	32	32	16																																						
CO-ADD:0217950	n1c(c2ccccc2)c(cn1c3ccccc3)\\C=N\\NC(=O)c4ccc(cc4)C	Russian Academy of Science (Russia)	A0587/0027096		CO-ADD:PC0228	32	32	32	32	32	32	32	32																																						
CO-ADD:0217961	C(COC)(=O)N\\N=C(/C)\\CC(=O)NCC1CCCO1	Russian Academy of Science (Russia)	A0587/0027113		CO-ADD:PC0228	32	32	32	32	32	32	32	32																																						
CO-ADD:0220644	[N+](=O)([O-])c(ccc(c1\\C=N\\NC(CNC(=O)C(c2ccccc2)c3ccccc3)=O)O)c1	Russian Academy of Science (Russia)	A0674/0031372		CO-ADD:PC0236	32	32	32	4	32	32	32	32																																						
CO-ADD:0220645	[N+](=O)([O-])c1cccc(\\C=N\\NC(CNC(=O)C(c2ccccc2)c3ccccc3)=O)c1O	Russian Academy of Science (Russia)	A0674/0031375		CO-ADD:PC0236	6.76	32	32	32	32	32	32	32																																						
CO-ADD:0220652	c1(\\C=N\\NC(=O)c2ccccc2Br)c(Br)cc(c(O)c1Br)Br	Russian Academy of Science (Russia)	A0674/0031387		CO-ADD:PC0236	1.19	32	32	32	32	32	32	32																																						
CO-ADD:0220655	c1(\\C=N\\NC(COc2ccc(cc2Br)C)=O)c(Br)cc(c(O)c1Br)Br	Russian Academy of Science (Russia)	A0674/0031390		CO-ADD:PC0236	32	32	32	32	32	32	32	32																																						
CO-ADD:0220659	c1(\\C=N\\NC(COc2ccccc2OC)=O)c(Br)cc(c(O)c1Br)Br	Russian Academy of Science (Russia)	A0674/0031394		CO-ADD:PC0236		32	32	32	32	32	32	32																																						
CO-ADD:0221530	N1(c2ccc(cc2)NC(C)=O)C(=O)c(c3)c(c(c4)C1=O)c(cc3[N+](=O)[O-])cc4[N+](=O)[O-]	Russian Academy of Science (Russia)	A0716/0033420		CO-ADD:PC0237	32	32	32	32	32	32	32	32																																						
CO-ADD:0221531	N1(c2ccccc2O)C(=O)c(cc3)c(c(ccc4[N+](=O)[O-])C1=O)c4c3[N+](=O)[O-]	Russian Academy of Science (Russia)	A0716/0033422		CO-ADD:PC0237	0.789	32	32	4	32	32	32	32																																						
CO-ADD:0221533	c1(cc(ccc1C(=O)OCc2ccccc2[N+](=O)[O-])[N+](=O)[O-])[N+](=O)[O-]	Russian Academy of Science (Russia)	A0716/0033424		CO-ADD:PC0237	14.4	32	32	16	32	32	32	32																																						
CO-ADD:0221541	N1(c(cc2)ccc2C(O)=O)C(=O)c(cc3)c(c(ccc4[N+](=O)[O-])C1=O)c4c3[N+](=O)[O-]	Russian Academy of Science (Russia)	A0716/0033434		CO-ADD:PC0237	32	32	32	32	32	32	32	32																																						
CO-ADD:0221559	N1(c(cc2)ccc2[N+](=O)[O-])C(=O)c(c3)c(c(c4)C1=O)c(cc3[N+](=O)[O-])cc4[N+](=O)[O-]	Russian Academy of Science (Russia)	A0716/0033462		CO-ADD:PC0237	21	32	32	0.5	32	32	32	32																																						
CO-ADD:0221301	c1(cc(Br)ccc1O)\\C=N\\c2cccc(cccc3)c23	Russian Academy of Science (Russia)	A0702/0032736		CO-ADD:PC0237	12.8	32	32	32	32	32	32	32																																						
CO-ADD:0222442	c1(c(Br)cc(cc1\\C=N\\NC(c(cc2)ccn2)=O)Br)OC(=O)c3cccc(Br)c3	Russian Academy of Science (Russia)	A0740/0034565		CO-ADD:PC0238	6.24	32	32	32	32	32	8	16																																						
CO-ADD:0222445	c1(c(Br)cc(cc1\\C=N\\NC(c(cc2)ccn2)=O)Br)OC(=O)c3cccc(F)c3	Russian Academy of Science (Russia)	A0740/0034568		CO-ADD:PC0238	3	32	32	32	32	32	16	32																																						
CO-ADD:0222458	C(=O)(c1cccc(Br)c1)Oc2ccc(cc2OC)C=O	Russian Academy of Science (Russia)	A0741/0034589		CO-ADD:PC0238		32	32	32	32	32	32	32																																						
CO-ADD:0222459	C(=O)(Oc(cc1)ccc1C=O)c2cccc(Br)c2	Russian Academy of Science (Russia)	A0741/0034590		CO-ADD:PC0238		32	32	32	32	32	32	32																																						
CO-ADD:0222460	[N+](=O)([O-])c1cccc(\\C=N\\c2cccc(Cl)c2Cl)c1O	Russian Academy of Science (Russia)	A0741/0034591		CO-ADD:PC0238	32	32	32	8	32	32	8	8																																						
CO-ADD:0222461	c(cc(I)cc1I)(\\C=N\\c2cccc(Cl)c2Cl)c1O	Russian Academy of Science (Russia)	A0741/0034592		CO-ADD:PC0238	16.3	32	32	16	32	32	2	2																																						
CO-ADD:0223706	[N+](=O)([O-])c(ccc(c1\\C=N\\NC(COc2cc(C)ccc2C(C)C)=O)OC(C)=O)c1	Russian Academy of Science (Russia)	A0787/0036864		CO-ADD:PC0239	32	32	32	32	32	32	32	32	32																																					
CO-ADD:0221314	N1(c2ccccc2c3ccccc3)C(=O)c4c(cc(cc4)Oc(cc5)ccc5Oc(cccc6C(O)=O)c6)C1=O	Russian Academy of Science (Russia)	A0703/0032795		CO-ADD:PC0237	32	32	32	32	32	32	32	32																																						
CO-ADD:0221323	N1(c2ccc(cc2Cl)Cl)C(=O)CC(N(CC3)CCN3c4cccc(Cl)c4)C1=O	Russian Academy of Science (Russia)	A0704/0032834		CO-ADD:PC0237	32	32	32	32	32	32	32	32																																						
CO-ADD:0221324	N1(c2cccc(Br)c2)C(=O)CC(N(CC3)CCN3c4ncccn4)C1=O	Russian Academy of Science (Russia)	A0704/0032835		CO-ADD:PC0237	32	32	32	32	32	32	32	16																																						
CO-ADD:0221346	N(C(C)(CC(C)C)NN1c2ccccc2)=C1S	Russian Academy of Science (Russia)	A0706/0032942		CO-ADD:PC0237	32	16	32	32	32	32	32	16																																						
CO-ADD:0222215	c(cc(Cl)cc1Cl)(\\C=N\\c(ccc(c2C)C)c2)c1O	Russian Academy of Science (Russia)	A0734/0034268		CO-ADD:PC0238	32	32	32	32	32	32	32	32																																						
CO-ADD:0222216	c(cc(Cl)cc1Cl)(\\C=N\\c2cc(CC)ccc2O)c1O	Russian Academy of Science (Russia)	A0734/0034269		CO-ADD:PC0238	6.52	32	32	16	32	32	16	16																																						
CO-ADD:0222219	[N+](=O)([O-])c(cc1)ccc1C(=O)Oc2cccc(c2)\\C=N\\NC(CNc(ccc(c34)cccc3)c4)=O	Russian Academy of Science (Russia)	A0734/0034272		CO-ADD:PC0238	32	32	32	32	32	32	32	32																																						
CO-ADD:0222220	c(cc(Cl)cc1Cl)(\\C=N\\c2c(O)ccc(Cl)c2)c1O	Russian Academy of Science (Russia)	A0734/0034273		CO-ADD:PC0238		32	32	32	32	32	16	16																																						
CO-ADD:0222226	[N+](=O)([O-])c1ccc(cc1\\C=N\\NC(CNc2cccc(cccc3)c23)=O)O	Russian Academy of Science (Russia)	A0735/0034284		CO-ADD:PC0238	32	32	32	32	32	32	32	32																																						
CO-ADD:0222477	N(CC1)(CCO1)c2ccc(cc2)\\C=N\\Nc3cccc(C)c3	Russian Academy of Science (Russia)	A0741/0034613		CO-ADD:PC0238	32	32	32	32	32	32	32	32																																						
CO-ADD:0222482	N1\\C(=N\\N=C\\c(cc2)ccc2Cl)\\S\\C(=C/c(cc(Br)c(c3Br)O)c3O)\\C1=O	Russian Academy of Science (Russia)	A0742/0034622		CO-ADD:PC0238	2.87	32	32	32	32	32	32	32																																						
CO-ADD:0222486	[N+](=O)([O-])c(ccc(c1\\C=N\\c2cccc(Cl)c2Cl)O)c1	Russian Academy of Science (Russia)	A0742/0034631		CO-ADD:PC0238	32	32	32	4	32	32	8	8																																						
CO-ADD:0222493	c(cc(Cl)cc1Br)(\\C=N\\c2cccc(Cl)c2Cl)c1O	Russian Academy of Science (Russia)	A0742/0034640		CO-ADD:PC0238	1.81	32	32	32	32	32	8	8																																						
CO-ADD:0223307	C1(=O)c2c(c(cc(Br)c2)ccc3)c3C(=O)O1	Russian Academy of Science (Russia)	A0770/0036033		CO-ADD:PC0239	32	32	32	32	32	32	16	2	32																																					
CO-ADD:0221073	c1(I)ccc(\\C=N\\NC(COc2ccc(cc2OC)Br)=O)o1	Russian Academy of Science (Russia)	A0687/0032002		CO-ADD:PC0237	32	32	32	32	32	32	32	32																																						
CO-ADD:0221079	c(\\C=N\\NC(COc1ccc(cc1OC)Br)=O)(cc(Cl)cc2Br)c2O	Russian Academy of Science (Russia)	A0687/0032013		CO-ADD:PC0237	2.95	32	32	32	32	32	32	32																																						
CO-ADD:0221082	n(Cc1ccccc1)(c2c(c3\\C=N\\c(cc4)ccc4C)cccc2)c3C	Russian Academy of Science (Russia)	A0687/0032020		CO-ADD:PC0237	32	32	32	32	32	32	32	32																																						
CO-ADD:0221090	[N+](=O)([O-])c(cc1)cc(c1C(=O)Nc(cccn2)c2)Cl	Russian Academy of Science (Russia)	A0687/0032040		CO-ADD:PC0237	32	32	32	32	32	32	32	32																																						
CO-ADD:0221095	C(=S)(c1ccc(cc1)N)N2CCCCC2	Russian Academy of Science (Russia)	A0688/0032051		CO-ADD:PC0237	32	32	32	32	32	32	32	32																																						
CO-ADD:0221096	N(c1c(C)cccc1C)C(=O)C(=S)Nc(cc2)ccc2C(OC)=O	Russian Academy of Science (Russia)	A0688/0032054		CO-ADD:PC0237	24.2	32	32	32	32	32	32	32																																						
CO-ADD:0221120	N1C(=O)\\C(\\SC1=S)=C/c2ccccc2Cl	Russian Academy of Science (Russia)	A0689/0032108		CO-ADD:PC0237		32	32	4	32	32	32	32																																						
CO-ADD:0222232	c(\\C=N\\NC(CNc(ccc(c12)cccc1)c2)=O)(cc(I)cc3I)c3O	Russian Academy of Science (Russia)	A0735/0034292		CO-ADD:PC0238	32	32	32	32	32	32	32	32																																						
CO-ADD:0222233	c1(O)c(OCC)cc(cc1I)\\C=N\\NC(CNc(ccc(c23)cccc2)c3)=O	Russian Academy of Science (Russia)	A0735/0034293		CO-ADD:PC0238	32	32	32	32	32	32	32	32																																						
CO-ADD:0222238	c1(\\C=N\\NC(CNc(ccc(c23)cccc2)c3)=O)cc(Cl)ccc1O	Russian Academy of Science (Russia)	A0735/0034301		CO-ADD:PC0238	8.51	32	32	32	32	32	32	32																																						
CO-ADD:0222257	C(=O)(Oc1cccc(c1)\\C=N\\NC(CNC(=O)c2ccc(c(OC)c2)OC)=O)c3cccc(F)c3	Russian Academy of Science (Russia)	A0735/0034321		CO-ADD:PC0238	32	32	32	32	32	32	4	32																																						
CO-ADD:0222258	C(=O)(Oc1cccc(c1)\\C=N\\NC(CNC(=O)c(cc2OC)cc(c2OC)OC)=O)c3cccc(F)c3	Russian Academy of Science (Russia)	A0735/0034322		CO-ADD:PC0238	32	32	32	32	32	32	8	32																																						
CO-ADD:0220675	c1(N(CC2)CCN2C)nc(N\\N=C\\c(cc3)ccc3N(C)C)nc(Nc(cc4)ccc4[N+](=O)[O-])n1	Russian Academy of Science (Russia)	A0675/0031423		CO-ADD:PC0236	32	32	32	32	32	32	32	32																																						
CO-ADD:0220684	N(c1ccccc1Cl)C(COc2ccccc2I)=O	Russian Academy of Science (Russia)	A0675/0031434		CO-ADD:PC0236	32	32	32	32	32	32	32	32																																						
CO-ADD:0220686	c1(N(CC2)CCO2)nc(N\\N=C\\c3c4c([nH]c3C)cccc4)nc(Nc(cc5)ccc5C)n1	Russian Academy of Science (Russia)	A0675/0031438		CO-ADD:PC0236	9.25	32	32	32	32	32	32	32																																						
CO-ADD:0220687	c1(N(CC2)CCO2)nc(N\\N=C\\c3cc(Br)ccc3OC)nc(Nc(cc4)ccc4C)n1	Russian Academy of Science (Russia)	A0675/0031439		CO-ADD:PC0236	0.524	32	32	32	32	32	32	32																																						
CO-ADD:0220690	C(=N/N=C/c1c(O)ccc(cccc2)c12)(/C3=O)\\c4c(N3)ccc(c4)[N+](=O)[O-]	Russian Academy of Science (Russia)	A0675/0031444		CO-ADD:PC0236	32	32	32	32	32	32	32	32																																						
CO-ADD:0220693	c1(N(CC2)CCO2)nc(N\\N=C\\c3cccc(O)c3)nc(Nc(cc4)ccc4C)n1	Russian Academy of Science (Russia)	A0675/0031447		CO-ADD:PC0236	4.49	32	32	32	32	32	32	32																																						
CO-ADD:0220705	c1(N(CC2)CCO2)nc(N\\N=C\\c3ccccc3F)nc(Nc(cc4)ccc4C)n1	Russian Academy of Science (Russia)	A0676/0031465		CO-ADD:PC0236	9.38	32	32	32	32	32	32	32																																						
CO-ADD:0220706	c1(N(CC2)CCO2)nc(N\\N=C\\c(cc3)ccc3I)nc(Nc(cc4)ccc4C)n1	Russian Academy of Science (Russia)	A0676/0031466		CO-ADD:PC0236	32	32	32	32	32	32	32	32																																						
CO-ADD:0221997	S(=O)(=O)(Nc1ccccc1C)c2c(C)ccc(c2)C(=O)Nc3ccccc3C	Russian Academy of Science (Russia)	A0745/0034812		CO-ADD:PC0238	32	32	32	32	32	32	32	32																																						
CO-ADD:0222008	S(=O)(=O)(c(ccc(c1C(=O)Nc(cc2)ccc2Cl)Cl)c1)Nc3ccccc3OC	Russian Academy of Science (Russia)	A0746/0034828		CO-ADD:PC0238	32	32	32	32	32	32	32	32																																						
CO-ADD:0222025	c(\\C=N\\NC(COc(cc1)ccc1C)=O)(cc(Br)cc2I)c2O	Russian Academy of Science (Russia)	A0746/0034851		CO-ADD:PC0238	32	32	32	32	32	32	32	32																																						
CO-ADD:0222039	[N+](=O)([O-])c1ccc(cc1)\\C=N/c2ccccc2c3ccccc3\\N=C/c(cc4)ccc4[N+](=O)[O-]	Russian Academy of Science (Russia)	A0747/0034873		CO-ADD:PC0238	32	32	32	32	32	32	32	32																																						
CO-ADD:0220748	c1(O)c(Br)c(\\C=N\\NC(CNc(cc2)ccc2C)=O)cc(Br)c1O	Russian Academy of Science (Russia)	A0677/0031521		CO-ADD:PC0236	8.66	32	32	32	32	32	32	32																																						
CO-ADD:0220776	c1(O)c(Br)c(\\C=N\\NC(CNc2cccc(C)c2)=O)cc(Br)c1O	Russian Academy of Science (Russia)	A0678/0031559		CO-ADD:PC0236	5.55	32	32	32	32	32	32	32																																						
CO-ADD:0221649	C(=O)(Oc1ccccc1)Nc(cc2)ccc2I	Russian Academy of Science (Russia)	A0721/0033610		CO-ADD:PC0237	32	32	32	32	32	32	32	32																																						
CO-ADD:0222847	[N+](=O)([O-])\\C=C\\c1ccc(cc1Cl)Cl	Russian Academy of Science (Russia)	A0780/0036519		CO-ADD:PC0238	2.92	32	32	4	32	32	0.5	0.5																																						
CO-ADD:0222849	[N+](=O)([O-])c1cc(ccc1OC(=O)c2ccc(cc2Cl)Cl)\\C=N\\c3cccc(Cl)c3C	Russian Academy of Science (Russia)	A0780/0036525		CO-ADD:PC0238	32	32	32	32	32	32	32	32																																						
CO-ADD:0222855	C(=O)(c1ccc(c2c1)cccc2)Nc(ccc(c34)OCCO3)c4	Russian Academy of Science (Russia)	A0781/0036534		CO-ADD:PC0238	3.27	32	32	0.5	32	32	32	32																																						
CO-ADD:0222863	C(=O)(c1ccc(cc1)F)Nc(cc2)ccc2OCCCC	Russian Academy of Science (Russia)	A0755/0035299		CO-ADD:PC0239	30.3	32	32	32	32	32	32	8	32																																					
CO-ADD:0222873	C(=O)(c1ccc(cc1)F)Nc2cccc(OCCCC)c2	Russian Academy of Science (Russia)	A0756/0035312		CO-ADD:PC0239	32	32	32	32	32	32	32	8	32																																					
CO-ADD:0223752	c1(ccc(\\C=N\\NC(c2ccccc2)=O)s1)[N+](=O)[O-]	Russian Academy of Science (Russia)	A0789/0036934		CO-ADD:PC0239	24.3	32	32	32	32	32	4	32	32																																					
CO-ADD:0221377	c1(C(OCC)=O)c(cc(cc2)OC(C)=O)c2n(c3ccccc3)c1C	Russian Academy of Science (Russia)	A0707/0033015		CO-ADD:PC0237	22.9	32	32	32	32	32	32	32																																						
CO-ADD:0221386	N1(c(cc(cc2C(=O)Nc3cccc(O)c3)C(=O)Nc4cccc(O)c4)c2)C(=O)c(c5C1=O)cccc5	Russian Academy of Science (Russia)	A0708/0033039		CO-ADD:PC0237	32	32	32	32	32	32	32	32																																						
CO-ADD:0223502	c1(N\\N=C\\c2ccccc2Cl)nncn1N	Russian Academy of Science (Russia)	A0821/0038476		CO-ADD:PC0239	32	32	32	32	32	32	32	32	32																																					
CO-ADD:0223507	c1(N=Nc(ccc(c2C=O)O)c2)c(C)non1	Russian Academy of Science (Russia)	A0821/0038488		CO-ADD:PC0239	32	32	32	32	32	32	8	32	32																																					
CO-ADD:0223513	N1(c2ccc(c(C)c2)C)C(=O)\\C(\\C(C)=N1)=C/NNc3cccc(C)c3	Russian Academy of Science (Russia)	A0822/0038512		CO-ADD:PC0239	20.2	32	32	32	32	32	32	1	32											32				32	32	32	32				32	32	32	32	32	32										
CO-ADD:0223514	N1(c2ccc(c(C)c2)C)C(=O)\\C(\\C(C)=N1)=C/NNc3ccccc3C	Russian Academy of Science (Russia)	A0822/0038516		CO-ADD:PC0239	32	32	32	32	32	32	32	8	32											32				32	32	8	32				32	32	32	32	32	32										
CO-ADD:0223515	N1(c2ccc(c(C)c2)C)C(=O)\\C(\\C(C)=N1)=C/NNc(ccc(c3C)C)c3	Russian Academy of Science (Russia)	A0822/0038519		CO-ADD:PC0239		32					32	32												32				32	32	32	32				32	32	32	32	32	32										
CO-ADD:0223523	N1(c2ccc(c(C)c2)C)C(=O)\\C(\\C(C)=N1)=C/NNc3cccc(Cl)c3	Russian Academy of Science (Russia)	A0822/0038536		CO-ADD:PC0239	32	8	32	32	32	32	32	2	32											32				32	32	2	2				32	8	8	16	32	32										
CO-ADD:0220847	[N+](=O)([O-])c1cc(Oc(cc2)ccc2N)cc(Oc(cc3)ccc3F)c1	Russian Academy of Science (Russia)	A0680/0031659		CO-ADD:PC0236	32	32	32	32	32	32	32	32																																						
CO-ADD:0220850	[N+](=O)([O-])c(ccc(c1\\C=N\\NC(CNc(cc2)ccc2Cl)=O)O)c1	Russian Academy of Science (Russia)	A0680/0031669		CO-ADD:PC0236		32	32	8	32	32	32	32																																						
CO-ADD:0220852	S(=O)(=O)(c1ccc(cc1)CCCl)Nc(cc2)c(C)cc2[N+](=O)[O-]	Russian Academy of Science (Russia)	A0680/0031673		CO-ADD:PC0236	32	32	32	8	32	32	32	32													32	32	32					32	32	32																
CO-ADD:0220858	c1(ccccc1NC(c2ccccc2)=O)C(OCCCCCCCCC)=O	Russian Academy of Science (Russia)	A0680/0031679		CO-ADD:PC0236	32	32	32	32	32	32	32	32																																						
CO-ADD:0220869	c1(ccccc1NC(c2ccccc2)=O)C(OC\\C=C\\c3ccccc3)=O	Russian Academy of Science (Russia)	A0680/0031697		CO-ADD:PC0236	32	32	32	32	32	32	32	32																																						
CO-ADD:0220874	C(c1ccc(cc1)F)(Nc2cccc(C)c2)C3CCCC3=O	Russian Academy of Science (Russia)	A0681/0031703		CO-ADD:PC0236	32	32	32	32	32	32	32	32																																						
CO-ADD:0220880	c1(Nc(cc2)ccc2OC)c(c(C)nc(N\\N=C\\c3ccc(cc3Cl)Cl)n1)[N+](=O)[O-]	Russian Academy of Science (Russia)	A0681/0031719		CO-ADD:PC0236	32	32	32	32	32	32	32	32																																						
CO-ADD:0220881	n1c(N(C)C)nc(nc1N(CC2)CCO2)N\\N=C\\c3c(O)ccc(cccc4)c34	Russian Academy of Science (Russia)	A0681/0031720		CO-ADD:PC0236	26.4	32	32	32	32	32	32	32																																						
CO-ADD:0223760	c1(OC(=O)c2cc(F)c(cc2Cl)F)c(Cl)c(Cl)c(c(Cl)c1Cl)Cl	Russian Academy of Science (Russia)	A0789/0036945		CO-ADD:PC0239	32	32	32	8	32	32	32	32	32																																					
CO-ADD:0223775	C(CCCCCCCC(=O)NCc1ccccc1)(=O)NCc2ccccc2	Russian Academy of Science (Russia)	A0790/0036988		CO-ADD:PC0239	32	32	32	32	32	32	32	32	32																																					
CO-ADD:0221391	N1(c2ccc(cc2)F)C(=O)CC(N(CC3)CCN3c4ncccn4)C1=O	Russian Academy of Science (Russia)	A0708/0033059		CO-ADD:PC0237	32	32	32	32	32	32	32	32																																						
CO-ADD:0221392	N1(c2ccc(cc2)F)C(=O)CC(N3CCC(CC3)C)C1=O	Russian Academy of Science (Russia)	A0708/0033060		CO-ADD:PC0237	32	32	32	32	32	32	16	16																																						
CO-ADD:0221394	C1(C2=O)C(C(C=C3)OC13CNC(OCC(C)C)=O)C(N2c4ccc(cc4)Cl)=O	Russian Academy of Science (Russia)	A0708/0033066		CO-ADD:PC0237	13.8	32	32	32	32	32	16	8																																						
CO-ADD:0221397	c1(Sc(cc(cc2[N+](=O)[O-])NC(=O)c(ccc(c3F)F)c3)c2)sc(c4n1)cccc4	Russian Academy of Science (Russia)	A0709/0033076		CO-ADD:PC0237	32	32	32	32	32	32	32	32																																						
CO-ADD:0221399	n1(CC)c2c(c(cc(cc3)NC(=O)c4ccc(cc4)F)c13)cccc2	Russian Academy of Science (Russia)	A0709/0033080		CO-ADD:PC0237	32	32	32	32	32	32	32	32																																						
CO-ADD:0221409	C(=O)(N\\N=C\\c1ccc(cc1O)O)c2cccc(I)c2	Russian Academy of Science (Russia)	A0709/0033100		CO-ADD:PC0237	1.57	32	32	32	32	32	32	32																																						
CO-ADD:0221410	[N+](=O)([O-])c1ccccc1C(=O)N\\N=C(/C)\\c2ccccc2O	Russian Academy of Science (Russia)	A0709/0033105		CO-ADD:PC0237	3.55	32	32	16	32	32	32	32																																						
CO-ADD:0222270	C(=O)(Oc(cc1)ccc1\\C=N\\NC(CNC(=O)c2ccccc2Br)=O)c3ccccc3I	Russian Academy of Science (Russia)	A0736/0034336		CO-ADD:PC0238	32	32	32	32	32	32	32	32																																						
CO-ADD:0222290	c(cc(Cl)cc1Cl)(\\C=N\\c2ccc(cc2O)C)c1O	Russian Academy of Science (Russia)	A0736/0034364		CO-ADD:PC0238	32	32	32	32	32	32	32	32																																						
CO-ADD:0222292	c(cc(Cl)cc1Cl)(\\C=N\\c(cc2)ccc2NC(C)=O)c1O	Russian Academy of Science (Russia)	A0736/0034366		CO-ADD:PC0238	32	32	32	32	32	32	32	32																																						
CO-ADD:0220791	c1(\\C=N\\NC(CNc2ccccc2C)=O)cc(Cl)ccc1O	Russian Academy of Science (Russia)	A0678/0031576		CO-ADD:PC0236	4.84	32	32	32	32	32	32	32																																						
CO-ADD:0220802	C(=O)(OC(CCCCCCCCC)CC)c1ccccc1NC(c2ccccc2)=O	Russian Academy of Science (Russia)	A0678/0031593		CO-ADD:PC0236	32	32	32	32	32	32	32	32																																						
CO-ADD:0221141	c1(I)ccc(\\C=N\\NC(COc(cc2)c(C)cc2C(C)(C)C)=O)o1	Russian Academy of Science (Russia)	A0690/0032176		CO-ADD:PC0237	14.4	32	32	32	32	32	32	32																																						
CO-ADD:0221148	[C@@]1(C#N)(C#N)[C@H](c2ccc(cc2)Br)[C@H](N(c3c(cccc3)C=C4)[C@@]14[H])C(c5ccccc5)=O	Russian Academy of Science (Russia)	A0691/0032195		CO-ADD:PC0237	7.6	32	32	32	32	32	32	32																																						
CO-ADD:0221165	c1(c2nnnc1Cl)sc3c2cc(c4n3)COC(C)(C)C4	Russian Academy of Science (Russia)	A0693/0032292		CO-ADD:PC0237	2.69	32	32	32	32	32	32	32																																						
CO-ADD:0222305	c(cc(Cl)cc1Cl)(\\C=N\\c(cc2)ccc2C(N)=O)c1O	Russian Academy of Science (Russia)	A0737/0034381		CO-ADD:PC0238	32	32	32	32	32	32	16	16																																						
CO-ADD:0222321	c(cc(Cl)cc1Cl)(\\C=N\\c2cccc(O)c2)c1O	Russian Academy of Science (Russia)	A0737/0034402		CO-ADD:PC0238	32	32	32	32	32	32	16	32																																						
CO-ADD:0220810	c1(N(CC2)CCO2)nc(N\\N=C\\c(cccc3[N+](=O)[O-])c3O)nc(Nc(cc4)ccc4C)n1	Russian Academy of Science (Russia)	A0679/0031607		CO-ADD:PC0236	4.74	32	32	32	32	32	32	32																																						
CO-ADD:0220820	c(Nc1ccccc1)(nc(N\\N=C\\c(ccc(c23)OCO2)c3)nc4Nc(cc5)ccc5OC)n4	Russian Academy of Science (Russia)	A0679/0031620		CO-ADD:PC0236	4.45	32	32	32	32	32	32	32																																						
CO-ADD:0220831	c(Nc1ccccc1)(nc(N\\N=C\\c(c(O)ccc2[N+](=O)[O-])c2)nc3Nc(cc4)ccc4OC)n3	Russian Academy of Science (Russia)	A0679/0031638		CO-ADD:PC0236	5.54	32	32	32	32	32	32	32																																						
CO-ADD:0220839	c1(c(cccc1N)c2)cc(c23)cccc3N	Russian Academy of Science (Russia)	A0679/0031647		CO-ADD:PC0236	3.38	32	32	32	32	32	32	16																																						
CO-ADD:0221705	N1(CNc2ccc(cc2C)I)C(=O)\\C(\\SC1=S)=C\\c3cccc(Br)c3	Russian Academy of Science (Russia)	A0723/0033721		CO-ADD:PC0237	32	32	32	16	32	32	32	32													32	8	16					32	32	32																
CO-ADD:0221706	N1(CNc(cc2)ccc2c3ccccc3)C(=O)\\C(\\SC1=S)=C\\c4cccc(Br)c4	Russian Academy of Science (Russia)	A0723/0033722		CO-ADD:PC0237	32	32	32	16	32	32	32	32													32	32	32					32	32	32																
CO-ADD:0221711	N(=C\\c1ccccc1Cl)/NC(CCCC(=O)Nc2cccc(Br)c2)=O	Russian Academy of Science (Russia)	A0723/0033732		CO-ADD:PC0237	2	32	32	32	32	32	32	32																																						
CO-ADD:0221713	N(=C\\c(cc1)ccc1Cl)/NC(CCCC(=O)Nc2cccc(Br)c2)=O	Russian Academy of Science (Russia)	A0724/0033738		CO-ADD:PC0237	32	32	32	32	32	32	32	32																																						
CO-ADD:0221714	N(=C\\c1cccc(Br)c1)/NC(CCCC(=O)Nc2cccc(Br)c2)=O	Russian Academy of Science (Russia)	A0724/0033740		CO-ADD:PC0237	2.1	32	32	32	32	32	32	32																																						
CO-ADD:0221715	N(=C\\c1cccc(OC)c1)/NC(CCCC(=O)Nc2cccc(Br)c2)=O	Russian Academy of Science (Russia)	A0724/0033743		CO-ADD:PC0237	11.7	32	32	32	32	32	32	32																																						
CO-ADD:0221719	N1(CNc2cccc(F)c2)C(=O)\\C(\\SC1=S)=C/c3cccc(F)c3	Russian Academy of Science (Russia)	A0724/0033748		CO-ADD:PC0237	32	32	32	8	32	32	32	16													32	32	16	32	32	32	32	32	32	32		32	32													
CO-ADD:0221721	c1(\\C=N\\NC(CCCC(=O)Nc2cccc(Br)c2)=O)cc(OC)ccc1OC	Russian Academy of Science (Russia)	A0724/0033751		CO-ADD:PC0237	7.74	32	32	32	32	32	32	32																																						
CO-ADD:0222058	c12c(CCCC1[N+](=O)[O-])non2	Russian Academy of Science (Russia)	A0748/0034916		CO-ADD:PC0238	6.64	32	32	32	32	32	32	32																																						
CO-ADD:0222066	c(C1CCC2)(c23)n(CCN1[N+](=O)[O-])c(c34)ccc(C5CCCCC5)c4	Russian Academy of Science (Russia)	A0748/0034948		CO-ADD:PC0238	6.54	32	32	8	32	32	16	8																																						
CO-ADD:0222067	N1(CC1)C(C(O)=O)CC(=O)c2ccc(c3c2)CCCC3	Russian Academy of Science (Russia)	A0748/0034949		CO-ADD:PC0238	32	32	32	32	32	32	32	2													32	32	32	8	32	32	32	32		32													32	32	32	
CO-ADD:0222089	[N+](=O)([O-])c1cccc(c1)\\C=N\\c2c(O)ccc(Cl)c2	Russian Academy of Science (Russia)	A0731/0034089		CO-ADD:PC0238	20.2	32	32	32	32	32	32	16																																						
CO-ADD:0222096	N1(CNc2ccccc2C(OCC)=O)C(=O)\\C(\\SC1=S)=C/c(cc3)ccc3C(C)C	Russian Academy of Science (Russia)	A0731/0034099		CO-ADD:PC0238	21.2	32	32	32	32	32	32	32																																						
CO-ADD:0223169	n(c(c1)c2ccc1C(O)=O)c(c3ccc(cc3)Br)c(n2)c4ccc(cc4)Br	Russian Academy of Science (Russia)	A0766/0035804		CO-ADD:PC0239	32	32	32	32	32	32	32	32	32																																					
CO-ADD:0223173	c1(c2c(cccc2)ccc1OC(C)=O)\\C=N\\c3ccc(cc3C)Br	Russian Academy of Science (Russia)	A0766/0035816		CO-ADD:PC0239	11.9	32	32	32	32	32	32	32	32																																					
CO-ADD:0220885	n1c(N(C)C)nc(nc1N(CC2)CCO2)N\\N=C\\c3ccccc3O	Russian Academy of Science (Russia)	A0681/0031729		CO-ADD:PC0236	32	32	32	32	32	32	32	32																																						
CO-ADD:0220896	c1(c(cccc1)c(c23)cccc2)C3C(=O)N\\N=C\\c(cc4)ccc4OC	Russian Academy of Science (Russia)	A0681/0031746		CO-ADD:PC0236	32	32	32	32	32	32	32	32																																						
CO-ADD:0221757	C(=O)(N\\N=C\\c(cc1)ccc1OC\\C=C\\Cl)c2cccc(O)c2	Russian Academy of Science (Russia)	A0725/0033803		CO-ADD:PC0237	11	32	32	32	32	32	32	32																																						
CO-ADD:0221779	c1(c2ccc(cc2Cl)Cl)nnc(S)o1	Russian Academy of Science (Russia)	A0725/0033831		CO-ADD:PC0237	32	32	32	32	32	32	32	32																																						
CO-ADD:0221784	c1(N2)c(cc(c(Br)c1Br)Br)OC2=O	Russian Academy of Science (Russia)	A0726/0033836		CO-ADD:PC0237	32	32	32	16	32	32	32	32													32	32	32					32	32	32																
CO-ADD:0221786	c1(ccccc1Br)C(=O)NCC(=O)N\\N=C(\\C)/C(C)C	Russian Academy of Science (Russia)	A0726/0033839		CO-ADD:PC0237	32	32	32	32	32	32	32	32																																						
CO-ADD:0221789	C1(=O)Oc(c(c2)S1)cc(c2OC(OCCCl)=O)Br	Russian Academy of Science (Russia)	A0726/0033845		CO-ADD:PC0237		32	32	0.5	32	32	32	32																																						
CO-ADD:0221415	c12c(CCCC1=O)nc(c3c2NCCCCCCC)cccc3.Cl	Russian Academy of Science (Russia)	A0709/0033122		CO-ADD:PC0237	8.08	32	32	32	32	32	32	32																																						
CO-ADD:0221424	N(=C(/CCCC)\\c1ccccc1)/NC(=O)c2cccc(I)c2	Russian Academy of Science (Russia)	A0710/0033148		CO-ADD:PC0237	2.52	32	32	32	32	32	32	32																																						
CO-ADD:0221426	N1(c2ccc(cc2)F)CC(CC1=O)C(=O)Nc(ccc(c3Cl)Cl)c3	Russian Academy of Science (Russia)	A0710/0033152		CO-ADD:PC0237	20	32	32	32	32	32	32	32																																						
CO-ADD:0221461	c1(c(Cl)ccc(c1)[N+](=O)[O-])C(=O)Nc(cc2)ccc2Br	Russian Academy of Science (Russia)	A0711/0033220		CO-ADD:PC0237	9.43	32	32	32	32	32	32	32																																						
CO-ADD:0221599	c12n(c3c(cc(cc3)C)s1)cc(c4ccccc4)n2	Russian Academy of Science (Russia)	A0719/0033524		CO-ADD:PC0237	1.95	32	32	32	32	32	32	32																																						
CO-ADD:0221600	N1(O)C(=O)CNC1c(cccc2[N+](=O)[O-])c2	Russian Academy of Science (Russia)	A0719/0033525		CO-ADD:PC0237	32	16	32	32	32	32	32	32												32											32				32	32	32	32	32	32	32	16				32
CO-ADD:0221628	C(OCC)(=O)c1ccc(cc1)NC(CCl)=O	Russian Academy of Science (Russia)	A0720/0033576		CO-ADD:PC0237	3.31	32	32	32	32	32	32	32																																						
CO-ADD:0221630	N1C(C)(C)C\\C(\\CC1(C)C)=N\\NC(CCCCCCCCCCCCCCCCC)=O	Russian Academy of Science (Russia)	A0720/0033579		CO-ADD:PC0237	32	32	32	32	32	32	32	32																																						
CO-ADD:0221204	[N+](=O)([O-])c1cccc(c1)\\C=N\\NC(CSc2ccc(c3n2)cccc3)=O	Russian Academy of Science (Russia)	A0695/0032413		CO-ADD:PC0237	32	32	32	32	32	32	32	32																																						
CO-ADD:0221205	n1c2c(cccc2)ccc1SCC(=O)N\\N=C\\c3cccc(F)c3	Russian Academy of Science (Russia)	A0695/0032414		CO-ADD:PC0237	2.34	32	32	32	32	32	32	32																																						
CO-ADD:0221206	n1c2c(cccc2)ccc1SCC(=O)N\\N=C\\c3ccc(cc3O)O	Russian Academy of Science (Russia)	A0695/0032415		CO-ADD:PC0237	0.526	32	32	32	32	32	32	32																																						
CO-ADD:0221208	C(=N\\c(cccn1)c1)(/SC=C2c3ccccc3)\\N2CC	Russian Academy of Science (Russia)	A0695/0032418		CO-ADD:PC0237	32	32	32	32	32	32	32	32																																						
CO-ADD:0221209	N1(Cc2cc(sc2SCC)CC)C(=O)c(c3C1=O)cccc3	Russian Academy of Science (Russia)	A0695/0032420		CO-ADD:PC0237	32	32	32	32	32	32	32	32																																						
CO-ADD:0221210	c1(c(ccc(c1)[N+](=O)[O-])Sc2cccs2)[N+](=O)[O-]	Russian Academy of Science (Russia)	A0695/0032421		CO-ADD:PC0237	32	32	32	32	32	32	32	32																																						
CO-ADD:0222335	c1(N(CC2)CCO2)nc(N\\N=C\\c3ccccc3C)nc(Nc4cccc(cccc5)c45)n1	Russian Academy of Science (Russia)	A0737/0034420		CO-ADD:PC0238	32	32	32	32	32	32	32	32																																						
CO-ADD:0222356	c1(c(O)cc(c(Cl)c1C)C)\\C=N\\c(ccc(c2C(O)=O)O)c2	Russian Academy of Science (Russia)	A0738/0034449		CO-ADD:PC0238	32	32	32	32	32	32	32	32																																						
CO-ADD:0222357	[N+](=O)([O-])c1cc(ccc1Cl)\\C=N\\c2cc(C)ccc2O	Russian Academy of Science (Russia)	A0738/0034450		CO-ADD:PC0238	32	32	32	32	32	32	32	32																																						
CO-ADD:0222359	[N+](=O)([O-])c1cc(ccc1Cl)\\C=N\\c(cc2)ccc2NC(C)=O	Russian Academy of Science (Russia)	A0738/0034452		CO-ADD:PC0238	10.4	32	32	0.5	32	32	32	32																																						
CO-ADD:0222363	c1(N(CC2)CCO2)nc(N\\N=C/c3cccc(OC)c3)nc(Nc(cc4)ccc4[N+](=O)[O-])n1	Russian Academy of Science (Russia)	A0738/0034457		CO-ADD:PC0238	6.13	32	32	32	32	32	32	32																																						
CO-ADD:0222372	c1(c(O)cc(c(Cl)c1C)C)\\C=N\\c2cc(C)ccc2O	Russian Academy of Science (Russia)	A0738/0034469		CO-ADD:PC0238	32	32	32	32	32	32	32	32																																						
CO-ADD:0222379	[N+](=O)([O-])c1cc(ccc1Cl)\\C=N\\c(ccc(c2Cl)F)c2	Russian Academy of Science (Russia)	A0739/0034478		CO-ADD:PC0238	4.96	32	32	0.5	32	32	32	32																																						
CO-ADD:0221730	N1(CNc2ccc(cc2C)I)C(=O)\\C(\\SC1=S)=C/c3ccccc3Cl	Russian Academy of Science (Russia)	A0724/0033768		CO-ADD:PC0237	32	32	32	8	32	32	32	32													32	4	8					32	32	32																
CO-ADD:0221735	C(F)(F)(C(F)(F)C(F)(F)C(F)(F)F)C(F)(F)C(F)(F)C(=O)N\\N=C\\c(c(O)ccc1[N+](=O)[O-])c1	Russian Academy of Science (Russia)	A0724/0033777		CO-ADD:PC0237	32	32	32	4	32	32	32	32																																						
CO-ADD:0221741	N1(CNc(cc2)ccc2c3ccccc3)C(=O)\\C(\\SC1=S)=C\\c4cccc(F)c4	Russian Academy of Science (Russia)	A0724/0033785		CO-ADD:PC0237	32	32	32	16	32	32	32	32													32	32	32					32	32	32																
CO-ADD:0221743	C(F)(F)(C(F)(F)C(F)(F)C(F)(F)F)C(F)(F)C(F)(F)C(=O)N\\N=C\\C=C\\C	Russian Academy of Science (Russia)	A0725/0033787		CO-ADD:PC0237	24	32	32	32	32	32	32	32																																						
CO-ADD:0222636	[N+](=O)([O-])c(cc(cc1[N+](=O)[O-])C(=O)Oc2c(Br)cc(cc2Br)\\C=N\\c(cc3)ccc3N=Nc4ccccc4)c1	Russian Academy of Science (Russia)	A0752/0035146		CO-ADD:PC0238	32	32	32	32	32	32	32	32																																						
CO-ADD:0222640	[N+](=O)([O-])c1cc(ccc1OC(=O)\\C=C\\c(cc2)ccc2Br)\\C=N\\CCc3ccccc3	Russian Academy of Science (Russia)	A0752/0035157		CO-ADD:PC0238	32	32	32	32	32	32	32	32																																						
CO-ADD:0221217	C12C(ON=C(c3ccccc3Cl)N1)Nc(cccc4)c4N2C	Russian Academy of Science (Russia)	A0696/0032444		CO-ADD:PC0237	1.11	16	32	32	32	32	32	32																																						
CO-ADD:0221230	S(=O)(=O)(c(cc1)ccc1[N+](=O)[O-])NCC(OCCCC)=O	Russian Academy of Science (Russia)	A0697/0032488		CO-ADD:PC0237	32	32	32	16	32	32	32	32													32	32	32					32	32	32																
CO-ADD:0221232	S(=O)(=O)(c(cc1)ccc1[N+](=O)[O-])N(CCC#N)C(C)C	Russian Academy of Science (Russia)	A0697/0032493		CO-ADD:PC0237	32	32	32	16	32	32	32	32																																						
CO-ADD:0221234	C(C#N)(C1c(cccc2[N+](=O)[O-])c2)=C(N)SC(N)=C1C#N	Russian Academy of Science (Russia)	A0697/0032500		CO-ADD:PC0237	32	32	32	32	32	32	32	32																																						
CO-ADD:0222114	N1(c2ccc(cc2)Br)C(=O)C(C(C1=O)C34CO)C(c(c35)cccc5)c(c46)cccc6	Russian Academy of Science (Russia)	A0732/0034134		CO-ADD:PC0238	5.06	32	32	32	32	32	32	32																																						
CO-ADD:0222118	C(=O)(C(NCCc(ccc(c1OC)OC)c1)=O)Nc2ccccc2F	Russian Academy of Science (Russia)	A0732/0034142		CO-ADD:PC0238	32	32	32	32	32	32	32	32																																						
CO-ADD:0223207	c1(c(\\C=N\\NC(COc2ccccc2[N+](=O)[O-])=O)ccc(OC(C)=O)c1OC)[N+](=O)[O-]	Russian Academy of Science (Russia)	A0767/0035889		CO-ADD:PC0239	32	4	32	32	32	32	32	32	32																																					
CO-ADD:0223225	c1(c(\\C=N\\NC(COc2ccccc2C#N)=O)ccc(O)c1OC)[N+](=O)[O-]	Russian Academy of Science (Russia)	A0768/0035913		CO-ADD:PC0239	32	32	32	32	32	32	32	32	32																																					
CO-ADD:0221651	n1c(N2CCCC2)nc(nc1N(CC3)CCO3)N\\N=C\\c4cccc(Br)c4	Russian Academy of Science (Russia)	A0721/0033616		CO-ADD:PC0237	15	32	32	32	32	32	32	32																																						
CO-ADD:0221663	C(/C(c1ccccc1)=O)=C/c2cccc(c23)OCO3	Russian Academy of Science (Russia)	A0721/0033636		CO-ADD:PC0237	4.89	32	32	32	32	32	32	32																																						
CO-ADD:0221669	C(=O)(O\\N=C(/C)\\C)Nc(cc1)ccc1I	Russian Academy of Science (Russia)	A0722/0033643		CO-ADD:PC0237		32	32	32	32	32	32	32																																						
CO-ADD:0221683	C(CC(C1)CC1)(=O)Nc2cccc(Br)c2	Russian Academy of Science (Russia)	A0722/0033672		CO-ADD:PC0237	17.5	32	32	32	32	32	32	32																																						
CO-ADD:0221684	N1(CN2CCCCC2)C(=O)\\C(\\SC1=O)=C/c3ccccc3Cl	Russian Academy of Science (Russia)	A0722/0033673		CO-ADD:PC0237	32	32	32	32	32	32	4	16																																						
CO-ADD:0221696	N1(CNc(cc2)ccc2c3ccccc3)C(=O)\\C(\\SC1=S)=C/c4ccc(cc4Cl)Cl	Russian Academy of Science (Russia)	A0723/0033700		CO-ADD:PC0237	32	32	32	4	32	32	32	32													32	32	32					32	32	32																
CO-ADD:0221699	N1(CNc2cccc(F)c2)C(=O)\\C(\\SC1=S)=C/c3ccccc3Cl	Russian Academy of Science (Russia)	A0723/0033703		CO-ADD:PC0237	32	32	32	4	32	32	32	32													32	16	32					32	32	32																
CO-ADD:0222555	N(=C\\c1cc(C)cc(Br)c1O)/c2c(C)cccc2O	Russian Academy of Science (Russia)	A0743/0034713		CO-ADD:PC0238	6.29	32	32	32	32	32	32	8																																						
CO-ADD:0222149	[N+](=O)([O-])c1ccc(cc1O)\\C=N\\NC(CNc(ccc(c23)cccc2)c3)=O	Russian Academy of Science (Russia)	A0733/0034185		CO-ADD:PC0238	32	32	32	32	32	32	32	32																																						
CO-ADD:0222150	n1c(ccc(c2)\\N=C\\c(cccc3[N+](=O)[O-])c3O)c2oc1c(cc4)ccc4C(C)(C)C	Russian Academy of Science (Russia)	A0733/0034187		CO-ADD:PC0238	32	32	32	32	32	32	32	32																																						
CO-ADD:0222962	c(\\C=N\\Nc1ccccc1)(cc(OCO2)c2c3)c3Br	Russian Academy of Science (Russia)	A0758/0035445		CO-ADD:PC0239	19.6	16	32	32	32	32	32	16	32																																					
CO-ADD:0222967	n1c(c2ccc(cc2)OC)csc1N	Russian Academy of Science (Russia)	A0759/0035453		CO-ADD:PC0239	32	32	32	32	32	32	32	32	32																																					
CO-ADD:0222970	n1c(c2ccc(cc2)Cl)csc1N	Russian Academy of Science (Russia)	A0759/0035456		CO-ADD:PC0239	26.2	32	32	32	32	32	32	32	32																																					
CO-ADD:0222972	c1(ccccc1Br)C(=O)NCc(cc2)ccc2C(C)(C)C	Russian Academy of Science (Russia)	A0759/0035459		CO-ADD:PC0239	25.2	32	32	32	32	32	32	16	32																																					
CO-ADD:0222977	N1(CNc(cc2)ccc2I)C(=O)\\C(\\SC1=S)=C\\c3cccc(Cl)c3Cl	Russian Academy of Science (Russia)	A0759/0035476		CO-ADD:PC0239	32	32	32	4	32	32	32	32	32																																					
CO-ADD:0222518	[N+](=O)([O-])c(ccc(c1\\C=N\\c(ccc(c2Cl)OC)c2)O)c1	Russian Academy of Science (Russia)	A0743/0034668		CO-ADD:PC0238		32	32	32	32	32	32	32																																						
CO-ADD:0222520	c(cc(I)cc1I)(\\C=N\\c(ccc(c2Cl)OC)c2)c1O	Russian Academy of Science (Russia)	A0743/0034672		CO-ADD:PC0238	32	32	32	32	32	32	32	32																																						
CO-ADD:0222524	c1(\\C=N\\NC(CNC(=O)c(cc2OC)cc(c2OC)OC)=O)c(cc(cc1[N+](=O)[O-])[N+](=O)[O-])[N+](=O)[O-]	Russian Academy of Science (Russia)	A0743/0034676		CO-ADD:PC0238	2.65	32	32	8	32	32	32	32																																						
CO-ADD:0222527	c1(\\C=N\\NC(CNC(=O)C(c2ccccc2)c3ccccc3)=O)c(cc(cc1[N+](=O)[O-])[N+](=O)[O-])[N+](=O)[O-]	Russian Academy of Science (Russia)	A0743/0034679		CO-ADD:PC0238	3.1	32	32	4	32	32	32	32																																						
CO-ADD:0222530	c1(Br)c(O)c(\\C=N\\c(ccc(c2Cl)OC)c2)cc(Br)c1O	Russian Academy of Science (Russia)	A0743/0034682		CO-ADD:PC0238	32	32	32	32	32	32	32	32																																						
CO-ADD:0222534	[N+](=O)([O-])c1cccc(\\C=N\\c(ccc(c2Cl)OC)c2)c1O	Russian Academy of Science (Russia)	A0743/0034688		CO-ADD:PC0238	32	32	32	8	32	32	32	32																																						
CO-ADD:0222536	c1(Cl)c(OC)ccc(c1)\\N=C\\c(cc2)ccc2Cl	Russian Academy of Science (Russia)	A0743/0034690		CO-ADD:PC0238	32	32	32	32	32	32	32	32																																						
CO-ADD:0222541	c1(cc(C)ccc1O)\\C=N\\c(ccc(c2Cl)OC)c2	Russian Academy of Science (Russia)	A0743/0034695		CO-ADD:PC0238	32	32	32	32	32	32	32	32																																						
CO-ADD:0222546	[N+](=O)([O-])c(ccc(c1\\C=N\\c2c(C)cccc2O)O)c1	Russian Academy of Science (Russia)	A0743/0034704		CO-ADD:PC0238	32	32	32	2	32	32	32	32																																						
CO-ADD:0222548	N(=C\\c1cc(Br)cc(OC)c1O)/c2c(C)cccc2O	Russian Academy of Science (Russia)	A0743/0034706		CO-ADD:PC0238	32	32	32	32	32	32	32	32																																						
CO-ADD:0222998	N1(CNc(cc2)ccc2C(OC)=O)C(=O)\\C(\\SC1=S)=C/c3cccc(Cl)c3Cl	Russian Academy of Science (Russia)	A0760/0035515		CO-ADD:PC0239	32	32	32	4	32	32	32	32	32																																					
CO-ADD:0221486	c1(C(OCC)=O)c(\\N=C\\c2cc(Cl)ccc2O)scc1c3ccccc3	Russian Academy of Science (Russia)	A0712/0033263		CO-ADD:PC0237	18.6	32	32	32	32	32	32	32																																						
CO-ADD:0221492	c1(ccccc1NC(=O)c2ccc(cc2)Oc(cc3)ccc3C(=O)Nc4ccccc4C(O)=O)C(O)=O	Russian Academy of Science (Russia)	A0713/0033273		CO-ADD:PC0237	32	32	32	32	32	32	32	32																																						
CO-ADD:0221500	C(C(C#N)C#N)(c1cccs1)CC(=O)c2ccc(cc2)Br	Russian Academy of Science (Russia)	A0713/0033288		CO-ADD:PC0237	3.04	32	32	32	32	32	32	32																																						
CO-ADD:0221510	N1(c2cc(C)ccc2C)C(=O)c(c3)c(c(c4)C1=O)c(cc3[N+](=O)[O-])cc4[N+](=O)[O-]	Russian Academy of Science (Russia)	A0713/0033305		CO-ADD:PC0237	2.66	32	32	16	32	32	32	32																																						
CO-ADD:0222385	[N+](=O)([O-])c1cc(ccc1Cl)\\C=N\\c(ccc(c23)OCCO2)c3	Russian Academy of Science (Russia)	A0739/0034488		CO-ADD:PC0238	5.75	32	32	32	32	32	32	32																																						
CO-ADD:0222389	[N+](=O)([O-])c1cc(ccc1Cl)\\C=N\\c(cc2)ccc2Br	Russian Academy of Science (Russia)	A0739/0034493		CO-ADD:PC0238	17.5	32	32	32	32	32	32	32																																						
CO-ADD:0222390	[N+](=O)([O-])c1cc(ccc1OC(=O)c2cccc(C)c2)\\C=N\\NC(=O)c3ccc(cc3)C	Russian Academy of Science (Russia)	A0739/0034495		CO-ADD:PC0238	32	32	32	32	32	32	32	32																																						
CO-ADD:0222392	[N+](=O)([O-])c1cc(ccc1Cl)\\C=N\\c(cc2)ccc2Cl	Russian Academy of Science (Russia)	A0739/0034497		CO-ADD:PC0238	5.39	32	32	32	32	32	32	32																																						
CO-ADD:0222666	N(OC(C1)=O)=C1c2ccc(cc2)Cl	Russian Academy of Science (Russia)	A0754/0035220		CO-ADD:PC0238	32	32	32	32	32	32	16	32																																						
CO-ADD:0221247	n1(c2)c(c(cn2)CCC3)c3c4c1ccc(c4)C5CCCCC5	Russian Academy of Science (Russia)	A0698/0032573		CO-ADD:PC0237	32	32	32	32	32	32	32	16																																						
CO-ADD:0221257	S(c1ccccc1)(=O)(=O)N(c2cccc(Cl)c2Cl)CC(=O)N3CCCCCC3	Russian Academy of Science (Russia)	A0699/0032598		CO-ADD:PC0237	32	32	32	32	32	32	32	32																																						
CO-ADD:0221258	c12c(c(nn1c3ccccc3)C)cc(C(=O)NCc4ccccc4)s2	Russian Academy of Science (Russia)	A0699/0032603		CO-ADD:PC0237	32	32	32	32	32	32	32	32																																						
CO-ADD:0221265	[N+](=O)([O-])c1ccc(cc1)CN(CC2)CCN2CCNC(=O)C(=O)Nc(cc3)ccc3CCCC	Russian Academy of Science (Russia)	A0699/0032631		CO-ADD:PC0237	32	32	32	32	32	32	32	32																																						
CO-ADD:0221268	C(=O)(c1ccc(cc1)F)C(CCCCCCC(CN(CC2)CCO2)C(=O)c3ccc(cc3)F)CN(CC4)CCO4.Cl.Cl	Russian Academy of Science (Russia)	A0700/0032634		CO-ADD:PC0237	32	32	32	32	32	32	32	32																																						
CO-ADD:0221274	N1(OC(N(c2cccc(Cl)c2)C1=O)=O)C3C(C)(C)SC(=S)N3CC(C)C	Russian Academy of Science (Russia)	A0700/0032658		CO-ADD:PC0237	17.7	32	32	32	32	32	32	32																																						
CO-ADD:0221276	C(=N\\CC)(/SCC1(C)\\C=N\\OC(NC)=O)\\S1	Russian Academy of Science (Russia)	A0700/0032663		CO-ADD:PC0237	32	32	32	32	32	32	32	32																																						
CO-ADD:0221292	C(/S(CCC)(=O)=O)(\\S(CCC)(=O)=O)=C(\\Nc(cc1)ccc1CC)/Nc(cc2)ccc2CC	Russian Academy of Science (Russia)	A0701/0032702		CO-ADD:PC0237	5.57	32	32	32	32	32	32	32																																						
CO-ADD:0222403	C(=O)(Oc(cc1)ccc1\\C=N\\NC(c(cc2)ccn2)=O)c3ccccc3I	Russian Academy of Science (Russia)	A0739/0034517		CO-ADD:PC0238	32	32	32	32	32	32	32	32																																						
CO-ADD:0222405	C(=O)(Oc1cccc(c1)\\C=N\\NC(c(cc2)ccn2)=O)c3cccc(Br)c3	Russian Academy of Science (Russia)	A0739/0034519		CO-ADD:PC0238	32	32	32	32	32	32	32	32																																						
CO-ADD:0222406	C(=O)(c1ccc(cc1)Br)Oc2ccc(cc2\\C=N\\NC(c(cc3)ccn3)=O)Br	Russian Academy of Science (Russia)	A0740/0034522		CO-ADD:PC0238	0.271	32	32	32	32	32	32	32																																						
CO-ADD:0222408	C(=O)(Oc(cc1)ccc1\\C=N\\NC(=O)c(ccc(n2)C)c2)c3ccccc3I	Russian Academy of Science (Russia)	A0740/0034524		CO-ADD:PC0238	20.6	32	32	32	32	32	32	32																																						
CO-ADD:0222410	[N+](=O)([O-])c1ccc(cc1O)\\C=N\\NC(c(cc2)ccn2)=O	Russian Academy of Science (Russia)	A0740/0034526		CO-ADD:PC0238	32	32	32	16	32	32	32	32																																						
CO-ADD:0222413	c1(c(Br)cc(cc1\\C=N\\NC(c(cc2)ccn2)=O)Br)OC(c3ccccc3)=O	Russian Academy of Science (Russia)	A0740/0034531		CO-ADD:PC0238	6.75	32	32	32	32	32	32	32																																						
CO-ADD:0222419	C(=O)(N\\N=C\\c1cc(Br)ccc1OC(=O)c2ccc(cc2)Br)C(O)(c3ccccc3)c4ccccc4	Russian Academy of Science (Russia)	A0740/0034538		CO-ADD:PC0238	2.98	32	32	32	32	32	32	32																																						
CO-ADD:0222420	C(=O)(Oc(cc1)ccc1\\C=N\\NC(=O)c(ccc(n2)C)c2)c3ccccc3Br	Russian Academy of Science (Russia)	A0740/0034539		CO-ADD:PC0238	12.3	32	32	32	32	32	32	32																																						
CO-ADD:0222427	[N+](=O)([O-])c1cccc(\\C=N\\Nc(n2)nc(nc2Nc3ccccc3)Nc4ccccc4)c1O	Russian Academy of Science (Russia)	A0740/0034548		CO-ADD:PC0238	32	32	32	32	32	32	32	32																																						
CO-ADD:0222430	C(=O)(Oc(cc1)ccc1\\C=N\\NC(=O)c(cccn2)c2)c3ccccc3I	Russian Academy of Science (Russia)	A0740/0034552		CO-ADD:PC0238	8	32	32	32	32	32	32	32																																						
CO-ADD:0222438	c1(\\C=N\\NC(CNc2cccc(C)c2)=O)cc(C)ccc1O	Russian Academy of Science (Russia)	A0740/0034560		CO-ADD:PC0238	12.8	32	32	32	32	32	32	32																																						
CO-ADD:0222440	c1(c(ccc(c1)[N+](=O)[O-])Oc2cccc(c2)\\C=N\\NC(=O)c(cccn3)c3)[N+](=O)[O-]	Russian Academy of Science (Russia)	A0740/0034562		CO-ADD:PC0238	9.6	32	32	8	32	32	32	32																																						
CO-ADD:0223245	c(\\C=N\\NC(=O)c(cccn1)c1)(cc(Br)cc2I)c2O	Russian Academy of Science (Russia)	A0769/0035943		CO-ADD:PC0239	32	32	32	32	32	32	32	32	32																																					
CO-ADD:0222572	c1(c2ccc(cc2)Cl)nc(sc1c(cc3)ccc3[N+](=O)[O-])\\N=C\\c4c(O)ccc(cccc5)c45	Russian Academy of Science (Russia)	A0749/0035006		CO-ADD:PC0238		32	32	32	32	32	32	32																																						
CO-ADD:0222575	N1(C(CCC)=O)c(ccc(c2)Cl)c2OC1=S	Russian Academy of Science (Russia)	A0749/0035009		CO-ADD:PC0238	32	32	32	32	32	32	16	32																																						
CO-ADD:0222578	[N+](=O)([O-])c1cccc(c1)\\C=N\\c(c2)cc3c(cccc3)n2	Russian Academy of Science (Russia)	A0750/0035018		CO-ADD:PC0238	32	32	32	32	32	32	32	32																																						
CO-ADD:0222596	C(=O)([O-])\\C=C\\c(cc1)ccc1OC(C)C	Russian Academy of Science (Russia)	A0751/0035072		CO-ADD:PC0238	32	32	32	32	32	32	32	32																																						
CO-ADD:0223413	n1c(c2ccccc2)csc1N\\N=C\\c(cc3)ccc3C(OC)=O	Russian Academy of Science (Russia)	A0775/0036269		CO-ADD:PC0239	32	32	32	32	32	32	32	32	32																																					
CO-ADD:0222181	c1(O)c(OC)cc(cc1OC)\\C=N\\NC(=O)Cc2ccc(c(cccc3)c23)Br	Russian Academy of Science (Russia)	A0733/0034221		CO-ADD:PC0238	32	32	32	32	32	32	32	32																																						
CO-ADD:0222207	c1(c2ccc(c3c2)cccc3)oc4c(ccc(c4)\\N=C\\c(c(O)ccc5[N+](=O)[O-])c5)n1	Russian Academy of Science (Russia)	A0734/0034258		CO-ADD:PC0238	32	32	32	32	32	32	32	32																																						
CO-ADD:0223260	[N+](=O)([O-])c1ccc(c(c1)\\N=C\\c(cc2)ccc2Cl)N	Russian Academy of Science (Russia)	A0769/0035962		CO-ADD:PC0239	1.15	32	32	32	32	32	1	32	32																																					
CO-ADD:0223270	C(N)(=S)N\\N=C(/C)\\c1ccc(cc1)Br	Russian Academy of Science (Russia)	A0769/0035983		CO-ADD:PC0239	32	32	32	32	32	32	32	32	32																																					
CO-ADD:0223283	N1(NC(=O)c2ccccc2[N+](=O)[O-])C(=O)c(cc3)c(c(ccc4[N+](=O)[O-])C1=O)c4c3[N+](=O)[O-]	Russian Academy of Science (Russia)	A0770/0036000		CO-ADD:PC0239	0.947	32	32	4	32	32	32	32	32																																					
CO-ADD:0223292	c1(\\C=N/NC(N)=S)c2c(cccc2)cc(cccc3)c13	Russian Academy of Science (Russia)	A0770/0036014		CO-ADD:PC0239	11.2	32	32	4	32	32	32	32	32																																					
CO-ADD:0220619	[N+](=O)([O-])c(cc1)ccc1C(=O)Oc2ccc(cc2OCC)\\C=N\\NC(=O)\\C(\\NC(c3ccccc3)=O)=C/c4cccs4	Russian Academy of Science (Russia)	A0673/0031338		CO-ADD:PC0236		32	32	32	32	32	32	32																																						
CO-ADD:0220626	C(=O)(C(c1ccccc1)c2ccccc2)NCC(=O)N\\N=C\\c3cc(OC)ccc3O	Russian Academy of Science (Russia)	A0673/0031347		CO-ADD:PC0236	3.17	32	32	32	32	32	32	32																																						
CO-ADD:0220632	c1(cc(O)ccc1O)\\C(\\C)=N\\NC(CNC(=O)C(c2ccccc2)c3ccccc3)=O	Russian Academy of Science (Russia)	A0673/0031355		CO-ADD:PC0236	32	32	32	32	32	32	32	32																																						
CO-ADD:0222553	[N+](=O)([O-])c1ccc(cc1)\\C=N\\c2c(C)cccc2O	Russian Academy of Science (Russia)	A0743/0034711		CO-ADD:PC0238	32	32	32	32	32	32	32	32																																						
CO-ADD:0222554	N(=C\\c(cc(Br)cc1Br)c1O)/c2c(C)cccc2O	Russian Academy of Science (Russia)	A0743/0034712		CO-ADD:PC0238	19.6	32	32	32	32	32	32	32																																						
CO-ADD:0223354	c1(ccc(\\C=N\\N=C\\c2ccc(cc2O)O)o1)[N+](=O)[O-]	Russian Academy of Science (Russia)	A0772/0036137		CO-ADD:PC0239	2.2	8	32	16	32	32	16	8	32																																					
CO-ADD:0223023	N1(CNc2c(C)ccc(Cl)c2)C(=O)\\C(\\SC1=S)=C/c3cccc(Cl)c3Cl	Russian Academy of Science (Russia)	A0760/0035547		CO-ADD:PC0239	32	32	32	4	32	32	32	32	32																																					
CO-ADD:0223034	N1(CNc2cccc(F)c2)C(=O)\\C(\\SC1=S)=C/c(cc3OC)cc(c3OC)OC	Russian Academy of Science (Russia)	A0761/0035568		CO-ADD:PC0239	32	32	32	32	32	32	32	32	32																																					
CO-ADD:0223037	c1(ccccc1NC(=O)c2ccco2)C(=O)N\\N=C\\c3ccccc3O	Russian Academy of Science (Russia)	A0761/0035572		CO-ADD:PC0239	4.91	32	32	32	32	32	32	32	32																																					
CO-ADD:0223044	N1(CNc(cc2)ccc2CC)C(=O)\\C(\\SC1=S)=C\\c3cccc(Cl)c3Cl	Russian Academy of Science (Russia)	A0761/0035581		CO-ADD:PC0239	32	32	32	4	32	32	32	32	32																																					
CO-ADD:0227650	N(Cc1ccccc1)(C(=O)C(C23)C(C=C4)OC24CNS(=O)(=O)c(cc5)ccc5[N+](=O)[O-])C3=O	Russian Academy of Science (Russia)	A0847/0039661		CO-ADD:PC0244	32	32	32	32	32	32	32	16	32																																					
CO-ADD:0227883	N1(c2cccc(Cl)c2C)C(=O)C=C(c3ccc(cc3)Cl)C1=O	Russian Academy of Science (Russia)	A0861/0040336		CO-ADD:PC0244	0.873	32	32	32	32	32	32	32	32																																					
CO-ADD:0227886	N1(CN2CCCCC2)N=C(OC1=S)c3ccccc3	Russian Academy of Science (Russia)	A0861/0040344		CO-ADD:PC0244	32	32	32	32	32	32	32	32	32																																					
CO-ADD:0227665	N1(c2ccccc2)C(=O)CC(N(CC3)CCN3c4ccccc4OC)C1=O	Russian Academy of Science (Russia)	A0847/0039686		CO-ADD:PC0244	32	32	32	32	32	32	32	32	32																																					
CO-ADD:0227684	[N+](=O)([O-])c1ccc(cc1)\\C=C\\c(c2)nc(c3c2NC(C)CCCN(CC)CC)ccc(OC)c3	Russian Academy of Science (Russia)	A0848/0039741		CO-ADD:PC0244	32	32	32	32	32	32	32	32	32																																					
CO-ADD:0227686	S(=O)(=O)(c(cccn1)c1)Nc2ccc(cc2C(=O)Nc(cc3)ccc3Cl)Cl	Russian Academy of Science (Russia)	A0849/0039746		CO-ADD:PC0244	4.75	32	32	8	32	32	32	32	32																																					
CO-ADD:0227689	c(\\C=C(\\C#N)/C#N)(c1Cl)sc(c1)Cl	Russian Academy of Science (Russia)	A0849/0039756		CO-ADD:PC0244	6.37	32	32	32	32	32	32	32	32																																					
CO-ADD:0227921	C12(c3c(NC1=O)ccc(Br)c3)C(C#N)=C(N)OC(C)=C2C(OC)=O	Russian Academy of Science (Russia)	A0907/0042602		CO-ADD:PC0244	32	32	32	32	32	32	32	32	32																																					
CO-ADD:0227186	c1(c(ccc(c2Cl)Cl)c2)ccc(\\C=N\\c3cc(ccc3O)Cc(ccc(c4\\N=C\\c(ccc5c(ccc(c6Cl)Cl)c6)o5)O)c4)o1	Russian Academy of Science (Russia)	A0865/0040529		CO-ADD:PC0244	32	32	32	32	32	32	32	32	32																																					
CO-ADD:0227209	c(cc(Cl)cc1I)(\\C=N\\c2cc(CC)ccc2O)c1O	Russian Academy of Science (Russia)	A0865/0040566		CO-ADD:PC0244	10.4	32	32	32	32	32	16	16	32																																					
CO-ADD:0227237	c(cc(I)cc1I)(\\C=N\\c(cc2)ccc2F)c1O	Russian Academy of Science (Russia)	A0866/0040608		CO-ADD:PC0244	32	32	32	32	32	32	8	16	32																																					
CO-ADD:0228176	S1(=O)(=O)c2c(C(Nc3ccccc3C)=N1)ccc(c2)[N+](=O)[O-]	Russian Academy of Science (Russia)	A0886/0041573		CO-ADD:PC0245	23.8	32	32	32	32	32	32	32	32																																					
CO-ADD:0227949	N1(CNc2cccc(I)c2)C(=O)\\C(\\SC1=S)=C/c3ccccc3	Russian Academy of Science (Russia)	A0879/0041224		CO-ADD:PC0244	32	32	32	32	32	32	32	32	32															32	32	32	32					32	32													
CO-ADD:0228181	S1(=O)(=O)c2c(C(N(CC)CC)=N1)ccc(c2)[N+](=O)[O-]	Russian Academy of Science (Russia)	A0886/0041578		CO-ADD:PC0245	32	32	32	32	32	32	32	32	32																																					
CO-ADD:0228182	S1(=O)(=O)c2c(C(Nc3ccccc3Cl)=N1)ccc(c2)[N+](=O)[O-]	Russian Academy of Science (Russia)	A0886/0041579		CO-ADD:PC0245	32	32	32	32	32	32	32	32	32																																					
CO-ADD:0227498	C(=C\\c(ccc(c12)OCO1)c2)(/NC(c3ccccc3)=O)\\C(=O)N\\N=C\\c4cc(Cl)ccc4O	Russian Academy of Science (Russia)	A0873/0040961		CO-ADD:PC0244	7.32	32	32	32	32	32	32	32	32																																					
CO-ADD:0227510	c1(c(O)c(\\C=N\\c2ccccc2S)cc(c1)[N+](=O)[O-])[N+](=O)[O-]	Russian Academy of Science (Russia)	A0874/0040978		CO-ADD:PC0244	32	32	32	16	32	32	32	32	32																																					
CO-ADD:0227269	[N+](=O)([O-])c1cccc(c1)\\C=N\\c2cc(CC)ccc2O	Russian Academy of Science (Russia)	A0867/0040640		CO-ADD:PC0244	25.1	32	32	32	32	32	32	32	32																																					
CO-ADD:0236056	c1(ccc(\\C=N\\NC(=O)C2CC23CCC3)s1)[N+](=O)[O-]	Russian Academy of Science (Russia)	A1162/0054220		CO-ADD:PC0261	5.1	32	32	16	32	32	8	2	32																																					
CO-ADD:0228237	N1C(=O)\\C(\\SC1=N)=C/c(ccc2c3ccccc3[N+](=O)[O-])o2	Russian Academy of Science (Russia)	A0889/0041719		CO-ADD:PC0245	32	32	32	16	32	32	32	32	32																																					
CO-ADD:0228251	N1(CN2CCCCC2)C(=O)\\C(\\SC1=O)=C/c3ccccc3F	Russian Academy of Science (Russia)	A0889/0041739		CO-ADD:PC0245	32	32	32	32	32	32	16	32	32																																					
CO-ADD:0228028	N(=C\\c1cc(I)ccc1O)/c2cc(ccc2O)Cc(ccc(c3\\N=C\\c4cc(I)ccc4O)O)c3	Russian Academy of Science (Russia)	A0881/0041347		CO-ADD:PC0245	32	32	32	32	32	32	32	32	32																																					
CO-ADD:0227543	[N+](=O)([O-])c1ccc(cc1O)\\C=N\\NC(=O)\\C(=C\\c(ccc(c23)OCO2)c3)\\NC(c4ccccc4)=O	Russian Academy of Science (Russia)	A0875/0041028		CO-ADD:PC0244	32	32	32	32	32	32	32	32	32																																					
CO-ADD:0227754	[N+](=O)([O-])c(ccc(c1\\C=N\\c2ccccc2OCC(C)C)O)c1	Russian Academy of Science (Russia)	A0853/0039961		CO-ADD:PC0244	32	32	32	16	32	32	32	32	32																																					
CO-ADD:0237009	OCC(C)(C)[C@@H](O)C(NCCC(NCCCCCCC)=O)=O	Stellenbosch University (South Africa)	LB_N7_01		CO-ADD:PC0265	32	32	32	0.5	32	32	32	32	32																																					
CO-ADD:0227073	n1c[nH]nc1\\N=C\\c2c(O)ccc(cccc3)c23	Russian Academy of Science (Russia)	A0841/0039463		CO-ADD:PC0244	17.3	32	32	32	32	32	8	8	32																																					
CO-ADD:0227084	n12c(nnc1c3c(cccc3Cl)Cl)c(c(Cl)c(C#N)c2Cl)Cl	Russian Academy of Science (Russia)	A0843/0039521		CO-ADD:PC0244	2.82	32	32	32	32	32	32	32	32																																					
CO-ADD:0227098	c1(c(C)nn2c3ccccc3)c2OC(=C(C#N)C14c5c(NC4=O)ccc(Br)c5)N.[Na+]	Russian Academy of Science (Russia)	A0843/0039542		CO-ADD:PC0244	32	32	32	8	32	32	32	32	32																																					
CO-ADD:0227330	C(COc1ccc(cc1OC)Br)(=O)N\\N=C\\c2ccccc2\\C=N\\NC(COc3ccc(cc3OC)Br)=O	Russian Academy of Science (Russia)	A0868/0040718		CO-ADD:PC0244	32	32	32	32	32	32	32	16	32																																					
CO-ADD:0227351	c1(ccc(\\C=N\\NC(CNc2cccc(cccc3)c23)=O)o1)[N+](=O)[O-]	Russian Academy of Science (Russia)	A0869/0040747		CO-ADD:PC0244	5.17	32	32	4	32	32	32	32	32																																					
CO-ADD:0227697	S(=O)(=O)(c(ccc(c1[N+](=O)[O-])Cl)c1)Nc2ccc(cc2C(=O)Nc3c(Cl)ccc(Cl)c3)Cl	Russian Academy of Science (Russia)	A0849/0039774		CO-ADD:PC0244	12	32	32	4	32	32	32	32	32																																					
CO-ADD:0227731	c1(SCC(=O)c2ccc(cc2)Br)sc3c(ccc(c3)\\N=C\\c4c(cccc4F)Cl)n1	Russian Academy of Science (Russia)	A0851/0039876		CO-ADD:PC0244	32	32	32	32	32	32	32	32	32																																					
CO-ADD:0227110	c1(c(C)nn2c3ccccc3)c2OC(=C(C#N)C14c5c(NC4=O)ccc(F)c5)N.[Na+]	Russian Academy of Science (Russia)	A0844/0039558		CO-ADD:PC0244	32	32	32	8	32	32	32	32	32																																					
CO-ADD:0228047	c(cc(C)c(c1Br)C)(\\C=N\\c2cc(CC)ccc2O)c1O	Russian Academy of Science (Russia)	A0882/0041374		CO-ADD:PC0245	13.2	32	32	32	32	32	32	32	32																																					
CO-ADD:0228055	c(Br)(c(C)c(C)cc1\\C=N\\c(cc2)ccc2NC(C)=O)c1O	Russian Academy of Science (Russia)	A0882/0041382		CO-ADD:PC0245	32	32	32	32	32	32	32	32	32																																					
CO-ADD:0228063	c(cc(C)c(c1Br)C)(\\C=N\\c2c(O)ccc(Cl)c2)c1O	Russian Academy of Science (Russia)	A0882/0041395		CO-ADD:PC0245	10.3	32	32	32	32	32	32	32	32																																					
CO-ADD:0228298	N1(c2ccc(cc2)F)C(=O)CC(N(CC3)CCN3c4ccccc4OC)C1=O	Russian Academy of Science (Russia)	A0892/0041880		CO-ADD:PC0245	32	32	32	32	32	32	32	32	32																																					
CO-ADD:0228303	C1(C2=O)C(C(C=C3)OC13CNS(=O)(=O)c4c(C)cc(cc4C)C)C(N2c5ccc(cc5)Cl)=O	Russian Academy of Science (Russia)	A0892/0041885		CO-ADD:PC0245	11.4	32	32	32	32	32	4	2	32																																					
CO-ADD:0227780	C1(C#N)=C(N)\\C(\\SC1=N)=C\\c(cc2)ccn2.Cl	Russian Academy of Science (Russia)	A0855/0040061		CO-ADD:PC0244	32	32	32	32	32	32	32	32	32																																					
CO-ADD:0227799	c1(NC(C)CCCN(CC)CC)c(ccc(c2)Cl)c2nc(\\C=C\\c(cc3)ccc3Br)n1	Russian Academy of Science (Russia)	A0856/0040103		CO-ADD:PC0244	1.9	32	32	8	32	32	32	32	32																																					
CO-ADD:0227800	N1(C(NC)=O)c(ccc(c2)Cl)c2OC1=S	Russian Academy of Science (Russia)	A0856/0040107		CO-ADD:PC0244	32	32	32	32	32	32	8	16	32																																					
CO-ADD:0227602	[N+](=O)([O-])c(c1)cc(c(O)c1\\C=N/NC(CNC(=O)c2ccc(c(OC)c2)OC)=O)Br	Russian Academy of Science (Russia)	A0876/0041108		CO-ADD:PC0244	32	32	32	32	32	32	32	32	32																																					
CO-ADD:0227611	c1(c(ccc(c2Cl)F)c2)ccc(C([H])=O)o1	Russian Academy of Science (Russia)	A0877/0041130		CO-ADD:PC0244	32	32	32	32	32	32	32	32	32																																					
CO-ADD:0227615	N(=C\\c1cccc(F)c1O)/c2cc(C)c(cc2O)C	Russian Academy of Science (Russia)	A0877/0041139		CO-ADD:PC0244	16.4	32	32	32	32	32	32	32	32																																					
CO-ADD:0227633	N(=C1c2ccc(cc2)Cl)\\C(=C(\\C)/c(cccc3[N+](=O)[O-])c3)\\C(O1)=O	Russian Academy of Science (Russia)	A0878/0041171		CO-ADD:PC0244	32	32	32	32	32	32	32	32	32																																					
CO-ADD:0227831	n1(c(c2ccc(cc2)F)nn3)c3c(c(Cl)c(C#N)c1Cl)Cl	Russian Academy of Science (Russia)	A0857/0040172		CO-ADD:PC0244	5.81	32	32	32	32	32	32	16	32																																					
CO-ADD:0227371	c1(cc(I)ccc1O)\\C=N\\c(ccc(c2Cl)Cl)c2	Russian Academy of Science (Russia)	A0870/0040778		CO-ADD:PC0244	32	32	32	32	32	32	32	32	32																																					
CO-ADD:0227372	N(=C\\c1cc(I)ccc1O)/c2cc(C)c(cc2O)C	Russian Academy of Science (Russia)	A0870/0040779		CO-ADD:PC0244	16.1	32	32	32	32	32	32	32	32																																					
CO-ADD:0227378	N(=C\\c1cc(I)ccc1O)/c2c(O)ccc(Cl)c2	Russian Academy of Science (Russia)	A0870/0040785		CO-ADD:PC0244	11.3	32	32	32	32	32	32	8	32																																					
CO-ADD:0225804	C1(=N2)N(C=CN=C1Sc3ccc(cc3C)C)C(N2CC(=O)Nc4cccc(C)c4)=O	Karazin Kharkiv National University (Ukraine)	F3406-5258		CO-ADD:PC0241	32	32	32	32	32	32	32	32	32																																					
CO-ADD:0220043	c1(cccc(cccc2C=O)c12)C(O)=O	Russian Academy of Science (Russia)	A0656/0030517		CO-ADD:PC0236	32	32	32	32	32	32	32	32																																						
CO-ADD:0220044	[N+](=O)([O-])c(cc1)ccc1C(=O)C(C#N)C(OCC)=O	Russian Academy of Science (Russia)	A0656/0030518		CO-ADD:PC0236	32	32	32	32	32	32	32	32																																						
CO-ADD:0217035	C(C(c1ccccc1)=O)C(c(cc2)ccc2C(OC)=O)Nc(cc3)ccc3CCCC	Russian Academy of Science (Russia)	A0560/0025908		CO-ADD:PC0225	32	32	32	32	32	32	32	32																																						
CO-ADD:0217037	c1(\\N=C\\c2ccccc2OC)sc3c(ccc(Br)c3)n1	Russian Academy of Science (Russia)	A0560/0025917		CO-ADD:PC0225	32	32	32	32	32	32	32	16																																						
CO-ADD:0217042	C1(=COC(=O)C=C1)C(=O)Nc2cc(C)ccc2C	Russian Academy of Science (Russia)	A0561/0025930		CO-ADD:PC0225	32	32	32	32	32	32	32	32																																						
CO-ADD:0217050	C(Oc(cc1)ccc1C(=O)Nc2ccccc2Cl)(=S)Nc(cc3)ccc3I	Russian Academy of Science (Russia)	A0561/0025949		CO-ADD:PC0225	31.5	32	32	32	32	32	32	32																																						
CO-ADD:0217085	C(=O)(N(C1CCCCC1)C2CCCCC2)c3ccccc3C(OCCC(C)C)=O	Russian Academy of Science (Russia)	A0563/0026017		CO-ADD:PC0225	32	32	32	32	32	32	32	32																																						
CO-ADD:0217087	c1(C(OCC)=O)c(C)[nH]c(C(OCC)=O)c1C	Russian Academy of Science (Russia)	A0563/0026021		CO-ADD:PC0225	32	32	32	32	32	32	32	32																																						
CO-ADD:0228503	C12(c3c(NC1=O)ccc(Cl)c3)C(C#N)=C(N)OC(C)=C2C(OC)=O	Russian Academy of Science (Russia)	A0908/0042609		CO-ADD:PC0245	32	32	32	32	32	32	32	32	32																																					
CO-ADD:0228519	C1(C#N)(C#N)[C@H](c2ccc(cc2)Cl)[C@H](N(c3c(cccc3)C=C4)[C@@]14[H])C(C)=O	Russian Academy of Science (Russia)	A0909/0042634		CO-ADD:PC0245	1.22	32	32	32	32	32	32	32	32																																					
CO-ADD:0228547	N1(c2ccccc2)C(=O)CC(N(C)Cc3ccccc3)C1=O	Russian Academy of Science (Russia)	A0910/0042672		CO-ADD:PC0245	32	32	32	32	32	32	32	32	32																																					
CO-ADD:0228548	C(c1ccccc1)(CN2CCCCCC2)C(=O)c3ccc(cc3)Cl.Cl	Russian Academy of Science (Russia)	A0910/0042674		CO-ADD:PC0245	2.61	32	32	16	32	32	32	32	32																																					
CO-ADD:0229415	N1(C)c2c(C(=O)C1=O)cc(Br)cc2C	Russian Academy of Science (Russia)	A0815/0038165		CO-ADD:PC0246	32	32	32	32	32	32	8	4	32																																					
CO-ADD:0229419	S(=O)(=O)(c(cc1)ccc1[N+](=O)[O-])N(c2cccc(C)c2)CC(OCC)=O	Russian Academy of Science (Russia)	A0815/0038174		CO-ADD:PC0246	32	32	32	32	32	32	32	32	32																																					
CO-ADD:0219103	c1(N\\N=C\\c(cc2)ccc2N(C)C)[nH]nnn1	Russian Academy of Science (Russia)	A0629/0029186		CO-ADD:PC0233	32	32	32	32	32	32	32																	32	32	32						16	8													
CO-ADD:0219107	c(cccn1)(c(Br)ccc2\\N=C\\c3ccccc3O)c12	Russian Academy of Science (Russia)	A0629/0029193		CO-ADD:PC0233	32	32	32	32	32	32	16	32																																						
CO-ADD:0219110	[N+](=O)([O-])c(ccc(c1\\C=N\\c2ccc(c(cccn3)c23)Br)O)c1	Russian Academy of Science (Russia)	A0629/0029198		CO-ADD:PC0233	23.9	32	32	8	32	32	32	32																																						
CO-ADD:0229837	S1(=O)(=O)c(cccc2)c2C(SCC(OC)=O)=N1	Russian Academy of Science (Russia)	A0837/0039238		CO-ADD:PC0246	5.05	32	32	32	32	32	8	2	32																																					
CO-ADD:0229439	c(cc(I)cc1I)(\\C=N\\c2cccc(OC)c2)c1O	Russian Academy of Science (Russia)	A0816/0038217		CO-ADD:PC0246	32	32	32	32	32	32	8	8	32																																					
CO-ADD:0229442	[N+](=O)([O-])c(ccc(c1\\C=N\\c2cccc(OC)c2)O)c1	Russian Academy of Science (Russia)	A0816/0038222		CO-ADD:PC0246	32	32	32	8	32	32	32	32	32												32	32	32					32	32	32																
CO-ADD:0229461	C(=C/NNc1cccc(C)c1)(/C(=O)NC(N2)=O)\\C2=O	Russian Academy of Science (Russia)	A0823/0038552		CO-ADD:PC0246	32	32	32	32	32	32	16	8	32																																					
CO-ADD:0230325	[N+](=O)([O-])c(ccc(c1\\C=N\\NC(CCc(cc2C(C)(C)C)cc(c2O)C(C)(C)C)=O)O)c1	Russian Academy of Science (Russia)	A0931/0043577		CO-ADD:PC0247	32	32	32	32	32	32	32	32	32																																					
CO-ADD:0219112	c1(N2)c(cc(c(Br)c1Br)Cl)OC2=O	Russian Academy of Science (Russia)	A0629/0029201		CO-ADD:PC0233	32	32	32	16	32	32	32	32													32	32	32					32	32	32																
CO-ADD:0219113	N1(CN(CC2)CCO2)c3c(SC1=S)cccc3	Russian Academy of Science (Russia)	A0630/0029204		CO-ADD:PC0233	32	32	32	32	32	32	32	32																																						
CO-ADD:0219123	N1(CN2CCCCC2)c3c(SC1=S)cccc3	Russian Academy of Science (Russia)	A0630/0029221		CO-ADD:PC0233	32	32	32	32	32	32	32	32																																						
CO-ADD:0219127	C(=O)(Nc1cccc(c1)NC(=O)Nc2ccccc2F)Nc3ccccc3F	Russian Academy of Science (Russia)	A0630/0029229		CO-ADD:PC0233	32	32	32	32	32	32	32	32																																						
CO-ADD:0220051	c1(C(F)(F)F)nnc(NC(c2ccccc2)=O)s1	Russian Academy of Science (Russia)	A0657/0030531		CO-ADD:PC0236	10.4	32	32	16	32	32	32	32																																						
CO-ADD:0231578	n1(nnc(C)c1C(=O)N\\N=C\\c(ccc2[N+](=O)[O-])o2)c3nonc3N	Russian Academy of Science (Russia)	A0983/0045955		CO-ADD:PC0249	30.9	32	32	8	32	32	32	32	32																																					
CO-ADD:0231591	[N+](=O)([O-])c1cc(ccc1OC(=O)c2cccc(C)c2)\\C=N\\c3ccccc3	Russian Academy of Science (Russia)	A0984/0045976		CO-ADD:PC0249	32	32	32	32	32	32	32	32	32																																					
CO-ADD:0231596	[N+](=O)([O-])c1cc(ccc1OC(=O)c2cccc(C)c2)\\C=N\\c(cccc3[N+](=O)[O-])c3	Russian Academy of Science (Russia)	A0984/0045982		CO-ADD:PC0249	32	32	32	32	32	32	32	32	32																																					
CO-ADD:0231602	n1c2c([nH]c1c3ccc(cc3)F)ccc(c2)\\N=C\\c4cc(I)ccc4O	Russian Academy of Science (Russia)	A0984/0045996		CO-ADD:PC0249	32	32	32	32	32	32	32	32	32																																					
CO-ADD:0229210	c1(S(CC)(=O)=O)c(C(OC)=O)n2c(cccc2)c1S(CC)(=O)=O	Russian Academy of Science (Russia)	A0802/0037546		CO-ADD:PC0246	20.4	32	32	32	32	32	32	32	32																																					
CO-ADD:0230351	N1(CNc2cccc(F)c2)C(=O)\\C(\\SC1=O)=C\\c3ccccc3	Russian Academy of Science (Russia)	A0932/0043632		CO-ADD:PC0247	32	32	32	32	32	32	16	16	32																																					
CO-ADD:0230352	N1(CNc2cccc(F)c2)C(=O)\\C(\\SC1=O)=C\\c3ccccc3F	Russian Academy of Science (Russia)	A0932/0043633		CO-ADD:PC0247	32	32	32	32	32	32	4	8	32																																					
CO-ADD:0230360	s1c(N)nnc1SCc2ccc(cc2C)C	Russian Academy of Science (Russia)	A0932/0043648		CO-ADD:PC0247	32	32	32	32	32	32	32	32	32																																					
CO-ADD:0220076	[N+](=O)([O-])c(cc1Cl)cc(c1NC(=O)c2ccccc2C)Cl	Russian Academy of Science (Russia)	A0658/0030594		CO-ADD:PC0236	32	32	32	16	32	32	32	32																																						
CO-ADD:0220077	c1(ccc(\\C=N\\NC(N)=O)o1)[N+](=O)[O-]	Russian Academy of Science (Russia)	A0658/0030595		CO-ADD:PC0236	32	32	32	32	16	32	32	32																																						
CO-ADD:0220081	n1(CC(O)CN2CCCCC2)c3c(c(cc(Br)cc4)c14)cc(Br)cc3	Russian Academy of Science (Russia)	A0658/0030603		CO-ADD:PC0236	0.629	32	32	0.5	32	32	32	8																																						
CO-ADD:0220088	N(CCN1c2cccc(C)c2)(c3cccc(C)c3)C1c4ccc(cc4)Cl	Russian Academy of Science (Russia)	A0658/0030616		CO-ADD:PC0236	32	32	32	32	32	32	32	32																																						
CO-ADD:0220089	N1(CNc(cc2)ccc2C(OCC)=O)C(=O)c(c3C1=O)ccc(c3)[N+](=O)[O-]	Russian Academy of Science (Russia)	A0658/0030617		CO-ADD:PC0236	32	32	32	32	32	32	32	32																																						
CO-ADD:0220095	c(Nc1cccc(C)c1)(c2c3cccc2)c4c(n3)cccc4	Russian Academy of Science (Russia)	A0659/0030624		CO-ADD:PC0236	5.47	32	32	32	32	32	32	32																																						
CO-ADD:0217091	N1(CCCCCCCCCC)C=CC(C=C1)=N.Br	Russian Academy of Science (Russia)	A0563/0026029		CO-ADD:PC0225	32	32	32	32	16	32	32	32																																						
CO-ADD:0217097	N1(CCCCCCCC)C=CC(C=C1)=N.Br	Russian Academy of Science (Russia)	A0563/0026051		CO-ADD:PC0225	32	32	32	32	32	32	32	32																																						
CO-ADD:0228956	C(=C\\c(ccc(c12)OCO1)c2)(/c3c4cccc3)\\c5c4ccc(C(CCCCN6CCCCC6)=O)c5	Russian Academy of Science (Russia)	A0943/0044136		CO-ADD:PC0245	32	32	32	4	32	32	32	32	32																																					
CO-ADD:0228964	c1(ccccc1NC(c2ccccc2)=O)C(O)=O	Russian Academy of Science (Russia)	A0943/0044153		CO-ADD:PC0245	32	32	32	32	32	32	32	32	32																																					
CO-ADD:0228965	c12c(cc(c3n1)cccc3)Cc(cc(C)cc4)c24	Russian Academy of Science (Russia)	A0943/0044154		CO-ADD:PC0245	32	32	32	32	32	32	32	32	32																																					
CO-ADD:0228980	C(F)(F)(F)C(=O)NC(c1ccccc1)CC(=O)NCc2ccccc2	Russian Academy of Science (Russia)	A0792/0037078		CO-ADD:PC0246	32	32	32	32	32	32	32	32	32																																					
CO-ADD:0230098	c1(c(cccc1Cl)Cl)\\C=N\\c(cc2)ccc2\\N=C\\c3c(cccc3Cl)Cl	Russian Academy of Science (Russia)	A0929/0043502		CO-ADD:PC0247	32	32	32	32	32	32	32	32	32																																					
CO-ADD:0231214	N(/c(cc1)ccc1O)=C\\c(cc2)ccc2OCc3ccccc3	Russian Academy of Science (Russia)	A0966/0045131		CO-ADD:PC0249	2.1	32	32	32	32	32	32	32	32																																					
CO-ADD:0228561	N1(c2ccc(cc2)OCC)C(=O)CC(N(C)Cc3ccccc3)C1=O	Russian Academy of Science (Russia)	A0911/0042692		CO-ADD:PC0245	32	32	32	32	32	32	32	32	32																																					
CO-ADD:0228562	N1(c2ccc(cc2)OCC)C(=O)CC(N3CCC(CC3)C)C1=O	Russian Academy of Science (Russia)	A0911/0042693		CO-ADD:PC0245	32	32	32	32	32	32	32	32	32																																					
CO-ADD:0228563	N1(c2ccc(cc2)Cl)C(=O)CC(N(CC3)CCN3c4ccccn4)C1=O	Russian Academy of Science (Russia)	A0911/0042694		CO-ADD:PC0245	32	32	32	32	32	32	32	32	32																																					
CO-ADD:0217147	C(C#N)(=C(N)O1)C(c2ccccc2Cl)C3=C1\\C(\\CCC3)=C\\c4ccccc4Cl	Russian Academy of Science (Russia)	A0566/0026118		CO-ADD:PC0225	32	32	32	32	32	32	32	32																																						
CO-ADD:0230964	c1(Nc2ccc(cc2OC)OC)nc(Cl)nc(NCc(cccn3)c3)n1	Russian Academy of Science (Russia)	A0982/0045897		CO-ADD:PC0249	32	32	32	32	32	32	32	8	32																																					
CO-ADD:0230966	c12c(C(SS1)=O)n(c(C(SS3)=O)c23)CC	Russian Academy of Science (Russia)	A0982/0045901		CO-ADD:PC0249	32	32	32	32	32	32	0.5	0.5	32																																					
CO-ADD:0230981	n(c(NCCC)nc(n1)Cl)c1NCc(cccn2)c2	Russian Academy of Science (Russia)	A0983/0045925		CO-ADD:PC0249	32	32	32	32	32	32	32	2	32																																					
CO-ADD:0231000	N1(CNc(cc2)ccc2OC)C(=O)\\C(\\SC1=O)=C\\c3cccc(F)c3	Russian Academy of Science (Russia)	A0958/0044759		CO-ADD:PC0249	32	32	32	32	32	32	32	16	32																																					
CO-ADD:0219163	[N+](=O)([O-])c(cc(cc1[N+](=O)[O-])C(=O)NCc(cc2)ccc2C(C)C)c1	Russian Academy of Science (Russia)	A0631/0029287		CO-ADD:PC0233		32	32	32	32	32	32	32																																						
CO-ADD:0219179	[N+](=O)([O-])c(cc(cc1[N+](=O)[O-])C(NCCOCc2ccccc2)=O)c1	Russian Academy of Science (Russia)	A0632/0029308		CO-ADD:PC0233	32	32	32	16	32	32	32	32																																						
CO-ADD:0219185	c1(ccc(o1)C#Cc2ccccc2)C(OC)=O	Russian Academy of Science (Russia)	A0632/0029317		CO-ADD:PC0233	32	32	32	32	32	32	32	32																																						
CO-ADD:0230731	c1(ccc(\\C=N\\NC(COc2ccc(cc2Br)Cl)=O)o1)[N+](=O)[O-]	Russian Academy of Science (Russia)	A0956/0044646		CO-ADD:PC0247	32	32	32	4	32	32	8	32	32																																					
CO-ADD:0228336	N1(c2ccc(cc2)F)C(=O)CC(N(C)Cc3ccccc3)C1=O	Russian Academy of Science (Russia)	A0893/0041946		CO-ADD:PC0245	32	32	32	32	32	32	16	8	32																																					
CO-ADD:0231371	C(=C\\c1cc(I)cc(I)c1O)(/C2=O)\\Sc(c23)cccc3	Russian Academy of Science (Russia)	A1002/0046882		CO-ADD:PC0249	32	32	32	32	32	32	8	8	32																																					
CO-ADD:0228726	n1c2c([nH]c1c(cc3)ccn3)ccc(N)c2	Russian Academy of Science (Russia)	A0919/0043009		CO-ADD:PC0245	32	32	32	32	32	32	16	32	32																																					
CO-ADD:0219193	c1(ccccc1Br)C(=O)N\\N=C\\c(cc(Cl)cc2Cl)c2OC	Russian Academy of Science (Russia)	A0632/0029333		CO-ADD:PC0233	32	32	32	32	32	32	32	32																																						
CO-ADD:0219196	[N+](=O)([O-])c1cccc(c1)\\C=N\\NC(=O)c(cc2)ccc2NC(=O)c3ccccc3Br	Russian Academy of Science (Russia)	A0632/0029338		CO-ADD:PC0233	32	32	32	32	32	32	32	32																																						
CO-ADD:0219214	C(COc(cc1)ccc1CCCCC)(=O)N\\N=C\\c2ccccc2OC	Russian Academy of Science (Russia)	A0633/0029364		CO-ADD:PC0233	32	32	32	32	32	32	32	32																																						
CO-ADD:0220109	C(Cl)(Cl)(Cl)C(c1ccc(cc1)OC)c2ccc(cc2)OC	Russian Academy of Science (Russia)	A0659/0030651		CO-ADD:PC0236	32	32	32	32	32	32	32	32																																						
CO-ADD:0220114	N1(CNc2c(Cl)ccc(Cl)c2)C(=O)\\C(\\SC1=O)=C/c3ccccc3	Russian Academy of Science (Russia)	A0659/0030656		CO-ADD:PC0236	32	32	32	32	32	32	16	32																																						
CO-ADD:0220118	[N+](=O)([O-])c1ccccc1OCC(=O)N\\N=C\\c2ccc(cc2OC)OC	Russian Academy of Science (Russia)	A0659/0030662		CO-ADD:PC0236		32	32	32	32	32	32	32																																						
CO-ADD:0220130	[N+](=O)([O-])c(cc(cc1[N+](=O)[O-])C(=O)NCC2CC2)c1	Russian Academy of Science (Russia)	A0660/0030678		CO-ADD:PC0236	32	32	32	16	32	32	32	32																																						
CO-ADD:0220137	S(N)(=O)(=O)c1ccc(cc1)\\N=C\\c(cc(I)cc2I)c2O	Russian Academy of Science (Russia)	A0660/0030689		CO-ADD:PC0236		32	32	32	32	32	8	2																																						
CO-ADD:0231631	c1(N(CC2)CCO2)nc(N\\N=C\\c3ccccc3Br)nc(Nc(cc4)ccc4OC)n1	Russian Academy of Science (Russia)	A0985/0046054		CO-ADD:PC0249	15.3	32	32	32	32	32	32	32	32																																					
CO-ADD:0231636	n1c2c([nH]c1c3ccccc3)ccc(c2)\\N=C\\c(ccc(c4[N+](=O)[O-])Cl)c4	Russian Academy of Science (Russia)	A0985/0046064		CO-ADD:PC0249	7.29	32	32	32	32	32	32	16	32																																					
CO-ADD:0231640	c(cc(\\C=N\\c(ccc(c12)[nH]c(c3ccccc3)n1)c2)c(c4[N+](=O)[O-])O)([N+](=O)[O-])c4O	Russian Academy of Science (Russia)	A0985/0046070		CO-ADD:PC0249	32	32	32	32	32	32	32	32	32																																					
CO-ADD:0231658	[N+](=O)([O-])c1cc(ccc1Br)\\C=N\\c2ccc(cc2O)C	Russian Academy of Science (Russia)	A0986/0046099		CO-ADD:PC0249	4.84	32	32	32	32	32	32	32	32																																					
CO-ADD:0229258	C(/C(=O)c(cccn1)c1)=C\\N(CC2)CCO2	Russian Academy of Science (Russia)	A0805/0037687		CO-ADD:PC0246	32	32	32	32	32	32	32	32	32																																					
CO-ADD:0231303	N(/c1cccc(Cl)c1)=C\\c(cc2)ccc2OCc3ccccc3	Russian Academy of Science (Russia)	A0969/0045263		CO-ADD:PC0249	32	32	32	32	32	32	32	32	32																																					
CO-ADD:0231307	S(=O)(=O)(c(cc1)ccc1[N+](=O)[O-])Oc(cc2)ccc2\\C=N\\c3ccc(cc3C)C	Russian Academy of Science (Russia)	A0969/0045268		CO-ADD:PC0249	32	32	32	2	32	32	32	32	32												32	32	32					32	32	32																
CO-ADD:0231316	C(=O)(Oc(cc1)ccc1\\C=N\\c(cc2)ccc2Br)\\C=C\\C(=O)Oc(cc3)ccc3\\C=N\\c(cc4)ccc4Br	Russian Academy of Science (Russia)	A0969/0045283		CO-ADD:PC0249	32	32	32	32	32	32	8	2	32																																					
CO-ADD:0220150	[N+](=O)([O-])c1cccc(\\C=N\\NC(CNc(cc2)ccc2C)=O)c1O	Russian Academy of Science (Russia)	A0660/0030708		CO-ADD:PC0236		32	32	32	32	32	32	32																																						
CO-ADD:0231417	C1(=O)Nc(c2N1)ccc(c2)\\N=C\\c(cc(Br)cc3Br)c3O	Russian Academy of Science (Russia)	A1003/0046946		CO-ADD:PC0249	32	32	32	32	32	32	32	32	32																																					
CO-ADD:0229052	[N+](=O)([O-])c1cccc(c1)\\C=N\\CCc(cc2)ccn2	Russian Academy of Science (Russia)	A0794/0037200		CO-ADD:PC0246	32	16	32	32	32	32	32	32	32																											32	32	32	32	32	32	32				
CO-ADD:0230183	c1(N)sc(c(ccc2C(OCC)=O)n1)c2	Russian Academy of Science (Russia)	A0945/0044257		CO-ADD:PC0247	32	32	32	32	32	32	32	8	32																																					
CO-ADD:0228691	c1(C#N)c(CCC(C2)C(C)(C)C)c2sc1\\N=C\\c(ccc3[N+](=O)[O-])s3	Russian Academy of Science (Russia)	A0918/0042964		CO-ADD:PC0245	32	32	32	16	32	32	32	32	32																																					
CO-ADD:0231443	c1(oc2c(ccc(C)c2)n1)c3cc(ccc3Cl)\\N=C/c(cc(Br)c(c4Br)O)c4O	Russian Academy of Science (Russia)	A1004/0046976		CO-ADD:PC0249	13.9	32	32	32	32	32	32	32	32																																					
CO-ADD:0228796	N1(c2cccc(Cl)c2)C(=O)\\C(\\C(C)=N1)=C/NNc3ccc(cc3[N+](=O)[O-])[N+](=O)[O-]	Russian Academy of Science (Russia)	A0922/0043135		CO-ADD:PC0245		32					32	32												32				32	32	32	32				32	32	32	32	32	32										
CO-ADD:0228826	N1(c2cccc(Cl)c2)C(=O)\\C(\\C(C)=N1)=C/NNc3cccc(Cl)c3	Russian Academy of Science (Russia)	A0923/0043211		CO-ADD:PC0245	32	8	32	32	32	32	4	4	32											32				32	16	2	4				32	32	32	32	32	32										
CO-ADD:0229928	C(=N\\c1ccccc1CC)(/c2c(N3)ccc(Br)c2)\\C3=O	Russian Academy of Science (Russia)	A0841/0039423		CO-ADD:PC0246	32	32	32	32	32	32	32	32	32																																					
CO-ADD:0229947	C(=C\\c1ccc(C)o1)(/C(=O)OC(O2)(C)C)\\C2=O	Russian Academy of Science (Russia)	A0902/0042363		CO-ADD:PC0247	32	32	32	32	32	32	8	32	32																																					
CO-ADD:0231040	c1(cc(Cl)cc(Cl)c1N)C(O)=O	Russian Academy of Science (Russia)	A0960/0044821		CO-ADD:PC0249	32	32	32	32	32	32	16	32	32																																					
CO-ADD:0228382	c1(c(Br)cc(c(cccn2)c12)Br)OC(=O)c3cccc(Cl)c3	Russian Academy of Science (Russia)	A0897/0042099		CO-ADD:PC0245	19	32	32	16	32	32	2	32	32																																					
CO-ADD:0228397	N1(CNc2ccccc2C(OCC)=O)c3c(OC1=S)ccc(Cl)c3	Russian Academy of Science (Russia)	A0897/0042136		CO-ADD:PC0245	32	32	32	32	32	32	32	32	32																																					
CO-ADD:0228835	N1(c2cccc(Cl)c2)C(=O)\\C(\\C(C)=N1)=C\\NN(C)c3ccccc3	Russian Academy of Science (Russia)	A0924/0043231		CO-ADD:PC0245		32					32	32												32				32	32	32	32				32	32	32	32	32	32										
CO-ADD:0229712	[N+](=O)([O-])c(ccc(c1\\C=N\\NC(CNc2cccc(Br)c2)=O)O)c1	Russian Academy of Science (Russia)	A0863/0040441		CO-ADD:PC0246	32	32	32	8	32	32	32	32	32																																					
CO-ADD:0229721	[N+](=O)([O-])c1ccc(cc1\\C=N\\NC(COc2ccc(cc2Cl)Cl)=O)O	Russian Academy of Science (Russia)	A0863/0040452		CO-ADD:PC0246	20.2	32	32	32	32	32	32	32	32																																					
CO-ADD:0230784	[N+](=O)([O-])c(cc(cc1[N+](=O)[O-])C(=O)Oc2ccccc2\\C=N/NC(c3ccccc3)=O)c1	Russian Academy of Science (Russia)	A0958/0044723		CO-ADD:PC0247	2.92	32	32	32	32	32	32	32	32																																					
CO-ADD:0230788	S(NCCC(=O)N\\N=C\\c(cccc1[N+](=O)[O-])c1)(=O)(=O)c(cc2)ccc2[N+](=O)[O-]	Russian Academy of Science (Russia)	A0958/0044733		CO-ADD:PC0247	5.22	32	32	32	32	32	32	32	32																																					
CO-ADD:0230791	S(NCCC(=O)N\\N=C\\c1cc(OC)ccc1OC)(=O)(=O)c(cc2)ccc2[N+](=O)[O-]	Russian Academy of Science (Russia)	A0958/0044738		CO-ADD:PC0247	16.5	32	32	32	32	32	32	32	32																																					
CO-ADD:0229305	S(=O)(=O)(c1ccc(cc1)Cl)Nc2ccc(cc2C(=O)Nc3cccc(ns4)c3n4)Br	Russian Academy of Science (Russia)	A0808/0037841		CO-ADD:PC0246	12.7	32	32	4	32	32	32	32	32																																					
CO-ADD:0230599	C(F)(F)(COc1ccccc1\\N=C\\c(cc(Cl)cc2Cl)c2O)C(F)F	Russian Academy of Science (Russia)	A0974/0045554		CO-ADD:PC0247	32	32	32	32	32	32	32	32	32																																					
CO-ADD:0229331	C(=N/OC(=O)c1ccc(cc1)OC)(/c2c(N3C)cccc2)\\C3=O	Russian Academy of Science (Russia)	A0810/0037951		CO-ADD:PC0246	32	32	32	32	32	32	0.5	0.5	32																																					
CO-ADD:0229083	c1(ccccc1NC(=O)c2ccc(cc2)F)C(=O)N\\N=C\\c3ccc(cc3O)O	Russian Academy of Science (Russia)	A0795/0037251		CO-ADD:PC0246	2.83	32	32	32	32	32	32	32	32																																					
CO-ADD:0229991	N1(Nc2ccccc2C)C(=O)c3c(c(c4)C1=O)c(ccc3)c(c4[N+](=O)[O-])Br	Russian Academy of Science (Russia)	A0904/0042473		CO-ADD:PC0247	12.1	32	32	32	32	32	32	32	32																																					
CO-ADD:0231089	C(CCC(=O)N\\N=C\\c1cccc(Cl)c1)(=O)Nc2cccc(Br)c2	Russian Academy of Science (Russia)	A0961/0044908		CO-ADD:PC0249	0.636	32	32	32	32	32	32	32	32																																					
CO-ADD:0231093	c1(\\C=N\\NC(CCC(=O)Nc2cccc(Br)c2)=O)c(O)ccc(cccc3)c13	Russian Academy of Science (Russia)	A0961/0044916		CO-ADD:PC0249	1.34	32	32	32	32	32	32	32	32																																					
CO-ADD:0231097	[N+](=O)([O-])c(ccc(c1\\C=N\\NC(CCC(=O)Nc2cccc(Br)c2)=O)O)c1	Russian Academy of Science (Russia)	A0962/0044920		CO-ADD:PC0249	32	32	32	4	32	32	32	32	32																																					
CO-ADD:0229538	N1(c2ccc(cc2)C)C(=O)\\C(\\C(C)=N1)=C\\NNC(=O)c(cc3)ccc3[N+](=O)[O-]	Russian Academy of Science (Russia)	A0826/0038688		CO-ADD:PC0246	32	32	32	32	32	32	32	32	32																																					
CO-ADD:0229553	C1(=Cc(cccc2)c2OC1c3c(cccc3Cl)Cl)[N+](=O)[O-]	Russian Academy of Science (Russia)	A0826/0038711		CO-ADD:PC0246	1.7	32	32	32	32	32	2	32	32																																					
CO-ADD:0228849	C(F)(F)(C(F)(F)C(F)(F)C(=O)Nc1sccn1)C(F)(F)C(F)(F)C(F)(F)C(F)(F)Cl	Russian Academy of Science (Russia)	A0939/0043943		CO-ADD:PC0245	32	32	32	32	32	32	32	32	32																																					
CO-ADD:0230014	C1(\\C(\\Br)=C\\c2ccccc2)OC(CC)(CC)c3c(cccc3)N1	Russian Academy of Science (Russia)	A0906/0042535		CO-ADD:PC0247	9.23	32	32	32	32	32	32	32	32																																					
CO-ADD:0230021	S1(=O)(=O)c2c(C(NC(C)(C)CC(C)(C)C)=N1)ccc(c2)[N+](=O)[O-]	Russian Academy of Science (Russia)	A0906/0042555		CO-ADD:PC0247	11	32	32	32	32	32	32	32	32																																					
CO-ADD:0230834	[N+](=O)([O-])\\C(\\C)=C\\c(cc1)ccc1C	Russian Academy of Science (Russia)	A0976/0045625		CO-ADD:PC0247	7.27	32	32	32	32	32	32	16	32																																					
CO-ADD:0230843	N1(c2cccc(cccc3)c23)C(=O)CC(N(CC4)CCO4)C1=O	Russian Academy of Science (Russia)	A0976/0045645		CO-ADD:PC0247	32	32	32	32	32	32	32	32	32																																					
CO-ADD:0231102	C(C(c1ccc(cc1)Cl)Nc2ccccc2)C(=O)c3ccc(cc3)CC	Russian Academy of Science (Russia)	A0962/0044931		CO-ADD:PC0249	17.7	32	32	32	32	32	32	32	32												32	32	16					32	32	32																
CO-ADD:0229512	N1(c2ccc(cc2)C)C(=O)\\C(\\C(C)=N1)=C/Nc(cc3)ccc3OC	Russian Academy of Science (Russia)	A0825/0038647		CO-ADD:PC0246	32	32	32	32	32	32	32	32	32																																					
CO-ADD:0230381	c1(Nc(cc2)ccc2N(CC3)CCN3CC)nc(\\C=C/c(cc4)ccc4Cl)nc(cc(cccc5)c5c6)c16	Russian Academy of Science (Russia)	A0933/0043698		CO-ADD:PC0247	32	32	32	32	32	32	8	32	32																																					
CO-ADD:0230404	N(C(C)Oc(c12)ccc(c1)[N+](=O)[O-])(c(cccc3)c34)C2OC4(c5ccccc5)c6ccccc6	Russian Academy of Science (Russia)	A0935/0043766		CO-ADD:PC0247	32	32	32	16	32	32	32	32	32																																					
CO-ADD:0229795	N1(CNc(cccc2C(F)(F)F)c2)N=C(OC1=S)c3ccccc3	Russian Academy of Science (Russia)	A0835/0039129		CO-ADD:PC0246	32	32	32	32	32	32	32	32	32																																					
CO-ADD:0231773	c1(oc(c2n1)ccc(c2)\\N=C\\c3ccccc3)c4cccc(Cl)c4Cl	Russian Academy of Science (Russia)	A0990/0046270		CO-ADD:PC0249	32	32	32	32	32	32	32	32	32																																					
CO-ADD:0229357	S1(=O)(=O)c2c(C(N(CCOCC=C)CCOCC=C)=N1)ccc(c2)[N+](=O)[O-]	Russian Academy of Science (Russia)	A0812/0038016		CO-ADD:PC0246	19.1	32	32	32	32	32	32	32	32																																					
CO-ADD:0229360	S1(=O)(=O)c(cccc2)c2C(SCCOC(c3ccccc3)=O)=N1	Russian Academy of Science (Russia)	A0812/0038024		CO-ADD:PC0246	3.15	32	32	32	32	32	32	32	32																																					
CO-ADD:0229374	o1c(S)nnc1c(cc2)ccc2C(C)(C)C	Russian Academy of Science (Russia)	A0812/0038047		CO-ADD:PC0246	32	32	32	32	32	32	32	32	32																																					
CO-ADD:0231352	S(c1ccccc1)(=O)(=O)N(c2ccc(c(C)c2)C)CC(=O)N\\N=C\\c3cccc(O)c3O	Russian Academy of Science (Russia)	A0970/0045342		CO-ADD:PC0249	32	32	32	32	32	32	32	32	32																																					
CO-ADD:0231353	C(=O)(\\C=C\\c1ccccc1)Oc2ccccc2\\C=N\\Nc3ccccc3	Russian Academy of Science (Russia)	A0970/0045343		CO-ADD:PC0249	12.4	32	32	32	32	32	32	16	32																																					
CO-ADD:0231354	n1c(c2ccc(cc2)Br)csc1N\\N=C(/C)\\c3ccc(cc3)C.Br	Russian Academy of Science (Russia)	A0970/0045344		CO-ADD:PC0249	32	32	32	32	32	32	16	32	32																																					
CO-ADD:0230615	c1(c(O)ccc(cccc2)c12)\\C=N/C3CCCCC3	Russian Academy of Science (Russia)	A0950/0044470		CO-ADD:PC0247	32	32	32	32	32	32	32	16	32																																					
CO-ADD:0230619	C(=C/c(ccc(c1OC)OC)c1)(/c2c3cccc2)\\c4c3ccc(C(CCCCN5CCCCC5)=O)c4	Russian Academy of Science (Russia)	A0951/0044478		CO-ADD:PC0247	8.3	32	32	8	32	32	16	32	32																																					
CO-ADD:0230626	c(cc(cc1)C=O)(Cc(c23)cccc2)c13	Russian Academy of Science (Russia)	A0951/0044489		CO-ADD:PC0247	32	32	32	32	32	32	32	32	32																																					
CO-ADD:0230650	c1(ccc(cc1C)C)C(C=O)=O	Russian Academy of Science (Russia)	A0952/0044518		CO-ADD:PC0247	32	32	32	32	32	32	16	32	32																																					
CO-ADD:0230292	S(NCCCC(OC)=O)(=O)(=O)c(cc1)ccc1[N+](=O)[O-]	Russian Academy of Science (Russia)	A0948/0044425		CO-ADD:PC0247	32	32	32	16	32	32	32	32	32																																					
CO-ADD:0230305	C(=C\\c(cc1)ccc1N(C)C)(/c2c3cccc2)\\c4c3ccc(C(CCCCN5CCCCC5)=O)c4.Cl	Russian Academy of Science (Russia)	A0949/0044442		CO-ADD:PC0247	2.4	32	32	2	32	32	4	32	10.2																																					
CO-ADD:0230440	c1(c(O)c2O)c(cc2[N+](=O)[O-])C(c(cccc3)c3C1=O)=O	Russian Academy of Science (Russia)	A0936/0043834		CO-ADD:PC0247	32	32	32	32	32	32	16	32	32																																					
CO-ADD:0230486	C(=O)(\\C=C\\c1ccccc1)Oc2ccccc2\\C=N\\Nc3cccc(C)c3	Russian Academy of Science (Russia)	A0971/0045373		CO-ADD:PC0247	32	32	32	32	32	32	32	32	32																																					
CO-ADD:0231533	C(=O)(Oc1cccc(c1)\\C=N\\NC(=O)c(cccn2)c2)c3cccc(Br)c3	Russian Academy of Science (Russia)	A1007/0047137		CO-ADD:PC0249	32	32	32	32	32	32	8	32	32																																					
CO-ADD:0231547	C1(COc(c2O1)cccc2)C(=O)N\\N=C\\c(cccc3OC(=O)c4cccc(F)c4)c3	Russian Academy of Science (Russia)	A1008/0047155		CO-ADD:PC0249	32	32	32	32	32	32	8	32	32																																					
CO-ADD:0231568	c(cc(I)cc1I)(\\C=N\\c2c(cccn2)O)c1O	Russian Academy of Science (Russia)	A1008/0047188		CO-ADD:PC0249	14.1	32	32	16	32	32	4	4	32																																					
CO-ADD:0228901	S(NCCCCCCCCCCCCCCCCCC)(=O)(=O)c1ccc(cc1)CCCl	Russian Academy of Science (Russia)	A0940/0044033		CO-ADD:PC0245	8.72	32	8	2	32	32	32	32	26.9																																					
CO-ADD:0228907	c(cc(I)cc1I)(\\C=N\\c2cc(ccc2O)Cc(ccc(c3\\N=C\\c(cc(I)cc4I)c4O)O)c3)c1O	Russian Academy of Science (Russia)	A0941/0044044		CO-ADD:PC0245	32	32	32	32	32	32	16	32	32																																					
CO-ADD:0228910	O1C(=O)c2c(cc(cc2)Oc(cc3)ccc3NC(=O)c4ccc(cc4)Oc(cc5)ccc5C(=O)Nc(cc6)ccc6Oc(ccc(c7C8=O)C(O8)=O)c7)C1=O	Russian Academy of Science (Russia)	A0941/0044057		CO-ADD:PC0245	32	32	32	32	32	32	32	32	32																																					
CO-ADD:0229167	n1c(COC(=O)C(CC(C)C)NC(c2ccccc2)=O)c(oc1c3ccccc3)COC(=O)C(CC(C)C)NC(c4ccccc4)=O	Russian Academy of Science (Russia)	A0800/0037440		CO-ADD:PC0246	32	32	32	32	32	32	32	32	32																																					
CO-ADD:0230046	c1(\\C=N\\Nc2ccccc2)c3c(oc1C)cccc3	Russian Academy of Science (Russia)	A0925/0043310		CO-ADD:PC0247	24.2	16	32	32	32	32	32	32	32																																					
CO-ADD:0230059	[n+](cc1)(ccc1c(cc2)cc[n+]2CCCN)CI.[Br-]	Russian Academy of Science (Russia)	A0926/0043351		CO-ADD:PC0247	32	32	8	32	32	16	32	32	32											16	32	32	8					32	32		32				32		32	4	32							32
CO-ADD:0230070	c(C=O)(cc(Cl)cc1Br)c1O	Russian Academy of Science (Russia)	A0927/0043385		CO-ADD:PC0247	32	32	32	32	32	32	16	32	32																																					
CO-ADD:0228494	N1(C(c2ccccc2)c3ccccc3)C(=O)c4c(c5C1=O)c(ccc4)ccc5	Russian Academy of Science (Russia)	A0901/0042318		CO-ADD:PC0245	32	32	32	32	32	32	16	32	32																																					
CO-ADD:0230413	[N+](=O)([O-])c1cccc(c1)\\C=N\\CCCCCCCCCCCCCCCCCC	Russian Academy of Science (Russia)	A0935/0043779		CO-ADD:PC0247	32	32	32	32	32	32	32	32	32																																					
CO-ADD:0228930	C(NCCCCCCCCCCCCCCCCCC)(=O)c1ccc(cc1)NC(CCCCCCCCC)=O	Russian Academy of Science (Russia)	A0942/0044096		CO-ADD:PC0245	32	32	32	32	32	32	32	32	32																																					
CO-ADD:0228932	c(cc(C(OCC)=O)c(n1)C)(C2=O)c1c(c23)ccc(c3)[N+](=O)[O-]	Russian Academy of Science (Russia)	A0942/0044100		CO-ADD:PC0245	32	32	32	32	32	32	32	32	32																																					
CO-ADD:0228948	C(=C\\c(ccc(c12)OCO1)c2)(/c3c4cccc3)\\c5c4ccc(C(CCCCN6CCCCC6)=O)c5.Cl	Russian Academy of Science (Russia)	A0942/0044126		CO-ADD:PC0245	4.29	32	32	4	32	32	16	32	2.44																																					
CO-ADD:0230906	c1(ccc(\\C=N\\NC(=O)c(cc2OC)cc(c2OC)OC)o1)[N+](=O)[O-]	Russian Academy of Science (Russia)	A0979/0045765		CO-ADD:PC0249	32	16	32	4	32	32	32	32	32																																					
CO-ADD:0230911	[n+]1(nc(c2[N+](=O)[O-])C)n2[n-]c(C)c1[N+](=O)[O-]	Russian Academy of Science (Russia)	A0979/0045784		CO-ADD:PC0249	1.14	16	32	32	32	32	32	32	32																																					
CO-ADD:0230925	[n+]1(c(cc2)ccc2[N+](=O)[O-])noc([O-])n1	Russian Academy of Science (Russia)	A0980/0045811		CO-ADD:PC0249	6.847	16	32	2	32	32	8	8	32											32	32	8	4	16	4	4	4	32	32	32	32	32	8	16	32	16	32	32	32	32	32	16				
CO-ADD:0232064	c(\\C=N\\NC(=O)C(O)c1ccccc1)(cc(I)cc2I)c2O	Russian Academy of Science (Russia)	A0995/0046533		CO-ADD:PC0250	17.9	32	32	32	32	32	32	32	32																																					
CO-ADD:0233209	N(C)(c1c2cccc1)C(=O)C=C2c3ccccc3	Russian Academy of Science (Russia)	A1074/0050424		CO-ADD:PC0254	32	32	32	32	32	32	32	32	32																																					
CO-ADD:0234365	[n+]1(CCCC)c(c2ccccc2)cc(cc1c3ccccc3)c4ccccc4	Russian Academy of Science (Russia)	A1094/0051364		CO-ADD:PC0259	5.84	32	32	16	32	32	32	32	32																																					
CO-ADD:0234366	[n+]1(C)c(C)cc(cc1c2ccc(cc2)Cl)c3ccc(cc3)Cl	Russian Academy of Science (Russia)	A1094/0051366		CO-ADD:PC0259	32	32	32	32	32	32	32	32	32																																					
CO-ADD:0235307	C(O)(CC(=O)c(c12)ccc(cccc3)c13)(C(F)(F)F)O2	Russian Academy of Science (Russia)	A1154/0053984		CO-ADD:PC0260	12.7	32	32	16	32	32	32	32	32																																					
CO-ADD:0235319	C1(=C(CCC1)NNC(=O)c2ccccn2)C(=O)C(F)(F)F	Russian Academy of Science (Russia)	A1154/0054002		CO-ADD:PC0260	15.2	32	32	32	32	32	32	32	32																																					
CO-ADD:0232985	N1(\\N=C\\c(ccc(c2OC)O)c2)C(=O)c3c(c4C1=O)c(c(CC5)cc3)c5cc4	Russian Academy of Science (Russia)	A1058/0049616		CO-ADD:PC0254	32	32	32	32	32	32	32	32	32																																					
CO-ADD:0235058	[N+](=O)([O-])c(ccc(c1\\C=N\\NC(COc2ccc(cc2Br)Cl)=O)OC(c3ccccc3)=O)c1	Russian Academy of Science (Russia)	A1111/0052208		CO-ADD:PC0260	22.2	32	32	32	32	32	32	32	32																																					
CO-ADD:0235337	C12(CCCCCC1)Sc(c3N2)cccc3	Russian Academy of Science (Russia)	A1155/0054037		CO-ADD:PC0260	32	32	32	32	32	32	32	32	32																																					
CO-ADD:0232513	c1(c(O)c(\\C=N\\c(cc2)ccc2c3oc(c4n3)cccn4)c(c(Cl)c1C)C)[N+](=O)[O-]	Russian Academy of Science (Russia)	A1014/0047446		CO-ADD:PC0250	32	32	32	32	32	32	8	32	32																																					
CO-ADD:0232731	c1(C(OC)=O)cc(C)c(cc1[N+](=O)[O-])[N+](=O)[O-]	Russian Academy of Science (Russia)	A1046/0049036		CO-ADD:PC0250	32	32	32	32	32	32	32	32	32																																					
CO-ADD:0234833	[N+](=O)([O-])c1ccccc1OCC(=O)N\\N=C\\c(c2)c(ccc2[N+](=O)[O-])OC(c3ccccc3)=O	Russian Academy of Science (Russia)	A1107/0052029		CO-ADD:PC0259	32	32	32	32	32	32	32	32	32																																					
CO-ADD:0235104	[N+](=O)([O-])c1cc(ccc1Br)\\C=N\\c(cc2)ccc2C(OC)=O	Russian Academy of Science (Russia)	A1112/0052261		CO-ADD:PC0260	6.86	32	32	32	32	32	32	32	32																																					
CO-ADD:0235105	[N+](=O)([O-])c1cc(ccc1Br)\\C=N\\c2ccccc2C#N	Russian Academy of Science (Russia)	A1112/0052262		CO-ADD:PC0260	8.56	32	32	32	32	32	32	32	32																																					
CO-ADD:0235109	[N+](=O)([O-])c1cc(ccc1Br)\\C=N\\c(cc2)c(C)cc2[N+](=O)[O-]	Russian Academy of Science (Russia)	A1112/0052266		CO-ADD:PC0260	10.5	32	32	32	32	32	32	32	32																																					
CO-ADD:0233432	c(cc(Br)cc1Cl)(\\C=N\\c(cc2)ccc2Cl)c1O	Russian Academy of Science (Russia)	A1015/0047537		CO-ADD:PC0254	26.4	32	32	32	32	32	32	32	32																																					
CO-ADD:0233433	c(cc(Br)cc1Cl)(\\C=N\\c(cc2)ccc2C(O)=O)c1O	Russian Academy of Science (Russia)	A1015/0047538		CO-ADD:PC0254	32	32	32	32	32	32	16	16	32																																					
CO-ADD:0233439	c(cc(Br)cc1Cl)(\\C=N\\c2cccc(Cl)c2Cl)c1O	Russian Academy of Science (Russia)	A1016/0047544		CO-ADD:PC0254	32	32	32	32	32	32	16	16	32																																					
CO-ADD:0233440	c(cc(Br)cc1Cl)(\\C=N\\c(ccc(c2Cl)OC)c2)c1O	Russian Academy of Science (Russia)	A1016/0047545		CO-ADD:PC0254	32	32	32	32	32	32	32	16	32																																					
CO-ADD:0233639	c(cc(Br)cc1Cl)(\\C=N\\c(ccc(c2OC)OC)c2)c1O	Russian Academy of Science (Russia)	A1025/0048029		CO-ADD:PC0254	32	32	32	32	32	32	8	8	32																																					
CO-ADD:0233652	c1(ccc(cc1O)\\N=C\\c(cc(Br)cc2Cl)c2O)C(O)=O	Russian Academy of Science (Russia)	A1026/0048049		CO-ADD:PC0254	32	32	32	32	32	32	32	16	32																																					
CO-ADD:0233665	C(Br)(C(OC)=O)(C(OC)=O)C(c1ccccc1)C[N+](=O)[O-]	Russian Academy of Science (Russia)	A1026/0048078		CO-ADD:PC0254	6.99	32	32	32	32	32	32	32	32																																					
CO-ADD:0233677	C1(=O)c2c(cccc2)c(c3C1=O)cccc3	Russian Academy of Science (Russia)	A1027/0048111		CO-ADD:PC0254	32	32	32	4	32	32	8	4	32																																					
CO-ADD:0233679	S(=O)(=O)(c1ccc(cc1)NC(CCl)=O)Nc2ncccn2	Russian Academy of Science (Russia)	A1027/0048117		CO-ADD:PC0254	24.2	32	32	32	32	32	32	32	32																																					
CO-ADD:0234601	C(=O)(c1cccc(Br)c1)Oc2ccc(cc2OC)\\C=N\\NC(COc3ccccc3C#N)=O	Russian Academy of Science (Russia)	A1104/0051863		CO-ADD:PC0259	32	32	32	32	32	32	32	32	32																																					
CO-ADD:0232099	c(\\C=N\\NC(=O)C(O)c1ccccc1)(cc(Br)cc2I)c2O	Russian Academy of Science (Russia)	A0996/0046579		CO-ADD:PC0250	32	32	32	32	32	32	32	32	32																																					
CO-ADD:0244229	C(C#N)(C1c(ccs2)c2)=C(N)N(C(CC(C)(C)CC3=O)=C13)c4ccc(cc4)OC	Russian Academy of Science (Russia)	A1205/0055528		CO-ADD:PC0301	32	32	32	32	32	32	32	16	32																																					
CO-ADD:0244230	[N+](=O)([O-])c(cc(Oc(cc1)ccc1CCC(=O)NCc(cc2)ccc2OC)cc3[N+](=O)[O-])c3	Russian Academy of Science (Russia)	A1205/0055529		CO-ADD:PC0301	32	32	32	32	32	32	32	32	32																																					
CO-ADD:0244256	[N+](=O)([O-])c(cc(cc1[N+](=O)[O-])C(=O)Oc(cc2)ccc2\\C=N\\c3cccc(C)c3)c1	Russian Academy of Science (Russia)	A1146/0053597		CO-ADD:PC0301	32	32	32	32	32	32	32	32	32																																					
CO-ADD:0244271	C(=O)(C(=O)NCc(cc1)ccc1C)Nc2ccc(cc2C)I	Russian Academy of Science (Russia)	A1146/0053615		CO-ADD:PC0301	32	32	32	32	32	32	32	32	32																																					
CO-ADD:0233446	c(cc(Br)cc1Cl)(\\C=N\\c(cc2)ccc2F)c1O	Russian Academy of Science (Russia)	A1016/0047552		CO-ADD:PC0254	20.6	32	32	32	32	32	32	32	32																																					
CO-ADD:0233450	c(cc(Br)cc1Cl)(\\C=N\\c2cccc(C)c2)c1O	Russian Academy of Science (Russia)	A1016/0047557		CO-ADD:PC0254	32	32	32	32	32	32	32	32	32																																					
CO-ADD:0233453	c(cc(Br)cc1Cl)(\\C=N\\c(cc2)ccc2C)c1O	Russian Academy of Science (Russia)	A1016/0047565		CO-ADD:PC0254	27.7	32	32	32	32	32	32	32	32																																					
CO-ADD:0234413	C(/C(C(C)C)=O)(=C\\c1ccc(cc1Cl)Cl)\\n(c2)ncn2	Russian Academy of Science (Russia)	A1096/0051471		CO-ADD:PC0259	1.21	32	32	16	32	32	32	32	32																																					
CO-ADD:0234416	C1(OCC(COS(C)(=O)=O)O1)(Cn(c2)ncn2)c3ccc(cc3Cl)Cl	Russian Academy of Science (Russia)	A1096/0051476		CO-ADD:PC0259	32	32	32	32	32	32	8	32	32																																					
CO-ADD:0234635	[N+](=O)([O-])c1ccc(cc1O)\\C=N\\NC(CNC(=O)c2ccco2)=O	Russian Academy of Science (Russia)	A1105/0051903		CO-ADD:PC0259	32	32	32	32	32	32	32	32	32																																					
CO-ADD:0232998	[N+](=O)([O-])c1ccc(cc1NCCOc2ccccc2)N3CCNC(C)C3	Russian Academy of Science (Russia)	A1058/0049634		CO-ADD:PC0254	6.87	32	32	32	32	32	32	32	32																																					
CO-ADD:0233000	[N+](=O)([O-])c1ccc(cc1NCCOc2ccccc2)N(CC3C)CC(N3)C	Russian Academy of Science (Russia)	A1058/0049636		CO-ADD:PC0254	7.06	32	32	32	32	32	32	32	32																																					
CO-ADD:0233001	[N+](=O)([O-])c1ccc(cc1NCCOc2ccccc2C)N3CCNC(C)C3	Russian Academy of Science (Russia)	A1058/0049637		CO-ADD:PC0254	3.13	32	32	16	32	32	32	32	7.46																																					
CO-ADD:0244368	c1(CC2(C)C)c(ccc(cccc3)c13)C=N2	Russian Academy of Science (Russia)	A1150/0053811		CO-ADD:PC0301	32	32	32	8	32	32	32	32	32																																					
CO-ADD:0244373	N1(OS(=O)(=O)c2ccc(c3c2)cccc3)C(=O)c(c4C1=O)cccc4	Russian Academy of Science (Russia)	A1150/0053817		CO-ADD:PC0301	32	32	32	32	32	32	32	16	32																																					
CO-ADD:0244378	S1(=O)(=O)c2c(C(NCCSC(C)(C)C)=N1)ccc(c2)[N+](=O)[O-]	Russian Academy of Science (Russia)	A1151/0053822		CO-ADD:PC0301	6.32	32	32	32	32	32	32	32	32																																					
CO-ADD:0244379	S1(=O)(=O)c2c(C(NC(CC)CC)=N1)ccc(c2)[N+](=O)[O-]	Russian Academy of Science (Russia)	A1151/0053824		CO-ADD:PC0301	12.8	32	32	16	32	32	32	32	32												32	32	32					32	32	32																
CO-ADD:0235340	n12c(nnc1CC(CC)=O)c(nc(non3)c23)Nc(cc4)ccc4Cl	Russian Academy of Science (Russia)	A1155/0054040		CO-ADD:PC0260	32	32	32	32	32	32	32	32	32																																					
CO-ADD:0235373	c1(C(OCC)=O)c(cc(OC)c(c2)Br)c2n(CCN3Cc4ccccc4)c1C3	Russian Academy of Science (Russia)	A1156/0054085		CO-ADD:PC0260	2.54	32	32	32	32	32	32	32	32																																					
CO-ADD:0231892	C(=O)(c1ccccc1Br)Oc2c(Br)cc(cc2\\C=N\\NC(c(cc3)ccn3)=O)Br	Russian Academy of Science (Russia)	A0993/0046439		CO-ADD:PC0250	19	32	32	32	32	32	16	32	32																																					
CO-ADD:0231903	C(=O)(c1ccccc1Br)Oc2c(Br)cc(cc2\\C=N\\NC(=O)c(cccn3)c3)Br	Russian Academy of Science (Russia)	A0993/0046454		CO-ADD:PC0250	32	32	32	32	32	32	16	32	32																																					
CO-ADD:0231908	C(=O)(Oc1cccc(c1)\\C=N\\NC(=O)C(O)c2ccccc2)c3cccc(Br)c3	Russian Academy of Science (Russia)	A0993/0046460		CO-ADD:PC0250	32	32	32	32	32	32	4	32	32																																					
CO-ADD:0233037	[N+](=O)([O-])c(ccc(c1\\C=N\\NC(=O)c2ccccn2)N3CCCCCC3)c1	Russian Academy of Science (Russia)	A1061/0049785		CO-ADD:PC0254	32	32	32	16	32	32	32	32	32												32	32	32					32	32	32																
CO-ADD:0233041	N1(c(cccc2C(=O)OCC(=O)c(cc3)ccc3c4ccccc4)c2)Cc5c(cccc5)C1	Russian Academy of Science (Russia)	A1062/0049801		CO-ADD:PC0254	32	32	32	32	32	32	32	32	32																																					
CO-ADD:0246202	[N+](=O)([O-])c(cc1)ccc1C2SCCN2	Russian Academy of Science (Russia)	A1478/0065164		CO-ADD:PC0306	32	32	32	32	32	32	32	32	32																																					
CO-ADD:0246224	C(/C(=O)C(OC)=O)=C(/c1ccccc1)\\NN(C)c2ccccc2	Russian Academy of Science (Russia)	A1481/0065240		CO-ADD:PC0306	7.6	32	32	32	32	32	32	32	32																																					
CO-ADD:0232542	N1(c2cccc(Cl)c2)C(=O)C(CC1=O)NCC(OCC)=O	Russian Academy of Science (Russia)	A1038/0048663		CO-ADD:PC0250	32	32	32	32	32	32	32	32	32																																					
CO-ADD:0232794	C1(C)(C)C(CCC1(C)C(O)=O)C(=O)Nc(cc2)ccc2Nc3ccccc3	Russian Academy of Science (Russia)	A1049/0049190		CO-ADD:PC0250	32	32	32	32	32	32	32	32	32																																					
CO-ADD:0232799	C1(O)(c2ccccc2)Oc(cccc3)c3N=C1c4ccccc4	Russian Academy of Science (Russia)	A1049/0049199		CO-ADD:PC0250	32	32	32	32	32	32	32	16	32																																					
CO-ADD:0232800	c1(ccc(\\C=N\\NC(=O)c2ccc(cc2)OC)o1)Sc3cccc(cccn4)c34	Russian Academy of Science (Russia)	A1049/0049202		CO-ADD:PC0250	3.56	32	32	32	32	32	32	32	32																																					
CO-ADD:0233685	[P+](c1ccccc1)(c2ccccc2)(c3ccccc3)Cc4cccc(N)c4.[I-]	Russian Academy of Science (Russia)	A1028/0048136		CO-ADD:PC0254	32	32	32	8	32	32	32	32	32																																					
CO-ADD:0233686	[P+](c1ccc(cc1)C)(c2ccc(cc2)C)(c3ccc(cc3)C)CC(=O)c4cccc(c4)NC(C)=O.[Br-]	Russian Academy of Science (Russia)	A1028/0048138		CO-ADD:PC0254	17.8	32	32	32	32	32	32	32	32																																					
CO-ADD:0247357	N1(c2cccc(Br)c2)C(=O)CC(N(CC3)CCC3C(N)=O)C1=O	Russian Academy of Science (Russia)	A1438/0063786		CO-ADD:PC0316	32	32	32	32	32	32	16	4	32																																					
CO-ADD:0233461	c(cc(Br)cc1Cl)(\\C=N\\c2cc(C)ccc2C)c1O	Russian Academy of Science (Russia)	A1016/0047573		CO-ADD:PC0254	32	32	32	32	32	32	32	32	32																																					
CO-ADD:0233463	c(\\C=N\\c1ccccc1O)(c(C)c2Cl)c(O)c(c2C)Br	Russian Academy of Science (Russia)	A1016/0047575		CO-ADD:PC0254	21.7	32	32	32	32	32	32	32	32																																					
CO-ADD:0233478	[N+](=O)([O-])c(cc1\\C=N\\NC(COc2ccccc2C)=O)cc(c1OC(c3ccccc3)=O)Br	Russian Academy of Science (Russia)	A1017/0047597		CO-ADD:PC0254	32	32	32	32	32	32	32	32	32																																					
CO-ADD:0234434	C1(=CC(=O)C(=C2CBr)CBr)[C@]2(C)CCCC1(C)C	Russian Academy of Science (Russia)	A1097/0051510		CO-ADD:PC0259	15	32	32	32	32	32	32	32	32																																					
CO-ADD:0234436	C(=C/c(cc1)ccc1C(O)=O)(/C2=O)\\C(c3ccccc3)=NO2	Russian Academy of Science (Russia)	A1097/0051512		CO-ADD:PC0259	32	32	32	32	32	32	32	32	32																																					
CO-ADD:0234676	c1(c(Br)cc(cc1\\C=N\\NC(CNC(=O)c2cccc(F)c2)=O)Br)OC(=O)c(cc3OC)cc(c3OC)OC	Russian Academy of Science (Russia)	A1106/0051955		CO-ADD:PC0259	32	32	32	32	32	32	32	32	32																																					
CO-ADD:0234678	c(cc(Br)cc1Cl)(\\C=N\\c2ccc(cc2C)C)c1O	Russian Academy of Science (Russia)	A1106/0051957		CO-ADD:PC0259	32	32	32	32	32	32	32	32	32																																					
CO-ADD:0232155	n(C)(c1c(c2\\C=C\\[N+](=O)[O-])cccc1)c2	Russian Academy of Science (Russia)	A0998/0046696		CO-ADD:PC0250	32	32	32	32	32	32	16	32	32																																					
CO-ADD:0232157	[N+](=O)([O-])c1cccc(\\C=N\\N\\C(\\c2ccccn2)=N\\c3ccccc3)c1O	Russian Academy of Science (Russia)	A0998/0046705		CO-ADD:PC0250	32	32	32	32	32	32	32	32	32																																					
CO-ADD:0232172	[N+](=O)([O-])c(ccc(c1\\C=N\\NC(=O)c(cccn2)c2)OC(c3ccccc3)=O)c1	Russian Academy of Science (Russia)	A0999/0046735		CO-ADD:PC0250	32	32	32	8	32	32	32	32	32																																					
CO-ADD:0232175	[N+](=O)([O-])c(ccc(c1\\C=N\\NC(=O)c(ccc(n2)C)c2)OC(=O)c3cccc(Br)c3)c1	Russian Academy of Science (Russia)	A0999/0046739		CO-ADD:PC0250	32	32	32	16	32	32	32	32	32																																					
CO-ADD:0232183	[N+](=O)([O-])c(ccc(c1\\C=N\\NC(=O)c(cccn2)c2)OC(=O)c3cccc(Br)c3)c1	Russian Academy of Science (Russia)	A0999/0046749		CO-ADD:PC0250	32	32	32	8	32	32	32	32	32																																					
CO-ADD:0234465	[N+](=O)([O-])c1ccc(cc1Sc2cccc(cccn3)c23)N4CCCC4	Russian Academy of Science (Russia)	A1098/0051570		CO-ADD:PC0259	11.2	32	32	32	32	32	32	32	32																																					
CO-ADD:0234481	N1=C(c2ccccc2)OC(=O)C=C1c3ccccc3	Russian Academy of Science (Russia)	A1098/0051605		CO-ADD:PC0259	32	32	32	32	32	32	32	32	32																																					
CO-ADD:0235407	n([C@@H]1[C@@H](c2ccccc2)CC(=CC1=O)c3cccs3)(nnc4[N+](=O)[O-])n4	Russian Academy of Science (Russia)	A1119/0052514		CO-ADD:PC0260	23.8	32	32	16	32	32	32	8	32																																					
CO-ADD:0234689	c(cc(Br)cc1Cl)(\\C=N\\c(cc2)ccc2C(C)=O)c1O	Russian Academy of Science (Russia)	A1106/0051972		CO-ADD:PC0259	32	32	32	32	32	32	16	16	32																																					
CO-ADD:0234690	C(=O)(Oc(cc1)ccc1\\C=N\\NC(COc2ccccc2C#N)=O)c3cccc(F)c3	Russian Academy of Science (Russia)	A1106/0051973		CO-ADD:PC0259	32	32	32	32	32	32	32	32	32																																					
CO-ADD:0231917	C(=O)(Oc1cccc(c1)\\C=N\\NC(=O)C(O)c2ccccc2)c3cccc(F)c3	Russian Academy of Science (Russia)	A0994/0046472		CO-ADD:PC0250	32	32	32	32	32	32	4	32	32																																					
CO-ADD:0231936	C(/Cl)(\\[N+](=O)[O-])=C(\\NCCO)/C(/Br)=C(/Cl)\\Cl	Russian Academy of Science (Russia)	A0994/0046493		CO-ADD:PC0250	2.36	32	32	16	32	32	32	32	32																																					
CO-ADD:0233065	N(c1ccccc1C)(C(c2ccccc2)=O)NC(=O)c3c(Cl)ncc(Cl)c3Cl	Russian Academy of Science (Russia)	A1063/0049881		CO-ADD:PC0254	2.9	32	32	32	32	32	32	32	32																																					
CO-ADD:0233068	c(c(CC)nc1NC(CC)=O)(s1)c(ccc2[N+](=O)[O-])o2	Russian Academy of Science (Russia)	A1063/0049886		CO-ADD:PC0254	32	32	32	32	32	32	32	32	32																																					
CO-ADD:0233095	N1=C(CCN1c2ccccc2)\\C=C(\\C#N)/C#N	Russian Academy of Science (Russia)	A1065/0049967		CO-ADD:PC0254	32	32	32	32	32	32	32	32	32																																					
CO-ADD:0233103	c1(cc(cc(C(N2)=O)c1NC2=O)[N+](=O)[O-])[N+](=O)[O-]	Russian Academy of Science (Russia)	A1066/0049998		CO-ADD:PC0254	32	32	32	1	32	32	32	32	32																																					
CO-ADD:0235425	C(C(OC)=O)(C1c2cccs2)=C(N)OC(CC(C)(C)CC3=O)=C13	Russian Academy of Science (Russia)	A1120/0052535		CO-ADD:PC0260	32	32	32	32	32	32	32	32	32																																					
CO-ADD:0235442	c12n(c(c3s1)ccc(c3)C(OCC)=O)cc(c4ccccc4)n2	Russian Academy of Science (Russia)	A1121/0052552		CO-ADD:PC0260	32	32	32	32	32	32	32	32	32																																					
CO-ADD:0232607	n1c(N)[nH]nc1c(c2)cc(cc2[N+](=O)[O-])[N+](=O)[O-]	Russian Academy of Science (Russia)	A1041/0048781		CO-ADD:PC0250	20	32	32	32	32	32	32	32	32																																					
CO-ADD:0232848	[N+](=O)([O-])c1ccc(cc1NCCOc(cc2)ccc2Cl)N(CC3C)CC(N3)C	Russian Academy of Science (Russia)	A1051/0049280		CO-ADD:PC0254	3.72	32	32	16	32	32	32	32	17.9																																					
CO-ADD:0232858	c12c(ccc(OC)c1OC)C(OC2=O)OC(C)=O	Russian Academy of Science (Russia)	A1052/0049307		CO-ADD:PC0254	32	32	32	32	32	32	32	16	32																																					
CO-ADD:0234043	[P+](c1ccccc1)(c2ccccc2)(c3ccccc3)c4cccc(N)c4.[I-]	Russian Academy of Science (Russia)	A1028/0048142		CO-ADD:PC0259	32	32	32	8	32	32	32	32	32																																					
CO-ADD:0234056	N1(c2ccc(cc2)Br)C(=O)C=CC1=O	Russian Academy of Science (Russia)	A1028/0048163		CO-ADD:PC0259	1.24	32	32	32	32	32	0.5		32																																					
CO-ADD:0234057	N1(C(=O)C=CC1=O)c2c(Cl)ccc(Cl)c2	Russian Academy of Science (Russia)	A1028/0048164		CO-ADD:PC0259	1.56	32	32	32	32	32	0.5	0.5	32																																					
CO-ADD:0234058	N1(c2cccc(C)c2)C(=O)C=CC1=O	Russian Academy of Science (Russia)	A1028/0048166		CO-ADD:PC0259	1.12	32	32	32	32	32	4	0.5	32																																					
CO-ADD:0234942	c1(cc(cc(OC)c1OCC(=O)N\\N=C\\c(cc(Cl)cc2Br)c2O)[N+](=O)[O-])[N+](=O)[O-]	Russian Academy of Science (Russia)	A1101/0051710		CO-ADD:PC0259	32	32	32	32	32	32	32	32	32																																					
CO-ADD:0244337	C(F)(F)(C(F)(F)C(F)(F)F)C(F)(F)c1cc(n(c2ccccc2)n1)O	Russian Academy of Science (Russia)	A1149/0053753		CO-ADD:PC0301	32	32	32	16	32	32	32	32	32												32	32	32					32	32	32																
CO-ADD:0232626	n1c(c2ccccc2)csc1N\\N=C\\c(cc(Cl)cc3Cl)c3O	Russian Academy of Science (Russia)	A1042/0048816		CO-ADD:PC0250	32	32	32	32	32	32	32	32	32																																					
CO-ADD:0233757	c1([nH]nc(C(CC2)CCN2C(=O)[C@@H](N)Cc(c3c([nH]4)cccc3)c4)c1)C(F)(F)F.Cl	Russian Academy of Science (Russia)	ABD_00103		CO-ADD:PC0254	32	32	32	32	32	32	32	32	32																																					
CO-ADD:0234949	N1C(=O)\\C(\\SC1=O)=C/c2ccccc2Br	Russian Academy of Science (Russia)	A1101/0051720		CO-ADD:PC0259	32	32	32	16	32	32	32	16	32																																					
CO-ADD:0234953	N1C(=O)\\C(\\SC1=S)=C/c(cc2)ccc2C	Russian Academy of Science (Russia)	A1101/0051724		CO-ADD:PC0259	32	32	32	32	32	32	16	16	32																																					
CO-ADD:0234957	c1(cc(cc(OC)c1OCC(=O)N\\N=C\\c2ccccc2)[N+](=O)[O-])[N+](=O)[O-]	Russian Academy of Science (Russia)	A1101/0051729		CO-ADD:PC0259	32	32	32	32	32	32	32	32	32																																					
CO-ADD:0234967	c1(ccc(C(=O)Oc2ccc(cc2\\C=N/NC(COc3ccccc3C#N)=O)Br)o1)[N+](=O)[O-]	Russian Academy of Science (Russia)	A1101/0051746		CO-ADD:PC0259	15.6	32	32	32	32	32	32	32	32																																					
CO-ADD:0232202	c1(\\C=N\\c2c(Cl)ccc(Cl)c2)c(O)c(OC)cc(Br)c1Br	Russian Academy of Science (Russia)	A1000/0046773		CO-ADD:PC0250	32	32	32	32	32	32	8	8	32																																					
CO-ADD:0232210	c1(\\C=N\\c(cccc2C(F)(F)F)c2)c(O)c(OC)cc(Br)c1Br	Russian Academy of Science (Russia)	A1000/0046785		CO-ADD:PC0250	32	32	32	32	32	32	2	32	32																																					
CO-ADD:0244403	[N+](=O)([O-])c1ccc(cc1)NC(=O)NC(=O)CCBr	Russian Academy of Science (Russia)	A1208/0055629		CO-ADD:PC0301	1.99	32	32	32	32	32	32	16	32																																					
CO-ADD:0244412	c1(nonc1c2ccccc2)[N+]([O-])=Nc3nonc3c4ccccc4	Russian Academy of Science (Russia)	A1208/0055646		CO-ADD:PC0301	1.53	32	32	8	32	32	2	32	32																																					
CO-ADD:0244457	N1(C)\\C(=C\\C=C\\c2cc(c3ccccc3)cc(c4ccccc4)[o+]2)\\C(c(cccc5)c15)(C)C	Russian Academy of Science (Russia)	A1210/0055764		CO-ADD:PC0301	1.52	16	32	2	16	32		2	1.68																																					
CO-ADD:0233543	[N+](=O)([O-])c(ccc(c1\\C=N\\NC(COc2ccccc2C)=O)OC(c3ccccc3)=O)c1	Russian Academy of Science (Russia)	A1018/0047686		CO-ADD:PC0254	32	32	32	16	32	32	32	32	32												32	32	32					32	32	32																
CO-ADD:0233547	[N+](=O)([O-])c(cc1\\C=N\\NC(COc2ccc(cc2Cl)Cl)=O)cc(c1OC(=O)c3ccc(cc3)Br)Br	Russian Academy of Science (Russia)	A1019/0047693		CO-ADD:PC0254	32	32	32	32	32	32	32	32	32																																					
CO-ADD:0234499	n1(CC)c2c(c(cc(cc3)\\C=N\\NC(=O)c4ccccc4I)c13)cccc2	Russian Academy of Science (Russia)	A1099/0051633		CO-ADD:PC0259	32	32	32	32	32	32	32	32	32																																					
CO-ADD:0234736	c(cc(Br)cc1Cl)(\\C=N\\c(ccc2c3cccn2)c3)c1O	Russian Academy of Science (Russia)	A1025/0048016		CO-ADD:PC0259	16	32	32	32	32	32	16	16	32																																					
CO-ADD:0234745	c1(C#N)c(c2ccccc2)cc(nc1Cl)c3ccccc3	Russian Academy of Science (Russia)	A1114/0052387		CO-ADD:PC0259	32	32	32	32	32	32	32	32	32																																					
CO-ADD:0234757	[N+](=O)([O-])c1ccc(cc1NCCOc(cc2)ccc2CC)N3CCNC(C)C3	Russian Academy of Science (Russia)	A1116/0052419		CO-ADD:PC0259	2.11	32	32	4	32	32	32	16	2.26																																					
CO-ADD:0232217	c1(\\C=N\\c2cccc(Cl)c2Cl)c(O)c(OC)cc(Br)c1Br	Russian Academy of Science (Russia)	A1000/0046794		CO-ADD:PC0250	32	32	32	32	32	32	2	32	32																																					
CO-ADD:0246086	[N+](=O)([O-])c(cc(Oc(cc1)ccc1CCC(=O)N(CC2)CCN2C)cc3[N+](=O)[O-])c3	Russian Academy of Science (Russia)	A1434/0063672		CO-ADD:PC0306	20.9	32	32	32	32	32			32																																					
CO-ADD:0234519	c1(cc(cc(OC)c1OCC(=O)N\\N=C\\c(cc2Br)cc(c2O)Br)[N+](=O)[O-])[N+](=O)[O-]	Russian Academy of Science (Russia)	A1100/0051658		CO-ADD:PC0259	32	32	32	32	32	32	32	32	32																																					
CO-ADD:0234521	C(=N\\NC(COc1c(OC)cc(cc1[N+](=O)[O-])[N+](=O)[O-])=O)(/c2c(N3)ccc(C)c2)\\C3=O	Russian Academy of Science (Russia)	A1100/0051662		CO-ADD:PC0259	32	32	32	32	32	32	32	32	32																																					
CO-ADD:0234760	S(c1ccccc1)(=O)(=O)N(c(cccc2C(F)(F)F)c2)CC(NCCSc(cc3)ccc3Cl)=O	Russian Academy of Science (Russia)	A1116/0052422		CO-ADD:PC0259	32	32	32	16	32	32	32	32	32												32	16	16					32	32	32																
CO-ADD:0231978	N1(CNc2ccccc2F)C(=O)\\C(\\SC1=S)=C/c3ccccc3	Russian Academy of Science (Russia)	A1009/0047232		CO-ADD:PC0250	32	32	32	32	32	32	32	32	32																																					
CO-ADD:0232003	c(\\C=N\\c1c(Cl)ccc(Cl)c1)(c(C)c2Cl)c(O)c(c2C)Br	Russian Academy of Science (Russia)	A1010/0047271		CO-ADD:PC0250	32	32	32	32	32	32	8	32	32																																					
CO-ADD:0232006	[N+](=O)([O-])c(cc1\\C=N\\NC(c(cc2)ccn2)=O)cc(c1OC(=O)c3ccc(cc3)Br)Br	Russian Academy of Science (Russia)	A1010/0047277		CO-ADD:PC0250	32	32	32	32	32	32	32	32	32																																					
CO-ADD:0233131	N1(C=C(C)C(NC1=O)=O)[C@H]2CC([C@@H](COC(=O)c3ccc(cc3)C)O2)N=[N+]=[N-]	Russian Academy of Science (Russia)	A1068/0050104		CO-ADD:PC0254	32	32	32	32	32	32	32	16	32																																					
CO-ADD:0235493	c1(cc(OCO2)c2cc1[N+](=O)[O-])C3N(CCN3Cc4ccccc4)Cc5ccccc5	Russian Academy of Science (Russia)	A1123/0052616		CO-ADD:PC0260	11.7	32	32	32	32	32	32	32	32																																					
CO-ADD:0235503	C(=N\\c1c(C)cc(cc1C)C)(/C2=O)\\c3c(N2)cc(Br)c(C)c3	Russian Academy of Science (Russia)	A1124/0052626		CO-ADD:PC0260	32	32	32	32	32	32	32	32	32																																					
CO-ADD:0232667	N(/c1ccccc1O)=C(\\c2ccccc2)/C(c3ccccc3)=O	Russian Academy of Science (Russia)	A1043/0048885		CO-ADD:PC0250	32	32	32	32	32	32	32	32	32																																					
CO-ADD:0232685	N1(c2ccc(cc2)Cl)C(=O)C(CC1=O)NCC(OCC)=O	Russian Academy of Science (Russia)	A1044/0048914		CO-ADD:PC0250	32	32	32	32	32	32	16	32	32																																					
CO-ADD:0234116	c1(S2)c(cc(c(O)c1Br)Br)OC2=O	Russian Academy of Science (Russia)	A1032/0048330		CO-ADD:PC0259	32	32	32	32	32	32	32	32	32																																					
CO-ADD:0234130	N1C(=O)\\C(\\SC1=S)=C\\c2ccc(cc2Cl)Cl	Russian Academy of Science (Russia)	A1089/0051160		CO-ADD:PC0259	32	32	32	4	32	32	32	32	32																																					
CO-ADD:0235002	c12c(cccc1NC(=O)C3(CCCCC3)C)C(=O)c(c4C2=O)cccc4	Russian Academy of Science (Russia)	A1129/0052761		CO-ADD:PC0259	32	32	32	32	32	32	32	16	32																																					
CO-ADD:0235022	C(=C\\c1ccccc1)/C(=O)c2ccc(cc2)\\N=C\\c(cc3)ccc3OC(CC)=O	Russian Academy of Science (Russia)	A1110/0052157		CO-ADD:PC0260	17.5	32	32	32	32	32	32	32	32																																					
CO-ADD:0244396	N1(c2ccc(cc2)Br)C(=O)CC(N(CC3)CCN3c4ccccc4Cl)C1=O	Russian Academy of Science (Russia)	A1206/0055557		CO-ADD:PC0301	32	32	32	32	32	32	32	32	32																																					
CO-ADD:0245355	c(N(CCC1c2ccccc2)CCC3c4ccccc4)(c15)c3cc(N)c5	Russian Academy of Science (Russia)	A1394/0062344		CO-ADD:PC0306	14.6	32	32	32	32	32	16	32	32																																					
CO-ADD:0233580	c1(cc(Cl)cc(\\C=N\\c2cccc(Cl)c2Cl)c1O)[N+](=O)[O-]	Russian Academy of Science (Russia)	A1019/0047734		CO-ADD:PC0254	32	32	32	32	32	32	32	16	32																																					
CO-ADD:0233595	[N+](=O)([O-])c1cccc(c1)\\C=N\\NC(c(cc2)ccn2)=O	Russian Academy of Science (Russia)	A1088/0051085		CO-ADD:PC0254	32	32	32	32	32	32	32	32	32																																					
CO-ADD:0233603	C(c(ccc(c1)N(CC)CC)c12)(c3ccccc3C(O)=O)=C4C(O2)=C\\C(=[N+](\\CC)/CC)\\C=C4.[Cl-]	Russian Academy of Science (Russia)	A1088/0051097		CO-ADD:PC0254	32	32	32	0.5	32	32	16	32	32																																					
CO-ADD:0235027	[N+](=O)([O-])c1cc(ccc1Br)\\C=N\\c(cc2)ccc2OC	Russian Academy of Science (Russia)	A1110/0052165		CO-ADD:PC0260	13.2	32	32	32	32	32	32	32	32																																					
CO-ADD:0235028	C(=O)(Oc(cc1)ccc1\\C=N\\c(cc2)ccc2C(=O)\\C=C\\c3ccccc3)c4ccccc4OC	Russian Academy of Science (Russia)	A1110/0052167		CO-ADD:PC0260	32	32	32	32	32	32	32	32	32																																					
CO-ADD:0235031	[N+](=O)([O-])c1cc(ccc1Br)\\C=N\\c(ccc(c23)cccc2)c3	Russian Academy of Science (Russia)	A1110/0052171		CO-ADD:PC0260	19.9	32	32	32	32	32	32	32	32																																					
CO-ADD:0235034	[N+](=O)([O-])c1cc(ccc1Br)\\C=N\\c(cc2)c(O)cc2[N+](=O)[O-]	Russian Academy of Science (Russia)	A1110/0052174		CO-ADD:PC0260	8.09	32	32	32	32	32	32	32	32																																					
CO-ADD:0235039	N(=C\\c(cc1)ccc1OCc2cccc(Br)c2)/c3ccccc3O	Russian Academy of Science (Russia)	A1110/0052180		CO-ADD:PC0260	32	32	32	32	32	32	32	32	32																																					
CO-ADD:0235041	C(=C\\c1ccccc1)/C(=O)c2ccc(cc2)\\N=C\\c(cc3)ccc3OC(COc4ccccc4)=O	Russian Academy of Science (Russia)	A1110/0052183		CO-ADD:PC0260	18.6	32	32	32	32	32	32	32	32																																					
CO-ADD:0235042	[N+](=O)([O-])c1cc(ccc1Br)\\C=N\\c(cc2)ccc2C	Russian Academy of Science (Russia)	A1110/0052184		CO-ADD:PC0260	11.4	32	32	32	32	32	32	32	32																																					
CO-ADD:0235046	[N+](=O)([O-])c1cc(ccc1Br)\\C=N\\c(cccc2[N+](=O)[O-])c2	Russian Academy of Science (Russia)	A1110/0052191		CO-ADD:PC0260	13.3	32	32	32	32	32	32	32	32																																					
CO-ADD:0246117	C(=O)(Oc1cccc(c1)\\C=N/NC(=O)c2ccc(cc2)F)c(ccc(c34)OCO3)c4	Russian Academy of Science (Russia)	A1435/0063717		CO-ADD:PC0306	32	32	32	32	32	32	32	32	32																																					
CO-ADD:0246127	C(C(OCC)=O)(C1c2ccc(cc2)SC)=C(N)N(C(CCCC3=O)=C13)c(cc4)ccc4[N+](=O)[O-]	Russian Academy of Science (Russia)	A1436/0063727		CO-ADD:PC0306	24.1	32	32	32	32	32	8	2	32																																					
CO-ADD:0246137	N(c1c(Cl)ccc(c1)C(F)(F)F)(C2=O)C(=O)C(C23)C4OC3C=C4	Russian Academy of Science (Russia)	A1474/0065049		CO-ADD:PC0306	7.19	32	32	32	32	32	8	4	32																																					
CO-ADD:0233616	n1c[nH]nc1\\N=C\\c2ccccc2O	Russian Academy of Science (Russia)	A1089/0051124		CO-ADD:PC0254	32	32	32	32	32	32	8	32	32																																					
CO-ADD:0233621	N(/c1ccccc1O)=C\\c2ccc(cc2O)O	Russian Academy of Science (Russia)	A1089/0051136		CO-ADD:PC0254	28.6	32	32	32	32	32	32	4	32																																					
CO-ADD:0234546	c1(N=Nc2c(C)non2)c(C)non1	Russian Academy of Science (Russia)	A1091/0051232		CO-ADD:PC0259	32	32	32	32	32	32	32	32	32																																					
CO-ADD:0234549	C1(Br)(C(OC)=O)C(C2Br)OC(C2Br)C1(Br)C(OC)=O	Russian Academy of Science (Russia)	A1091/0051239		CO-ADD:PC0259	32	32	32	32	32	32	32	32	32																																					
CO-ADD:0234565	C(=O)(Oc(cc1)ccc1\\C=N\\c(cc2)ccc2C(C)=O)c3cccc(Br)c3	Russian Academy of Science (Russia)	A1102/0051800		CO-ADD:PC0259	32	32	32	32	32	32	32	32	32																																					
CO-ADD:0232289	c1(C(=O)\\C=C\\c2ccccc2)cc(c3o1)cccc3	Russian Academy of Science (Russia)	A1032/0048357		CO-ADD:PC0250	6.9	32	32	32	32	32	32	32	32																																					
CO-ADD:0233190	n1c(c2)c(sc1N)ccc2[N+](=O)[O-]	Russian Academy of Science (Russia)	A1071/0050279		CO-ADD:PC0254	5.01	32	32	32	32	32	8	16	32																																					
CO-ADD:0235948	C(=O)(c1ccc(cc1)Cl)Oc2ccccc2\\C=N\\Nc3cccc(C)c3	Russian Academy of Science (Russia)	A1145/0053561		CO-ADD:PC0260	32	32	32	32	32	32	32	32	32																																					
CO-ADD:0235959	C(=O)(Oc(cc1)ccc1\\C=N\\c(cc2)ccc2Cl)c3ccccc3Cl	Russian Academy of Science (Russia)	A1146/0053577		CO-ADD:PC0260	32	32	32	32	32	32	32	32	32																																					
CO-ADD:0236841	N1(c2ccc(cc2)Br)C(=O)C(CC1=O)Nc(cc3)ccc3F	Russian Academy of Science (Russia)	A1199/0055234		CO-ADD:PC0261	32	32	32	32	32	32	32	16	32																																					
CO-ADD:0236099	c1(\\C=N/CC2CCCO2)c(O)ccc(cccc3)c13	Russian Academy of Science (Russia)	A1164/0054281		CO-ADD:PC0261	32	32	32	32	32	32	32	8	32																																					
CO-ADD:0236133	N1(c2ccc(cc2)OCC)C(=O)CC(N(CC3)CCC3C(O)=O)C1=O	Russian Academy of Science (Russia)	A1178/0054627		CO-ADD:PC0261	32	32	32	32	32	32	32	8	32																																					
CO-ADD:0236135	N1(c2ccc(cc2)Br)C(=O)CC(N(CC3)CCN3c4ccccn4)C1=O	Russian Academy of Science (Russia)	A1178/0054630		CO-ADD:PC0261	32	32	32	32	32	32	32	32	32																																					
CO-ADD:0237011	OCC(C)(C)[C@@H](O)C(NC(C)CC(NCCCCCCC)=O)=O	Stellenbosch University (South Africa)	LB_N7_03		CO-ADD:PC0265	32	32	32	32	32	32	32	32	32																																					
CO-ADD:0237012	OCC(C)(C)[C@@H](O)C(NCCC(N(C)CCCCCCC)=O)=O	Stellenbosch University (South Africa)	LB_N7_04		CO-ADD:PC0265	32	32	32	32	32	32	32	32	32																																					
CO-ADD:0237019	O[C@@H](C(NCCC(NCCCCCCC)=O)=O)C(C)(C)COP(O)(O)=O	Stellenbosch University (South Africa)	LB_N7_11		CO-ADD:PC0265	32	32	32	32	32	32	32	32	32																																					
CO-ADD:0237295	O=C(Nc1ccccc1)c2ccc(s2)c3cc4ccncc4cc3OC5CCNCC5.Cl.Cl	MMV (CH) - Pathogen Box	MMV024035		CO-ADD:PL0022										10	10	10	10	10	10	10	10	10																												
CO-ADD:0237320	Cc1nc(nc(N2CCC(Cc3ccccc3)C2)c1Cl)c4ccccn4	MMV (CH) - Pathogen Box	MMV659004		CO-ADD:PL0022										10	10	10		10	0.1563	10	10	10																												
CO-ADD:0235690	c1(nc2)n(cc2[N+](=O)[O-])nc(N)n1	Russian Academy of Science (Russia)	A1135/0053060		CO-ADD:PC0260	32	32	32	32	32	32	32	32	32																																					
CO-ADD:0235697	c1(nnc(CC)s1)NC(=O)c(cc2)ccc2[N+](=O)[O-]	Russian Academy of Science (Russia)	A1135/0053081		CO-ADD:PC0260	25.2	32	32	32	32	32	32	32	32																																					
CO-ADD:0235699	C1(Oc2ccccc2)=C(Br)C(OC1=O)C[N+](=O)[O-]	Russian Academy of Science (Russia)	A1135/0053083		CO-ADD:PC0260	7.07	32	32	32	32	32	8	32	32																																					
CO-ADD:0236843	N1(c2ccc(cc2)OC)C(=O)CC(N(CC3)CCC3C(O)=O)C1=O	Russian Academy of Science (Russia)	A1199/0055236		CO-ADD:PC0261	32	32	32	32	32	32	32	16	32																																					
CO-ADD:0237037	C(Nc1nn2c(cnc2s1)c3cccs3)C4CCOCC4	MMV (CH) - Pathogen Box	MMV010764		CO-ADD:PL0022										10	10	10	10	10	10	10	10	10																												
CO-ADD:0237044	Clc1ccc(s1)C(=O)Nc2oc(nn2)c3ccc(Cl)s3	MMV (CH) - Pathogen Box	MMV676501		CO-ADD:PL0022										10	10	10	10	10	10	10	10	10																												
CO-ADD:0237051	CCc1nn(C)c(C(=O)NCc2ccc(Oc3ccc(C)cc3)cc2)c1Cl	MMV (CH) - Pathogen Box	MMV688934		CO-ADD:PL0022										10	10	10	10	10	10	10	10	10																												
CO-ADD:0237055	FC(F)(F)c1cccc(c1)C(=O)Nc2oc(nn2)c3ccc(Cl)cc3	MMV (CH) - Pathogen Box	MMV102872		CO-ADD:PL0022										10	10	10	10	10	10	10	10	10																												
CO-ADD:0237056	CCC1=C(C)N=C(NC1=O)n2nc(C)cc2NC(=O)c3ccccc3SC	MMV (CH) - Pathogen Box	MMV676477		CO-ADD:PL0022										10	10	10	10	10	10	10	10	10																												
CO-ADD:0237061	CC1COC(Cn2cncn2)(O1)c3ccc(Oc4ccc(Cl)cc4)cc3Cl	MMV (CH) - Pathogen Box	MMV688943		CO-ADD:PL0022										10	10	10	0.625	10	0.625	10	10	10																												
CO-ADD:0237069	Brc1cncc(c1)c2cc(NCCCn3ccnc3)nc(n2)c4ccccc4	MMV (CH) - Pathogen Box	MMV661713		CO-ADD:PL0022										10	10	10	10	10	10	10	10	10																												
CO-ADD:0236621	c1(s2)c(c(ns1)SCC#N)c(c2C#N)N	Russian Academy of Science (Russia)	A1173/0054495		CO-ADD:PC0261	4	32	32	32	32	32	32	32	32																																					
CO-ADD:0235983	c1(ccc(\\C=N\\c(ccc(c2I)C)c2)s1)[N+](=O)[O-]	Russian Academy of Science (Russia)	A1158/0054121		CO-ADD:PC0261	15	32	32	32	32	32	4	4	32																																					
CO-ADD:0235989	N1=C(SCC(OCC)=O)S\\C(=C\\c2ccc(cc2Cl)Cl)\\C1=O	Russian Academy of Science (Russia)	A1158/0054129		CO-ADD:PC0261	32	32	32	32	32	32	32	32	32																																					
CO-ADD:0236144	N1C(=O)\\C(\\SC1=S)=C\\c2ccccc2Sc3ccccc3	Russian Academy of Science (Russia)	A1178/0054639		CO-ADD:PC0261	32	32	32	16	32	32	32	32	32																																					
CO-ADD:0236414	[N+](=O)([O-])c1cccc(C(=O)COC(=O)c2ccccc2I)c1	Russian Academy of Science (Russia)	A1188/0054880		CO-ADD:PC0261	32	32	32	32	32	32	32	32	32																																					
CO-ADD:0237354	COc1ccc(OC)c(NCc2ccc3nc(N)nc(N)c3c2Cl)c1	MMV (CH) - Pathogen Box	MMV675968		CO-ADD:PL0022										2.5	10	10	10	2.5	10	0.625	10	10																												
CO-ADD:0237358	NC(CC(=O)c1ccc(Cl)cc1Cl)C(Cl)(Cl)Cl	MMV (CH) - Pathogen Box	MMV676468		CO-ADD:PL0022										10	10	10	10	10	10	10	10	10																												
CO-ADD:0233271	S(NCCCCNS(=O)(=O)c1ccccc1[N+](=O)[O-])(=O)(=O)c2ccccc2[N+](=O)[O-]	Russian Academy of Science (Russia)	A1078/0050603		CO-ADD:PC0254	32	32	32	32	32	32	32	32	32																																					
CO-ADD:0233278	S(=O)(=O)(c1ccc(cc1)OC(=O)c2cccc(cccc3)c23)c4ccc(cc4)OC(=O)c5cccc(cccc6)c56	Russian Academy of Science (Russia)	A1078/0050612		CO-ADD:PC0254	32	32	32	32	32	32	32	32	32																																					
CO-ADD:0237082	CCOC(=O)NC(=O)c1ccsc1NC(=O)c2nc3ccccc3s2	MMV (CH) - Pathogen Box	MMV090930		CO-ADD:PL0022										10	10	10	10	10	10	10	10	10																												
CO-ADD:0237089	COc1cccc(c1)n2nnnc2S(=O)(=O)Cc3ccccc3	MMV (CH) - Pathogen Box	MMV676388		CO-ADD:PL0022										10	10	10	10	10	10	10	10	10																												
CO-ADD:0237091	Clc1cccc2sc(nc12)N(CCCn3ccnc3)C(=O)c4occc4	MMV (CH) - Pathogen Box	MMV688936		CO-ADD:PL0022										10	10	10	10	10	10	10	10	10																												
CO-ADD:0237119	NC(=N)c1ccc(OCCCCCOc2ccc(cc2)C(=N)N)cc1.OCCS(=O)(O)=O.OCCS(=O)(O)=O	MMV (CH) - Pathogen Box	MMV000062		CO-ADD:PL0022										10	10	10	10	10	0.3125	10	10	10																												
CO-ADD:0237381	FC(F)(F)c1ccc(cc1)N2CCN(CC2)C(=O)[C@@H](c3ccc(Cl)cc3)c4cccnc4	MMV (CH) - Pathogen Box	MMV689244		CO-ADD:PL0022										10	10	10	10	10	10	10	10	10																												
CO-ADD:0235748	N1(c2ccc(cc2)OC)C(=O)CC(N(CC3)CCC3C(N)=O)C1=O	Russian Academy of Science (Russia)	A1138/0053189		CO-ADD:PC0260	32	32	32	32	32	32	32	16	32																																					
CO-ADD:0235783	C(=O)(N\\N=C(\\CC1)/CCN1C)C(=O)NCC(C)C	Russian Academy of Science (Russia)	A1139/0053266		CO-ADD:PC0260	32	32	32	32	32	32	32	32	32																																					
CO-ADD:0236657	S1(=O)(=O)c2c(C(Nc3c(Cl)ccc(Cl)c3)=N1)ccc(c2)[N+](=O)[O-]	Russian Academy of Science (Russia)	A1175/0054540		CO-ADD:PC0261	32	32	32	32	32	32	32	32	32																																					
CO-ADD:0233343	c1(OC)c(ccc(OC)c1)CCC(C)NCCC(c2ccccc2)c3ccccc3.Cl	Russian Academy of Science (Russia)	A1084/0050905		CO-ADD:PC0254	3.29	32	32	32	32	32	32	32	22.9																																					
CO-ADD:0236667	S(=O)(=O)(c(cc1)ccc1[N+](=O)[O-])Nc(cccc2c3csc(C)n3)c2	Russian Academy of Science (Russia)	A1175/0054559		CO-ADD:PC0261	32	32	32	32	32	32	32	32	32																																					
CO-ADD:0236706	[n+]1([O-])n(C(C)CC)nc(NC([H])=O)c1[N+](=O)[O-]	Russian Academy of Science (Russia)	A1194/0055029		CO-ADD:PC0261	15.9	32	32	4	32	32	32	32	32																																					
CO-ADD:0232380	N1(\\N=C(\\C=C2)/C=CC2=O)C(=O)c3c(cccc3)C1=O.CC(=O)O	Russian Academy of Science (Russia)	A1036/0048527		CO-ADD:PC0250	3.87	16	32	16	32	32	32	32	32																																					
CO-ADD:0232382	[nH]1c(ccc(c2)Br)c2c3c1CCCC3	Russian Academy of Science (Russia)	A1036/0048529		CO-ADD:PC0250	28.3	32	32	32	32	32	32	32	32																																					
CO-ADD:0233314	C(=N/O)(/c1c(c23)c(ccc1)ccc2)\\N3	Russian Academy of Science (Russia)	A1081/0050756		CO-ADD:PC0254	13.4	32	32	32	32	32	32	32	32																																					
CO-ADD:0234266	C(=O)(NCC(=O)N\\N=C\\c(cc1)ccc1C)c2ccco2	Russian Academy of Science (Russia)	A1023/0047902		CO-ADD:PC0259	32	32	32	32	32	32	32	32	32																																					
CO-ADD:0236213	C12(c3c(NC1=O)cccc3)C(C#N)=C(N)OC(C)=C2C(OCC=C)=O	Russian Academy of Science (Russia)	A1167/0054351		CO-ADD:PC0261	32	32	32	32	32	32	32	32	32																																					
CO-ADD:0236215	C12(c3c(NC1=O)cccc3)C(C#N)=C(N)OC(CCC)=C2C(OCC)=O	Russian Academy of Science (Russia)	A1167/0054353		CO-ADD:PC0261	32	32	32	32	32	32	32	32	32																																					
CO-ADD:0237403	OC[C@H]1CN(C(=O)O1)c2cc(F)c(C3=CCN(Cc4ccccc4)CC3)c(F)c2	MMV (CH) - Pathogen Box	MMV687729		CO-ADD:PL0022										10	10	10	10	10	10	10	10	10																												
CO-ADD:0237421	CO\\N=C(/C(=O)OC)\\c1ccccc1CO\\N=C(/C)\\c2cccc(c2)C(F)(F)F	MMV (CH) - Pathogen Box	MMV688754		CO-ADD:PL0022										10	10	10	10	10	10	10	10	10																												
CO-ADD:0237423	CN(CCc1ccccc1)c2nc(nc(C)c2Cl)c3ccccn3	MMV (CH) - Pathogen Box	MMV658988		CO-ADD:PL0022										10	10	10	10	10	10	10	10	10																												
CO-ADD:0237430	CCP(=[Au]S[C@H]1O[C@@H](COC(=O)C)[C@H](OC(=O)C)[C@@H](OC(=O)C)[C@@H]1OC(=O)C)(CC)CC	MMV (CH) - Pathogen Box	MMV688978		CO-ADD:PL0022										10	10	10	10	10	10		2.78	10																												
CO-ADD:0235801	C(=C\\c(cc1)ccc1OC)(/c2c3cccc2)\\c4c3ccc(C(CCCCN5CCCCC5)=O)c4	Russian Academy of Science (Russia)	A1140/0053300		CO-ADD:PC0260	32	32	32	2	32	32	8	32	32																																					
CO-ADD:0235810	C1(C(c2ccccc2)=O)OC1(CBr)c3ccccc3	Russian Academy of Science (Russia)	A1140/0053324		CO-ADD:PC0260	32	32	32	32	32	32	32	32	32																																					
CO-ADD:0234330	c(cc(Br)cc1Cl)(\\C=N\\c(ccc(c23)OCCO2)c3)c1O	Russian Academy of Science (Russia)	A1025/0047984		CO-ADD:PC0259	32	32	32	32	32	32	4	4	32																																					
CO-ADD:0237161	Oc1c(I)cc(I)c2cccnc12	MMV (CH) - Pathogen Box	MMV002817		CO-ADD:PL0022										10	10	10	10	10	10	10	10	10																												
CO-ADD:0237180	O=C1C(CC2CCC(C(C)(C)C)CC2)=C(C(C3=C1C=CC=C3)=O)O	MMV (CH) - Pathogen Box	MMV689480		CO-ADD:PL0022										10	10	10	10	10	10	10	10	10																												
CO-ADD:0237181	COC(=O)Nc1nc2cc(ccc2[nH]1)C(=O)c3ccccc3	MMV (CH) - Pathogen Box	MMV003152		CO-ADD:PL0022										10	10	10	10	10	10	10	10	10																												
CO-ADD:0237186	COc1cc(NC(C)CCCN)c2ncccc2c1.P(O)(O)(=O)O.P(O)(O)(=O)O	MMV (CH) - Pathogen Box	MMV000023		CO-ADD:PL0022										10	10	10	10	10	10	10	10	10																												
CO-ADD:0236713	[n+]1(c2ccccc2Br)noc([O-])n1	Russian Academy of Science (Russia)	A1195/0055042		CO-ADD:PC0261	13.57	32	32	32	32	32	1	1	32											32				16	32	2	4				32	32	32		32		32	32	32							32
CO-ADD:0235593	N1(c2cccc(OC)c2)C(=O)CC(N3CCC(CC3)C)C1=O	Russian Academy of Science (Russia)	A1130/0052809		CO-ADD:PC0260	32	32	32	32	32	32	32	32	32																																					
CO-ADD:0235615	c12c(c(cc(OC(NCCCC)=O)c1Cl)Cl)OC(=O)S2	Russian Academy of Science (Russia)	A1131/0052851		CO-ADD:PC0260	15.3	32	32	32	32	32	32	32	32																																					
CO-ADD:0234271	[N+](=O)([O-])c(ccc(c1\\C=N\\NC(CNC(=O)c2cccc(F)c2)=O)O)c1	Russian Academy of Science (Russia)	A1023/0047908		CO-ADD:PC0259	32	32	32	8	32	32	4	4	32																																					
CO-ADD:0234274	C(=N\\NC(CNC(=O)c1ccco1)=O)(/C2=O)\\c3c(N2)ccc(c3)[N+](=O)[O-]	Russian Academy of Science (Russia)	A1023/0047911		CO-ADD:PC0259	32	32	32	32	16	32	32	32	32																																					
CO-ADD:0234283	c1(c2ccc(cc2)\\N=C\\c3cc(OCO4)c4cc3[N+](=O)[O-])[nH]c5c(ccc(c5)\\N=C\\c6cc(OCO7)c7cc6[N+](=O)[O-])n1	Russian Academy of Science (Russia)	A1023/0047924		CO-ADD:PC0259	32	32	32	32	32	32	16	8	32																																					
CO-ADD:0235230	c1(ccc(\\C=N\\c(cccc2C(C)=O)c2)s1)[N+](=O)[O-]	Russian Academy of Science (Russia)	A1152/0053883		CO-ADD:PC0260	12.1	32	32	32	32	32	2	32	32																																					
CO-ADD:0236505	c1(ccc(\\C=N\\c2ccc(cc2C(c3ccccc3)=O)Cl)s1)[N+](=O)[O-]	Russian Academy of Science (Russia)	A1201/0055310		CO-ADD:PC0261	1.99	32	32	16	32	32	4	2	32																																					
CO-ADD:0234220	n1c2c(oc1c3ccc(cc3)\\N=C\\c(ccc(c4[N+](=O)[O-])Cl)c4)cccc2C	Russian Academy of Science (Russia)	A1022/0047843		CO-ADD:PC0259	32	32	32	32	32	32	32	32	32																																					
CO-ADD:0234251	N(=C(/CCC)\\c1ccccc1)/NC(CNC(=O)c2ccc(cc2)Cl)=O	Russian Academy of Science (Russia)	A1023/0047885		CO-ADD:PC0259	32	32	32	32	32	32	32	32	32																																					
CO-ADD:0236254	S(=O)(=O)(c(cc1)ccc1[N+](=O)[O-])N2CCSC2c3ccccc3	Russian Academy of Science (Russia)	A1179/0054656		CO-ADD:PC0261	32	32	32	16	32	32	32	32	32												32	32	32					32	32	32																
CO-ADD:0236289	[N+](=O)([O-])c(ccc(c1\\C=N\\c(c(Cl)cc(c2NC(c3ccccc3)=O)Cl)c2)O)c1	Russian Academy of Science (Russia)	A1181/0054697		CO-ADD:PC0261	32	32	32	8	32	32	32	32	32																																					
CO-ADD:0236291	c1(N(CC)CC)nc(N\\N=C(/C)\\c2ccc(cc2)NC(C)=O)nc(Nc(ccc(c3Cl)C)c3)n1	Russian Academy of Science (Russia)	A1181/0054699		CO-ADD:PC0261	12.5	32	32	32	32	32	32	32	32																																					
CO-ADD:0235112	[N+](=O)([O-])c1cc(ccc1Br)\\C=N\\c(cc2)ccc2C(C)=O	Russian Academy of Science (Russia)	A1112/0052269		CO-ADD:PC0260	32	32	32	32	32	32	32	32	32																																					
CO-ADD:0235115	[N+](=O)([O-])c1cc(ccc1Br)\\C=N\\c2c(Cl)ccc(Cl)c2	Russian Academy of Science (Russia)	A1112/0052272		CO-ADD:PC0260	11.6	32	32	32	32	32	32	32	32																																					
CO-ADD:0237216	NCCN(C(=O)c1ccc(Cl)cc1Cl)c2ccc(OCc3ccc(Cl)cc3)cc2	MMV (CH) - Pathogen Box	MMV688371		CO-ADD:PL0022										10	10	10	10	10	10	10	10	10																												
CO-ADD:0237229	COc1cccc(n1)c2nc3c(cccc3n2CC4CCCN4)N5CCCC5	MMV (CH) - Pathogen Box	MMV687703		CO-ADD:PL0022										10	10	10	10	10	10	10	10	10																												
CO-ADD:0237236	CCCn1c(NC(=O)c2ccc3ccccc3n2)nc4ccccc14	MMV (CH) - Pathogen Box	MMV1030799		CO-ADD:PL0022										10	10	10	10	10	10	10	10	10																												
CO-ADD:0235635	N1(c2ccc(cc2)OC(=O)c(cc(cc3[N+](=O)[O-])[N+](=O)[O-])c3)C(=O)C=CC1=O	Russian Academy of Science (Russia)	A1132/0052902		CO-ADD:PC0260	32	32	32	32	32	32	0.5	32	32																																					
CO-ADD:0236775	c(C#N)(c1c2ccccc2)c(\\N=C\\c(cc(I)cc3I)c3O)oc1c4ccccc4	Russian Academy of Science (Russia)	A1198/0055154		CO-ADD:PC0261	6.9	32	32	32	32	32	8	8	32																																					
CO-ADD:0236808	C1(=C(O)CC(C)(C)CC1=O)C(c2sccc2C)C3C(=O)CC(CC3=O)(C)C	Russian Academy of Science (Russia)	A1199/0055196		CO-ADD:PC0261	17.8	32	32	32	32	32	8	16	32																																					
CO-ADD:0235251	N(/c(cc1)ccc1Nc2ccccc2)=C\\c(ccc(c3O)OC)c3	Russian Academy of Science (Russia)	A1152/0053904		CO-ADD:PC0260	32	32	32	32	32	32	32	32	32																																					
CO-ADD:0235676	C1(C(N)=O)=CC=C(NC1=O)Nc(cc2)ccc2OC	Russian Academy of Science (Russia)	A1134/0053011		CO-ADD:PC0260	1.6	32	32	32	32	32	32	32	32																																					
CO-ADD:0236554	C1(C#N)(C#N)[C@H](c2cccs2)[C@H](N(c3c(cccc3)C=C4)[C@@]14[H])C(=O)C(C)(C)C	Russian Academy of Science (Russia)	A1170/0054420		CO-ADD:PC0261	16.5	32	32	16	32	32	32	32	32																																					
CO-ADD:0235204	C(=O)(c1cccc(C)c1)Oc2ccc(cc2OC)C=O	Russian Academy of Science (Russia)	A1114/0052367		CO-ADD:PC0260	32	32	32	32	32	32	32	32	32																																					
CO-ADD:0235209	N(/c(ccc(c1OC)OC)c1)=C\\c(cc2)ccc2OCc3ccccc3	Russian Academy of Science (Russia)	A1114/0052372		CO-ADD:PC0260	32	32	32	32	32	32	32	32	32																																					
CO-ADD:0236309	N1(c2cccc(Cl)c2)C(=O)CC(N(CC3)CCC3C(N)=O)C1=O	Russian Academy of Science (Russia)	A1182/0054721		CO-ADD:PC0261	32	32	32	32	32	32	8	4	32																																					
CO-ADD:0236312	N1(c2ccc(cc2)Cl)C(=O)CC(N(CC3)CCC3C(N)=O)C1=O	Russian Academy of Science (Russia)	A1182/0054724		CO-ADD:PC0261	32	32	32	32	32	32	8	4	32																																					
CO-ADD:0236555	C1(C#N)(C#N)[C@@H](c2ccc(cc2)F)[C@@H](N3[C@@]1([H])c4c(cccc4)C=C3)C(C)=O	Russian Academy of Science (Russia)	A1170/0054422		CO-ADD:PC0261	2.88	32	32	32	32	32	32	32	32																																					
CO-ADD:0232317	n1(cc2)c(c(n2)CCC3)c3c4c1ccc(c4)C5CCCCC5	Russian Academy of Science (Russia)	A1033/0048403		CO-ADD:PC0250	32	32	32	32	32	32	32	32	32																																					
CO-ADD:0232333	c1(cc(c(C)o1)C)\\C=C(/C=CC2=O)\\O2	Russian Academy of Science (Russia)	A1034/0048440		CO-ADD:PC0250	32	32	32	32	32	32	32	32	32																																					
CO-ADD:0237275	CC(N(C)c1ncc2c(N)nc(N)nc2n1)c3cc(Cl)cc(Cl)c3	MMV (CH) - Pathogen Box	MMV689437		CO-ADD:PL0022										10	10	10	10	10	10	10	10	10																												
CO-ADD:0237284	COc1cc(cc2cc(oc12)c3ccc(cc3)C4=NCCN4)C5=NCCN5	MMV (CH) - Pathogen Box	MMV688362		CO-ADD:PL0022										10	10	10	10	10	10	10	10	10																												
CO-ADD:0238634	CC1=C(C2=CC=C(C=C2)C3=CC=CC=C3)C(C)=C(C)C1C.NC4=NC(NC5=CC=CC=C5)=N[Ir@](C)(N4)Cl	University of Warwick (UK)	CF-0201		CO-ADD:PC0274	29.9	4	32	1	4	16	1	0.5																																						
CO-ADD:0238635	CC1=C(C2=CC=C(C=C2)C3=CC=CC=C3)C(C)=C(C)C1C.NC4=NC(NC5=CC=C(C=C5)F)=N[Ir@](C)(N4)Cl	University of Warwick (UK)	CF-0218		CO-ADD:PC0274	19.3	4	32	1	8	32	1	0.5																																						
CO-ADD:0238637	CC1=C(C2=CC=C(C=C2)C3=CC=CC=C3)C(C)=C(C)C1C.NC4=NC(NCCC5=CC=CC=C5)=N[Ir@](C)(N4)Cl	University of Warwick (UK)	CF-0282		CO-ADD:PC0274	16.9	4	32	1	4	16	1	0.5																																						
CO-ADD:0238639	NC1=NC(NC2=CC=CC=C2)=N[Ir](N1)[P-]34C[N@]5C[N@@](C4)CN(C5)C3.CC6=C(C7=CC=C(C=C7)C8=CC=CC=C8)C(C)=C(C)C6C.[Cl-]	University of Warwick (UK)	CF-0253		CO-ADD:PC0274	32	32	32	4	32	32	32	32																																						
CO-ADD:0240191	C1(C(=O)N\\N=C\\c(ccc2[N+](=O)[O-])s2)CC1c3ccccc3	Russian Academy of Science (Russia)	A1223/0056394		CO-ADD:PC0289	32	32	32	32	32	32	2	2	32																																					
CO-ADD:0240208	N1(C(NCCCC)=O)c(ccc(c2)Cl)c2OC1=S	Russian Academy of Science (Russia)	A1224/0056420		CO-ADD:PC0289	32	32	32	32	32	32	16	32	32																																					
CO-ADD:0240210	c(\\C=C\\C(=O)c1ccc(cc1Cl)Cl)(c2C)c(C)n(n2)C	Russian Academy of Science (Russia)	A1224/0056433		CO-ADD:PC0289	32	32	32	32	32	32	32	32	32																																					
CO-ADD:0252802	N(C(=O)\\C(\\S1)=C\\c(cc2)ccc2C(C)C)=C1N3CCCCC3	Russian Academy of Science (Russia)	A1570/0068442		CO-ADD:PC0337	7.968	32	32	32	32	32	32	32	32																																					
CO-ADD:0253840	[N+](=O)([O-])c(ccc(c1\\C=N\\Nc2nc(C)cc(COC)c2C#N)O)c1	Russian Academy of Science (Russia)	A1753/0074392		CO-ADD:PC0338	32	32	32	32	32	32	32	32	32																																					
CO-ADD:0243569	c(OCO1)(c1c2OC)c(OC)cc2\\C=C\\[N+](=O)[O-]	Russian Academy of Science (Russia)	A4559/0195015		CO-ADD:PC0292	10.6	32	32	32	32	32	32	16	32												32	32	32	32	32	16	16																			
CO-ADD:0241138	C1(C2=O)C(C(C=C3)OC13CNC(=O)c4cc(OC)cc(OC)c4)C(N2c(cc5)ccc5[N+](=O)[O-])=O	Russian Academy of Science (Russia)	A1272/0058182		CO-ADD:PC0290	17.6	32	32	32	32	32	16	4	32																																					
CO-ADD:0241155	c1(ccccc1OCCCC)C(NCCCCCC(NN)=O)=O	Russian Academy of Science (Russia)	A1273/0058227		CO-ADD:PC0290	4.33	16	32	32	32	32	32	32	32																																					
CO-ADD:0253857	c1(c(Cl)ccc(c1)[N+](=O)[O-])C(=O)Oc2cccc(cccn3)c23	Russian Academy of Science (Russia)	A1760/0074712		CO-ADD:PC0338	25.5	32	32	16	32	32	8	2	32																																					
CO-ADD:0240671	N1(CNc2ccccc2Cl)C(=O)\\C(\\SC1=O)=C/c3ccccc3	Russian Academy of Science (Russia)	A1252/0057215		CO-ADD:PC0289	32	32	32	32	32	32	16	16	32															32	32	32	32					32	32													
CO-ADD:0240690	C(Cl)(Cl)(Cl)\\C=C\\C(c1ccccc1)=O	Russian Academy of Science (Russia)	A1253/0057265		CO-ADD:PC0289	3.09	32	32	16	32	32	16	32	32																																					
CO-ADD:0240695	[N+](=O)([O-])c1cccc(c1)\\C=N\\n(cnn2)c2	Russian Academy of Science (Russia)	A1253/0057274		CO-ADD:PC0289	32	16	32	32	32	32	32	32	32																											32	32	32	32	32	32	32				
CO-ADD:0240707	c(ccc(c1Cl)Cl)(C(CCNc2ccccc2Br)=O)c1	Russian Academy of Science (Russia)	A1254/0057298		CO-ADD:PC0289	7.81	32	32	8	32	32	32	8	32																																					
CO-ADD:0240892	[N+](=O)([O-])c1cccc(\\C=N\\c(c2)c(ccc2C(F)(F)F)Oc3ccccc3)c1O	Russian Academy of Science (Russia)	A1262/0057682		CO-ADD:PC0289	4.08	32	32	32	32	32	32	16	32																																					
CO-ADD:0240918	N1(C(=O)c2c(C(c3ccc(cc3)CC)=N1)cccc2)c4cc(ccc4[N+](=O)[O-])N(CC5)CCN5C	Russian Academy of Science (Russia)	A1263/0057751		CO-ADD:PC0289	20.4	32	32	32	32	32	32	32	32																																					
CO-ADD:0242084	C(c1ccc(cc1Cl)Cl)(OC(N2CO)=S)=N2	Russian Academy of Science (Russia)	A1314/0059679		CO-ADD:PC0291	15.1	32	32	32	32	32	32	32	32																																					
CO-ADD:0241635	N1(c2ccc(cc2)F)C(=O)CC(N(CC3)CCN3c(cc4)ccc4[N+](=O)[O-])C1=O	Russian Academy of Science (Russia)	A1278/0058459		CO-ADD:PC0290	32	32	32	32	32	32	32	16	32																																					
CO-ADD:0241636	N1(c2ccc(cc2)F)C(=O)CC(N3CCCCC3)C1=O	Russian Academy of Science (Russia)	A1279/0058460		CO-ADD:PC0290	32	32	32	32	32	32	16	8	32																																					
CO-ADD:0241638	C(C#N)(C1c2ccc(Br)s2)=C(N)N(C(CC(C)(C)CC3=O)=C13)c4ccc(cc4)C	Russian Academy of Science (Russia)	A1279/0058462		CO-ADD:PC0290	11.8	16	32	16	32	16	1	0.5	32																																					
CO-ADD:0243066	[N+](=O)([O-])C(C)\\C(=N\\O)\\c(cc(c1c2OCO1)OC)c2	Russian Academy of Science (Russia)	A4363/0186207		CO-ADD:PC0292	10.8	32	32	32	32	32	32	32	32												32	32	32	32	32	16	16																			
CO-ADD:0252838	C(=O)(c1ccc(cc1)C)O\\N=C(\\C=C\\c2ccccc2)/C=C/c3ccccc3	Russian Academy of Science (Russia)	A1571/0068487		CO-ADD:PC0337	32	32	32	32	32	32	32	32	32																																					
CO-ADD:0242783	c12c(cccn1)cccc2SCc(cc3)ccc3OC	Russian Academy of Science (Russia)	A1376/0061670		CO-ADD:PC0291	9.67	32	32	32	32	32	32	32	32																																					
CO-ADD:0242806	C1(C2=O)C(C(C=C3)OC13CNC(COc4ccccc4)=O)C(N2c(cc5)ccc5[N+](=O)[O-])=O	Russian Academy of Science (Russia)	A1307/0059445		CO-ADD:PC0291	32	32	32	32	32	32	32	2	32																																					
CO-ADD:0240277	C1(=O)Oc(c(cc(c2OC(=O)Oc3ccccc3)Cl)S1)c2	Russian Academy of Science (Russia)	A1227/0056576		CO-ADD:PC0289	32	32	32	32	32	32	32	16	32																																					
CO-ADD:0240283	[N+](=O)([O-])c1ccc(cc1NCCOc(cc2)ccc2CC)N(CC3C)CC(N3)C	Russian Academy of Science (Russia)	A1227/0056582		CO-ADD:PC0289	0.862	32	32	8	32	32	32	32	6.61																																					
CO-ADD:0240289	N1(c2ccc(cc2)F)C(=O)CC(N(CC3)CCC3C(N)=O)C1=O	Russian Academy of Science (Russia)	A1227/0056590		CO-ADD:PC0289	32	32	32	32	32	32	16	8	32																																					
CO-ADD:0240294	C(C#N)(C1c2scc(Br)c2)=C(N)N(C(CCCC3=O)=C13)c4ccc(cc4)C	Russian Academy of Science (Russia)	A1227/0056595		CO-ADD:PC0289	3.32	32	32	32	32	32	1	0.5	32																																					
CO-ADD:0240297	N1(c2ccccc2)C(=O)CC(N3CCC(CC3)Cc4ccccc4)C1=O	Russian Academy of Science (Russia)	A1227/0056599		CO-ADD:PC0289	32	32	32	32	32	32	32	16	32																																					
CO-ADD:0252959	C(CSc1ccccn1)(=O)N\\N=C\\c(cc2)ccc2C	Russian Academy of Science (Russia)	A1653/0070551		CO-ADD:PC0337	32	32	32	32	32	32	32	32	32																																					
CO-ADD:0252962	C(CSc1ccccn1)(=O)N\\N=C\\C(CCC=C2)C2	Russian Academy of Science (Russia)	A1653/0070554		CO-ADD:PC0337	32	32	32	32	32	32	32	32	32																																					
CO-ADD:0252974	N1(C(=O)CSc2nnc(SCC(=O)N3N=C(CC3(O)c4ccccc4)C)s2)N=C(CC1(O)c5ccccc5)C	Russian Academy of Science (Russia)	A1653/0070567		CO-ADD:PC0337	32	32	32	32	32	32	32	32	32																																					
CO-ADD:0252987	c1(cc(sc1CC)C=O)[N+](=O)[O-]	Russian Academy of Science (Russia)	A1655/0070598		CO-ADD:PC0337	10.5	32	32	32	32	32	16	8	32																																					
CO-ADD:0240951	C(C1CCCCC1)(=O)NCC(=O)[O-]	Russian Academy of Science (Russia)	A1264/0057812		CO-ADD:PC0289	32	32	32	32	32	32	32	32	32																																					
CO-ADD:0241231	c1(S2)c(cc(c(OC(OCCCl)=O)c1Br)Cl)OC2=O	Russian Academy of Science (Russia)	A1275/0058337		CO-ADD:PC0290	13.3	32	32	32	32	32	32	32	32																																					
CO-ADD:0254060	N1(c2ccc(cc2)OCC)C(=O)C(CC1=O)S\\C(\\NC)=N\\c3cc(Cl)cc(Cl)c3	Russian Academy of Science (Russia)	A1735/0073719		CO-ADD:PC0338	32	32	32	32	32	32	32	16	32																																					
CO-ADD:0254876	n1(c(cc(C)cc2C)c2n3)c3S\\C(=C/c(cccc4[N+](=O)[O-])c4)\\C1=O	Russian Academy of Science (Russia)	A1562/0068059		CO-ADD:PC0340	32	32	32	32	32	32	32	32	32																																					
CO-ADD:0240970	C(C)(CN(CCCO[N+](=O)[O-])[N+](=O)[O-])([N+](=O)[O-])[N+](=O)[O-]	Russian Academy of Science (Russia)	A1266/0057877		CO-ADD:PC0289	32	32	32	16	32	32	32	32	32																																					
CO-ADD:0241003	N(c1ccccc1Br)(C(=O)C(C23)C4OC2C=C4)C3=O	Russian Academy of Science (Russia)	A1268/0057974		CO-ADD:PC0289	4.38	32	32	32	32	32	4	4	32																																					
CO-ADD:0241895	C(=C\\c(c(Cl)cc(c1[N+](=O)[O-])Cl)c1)(/C2=O)\\C(=O)NC(=O)N2	Russian Academy of Science (Russia)	A1302/0059212		CO-ADD:PC0290	2.21	32	32	32	32	32	32	32	32																																					
CO-ADD:0241896	C(=C\\c(c(O)ccc1[N+](=O)[O-])c1)(/C2=O)\\C(=O)N(C(=O)N2C)C	Russian Academy of Science (Russia)	A1302/0059214		CO-ADD:PC0290	32	32	32	4	32	32	16	16	32																																					
CO-ADD:0242596	S(=O)(=O)(c(ccc(c12)C(=O)c(c3C1=O)cccc3)c2)NC(C)c4ccccc4	Russian Academy of Science (Russia)	A1343/0060621		CO-ADD:PC0291	32	32	32	32	32	32	32	32	32																																					
CO-ADD:0242605	C(O)(C(OC)=O)(NC(CF)=O)C(F)(F)F	Russian Academy of Science (Russia)	A1343/0060648		CO-ADD:PC0291	32	32	32	8	32	32	32	32	32												32	32	32					32	32	32																
CO-ADD:0255566	C(N(CC1)CCO1)(c2c(cccc2)C(C3=O)=O)=C3	Russian Academy of Science (Russia)	A1742/0073926		CO-ADD:PC0342	1.39	32	32	32	32	32	32	32	32																																					
CO-ADD:0255578	c1(cc(cc([nH]n2)c1c2)[N+](=O)[O-])[N+](=O)[O-]	Russian Academy of Science (Russia)	A1743/0073960		CO-ADD:PC0342	9.95	32	32	8	32	32	32	32	32																																					
CO-ADD:0255580	c12c(cc(cc1[N+](=O)[O-])[N+](=O)[O-])SN(C)C2=O	Russian Academy of Science (Russia)	A1743/0073963		CO-ADD:PC0342	32	32	32	32	32	32	32	32	32																																					
CO-ADD:0255968	c1(O)c(cccc1\\C=N\\c(ccc(c2Cl)Cl)c2)O	Russian Academy of Science (Russia)	A1669/0071174		CO-ADD:PC0342	32	32	32	32	32	32	32	32	32																																					
CO-ADD:0242627	c1(\\N=C\\c(cc(Br)cc2Br)c2O)sc(c(CCN3Cc4ccccc4)c1C(OCC)=O)C3	Russian Academy of Science (Russia)	A1344/0060699		CO-ADD:PC0291	32	32	32	32	32	32	32	32	32																																					
CO-ADD:0242878	S(=O)(=O)(c(ccc(c12)C(=O)c3c(cccc3)C1=O)c2)NC(Cc(cc4)ccc4O)C(OCC)=O	Russian Academy of Science (Russia)	A1354/0061103		CO-ADD:PC0291	3.62	32	32	32	32	32	32	32	32																																					
CO-ADD:0252637	[N+](=O)([O-])c1ccc(cc1)\\C=C\\C=N\\c(cc2)ccc2NC3CCCCC3	Russian Academy of Science (Russia)	A1618/0069692		CO-ADD:PC0337	9.05	32	32	32	32	32	32	32	32																																					
CO-ADD:0252662	C1(C(Oc(c23)cc(c(C)c2)NCC)=CC(=[N+]([H])CC)C(C)=C1)=C3c4ccccc4C(OCC)=O.C(C(C)C)(=O)[O-]	Russian Academy of Science (Russia)	A1622/0069771		CO-ADD:PC0337	32	32	32	0.5	32	32	8	32	32																																					
CO-ADD:0240772	N1(c2c(OC1=S)cccc2)CS\\C(\\N)=N/c3ccccc3.Cl	Russian Academy of Science (Russia)	A1257/0057454		CO-ADD:PC0289	32	32	32	32	32	32	32	32	32																																					
CO-ADD:0240789	S(NCCCCCC(OC)=O)(=O)(=O)c(cc1)ccc1[N+](=O)[O-]	Russian Academy of Science (Russia)	A1258/0057482		CO-ADD:PC0289	32	32	32	16	32	32	32	32	32																																					
CO-ADD:0240790	c1(\\N=C\\c(c(O)ccc2[N+](=O)[O-])c2)n(c3ccccc3)ncc1C(OCC)=O	Russian Academy of Science (Russia)	A1258/0057483		CO-ADD:PC0289	32	32	32	4	32	32	16	16	32																																					
CO-ADD:0240097	C[C@]1(CC2)[C@@]3([H])[C@@](C=C[C@@H]3OC(C4=CC=CC=C4)=O)([H])[C@]2([H])O1	Institut Catala d'Investigacio Quimica (Spain)	MMu1322		CO-ADD:PC0286	32	32	32	32	32	32	32	32	32																																					
CO-ADD:0252925	N1(C(=O)c2cccc(Cl)c2)C(O)(c3ccc(cc3)Cl)CC(C(OCC)=O)=N1	Russian Academy of Science (Russia)	A1592/0069024		CO-ADD:PC0337	24.8	32	32	16	32	32	32	32	32																																					
CO-ADD:0253965	N(C(CCC)Oc(c12)ccc(c1)[N+](=O)[O-])(c(cccc3)c34)C2OC4(c5ccccc5)c6ccccc6	Russian Academy of Science (Russia)	A1667/0071058		CO-ADD:PC0338	32	32	32	32	32	32	32	32	32																																					
CO-ADD:0240816	C(/C#N)(\\C(N)=S)=N/Nc(cccc1C(F)(F)F)c1	Russian Academy of Science (Russia)	A1258/0057526		CO-ADD:PC0289	32	32	32	8	32	32	32	32	13.9																																					
CO-ADD:0241048	S(=O)(=O)(N(CC1)CCO1)c(c(Cl)cc(c2C(=O)Nc3sccn3)Cl)c2	Russian Academy of Science (Russia)	A1269/0058037		CO-ADD:PC0289	31.1	32	32	32	32	32	32	32	32																																					
CO-ADD:0241953	N1C(=O)C(SC1=N)CC(=O)Nc(cc2)ccc2NC(=O)CC(SC(N3)=N)C3=O	Russian Academy of Science (Russia)	A1305/0059328		CO-ADD:PC0290	3.57	32	32	32	32	32	16	4	32																																					
CO-ADD:0254435	[n+]1([O-])n(C)nc(NCCC#N)c1[N+](=O)[O-]	Russian Academy of Science (Russia)	A1643/0070313		CO-ADD:PC0340	7.412	16	32	4	4	8	32	32	32																																					
CO-ADD:0254451	c1(N\\N=C(/C)\\CC(OCC)=O)nnc(C)n1N.Cl	Russian Academy of Science (Russia)	A1645/0070366		CO-ADD:PC0340	16.42	32	32	16	32	32	32	32	32																																					
CO-ADD:0253061	c1(ccc(\\C=N\\c2ccccc2)o1)[N+](=O)[O-]	Russian Academy of Science (Russia)	A1572/0068533		CO-ADD:PC0337	2.7	4	32	8	8	32	32	8	32																																					
CO-ADD:0253062	[n+]1(C)c2c(cccc2)ncc1c3ccc(cc3C)C.[I-]	Russian Academy of Science (Russia)	A1572/0068534		CO-ADD:PC0337	1.35	32	32	16	32	32	32	32	32																																					
CO-ADD:0242683	S(=O)(=O)(c1ccc(cc1)CC)Oc2c(Br)cc(c(cccn3)c23)Br	Russian Academy of Science (Russia)	A1346/0060779		CO-ADD:PC0291	32	32	32	32	32	32	4	8	32																																					
CO-ADD:0255681	C1(=O)Oc(c(cc(c2OC(OCC)=O)Cl)S1)c2	Russian Academy of Science (Russia)	A1748/0074146		CO-ADD:PC0342	32	32	32	32	32	32	32	32	32																																					
CO-ADD:0253915	c(cc(cc1C(=O)Nc(cc2)ccc2Cl)[N+](=O)[O-])([N+](=O)[O-])c1Nc3cccc(Cl)c3	Russian Academy of Science (Russia)	A1762/0074779		CO-ADD:PC0338	29.2	32	32	32	32	32	32	32	32																																					
CO-ADD:0253934	c(c(Cl)c(C#N)nc1Cl)(S2)c1SC2=O	Russian Academy of Science (Russia)	A1666/0071004		CO-ADD:PC0338	5.39	32	32	16	32	32	2	2	32																																					
CO-ADD:0242689	n1(\\N=C\\c(c2)c(O)c(cc2[N+](=O)[O-])Br)c(S)nnc1c3ccccc3	Russian Academy of Science (Russia)	A1346/0060789		CO-ADD:PC0291	32	32	32	32	32	32	32	32	32																																					
CO-ADD:0242701	c1(c(ccc2[N+](=O)[O-])o2)[nH]c(c(c3)n1)ccc3[N+](=O)[O-]	Russian Academy of Science (Russia)	A1347/0060810		CO-ADD:PC0291	0.277	32	32	16	8	32	32	32	32																																					
CO-ADD:0242940	[N+](=O)([O-])c1cccc(c1)NNC(=O)c2ccc(cc2)F	Russian Academy of Science (Russia)	A1358/0061208		CO-ADD:PC0291	32	4	32	32	32	32	32	32	32											32											32			32	32	32										
CO-ADD:0240123	C(=O)(NNc1ccccc1I)C(OCC)=O	Russian Academy of Science (Russia)	A1219/0056215		CO-ADD:PC0289	32	32	32	32	32	32	32	32	32											32											32			16	32	32	32	32	32	32	32	32				
CO-ADD:0240156	N1(CNc2c(Cl)ccc(Cl)c2)C(=O)\\C(\\SC1=O)=C\\c3cccc(Cl)c3	Russian Academy of Science (Russia)	A1222/0056343		CO-ADD:PC0289	32	32	32	32	32	32	8	16	32															32	32	16	32					32	32													
CO-ADD:0252724	N1C(=O)\\C(\\SC1=S)=C/c2ccco2	Russian Academy of Science (Russia)	A1630/0069977		CO-ADD:PC0337	32	32	32	32	32	32	32	32	32																																					
CO-ADD:0254797	n1nc(Cl)c(c2c1N\\N=C\\c3ccc(cc3O)O)cccc2	Russian Academy of Science (Russia)	A1679/0071665		CO-ADD:PC0340	32	32	32	32	32	32	32	32	32																																					
CO-ADD:0240832	[N+](=O)([O-])c1cccc(\\C=N\\c2ccccc2N(CC3)CCO3)c1O	Russian Academy of Science (Russia)	A1259/0057551		CO-ADD:PC0289	32	32	32	32	32	32	8	16	32																																					
CO-ADD:0240862	C(/NCc1ccccc1F)(\\C(OCC)=O)=N\\Nc2ccccc2	Russian Academy of Science (Russia)	A1260/0057596		CO-ADD:PC0289	32	32	32	32	32	32	32	32	32																																					
CO-ADD:0240171	c1(c2ccco2)c(C#N)c(oc1c3ccoc3)\\N=C\\c(cc(Br)cc4Br)c4O	Russian Academy of Science (Russia)	A1223/0056367		CO-ADD:PC0289	32	32	32	32	32	32	32	16	32																																					
CO-ADD:0241066	[N+](=O)([O-])c(cccc1c2ccc(\\C=N\\c(ccc(c3C)C)c3)o2)c1	Russian Academy of Science (Russia)	A1269/0058063		CO-ADD:PC0289	32	32	32	32	32	32	32		32																																					
CO-ADD:0253764	N1(c2ccc(cc2)Cl)C(c3cccs3)N(N=C1C(C)=O)c4ccc(cc4)Cl	Russian Academy of Science (Russia)	A1751/0074293		CO-ADD:PC0338	32	32	32	32	32	32	32	32	32																																					
CO-ADD:0254516	c1(cc(F)c(cc1Cl)F)C(=O)N(CC2)CCN2c(cc3)ccc3[N+](=O)[O-]	Russian Academy of Science (Russia)	A1676/0071524		CO-ADD:PC0340	32	32	32	32	32	32	32	32	32																																					
CO-ADD:0254017	C1(C2=O)C(C(C=C3)(OC13C)C)C(N2c4ccc(cc4)F)=O	Russian Academy of Science (Russia)	A1734/0073671		CO-ADD:PC0338	10.9	16	32	32	32	32	8	4	32																																					
CO-ADD:0254046	N1(c2cccc(OCC)c2)C(=O)CC(N(CC3)CCC3C(O)=O)C1=O	Russian Academy of Science (Russia)	A1735/0073703		CO-ADD:PC0338	32	32	32	32	32	32	32	16	32																																					
CO-ADD:0241802	C(/c1ccc(cc1)Cl)(\\N(CC2)CCO2)=N\\OC(=O)Nc(cc3)ccc3Cl	Russian Academy of Science (Russia)	A1286/0058647		CO-ADD:PC0290	0.469	32	32	32	32	32	32	32	32																																					
CO-ADD:0242006	S(=O)(=O)(c(cccc1C(=O)Oc2cccc(cccn3)c23)c1)N4CCCCC4	Russian Academy of Science (Russia)	A1306/0059402		CO-ADD:PC0290	2.61	32	32	8	32	32	2	0.5	32																																					
CO-ADD:0254589	C(=S)(c1ccc(c(O)c1)O)N(CC2)CCO2	Russian Academy of Science (Russia)	A1556/0067798		CO-ADD:PC0340	32	32	32	32	32	32	32	32	32																																					
CO-ADD:0242968	c(cc(ccc1N(CC2)CCN2Cc(cc3)ccc3NC(CCl)=O)c4n1)cc4.Cl	Russian Academy of Science (Russia)	A1361/0061299		CO-ADD:PC0291	2.57	32	32	32	32	32	32	4	32																																					
CO-ADD:0255736	c1(Sc2c(cc(cc2[N+](=O)[O-])C(F)(F)F)[N+](=O)[O-])nnnn1c3ccccc3	Russian Academy of Science (Russia)	A1749/0074224		CO-ADD:PC0342	32	32	32	32	32	32	32	32	32																																					
CO-ADD:0252759	N1(N=C(CC1=O)C)c2sc(c3n2)cccc3	Russian Academy of Science (Russia)	A1634/0070093		CO-ADD:PC0337	32	32	32	32	32	32	32	32	32																																					
CO-ADD:0254838	C12(c3c(NC1=O)ccc(C)c3)C(C#N)=C(N)OC(C)=C2C(OC)=O	Russian Academy of Science (Russia)	A1680/0071725		CO-ADD:PC0340	32	32	32	32	32	32	32	32	32																																					
CO-ADD:0241339	N1(c2ccccc2OC)C(=O)CC(N(C)Cc3ccccc3)C1=O.Cl	Russian Academy of Science (Russia)	A1293/0058813		CO-ADD:PC0290	5.64	32	32	32	32	32	32	32	32																																					
CO-ADD:0242239	c1(c(\\C=N\\NC(=O)Nc2ccccc2)ccc(OC(C)=O)c1OC)[N+](=O)[O-]	Russian Academy of Science (Russia)	A1327/0060004		CO-ADD:PC0291	2.57	32	32	32	32	32	32	32	32																																					
CO-ADD:0247565	c1(ccc(\\C=N/NC(COc2ccccc2)=O)o1)[N+](=O)[O-]	Russian Academy of Science (Russia)	A1495/0065600		CO-ADD:PC0316	24	32	32	32	32	32	32	32	32																																					
CO-ADD:0247579	n1(nnc(C)c1C(=O)N\\N=C(/C)\\Cn(nnc2[N+](=O)[O-])n2)c3nonc3N	Russian Academy of Science (Russia)	A1496/0065620		CO-ADD:PC0316	20.6	32	32	32	32	32	32	32	32																																					
CO-ADD:0244465	c1(ccc(c(cccc2)c12)F)C(O)=O	Russian Academy of Science (Russia)	A1211/0055791		CO-ADD:PC0301	32	32	32	32	32	32	16	32	32																																					
CO-ADD:0245683	n1(nnc(C(=O)N\\N=C\\c(ccc(c2[N+](=O)[O-])O)c2)c1CN(CC)CC)c3nonc3N	Russian Academy of Science (Russia)	A1408/0062912		CO-ADD:PC0306	32	32	32	8	32	32	32	32	32																																					
CO-ADD:0245715	S(c1ccccc1)(=O)(=O)N(CC(=O)NC2CCCC2)c3c(OC)ccc(OC)c3	Russian Academy of Science (Russia)	A1409/0062958		CO-ADD:PC0306	32	32	32	32	32	32	32	32	32																																					
CO-ADD:0244509	C(=O)(C(O)=O)C(Cl)C(=O)c1ccc(cc1)Cl	Russian Academy of Science (Russia)	A1214/0055937		CO-ADD:PC0301	32	32	32	16	32	32	32	4	32																																					
CO-ADD:0244510	C(/C(=O)c1ccc(cc1)Br)(\\C(\\C(OC)=O)=N\\c2ccccc2)=C(/C3=O)\\Sc4c(cccc4)N3	Russian Academy of Science (Russia)	A1214/0055938		CO-ADD:PC0301	32	32	32	32	32	32	32	32	32																																					
CO-ADD:0244512	N1(CN(CC)c2ccccc2)C(=O)\\C(\\SC1=O)=C\\c3ccccc3	Russian Academy of Science (Russia)	A1214/0055953		CO-ADD:PC0301	32	32	32	32	32	32	16	32	32																																					
CO-ADD:0245466	c1(cc(Br)cc(\\C=N\\NC(=O)c2nonc2N)c1O)[N+](=O)[O-]	Russian Academy of Science (Russia)	A1399/0062533		CO-ADD:PC0306	32	32	32	32	32	32	32	32	32																																					
CO-ADD:0245014	c1(c(O)ccc(cccc2)c12)\\C=N\\c3ccc(c(cccn4)c34)OC	Russian Academy of Science (Russia)	A1388/0062041		CO-ADD:PC0301	0.615	32	32	16	32	32	32	32	32																																					
CO-ADD:0243309	[se]1c2c(NC(=O)CC2c3cc(OC)c(OCO4)c4c3OC)nc1N	Russian Academy of Science (Russia)	A4435/0189414		CO-ADD:PC0292	32	32	32	16	32	32	16	8	32												32	32	32	32	32	8	8																			
CO-ADD:0243311	[se]1c2c(NC(CC2c3cc(OC)c(OCO4)c4c3)=O)nc1N	Russian Academy of Science (Russia)	A4435/0189416		CO-ADD:PC0292	32	32	32	32	32	32	32	8	32												32	32	32	32	32	8	8																			
CO-ADD:0245492	c1(C#N)c2c(sc1\\N=C\\c3ccc(cc3Cl)Cl)CCCC2	Russian Academy of Science (Russia)	A1401/0062572		CO-ADD:PC0306	32	32	32	32	32	32	32	32	32																																					
CO-ADD:0244761	c12n(c3c(cc(cc3)C)s1)cc(c4ccc(cc4)OC)n2	Russian Academy of Science (Russia)	A1382/0061803		CO-ADD:PC0301	32	32	32	32	32	32	32	32	32																																					
CO-ADD:0245971	C1(C)(c2c(c(cccc3)c13)cccc2)C(=O)Nc(cc4)ccc4OC	Russian Academy of Science (Russia)	A1473/0064956		CO-ADD:PC0306	32	32	32	32	32	32	32	16	32																																					
CO-ADD:0246000	C(=C/c(cc1Br)cc(c1O)Br)(/C2=O)\\C(=O)N(C(=O)N2C)C	Russian Academy of Science (Russia)	A1473/0064991		CO-ADD:PC0306	32	32	32	32	32	32	32	32	32																																					
CO-ADD:0246013	N1(c2ccc(c(Cl)c2)Cl)C(=O)C(CC1=O)Nc(cc3)ccc3F	Russian Academy of Science (Russia)	A1474/0065006		CO-ADD:PC0306	32	32	32	32	32	32	32	8	32																																					
CO-ADD:0246014	N1(c2ccc(cc2)Br)C(=O)C(CC1=O)NCc(ccc(c34)OCO3)c4	Russian Academy of Science (Russia)	A1474/0065007		CO-ADD:PC0306	32	32	32	32	32	32	32	16	32																																					
CO-ADD:0240462	[N+](=O)([O-])c1ccc(cc1NC(C)C23CC(CC4C2)CC(C4)C3)N(CC5)CCN5C	Russian Academy of Science (Russia)	A1236/0056824		CO-ADD:PC0289	32	32	32	32	32	32	32	32	32																																					
CO-ADD:0240463	N1(CNc2ccc(cc2Cl)Cl)N=C(OC1=S)c3ccccc3	Russian Academy of Science (Russia)	A1236/0056825		CO-ADD:PC0289	32	32	32	32	32	32	32	32	32																																					
CO-ADD:0241378	c1([N+](=O)[O-])nnn(CC(=O)N(c2ccccc2)c3ccccc3)n1	Russian Academy of Science (Russia)	A1296/0058922		CO-ADD:PC0290	8.61	32	32	16	32	32	32	32	32																																					
CO-ADD:0247608	c(cc(Br)cc1I)(\\C=N\\c2ccc(cc2C)C)c1O	Russian Academy of Science (Russia)	A1498/0065661		CO-ADD:PC0316	25.7	32	32	32	32	32	32	32	32																																					
CO-ADD:0247625	[N+](=O)([O-])c(cc1)ccc1\\C(\\C)=N\\NCCO	Russian Academy of Science (Russia)	A1499/0065699		CO-ADD:PC0316	32	32	32	32	32	32	32	32	32																																					
CO-ADD:0242359	c1(C#N)c(SCCN2CCCCCC2)nc(cc1c3ccccc3OC)c4ccccc4	Russian Academy of Science (Russia)	A1331/0060188		CO-ADD:PC0291	32	32	32	32	32	32	32	16	32																																					
CO-ADD:0242360	c1(C#N)c(c2ccccc2)cc(nc1SCCN3CCCCCC3)c4cccs4	Russian Academy of Science (Russia)	A1331/0060189		CO-ADD:PC0291	32	32	32	32	32	32	32	32	32																																					
CO-ADD:0242361	c1(C#N)c(c2ccc(cc2)F)cc(nc1SCCN3CCCCCC3)c4cccs4	Russian Academy of Science (Russia)	A1331/0060190		CO-ADD:PC0291	32	32	32	32	32	32	32	16	32																																					
CO-ADD:0244543	[N+](=O)([O-])c(ccc(c1\\C=N\\c(cc2)ccc2c3ccccc3)O)c1	Russian Academy of Science (Russia)	A1216/0056024		CO-ADD:PC0301	32	32	32	32	32	32	32	32	32																																					
CO-ADD:0245057	c1([N+](=O)[O-])nnn(C\\C(\\C)=N\\NC(=O)c2n[nH]cc2[N+](=O)[O-])n1	Russian Academy of Science (Russia)	A1389/0062115		CO-ADD:PC0301	32	32	32	32	32	32	32	32	32																																					
CO-ADD:0245505	N(=C\\c(ccc1c(cccc2C(O)=O)c2)o1)/N(c3ccccc3)c4ccccc4	Russian Academy of Science (Russia)	A1401/0062594		CO-ADD:PC0306	32	32	32	32	32	32	32	32	0.6																																					
CO-ADD:0245520	N(=C(N\\N=C\\c(c(O)ccc1[N+](=O)[O-])c1)NN=C2Cc(ccc(c3OC)OC)c3)C2=O	Russian Academy of Science (Russia)	A1402/0062627		CO-ADD:PC0306	32	32	32	8	32	32	32	32	32																																					
CO-ADD:0243785	c(c(SCC(=CC1=O)OC(C(c2cc(OCO3)c3c(OC)c2)CC(=O)OC)=C1O)cc4OC)cc4	Russian Academy of Science (Russia)	A4619/0197447		CO-ADD:PC0292	32	32	32	32	32	32	32	32	32																																					
CO-ADD:0245075	N(COc(c12)ccc(c1)[N+](=O)[O-])(c(cccc3)c34)C2OC4(c5ccccc5)c6ccccc6	Russian Academy of Science (Russia)	A1390/0062149		CO-ADD:PC0301	32	32	32	8	32	32	32	16	32																																					
CO-ADD:0245105	CC(/C=C/C=C/C(NCCC(NC(C(NC(C(NC(C(NC(Cc1ccc(OC2OCC(C(C2O)O)O)cc1)C(NC(C)C(C(NC(CC(c3c(O)cc(O)cc3)=O)C(NC(C(N4CCCC4C(O)=O)=O)C)=O)=O)NC(CNC(C(NC(CNC(C(NC(N(N)CC(C)C)=O)CC(C)=O)=O)=O)CO)=O)=O)=O)=O)CC(C(O)=O)O)=O)CC(c5ccccc5)O)=O)CCCN)=O)=O)C	Russian Academy of Science (Russia)	NIF-5812B		CO-ADD:PC0301	32	32	32	8	32	32	32	32	32																																					
CO-ADD:0240590	C(=N/c(cc1)ccc1Cl)(/S2)\\C(Cl)=NS2	Russian Academy of Science (Russia)	A1247/0057095		CO-ADD:PC0289	3.27	32	32	16	32	32	1	1	32																																					
CO-ADD:0244817	C(C)N(CN(C1=O)C(N23)C(N4C2=S)N1CN(CC)C4)C3	Russian Academy of Science (Russia)	L19-Brs004.001		CO-ADD:PC0301	32	32	32	32	32	32	32	32	32																																					
CO-ADD:0246050	n(nnc1C(=O)N\\N=C\\c(c(O)ccc2[N+](=O)[O-])c2)(c1COC)c3nonc3N	Russian Academy of Science (Russia)	A1431/0063618		CO-ADD:PC0306	0.317	32	32	8	32	32	32	32	32																																					
CO-ADD:0246079	[N+](=O)([O-])c(cc(Oc(cc1)ccc1CCC(=O)N2CCCCC2C)cc3[N+](=O)[O-])c3	Russian Academy of Science (Russia)	A1433/0063662		CO-ADD:PC0306	32	32	32	32	32	32	32	32	32																																					
CO-ADD:0242426	C(=O)(N\\N=C(/C)\\CC(=O)NCc1ccccc1OC)C(=O)NCC(C)C	Russian Academy of Science (Russia)	A1336/0060294		CO-ADD:PC0291	32	32	32	32	32	32	32	16	32																																					
CO-ADD:0247666	c(cc1c2\\C(=C\\C=C(/C=C3)\\c(cccc4)c4N3C)\\C=N1)cc2.I	Russian Academy of Science (Russia)	A1504/0065806		CO-ADD:PC0316	6.873	32	32	4	32	32	16	16	10.51																																					
CO-ADD:0245791	N1(c2ccc(c(Cl)c2)Cl)C(=O)CC(N(C)Cc3ccccc3)C1=O	Russian Academy of Science (Russia)	A1411/0063095		CO-ADD:PC0306	11.6	32	32	32	32	32	8	8	32																																					
CO-ADD:0245810	N1(c2cccc(Cl)c2)C(=O)CC(N(CC3)CCC3C(O)=O)C1=O	Russian Academy of Science (Russia)	A1412/0063124		CO-ADD:PC0306	32	32	32	32	32	32	16	8	32																																					
CO-ADD:0244185	N1(c2cccc(Cl)c2)C(=O)CC(N(CC3)CCN3c4cccc(Cl)c4)C1=O	Russian Academy of Science (Russia)	A1204/0055462		CO-ADD:PC0301	32	32	32	32	32	32	32	32	32																																					
CO-ADD:0244201	n1c2c([nH]c1c3ccc(cc3)N)cc4c(cccc4)c2	Russian Academy of Science (Russia)	A1205/0055492		CO-ADD:PC0301	1.18	32	32	32	32	32	32	8	32																																					
CO-ADD:0241586	c1(Nc2cccc(C)c2C)nc(c(nc1Nc3cccc(C)c3C)ccc4[N+](=O)[O-])c4	Russian Academy of Science (Russia)	A1276/0058377		CO-ADD:PC0290	7.92	32	32	32	32	32	8	8	32																																					
CO-ADD:0242518	[N+](=O)([O-])\\C=C/c1ccccc1OCC(OCC)=O	Russian Academy of Science (Russia)	A1340/0060498		CO-ADD:PC0291	1.09	32	32	32	32	32	4	8	32																																					
CO-ADD:0244616	C(=O)(NNc(cc1)ccc1OCC)C(OCC)=O	Russian Academy of Science (Russia)	A1219/0056174		CO-ADD:PC0301	27.78	8	32	32	32	32	32	16	32											32				32	32	16	8				32	32	32	8	32	32	32	32	32	32	32	32				
CO-ADD:0244629	C(c1ccccc1)(=O)Oc(cc2)ccc2\\C=N\\c3ccc(cc3O)C	Russian Academy of Science (Russia)	A1364/0061367		CO-ADD:PC0301	32	32	32	32	32	32	32	32	32																																					
CO-ADD:0244211	c1(ccc(\\C=N\\c(cccc2[N+](=O)[O-])c2)s1)[N+](=O)[O-]	Russian Academy of Science (Russia)	A1205/0055510		CO-ADD:PC0301	3.38	8	32	32	16	32	4	4	32																																					
CO-ADD:0244220	c1(n[nH]cn1)NC(=O)C(F)(F)F	Russian Academy of Science (Russia)	A1205/0055519		CO-ADD:PC0301	32	32	32	32	32	32	4	32	32																																					
CO-ADD:0245585	c1(SCC(=O)N\\N=C\\c2ccccn2)sc(c3n1)cccc3	Russian Academy of Science (Russia)	A1404/0062739		CO-ADD:PC0306	16.2	8	32	32	32	32	32	32	32											32											32			8			32	32	32	4	32					
CO-ADD:0243149	c(CC(C1)ON=C1C(NN)=O)(c(Br)c2OC)c(Br)c(c23)OCO3	Russian Academy of Science (Russia)	A4383/0187167		CO-ADD:PC0292	32	32	32	32	32	32	32	32	32												32	32	32	32	32	32	32																			
CO-ADD:0247718	n1c(c2ccc(cc2)Cl)csc1N\\N=C(/C)\\CCCCCC	Russian Academy of Science (Russia)	A1511/0065994		CO-ADD:PC0316	32	32	32	32	32	32	32	32	32																																					
CO-ADD:0247719	c1(c([O-])cc(c(O)c1)SC(=O)N(CC)CC)[N+](=O)[O-].[N+]([H])([H])(CC)CC	Russian Academy of Science (Russia)	A1511/0065995		CO-ADD:PC0316	32	32	32	32	32	32	32	32	32																																					
CO-ADD:0247733	c12c(ccc(NN)n1)c(cc(Cl)c2O)Cl	Russian Academy of Science (Russia)	A1513/0066044		CO-ADD:PC0316	9.33	32	32	32	32	32	4	4	32																																					
CO-ADD:0244898	C1(C2NC(=S)N1)N(C(c(c3)cccc3)C)C(=O)N2	Russian Academy of Science (Russia)	L19-Bka054		CO-ADD:PC0301	32	32	32	32	32	32	32	32	32																																					
CO-ADD:0244908	C1(C2NC(=[Se])N1)N(C)C(=O)N2C	Russian Academy of Science (Russia)	L19-Brn0901		CO-ADD:PC0301	32	32	32	32	32	32	0.5	0.5	32																																					
CO-ADD:0240321	c(ccc1C(=O)N(CC2)CCN2C)(o1)[N+](=O)[O-].Cl	Russian Academy of Science (Russia)	A1228/0056627		CO-ADD:PC0289	19.2	32	32	32	32	32	32	32	32																																					
CO-ADD:0242391	C1(Cl)(CC(=O)c2ccc(cc2)Br)C(=O)OC(OC1=O)(C)C	Russian Academy of Science (Russia)	A1333/0060241		CO-ADD:PC0291	32	32	32	32	32	32	16	4	32																																					
CO-ADD:0242404	C(C#N)(C1c2cccs2)=C(N)N(C(CC(C)(C)CC3=O)=C13)c4ccc(cc4)C	Russian Academy of Science (Russia)	A1334/0060254		CO-ADD:PC0291	10.4	32	32	32	32	32	2	2	32																																					
CO-ADD:0244641	[N+](=O)([O-])c(ccc(c1\\C=N\\NC(Cc2ccccc2)=O)O)c1	Russian Academy of Science (Russia)	A1365/0061396		CO-ADD:PC0301	32	32	32	8	32	32	32	32	32																																					
CO-ADD:0244645	c1(ccc(cc1[N+](=O)[O-])[N+](=O)[O-])C(=O)Oc2cccc(cccn3)c23	Russian Academy of Science (Russia)	A1366/0061405		CO-ADD:PC0301	1.92	16	32	4	32	32	1	1	32																																					
CO-ADD:0244654	C(=O)(N\\N=C(/C)\\CC(=O)Nc(ccc(c12)cccc1)c2)C(=O)NCC(C)C	Russian Academy of Science (Russia)	A1366/0061426		CO-ADD:PC0301	32	32	32	32	32	32	32	16	32																																					
CO-ADD:0244662	C1(=O)c2c(cccc2)N=C(C)N1.[Cu](OC(C)=O)OC(C)=O	Russian Academy of Science (Russia)	A1367/0061442		CO-ADD:PC0301	32	32	32	32	32	32	32	32	32																																					
CO-ADD:0245898	C(F)(F)(C(F)(F)C(F)(F)F)C(F)(F)C(=O)N\\N=C(/C1)\\c(cccc2)c2\\C(=N/O)\\C1	Russian Academy of Science (Russia)	A1425/0063468		CO-ADD:PC0306	3.89	32	32	32	32	32	32	32	32																																					
CO-ADD:0241278	S(=O)(=O)(Oc1ccc(cc1[N+](=O)[O-])[N+](=O)[O-])c2ccccc2[N+](=O)[O-]	Russian Academy of Science (Russia)	A1289/0058712		CO-ADD:PC0290	32	32	32	32	32	32	32	16	32																																					
CO-ADD:0244684	c1(C2=O)c(n(c(C)n1)c3ccccc3)C(c4c2non4)=O	Russian Academy of Science (Russia)	A1369/0061498		CO-ADD:PC0301		32	32	2	32	32	32	8	32																																					
CO-ADD:0244690	C(F)(F)(C(C)OS(=O)(=O)c1ccc(cc1)N)[N+](=O)[O-]	Russian Academy of Science (Russia)	A1370/0061512		CO-ADD:PC0301	12.8	32	32	2	32	32	32	32	32																																					
CO-ADD:0245632	C1(O)(CC(=O)c(c2O1)ccc(cccc3)c23)C(F)(F)C(F)(F)OC(F)(F)F	Russian Academy of Science (Russia)	A1406/0062824		CO-ADD:PC0306	2.61	32	32	4	32	32	32	32	32																																					
CO-ADD:0242217	n1(Cc2ccccc2)c3c(c(CC)c1NN=Nc(cc4)ccc4Br)cccc3.Cl	Russian Academy of Science (Russia)	A1326/0059971		CO-ADD:PC0291	32	32	32	32	32	32	32	8	32																																					
CO-ADD:0243999	C1C[C@](C)(C([C@H](O)CC(\\C(=C(\\C(=O)OCc2ccccc2)/CC\\C=C(/C)\\C)\\[C@@H](OC(C)=O)C3)[C@]34C)[C@]4(C)CC5)C5[C@H](C)[C@@H]1OC(=O)C(N)Cc6ccccc6	Yantai University (China)	5		CO-ADD:PC0297	32	32	32	32	32	32	32	32	32																																					
CO-ADD:0244000	C1C[C@](C)(C([C@H](O)CC(\\C(=C(\\C(OCc2ccccc2)=O)/CC\\C=C(/C)\\C)\\[C@@H](OC(C)=O)C3)[C@]34C)[C@]4(C)CC5)C5[C@H](C)[C@@H]1OC(=O)CN	Yantai University (China)	6		CO-ADD:PC0297	10.8	32	32	32	32	32	32	16	32																																					
CO-ADD:0240537	C1(=C(CC(C)(C)CC1=O)OC(=C23)CC(CC2=O)(C)C)C3c4ccc(c(cc5)cc(c5[N+](=O)[O-])C)o4	Russian Academy of Science (Russia)	A1242/0056970		CO-ADD:PC0289	32	32	32	32	32	32	32	32	32																																					
CO-ADD:0240544	C(/C1=O)(\\Sc(c12)cccc2)=C\\N(c3cccc(C)c3)C(C)=O	Russian Academy of Science (Russia)	A1242/0056983		CO-ADD:PC0289	32	32	32	32	32	32	16	32	32																																					
CO-ADD:0243655	c(OC)(cc1)ccc1C\\C(=N\\OC(c(c2)cc(OC)c3c2OCO3)=O)\\N	Russian Academy of Science (Russia)	A4589/0196506		CO-ADD:PC0292	2.43	32	32	32	32	32	32	32	32												32	32	32	32	32	32	32																			
CO-ADD:0244963	N1(C(=O)CCC1=O)OC(=O)c(cc2)ccc2c3ccccc3	Russian Academy of Science (Russia)	A1386/0061945		CO-ADD:PC0301	3.24	32	32	32	32	32	16	32	32																																					
CO-ADD:0245931	n12c(cc(C)n1)nnc(c(c(C#N)c(N)n3)N)c23	Russian Academy of Science (Russia)	A1430/0063575		CO-ADD:PC0306	32	32	32	32	32	32	32	32	32																																					
CO-ADD:0240410	C(C#N)(C1c2ccc(Br)s2)=C(N)N(C(CCCC3=O)=C13)c4ccc(cc4)C	Russian Academy of Science (Russia)	A1233/0056748		CO-ADD:PC0289	25.4	32	32	32	32	32	2	1	32																																					
CO-ADD:0241314	C(F)(F)(F)C(=O)CC(=O)\\C=C\\c1cccs1	Russian Academy of Science (Russia)	A1291/0058776		CO-ADD:PC0290	32	32	32	8	32	32	32	32	32																																					
CO-ADD:0240519	[N+](=O)([O-])c1ccc(cc1NCCOc(cc2)ccc2CC)N(CC3)CCN3CCO	Russian Academy of Science (Russia)	A1241/0056936		CO-ADD:PC0289	9.33	32	32	32	32	32	32	32	1.16																																					
CO-ADD:0244701	[N+](=O)([O-])c(ccc(c1\\C=N\\c2ncccc2NC(OCC)=O)O)c1	Russian Academy of Science (Russia)	A1372/0061559		CO-ADD:PC0301	32	32	32	4	32	32	16	8	32																																					
CO-ADD:0244702	N(=C\\C(\\Br)=C\\c1ccccc1)/N(c2ccccc2)c3ccccc3	Russian Academy of Science (Russia)	A1372/0061560		CO-ADD:PC0301	0.601	32	32	32	8	32	16	8	32																																					
CO-ADD:0244704	C(/C#N)(=C/c1ccccc1)\\C(=O)NCc2ccccc2	Russian Academy of Science (Russia)	A1372/0061563		CO-ADD:PC0301	14	32	32	32	32	32	32	32	32																																					
CO-ADD:0244719	N1(C(=O)CSC1=S)c(c2)cc(cc2[N+](=O)[O-])[N+](=O)[O-]	Russian Academy of Science (Russia)	A1374/0061610		CO-ADD:PC0301	1.72	16	32	4	32	32	2		32																																					
CO-ADD:0244737	c(C(c1ccccc1)=O)(sc(n2)NCC=C)c2N	Russian Academy of Science (Russia)	A1378/0061725		CO-ADD:PC0301	9.66	32	32	32	32	32	32	32	32																																					
CO-ADD:0244743	C(Nc(cc1)ccc1C(F)(F)F)(C(OCC)=O)(C(F)(F)F)NC(=O)c(cccc2C(F)(F)F)c2	Russian Academy of Science (Russia)	A1379/0061741		CO-ADD:PC0301	32	32	32	32	32	32	32	32	32																																					
CO-ADD:0245962	N1(CNc(cccc2[N+](=O)[O-])c2)C(=O)\\C(\\SC1=O)=C/c3ccccc3F	Russian Academy of Science (Russia)	A1472/0064947		CO-ADD:PC0306	32	32	32	32	32	32	16	16	32																																					
CO-ADD:0247849	n1(Cc2ccccc2)nc(cc1\\N=C\\c(c(O)ccc3[N+](=O)[O-])c3)c4ccc(cc4)Br	Russian Academy of Science (Russia)	A1530/0066480		CO-ADD:PC0316	32	32	32	32	32	32	32	32	32																																					
CO-ADD:0247907	c1(OC)c(OC)cc(cc1OC)\\C=N\\c(ccc(c23)cccc2)c3	Russian Academy of Science (Russia)	A1531/0066568		CO-ADD:PC0316	21.3	32	32	32	32	32	32	32	32																																					
CO-ADD:0249021	c1(cc(Br)cc(\\C=N/n(c2)cnn2)c1OCc3ccc(cc3Cl)Cl)[N+](=O)[O-]	Russian Academy of Science (Russia)	A1470/0064837		CO-ADD:PC0328	32	32	32	32	32	32	32	32	32																																					
CO-ADD:0249061	N1(c2cccc(Br)c2)C(=O)CC(N(CC3)CCN3c4ccccc4Cl)C1=O	Russian Academy of Science (Russia)	A1471/0064896		CO-ADD:PC0328	32	32	32	32	32	32	32	32	32																																					
CO-ADD:0248218	c1(\\N=C\\c(ccc2[N+](=O)[O-])o2)sc(c3c1C(OCC)=O)CCC3	Russian Academy of Science (Russia)	A1532/0066601		CO-ADD:PC0316	9.9	8	32	16	16	32	32	16	32																																					
CO-ADD:0247947	n1c(N)[nH]nc1SCCCCCCCCC	Russian Academy of Science (Russia)	A1445/0063959		CO-ADD:PC0316	32	32	32	32	32	32	32	32	32																																					
CO-ADD:0247951	C(F)(F)(F)c(ccc(c1\\N=C\\c(cc(Cl)cc2Cl)c2O)Oc(cc3)ccc3Cl)c1	Russian Academy of Science (Russia)	A1445/0063963		CO-ADD:PC0316	10.7	32	32	32	32	32	32	32	32																																					
CO-ADD:0250147	C(=O)(N\\N=C(\\C1)/CCC1)C(=O)Nc2ccc(cc2OC)OC	Russian Academy of Science (Russia)	A1701/0072455		CO-ADD:PC0332	32	32	32	32	32	32	32	32	32																																					
CO-ADD:0250466	N1(c(cc2)ccc2C(O)=O)C(=O)C(C(C1=O)C3(C)c4c5cccc4)C5(C)c(c36)cccc6	Russian Academy of Science (Russia)	A1710/0072878		CO-ADD:PC0332	32	32	32	32	32	32	32	32	32																																					
CO-ADD:0247985	[B-]1(c2ccccc2)(c3ccccc3)OC(C)=C(C(C)=[O+]1)c4scc(c5ccccc5)n4	Russian Academy of Science (Russia)	A1447/0064016		CO-ADD:PC0316	23.4	32	32	16	32	32	4	4	32																																					
CO-ADD:0248250	[N+](=O)([O-])c1ccc(cc1NC(C)C23CC(CC4C2)CC(C4)C3)N(CC5)CCN5CCO	Russian Academy of Science (Russia)	A1533/0066655		CO-ADD:PC0316	32	32	32	32	32	32	32	32	32																																					
CO-ADD:0248259	c1(\\N=C\\c(cc(Br)cc2[N+](=O)[O-])c2O)c(c3ccc(c(OCC)c3)O)nc(cccc4)n14	Russian Academy of Science (Russia)	A1463/0064498		CO-ADD:PC0316	32	32	32	32	32	32	32	32	32																																					
CO-ADD:0248292	N/C(N)=N/C1=NC(C2=CNC3=C2C=CC=C3)=CS1.Cl	University of Northwestern St. Paul (MN, USA)	2B		CO-ADD:PC0317	9.6	32	32	32	32	32	32	16	32																																					
CO-ADD:0248293	N/C(N)=N/C1=NC(C2=CSC3=C2C=CC=C3)=CS1	University of Northwestern St. Paul (MN, USA)	3A		CO-ADD:PC0317	32	32	32	32	32	32	32	32	32																																					
CO-ADD:0248031	c1(c(Cl)ccc(c1)[N+](=O)[O-])C(=O)Nc2n[nH]cn2	Russian Academy of Science (Russia)	A1451/0064102		CO-ADD:PC0316	32	32	32	32	32	32	8	32	32																																					
CO-ADD:0249154	C(Nc(ccc(c1Cl)Cl)c1)(C(OCC)=O)(NC(C)=O)C(F)(F)F	Russian Academy of Science (Russia)	A1536/0066787		CO-ADD:PC0328	32	32	32	32	32	32	32	32	32																																					
CO-ADD:0249434	N1(c2ccc(cc2)I)C(=O)CC(N(CC3)CCC3C(N)=O)C1=O	Russian Academy of Science (Russia)	A1545/0067215		CO-ADD:PC0328	32	32	32	32	32	32	8	4	32																																					
CO-ADD:0250234	N1(c2ccc(c(C)c2)C)C(=O)\\C(=C\\c(cc3Br)cc(c3O)Br)\\C(NC1=S)=O	Russian Academy of Science (Russia)	A1709/0072830		CO-ADD:PC0332	32	32	32	32	32	32	32	32	32																																					
CO-ADD:0250237	c1(cc(Br)cc(\\C=N\\c(cc2)ccc2[N+](=O)[O-])c1O)[N+](=O)[O-]	Russian Academy of Science (Russia)	A1709/0072833		CO-ADD:PC0332	32	32	32	32	32	32	32	8	32																																					
CO-ADD:0250241	C1(C2=O)C(C(C=C3)OC13C)C(N2c4ccc(cc4)F)=O	Russian Academy of Science (Russia)	A1709/0072840		CO-ADD:PC0332	21	32	32	32	32	32	8	8	32																																					
CO-ADD:0250519	N1(CN(c2ccccc2)c3ccccc3)N=C(OC1=S)c4ccc(cc4)C	Russian Academy of Science (Russia)	A1711/0072953		CO-ADD:PC0332	32	32	32	32	32	32	32	32	32																																					
CO-ADD:0250522	N1(CN2CCCCCC2)N=C(OC1=S)c3ccc(cc3)C	Russian Academy of Science (Russia)	A1711/0072956		CO-ADD:PC0332	32	32	32	32	32	32	16	32	32																																					
CO-ADD:0250320	N(c1ccccc1[N+](=O)[O-])(C(=O)C(C23)C(C=C4)OC24CO)C3=O	Russian Academy of Science (Russia)	A1704/0072568		CO-ADD:PC0332	32	32	32	32	32	32	32	32	32																																					
CO-ADD:0250321	N(c1cccc(cccc2)c12)(C(=O)C(C34)C(C=C5)OC35C)C4=O	Russian Academy of Science (Russia)	A1704/0072570		CO-ADD:PC0332	32	32	32	32	32	32	16	16	32																																					
CO-ADD:0254964	n1(c(c(cc2)ccc2[N+](=O)[O-])c(nn1)C(=O)N\\N=C(\\C)/Cn(nnc3[N+](=O)[O-])n3)c4nonc4N	Russian Academy of Science (Russia)	A1682/0071780		CO-ADD:PC0340	32	32	32	32	32	32	32	32	32																																					
CO-ADD:0249475	[N+](=O)([O-])c1cccc(c1)\\C=N\\c(cc2)ccc2I	Russian Academy of Science (Russia)	A1546/0067298		CO-ADD:PC0328	32	32	32	32	32	32	32	32	32																																					
CO-ADD:0255353	c12c(nnc(SC(C)C)n1)c3c(cccc3)n2CCC	Russian Academy of Science (Russia)	A1740/0073895		CO-ADD:PC0342	32	32	32	32	32	32	32	32	32																																					
CO-ADD:0250564	C1(C#N)(C#N)C(c2ccc(cc2)SC)C(C3)C(C(C#N)=C1N)=CCN3CC	Russian Academy of Science (Russia)	A1713/0073009		CO-ADD:PC0332	32	32	32	4	32	32	32	32	32																																					
CO-ADD:0255016	N1(C2c3ccc(c(OC)c3)OC)C(S\\C(=C\\c(ccc4[N+](=O)[O-])o4)\\C1=O)=NC(C)=C2C(OCC)=O	Russian Academy of Science (Russia)	A1683/0071853		CO-ADD:PC0340	2.879	32	32	32	32	32	32	32	32																																					
CO-ADD:0252417	c(C(=O)N\\N=C\\c(c(O)ccc1[N+](=O)[O-])c1)(c(C)on2)c2c3ccccc3	Russian Academy of Science (Russia)	A1579/0068709		CO-ADD:PC0337	32	32	32	32	32	32	32	32	32																																					
CO-ADD:0253419	S(c1ccccc1)(=O)(=O)N(c2cccc(Br)c2)CC(=O)N\\N=C\\c(c(O)ccc3[N+](=O)[O-])c3	Russian Academy of Science (Russia)	A1754/0074463		CO-ADD:PC0338	32	32	32	32	32	32	32	32	32																																					
CO-ADD:0253435	C(=C/c(cc(Br)c(c1[N+](=O)[O-])O)c1)(/C2=O)\\C(=O)NC(=O)N2	Russian Academy of Science (Russia)	A1754/0074485		CO-ADD:PC0338	32	32	32	32	32	32	8	4	32																																					
CO-ADD:0249540	N1(c2cccc(Br)c2)C(=O)CC(N(CC3)CCC3C(O)=O)C1=O	Russian Academy of Science (Russia)	A1548/0067396		CO-ADD:PC0328	32	32	32	32	32	32	32	16	32																																					
CO-ADD:0253195	N1(c2ccc(cc2)I)C(=O)CC(N(CC3)CCN3c4ccc(cc4)Cl)C1=O	Russian Academy of Science (Russia)	A1718/0073267		CO-ADD:PC0338	32	32	32	32	32	32	32	32	32																																					
CO-ADD:0249547	N1(c2ccc(cc2)Cl)C(=O)CC(N(CC3)CCN3C=O)C1=O	Russian Academy of Science (Russia)	A1548/0067407		CO-ADD:PC0328	32	32	32	32	32	32	32	32	32																																					
CO-ADD:0249550	N(c1c(Cl)ccc(c1)C(F)(F)F)(C(=O)C(C23)C(C=C4)OC24CO)C3=O	Russian Academy of Science (Russia)	A1549/0067414		CO-ADD:PC0328	32	32	32	32	32	32	32	32	32																																					
CO-ADD:0249553	C1(C2=O)C(C(C=C3)OC13C)C(N2c4ccc(cc4)OC)=O	Russian Academy of Science (Russia)	A1549/0067419		CO-ADD:PC0328	16.78	32	32	32	32	32	16	8	32																																					
CO-ADD:0249558	[N+](=O)([O-])\\C=C\\c1c2c(cccc2)ccc1OC(C)=O	Russian Academy of Science (Russia)	A1549/0067425		CO-ADD:PC0328	17.04	32	32	32	32	32	32	32	32																																					
CO-ADD:0250060	C(/C(=O)c(cc1)ccc1[N+](=O)[O-])=C(/N(CC)CC)\\C(C)(C)OC	Russian Academy of Science (Russia)	A1696/0072301		CO-ADD:PC0332	32	32	32	32	32	32	32	32	32																																					
CO-ADD:0245060	n1(c(C)c(nn1)\\C(\\C)=N\\N=C\\c(cc(I)cc2I)c2O)c3nonc3N	Russian Academy of Science (Russia)	A1389/0062119		CO-ADD:PC0301	32	32	32	32	32	32	32	32	32																																					
CO-ADD:0245673	c1(cc(cc(C(=O)Nc(cc2)ccc2Cl)c1NC(CC(C)C)C(O)=O)[N+](=O)[O-])[N+](=O)[O-]	Russian Academy of Science (Russia)	A1407/0062900		CO-ADD:PC0306	24.6	32	32	32	32	32	32	32	32																																					
CO-ADD:0246001	c1(\\N=C\\c(c(O)ccc2[N+](=O)[O-])c2)c(c3ccc(c(OCC)c3)O)nc(cccc4)n14	Russian Academy of Science (Russia)	A1473/0064992		CO-ADD:PC0306	32	32	32	4	32	32	32	32	32																																					
CO-ADD:0255402	C(=C\\c(ccc1c2ccc(cc2[N+](=O)[O-])Cl)o1)(/C(=O)NC(N3)=S)\\C3=O	Russian Academy of Science (Russia)	A1758/0074666		CO-ADD:PC0342	32	32	32	32	32	32	32	32	32																																					
CO-ADD:0252447	c1([N+](=O)[O-])nnn(C\\C(\\C)=N\\c2sc(c3c2C(OCC)=O)CCC3)n1	Russian Academy of Science (Russia)	A1581/0068747		CO-ADD:PC0337	7.53	8	32	16	32	32	32	32	32																																					
CO-ADD:0250663	N1(C(CC(C)(C)CC2=O)=C2C(C(C#N)=C1N)c3ccc(cc3)F)c4sc(c5c4C(OCC)=O)CCCC5	Russian Academy of Science (Russia)	A1707/0072740		CO-ADD:PC0332	32	32	32	32	32	32	8	4	32																																					
CO-ADD:0248934	N1(c2cccc(Br)c2)C(=O)CC(N(CC3)CCS3)C1=O	Russian Academy of Science (Russia)	A1467/0064695		CO-ADD:PC0328	32	32	32	32	32	32	32	32	32																																					
CO-ADD:0249968	C(C)(C(=O)NCC(C)([N+](=O)[O-])[N+](=O)[O-])([N+](=O)[O-])[N+](=O)[O-]	Russian Academy of Science (Russia)	A1690/0072148		CO-ADD:PC0332	11.7	32	32	32	32	32	32	32	32																																					
CO-ADD:0249969	C(F)(C(NCCC(F)([N+](=O)[O-])[N+](=O)[O-])=O)([N+](=O)[O-])[N+](=O)[O-]	Russian Academy of Science (Russia)	A1690/0072149		CO-ADD:PC0332	2.33		0.5	0.5	0.5	0.5	8	8	32																																					
CO-ADD:0252482	c1(c2ccc(cc2)\\N=C\\c(ccc3[N+](=O)[O-])o3)sc4c(ccc(C)c4)n1	Russian Academy of Science (Russia)	A1583/0068813		CO-ADD:PC0337	32	32	32	32	32	32	32	32	32																																					
CO-ADD:0252485	n1(CC)c2c(c(cc(cc3)\\C=N\\c(cc4)ccc4N(CC)CC)c13)cccc2	Russian Academy of Science (Russia)	A1583/0068816		CO-ADD:PC0337	15.57	32	32	32	32	32	32	32	32																																					
CO-ADD:0253502	N1(c2cccc(OCC)c2)C(=O)CC(N3CCCCC3)C1=O	Russian Academy of Science (Russia)	A1733/0073626		CO-ADD:PC0338	32	32	32	32	32	32	32	16	32																																					
CO-ADD:0249974	c(c1c(cc2)ccc2O)nc(non3)c3n1	Russian Academy of Science (Russia)	A4529/0193824		CO-ADD:PC0332	32	32	32	8	32	32	32	32	32												32	32	8					32	32	32																
CO-ADD:0249975	c(c1c(cc2)ccc2C)nc(non3)c3n1	Russian Academy of Science (Russia)	A4558/0194963		CO-ADD:PC0332	32	32	32	32	32	32	32	32	32												32	32	32					32	32	32																
CO-ADD:0249976	c(non1)(c1n2)ncc2c3ccc(cc(OC)cc4)c4c3	Russian Academy of Science (Russia)	A4565/0195286		CO-ADD:PC0332	32	32	32	32	32	32	32	32	32																																					
CO-ADD:0249977	c(non1)(c1n2)nc(O)c2c3ccc(cc(OC)cc4)c4c3	Russian Academy of Science (Russia)	A4566/0195333		CO-ADD:PC0332	32	32	32	32	32	32	32	32	32																																					
CO-ADD:0252214	[N+](=O)([O-])c1cccc(\\C=N\\NC(=O)c2cccc(F)c2)c1O	Russian Academy of Science (Russia)	A1567/0068302		CO-ADD:PC0337	32	32	32	32	32	32	32	32	26.8																																					
CO-ADD:0254295	N1(C(C)(C)C)\\C(=N\\c2ccccc2)\\SC(CC(=O)Nc3ccccc3C)C1=O	Russian Academy of Science (Russia)	A1553/0067648		CO-ADD:PC0340	32	32	32	32	32	32	32	32	32																																					
CO-ADD:0254328	C(=O)(NNC(=S)NC(=O)\\C=C\\C)C(Oc1ccccc1)Oc2ccccc2	Russian Academy of Science (Russia)	A1554/0067686		CO-ADD:PC0340	32	32	32	32	32	32	32	32	32																																					
CO-ADD:0250690	c(cc(cc1[N+](=O)[O-])[N+](=O)[O-])([N+](=O)[O-])c1Sc2sc(c3n2)cccc3	Russian Academy of Science (Russia)	A1708/0072791		CO-ADD:PC0332	32	32	32	32	32	32	32	16	32																																					
CO-ADD:0247781	C(NCCN1CCCCC1)(=O)Nc(cc2)ccc2OCCCCCCCCCC	Russian Academy of Science (Russia)	A1520/0066208		CO-ADD:PC0316	0.9538	32	32	32	32	32	32	16	32																																					
CO-ADD:0247811	[N+](=O)([O-])c(ccc(c1\\C=N\\c(c(ccc2C(F)(F)F)OCC(F)(F)C(F)F)c2)O)c1	Russian Academy of Science (Russia)	A1526/0066374		CO-ADD:PC0316	32	32	32	32	32	32	32	32	32																																					
CO-ADD:0247821	c1(ccc(\\C(\\C)=N\\NC(Cc(cc2)ccc2OC)=O)o1)[N+](=O)[O-]	Russian Academy of Science (Russia)	A1528/0066411		CO-ADD:PC0316	30.2	32	32	32	32	32	32	32	11.1																																					
CO-ADD:0252238	[N+](=O)([O-])c(ccc(c1\\C=N\\c2cccc(CO)c2)O)c1	Russian Academy of Science (Russia)	A1567/0068333		CO-ADD:PC0337	32	32	32	4	32	32	32	32	32																																					
CO-ADD:0253557	C1(=S)NC2(NN1c3ccc(cc3)C)CCCCC2	Russian Academy of Science (Russia)	A1755/0074528		CO-ADD:PC0338	32	32	32	32	32	32	32	32	32																																					
CO-ADD:0253559	N1(CN(CC2)CCN2c(cc3)ccc3[N+](=O)[O-])C(=O)C=CC(O)=N1	Russian Academy of Science (Russia)	A1755/0074531		CO-ADD:PC0338	23.3	32	32	32	32	32	32	32	4.94																																					
CO-ADD:0254349	n1c2c(cccc2)ccc1N\\N=C(/C)\\c3ccc(cc3)Cl	Russian Academy of Science (Russia)	A1555/0067731		CO-ADD:PC0340	32	32	32	32	32	32	32	32	32																																					
CO-ADD:0252276	C(/CC(=O)c1cccs1)(=N\\NC(=O)c2cccc(Br)c2)\\C(F)(F)F	Russian Academy of Science (Russia)	A1569/0068388		CO-ADD:PC0337	32	32	32	32	32	32	32	32	32																																					
CO-ADD:0252285	C(Br)(C(Br)c(cccc1C(F)(F)F)c1)C(=O)C(C)(C)C	Russian Academy of Science (Russia)	A1594/0069088		CO-ADD:PC0337	25.8	32	32	32	32	32	32	32	32																																					
CO-ADD:0254399	c12c(cnn1C)c(c3N(CC)C2=O)cc(cc3[N+](=O)[O-])[N+](=O)[O-]	Russian Academy of Science (Russia)	A1638/0070190		CO-ADD:PC0340	32	32	32	32	32	32	32	32	32																																					
CO-ADD:0254423	c1(c(c2)cc(cc2[N+](=O)[O-])[N+](=O)[O-])sc(c3n1)cccc3	Russian Academy of Science (Russia)	A1641/0070261		CO-ADD:PC0340	32	32	32	32	32	32	32	32	32																																					
CO-ADD:0255506	N1(c2cccc(Cl)c2)C(=O)CC(N(CC3)CCC3C(OCC)=O)C1=O	Russian Academy of Science (Russia)	A1768/0074925		CO-ADD:PC0342	32	32	32	32	32	32	16	4	32																																					
CO-ADD:0255552	c1(cc(cc(C(C)CC)c1OC(OC(C)C)=O)[N+](=O)[O-])[N+](=O)[O-]	Russian Academy of Science (Russia)	A1769/0074980		CO-ADD:PC0342	32	32	32	32	32	32	32	32	32																																					
CO-ADD:0252559	c1(cc(cc(SNC2=O)c12)[N+](=O)[O-])[N+](=O)[O-]	Russian Academy of Science (Russia)	A1587/0068912		CO-ADD:PC0337	32	32	32	32	32	32	32	32	32																																					
CO-ADD:0252572	C(=O)(C(C)N(CC)C=N1)N1	Russian Academy of Science (Russia)	A1608/0069438		CO-ADD:PC0337	32	32	32	32	32	32	32	32	32																																					
CO-ADD:0252575	C(F)(F)(F)c(ccc(c1\\N=C\\c(cc(Cl)cc2Cl)c2O)Oc3ccccc3F)c1	Russian Academy of Science (Russia)	A1609/0069451		CO-ADD:PC0337	32	32	32	32	32	32	32	32	32																																					
CO-ADD:0254994	c1(N2CCCCC2)sc(c(ccc3[N+](=O)[O-])n1)c3	Russian Academy of Science (Russia)	A1682/0071821		CO-ADD:PC0340	32	32	32	32	32	32	32	32	32																																					
CO-ADD:0252604	c1(n2)c(c3c(cccc3)C1=O)nc4c2non4	Russian Academy of Science (Russia)	A1614/0069584		CO-ADD:PC0337	3.3	32	32	16	32	32	16	32	32												32	16	8	4	16	4		16	32			32	32													
CO-ADD:0252309	C(c(cc1)ccn1)(=O)N\\N=C\\C(\\Br)=C/c2ccccc2	Russian Academy of Science (Russia)	A1598/0069191		CO-ADD:PC0337	10.8	32	32	32	16	32	32	32	32																																					
CO-ADD:0252312	c(ccc(n1)C)(c1)C(=O)N\\N=C\\C(\\Br)=C\\c2ccccc2	Russian Academy of Science (Russia)	A1599/0069203		CO-ADD:PC0337	17.3	32	32	32	32	32	32	32	32																																					
CO-ADD:0252340	c([N+](=O)[O-])(nn(c12)CC(=N1)C)c2[N+](=O)[O-]	Russian Academy of Science (Russia)	A1602/0069290		CO-ADD:PC0337	1.45	32	32	16	32	32	32	32	32																																					
CO-ADD:0253672	c1(NC(=O)CCOc2ccccc2)sc(c(C)c1C(OCC)=O)C	Russian Academy of Science (Russia)	A1723/0073391		CO-ADD:PC0338	32	32	32	32	32	32	32	32	32																																					
CO-ADD:0248705	O=Cl(=O)([O-])=O.O=Cl(=O)([O-])=O.N1(CC2=CN(C3=CC=CC4=C3C=CC=C4)N=N2)CCCNCCN(CC5=CN(C6=C(C=CC=C7)C7=CC=C6)N=N5)CCCNCC1.[Zn]	University of Sydney (Australia)	FJ-28-1		CO-ADD:PC0325	4.89	32	32	4	32	32	32	4	32																																					
CO-ADD:0248836	C(Sc(cc1)ccc1N(CC)CC)(C(OC)=O)(C(F)(F)F)C(F)(F)F	Russian Academy of Science (Russia)	A1464/0064545		CO-ADD:PC0328	11.16	32	32	32	32	32	32	32	32																																					
CO-ADD:0248869	C(F)(F)(F)c(ccc(n1)N\\N=C(/C)\\c2ccc(cc2)OCC)c1	Russian Academy of Science (Russia)	A1465/0064595		CO-ADD:PC0328	32	32	32	32	32	32	32	8	32																																					
CO-ADD:0252349	[N+](=O)([O-])c(cc(cc1[N+](=O)[O-])C(=O)OCc2nonc2COC(=O)c(cc(cc3[N+](=O)[O-])[N+](=O)[O-])c3)c1	Russian Academy of Science (Russia)	A1604/0069336		CO-ADD:PC0337	32	32	32	4	32	32	32	32	32																																					
CO-ADD:0252357	C(Cl)(C(c1ccccc1)=O)c2ncc(cn2)c3ccccc3	Russian Academy of Science (Russia)	A1605/0069360		CO-ADD:PC0337	32	32	32	32	32	32	32	32	32																																					
CO-ADD:0257464	n1(c2c(nc1)cccc2)C(=O)c3ccc(cc3[N+](=O)[O-])[N+](=O)[O-]	Russian Academy of Science (Russia)	A1840/0077443		CO-ADD:PC0344	32	32	32	32	32	32	32	32	32																																					
CO-ADD:0257951	N(c1ccc(c2c1)OCO2)(C(=O)C(C34)C(C=C5)OC35C)C4=O	Russian Academy of Science (Russia)	A1866/0078478		CO-ADD:PC0344	32	32	32	32	32	32	32	16	32																																					
CO-ADD:0257960	N1(c2cccc(Br)c2)C(=O)CC(N(CC3)CCN3C(c4ccccc4)=O)C1=O	Russian Academy of Science (Russia)	A1841/0077465		CO-ADD:PC0344	12.2	32	32	32	32	32	32	32	32																																					
CO-ADD:0256390	c1(cccc(\\C=N\\N=C(\\N)/SC)c1O)C(OC)=O	Russian Academy of Science (Russia)	A1779/0075449		CO-ADD:PC0343	32	32	32	32	32	32	32	32	32																																					
CO-ADD:0257503	N1(c2ccc(cc2)F)C(=O)C(CC1=O)NCC(OCC)=O	Russian Academy of Science (Russia)	A1833/0077258		CO-ADD:PC0344	32	32	32	32	32	32	32	32	32																																					
CO-ADD:0257531	N1(c2ccccc2C)C(=O)\\C(=C\\c(cc3I)cc(c3O)I)\\C(NC1=S)=O	Russian Academy of Science (Russia)	A1834/0077297		CO-ADD:PC0344	32	32	32	32	32	32	32	32	32																																					
CO-ADD:0258016	N1(c2ccc(c(Cl)c2)Cl)C(=O)CC(N(CC3)CCC3C(OCC)=O)C1=O	Russian Academy of Science (Russia)	A1843/0077542		CO-ADD:PC0344	32	32	32	32	32	32	32	32	32																																					
CO-ADD:0258027	C(=C\\c(cc(Br)c(c1[N+](=O)[O-])O)c1)(/C(=O)N(C)C(N2C)=O)\\C2=O	Russian Academy of Science (Russia)	A1844/0077553		CO-ADD:PC0344	32	32	32	32	32	32	8	4	32																																					
CO-ADD:0258048	N(c1ccc(cc1[N+](=O)[O-])OC)(C(=O)C(C23)C(C)(C=C4)OC24C)C3=O	Russian Academy of Science (Russia)	A1844/0077581		CO-ADD:PC0344	32	32	32	32	32	32	32	16	32																																					
CO-ADD:0257027	C(=O)(N\\N=C\\c1ccc(c2c1cccn2)O)c3ccco3	Russian Academy of Science (Russia)	A1807/0076374		CO-ADD:PC0343	25.6	32	32	32	32	32	0.5		32																																					
CO-ADD:0256575	B1(O)c2c(CO1)cccc2	Russian Academy of Science (Russia)	A1783/0075589		CO-ADD:PC0343	32	16	32	2	16	32	2	8	32																																					
CO-ADD:0256576	C(SSC1=O)(S2)=C1N(C3=C2SSC3=O)CC(CCl)Cl	Russian Academy of Science (Russia)	A1783/0075590		CO-ADD:PC0343	12	32	32	8	32	32	2	2	32																																					
CO-ADD:0257161	N1(c(cc2)ccc2C(C)=O)C(=O)CC(N(C)Cc3ccccc3)C1=O	Russian Academy of Science (Russia)	A1825/0077057		CO-ADD:PC0343	32	32	32	32	32	32	32	32	32																																					
CO-ADD:0257676	C1(NN=C(c2ccccc2)S1)(c3c(N4Cc5cccc(cccc6)c56)cccc3)C4=O	Russian Academy of Science (Russia)	A1814/0076689		CO-ADD:PC0344	32	32	32	32	32	32	32	32	32																																					
CO-ADD:0257338	N1(C(=O)C=CC1=O)c(ccc(c2C(=O)Nc(ccc(c3C)C)c3)Cl)c2	Russian Academy of Science (Russia)	A1810/0076534		CO-ADD:PC0344	10.45	32	32	32	32	32	32	8	32																																					
CO-ADD:0256833	c1(\\C=C(\\C#N)/C#N)cc(oc1O)\\C=C(\\C#N)/C#N	Russian Academy of Science (Russia)	A1804/0076240		CO-ADD:PC0343	32	32	32	32	32	32	32	32	32																																					
CO-ADD:0257393	c(cc1[N+](=O)[O-])ccc1c2ccc(\\C=N/Nc3nnc(C)n3N)o2.Cl.Cl	Russian Academy of Science (Russia)	A1812/0076600		CO-ADD:PC0344	7.807	32	32	32	32	32	32	32	32																																					
CO-ADD:0235409	n([C@H]1C(=O)C=C(C[C@@H]1c2cccs2)c3ccccc3)(nnc4[N+](=O)[O-])n4	Russian Academy of Science (Russia)	A1119/0052516		CO-ADD:PC0260	17.4	32	32	16	32	32	32	32	32																																					
CO-ADD:0258894	c1(c(C)cc(cc1Cl)C)NC(=O)\\C=C/C(O)=O	Russian Academy of Science (Russia)	A1853/0078041		CO-ADD:PC0349	32	32	32	32	32	32	4	8	32												32	32	32	32	16	16	32	32		32													8	32	32	
CO-ADD:0252945	C(CSc1ccccn1)(=O)N\\N=C\\c2cccc(F)c2	Russian Academy of Science (Russia)	A1652/0070533		CO-ADD:PC0337	23.7	32	32	32	32	32	32	32	32																																					
CO-ADD:0259290	N1(c2ccc(cc2)Br)C(=O)CC(N(CC3)CCC3C(N)=O)C1=O.[Na+]	Russian Academy of Science (Russia)	A1860/0078224		CO-ADD:PC0350	32	32	32	32	32	32	16	8	32																																					
CO-ADD:0259579	C(C1CCN2CC1)(C2)(OC(C)=O)C#N.Cl	Russian Academy of Science (Russia)	A1897/0079628		CO-ADD:PC0350	1.716	32	32	32	32	32	32	32	32																																					
CO-ADD:0258443	C(/C(CCC1)=O)(\\C1=O)=C\\Nc2cccc(cccc3)c23	Russian Academy of Science (Russia)	A1846/0077659		CO-ADD:PC0349	32	32	32	32	32	32	32	32	32																																					
CO-ADD:0254485	P(c1ccccc1)(c2ccccc2)(c3ccccc3)=Cc4cc(cc(c5ccc[se]5)n4)c6cccs6	Russian Academy of Science (Russia)	A1651/0070505		CO-ADD:PC0340	27	32	32	16	32	32	32	32	9.61																																					
CO-ADD:0254522	C1(C2=O)C(C(C=C3)OC13CO)C(N2c4ccc(cc4)C#N)=O	Russian Academy of Science (Russia)	A1677/0071533		CO-ADD:PC0340	9.88	32	32	32	32	32	16	8	32																																					
CO-ADD:0258951	N1(c2ccccc2)C(=O)CC(N(CC3)CCN3CCN\\C=C(\\C(=O)C4)/C(=O)CC4(C)C)C1=O	Russian Academy of Science (Russia)	A1855/0078115		CO-ADD:PC0349	32	32	32	32	32	32	32	32	32																																					
CO-ADD:0254564	C(=C/c(cc1I)cc(c1OC)I)(/C(=O)NC(N2)=S)\\C2=O	Russian Academy of Science (Russia)	A1678/0071591		CO-ADD:PC0340	29.9	32	32	32	32	32	32	32	32																																					
CO-ADD:0227460	C(c(cc1)ccc1\\C=N\\c2ccccn2)#Cc3ccccc3	Russian Academy of Science (Russia)	A0872/0040909		CO-ADD:PC0244	32	32	32	32	32	32	32	32	32																																					
CO-ADD:0254835	C12(c3c(NC1=O)ccc(C)c3)C(C#N)=C(N)OC(C)=C2C(OCC)=O	Russian Academy of Science (Russia)	A1680/0071720		CO-ADD:PC0340	32	32	32	32	32	32	32	32	32																																					
CO-ADD:0254954	[N+](=O)([O-])c(cc(C(=O)c(cc1)ccc1[N+](=O)[O-])cc2[N+](=O)[O-])c2C	Russian Academy of Science (Russia)	A1681/0071757		CO-ADD:PC0340	32	32	32	32	32	32	32	32	32																																					
CO-ADD:0260048	N(c1ccccc1C#N)(C(=O)C(C23)C(C=C4)OC24C)C3=O	Russian Academy of Science (Russia)	A1909/0080216		CO-ADD:PC0350	32	32	32	32	32	32	32	32	32																																					
CO-ADD:0258770	n1(c2ccccc2)nc(c(\\C=N\\Nc3ccccc3)c1Cl)C	Russian Academy of Science (Russia)	A1872/0078745		CO-ADD:PC0349	32	32	32	32	32	32	32	32	32																																					
CO-ADD:0258382	N1(c(ccc(c2C(O)=O)Cl)c2)C(=O)C3C(C1=O)C4(C(=O)C3(c5ccccc5)C(=C4c6ccccc6)c7ccccc7)c8ccccc8	Russian Academy of Science (Russia)	A1844/0077582		CO-ADD:PC0349	32	32	32	32	32	32	32	32	32																																					
CO-ADD:0259350	C(/C(C)=NO1)(=C\\c(ccc(c2O)OC)c2)\\C1=O	Russian Academy of Science (Russia)	A1863/0078309		CO-ADD:PC0350	3.749	32	32	32	32	32	32	16	32																																					
CO-ADD:0259892	C1(SC\\C(\\CS2)=C(\\C#N)/C#N)=C2SC(=S)S1	Russian Academy of Science (Russia)	A1904/0080011		CO-ADD:PC0350	32	32	32	32	32	32	16	16	32																																					
CO-ADD:0260181	C(=C/c(cc(I)c(c1[N+](=O)[O-])OC)c1)(/C2=O)\\C(=O)NC(=O)N2	Russian Academy of Science (Russia)	A1865/0078394		CO-ADD:PC0350	32	32	32	32	32	32	32	32	32																																					
CO-ADD:0259928	N1(c2ccccc2)C(=O)\\C(=C\\c(cc3)ccc3C(OC)=O)\\C(NC1=S)=O	Russian Academy of Science (Russia)	A1905/0080056		CO-ADD:PC0350	32	32	32	32	32	32	32	32	32																																					
CO-ADD:0258314	c1(cc(Br)ccc1NC(=O)c2cccc(OC)c2)C(O)=O	Russian Academy of Science (Russia)	A1867/0078523		CO-ADD:PC0349	32	32	32	32	32	32	32	32	32																																					
CO-ADD:0258815	c1(n2nc(C)c1[N+](=O)[O-])n(nc(c3[N+](=O)[O-])C)c3n(nc(C)c4[N+](=O)[O-])c24	Russian Academy of Science (Russia)	A1873/0078799		CO-ADD:PC0349	11.23	32	32	32	32	32	32	1	32																																					
CO-ADD:0259018	C(/S1)(=N\\c2ccc(cc2[N+](=O)[O-])[N+](=O)[O-])\\C(Cl)=NS1	Russian Academy of Science (Russia)	A1881/0079157		CO-ADD:PC0349	32	32	32	16	32	32	32	16	32																																					
CO-ADD:0234305	c1(\\C=N\\NC(COc2c(C)cccc2C)=O)c3c(cccc3)cc(cccc4)c14	Russian Academy of Science (Russia)	A1024/0047953		CO-ADD:PC0259	32	32	32	32	32	32	32	32	32																																					
CO-ADD:0166419	N1(CNc2cccc(Br)c2)C(=O)\\C(\\SC1=S)=C\\c(cc3)ccc3C(OC)=O	Russian Academy of Science (Russia)	A0501/0023247		CO-ADD:PC0217	32			16						32	32	32	32	32	32						32	32	32					32	32	32																
CO-ADD:0215383	n1c(ccc(C#N)c1SCC(=O)Nc(cc2)ccc2I)c3cccs3.[Na+]	Russian Academy of Science (Russia)	A0533/0024595		CO-ADD:PC0221	27.3	32	32	32	32	32	32	32																																						
CO-ADD:0234940	c1(cc(cc(OC)c1OCC(=O)N\\N=C\\C(\\C)=C\\c2ccccc2)[N+](=O)[O-])[N+](=O)[O-]	Russian Academy of Science (Russia)	A1101/0051707		CO-ADD:PC0259	32	32	32	32	32	32	32	32	32																																					
CO-ADD:0244751	c1(N\\N=C(/C)\\c2ccc(cc2)Nc(nc3N(CC4)CCO4)nc(n3)N(CC5)CCO5)nnc(C)n1N.Cl	Russian Academy of Science (Russia)	A1380/0061772		CO-ADD:PC0301	32	32	32	32	32	32	32	32	32																																					
CO-ADD:0246074	[N+](=O)([O-])c(cc(Oc(cc1)ccc1CCC(NCCOC)=O)cc2[N+](=O)[O-])c2	Russian Academy of Science (Russia)	A1433/0063655		CO-ADD:PC0306	30.1	32	32	32	32	32	32	32	32																																					
CO-ADD:0158794	O=C(O)C(NCC(O)=O)CC(C1=CC=C(C)C=C1)=O	Russian Academy of Science (Russia)	A0312/0014283		CO-ADD:PC0179	10.8	32	32	32	32	32	32	16																																						
CO-ADD:0235736	N1(c2ccc(cc2)OCCC)C(=O)CC(N3CCCCC3)C1=O	Russian Academy of Science (Russia)	A1137/0053171		CO-ADD:PC0260	32	32	32	32	32	32	16	16	32																																					
CO-ADD:0221865	C(=O)(Cc1cccc(cccc2)c12)Nc3cccc(N(C)C)c3	Russian Academy of Science (Russia)	A0729/0034026		CO-ADD:PC0237	1.33	32	32	32	32	32	32	32																																						
CO-ADD:0221923	N1(NC(=O)c2ccc(cc2)O)C(=O)c(c3)c(c(c4)C1=O)c(cc3[N+](=O)[O-])cc4[N+](=O)[O-]	Russian Academy of Science (Russia)	A0714/0033354		CO-ADD:PC0238	4.89	32	32	16	32	32	32	32																																						
CO-ADD:0222491	c(cc(Br)cc1Br)(\\C=N\\c2cccc(Cl)c2Cl)c1O	Russian Academy of Science (Russia)	A0742/0034637		CO-ADD:PC0238	19.4	32	32	32	32	32	8	8																																						
CO-ADD:0222547	N(=C\\c(cc(Cl)cc1Cl)c1O)/c2c(C)cccc2O	Russian Academy of Science (Russia)	A0743/0034705		CO-ADD:PC0238	32	32	32	32	32	32	32	32																																						
CO-ADD:0237076	Fc1cccc(OCC(=O)Nc2nc(cs2)c3ccccn3)c1	MMV (CH) - Pathogen Box	MMV676409		CO-ADD:PL0022										10	10	10	10	10	10	10	10	10																												
CO-ADD:0219780	[N+](=O)([O-])c1cccc(c1)\\N=C\\c(cc2)ccc2OCc(cc3)ccc3F	Russian Academy of Science (Russia)	A0652/0030282		CO-ADD:PC0233	32	32	32	32	32	32	32	32																																						
CO-ADD:0220046	c1(cc(ccc1OCC(O)=O)CC(C)(C)C)CC(C)(C)C	Russian Academy of Science (Russia)	A0656/0030520		CO-ADD:PC0236	13.8	32	32	32	32	32	32	32																																						
CO-ADD:0220101	C(=O)(c1ccc(cc1)Br)NC(C)c2ccccc2	Russian Academy of Science (Russia)	A0659/0030633		CO-ADD:PC0236	32	32	32	32	32	32	32	32																																						
CO-ADD:0220384	C(=O)(c1cccc(C)c1)Nc(cc2)ccc2C(=O)Nc(cc3)ccc3C(=O)Nc(cc4)ccc4OC	Russian Academy of Science (Russia)	A0666/0031012		CO-ADD:PC0236	32	32	32	32	32	32	32	32																																						
CO-ADD:0220609	[N+](=O)([O-])c(ccc(c1\\C=N\\NC(=O)\\C(=C\\c2ccccc2O)\\NC(c3ccccc3)=O)O)c1	Russian Academy of Science (Russia)	A0673/0031325		CO-ADD:PC0236	15.6	32	32	32	32	32	32	32																																						
CO-ADD:0221411	C(=O)(Nc1cccc(c1)\\N=C\\c(cc(Br)cc2Br)c2O)c3ccco3	Russian Academy of Science (Russia)	A0709/0033106		CO-ADD:PC0237	32	32	32	0.5	32	32	16	8																																						
CO-ADD:0221581	N1(OC(N(c2ccc(c(Cl)c2)Cl)C1=O)=O)C3C(C)(C)N(C(=O)N3c4ccc(c(Cl)c4)Cl)C(C)CC	Russian Academy of Science (Russia)	A0718/0033491		CO-ADD:PC0237	12.6	32	32	32	32	32	32	32																																						
CO-ADD:0278389	N1(CN2CCCCC2)N=C(SC1=S)SC	Russian Academy of Science (Russia)	A1934/0081406		CO-ADD:PC0362	32	32	32	32	32	32	16	32	32																																					
CO-ADD:0166564	c1(\\C=N\\NC(=O)CN(Cc2ccccc2)Cc3ccccc3)cc(Br)ccc1O	Russian Academy of Science (Russia)	A0505/0023463		CO-ADD:PC0217	32									32	32	32	32	32	32	32																														
CO-ADD:0162145	N1(CN2CCCCC2)C(=O)\\C(\\SC1=S)=C/c(cc3)ccc3[N+](=O)[O-]	Russian Academy of Science (Russia)	A0384/0017631		CO-ADD:PC0199	32	32	32	32	32	32	32	8																																						
CO-ADD:0217739	N1(CNc2ccc(cc2C)I)C(=O)\\C(\\SC1=O)=C/c3ccccc3Cl	Russian Academy of Science (Russia)	A0570/0026304		CO-ADD:PC0225	32	32	32	32	32	32	32	32																																						
CO-ADD:0217872	C(/S1)(\\C(Cl)=NS1)=N/c2sc(c3n2)cccc3	Russian Academy of Science (Russia)	A0596/0027583		CO-ADD:PC0228	13.1	32	32	32	32	32	32	32																																						
CO-ADD:0219437	[N+](=O)([O-])c(ccc(c1\\C=N\\NC(CCC(=O)Nc2cccc(Cl)c2C)=O)O)c1	Russian Academy of Science (Russia)	A0640/0029741		CO-ADD:PC0233	32	32	32	32	32	32	32	32																																						
CO-ADD:0163121	N1(c2ccc(cc2)Br)C(=O)CC(N3CCC(CC3)C)C1=O	Russian Academy of Science (Russia)	A0395/0018174		CO-ADD:PC0200	32	32	32	32	32	32	32	8																																						
CO-ADD:0240296	N1(c2ccc(cc2)F)C(=O)CC(N3CCC(CC3)Cc4ccccc4)C1=O	Russian Academy of Science (Russia)	A1227/0056598		CO-ADD:PC0289	32	32	32	32	32	32	16	32	32																																					
CO-ADD:0215769	N1(c2cccc(Cl)c2)C(=O)CC(N(CC3)CCN3c4ccccc4OC)C1=O	Russian Academy of Science (Russia)	A0551/0025437		CO-ADD:PC0221	32	32	32	32	32	32	32	1																																						
CO-ADD:0217024	S(=O)(=O)(c(cc1)ccc1[N+](=O)[O-])Oc2ccc(c3c2\\C=N\\c4cccc(C)c4)cccc3	Russian Academy of Science (Russia)	A0560/0025881		CO-ADD:PC0225	17.9	32	32	32	32	32	32	32																																						
CO-ADD:0217088	N(/C1=C(CCC1)C#N)=C(/CCCC2)\\N2C	Russian Academy of Science (Russia)	A0563/0026024		CO-ADD:PC0225	32	32	32	32	32	32	32	32																																						
CO-ADD:0136789	C1=CC(=O)N(c2ccc(I)cc2Cl)C1=O	NIH/NCI (USA) - Diversity Set V	0326385:01		CO-ADD:PL0011										10	10	10	10	10	10	10	10																													
CO-ADD:0219991	c1(\\C=N\\CCCCCCCCCCCCCCCCCC)c(O)ccc(cccc2)c12	Russian Academy of Science (Russia)	A0654/0030421		CO-ADD:PC0236	7.93	32	32	32	32	32	32	32																																						
CO-ADD:0154374	CC(NC(N=C(CCCC1)C1=C2N)=C2C3C4=CC=CC=C4OC)=C3C(OCC)=O.Cl	IQOG CSIS (Spain)	MC251HCl		CO-ADD:PC0167	8.27	32	32	32	32	32	32	32																																						
CO-ADD:0154382	O=C(CI)NCC1=CC=CC=C1	IQOG CSIS (Spain)	JL4		CO-ADD:PC0167	8.25	32	32	32	32	32	32	16																																						
CO-ADD:0164637	Clc1ccccc1C(c1ccccc1)(c1ccccc1)n1ccnc1	NIH (USA) - Clinical Collection	SAM001247056	Clotrimazole	CO-ADD:PL0013										10	10	10	1.25	10	0.1563	10	10																													
CO-ADD:0258534	C(=C\\c(ccc1c2cccc(Cl)c2)o1)(/C(=O)NC(N3)=S)\\C3=O	Russian Academy of Science (Russia)	A1878/0079029		CO-ADD:PC0349	32	32	32	32	32	32	32	32	32																																					
CO-ADD:0258578	N1(c2cccc(cccc3)c23)C(=O)CC(N(CC4)CCN4C(c5ccccc5)c6ccccc6)C1=O	Russian Academy of Science (Russia)	A1847/0077712		CO-ADD:PC0349	32	32	32	32	32	32	32	32	32																																					
CO-ADD:0137733	O=C(c1n(C)c([N+](=O)[O-])cn1)NC2CCCCC2	University of Queensland (Australia)	MCC_008525:001		CO-ADD:PC0081	32	32	32	32	32	32	32	32																																						
CO-ADD:0136264	c1c(N)ccc(S(=O)(=O)Nc2cnc(ccc3)c(n2)c3)c1	NIH/NCI (USA) - Diversity Set V	0041805:01		CO-ADD:PL0011										10	10	10	10	10	10	10	10																													
CO-ADD:0137002	n1c(cccc2)c2c(cc1c(ccc(c3)Cl)c3)C(O)C4NCCCC4	NIH/NCI (USA) - Diversity Set V	0013316:01		CO-ADD:PL0011										10	10	10	10	10	10	10	10																													
CO-ADD:0137021	S1C(N(C)C)=NC(=Nc2cc(Cl)ccc2)S1.Br	NIH/NCI (USA) - Diversity Set V	0622689:01		CO-ADD:PL0011										10	10	10	10	10	10	10	10																													
CO-ADD:0136350	c1(N)ccc(N=Nc(ccc(OCCCC)n2)c2)c(N)n1	NIH/NCI (USA) - Diversity Set V	0060037:01		CO-ADD:PL0011										10	10	10	10	10	10	10	10																													
CO-ADD:0137057	s1c(C(=O)c(cc([N+](=O)[O-])cc2)c2)c(N)c(C#N)c1Nc(ccc(C(=O)OCC)c3)c3	NIH/NCI (USA) - Diversity Set V	0201631:01		CO-ADD:PL0011										10	10	10	10	10	10	10	10																													
CO-ADD:0137067	c1ccc(C(Nc2c3c(C(C)(C)CC3(C)C)cc(N(CCC4)C4)c2C)=O)c(Cl)c1	NIH/NCI (USA) - Diversity Set V	0321496:01		CO-ADD:PL0011										10	10	10	10	10	10	10	10																													
CO-ADD:0162739	S(=O)(=O)(N\\N=C\\c(c(O)ccc1[N+](=O)[O-])c1)c(ccc(c2[N+](=O)[O-])C)c2	Russian Academy of Science (Russia)	A0445/0020518		CO-ADD:PC0199	32	32	32	32	32	32	32	32																																						
CO-ADD:0162759	C(C)(C)(c1ccccc1)c2ccc(cc2)OCC(=O)Nc(cc3)ccc3CC	Russian Academy of Science (Russia)	A0446/0020550		CO-ADD:PC0199	32	32	32	32	32	32	32	32																																						
CO-ADD:0137086	O=C1C(O)=C(C)C(=CC=C([C@@]2(C)CC3)[C@@](C)(CC[C@](C)([C@]4(C5)[H])CC[C@]5(C(O)=O)C)[C@@]34C)C2=C1	NIH/NCI (USA) - Diversity Set V	0070931:01		CO-ADD:PL0011										10	10	10	10	10	10	2.5	0.3885																													
CO-ADD:0137099	c1(O)ccc(Sc(c(C)ccc2NCCN(C)C)c2C3=O)c3c1.I	NIH/NCI (USA) - Diversity Set V	0317003:01		CO-ADD:PL0011										10	10	10	10	10	10	10	4.827																													
CO-ADD:0137104	O(C)C(C(O)=C1C2C=C(C)/C=C/C=C/C(N(C(c3ccccc3)CC=CCCC(O)CC1=O)[H])=O)C2	NIH/NCI (USA) - Diversity Set V	0343256:01		CO-ADD:PL0011										10	10	10	5	10	1.25	0.1563	1.667																													
CO-ADD:0137109	c1cc(nc([nH]2)c3cccc(NC(c4ccc(C(Nc(cccc5c([nH]6)nc(cc7)c6cc7)c5)=O)cc4)=O)c3)c2cc1	NIH/NCI (USA) - Diversity Set V	0061610:01		CO-ADD:PL0011										10	10	10	10	10	10	10	10																													
CO-ADD:0137115	n1c(c(c(Nc(cc([N+](=O)[O-])c(C(Nc(ccc(Nc(ccn2)cc2)c3)c3)=O)c4)c4)cc1)cc([N+](=O)[O-])c5)c5	NIH/NCI (USA) - Diversity Set V	0202386:01		CO-ADD:PL0011										10	10	10	10	10	10	10	10																													
CO-ADD:0137117	c1c(O)c(c2c3c(c(O)c(C(=O)C(C)C(C)O4)c4c3)c(O)cc2O)c5c(c(O)c6c(OC(C)C(C)C6=O)c5)c1O	NIH/NCI (USA) - Diversity Set V	0345647:01		CO-ADD:PL0011										10	10	10	10	10	10	10	10																													
CO-ADD:0137126	O=C(C(C)=CC=C/C(C)C(O)C(C)C(O)C(C(=O)OC)C(O)C(C)C(O)C(C)(O)C=C(/C)C1=C(c(c(OC(C)=O)c(C)c2c3O)c3C4=O)C(=C4C)OCO1)N2[H]	NIH/NCI (USA) - Diversity Set V	0019990:01		CO-ADD:PL0011										10	10	10	10	10	10	1.25	10																													
CO-ADD:0137127	s1cccc1[C@@]2([H])OC(C(O)C(O)C(O[C@H](c(cc3c(c4)OCO3)c45)[C@@](CO6)([C@](C6=O)([C@@H]5c(cc(OC)c7O)cc7OC)[H])[H])O8)C8CO2	NIH/NCI (USA) - Diversity Set V	0122819:01		CO-ADD:PL0011										10	10	10	10	10	10	10	0.6777																													
CO-ADD:0161534	c1(cc(Br)ccc1O)\\C=N\\c(ccc(c2OC)OC)c2	Russian Academy of Science (Russia)	A0406/0018729		CO-ADD:PC0197	32	32	32	32	32	32	32	32																																						
CO-ADD:0162270	c1(N(CC2)CCO2)nc(N\\N=C/c(ccc(c3[N+](=O)[O-])O)c3)nc(Nc4cccc(Br)c4)n1	Russian Academy of Science (Russia)	A0423/0019547		CO-ADD:PC0199	17.4	32	32	32	32	32	32	32																																						
CO-ADD:0162295	c(\\C=N\\NC(COc(cc1)ccc1C(C)(C)CC(C)(C)C)=O)(cc(Br)cc2Br)c2OC	Russian Academy of Science (Russia)	A0423/0019585		CO-ADD:PC0199	9.01	32	32	32	32	32	32	32																																						
CO-ADD:0137155	c1c(nc2c(CN3C2=CC4=C(COC(=O)[C@@]4(CC)O)C3=O)c5)c5c(NC(CN)=O)cc1.Cl	NIH/NCI (USA) - Diversity Set V	0639174:01		CO-ADD:PL0011										10	10	10	10	10	10	10	3.642																													
CO-ADD:0137158	[H]N1CCN=C1c(ccc2NC(=O)c(ccc3C(Nc(ccc(C(N([H])CC4)=N4)c5)c5)=O)c(c3)Cl)cc2	NIH/NCI (USA) - Diversity Set V	0060339:01		CO-ADD:PL0011										10	10	10	10	10	10	10	10																													
CO-ADD:0137176	O1c(cc(O)c2)c(c2)N=C3C1=CC(C=C3)=O	NIH/NCI (USA) - Natural Product Set III	0012097:01		CO-ADD:PL0012										10	10	10	10	10	10	10	10																													
CO-ADD:0137183	O1c(cc(OC)c(OC)c2)c2[C@@]([C@@](C1)(O3)[H])(C(c(ccc(c4C[C@@]5(C(=C)C)[H])O5)c34)=O)[H]	NIH/NCI (USA) - Natural Product Set III	0026258:01		CO-ADD:PL0012										10	10	10	10	10	10	10	10																													
CO-ADD:0137197	n1c(c2ccc(C(C(OC)=C3N)=O)c(C3=O)n2)c(N)c(c4ccc(OC)c(OC)c4O)c(C)c1C(O)=O	NIH/NCI (USA) - Natural Product Set III	0045383:01		CO-ADD:PL0012										10	10	10	1.25	5	0.1563		0.0924																													
CO-ADD:0137204	n1cnc(c(c(C#N)c2)c1N)n2C3C(O)C(O)C(CO)O3	NIH/NCI (USA) - Natural Product Set III	0063701:01		CO-ADD:PL0012										10	10	10	10	10	0.3125	10	0.1466																													
CO-ADD:0137209	O=C(c(c(OC)ccc1)c1C2=O)c(c(O)c([C@H](C[C@](O)(C(C)=O)C3)OC4CC(N)C(O)C(C)O4)c3c5O)c25.Cl	NIH/NCI (USA) - Natural Product Set III	0082151:01		CO-ADD:PL0012										10	10	10	10	10	10	5	0.6135																													
CO-ADD:0137220	C(C1OC(C(N([H])C(C(OC(C(N([H])C(C(OC(C(N([H])C(C(C)OC(=O)C(C(C)C)N([H])C(=O)C(C(C)C)OC(=O)C(C(C)C)N([H])C(=O)C(C)OC(=O)C(C(C)C)N([H])C1=O)=O)C(C)C)=O)C(C)C)=O)C(C)C)=O)C)=O)C(C)C)=O)(C)C	NIH/NCI (USA) - Natural Product Set III	0122023:01		CO-ADD:PL0012										10	10	10	10	10	0.625	10	10																													
CO-ADD:0137227	CC12C(OC(CC(C=C/C(=CCC(O[H])C=C/C(/C)=CC1N([H])C(=O)C(=O)C)/C)O[H])C(C)C2=O)=O	NIH/NCI (USA) - Natural Product Set III	0145118:01		CO-ADD:PL0012										10	10	10	10	10	10	10	10																													
CO-ADD:0135709	n1c(c(ccc2)nc(ccc3)c1c3)c2O	NIH/NCI (USA) - Diversity Set V	0088882:01		CO-ADD:PL0011										10	10	10	10	10	10	10	10																													
CO-ADD:0163186	C(/c1ccccc1)(=N/O)\\C(C)(C)NO.Cl	Russian Academy of Science (Russia)	A0456/0021037		CO-ADD:PC0200	32	32	32	32	32	32	32	16																																						
CO-ADD:0163189	c1(ccc(C(=O)Oc2cccc(c2)\\C=N\\NC(COc(ccc(c3C)C)c3)=O)o1)[N+](=O)[O-]	Russian Academy of Science (Russia)	A0456/0021040		CO-ADD:PC0200	32	32	32	32	32	32	32	32																																						
CO-ADD:0137229	O=C(N([C@](O)(C[C@]1([C@@H](C)[C@@H]([C@]2(C)[C@H](CC(N3C)=O)OC(=O)[C@@](C)([H])N(C)C(C)=O)O2)[H])[C@H](OC)C=CC=C(/C)Cc4cc3c(c(OC)c4)Cl)[H])O1	NIH/NCI (USA) - Natural Product Set III	0153858:01		CO-ADD:PL0012										10	10	10	0.625	10	10	10	10																													
CO-ADD:0163454	[N+](=O)([O-])c1ccc(cc1O)\\C=N\\NC(=O)c(ccc(c23)OCCO2)c3	Russian Academy of Science (Russia)	A0464/0021464		CO-ADD:PC0200	32	32	32	32	32	32	32	32																																						
CO-ADD:0163122	C1(=Cc(cc(Br)cc2Br)c2OC1c3c(cccc3Cl)Cl)[N+](=O)[O-]	Russian Academy of Science (Russia)	A0395/0018175		CO-ADD:PC0200	2.28	32	32	32	32	32	32	32																																						
CO-ADD:0163472	C(=C/c(cc1)ccc1N(CC)CC)(/NC(c2ccccc2)=O)\\C(=O)N\\N=C\\c3cc(Cl)ccc3O	Russian Academy of Science (Russia)	A0465/0021489		CO-ADD:PC0200	24.6	32	32	32	32	32	32	32																																						
CO-ADD:0162319	c1(Br)c(Cl)c(Br)cc(Br)c1OCC(=O)N\\N=C\\c(cc2)cc(c2OC(=O)c(cc3)ccc3[N+](=O)[O-])Br	Russian Academy of Science (Russia)	A0424/0019625		CO-ADD:PC0199	32	32	32	32	32	32	32	32																																						
CO-ADD:0162389	c1(c2ccc(cc2)\\N=C/c3ccccc3O)[nH]c(c(ccc4c(ccc(c5[nH]6)nc6c7ccc(cc7)\\N=C/c8ccccc8O)c5)n1)c4	Russian Academy of Science (Russia)	A0427/0019749		CO-ADD:PC0199	7.99	32	32	2	32	32	2	8	32												32	4	2		1	32	32																			
CO-ADD:0162403	c1(c(ccc(c2[nH]3)nc3c4ccc(cc4)\\N=C\\c(cc5)ccc5Br)c2)[nH]c(c6n1)ccc(c6)\\N=C\\c(cc7)ccc7Br	Russian Academy of Science (Russia)	A0427/0019774		CO-ADD:PC0199	32	32	32	32	32	32	2	1	32												32	32	32	0.5	2	2	2																			
CO-ADD:0137166	c1c(C)c(OC(C(C(C(N[C@H](C(N[C@H](C(C)C)C(=O)N([C@H](C(=O)N(C)C2)C3)CC3)=O)[C@H](C)OC(=O)[C@@H](N(C)C2=O)C(C)C)=O)=C(N)C4=O)=N5)=C4C)c5c(C(N[C@H](C(N[C@H](C(C)C)C(=O)N([C@H](C(=O)N(C)C6)C7)CC7)=O)[C@H](C)OC(=O)[C@@H](N(C)C6=O)C(C)C)=O)c1	NIH/NCI (USA) - Natural Product Set III	0003053:01		CO-ADD:PL0012										10	10	10	10	10	10	0.1563																														
CO-ADD:0137238	O=C(c1c(c(oc1)C(C2=C3[C@H](OC(C)=O)C[C@@](C(=O)CC4)(C)[C@]24[H])=O)[C@]3(C)[C@H]5COC)O5	NIH/NCI (USA) - Natural Product Set III	0221019:01		CO-ADD:PL0012										10	10	10	5	10	0.625	10	10																													
CO-ADD:0137239	[C@@H]1(O)CC[C@@H](C[C@@H](C)[C@H]2OC([C@H]3N(C(C([C@]4(O)O[C@H](C[C@H](OC)C(C)=CC=CC=C[C@@H](C)C[C@@H](C)C(=O)[C@H](OC)[C@H](O)C(C)=C[C@@H](C)C(=O)C2)CC[C@H]4C)=O)=O)CCCC3)=O)C[C@H]1OC	NIH/NCI (USA) - Natural Product Set III	0226080:01		CO-ADD:PL0012										10	10	10	0.1563	10		10	10																													
CO-ADD:0137248	N(C(C(NC(c1nc(C(NC2c3nc(C4C(c5nc(C(NC6C(C)O)=O)cs5)(NC(=O)C(C)NC(=O)C(=C)NC(=O)C(=C)NC(=O)C(C(C)C)NC(C(O)c(nc7C(=O)OC2C)c8c(C(O)C)c7)C=C8)CCC(c9nc(C(NC(=C)C(NC(=C)C(N)=O)=O)=O)cs9)=N4)cs3)=O)cs1)C(O)(C)C(O)C)=O)C%10)=C(C(NC6=O)=CC)S%10	NIH/NCI (USA) - Natural Product Set III	0285116:01		CO-ADD:PL0012										10	10	10	10	10	10		10																													
CO-ADD:0137250	CC1CC(OC12C(C(CC(CC3CCC(C)C(C(C)C(O[H])=O)O3)O2)OC)C)(C4CCC(C5C(CC(C6C(CC(C)C(O[H])(CO[H])O6)C)O5)C)(C)O4)C	NIH/NCI (USA) - Natural Product Set III	0292567:01		CO-ADD:PL0012										10	10	10	10	10	10	0.1563	10																													
CO-ADD:0137255	[C@@H]1(O)[C@@]([C@@H](NC(=O)[C@](C)(N)[H])[C@@](C)(C(Cl)Cl)O2)(C(C2=O)=C(O)C[C@H]1O)[H]	NIH/NCI (USA) - Natural Product Set III	0325014:02		CO-ADD:PL0012										10	10	10	10	5	10	1.25	1.569																													
CO-ADD:0137258	c1(C)occ(C([H])=C(C(=C(C(=C([C@]([H])([C@@]([H])([C@]2([H])OC(=O)[C@@]([H])(O3)[C@@]3([H])C[C@]([H])(CC(=O)O4)C[C@@]4([H])[C@]([H])(C)C=C[C@]([H])(O5)[C@@]5(C)[C@]([H])(O)C2)C)OC)/C)[H])[H])[H])/C)n1	NIH/NCI (USA) - Natural Product Set III	0332598:01		CO-ADD:PL0012										10	10	10	1.25	10	10	10	0.1378																													
CO-ADD:0137270	O(C)c1cc(OC(=C2)C(C(=CC2=O)OC(c3ccccc3)=C4)=C45)c5c(OC6c7ccccc7)c1CC6	NIH/NCI (USA) - Natural Product Set III	0376248:01		CO-ADD:PL0012										10	10	10	10	10	10	10	10																													
CO-ADD:0137273	C1=CC(=O)C2=C(C3C(C(C(C(C)CO3)CC4)C4C5)C(C5C(=O)O6)C26)C1=O	NIH/NCI (USA) - Natural Product Set III	0401005:01		CO-ADD:PL0012										10	10	10	0.625	10	10	10	2.582																													
CO-ADD:0137276	CC(N([H])C(=O)C1N([H])C(=O)c2nc(c(nc2)cc3)cc3)C(=O)N(C(C(=O)N(C(C(C)C)C(OC4)=O)C)CSC(SC)C(N(C(=O)C(N([H])C(=O)C4N([H])C(=O)c5nc(c(nc5)cc6)cc6)C)C)C(=O)N(C(C(C)C)C(OC1)=O)C)C	NIH/NCI (USA) - Natural Product Set III	0526417:01		CO-ADD:PL0012										1.25	10	10	2.5	2.5	10																															
CO-ADD:0137279	c12c([C@H](C)N[C@@H](C)C1)c(O)cc(O)c2c(c(cc(C)cc3OC)c34)cc(c(c(O)c(c(OC)cc(C)c5)c56)cc6c(c(O)cc7O)c(C[C@@H](N[C@H]8C)C)c78)c4O.CC(O)=O.CC(O)=O	NIH/NCI (USA) - Natural Product Set III	0661755:01		CO-ADD:PL0012										10	10	10	10	10	10	10	10																													
CO-ADD:0254377	c1(C(=O)N\\N=C\\C=C\\c(ccc2[N+](=O)[O-])o2)c(C)[nH]c(C(OCC)=O)c1C	Russian Academy of Science (Russia)	A1556/0067766		CO-ADD:PC0340	32	32	32	32	32	32	32	32	32																																					
CO-ADD:0163327	n1c(c2ccc(cc2)Cl)csc1N\\N=C(\\Cc3ccccc3[N+](=O)[O-])/C(O)=O.Br	Russian Academy of Science (Russia)	A0460/0021270		CO-ADD:PC0200	19.5	32	32	32	32	32	32	8																																						
CO-ADD:0163345	C(=O)(NCC(=O)N\\N=C(/C)\\c(cc1)ccc1C(C)C)c2ccco2	Russian Academy of Science (Russia)	A0461/0021299		CO-ADD:PC0200	32	32	32	32	32	32	32	32																																						
CO-ADD:0135935	n1c(c(ccc1)c([N+](=O)[O-])cc2[N+](=O)[O-])c2O	NIH/NCI (USA) - Diversity Set V	0057103:01		CO-ADD:PL0011										10	10	10	10	10	10	10	10																													
CO-ADD:0135983	Fc(cc1[N+](=O)[O-])c(ccc2)c(c1O)n2	NIH/NCI (USA) - Diversity Set V	0092207:01		CO-ADD:PL0011										10	10	10	10	10	10	10	10																													
CO-ADD:0160372	[O-][N+](C1=CC([N+]([O-])=O)=CC(NC(C(F)(F)C(F)(F)C(F)(F)C(F)(F)C(F)(F)C(F)(F)C(NC2=CC([N+]([O-])=O)=CC([N+]([O-])=O)=C2C)=O)=O)=C1C)=O	Russian Academy of Science (Russia)	A0347/0015960		CO-ADD:PC0186	32	32	32	32	32	32	32	32																																						
CO-ADD:0162490	N1(c2ccc(cc2Cl)Cl)C(=O)CC(N(CC3)CCN3c4ccccc4)C1=O	Russian Academy of Science (Russia)	A0432/0020000		CO-ADD:PC0199	32	32	32	32	32	32	16	1																																						
CO-ADD:0162561	N(c1cccc(Cl)c1C)(C2=O)C(=O)C(C2C3(Br)c4c5cccc4)C5(Br)c(c36)cccc6	Russian Academy of Science (Russia)	A0437/0020247		CO-ADD:PC0199	32	32	32	32	32	32	32	32																																						
CO-ADD:0162578	N1(c2c(Cl)ccc(C(=O)c(cc3)ccc3N4C(=O)c(c5C4=O)ccc(C(=O)c(cc6)ccc6C(O)=O)c5)c2)C(=O)c(c7C1=O)ccc(C(=O)c(cc8)ccc8C(O)=O)c7	Russian Academy of Science (Russia)	A0438/0020289		CO-ADD:PC0199	32	32	32	32	32	32	32	32																																						
CO-ADD:0137551	CC(C)CCC1=C(C(NCCCN(C)C)=O)N=C(NC(C2=CC(NC(C3=CC(NC(C4=CC(OC)=CC=C4)=N)=CN3C)=O)=CN2C)=O)S1.OC(C(F)(F)F)=O.OC(C(F)(F)F)=O	University of Strathclyde (UK)	AIK-30/22/1		CO-ADD:PC0079	32	32	32	2	32	32	32	2																																						
CO-ADD:0137555	CN1C=C(NC(C(C=C2)=CC=C2/C=C/C3=CC=NC=C3)=O)C=C1C(NC4=CN(CCCN5CCOCC5)C(C(NCCN6CCOCC6)=O)=C4)=O.OC(C(F)(F)F)=O.OC(C(F)(F)F)=O	University of Strathclyde (UK)	FS-6/39		CO-ADD:PC0079	4.65	32	32	4	32	32	32	32																																						
CO-ADD:0137557	CN1C=C(NC(C(C=C2)=CC=C2/C=C/C3=CC=NC=C3)=O)C=C1C(NC4=CN(CCCN5CCN(CC6=CC=CC7=CC=CC=C76)CC5)C(C(NCCN8CCOCC8)=O)=C4)=O.OC(C(F)(F)F)=O.OC(C(F)(F)F)=O.OC(C(F)(F)F)=O.OC(C(F)(F)F)=O	University of Strathclyde (UK)	FS-6/46		CO-ADD:PC0079	2.03	32	32	32	32	32	32	2																																						
CO-ADD:0137559	CN1C=C(NC(C(C=C2)=CC=C2/C=C/C3=CC=NC=C3)=O)C=C1C(NC4=CN(CCCSC5=CC=CC=C5)C(C(NCCN6CCOCC6)=O)=C4)=O.OC(C(F)(F)F)=O.OC(C(F)(F)F)=O	University of Strathclyde (UK)	FS-6/37		CO-ADD:PC0079	32	32	32	32	32	32	32	32																																						
CO-ADD:0254841	N1(c2ccc(cc2Br)C)C(=O)C(C3C1=O)C(C(C4C(N5c6ccc(cc6Br)C)=O)C5=O)C(=C(C(=O)Oc7ccccc7)C34C)C	Russian Academy of Science (Russia)	A1681/0071729		CO-ADD:PC0340	32	32	32	32	32	32	32	32	32																																					
CO-ADD:0162573	[N+](=O)([O-])c(cc1)ccc1C(=O)Nc(c2)cc(cc2C(=O)Nc(cc3)ccc3Oc(ccc(c4C(O)=O)C(O)=O)c4)C(=O)Nc(cc5)ccc5Oc(ccc(c6C(O)=O)C(O)=O)c6	Russian Academy of Science (Russia)	A0438/0020275		CO-ADD:PC0199	32	32	32	32	32	32	32	32																																						
CO-ADD:0162976	C(=O)(NCC(=O)N\\N=C/c1ccccc1\\C=N\\NC(CNC(=O)c2ccc(c(OC)c2)OC)=O)c3ccc(c(OC)c3)OC	Russian Academy of Science (Russia)	A0452/0020889		CO-ADD:PC0199	32	32	32	32	32	32	32	2																																						
CO-ADD:0137562	O=C(NCCC(N)=N)C1=CC(NC(C2=CC(NC(C3=CC=CC=C3)=N)=CN2C)=O)=CN1C.OC(C(F)(F)F)=O.OC(C(F)(F)F)=O	University of Strathclyde (UK)	JA4		CO-ADD:PC0079	32									32	32	32	32	32	32	32																														
CO-ADD:0137567	CN1C=C(NC(C2=CC=C(/C=C/C3=CC4=NON=C4C=C3)C=C2)=O)C=C1C(NC5=CN(C)C(C(NCCN6CCOCC6)=O)=C5)=O.OC(C(F)(F)F)=O	University of Strathclyde (UK)	AIK-28/80		CO-ADD:PC0079	10.4	32	32	32	32	32	32	32																																						
CO-ADD:0137569	CN1C=C(NC(C(C=C2)=CC=C2/C=C/C3=CC=NC=C3)=O)C=C1C(NC4=CN(CCCCl)C(C(NCCN5CCOCC5)=O)=C4)=O.OC(C(F)(F)F)=O.OC(C(F)(F)F)=O	University of Strathclyde (UK)	RMG-3		CO-ADD:PC0079	2.7	32	32	32	32	32	32	16																																						
CO-ADD:0137571	O=C(NCCN1CCOCC1)C2=CC(NC(C3=CC(NC(C4=CC=C(/C=C/C5=CC=CC(OC)=C5)C=C4)=O)=CN3C)=O)=CN2CCCC6=CN(CCC7=CC=CC=C7)N=N6.OC(C(F)(F)F)=O	University of Strathclyde (UK)	AIK-29/16		CO-ADD:PC0079	32	32	32	32	32	32	32	32																																						
CO-ADD:0137573	O=C(NCCN1CCOCC1)C2=CC(NC(C3=CC(NC(C4=CN=C(/C=C/C5=CC=C(OC)C=C5)C=C4)=O)=CN3C)=O)=CN2CCCC6=CN(CCC7=CC=CC=C7)N=N6	University of Strathclyde (UK)	AIK-29/15		CO-ADD:PC0079	32	32	32	32	32	32	32	32																																						
CO-ADD:0137575	CN1C=C(NC(C(C=N2)=CC=C2/C=C/C(C=C3)=CC=C3OC)=O)C=C1C(NC4=CN(C)C(C(NCCN5CCOCC5)=O)=C4)=O.OC(C(F)(F)F)=O.OC(C(F)(F)F)=O	University of Strathclyde (UK)	AIK-29/40		CO-ADD:PC0079	27.1	32	32	32	32	32	32	32																																						
CO-ADD:0137577	O=C(N([H])C1=CN(C)C(C(N(C2=CN(C)C(C(N([H])CCC(N)=N)=O)=C2)[H])=O)=C1)C3=CC=C(/C=C/C4=CC=CC(OC)=C4)C=C3.OC(C(F)(F)F)=O	University of Strathclyde (UK)	AIK-29/70		CO-ADD:PC0079	10.1	32	32	4	32	32	16	2																																						
CO-ADD:0137579	O=C(NCCN1CCOCC1)C2=CC(NC(C3=CC(NC(C4=CC=C(OC)C=C4)=N)=CN3C)=O)=CN2CCCC5=CN(CCC6=CC=CC=C6)N=N5.OC(C(F)(F)F)=O.OC(C(F)(F)F)=O	University of Strathclyde (UK)	AIK-29/17		CO-ADD:PC0079	32	32	32	32	32	32	32	32																																						
CO-ADD:0137581	O=C(NCCN1CCOCC1)C2=C(CCC3=CC=CC=C3)SC(NC(C4=CC(NC(C5=CC=C(/C=C/C6=CN=C(C=CC=C7)C7=C6)C=C5)=O)=CN4C)=O)=N2.OC(C(F)(F)F)=O.OC(C(F)(F)F)=O	University of Strathclyde (UK)	AIK-29/30		CO-ADD:PC0079	32	32	32	32	32	32	32	32																																						
CO-ADD:0137583	O=C(NCCN1CCOCC1)C2=C(CCC3=CC=CC=C3)SC(NC(C4=CC(NC(C5=CC(OC)=CC=C5)=N)=CN4C)=O)=N2.OC(C(F)(F)F)=O.OC(C(F)(F)F)=O	University of Strathclyde (UK)	AIK-29/29		CO-ADD:PC0079	2.59	32	32	32	32	32	32	16																																						
CO-ADD:0137586	CN1C=C(NC(C2=CC(NC(C3=CC=C(/C=C/C4=CC(OC)=CC=C4)C=C3)=O)=CN2C)=O)C=C1C(NCCN5CCC(O)CC5)=O.OC(C(F)(F)F)=O	University of Strathclyde (UK)	AIK-28/39		CO-ADD:PC0079	11.7	32	32	16	32	32	32	32																																						
CO-ADD:0137588	CN1C=C(NC(C2=CC(NC(C3=CC=C(/C=C/C4=CC=C(OC)C=C4)C=C3)=O)=CN2C)=O)C=C1C(NCCN5CCC(OCCOC)CC5)=O.S(O)(O)(=O)=O	University of Strathclyde (UK)	AIK-28/84		CO-ADD:PC0079	1.57	32	32	16	32	32	32	32																																						
CO-ADD:0137590	CN1C=C(NC(C2=CC(NC(C3=CN=C(/C=C/C4=CC=C(OC)C=C4)C=C3)=O)=CN2C)=O)C=C1C(NCCN5CCC(OCCOC)CC5)=O	University of Strathclyde (UK)	AIK-28/82		CO-ADD:PC0079	3	32	32	2	32	32	32	32																																						
CO-ADD:0137592	CN1C=C(NC(C2=CC(NC(C3=CC=C(/C=C/C4=CC=C(OC)C=C4)C=C3)=O)=CN2C)=O)C=C1C(NCCN5CCC(OC)CC5)=O.OC(C(F)(F)F)=O	University of Strathclyde (UK)	AIK-28/52		CO-ADD:PC0079	6.43	32	32	32	32	32	32	32																																						
CO-ADD:0137594	O=C(NCCC(N)=N)C1=CC(NC(C2=CC(NC(C3=CC=CC=C3)=O)=CN2C)=O)=CN1C.OC(C(F)(F)F)=O	University of Strathclyde (UK)	DB4		CO-ADD:PC0079	7.43	32	32	32	32	32	32	32																																						
CO-ADD:0137597	CN1C=C(NC(C2=CC=C(/C=C/C3=CN=C(C=CC=C4)C4=C3)C=C2)=O)C=C1C(NC5=CN(C)C(C(NCCN6CCC(CC6)OC)=O)=C5)=O	University of Strathclyde (UK)	AIK-28/53		CO-ADD:PC0079	2.89	32	32		32	32	32	16																																						
CO-ADD:0137599	CN1C=C(NC(C2=CN=C(/C=C/C3=CC=C(N(C)C)C=C3)C=C2)=O)C=C1C(NC4=CN(C)C(C(NCCN5CCOCC5)=O)=C4)=O.OC(C(F)(F)F)=O	University of Strathclyde (UK)	AIK-28/29		CO-ADD:PC0079	1.11	32	32	1	32	32	2	1																																						
CO-ADD:0137601	CN1C=C(NC(C2=CC(NC(C3=CN=C(/C=C/C4=CC=C(N(C)C)C=C4)C=C3)=O)=CN2C)=O)C=C1C(NCCN5CCC(OC)CC5)=O.OC(C(F)(F)F)=O.OC(C(F)(F)F)=O	University of Strathclyde (UK)	AIK-28/51		CO-ADD:PC0079	1.28	32	32		32	32	2	2																																						
CO-ADD:0137603	O=C(N([H])C1=CN(C)C(C(N(C2=CN(C)C(C(N([H])CCC(N)=N)=O)=C2)[H])=O)=C1)C3=CC=C(/C=C/C4=CC=CC(OC)=C4)C=C3.OC(C(F)(F)F)=O	University of Strathclyde (UK)	FS-6/9		CO-ADD:PC0079	10.7	32	32	4	32	32	32	2																																						
CO-ADD:0137606	CN1C=C(NC(C(C=C2)=CC=C2/C=C/C3=CC(C=CC=C4)=C4N=C3)=O)C=C1C(NC5=CN(C)C(C(NCC[N+]6([O-])CCCCC6)=O)=C5)=O.OC(C(F)(F)F)=O	University of Strathclyde (UK)	AIK-29/92		CO-ADD:PC0079	2.97	32	32	32	32	32	32	32																																						
CO-ADD:0137608	CN1C=C(NC(C(C=C2)=CC=C2/C=C/C3=CC(C=CC=C4)=C4N=C3)=O)C=C1C(NC5=CN(CCCC6=CC=CC=C6)C(C(NCCN7CCOCC7)=O)=C5)=O.OC(C(F)(F)F)=O.OC(C(F)(F)F)=O	University of Strathclyde (UK)	AIK-29/1		CO-ADD:PC0079	32	32	32	32	32	32	32	8																																						
CO-ADD:0137610	O=C(NCCN1CCOCC1)C2=C(CCC3=CC=CC=C3)SC(NC(C4=CC(NC(C5=CC=C(OC)C=C5)=N)=CN4C)=O)=N2.OC(C(F)(F)F)=O.OC(C(F)(F)F)=O	University of Strathclyde (UK)	AIK-29/32		CO-ADD:PC0079	8.88	32	32	8	32	32	32	1																																						
CO-ADD:0137612	O=C(NC1=CN(C)C(C(NC2=CN(C)C(C(NCCCN(C)C)=O)=C2)=O)=C1)C3=CC=C(/C=C/C4=CC(OC)=CC=C4)C=C3.OC(C(F)(F)F)=O	University of Strathclyde (UK)	AIK-29/80		CO-ADD:PC0079	11.4	32	32	32	32	32	32	32																																						
CO-ADD:0137614	CC(C)CCC1=C(C(NCCCN(C)C)=O)N=C(NC(C2=CC(NC(C3=CC(NC(C4=CN=C(C=CC=C5)C5=C4)=N)=CN3C)=O)=CN2C)=O)S1.OC(C(F)(F)F)=O.OC(C(F)(F)F)=O	University of Strathclyde (UK)	AIK-30/26/2		CO-ADD:PC0079	1.18	32	32	1	32	32	32																																							
CO-ADD:0137616	O=C(NC1=CN(C)C(C(NC2=CN(C)C(C(NCCN3CCOCC3)=O)=C2)=O)=C1)C(C=C4)=CC=C4/C=C/C(C=C5)=CC=C5C(F)(F)F.OC(C(F)(F)F)=O	University of Strathclyde (UK)	AIK-29/67		CO-ADD:PC0079	32	32	32	32	32	32	32	32																																						
CO-ADD:0137618	CN1C=C(NC(C(C=C2)=CC=C2/C=C/C3=CC=CC(OC)=C3)=O)C=C1C(NC4=CN(C)C(C(NCCN5CCOCC5)=O)=C4)=O.OC(C(F)(F)F)=O	University of Strathclyde (UK)	BP1		CO-ADD:PC0079	3.46	32	32	32	32	32	32	8																																						
CO-ADD:0136050	C12CC(C(=N/N=C(/C(C3)CC45)C4C35)C1C26)C6	NIH/NCI (USA) - Diversity Set V	0122987:01		CO-ADD:PL0011										10	10	10	10	10	10	10	10																													
CO-ADD:0160413	[O-][N+](C([N+]([O-])=O)(CC1)CN(C1=O)CCCCN(C2=O)CC([N+]([O-])=O)(CC2)[N+]([O-])=O)=O	Russian Academy of Science (Russia)	A0348/0016038		CO-ADD:PC0186	32	32	32	32	32	32	32	32																																						
CO-ADD:0160437	O=C(NCCCCCCCCCCCCCCCCCC)C(C=C1)=CC=C1NC(CCCCC)=O	Russian Academy of Science (Russia)	A0349/0016080		CO-ADD:PC0186	32	32	32	2	32	32	32	2																																						
CO-ADD:0161452	C(Cc1ccccc1)(=O)N\\N=C\\CCC\\C=N\\NC(Cc2ccccc2)=O	Russian Academy of Science (Russia)	A0400/0018438		CO-ADD:PC0197	32	32	32	32	32	32	32	32																																						
CO-ADD:0161455	[N+](=O)([O-])c(cc(cc1[N+](=O)[O-])C(=O)Nc2sccn2)c1	Russian Academy of Science (Russia)	A0400/0018446		CO-ADD:PC0197	24.8	32	32	32	32	32	32	32																																						
CO-ADD:0161494	C(/C=C(S1)CC)(=C\\N(C)c2ccccc2)\\C1=O	Russian Academy of Science (Russia)	A0402/0018536		CO-ADD:PC0197	30.67	32	32	32	32	32	32	4																32	32	16	16					32	32													
CO-ADD:0137671	c12c(CCNC1c(ccc3c4Cc(c35)cccc5)c4)cc(c(OCC)c2)OCC	Russian Academy of Science (Russia)	A2737/0116245		CO-ADD:PC0076	9.15	32	32	32	32	32	32	32																																						
CO-ADD:0162622	c1(C#N)c(c2cccs2)c3c(nc1SCc(cc4)ccc4F)CCC3	Russian Academy of Science (Russia)	A0440/0020362		CO-ADD:PC0199	32	32	32	32	32	32	32	32																																						
CO-ADD:0162709	c1(cc(c(cc1[N+](=O)[O-])nc(c2Nc(cccc3C(F)(F)F)c3)Nc(cccc4C(F)(F)F)c4)n2)[N+](=O)[O-]	Russian Academy of Science (Russia)	A0444/0020472		CO-ADD:PC0199	32	32	32	32	32	32	32	32																																						
CO-ADD:0162713	N1(c2ccc(cc2)Br)C(=O)c3c(c(ccc4Nc5ccccc5Cl)C1=O)c4ccc3	Russian Academy of Science (Russia)	A0444/0020480		CO-ADD:PC0199	32	32	32	32	32	32	32	16																																						
CO-ADD:0148640	s(c(C(c1c(OC)c(OC)c(OCO2)c2c1)CC(N3)=O)c34)c(Nc5ccccc5)n4	Russian Academy of Science (Russia)	A4434/0189394		CO-ADD:PC0145	32	32	32	32	32	32	32	32																																						
CO-ADD:0148692	n1(c(O)cc(c2ccc(c(OC)c2)OC)n1)c3[nH]c(c4n3)cccc4	Russian Academy of Science (Russia)	A4456/0190450		CO-ADD:PC0145	24.7	32	32	32	32	32	8	16																																						
CO-ADD:0148883	C1(C#N)=C(N)Oc2c(ccc(c2)O)C1c3cccc(OC)c3	Russian Academy of Science (Russia)	A1886/0079292		CO-ADD:PC0145	32	32	32	32	32	32	32	32																																						
CO-ADD:0148894	[N+](=O)([O-])c1cc(cc2c1cc[nH]2)[N+](=O)[O-]	Russian Academy of Science (Russia)	A2075/0087220		CO-ADD:PC0145	32	32	32	32	32	32	32	32																																						
CO-ADD:0148994	c1(C(F)(F)F)nc(c2[nH]1)cccc2NC(=O)C(F)(F)F	Russian Academy of Science (Russia)	A3505/0148511		CO-ADD:PC0145	19.3	32	32	32	32	32	32	32																																						
CO-ADD:0149149	[nH]1c(c2nc1c3ccc(OC)cc3)cc(cc2)OCC	Russian Academy of Science (Russia)	A4240/0180675		CO-ADD:PC0145	32	32	32	32	32	32	32	32																																						
CO-ADD:0136641	O=C1C=CC(=CC=C1OC(=O)C(C)=C)N=Nc(ccc(C)c2)c2	NIH/NCI (USA) - Diversity Set V	0079559:01		CO-ADD:PL0011										10	10	10	10	10	10	10	10																													
CO-ADD:0136660	n1ccc(C)cc1NC(c(ccc(ccc2)c3n2)c3O)c(ccc4)cc4	NIH/NCI (USA) - Diversity Set V	0001014:01		CO-ADD:PL0011										10	10	10	10	10	10	10	10																													
CO-ADD:0136694	N1(C)C(=S)c([nH]c(SC2CCCN(CC)C2)n3)c3N(C)C1=O	NIH/NCI (USA) - Diversity Set V	0099660:01		CO-ADD:PL0011										10	10	10	10	10	10	10	10																													
CO-ADD:0136758	c1cc(S(c2c(non3)c3c([N+](=O)[O-])cc2)=O)ccc1C	NIH/NCI (USA) - Diversity Set V	0228150:01		CO-ADD:PL0011										10	10	10	10	10	10	10	10																													
CO-ADD:0149225	c12c(OCO1)c(OC)c(OC)c(\\C=C(/C)\\[N+](=O)[O-])c2	Russian Academy of Science (Russia)	A4417/0188531		CO-ADD:PC0145	32	32	32	32	32	32	32	32																																						
CO-ADD:0149342	C(=O)(C(O)=C1OC)C(OC)=CC1=O	Russian Academy of Science (Russia)	A4536/0194160		CO-ADD:PC0145	21.8	32	32	32	32	32	32	16																																						
CO-ADD:0149345	c1(c2cc(c(c3)c(OC)ccc3)[nH]1)cc([N+](=O)[O-])cc2O	Russian Academy of Science (Russia)	A4536/0194163		CO-ADD:PC0145	4.02	32	32	32	32	32	8	32																																						
CO-ADD:0136445	n1c2c(c(N3CCN(C)CC3)ccc2[N+](=O)[O-])[n+]([O-])o1	NIH/NCI (USA) - Diversity Set V	0207895:01		CO-ADD:PL0011										10	10	10	10	10	10	2.5	0.5565																													
CO-ADD:0136454	c1cc(Sc2c(non3)c3c([N+](=O)[O-])cc2)[n+]([O-])cc1	NIH/NCI (USA) - Diversity Set V	0228155:01		CO-ADD:PL0011										10	10	10	10	10	1.25	10	2.229																													
CO-ADD:0149357	c(cc1)(OC(=O)C(CC2=C(O)c3c(cccc3)OC2=O)=C4O)c4cc1	Russian Academy of Science (Russia)	A4551/0194763		CO-ADD:PC0145	32	32	32	32	32	32	32	32																																						
CO-ADD:0136580	C1(C)=C(N)C(=O)C2=C(N(C[C@]([H])(N3)[C@]34[H])[C@@]4(OC)[C@@H]2COC(N)=O)C1=O	NIH/NCI (USA) - Diversity Set V	0026980:01		CO-ADD:PL0011										10	5	10	10	1.25	10	0.1563	10																													
CO-ADD:0149609	O=C(NC1CCN(CC2=CC=CC=C2)CC1)OCC3=CC4=CC(OCC5=CC=CC=C5)=CC=C4N3C(OC(C)(C)C)=O.OC(C(O)=O)=O	IQOG CSIS (Spain)	MBA339		CO-ADD:PC0146	9.19	32	32	32	32	32	32	16																																						
CO-ADD:0149613	O=C1C(C2=CC=CC=C2)CC3=C(N=C(CCCC4)C4=C3N)N1	IQOG CSIS (Spain)	MPG5		CO-ADD:PC0146	11.3	32	32	32	32	32	32	32																																						
CO-ADD:0149620	NC1=C2C(CCCC2)=[NH+]C3=C1C4=CC=CC=C4N3.[Cl-]	IQOG CSIS (Spain)	OB7Cl		CO-ADD:PC0146	4.74	16	32	32	32	32	32	32																																						
CO-ADD:0149683	NC(C(C#N)=C1C2=CC=CC=C2)=NC(SC3=CC=CC=C3)=C1C#N	IQOG CSIS (Spain)	LRA8F2		CO-ADD:PC0146	32	32	32	32	32	32	32	32																																						
CO-ADD:0136818	S1C(=C(C#N)/C(=O)OCC)SC(=C(C(OCC)=O)/C#N)S1	NIH/NCI (USA) - Diversity Set V	0098363:01		CO-ADD:PL0011										10	10	10	10	10	10	10	10																													
CO-ADD:0136835	O=C(N(C)c(c1C2=S)nc(SCCN3CCCC3)n1[H])N2C	NIH/NCI (USA) - Diversity Set V	0099657:01		CO-ADD:PL0011										10	10	10	10	10	10	10	10																													
CO-ADD:0149733	CN1C(C2C3=C(N=C(CCCCC4)C4=C3N)OC5=C2C(C=CC=C6)=C6C=C5)=NC=C1	IQOG CSIS (Spain)	ABBH237		CO-ADD:PC0146	32	32	32	32	32	32	32	32																																						
CO-ADD:0149767	NC(OC1=C2C=CC3=C1C=CC=C3)=C(C2C4=CC=C(C=C4)[N+]([O-])=O)C#N	IQOG CSIS (Spain)	WM9		CO-ADD:PC0146	0.259	32	32	32	32	32	32	32																																						
CO-ADD:0149794	NC(C=1C#N)=N(C2=CC=CC=C2N1=O)=O	IQOG CSIS (Spain)	CVC66		CO-ADD:PC0146	32	32	32	32	16	32	32	32																																						
CO-ADD:0149836	C#CCN(C(C(C#N)=C1C2=CC=CC=C2)=NC(NCCCC3CCN(CC4=CC=CC=C4)CC3)=C1C#N)C.Cl	IQOG CSIS (Spain)	ASS281Cl		CO-ADD:PC0146	8.06	32	32	32	32	32	32	32																																						
CO-ADD:0149871	[H]N(CC#C)CC1=CC2=CC(OCC3=CC=CC=C3)=CC=C2N1.Cl	IQOG CSIS (Spain)	PF9601N		CO-ADD:PC0146	4.04	32	32	32	32	32	32	32																																						
CO-ADD:0149874	O=C(O)C(O)=O.[H]N1C2=CC=C(OCC3=CC=CC=C3)C=C2C=C1CN(CC#CC)C	IQOG CSIS (Spain)	FA88		CO-ADD:PC0146	32	32	32	32	32	32	32	32																																						
CO-ADD:0135132	O=C1N=C(N2CCC3(O[C@@H](C)CO3)CC2)Sc(c14)c([N+](=O)[O-])cc(C(F)(F)F)c4	University of Queensland (Australia)	MCC_000036:004		CO-ADD:PC0057																																														
CO-ADD:0135136	O=C1NC(C)=C(C)n(c12)cc([N+](=O)[O-])n2	University of Queensland (Australia)	MCC_008395:001		CO-ADD:PC0057																																														
CO-ADD:0135138	O=C1N(Cc2ccc(OC(F)(F)F)cc2)C(C)=Cn(c13)cc([N+](=O)[O-])n3	University of Queensland (Australia)	MCC_008397:001		CO-ADD:PC0057																																														
CO-ADD:0135141	Cc1nc(OCc2ccc(OC(F)(F)F)cc2)c3n(cc([N+](=O)[O-])n3)c1C	University of Queensland (Australia)	MCC_008400:001		CO-ADD:PC0057																																														
CO-ADD:0135144	O=C(c1n(CCO)cc([N+](=O)[O-])n1)N	University of Queensland (Australia)	MCC_008404:001		CO-ADD:PC0057																																														
CO-ADD:0135148	O=C(c1n(Cc2ccc(OC(F)(F)F)cc2)cc([N+](=O)[O-])n1)N(C)C	University of Queensland (Australia)	MCC_008409:001		CO-ADD:PC0057																																														
CO-ADD:0140044	C=C[C@@]1(C)[C@@H](O)[C@H](C)[C@@]23[C@@H](C(CC2)=O)[C@@](C)([C@@H](CC3)C)[C@H](OC(CO)=O)C1	University of Manchester (UK)	0174041274		CO-ADD:PC0102	32	32	32	2	32	32	32	32																																						
CO-ADD:0147057	OCC1=CC=C[N+]([Re]2(C#[O+])(C#[O+])([N+]3=c(c([N+]2=CC=C4)c4c5c6nc7ccccc7n5)c6=CC=C3)C#[O+])=C1.F[B-](F)(F)F	Lancaster University (UK)	NJC5		CO-ADD:PC0131	10	32	32	16	32	32	32	32																																						
CO-ADD:0147063	C[Pt+]1([N+]2=CC=CC=C2)([N+]3=C(C4=CC=C3)C5=C(C6=C4N=C7C=CC=CC7=N6)C=CC=[N+]51)(C)C.F[P-](F)(F)(F)(F)F	Lancaster University (UK)	PtdppzPy		CO-ADD:PC0131	1.2	32	32	1	32	32	16	16																																						
CO-ADD:0147070	CCOC(C1=CC=[N+]([Pt]2(C)([N+]3=C(C4=CC=C3)C5=C(C6=C4N=C7C=CC=CC7=N6)C=CC=[N+]52)(C)C)C=C1)=O.F[P-](F)(F)(F)(F)F	Lancaster University (UK)	MC36		CO-ADD:PC0131	16.6	32	32	16	32	32	32	32																																						
CO-ADD:0147071	C[Pt]1(P(c2ccccc2)(c3ccccc3)c4ccccc4)([N+]5=C(C6=CC=CC=[N+]61)C=CC=C5)(C)C.F[P-](F)(F)(F)(F)F	Lancaster University (UK)	MC39		CO-ADD:PC0131	32	32	32	32	32	32	32	32																																						
CO-ADD:0157371	[O-][N+](C1=CC(/C=N/NC(N/N=C/C2=CC=CC([N+]([O-])=O)=C2)=NN)=CC=C1)=O	Russian Academy of Science (Russia)	A0213/0009553		CO-ADD:PC0179	32	32	32	16	32	32	32	32	15.7												32	32	32	32	32	32	32																			
CO-ADD:0157377	[O-][N+](C1=CC=C(/C=N/NC(C(OC)C2=CC=CC=C2)=O)S1)=O	Russian Academy of Science (Russia)	A0214/0009586		CO-ADD:PC0179	32	32	32	32	32	32	32	32																																						
CO-ADD:0157390	[O-][N+](C1=CC(Br)=C(O)C(/C=N/C2=C(C)C=CC([N+]([O-])=O)=C2)=C1)=O	Russian Academy of Science (Russia)	A0215/0009644		CO-ADD:PC0179	32	32	32	32	32	32	32	32																																						
CO-ADD:0157393	[O-][N+](C1=CC(/N=C/C2=CC([N+]([O-])=O)=CC=C2O)=C(C)C=C1)=O	Russian Academy of Science (Russia)	A0215/0009647		CO-ADD:PC0179	32	32	32	32	32	32	32	32	32												32	32	32	32	32	32	32																			
CO-ADD:0157777	[O-][N+](C1=CC=C(/C=N/NC(CNC(C(C=CC=C2)=C2Br)=O)=O)S1)=O	Russian Academy of Science (Russia)	A0244/0010987		CO-ADD:PC0179	32	32	32	32	32	32	32	8																																						
CO-ADD:0153109	CN1C=C(NC(C2=CC(NC(C3=CC=CC(OC)=C3)=N)=CN2C)=O)C=C1C(NC4=CN(CCC(C)C)C(C(NCCCN(C)C)=O)=C4)=O	University of Strathclyde (UK)	AIK-30/43(6)		CO-ADD:PC0154	32	32	32	32	32	32	32	32																																						
CO-ADD:0153113	CN1C=C(NC(C2=CC(NC(C3=CN=C(C=CC=C4)C4=C3)=N)=CN2C)=O)C=C1C(NC5=CN(C)C(C(NCCCN(C)C)=O)=C5)=O.OC(C(F)(F)F)=O.OC(C(F)(F)F)=O	University of Strathclyde (UK)	AIK-30/52(6)		CO-ADD:PC0154	32	32	32	32	32	32	32	8																																						
CO-ADD:0228381	c1(c(Br)cc(c(cccn2)c12)Br)OC(=O)c3ccccc3C	Russian Academy of Science (Russia)	A0897/0042098		CO-ADD:PC0245	32	32	32	32	32	32	4	32	32																																					
CO-ADD:0228413	N1(c2ccc(cc2)F)C(=O)CC(N(CC3)CCN3c4ccc(cc4)F)C1=O	Russian Academy of Science (Russia)	A0898/0042159		CO-ADD:PC0245	32	32	32	32	32	32	32	32	32																																					
CO-ADD:0228420	N1(CNc2ccccc2C)c3c(OC1=S)ccc(Cl)c3	Russian Academy of Science (Russia)	A0898/0042167		CO-ADD:PC0245	32	32	32	32	32	32	32	32	32																																					
CO-ADD:0228435	C(/C1=O)(=C/c2ccccc2OCC=C)\\C(c3ccc(cc3)Cl)=NO1	Russian Academy of Science (Russia)	A0899/0042199		CO-ADD:PC0245	25.6	32	32	32	32	32	32	32	32																																					
CO-ADD:0228442	C12(CC(CC13)C(C34)CCC4)NN=C(c5ccccc5O)S2	Russian Academy of Science (Russia)	A0899/0042220		CO-ADD:PC0245	21.1	32	32	32	32	32	32	32	32																																					
CO-ADD:0228487	N1(\\N=C\\C=C\\c(ccc2[N+](=O)[O-])o2)C(=S)SC(C)(C)C1N(O)C(=O)NC3CCCCC3	Russian Academy of Science (Russia)	A0901/0042297		CO-ADD:PC0245	5.02	32	32	16	32	32	32	32	32																																					
CO-ADD:0228488	N1(\\N=C\\C=C\\c(ccc2[N+](=O)[O-])o2)C(=S)SC(C)(C)C1N(O)C(=O)Nc3ccccc3	Russian Academy of Science (Russia)	A0901/0042298		CO-ADD:PC0245	6.49	32	32	16	32	32	32	32	32																																					
CO-ADD:0157834	[O-][N+](C1=CC=CC(/C=N/NC2=NC(NC3=CC=CC=C3)=NC(N4CCCC4)=N2)=C1O)=O	Russian Academy of Science (Russia)	A0247/0011145		CO-ADD:PC0179	32	32	32	32	32	32	32	32																																						
CO-ADD:0157837	O=C1/C(N=C(C(C=C2)=CC=C2I)O1)=C/C3=CC=C(C)O3	Russian Academy of Science (Russia)	A0247/0011151		CO-ADD:PC0179	32	32	32	32	32	32	32	32																																						
CO-ADD:0157447	S=C(NC1=O)NC(C1=CC2=CC=C(C3=CC=C(Cl)C=C3)O2)=O	Russian Academy of Science (Russia)	A0219/0009829		CO-ADD:PC0179	20.7	32	32	32	32	32	32	4																																						
CO-ADD:0157457	O=C(C1=CC=CC=C1)NC2=CC(N)=CC(N)=C2C	Russian Academy of Science (Russia)	A0220/0009869		CO-ADD:PC0179	16.8	32	32	16	32	32	16	16																																						
CO-ADD:0157480	[O-][N+](C1=CC(OC(COC(C(Cl)=C2)=CC=C2Cl)=O)=CC([N+]([O-])=O)=C1)=O	Russian Academy of Science (Russia)	A0222/0009966		CO-ADD:PC0179	32	32	32	32	32	32	32	32																																						
CO-ADD:0228576	N1(\\N=C\\C=C\\c(ccc2[N+](=O)[O-])o2)C(=S)SC(C)(C)C1N(O)C(NCCCC)=O	Russian Academy of Science (Russia)	A0912/0042724		CO-ADD:PC0245	13.1	32	32	16	32	32	32	32	32																																					
CO-ADD:0228587	N1(c2ccc(cc2)OCCC)C(=O)CC(N(CC3)CCO3)C1=O	Russian Academy of Science (Russia)	A0913/0042736		CO-ADD:PC0245	32	32	32	32	32	32	32	16	32																																					
CO-ADD:0228591	N1(c2ccc(cc2)OCCC)C(=O)C(CC1=O)NCC(OCC)=O	Russian Academy of Science (Russia)	A0913/0042740		CO-ADD:PC0245	32	32	32	32	32	32	32	32	32																																					
CO-ADD:0228618	N1(c2ccc(cc2)OCCC)C(=O)CC(N3CCC(CC3)C)C1=O	Russian Academy of Science (Russia)	A0914/0042771		CO-ADD:PC0245	32	32	32	32	32	32	32	4	32																																					
CO-ADD:0157536	O=S(NC1=NN=C(CC)S1)(C(C=C2)=CC=C2/N=C/C3=CC(Br)=CC=C3OC)=O	Russian Academy of Science (Russia)	A0229/0010332		CO-ADD:PC0179	32	32	32	32	32	32	32	32																																						
CO-ADD:0157681	[O-][N+](C1=CC(C)=CC(C2=CC=C(C=C3C(NC(NC3=O)=O)=O)O2)=C1C)=O	Russian Academy of Science (Russia)	A0238/0010697		CO-ADD:PC0179	8.06	32	32	32	32	32	32	32																																						
CO-ADD:0157688	[O-][N+](C(N=C1)=NN1CC(N(C)/N=C/C2=CC=C3OCOC3=C2)=O)=O	Russian Academy of Science (Russia)	A0239/0010722		CO-ADD:PC0179	32	32	32	32	32	32	32	32																																						
CO-ADD:0157720	OC1=C(CN2CCOCC2)C=C(COC)C3=CC=CN=C13	Russian Academy of Science (Russia)	A0241/0010820		CO-ADD:PC0179	4.04	32	32	32	32	32	32	16																																						
CO-ADD:0228663	S(=O)(=O)(Nc1ccc(cc1C(=O)Nc(cc2)ccc2Cl)Cl)c3cccc(nsn4)c34	Russian Academy of Science (Russia)	A0916/0042875		CO-ADD:PC0245	32	32	32	8	32	32	32	32	32																																					
CO-ADD:0228704	N1(c2ccc(cc2)OCCC)C(=O)CC(N(CC3)CCN3c4ccccn4)C1=O	Russian Academy of Science (Russia)	A0919/0042982		CO-ADD:PC0245	32	32	32	32	32	32	32	32	32																																					
CO-ADD:0228711	N1(c2ccc(cc2)OCCC)C(=O)CC(N3CCCC3)C1=O	Russian Academy of Science (Russia)	A0919/0042989		CO-ADD:PC0245	32	32	32	32	32	32	16	32	32																																					
CO-ADD:0228756	C(/NC1CCCCC1)(\\C(OCC)=O)=N/Nc2ccccc2	Russian Academy of Science (Russia)	A0920/0043055		CO-ADD:PC0245	32	16	32	32	32	32	32	32	32																																					
CO-ADD:0157890	[O-][N+](C1=CC(Cl)=CC(/C=N/C2=C(O)C=CC(C)=C2)=C1O)=O	Russian Academy of Science (Russia)	A0251/0011352		CO-ADD:PC0179	20.1	32	32	32	32	32	32	16																																						
CO-ADD:0157933	C1(C(NCCC2=CC=CC=C2)=NC=N3)=C3C(C=CC=C4)=C4O1.Cl	Russian Academy of Science (Russia)	A0255/0011537		CO-ADD:PC0179	32	32	32	32	32	32	32	8	32												32	32	32	32	32	16	2	32	32			32	32													
CO-ADD:0157951	[O-][N+](C1=CC(C(OC2=CC(/C=N/C3=CC=CC=C3)=CC=C2)=O)=CC([N+]([O-])=O)=C1)=O	Russian Academy of Science (Russia)	A0257/0011641		CO-ADD:PC0179	32	32	32	32	32	32	32	16																																						
CO-ADD:0229929	N1(CNc2cccc(OC)c2)C(=O)\\C(\\SC1=S)=C/c3cccc(Cl)c3Cl	Russian Academy of Science (Russia)	A0841/0039424		CO-ADD:PC0246	32	32	32	16	32	32	32	32	32												32	32	32					32	32	32																
CO-ADD:0229946	c1(c2ccc(cc2)C)ccc(\\C=C(/C=CC3=O)\\O3)o1	Russian Academy of Science (Russia)	A0902/0042362		CO-ADD:PC0247	32	32	32	32	32	32	32	32	32																																					
CO-ADD:0229980	C(=C/c(ccc1c(cccc2[N+](=O)[O-])c2)o1)(/C(=O)NC(N3)=S)\\C3=O	Russian Academy of Science (Russia)	A0904/0042452		CO-ADD:PC0247	32	32	32	32	32	32	32	32	32																																					
CO-ADD:0229775	S1C(c2ccccc2)=NNC1c3c(OC)ccc(c3)[N+](=O)[O-]	Russian Academy of Science (Russia)	A0834/0039089		CO-ADD:PC0246	32	32	32	32	32	32	32	32	32																																					
CO-ADD:0229060	[N+](=O)([O-])c(c1)cc(c(O)c1C=O)I	Russian Academy of Science (Russia)	A0795/0037218		CO-ADD:PC0246	32	32	32	32	32	32	32	16	32																																					
CO-ADD:0229075	[N+](=O)([O-])c1ccccc1COc2ccccc2\\C=N\\NC(=O)c(cccc3NC(=O)c4ccc(cc4)OC)c3	Russian Academy of Science (Russia)	A0795/0037243		CO-ADD:PC0246	32	32	32	32	32	32	32	32	32																																					
CO-ADD:0228898	C(c1ccccc1)(c2ccccc2)CC(C)NC(C)CC(c3ccccc3)c4ccccc4.Cl	Russian Academy of Science (Russia)	A0940/0044030		CO-ADD:PC0245	1.1	32	32	32	32	32	32	32	2.8																																					
CO-ADD:0229156	C(/S1)(\\C(Cl)=NS1)=N/c2nncs2	Russian Academy of Science (Russia)	A0798/0037365		CO-ADD:PC0246	32	32	32	32	32	32			32																																					
CO-ADD:0227092	c1(c(C)nn2c3ccccc3)c2OC(=C(C#N)C14c5c(NC4=O)ccc(Cl)c5)N.[Na+]	Russian Academy of Science (Russia)	A0843/0039535		CO-ADD:PC0244	32	32	32	4	32	32	32	32	32																																					
CO-ADD:0227147	N1(c2ccccc2Cl)C(=O)C=C(c3ccc(cc3)Cl)C1=O	Russian Academy of Science (Russia)	A0846/0039625		CO-ADD:PC0244	2.4	32	32	16	32	32	32	32	32																																					
CO-ADD:0227178	c(cc(Cl)cc1Br)(\\C=N\\c2cc(ccc2O)Cc(ccc(c3\\N=C\\c(cc(Cl)cc4Br)c4O)O)c3)c1O	Russian Academy of Science (Russia)	A0864/0040512		CO-ADD:PC0244	32	32	32	32	32	32	16	32	32																																					
CO-ADD:0227199	n1c(c(cc2)ccc2c3[nH]c(c(c(cc4)ccc4[N+](=O)[O-])n3)c5ccccc5)[nH]c(c6ccccc6)c1c(cc7)ccc7[N+](=O)[O-]	Russian Academy of Science (Russia)	A0865/0040551		CO-ADD:PC0244	32	32	32	32	32	32	32	32	32																																					
CO-ADD:0227211	c(cc(Br)cc1Br)(\\C=N\\c2cc(CC)ccc2O)c1O	Russian Academy of Science (Russia)	A0865/0040568		CO-ADD:PC0244	6.81	32	32	32	32	32	16	16	32																																					
CO-ADD:0227281	[N+](=O)([O-])c(ccc(c1\\C=N\\NC(CNc2cccc(cccc3)c23)=O)O)c1	Russian Academy of Science (Russia)	A0867/0040658		CO-ADD:PC0244	32	32	32	8	32	32	32	32	32																																					
CO-ADD:0227284	[N+](=O)([O-])c(ccc(c1\\C=N\\NC(CNc(ccc(c23)cccc2)c3)=O)O)c1	Russian Academy of Science (Russia)	A0867/0040661		CO-ADD:PC0244	32	32	32	8	32	32	32	32	32																																					
CO-ADD:0227324	c1(ccc(c(cccc2)c12)Br)CC(=O)N\\N=C\\c(ccc(c3OC)O)c3	Russian Academy of Science (Russia)	A0868/0040712		CO-ADD:PC0244	18.1	32	32	32	32	32	32	32	32																																					
CO-ADD:0227361	c12c(cccc1NC(=O)c(cc3)ccc3C(=O)Nc4cccc(C(=O)c(c5C6=O)cccc5)c46)C(=O)c(c7C2=O)cccc7	Russian Academy of Science (Russia)	A0869/0040761		CO-ADD:PC0244	32	32	32	32	32	32	32	32	32																																					
CO-ADD:0227235	c(cc(I)cc1I)(\\C=N\\c2cc(CC)ccc2O)c1O	Russian Academy of Science (Russia)	A0866/0040606		CO-ADD:PC0244	19.2	32	32	16	32	32	16	8	32																																					
CO-ADD:0227649	C1(C2=O)C(C(C=C3)OC13CNC(COc4ccc(cc4Cl)Cl)=O)C(N2c(cc5)ccc5[N+](=O)[O-])=O	Russian Academy of Science (Russia)	A0847/0039660		CO-ADD:PC0244	27.6	32	32	32	32	32	32	8	32																																					
CO-ADD:0227652	C1(C2=O)C(C(C=C3)OC13CNC(=O)c4ccc(cc4Cl)Cl)C(N2c(cc5)ccc5[N+](=O)[O-])=O	Russian Academy of Science (Russia)	A0847/0039663		CO-ADD:PC0244	32	32	32	32	32	32	32	8	32																																					
CO-ADD:0227687	c1(cc(Br)cc(Br)c1O)C(=O)Nc(cc(Cl)cc2C(=O)c3ccc(cc3)C)c2Cl	Russian Academy of Science (Russia)	A0849/0039748		CO-ADD:PC0244	19.7	32	32	4	32	32	32	32	32																																					
CO-ADD:0227696	c1(cc(Cl)cc(Cl)c1O)C(=O)Nc2ccccc2Oc3cc(C)ccc3C(C)C	Russian Academy of Science (Russia)	A0849/0039773		CO-ADD:PC0244	18	32	32	16	32	32	32	32	32												32	16	16					16	32	32																
CO-ADD:0227782	C1(C#N)(C#N)C(c(ccnn2)c2)C(N(c3c(cccc3)C=C4)C14)C(c5ccccc5)=O	Russian Academy of Science (Russia)	A0855/0040072		CO-ADD:PC0244	4.35	32	32	32	32	32	32	32	32																																					
CO-ADD:0229751	N1(C(=O)c(c2C1=O)ccc(C(=O)c(cc3)ccc3C(O)=O)c2)C4=CNC(NC4=O)=O	Russian Academy of Science (Russia)	A0832/0039023		CO-ADD:PC0246	32	32	32	32	32	32	32	32	32																																					
CO-ADD:0229434	c1(cc(OC)cc(\\C=N\\c2cccc(OC)c2)c1O)[N+](=O)[O-]	Russian Academy of Science (Russia)	A0816/0038208		CO-ADD:PC0246	32	32	32	32	32	32	32	8	32																																					
CO-ADD:0229033	c(cc(cc1C(N)=O)[N+](=O)[O-])(c1N)[N+](=O)[O-]	Russian Academy of Science (Russia)	A0793/0037164		CO-ADD:PC0246	32	32	32	32	32	32	32	32	32																																					
CO-ADD:0153065	CC(C)CCC1=C(C(NCCCN(C)C)=O)N=C(NC(C2=CC(NC(C3=CC(NC(C4=CC=C(C(OC)=O)C=C4)=O)=CN3C)=O)=CN2C)=O)S1.OC(C(F)(F)F)=O	University of Strathclyde (UK)	FS-5/38		CO-ADD:PC0154	2.72	32	32	32	32	32	32	32																																						
CO-ADD:0153078	O=C(C1=CC2=C(C=CC=C2)C=N1)NC3=CN(C)C(C(NC4=CN(C)C(C(NC5=CN(CCCN(C)C)C=N5)=O)=C4)=O)=C3.OC(C(F)(F)F)=O	University of Strathclyde (UK)	AIK-19/49/1(8)		CO-ADD:PC0154	7.3	32	32	32	32	32	32	16																																						
CO-ADD:0153083	O=C(NC1=CN(C)C(C(NC2=NC(C(NCCCN(C)C)=O)=C(CCC(C)C)S2)=O)=C1)C3=NC=C(C=CC=C4)C4=C3.OC(C(F)(F)F)=O	University of Strathclyde (UK)	AIK-19/35(3)		CO-ADD:PC0154	2.17	32	32	32	32	32	32	32																																						
CO-ADD:0153085	CN1C=C(NC(C(C=C2)=CC3=C2N=C(/C=C/C4=CC=C(C=C4)SC)C=C3)=O)C=C1C(NC5=CN(C)C(C(NCCN6CCOCC6)=O)=C5)=O.OC(C(F)(F)F)=O	University of Strathclyde (UK)	AIK-20/25/3(12)		CO-ADD:PC0154	32	32	32	32	32	32	4	8																																						
CO-ADD:0153087	CN1C=C(NC(C2=CC(NC(C3=CC=C(Cl)C=C3Cl)=O)=CN2C)=O)C=C1C(NC4=CN(C)C(C(NCCCN5CCOCC5)=O)=C4)=O.OC(C(F)(F)F)=O	University of Strathclyde (UK)	AIK-18/99/4(8)		CO-ADD:PC0154	7.32	32	32	32	32	32	32	32																																						
CO-ADD:0153092	O=C(NC1=CN(C)C(C(NC2=CN(C)C(C(NCCN3CCOCC3)=O)=C2)=O)=C1)C4=NC=C(C=CC=C5)C5=C4.OC(C(F)(F)F)=O	University of Strathclyde (UK)	AIK-19/37(4)		CO-ADD:PC0154	32	32	32	32	32	32	32	32																																						
CO-ADD:0153094	CN1C=C(NC(C2=CC=C(/C=C/C3=C(ON4N=NC5=C4C=CC=C5)N=C6C(C=CC=C6)=C3)C=C2)=O)C=C1C(NC7=CN(C)C(C(NCCN8CCOCC8)=O)=C7)=O.OC(C(F)(F)F)=O	University of Strathclyde (UK)	AIK-20/8/2(3)		CO-ADD:PC0154	32	32	32	32	32	32	32	32																																						
CO-ADD:0153096	CN1C=C(NC(C2=CC=C(/C=C/C3=CC=C(C=CC=C4)C4=N3)C=C2)=O)C=C1C(NC5=CN(C)C(C(NCCN6CCOCC6)=O)=C5)=O.OC(C(F)(F)F)=O	University of Strathclyde (UK)	AIK-20/8/3(6)		CO-ADD:PC0154	1.95	32	32	4	32	32	4	4																																						
CO-ADD:0153101	CN1C=C(NC(C2=CC(NC(C3=CC(NC([H])=O)=CN3C)=O)=CN2C)=O)C=C1C(NC4=NC(C(NCCCN(C)C)=O)=C(C(C)C)S4)=O.OC(C(F)(F)F)=O	University of Strathclyde (UK)	AIK-16/70(3)		CO-ADD:PC0154	32	32	32	16	32	32	32	32																																						
CO-ADD:0229497	N1(c2ccc(cc2)C)C(=O)\\C(\\C(C)=N1)=C\\Nc(c(Cl)c3)c(Cl)cc3[N+](=O)[O-]	Russian Academy of Science (Russia)	A0824/0038622		CO-ADD:PC0246	32	32	32	16	32	32	32	32	32																																					
CO-ADD:0229504	N1(c2ccc(cc2)C)C(=O)\\C(\\C(C)=N1)=C/NNc(cc3)ccc3C	Russian Academy of Science (Russia)	A0824/0038632		CO-ADD:PC0246	9.5	8	32	32	32	32	32	32	32											32				32	32	32	32				32	32	32	32	32	32	32	32	32	32	32					
CO-ADD:0229514	N1(c2ccc(cc2)C)C(=O)\\C(\\C(C)=N1)=C/NNc3cccc(Cl)c3	Russian Academy of Science (Russia)	A0825/0038649		CO-ADD:PC0246	32	32	32	32	32	32	2	2	32											32				32	32	2	2				32	32	8	16	32	32										
CO-ADD:0163577	C(=C\\c(ccc(c12)OCO1)c2)(/NC(c3ccccc3)=O)\\C(=O)N\\N=C\\c(cc(Br)cc4I)c4O	Russian Academy of Science (Russia)	A0468/0021660		CO-ADD:PC0200	6.69	32	32	32	32	32	32	32																																						
CO-ADD:0163617	c1(\\C=N\\NC(COc2ccc(cc2OC)Br)=O)cc(Br)ccc1OCC(O)=O	Russian Academy of Science (Russia)	A0469/0021690		CO-ADD:PC0200	17.2	32	32	32	32	32	32	32																																						
CO-ADD:0163620	C(=N\\NC(COc1c(Br)cc(cc1Br)C)=O)(/c(cc(Br)cc2C)c2N3C)\\C3=O	Russian Academy of Science (Russia)	A0469/0021696		CO-ADD:PC0200	32	32	32	32	32	32	32	32																																						
CO-ADD:0155374	O=C(S/1)N(CNC2=CC=CC=C2C(OC)=O)C(C1=C\\C(C=CC=C3)=C3I)=O	Russian Academy of Science (Russia)	A0074/0003026		CO-ADD:PC0168	32	32	32	32	32	32	32	16																																						
CO-ADD:0155094	N#CC([C@H](C1=CC(I)=CC=C1)[C@H]2C(C)=O)(C#N)[C@]3([H])N2C(C=CC=C4)=C4C=C3	Russian Academy of Science (Russia)	A0038/0001582		CO-ADD:PC0168	9.55	32	32	32	32	32	32	32																																						
CO-ADD:0163691	N1(c(cc2)ccc2C(OCCCCCCC)=O)C(=O)c3c(c4C1=O)c(c(CC5)cc3)c5cc4	Russian Academy of Science (Russia)	A0471/0021800		CO-ADD:PC0200	32	32	32	32	32	32	8	4																																						
CO-ADD:0163700	[N+](=O)([O-])c(ccc(c1\\C=N\\c(c(Cl)ccc2C(F)(F)F)c2)O)c1	Russian Academy of Science (Russia)	A0471/0021817		CO-ADD:PC0200	32	32	32	8	32	32	32	8	32												32	32	32	32	8	8	32																			
CO-ADD:0163776	c1(cc(ccc1O)Cc(ccc(c2\\C=N\\c3ccccc3CC)O)c2)\\C=N\\c4ccccc4CC	Russian Academy of Science (Russia)	A0474/0021929		CO-ADD:PC0200	32	32	32	32	32	32	32	8																																						
CO-ADD:0166418	N1(CNc(cc2)ccc2Cl)C(=O)\\C(\\SC1=S)=C\\c(cc3)ccc3C(OC)=O	Russian Academy of Science (Russia)	A0501/0023244		CO-ADD:PC0217	32									32	32	32	32	32	32	32																														
CO-ADD:0166431	C(F)(F)(C(F)(F)COc1ccccc1\\N=C\\c(cc(Cl)cc2Cl)c2O)C(F)(F)C(F)F	Russian Academy of Science (Russia)	A0501/0023268		CO-ADD:PC0217	32									32	32	32	32	32	32	32																														
CO-ADD:0157968	O=C(N/N=C/C1=C(C(Br)=CC(Br)=C1)OC(C2=CC(F)=CC=C2)=O)/C(NC(C3=CC=CC=C3)=O)=C\\C4=CC=C(C=C4)N(C)C	Russian Academy of Science (Russia)	A0258/0011684		CO-ADD:PC0179	32	32	32	32	32	32	32	32																																						
CO-ADD:0157987	O=C1OC(C=C2OCC(NC3=NC(C4=CC=C(Br)C=C4)=CS3)=O)=C(C=C2)C(C)=C1	Russian Academy of Science (Russia)	A0259/0011718		CO-ADD:PC0179	32	32	32	32	32	32	32	32																																						
CO-ADD:0157998	N#CC(C(SCC(NC1=CC=C(OC)C=C1)=O)=NC(C)=C2)=C2C(F)(F)F	Russian Academy of Science (Russia)	A0260/0011758		CO-ADD:PC0179	32	32	32	32	32	32	32	32																																						
CO-ADD:0158051	[O-][N+](C1=CC([N+]([O-])=O)=CC(C(OC2=CC=CC(/C=N/C(C=C3)=CC=C3I)=C2)=O)=C1)=O	Russian Academy of Science (Russia)	A0264/0011951		CO-ADD:PC0179	32	32	32	32	32	32	32	32																																						
CO-ADD:0161988	N(\\C(=C/c(cc1OCC)cc(c1OC(C)=O)Br)\\C(O2)=O)=C2c3ccc(cc3)C	Russian Academy of Science (Russia)	A0420/0019393		CO-ADD:PC0197	32	32	32	32	32	32	32																																							
CO-ADD:0162006	C(=O)(OC(C)(C)C)Nc1ccccc1Cl	Russian Academy of Science (Russia)	A0435/0020156		CO-ADD:PC0197	32	32	32	32	32	32	32	32																																						
CO-ADD:0162105	N1(C2(CC3CC(C2)CC4(C3)N5C(=O)c(c6C5=O)ccc(C(=O)c(cc7)ccc7C(O)=O)c6)C4)C(=O)c(c8C1=O)ccc(C(=O)c(cc9)ccc9C(O)=O)c8	Russian Academy of Science (Russia)	A0380/0017457		CO-ADD:PC0199	32	32	32	32	32	32	32	32																																						
CO-ADD:0162119	c1(sc(c2n1)cccc2)Sc3ccc(\\C=N\\c(cc4)ccc4N(CC)CC)o3	Russian Academy of Science (Russia)	A0381/0017506		CO-ADD:PC0199	31.7	32	32	32	32	32	32	32																																						
CO-ADD:0162143	C1(CCCC1)(CNCC(c2ccccc2)c3ccccc3)c4ccc(cc4)OCCCC.Cl	Russian Academy of Science (Russia)	A0383/0017628		CO-ADD:PC0199	32	32	32	32	32	32	32	16																																						
CO-ADD:0155452	COC1=CC=C(C=C1)/C=N/C2=CC=C(C=C2)C(N3)=NC4=C3C=CC(/N=C/C(C=C5)=CC=C5OC)=C4	Russian Academy of Science (Russia)	A0102/0004408		CO-ADD:PC0168	32	32	32	32	32	32	16	8	32												32	32	32	8	16	16	16																			
CO-ADD:0155456	O=C(N/N=C/C1=CC(Cl)=CC=C1O)C2=NNC(C3=CC=CC=C3)(C4=CC=CC=C4)C2	Russian Academy of Science (Russia)	A0102/0004415		CO-ADD:PC0168	19	32	32	32	32	32	32	8																																						
CO-ADD:0155465	NC1=NON=C1N=NC2=CC=C(C(C=NC3=CC=CC=C3C)=C2)O	Russian Academy of Science (Russia)	A0103/0004451		CO-ADD:PC0168	32	32	32	32	32	32	32	32																																						
CO-ADD:0155514	O=C(C(C=C1)=CC=C1OC)OC(C=C2)=CC=C2/C=N/C3=C(C(OCC)=O)C(CCCC4)=C4S3	Russian Academy of Science (Russia)	A0106/0004600		CO-ADD:PC0168	32	32	32	32	32	32	32	8																																						
CO-ADD:0158061	[O-][N+](C1=CC([N+]([O-])=O)=CC(C(N/N=C/C=C(O)\\C(C=C2)=CC=C2C)=O)=C1)=O	Russian Academy of Science (Russia)	A0265/0011996		CO-ADD:PC0179	32	32	32	32	32	32	32	16																																						
CO-ADD:0159662	ClC(C=C1)=CC=C1C2=NN=C3N2C(OCCC4=CC=CC=C4)=CN=C3	Open Source Malaria	OSM-S-293		CO-ADD:PC0181	32	32	32	32	32	32	16	32																																						
CO-ADD:0159671	FC(F)(C(O)=O)F.FC(F)(C(O)=O)F.O=C1N(CC)C(C2=CC=C(N3N=NC(CN4CCN([H])CCCN(CC5=CN(C6=CC=C(C(N7CC)=O)C(C6=CC=C8)=C8C7=O)N=N5)CCN([H])CCC4)=C3)C9=CC=CC1=C29)=O	Open Source Malaria	YMF-126		CO-ADD:PC0181	32	32	32	32	32	32	32	32																																						
CO-ADD:0159672	O=Cl(=O)([O-])=O.O=Cl(=O)([O-])=O.O=C(C1=CC=C(C2=CC=CC3=C12)N4N=[N+]5C(C[N+]67CC[N+]8(CCC[N+]9%10CC%11=CN(N=[N+]%11[Cu]8695[N+]([H])(CCC7)CC%10)C%12=CC=C(C%13=C(C%14=O)C=CC=C%13%12)C(N%14CC)=O)[H])=C4)N(C3=O)CC.O	Open Source Malaria	YMF-127		CO-ADD:PC0181	32	32	32	32	32	32	32	32																																						
CO-ADD:0160449	[O-][N+](C1=C(Cl)C=C(Cl)C(/C=C2C(N/C(S\\2)=N/N=C/C3=CC(I)=CC(I)=C3O)=O)=C1)=O	Russian Academy of Science (Russia)	A0349/0016096		CO-ADD:PC0186	32	32	32	32	32	32	32	16																																						
CO-ADD:0158520	BrC1=CC(Cl)=CC(/C=N/C2=CC=C(C=C2)C3=NC4=CC=CC=C4O3)=C1O	Russian Academy of Science (Russia)	A0297/0013530		CO-ADD:PC0179	32	32	32	32	32	32	32	32																																						
CO-ADD:0160173	[O-][N+](C(C=C1[N+]([O-])=O)=C(C=C1)NC(COC2=CC=C(OC)C=C2)=O)=O	Russian Academy of Science (Russia)	A0336/0015423		CO-ADD:PC0186	32	32	32	32	32	32	32	32																																						
CO-ADD:0155540	O=C(N(N=C1C)C(C=C2C)=CC=C2C)C31C4(C(N(N=C4C)C(C=C5C)=CC=C5C)=O)C3C6=CC=CC=C6Cl	Russian Academy of Science (Russia)	A0107/0004675		CO-ADD:PC0168	32	32	32	32	32	32	32	32																																						
CO-ADD:0155548	[O-][N+](C(N=N1)=NN1C/C(C)=N/NC(C2=CC=CC([N+]([O-])=O)=C2)=O)=O	Russian Academy of Science (Russia)	A0108/0004692		CO-ADD:PC0168	28.4	16	32	32	32	32	32	32	32												32	32	32	32	32	32	32																			
CO-ADD:0163987	C(=O)(Oc(cc1)ccc1\\C=N\\c(cc2)ccc2Cl)\\C=C\\C(=O)Oc(cc3)ccc3\\C=N\\c(cc4)ccc4Cl	Russian Academy of Science (Russia)	A0481/0022275		CO-ADD:PC0200	32	32	32	32	32	32	16	4																																						
CO-ADD:0160535	BrC1=C(O)C(/C=N/C2=C(O)C=CC(CC3=CC=C(O)C(/N=C/C4=C(O)C(Br)=C(O)C(Br)=C4)=C3)=C2)=CC(Br)=C1O	Russian Academy of Science (Russia)	A0352/0016227		CO-ADD:PC0186	32	32	32	32	32	32	32	32																																						
CO-ADD:0160201	O=C(C)NC1=CC=C(C=C1)/N=C/C2=CC(Cl)=CC(Br)=C2O	Russian Academy of Science (Russia)	A0337/0015477		CO-ADD:PC0186	32	32	32	32	32	32	32	32																																						
CO-ADD:0160204	O=C([H])C1=CC=C(C2=CC=C(C(Cl)=C2)Cl)O1	Russian Academy of Science (Russia)	A0337/0015502		CO-ADD:PC0186	32	32	32	32	32	32	32	32																																						
CO-ADD:0155710	O=C(C(C=C1)=CC=C1C)NC2=NN=C(C(F)(F)F)S2	Russian Academy of Science (Russia)	A0112/0004888		CO-ADD:PC0168	5.81	32	32	32	32	32	32	8																																						
CO-ADD:0155724	[O-][N+](C1=CC(/C=N/C2=CC=C(C=C2)C(N3)=NC4=C3C=CC(N)=C4)=CC=C1)=O	Russian Academy of Science (Russia)	A0114/0004982		CO-ADD:PC0168	32	32	32	32	32	32	16	8																																						
CO-ADD:0155748	O=C(NC1=C(C=CC=C2)C2=NC3=C1C=CC=C3)C(C(F)(F)F)(F)OC(F)(F)C(F)(F)C(F)(F)F	Russian Academy of Science (Russia)	A0117/0005128		CO-ADD:PC0168	3.24	32	32	32	32	32	32	32																																						
CO-ADD:0161622	N1\\C(=N/N=C/c2ccc(cc2OC)OC)\\S\\C(=C\\c(c(O)ccc3[N+](=O)[O-])c3)\\C1=O	Russian Academy of Science (Russia)	A0409/0018877		CO-ADD:PC0197	32	32	32	32	32	32	32	32																																						
CO-ADD:0158078	O=C(/C=C/C(C=C1)=CC=C1Br)OC2=CC=CC=C2/C=N\\C(C=C3)=CC=C3C	Russian Academy of Science (Russia)	A0266/0012062		CO-ADD:PC0179	32	32	32	32	32	32	32	32																																						
CO-ADD:0158089	[O-][N+](C1=CC(C(OC2=CC=CC(/C=N/C(C=C3)=CC=C3Cl)=C2)=O)=CC([N+]([O-])=O)=C1)=O	Russian Academy of Science (Russia)	A0267/0012135		CO-ADD:PC0179	32	32	32	32	32	32	32	32																																						
CO-ADD:0156207	[O-][N+](C1=CC=CC(/C=N/C2=CC=C(C=C2)C(O3)=NC4=C3C=CC(C)=C4)=C1O)=O	Russian Academy of Science (Russia)	A0158/0007078		CO-ADD:PC0168	32	32	32	32	32	32	32	32																																						
CO-ADD:0158131	O=C(C1=CC=NC=C1)N/N=C/C2=CC=C(C(Br)=C2)OC	Russian Academy of Science (Russia)	A0274/0012464		CO-ADD:PC0179	32	32	32	32	32	32	32	32																																						
CO-ADD:0158140	O=C(C(C=C1)=CC=C1C)OC/C(C(C=C2)=CC=C2Br)=N/O	Russian Academy of Science (Russia)	A0275/0012500		CO-ADD:PC0179	32	32	32	32	32	32	32	32																																						
CO-ADD:0158175	N#CC1=C(SCC2=CC=CC=C2F)N=C(C3=CC=CS3)C=C1C4=CC=C(F)C=C4	Russian Academy of Science (Russia)	A0278/0012633		CO-ADD:PC0179	32	32	32	32	32	32	32	32																																						
CO-ADD:0159790	O=C(S/1)N(CNC2=C(C=CC=C2)C(F)(F)F)C(C1=C\\C3=CC=CC(F)=C3)=O	Russian Academy of Science (Russia)	A0317/0014515		CO-ADD:PC0186	32	32	32	32	32	32	32	16																																						
CO-ADD:0162223	c1(N(CC2)CCN2C)nc(N\\N=C\\c3cccc(Cl)c3)nc(Nc(cc4)ccc4[N+](=O)[O-])n1	Russian Academy of Science (Russia)	A0421/0019451		CO-ADD:PC0199	26.5	32	32	32	32	32	32	32																																						
CO-ADD:0162233	c1(N(CC2)CCN2C)nc(N\\N=C\\c(c3)c(O)c(cc3[N+](=O)[O-])Br)nc(Nc(cc4)ccc4[N+](=O)[O-])n1	Russian Academy of Science (Russia)	A0420/0019435		CO-ADD:PC0199	32	32	32	32	32	32	32	32																																						
CO-ADD:0158644	[O-][N+](C1=CC=C(C(/C=N/CCCCCCCCCC)=C1)OC(C2=CC=CC=C2C(O)=O)=O)=O	Russian Academy of Science (Russia)	A0305/0013914		CO-ADD:PC0179	32	32	32	32	32	32	32	16	32												32	32	32	32	16	16	16																			
CO-ADD:0158657	O=C(S/1)N(CNC2=CC=C(C(Cl)=C2)C)C(C1=C/C3=CC=CC=C3)=O	Russian Academy of Science (Russia)	A0306/0013963		CO-ADD:PC0179	32	32	32	32	32	32	32	32																																						
CO-ADD:0158678	O=C(/C(C1=C2C(C)=CC(Br)=C1)=N\\NC(C3=CN=CC=C3)=O)N2C	Russian Academy of Science (Russia)	A0306/0013993		CO-ADD:PC0179	32	32	32	32	32	32	32	32																																						
CO-ADD:0157158	O=C(CCCCCN(CC(O)COC1=CC=CC=C1)CC(O)COC2=CC=CC=C2)O	Russian Academy of Science (Russia)	A0196/0008685		CO-ADD:PC0179	32	32	32	32	32	32	32	32																																						
CO-ADD:0157187	[O-][N+](C(N1C2=NC=N1)=NN2CC(C)=O)=O	Russian Academy of Science (Russia)	A0201/0008926		CO-ADD:PC0179	2.85	32	32	16	32	32	32	32																																						
CO-ADD:0157190	N#CC1=C(SCC(C2(C[C@H]3C4)C[C@H]4C[C@H](C3)C2)=O)N=C(C(C=C5)=CC=C5C)C=C1C6=CC=C(Cl)C=C6	Russian Academy of Science (Russia)	A0201/0008932		CO-ADD:PC0179	32	32	32	32	32	32	32	8	32												32	32	32	32	32	32	32																			
CO-ADD:0157216	O=C(C1=C2C=CC=C1)C(N3CCN(C)CC3)=C(N)C2=O	Russian Academy of Science (Russia)	A0203/0009041		CO-ADD:PC0179	32	32	32	32	32	32	32	32																																						
CO-ADD:0164386	CN1CCN(CC1)c1c(F)cc2c3c1SCCn3cc(C(O)=O)c2=O.Cl	NIH (USA) - Clinical Collection	SAM001246726	Rufloxacin hydrochloride	CO-ADD:PL0013										10	10	10	10	1.25	10	2.5	10																													
CO-ADD:0164408	CCOc1ccc2ccccc2c1C(=O)N[C@H]1[C@H]2SC(C)(C)[C@@H](N2C1=O)C([O-])=O.[Na+]	NIH (USA) - Clinical Collection	SAM002589927	Nafcillin sodium	CO-ADD:PL0013										10	10	10	10	10	10	1.25	10																													
CO-ADD:0164420	C[C@H]1O[C@H](O[C@@H]2[C@@H](CO)O[C@H](O[C@@H]3[C@@H](CO)OC(O)[C@H](O)[C@H]3O)[C@H](O)[C@H]2O)[C@H](O)[C@@H](O)[C@@H]1N[C@H]1C=C(CO)[C@@H](O)[C@H](O)[C@H]1O	NIH (USA) - Clinical Collection	SAM001246733	Acarbose	CO-ADD:PL0013										10	10	10	10	10	10	10	10																													
CO-ADD:0164427	Nc1ncn([C@@H]2O[C@H](CO)[C@@H](O)[C@H]2O)c(=O)n1	NIH (USA) - Clinical Collection	SAM002264595	5-Azacytidine	CO-ADD:PL0013										10	10	10	10	10	10	10	10																													
CO-ADD:0164463	Cc1cn([C@H]2C[C@H](N=[N+]=[N-])[C@@H](CO)O2)c(=O)[nH]c1=O	NIH (USA) - Clinical Collection	SAM002548971	Zidovudine	CO-ADD:PL0013										10	10	5	10	5	10	10	10																													
CO-ADD:0160594	S=C(S/1)N(CNC2=C(C)C=C(C)C=C2)C(C1=C\\C3=CC(Cl)=C(Cl)C=C3)=O	Russian Academy of Science (Russia)	A0354/0016323		CO-ADD:PC0186	32	32	32	32	32	32	32	32																																						
CO-ADD:0156552	Cl[Pt](P(C1=CC=CC=C1)(C2=CC=CC=C2)C3=CC=CC=C3)(C4=C5C6=CC=CC=C6C=C4)N[C@@H]5C	Universitat de Barcelona (Spain)	mcub2		CO-ADD:PC0172	2.16	32	32	4	32	32	32	16																																						
CO-ADD:0156554	Cl[Pt](P(C1=CC=CC=C1)(C2=CC=CC=C2)C3=CC=CC=C3)(C4=C5C6=CC=CC=C6C=C4)N[C@H]5C	Universitat de Barcelona (Spain)	mcub4		CO-ADD:PC0172	2.98	32	32	4	32	32	16	16																																						
CO-ADD:0164508	C[C@H](O)[C@H](C)[C@@H]1O[C@H]1C[C@H]1CO[C@@H](C\\C(C)=C\\C(=O)OCCCCCCCCC(O)=O)[C@H](O)[C@@H]1O	NIH (USA) - Clinical Collection	SAM002589979	Mupirocin	CO-ADD:PL0013										10	10	10	10	10	10	0.3125	10																													
CO-ADD:0164577	Nc1nc(cs1)C(=N/OCC(O)=O)\\C(=O)N[C@H]1[C@H]2SCC(C=C)=C(N2C1=O)C(O)=O.O.O.O	NIH (USA) - Clinical Collection	SAM001246816	Cefixime trihydrate	CO-ADD:PL0013										10	10	10	10	2.5	10	10	10																													
CO-ADD:0160623	O=S(C1=C([N+]([O-])=O)N=C(C)N1CC2=CC=CC=C2)(CC(N)=O)=O	Russian Academy of Science (Russia)	A0356/0016408		CO-ADD:PC0186	8.14	32	32	32	32	32	32	32																																						
CO-ADD:0158188	N#CC1=C(N)OC(CCl)=C(C(OCC)=O)C1C2=CC=CN=C2	Russian Academy of Science (Russia)	A0278/0012646		CO-ADD:PC0179	32	32	32	32	32	32	32	32																																						
CO-ADD:0161344	c1(C#N)c(c2ccc(cc2)Cl)cc(nc1SCC(=O)c3cccs3)c4cccs4	Russian Academy of Science (Russia)	A0372/0017098		CO-ADD:PC0197	32	32	32	32	32	32	32	2	32												32	32	32	32	32	32	32																			
CO-ADD:0161354	n1c(ccc(C#N)c1SCC(=O)CC(OCC)=O)c(cccn2)c2	Russian Academy of Science (Russia)	A0372/0017109		CO-ADD:PC0197	32	32	32	32	32	32	32	32																																						
CO-ADD:0156514	[O-][N+](C(C=C1)=CC=C1C(C(C2=CC=C(C=C2)[N+]([O-])=O)=O)=O)=O	Russian Academy of Science (Russia)	A0174/0007840		CO-ADD:PC0168	32	32	32	32	32	32	32	32																																						
CO-ADD:0164623	CCc1c2Cn3c(cc4c(COC(=O)[C@]4(O)CC)c3=O)-c2nc5ccc(OC(=O)N6CCC(CC6)N7CCCCC7)cc15.O.O.O.Cl	NIH (USA) - Clinical Collection	SAM001246598	Irinotecan hydrochloride	CO-ADD:PL0013										10	10	10	10	10	10	10	0.341																													
CO-ADD:0164640	NC1CCN(C1)c1nc2n(cc(C(O)=O)c(=O)c2cc1F)-c1ccc(F)cc1F.Cc1ccc(cc1)S(=O)(=O)O	NIH (USA) - Clinical Collection	SAM001246686	Tosufloxacin tosilate	CO-ADD:PL0013										0.3125	0.625	1.25	10		10		10																													
CO-ADD:0164722	COCc1c(nc(C(C)C)c(\\C=C\\[C@@H](O)C[C@@H](O)CC([O-])=O)c1-c1ccc(F)cc1)C(C)C.[Na+]	NIH (USA) - Clinical Collection	SAM001246554	Cerivastatin sodium	CO-ADD:PL0013										10	10	10	5	10	5	10	10																													
CO-ADD:0158195	N#CC1=C(N)SC(C2)=C1CCN2C(C)C	Russian Academy of Science (Russia)	A0279/0012654		CO-ADD:PC0179	32	32	32	32	32	32	32	16																																						
CO-ADD:0158216	O=C(C(C=C1)=CC=C1Cl)OC2=C(C=CC=C2)/C=N/NC(C3=C(Cl)C=C(Cl)C=C3)=O	Russian Academy of Science (Russia)	A0281/0012735		CO-ADD:PC0179	32	32	32	32	32	32	32	32																																						
CO-ADD:0158233	O=S(N(C1=CC=C(OC)C=C1)CC(N/N=C/C2=CC=C(C(OCC)=C2)OCCC)=O)(C3=CC=CC=C3)=O	Russian Academy of Science (Russia)	A0282/0012782		CO-ADD:PC0179	32	32	32	32	32	32	32	32																																						
CO-ADD:0158287	O=C(NC1=C(C=CC=C2)C2=CC=C1)C3=C(C)OC(C4=CC=CC=C4)=C3	Russian Academy of Science (Russia)	A0285/0012947		CO-ADD:PC0179	32	32	32	32	32	32	32	32																																						
CO-ADD:0157326	O=C1/C(N=C(C(C=C2)=CC=C2I)O1)=C/C(C=C3)=CC=C3C	Russian Academy of Science (Russia)	A0210/0009405		CO-ADD:PC0179	32	32	32	32	32	32	32	32																																						
CO-ADD:0164746	CN(CCCN1c2ccccc2CCc2ccccc12)CC(=O)c1ccc(Cl)cc1	NIH (USA) - Clinical Collection	SAM001246632	Lofepramine	CO-ADD:PL0013										10	10	10	10	10	10	10	10																													
CO-ADD:0164754	CC[C@H]1OC(=O)[C@H](C)[C@@H](O[C@H]2C[C@@](C)(OC)[C@@H](O)[C@H](C)O2)[C@H](C)[C@@H](O[C@@H]2O[C@H](C)C[C@@H]([C@H]2O)N(C)C)[C@@](C)(C[C@@H](C)C(=O)[C@H](C)[C@@H](O)[C@]1(C)O)OC	NIH (USA) - Clinical Collection	SAM001246748	Clarithromycin	CO-ADD:PL0013										10	10	10	10	10	10	10	10																													
CO-ADD:0164760	CC(=O)NC[C@H]1CN(C(=O)O1)c1ccc(N2CCOCC2)c(F)c1	NIH (USA) - Clinical Collection	SAM001246624	Linezolid	CO-ADD:PL0013										10	10	10	10	10	10	2.5	4.46																													
CO-ADD:0164785	CO[C@H]1\\C=C\\O[C@@]2(C)Oc3c(C2=O)c2c(O)c(C=NN4CCN(C)CC4)c(NC(=O)\\C(C)=C/C=C/[C@H](C)[C@H](O)[C@@H](C)[C@@H](O)[C@@H](C)[C@H](OC(C)=O)[C@@H]1C)c(O)c2c(O)c3C	NIH (USA) - Clinical Collection	SAM002264646	Rifampicin	CO-ADD:PL0013										2.5	10	10	10	10	10		10																													
CO-ADD:0164804	OC(Cn1cncn1)(Cn1cncn1)c1ccc(F)cc1F	NIH (USA) - Clinical Collection	SAM002589905	Fluconazole	CO-ADD:PL0013										10	10	10	10	10	2.5	10	10																													
CO-ADD:0159934	N#CCC(N/N=C/C1=CC=C(N2CCOCC2)O1)=O	Russian Academy of Science (Russia)	A0319/0014629		CO-ADD:PC0186	32	32	32	32	32	32	32	32																																						
CO-ADD:0159943	O=C1/C(N=C(C(C=C2)=CC=C2Cl)O1)=C/C(C=C3)=CC=C3C	Russian Academy of Science (Russia)	A0320/0014644		CO-ADD:PC0186	32	32	32	32	32	32	32	32																																						
CO-ADD:0160635	O=C(N(C1=C(Cl)C=C(Cl)C=C1)N=C/2C)C2=C\\C3=CC=C(F)C=C3	Russian Academy of Science (Russia)	A0356/0016448		CO-ADD:PC0186	19.4	32	32	32	32	32	32	8																																						
CO-ADD:0155803	O=C(NCCCCCCCC)OCC1C2=C(C3=C1C=CC=C3)C=CC=C2	Russian Academy of Science (Russia)	A0121/0005364		CO-ADD:PC0168	32	32	32	16	32	32	32	16																																						
CO-ADD:0164936	O[C@H](C[C@H](O)\\C=C\\c1c(nc2ccccc2c1-c1ccc(F)cc1)C1CC1)CC([O-])=O.O[C@H](C[C@H](O)\\C=C\\c1c(nc2ccccc2c1-c1ccc(F)cc1)C1CC1)CC([O-])=O.[Ca+2]	NIH (USA) - Clinical Collection	SAM001246803	Itavastatin calcium	CO-ADD:PL0013										10	10	10	10	10	2.5	10	10																													
CO-ADD:0164986	COc1cccc2C(=O)c3c(O)c4C[C@](O)(C[C@H](OC5CC(N)C(O)C(C)O5)c4c(O)c3C(=O)c12)C(C)=O.Cl	NIH (USA) - Clinical Collection	SAM002589992	Daunorubicin hydrochloride	CO-ADD:PL0013										10	10	10	10	10	10	5	0.148																													
CO-ADD:0154368	OC1=CC=C(CCl)C2=CC=C[N+]([H])=C21.[Cl-]	IQOG CSIS (Spain)	MBA213		CO-ADD:PC0167	2.26	32	32	4	32	32	16	1																																						
CO-ADD:0156890	ClC1=CC=C(C=C1)N/N=C/C2=CC=C(C=C2)N3CCOCC3	Russian Academy of Science (Russia)	A0175/0007890		CO-ADD:PC0179	32	32	32	32	32	32	32	32																																						
CO-ADD:0156920	O=C1/C(C(C2=CC=CC=C2)=NO1)=C\\C3=CC=C(C=C3)N(C)C4=CC=CC=C4	Russian Academy of Science (Russia)	A0176/0007964		CO-ADD:PC0179	13.7	32	32	32	32	32	32	32																																						
CO-ADD:0156980	N#CC1=C(SC2=C1CCCC2)/N=C(C)/CN3N=C([N+]([O-])=O)N=N3	Russian Academy of Science (Russia)	A0180/0008110		CO-ADD:PC0179	7.39	16	32	32	32	32	32	32	32												16	32	32	32	32	32	16																			
CO-ADD:0164993	CO[C@H]1\\C=C\\O[C@@]2(C)Oc3c(C2=O)c2c(O)c(C=NN4CCN(CC4)C4CCCC4)c(NC(=O)\\C(C)=C/C=C/[C@H](C)[C@H](O)[C@@H](C)[C@@H](O)[C@@H](C)[C@H](OC(C)=O)[C@@H]1C)c(O)c2c(O)c3C	NIH (USA) - Clinical Collection	SAM002589953	Rifapentine	CO-ADD:PL0013										10	10	10	10	10	10		10																													
CO-ADD:0165009	Cc1onc(c1C(=O)NC1C2SC(C)(C)C(N2C1=O)C([O-])=O)-c1ccccc1.[Na+]	NIH (USA) - Clinical Collection	SAM002589930	Oxacillin sodium	CO-ADD:PL0013										10	10	10	10	10	10	10	10																													
CO-ADD:0164828	COC(=O)Nc1nc2cc(ccc2[nH]1)C(=O)c1ccc(F)cc1	NIH (USA) - Clinical Collection	SAM001246685	Flubendazole	CO-ADD:PL0013										10	10	10	10	10	10	10	7.02																													
CO-ADD:0166195	[N+](=O)([O-])c(cc1)cc(c1N2CCCCC2CC)\\C=N\\NC(=S)Nc3ccccc3	Russian Academy of Science (Russia)	A0492/0022802		CO-ADD:PC0217	6.68									32	32	32	32	32	32	32																														
CO-ADD:0166219	[N+](=O)([O-])c(ccc(c1\\C=N\\NC(CNC(=O)c2ccco2)=O)O)c1	Russian Academy of Science (Russia)	A0492/0022840		CO-ADD:PC0217	32									32	32	32	32	32	32	4																														
CO-ADD:0166226	[N+](=O)([O-])c(ccc(c1\\C=N\\NC(COc(ccc(c2C)C)c2)=O)O)c1	Russian Academy of Science (Russia)	A0493/0022851		CO-ADD:PC0217	32			32						32	32	32	32	32	32						32	32	32					32	32	32																
CO-ADD:0166250	C(=O)(NNC(CCc(cc1C(C)(C)C)cc(c1O)C(C)(C)C)=O)C(=O)NNC(CCc(cc2C(C)(C)C)cc(c2O)C(C)(C)C)=O	Russian Academy of Science (Russia)	A0494/0022900		CO-ADD:PC0217	2.1									32	32	32	32	32	32	32																														
CO-ADD:0166256	[N+](=O)([O-])c(cccc1C(=O)Nc(cc2)ccc2I)c1	Russian Academy of Science (Russia)	A0494/0022907		CO-ADD:PC0217	32									32	32	32	32	32	32	32																														
CO-ADD:0166260	c1(c(cccc1[N+](=O)[O-])C(OCCCC)=O)C(=O)Nc(cc2)ccc2C(C)=O	Russian Academy of Science (Russia)	A0494/0022916		CO-ADD:PC0217	32									32	32	32	32	32	32	32																														
CO-ADD:0166273	n1(CC)c2c(c(cc(cc3)NC(=O)c4cccs4)c13)cccc2	Russian Academy of Science (Russia)	A0494/0022937		CO-ADD:PC0217	32									32	32	32	32	32	32	32																														
CO-ADD:0158290	O=C(N/N=C/C1=C(Cl)OC(C2=CC=CC=C2)=C1)C3=CC4=CC=CC=C4C=C3O	Russian Academy of Science (Russia)	A0285/0012954		CO-ADD:PC0179	32	32	32	32	32	32	32	32																																						
CO-ADD:0158302	O=C(CCN1CCCCC1)C2=C(CC)OC3=C2C=CC=C3.Cl	Russian Academy of Science (Russia)	A0286/0012988		CO-ADD:PC0179	32	32	32	32	32	32	32	32																																						
CO-ADD:0154533	N#CC(C#N)=CC1=CC([N+]([O-])=O)=CC=C1	IQOG CSIS (Spain)	A62		CO-ADD:PC0167	32	32	32	32	32	32	32	32																																						
CO-ADD:0154550	O=C(C)/C(C(OCC)=O)=CC1=CC=CC=C1	IQOG CSIS (Spain)	A561		CO-ADD:PC0167	13.5	32	32	32	32	32	16	8																																						
CO-ADD:0154572	ClCC1=CC=C(O)C2=C1C=CC=N2	IQOG CSIS (Spain)	MBA150		CO-ADD:PC0167	5.81	32	32	32	32	32	32	16																																						
CO-ADD:0154592	ClC1=NC2=C(C=CC(OC)=C2C=C1C=O)OC	IQOG CSIS (Spain)	Ali7		CO-ADD:PC0167	32	32	32	32	32	32	32	32																																						
CO-ADD:0154769	O=S(NC(C)=O)(C(C=C1)=CC=C1N/N=C/C(C)=C2C(N(C3=CC=CC=C3)N=C/2C)=O)=O	Russian Academy of Science (Russia)	A0002/0000074		CO-ADD:PC0168	32	32	32	32	32	32	32	32																																						
CO-ADD:0156326	[O-][N+](C1=CC(Cl)=C(C=C1)C2=CC=C(/C=N/NC3=NN=C(C)N3N)O2)=O.Cl	Russian Academy of Science (Russia)	A0165/0007418		CO-ADD:PC0168	32	32	32	32	32	32	32	32																																						
CO-ADD:0165053	CCOC(=O)CCC(=O)OC1C(OC2C(C)C(OC3CC(C)(OC)C(O)C(C)O3)C(C)C(=O)OC(CC)C(C)(O)C(O)C(C)C(=O)C(C)CC2(C)O)OC(C)CC1N(C)C	NIH (USA) - Clinical Collection	SAM002564242	Eryped	CO-ADD:PL0013										10	10	10	10	10	10	10	10																													
CO-ADD:0165856	[C@@H]1(C[C@@H]2S(=O)\\N=C\\c(ccc([N+](=O)[O-])c3)c3)[C@@H](C1(C)C)C[C@H]2C	Russian Academy of Science (Russia)	RSSD-42		CO-ADD:PC0217	32									32	32	32	32	32	32	32																														
CO-ADD:0159994	O=C(S/1)N(CNC2=CC=CC(C(F)(F)F)=C2)C(C1=C\\C3=CC=CC=C3)=O	Russian Academy of Science (Russia)	A0321/0014728		CO-ADD:PC0186	32	32	32	32	32	32	32	32																																						
CO-ADD:0160013	O=C(OC1=C2C=CC=C1)N2C(C3=CC=C(C)C=C3)=O	Russian Academy of Science (Russia)	A0322/0014766		CO-ADD:PC0186	32	32	32	32	32	32	32	32																																						
CO-ADD:0160032	BrC(/C=N/NC1=NC(N2CCOCC2)=NC(N3CCOCC3)=N1)=C/C4=CC=CC=C4	Russian Academy of Science (Russia)	A0323/0014804		CO-ADD:PC0186	32	32	32	32	32	32	32	4																																						
CO-ADD:0154833	O=S(NC1=NC(OC)=NC(OC)=C1)(C(C=C2)=CC=C2NC(C3=CC=C(C=C3)[N+]([O-])=O)NC4=CC=C(C=C4)S(NC5=NC(OC)=NC(OC)=C5)(=O)=O)=O	Russian Academy of Science (Russia)	A0012/0000552		CO-ADD:PC0168	32	32	32	32	32	32	32	32																																						
CO-ADD:0155905	N#CC1=C(N)OC(NC(N2)=O)=C(C2=O)C1C3=CC=C([N+]([O-])=O)S3	Russian Academy of Science (Russia)	A0130/0005689		CO-ADD:PC0168	9.41	32	32	16	32	32	8	2																																						
CO-ADD:0165862	[C@H](C(C)C)([C@@H](S(=O)\\N=C\\c1[nH]ccc1)C2)CC[C@H]2C	Russian Academy of Science (Russia)	RSSD-49		CO-ADD:PC0217	32									32	32	32	32	32	32	32																														
CO-ADD:0165973	c1(c2c(cccc2)ccc1OC(=O)c3ccc(cc3)C)\\C=N\\c(cc4)ccc4Br	Russian Academy of Science (Russia)	A0483/0022408		CO-ADD:PC0217	32									32	32	32	32	32	32	32																														
CO-ADD:0166026	C(=S)(Oc(cccc1C(=O)Nc(cc2)ccc2C)c1)N3CCCCC3	Russian Academy of Science (Russia)	A0486/0022552		CO-ADD:PC0217	32									32	32	32	32	32	32	32																														
CO-ADD:0166438	C(F)(F)(C(F)(F)COc(cc1)c(cc1C(F)(F)F)\\N=C\\c(cc(Br)cc2[N+](=O)[O-])c2O)C(F)(F)C(F)F	Russian Academy of Science (Russia)	A0501/0023277		CO-ADD:PC0217	32									32	32	32	16	32	16	32																														
CO-ADD:0166442	C(F)(F)(C(F)(F)COc(cc1)c(cc1C(F)(F)F)\\N=C\\c(c2)c(O)c(cc2[N+](=O)[O-])Br)C(F)(F)C(F)F	Russian Academy of Science (Russia)	A0501/0023281		CO-ADD:PC0217	32									32	32	32	32	32	32	32																														
CO-ADD:0166448	C(F)(F)(C(F)(F)COc1ccccc1\\N=C\\c(c2)c(O)c(cc2[N+](=O)[O-])Br)C(F)(F)C(F)F	Russian Academy of Science (Russia)	A0501/0023288		CO-ADD:PC0217	32									32	32	32	32	32	32	32																														
CO-ADD:0161121	C(C(=O)N\\N=C\\c1cc(Br)cc(C)c1O)(C2)=NNC2(c3ccccc3)c4ccccc4	Russian Academy of Science (Russia)	A0361/0016684		CO-ADD:PC0197	26.3	32	32	32	32	32	32	8																																						
CO-ADD:0155020	N#CC1=C([S-])NC(C2CC2)(O)C([N+]3=CC=C(C)C=C3)C1C(C=C4)=CC=C4Br	Russian Academy of Science (Russia)	A0036/0001532		CO-ADD:PC0168	32	32	32	32	32	32	32	32																																						
CO-ADD:0166456	N1(CNc2ccccc2)C(=O)\\C(\\SC1=O)=C\\c(cc3)ccc3C(OC)=O	Russian Academy of Science (Russia)	A0502/0023301		CO-ADD:PC0217	32									32	32	32	32	32	32	32																														
CO-ADD:0166468	C(=O)(N\\N=C\\c1c2c(cccc2)cc(cccc3)c13)C(=O)NC(C)c4ccccc4	Russian Academy of Science (Russia)	A0502/0023315		CO-ADD:PC0217	32									32	32	32	32	32	32	32																														
CO-ADD:0166520	C(NCCOc(cc1)ccc1OC)(=S)Nc2cccc(cccc3)c23	Russian Academy of Science (Russia)	A0504/0023407		CO-ADD:PC0217	32									32	32	32	32	32	32	32																														
CO-ADD:0165886	C(=O)(Nc1cccc(Cl)c1)C\\C(\\C)=N\\NC(COc(ccc(c2C)Br)c2)=O	Russian Academy of Science (Russia)	A0482/0022351		CO-ADD:PC0217	32									32	32	32	32	32	32	32																														
CO-ADD:0165901	C(N(CC)CC)(=S)Oc(cccc1C(=O)Nc(cc2)ccc2Br)c1	Russian Academy of Science (Russia)	A0483/0022373		CO-ADD:PC0217	32									32	32	32	32	32	32	32																														
CO-ADD:0161940	C(NCCCCCCCCCCCCCCCCCC)(=O)c1ccc(cc1)NC(CCCCCCC)=O	Russian Academy of Science (Russia)	A0418/0019306		CO-ADD:PC0197	11.5	32	16	4	32	32	32	1																																						
CO-ADD:0161944	[N+](=O)([O-])c(cc(cc1[N+](=O)[O-])C(=O)N\\N=C\\CCCCCCCCCCCCCCC)c1	Russian Academy of Science (Russia)	A0418/0019315		CO-ADD:PC0197	32	32	32	32	32	32	32	32																																						
CO-ADD:0161948	[N+](=O)([O-])c(cc(cc1[N+](=O)[O-])C(=O)N\\N=C\\CCCC)c1	Russian Academy of Science (Russia)	A0418/0019323		CO-ADD:PC0197	32	32	32	32	32	32	32	32																																						
CO-ADD:0155045	[O-][N+](C1=CC(OC2=CC=C(C=C2)C(NC3=NC4=C(C=CC=C4)N3CCN(CC)CC)=O)=CC(OC5=CC=CC(Cl)=C5)=C1)=O	Russian Academy of Science (Russia)	A0069/0002909		CO-ADD:PC0168	26.2	32	32	32	32	32	4	16																																						
CO-ADD:0155065	NC1=NON=C1[N+]2=NC3=NON=C3[N-]2	Russian Academy of Science (Russia)	A0070/0002946		CO-ADD:PC0168	3.46	4	32	4	4	32	4																																							
CO-ADD:0156481	[O-]C1=N[N+](C(C=C2)=CC=C2Br)=NO1	Russian Academy of Science (Russia)	A0172/0007743		CO-ADD:PC0168	32	32	32	32	32	32	32	32												32											32			32	32	32										
CO-ADD:0165947	C(=O)(Oc(cc1)ccc1\\C=N\\Nc2ccccc2)Cc3cccc(cccc4)c34	Russian Academy of Science (Russia)	A0485/0022505		CO-ADD:PC0217	32									32	32	32	32	32	32	32																														
CO-ADD:0165954	S(=O)(=O)(c(cc1)ccc1[N+](=O)[O-])Oc(cc2)ccc2\\C=N\\c(ccc(c3C)C)c3	Russian Academy of Science (Russia)	A0486/0022514		CO-ADD:PC0217	32			8						32	32	32	32	32	32						32	32	32					32	32	32																
CO-ADD:0166100	c1(Br)c(O)c(\\C=N\\NC(CNC(=O)c2cccc(F)c2)=O)cc(Br)c1O	Russian Academy of Science (Russia)	A0489/0022670		CO-ADD:PC0217	32									32	32	32	32	32	32	32																														
CO-ADD:0166103	[N+](=O)([O-])c(ccc(c1\\C=N\\NC(CNC(=O)c2cccc(F)c2)=O)OC)c1	Russian Academy of Science (Russia)	A0489/0022674		CO-ADD:PC0217	32									32	32	32	32	32	32	32																														
CO-ADD:0166110	c(\\C=N\\NC(CNC(=O)c(cc1OC)cc(c1OC)OC)=O)(cc(I)cc2I)c2O	Russian Academy of Science (Russia)	A0489/0022684		CO-ADD:PC0217	32									32	32	32	32	32	32	32																														
CO-ADD:0166114	c(\\C=N\\NC(CNC(=O)c1ccc(cc1)Cl)=O)(cc(I)cc2I)c2O	Russian Academy of Science (Russia)	A0489/0022690		CO-ADD:PC0217	32									32	32	32	32	32	32	32																														
CO-ADD:0166129	[N+](=O)([O-])c(c1)cc(c(O)c1\\C=N\\NC(CNC(=O)c2ccc(cc2)Cl)=O)Br	Russian Academy of Science (Russia)	A0490/0022720		CO-ADD:PC0217	32									32	32	32	32	32	32	32																														
CO-ADD:0158475	[O-][N+](C1=CC=C(/C=N/NC(C2=CC(Br)=C(OC)C=C2)=O)O1)=O	Russian Academy of Science (Russia)	A0295/0013420		CO-ADD:PC0179	32	32	32	32	32	32	32	32																																						
CO-ADD:0160107	O=C(/C=C/C1=CC=CC=C1)NC2=NC(C3=CC=CC=C3)=NC(NC(/C=C/C4=CC=CC=C4)=O)=N2	Russian Academy of Science (Russia)	A0331/0015224		CO-ADD:PC0186	32	32	32	32	32	32	32	32																																						
CO-ADD:0160126	[O-][N+](C1=C(O)C(/C=N/C2=C(C(C=C3OC)=CC=C3O)N=C4N2C=CC=C4)=CC=C1)=O	Russian Academy of Science (Russia)	A0333/0015292		CO-ADD:PC0186	32	32	32	32	32	32	32	16	32												32	32	32	32	2	16	8																			
CO-ADD:0155217	N#CC1=C(C)C(/C=N/NC2=CC=CC(Cl)=C2)=C(O)N3C1=NC4=CC=CC=C34	Russian Academy of Science (Russia)	A0059/0002574		CO-ADD:PC0168	32	32	32	32	32	32	32	32																																						
CO-ADD:0156009	O=C(N1)/C(C2=C1C=CC(Br)=C2)=N\\C3=CC=CC=C3C(O)=O	Russian Academy of Science (Russia)	A0141/0006211		CO-ADD:PC0168	32	32	32	32	32	32	32	32																																						
CO-ADD:0156077	O=C1/C(N=C(C2=CC=C(I)C=C2)O1)=C\\C3=CC(OC)=C(C(OC)=C3)OC	Russian Academy of Science (Russia)	A0148/0006565		CO-ADD:PC0168	32	32	32	32	32	32	32	32																																						
CO-ADD:0156121	[O-][N+](C1=CC=C(/C=N/NC(COC2=C(C=CC=C2)[N+]([O-])=O)=O)O1)=O	Russian Academy of Science (Russia)	A0150/0006686		CO-ADD:PC0168	23.4	32	32	32	32	32	32	32																																						
CO-ADD:0166150	c1(ccc(C(=O)Oc2ccc(cc2\\C=N\\NC(=O)\\C(=C/c(ccc(c34)OCO3)c4)\\NC(c5ccccc5)=O)Br)o1)[N+](=O)[O-]	Russian Academy of Science (Russia)	A0490/0022750		CO-ADD:PC0217	4.13									32	32	32	32	32	32	32																														
CO-ADD:0166159	C(=C\\c(ccc(c12)OCO1)c2)(/NC(c3ccccc3)=O)\\C(=O)N\\N=C\\c4ccccc4OC(=O)c5ccco5	Russian Academy of Science (Russia)	A0491/0022759		CO-ADD:PC0217	32									32	32	32	32	32	32	32																														
CO-ADD:0166166	c(c1)(cc(cn1)Br)C(=O)N\\N=C\\c2cc(Cl)ccc2O	Russian Academy of Science (Russia)	A0491/0022768		CO-ADD:PC0217	32									32	32	32	32	32	32	32																														
CO-ADD:0166173	C(=O)(N\\N=C\\c1cc(Cl)ccc1O)c(ccc(c23)OCCO2)c3	Russian Academy of Science (Russia)	A0491/0022775		CO-ADD:PC0217	32									32	32	32	32	32	32	32																														
CO-ADD:0166180	[N+](=O)([O-])c1cc(ccc1O)\\C=N\\NC(COc2c(C)cccc2C)=O	Russian Academy of Science (Russia)	A0491/0022783		CO-ADD:PC0217	32									32	32	32	32	32	32	32																														
CO-ADD:0166364	N(/c1cccc(Cl)c1C)=C\\c2ccccc2OC(=O)\\C=C\\c(cc3)ccc3Br	Russian Academy of Science (Russia)	A0498/0023131		CO-ADD:PC0217	32									32	32	32	32	32	32	32																														
CO-ADD:0166365	N(=C\\c1ccccc1OC(=O)\\C=C\\c(cc2)ccc2Br)/c3cc(C)ccc3C	Russian Academy of Science (Russia)	A0498/0023133		CO-ADD:PC0217	32									32	32	32	32	32	32	32																														
CO-ADD:0166369	C(Oc(cccc1C(=O)Nc(cc2)ccc2Br)c1)(=S)Nc3ccccc3	Russian Academy of Science (Russia)	A0498/0023142		CO-ADD:PC0217	32									32	32	32	32	32	32	32																														
CO-ADD:0166376	C(OCc(cc1)ccc1OC)(=O)N\\N=C(/C)\\CC(=O)NC(C)CC	Russian Academy of Science (Russia)	A0499/0023155		CO-ADD:PC0217	32									32	32	32	32	32	32	32																														
CO-ADD:0166387	c1(cc(Cl)ccc1O)C(=O)N\\N=C(/C)\\CC(=O)N(C)c2ccccc2	Russian Academy of Science (Russia)	A0499/0023174		CO-ADD:PC0217	32									32	32	32	32	32	32	32																														
CO-ADD:0166390	C(=O)(Oc(cc1)ccc1\\C=N\\N=C\\c(cc2)ccc2OC(=O)c3ccccc3OC(C)=O)c4ccccc4OC(C)=O	Russian Academy of Science (Russia)	A0499/0023179		CO-ADD:PC0217	2.24									32	32	32	32	32	32	32																														
CO-ADD:0166394	[N+](=O)([O-])c1ccccc1C(=O)N\\N=C\\c(cc2)ccc2OC(=O)c3ccccc3OC(C)=O	Russian Academy of Science (Russia)	A0499/0023186		CO-ADD:PC0217	32									32	32	32	32	32	32	32																														
CO-ADD:0166397	C(CSCc1ccccc1Cl)(=O)N\\N=C\\c2cccc(Cl)c2	Russian Academy of Science (Russia)	A0499/0023192		CO-ADD:PC0217	3.74									32	32	32	32	32	32	32																														
CO-ADD:0247698	C([P+](c1ccccc1)(c2ccccc2)c3ccccc3)(C(=O)N4)=C(SC)N=C4c5ccc(cc5Cl)Cl.[I-]	Russian Academy of Science (Russia)	A1508/0065923		CO-ADD:PC0316	15.54	32	32	16	32	32	32	32	0.8937																																					
CO-ADD:0247722	N(/NC(SC)=S)=C(/c1ccccc1)\\c2ccccn2	Russian Academy of Science (Russia)	A1512/0066007		CO-ADD:PC0316	32	32	32	32	32	32	32	16	32																																					
CO-ADD:0247762	c1(ncnc(N\\N=C(/C)\\c2ccc(cc2)CCCC)c1)N(CC3)CCO3	Russian Academy of Science (Russia)	A1516/0066123		CO-ADD:PC0316	17.95	32	32	32	32	32	32	32	32																																					
CO-ADD:0218061	N1(c2sccn2)C(=O)c3c(c4C1=O)c(ccc3)ccc4	Russian Academy of Science (Russia)	A0590/0027283		CO-ADD:PC0228	32	32	32	32	32	32	32	32																																						
CO-ADD:0218991	c1(C(=O)N\\N=C\\c(cc2)ccc2OCC)c(O)cc(c3c1)cccc3	Russian Academy of Science (Russia)	A0608/0028154		CO-ADD:PC0233	32	32	32	32	32	32	32	32																																						
CO-ADD:0218994	c1(C(=O)N\\N=C\\c(c2c([nH]3)cccc2)c3)c(O)cc(c4c1)cccc4	Russian Academy of Science (Russia)	A0608/0028158		CO-ADD:PC0233	19.9	32	32	32	32	32	32	32																																						
CO-ADD:0244511	N1(SC2C(Cl)C(C=CC23)c4c3c(F)c(c(F)c4F)F)C(=O)c(c5C1=O)cccc5	Russian Academy of Science (Russia)	A1214/0055946		CO-ADD:PC0301	20.2	32	32	32	32	32	32	16	32																																					
CO-ADD:0244537	c1(cc(OC)cc(\\C=N\\c(ccc2c3[nH]c(n2)C)c3)c1O)[N+](=O)[O-]	Russian Academy of Science (Russia)	A1215/0056002		CO-ADD:PC0301	32	32	32	32	32	32	32	8	32																																					
CO-ADD:0244564	S(=O)(=O)(c(cc1)ccc1[N+](=O)[O-])Oc2ccc(c3c2\\C=N\\c(cc4)ccc4C)cccc3	Russian Academy of Science (Russia)	A1216/0056066		CO-ADD:PC0301	32	32	32	32	32	32	32	32	32												32	32	32					32	32	32																
CO-ADD:0244580	[N+](=O)([O-])c1c(C)ccc(c1)C(=O)Oc2cccc(cccn3)c23	Russian Academy of Science (Russia)	A1217/0056095		CO-ADD:PC0301	32	32	32	8	32	32	2	0.5	32																																					
CO-ADD:0247776	[N+](=O)([O-])c1cccc(c1)\\C=N\\c(ccc(c23)nccn2)c3	Russian Academy of Science (Russia)	A1519/0066178		CO-ADD:PC0316	32	16	32	32	32	32	32	32	32																																					
CO-ADD:0247799	[N+](=O)([O-])c1cccc(c1)\\C=N\\NC(=S)N(CC2)CCO2	Russian Academy of Science (Russia)	A1523/0066302		CO-ADD:PC0316	32	32	32	32	32	32	32	32	32																																					
CO-ADD:0219053	S(=O)(=O)(N\\N=C\\c(cc1)ccc1OCc2ccccc2Cl)c(ccc(c3[N+](=O)[O-])C)c3	Russian Academy of Science (Russia)	A0627/0029101		CO-ADD:PC0233	32	32	32	32	32	32	32	32																																						
CO-ADD:0219064	c1(\\C=N\\NC(=O)c2ccccc2N)c3c(cccc3)cc(cccc4)c14	Russian Academy of Science (Russia)	A0628/0029121		CO-ADD:PC0233	3.86	32	32	32	32	32	32	32																																						
CO-ADD:0240673	N1(C(c2ccccc2)=O)C(=O)\\C(\\SC1=S)=C\\c(cc3)ccc3Cl	Russian Academy of Science (Russia)	A1252/0057221		CO-ADD:PC0289	32	32	32	16	32	32	32	32	32																																					
CO-ADD:0240706	c(c(ccc1[N+](=O)[O-])C(C2=O)=O)(c2ccc3[N+](=O)[O-])c13	Russian Academy of Science (Russia)	A1254/0057295		CO-ADD:PC0289	4.66	32	32	8	32	32	32	16	32																																					
CO-ADD:0215168	N1(c2ccc(cc2)OC)C(=O)C3C(C(\\C(=C(/c4ccccc4)\\c5ccccc5)\\C36)C=C6C(C)(C)C)C1=O	Russian Academy of Science (Russia)	A0524/0024263		CO-ADD:PC0221	32	32	32	32	32	32	32	8																																						
CO-ADD:0215188	[N+](=O)([O-])c(ccc(c1C(=O)OCC(=O)c2ccc(cc2)Cl)C(=O)OCC(=O)c3ccc(cc3)Cl)c1	Russian Academy of Science (Russia)	A0525/0024307		CO-ADD:PC0221	32	32	32	32	32	32	32	32																																						
CO-ADD:0217084	C(=O)(N(C1CCCCC1)C2CCCCC2)c3ccccc3C(=O)OCC(C)C	Russian Academy of Science (Russia)	A0562/0026015		CO-ADD:PC0225	32	32	32	32	32	32	32	32																																						
CO-ADD:0217090	C(/CCC1)(\\N1C)=N/c2ccccc2C#N	Russian Academy of Science (Russia)	A0563/0026028		CO-ADD:PC0225	32	32	32	32	32	32	32	32																																						
CO-ADD:0217122	c1(C#N)c(c2ccc(cc2)Cl)c3c(nc1SCC(=O)Nc4c(Br)cc(cc4Br)Br)CCC3	Russian Academy of Science (Russia)	A0564/0026089		CO-ADD:PC0225	32	32	32	32	32	32	32	32																																						
CO-ADD:0217156	c(C(=O)c1ccc(cc1)F)(sc(c23)nc4c(CCC(C(C)(C)C)C4)c2c5cccs5)c3N	Russian Academy of Science (Russia)	A0566/0026129		CO-ADD:PC0225	32	32	32	32	32	32	32	32																																						
CO-ADD:0248037	[N+](=O)([O-])c1ccc(cc1C)C(=O)Nc2n[nH]cn2	Russian Academy of Science (Russia)	A1451/0064112		CO-ADD:PC0316	32	32	32	32	32	32	16	32	32																																					
CO-ADD:0248045	[N+](=O)([O-])c1c(Cl)ccc(c1)C(=O)Oc2cccc(cccn3)c23	Russian Academy of Science (Russia)	A1452/0064123		CO-ADD:PC0316	5.725	32	32	4	32	32	2	0.5	32																																					
CO-ADD:0217188	c(O)(c(Br)c1)c(Br)cc1C(OC)=O	Russian Academy of Science (Russia)	A0568/0026186		CO-ADD:PC0225	32	32	32	32	32	32	32	32																																						
CO-ADD:0244991	[N+](=O)([O-])c1cccc(CN(CC2)CCN2c(cc3)ccc3[N+](=O)[O-])c1	Russian Academy of Science (Russia)	A1387/0061986		CO-ADD:PC0301	32	32	32	32	32	32	32	32	32																																					
CO-ADD:0248049	[N+](=O)([O-])c1cccc(c1C)C(=O)Oc2cccc(cccn3)c23	Russian Academy of Science (Russia)	A1452/0064127		CO-ADD:PC0316	5.144	32	32	32	32	32	8	1	32																																					
CO-ADD:0248206	N1(N=C(CC1(O)C(F)(F)F)C)C(=O)c2cccc(C)c2O	Russian Academy of Science (Russia)	A1532/0066581		CO-ADD:PC0316	26.8	32	32	32	32	32	32	32	32																																					
CO-ADD:0241898	C(=C\\c(cc(Br)cc1[N+](=O)[O-])c1O)(/C2=O)\\C(=O)N(C(=O)N2C)C	Russian Academy of Science (Russia)	A1302/0059216		CO-ADD:PC0290	13.6	32	32	32	32	32	32	8	32																																					
CO-ADD:0241906	c1(cc(C)nc(ccc(OC)c2)c12)Nc3cc(C)ccc3C	Russian Academy of Science (Russia)	A1303/0059230		CO-ADD:PC0290	4.8	32	32	32	32	32	32	32	32																																					
CO-ADD:0241934	C(=O)(Oc1cccc(c1)\\C=N\\NC(CNC(=O)c2cccc(OC)c2)=O)c3cccs3	Russian Academy of Science (Russia)	A1304/0059299		CO-ADD:PC0290	32	32	32	32	32	32	16	32	32																																					
CO-ADD:0219111	C(=C\\c(cc1)ccc1[N+](=O)[O-])(/C(=O)N(C)C(N2C)=O)\\C2=O	Russian Academy of Science (Russia)	A0629/0029199		CO-ADD:PC0233	32	32	32	32	32	32	32	32																																						
CO-ADD:0219184	C(NCCCCCCC)(=O)CC(CO)NCCCCCCC	Russian Academy of Science (Russia)	A0632/0029316		CO-ADD:PC0233	32	32	32	32	32	32	32	32																																						
CO-ADD:0219218	[N+](=O)([O-])c1cccc(c1)\\C=N\\NC(=O)c2ccc(cc2)OCCC	Russian Academy of Science (Russia)	A0633/0029371		CO-ADD:PC0233	32	32	32	32	32	32	32	32																																						
CO-ADD:0215205	c1(N(CC2)CCO2)nc(N\\N=C\\c(c(Cl)cc(c3[N+](=O)[O-])Cl)c3)nc(Nc4cc(C)ccc4C)n1	Russian Academy of Science (Russia)	A0525/0024331		CO-ADD:PC0221	23	32	32	32	32	32	32	32																																						
CO-ADD:0215224	N1\\C(=N/N=C/c2ccccc2Cl)\\S\\C(=C\\c(ccc(c3[N+](=O)[O-])Br)c3)\\C1=O	Russian Academy of Science (Russia)	A0526/0024364		CO-ADD:PC0221	32	32	32	32	32	32	32	32																																						
CO-ADD:0245104	CC(/C=C/C=C/C(NCCC(NC(C(NC(C(NC(C(NC(Cc1ccc(OC2OCC(C(C2O)O)O)cc1)C(NC(C)C(C(NC(CC(c3c(O)cc(O)cc3)=O)C(N(C(C(N4CCCC4C(O)=O)=O)C)[H])=O)=O)NC(CNC(C(NC(CNC(C(NC(C(NC(CCN)=O)CC(C)C)=O)CC(C)=O)=O)=O)CO)=O)=O)=O)=O)CC(C(O)=O)O)=O)CC(c5ccccc5)O)=O)CCCN)=O)=O)C	Russian Academy of Science (Russia)	NIF-5812A		CO-ADD:PC0301	32	32	32	4	32	32	32	32	32																																					
CO-ADD:0248083	N1(c2cccc(Br)c2)C(=O)CC(N(CC3)CCN3c4ccccc4OC)C1=O	Russian Academy of Science (Russia)	A1454/0064181		CO-ADD:PC0316	32	32	32	32	32	32	32	16	32																																					
CO-ADD:0215231	c1(C#N)c2c(sc1\\N=C\\c(cc3)ccc3OCCC)CCCC2	Russian Academy of Science (Russia)	A0526/0024381		CO-ADD:PC0221	32	32	32	32	32	32	32	32																																						
CO-ADD:0215274	N1(c2cccc(c2)[N+](=O)[O-])C(=O)c(c3C1=O)ccc(c3)C(=O)Nc(cc4)ccc4C	Russian Academy of Science (Russia)	A0528/0024457		CO-ADD:PC0221	32	32	32	32	32	32	32	32																																						
CO-ADD:0215283	S(=O)(=O)(c1ccc(cc1)\\N=C\\c(cc2)ccc2[N+](=O)[O-])Nc3nnc(CC)s3	Russian Academy of Science (Russia)	A0528/0024471		CO-ADD:PC0221	32	32	32	32	32	32	32	32																																						
CO-ADD:0215286	c1(c(ccc(c1)[N+](=O)[O-])N\\N=C\\c(ccc2c3cc(C)c(cc3[N+](=O)[O-])C)o2)[N+](=O)[O-]	Russian Academy of Science (Russia)	A0528/0024476		CO-ADD:PC0221	32	32	32	32	32	32	32	32																																						
CO-ADD:0215290	n(\\N=C\\c1ccc(cc1O)O)(cnn2)c2	Russian Academy of Science (Russia)	A0528/0024482		CO-ADD:PC0221	32	32	32	32	32	32	32	32																																						
CO-ADD:0245306	N1(c2cccc(c2)C(O)=O)C(=O)C3C(C1=O)C(C(=O)C34c5ccccc5)(c6ccccc6)C(=C4c7ccc(c8c7)OCO8)c9ccc(c%10c9)OCO%10	Russian Academy of Science (Russia)	A1392/0062269		CO-ADD:PC0306	32	32	32	32	32	32	32	32	32																																					
CO-ADD:0248118	C(C#N)([C@@H](c1ccc(cc1)Br)[C@@H]2C(N)=O)=C(N)NC2=S	Russian Academy of Science (Russia)	A1456/0064240		CO-ADD:PC0316	32	32	32	32	32	32	32	32	32																																					
CO-ADD:0248121	C1(SC(C(OC)=O)(C(F)(F)F)C(F)(F)F)=C(C)N(N(c2ccccc2)C1=O)C	Russian Academy of Science (Russia)	A1457/0064244		CO-ADD:PC0316	3.75	32	32	8	32	32	8	16	32																																					
CO-ADD:0248704	O=C1CC[C@]2([C@@]3(CCC4=C([C@]3(CC[C@]12C)[H])C=CC(OCC5=C[N+](CCN6CCNCCCN(CCNCCC6)CC[N+]7=NNC(C8=C9C(C%10=CC=C9)=C(C=C8)C(N(C%10=O)CC)=O)=C7)=NN5)=C4)[H])[H].O=Cl(=O)([O-])=O.O=Cl(=O)([O-])=O.[Zn+2]	University of Sydney (Australia)	CB12-4		CO-ADD:PC0325	32	32	32	16	32	32	32	32	32																																					
CO-ADD:0241779	C1(C#N)(C#N)[C@H](c(cccn2)c2)[C@H](N(c3c(cccc3)C=C4)[C@@]14[H])C(=O)C(C)(C)C	Russian Academy of Science (Russia)	A1285/0058617		CO-ADD:PC0290	10	32	32	32	32	32	32	32	32																																					
CO-ADD:0217294	c1(ccccc1NC(=O)c2ccco2)C(=O)N\\N=C\\c3c4c(cccc4)cc(cccc5)c35	Russian Academy of Science (Russia)	A0574/0026477		CO-ADD:PC0225	32	32	32	32	32	32	32	32																																						
CO-ADD:0218219	N1(c2ccc(cc2)O)C(=O)C=CC1=O	Russian Academy of Science (Russia)	A0611/0028290		CO-ADD:PC0228	16	32	32	32	32	32	16	4																																						
CO-ADD:0218232	N(C(CCC(=O)OCC(=O)c1ccc(cc1)Br)=O)c2ccc(cc2C)C	Russian Academy of Science (Russia)	A0611/0028307		CO-ADD:PC0228	32	32	32	32	32	32	32	32																																						
CO-ADD:0218246	[N+](=O)([O-])c(ccc(c1\\C=N\\c(cc2)ccc2Nc3ccccc3)O)c1	Russian Academy of Science (Russia)	A0601/0027795		CO-ADD:PC0228	32	32	32	32	32	32	32	32																																						
CO-ADD:0218260	c1(\\C=N\\O)c(cc(cc1[N+](=O)[O-])[N+](=O)[O-])[N+](=O)[O-]	Russian Academy of Science (Russia)	A0601/0027820		CO-ADD:PC0228	0.663	32	32	16	32	32	32	8																																						
CO-ADD:0218272	c(OC)(c(OC)c1)c(OC)cc1C(=O)N\\N=C\\c2ccccc2O	Russian Academy of Science (Russia)	A0602/0027837		CO-ADD:PC0228	1.8	32	32	32	32	32	32	32																																						
CO-ADD:0245390	N1(c2ccccc2)CCC(=O)N1	Russian Academy of Science (Russia)	A1395/0062398		CO-ADD:PC0306	1.79	32	32	32	32	32	32	16	32																																					
CO-ADD:0248860	N(C(=S)NNC(COc1cccc(Cl)c1)=O)C(c2ccccc2)=O	Russian Academy of Science (Russia)	A1465/0064578		CO-ADD:PC0328	25.33	32	32	32	32	32	32	32	32																																					
CO-ADD:0249075	C1(=S)NC(NN1c2ccccc2)(CCC)CCC	Russian Academy of Science (Russia)	A1533/0066670		CO-ADD:PC0328	32	32	32	32	32	32	32	32	32																																					
CO-ADD:0242907	C(=N/N=C(\\C1)/CCC1)(/SC=C2c3ccccc3)\\N2	Russian Academy of Science (Russia)	A1355/0061138		CO-ADD:PC0291	32	32	32	32	32	32	8	8	32																																					
CO-ADD:0218301	[N+](=O)([O-])c1ccccc1N\\N=C(/C2)\\CCCC2	Russian Academy of Science (Russia)	A0603/0027905		CO-ADD:PC0228	32	32	32	32	32	32	32	32																																						
CO-ADD:0219233	[N+](=O)([O-])c(cc(cc1[N+](=O)[O-])C(=O)Oc(cc2)ccc2C(=O)Nc3ccccc3)c1	Russian Academy of Science (Russia)	A0633/0029391		CO-ADD:PC0233	32	32	32	0.5	32	32	32	32																																						
CO-ADD:0219248	c(cc(I)cc1I)(\\C=N\\c2cccc(F)c2)c1O	Russian Academy of Science (Russia)	A0634/0029416		CO-ADD:PC0233	26.4	32	32	16	32	32	8	2																																						
CO-ADD:0219271	c(cc(I)cc1I)(\\C=N\\c2cccc(cccc3)c23)c1O	Russian Academy of Science (Russia)	A0635/0029454		CO-ADD:PC0233	5.33	32	32	16	32	32	16	2																																						
CO-ADD:0219302	C(=O)(CC(=O)N\\N=C\\c1ccc(cc1O)O)Nc2ccccc2Cl	Russian Academy of Science (Russia)	A0636/0029502		CO-ADD:PC0233	2.06	32	32	32	32	32	32	32																																						
CO-ADD:0219309	C1(N(CC2)CCO2)=N\\C(=N/N=C/c(cc3)ccc3Br)\\NC(Nc4ccccc4)=N1	Russian Academy of Science (Russia)	A0636/0029517		CO-ADD:PC0233	32	32	32	32	32	32	32	32																																						
CO-ADD:0219323	C(C#N)(C1c2ccc(cc2)Br)=C(N)Oc(cc(O)c(\\C=N\\c(cc3)ccc3Br)c4)c14	Russian Academy of Science (Russia)	A0636/0029545		CO-ADD:PC0233		32	32	32	32	32	32	32																																						
CO-ADD:0249091	N1(\\N=C\\c(cc(Br)cc2Br)c2O)C(=O)c3c(NC1(C)c(cccc4[N+](=O)[O-])c4)cccc3	Russian Academy of Science (Russia)	A1534/0066693		CO-ADD:PC0328	32	32	32	32	32	32	32	32	32																																					
CO-ADD:0240254	S1(=O)(=O)c2c(C(Nc3ccccc3C(C)C)=N1)ccc(c2)[N+](=O)[O-]	Russian Academy of Science (Russia)	A1226/0056512		CO-ADD:PC0289	32	32	32	32	32	32	32	32	32																																					
CO-ADD:0240295	N1(c2cc(Cl)cc(Cl)c2)C(=O)CC(N3CCCCC3)C1=O	Russian Academy of Science (Russia)	A1227/0056597		CO-ADD:PC0289	10.3	32	32	32	32	32	8	8	32																																					
CO-ADD:0240345	C(/c(ccc(c1)OC)c12)(\\C(=S)C(N2C(=O)c3ccc(cc3)C)(C)C)=C(/SC(=C4C(OC)=O)C(OC)=O)\\S4	Russian Academy of Science (Russia)	A1230/0056667		CO-ADD:PC0289	32	32	32	32	32	32	8	16	32																																					
CO-ADD:0231033	[N+](=O)([O-])c(cc(cc1[N+](=O)[O-])C(=O)Oc2ccccc2\\C=N/NC(=O)c3ccccc3O)c1	Russian Academy of Science (Russia)	A0959/0044811		CO-ADD:PC0249	8.51	32	32	32	32	32	32	32	32																																					
CO-ADD:0231048	[N+](=O)([O-])c(cc(cc1[N+](=O)[O-])C(=O)OCc(cc2)ccc2Cl)c1	Russian Academy of Science (Russia)	A0960/0044841		CO-ADD:PC0249	32	32	32	32	32	32	32	32	32																																					
CO-ADD:0231053	N1(CNc2ccccc2C(OC)=O)C(=O)\\C(\\SC1=O)=C\\c3cccc(F)c3	Russian Academy of Science (Russia)	A0960/0044849		CO-ADD:PC0249	32	32	32	32	32	32	32	16	32																																					
CO-ADD:0231083	c1(\\C=N\\NC(CCC(=O)Nc2cccc(Br)c2)=O)cc(Br)ccc1O	Russian Academy of Science (Russia)	A0961/0044897		CO-ADD:PC0249	2.18	32	32	32	32	32	32	32	32																																					
CO-ADD:0215348	C12(c3c(NC1=O)cccc3)C(C#N)=C(N)OC(C)=C2C(=O)OCc4ccccc4	Russian Academy of Science (Russia)	A0531/0024553		CO-ADD:PC0221	32	32	32	32	32	32	32	32																																						
CO-ADD:0215381	n1c(ccc(C#N)c1SCC(=O)Nc(cccc2C(F)(F)F)c2)c3cccs3	Russian Academy of Science (Russia)	A0532/0024590		CO-ADD:PC0221	32	32	32	32	32	32	32	32																																						
CO-ADD:0215385	c(C(=O)Nc1ccccc1I)(c(N)c(c23)ccc(c4cccs4)n2)s3	Russian Academy of Science (Russia)	A0533/0024597		CO-ADD:PC0221	32	32	32	32	32	32	32	32																																						
CO-ADD:0215405	C12(c3c(NC1=O)cccc3)C(C#N)=C(N)OC(c4ccccc4)=C2C(OCC)=O	Russian Academy of Science (Russia)	A0534/0024621		CO-ADD:PC0221	32	32	32	32	32	32	32	32																																						
CO-ADD:0241125	N(c1cc(C)ccc1C)(C(=O)C(C23)C(C=C4)OC24)C3=O	Russian Academy of Science (Russia)	A1271/0058158		CO-ADD:PC0290	2.23	32	32	32	32	32	4	2	32																																					
CO-ADD:0245634	C(/C(c1ccccc1)=O)=C(/N)\\C(F)F	Russian Academy of Science (Russia)	A1406/0062828		CO-ADD:PC0306	32	32	32	32	32	32	16	32	32																																					
CO-ADD:0245651	S(=O)(=O)(NCc(cccn1)c1)c(ccc(c23)C(=O)c4c(cccc4)C2=O)c3	Russian Academy of Science (Russia)	A1406/0062850		CO-ADD:PC0306	32	32	32	4	32	32	32	32	32																																					
CO-ADD:0245655	N1(c2cccc(OC)c2)C(=O)CC(N3CCC(CC3)Cc4ccccc4)C1=O	Russian Academy of Science (Russia)	A1407/0062860		CO-ADD:PC0306	32	32	32	32	32	32	32	32	32																																					
CO-ADD:0245705	N1(c2ccc(cc2)F)C(=O)CC(N3CCCC3)C1=O	Russian Academy of Science (Russia)	A1408/0062945		CO-ADD:PC0306	32	32	32	32	32	32	16	8	32																																					
CO-ADD:0241194	N1(c2ccc(cc2)F)C(=O)CC(N(CC3)CCC3C(O)=O)C1=O	Russian Academy of Science (Russia)	A1274/0058290		CO-ADD:PC0290	19.4	32	32	32	32	32	16	8	32																																					
CO-ADD:0242091	[N+](=O)([O-])c(ccc(c1\\C=N\\c(c2)c(ccc2C(F)(F)F)Oc3ccccc3)O)c1	Russian Academy of Science (Russia)	A1314/0059692		CO-ADD:PC0291	32	32	32	4	32	32	32	32	32																																					
CO-ADD:0245851	c12c(ccc(NC(=O)c3ccccc3C(O)=O)c1Oc(cc4)ccc4C(C)(C)C)C(=O)c(c5C2=O)cccc5	Russian Academy of Science (Russia)	A1416/0063240		CO-ADD:PC0306	32	32	32	32	32	32	32	32	1.5																																					
CO-ADD:0242218	n1(Cc2ccccc2)c3c(c(CCCC)c1NN=Nc(ccc(c4Cl)Cl)c4)cccc3.Cl	Russian Academy of Science (Russia)	A1326/0059972		CO-ADD:PC0291	32	32	32	32	32	32	32	16	32																																					
CO-ADD:0242166	N1(c2ccccc2)C(=O)\\C(=C/c(cc3)ccc3Cl)\\NC(c4ccccc4)=N1	Russian Academy of Science (Russia)	A1321/0059865		CO-ADD:PC0291	32	16	32	32	32	32	32	32	32											32											32			16	32	32	32	32	32	32	32	32				
CO-ADD:0243038	c(\\C(\\Cl)=N\\O)(c(Cl)c(c(OCO1)c12)OC)c2Cl	Russian Academy of Science (Russia)	A4346/0185363		CO-ADD:PC0292	32	32	32	32	32	32	32	32	32												32	32	32	32	32	32	16																			
CO-ADD:0245900	N1(CCCCCCCC)C(=O)CSC1c(cc(C(C)(C)C)c(c2C(C)(C)C)O)c2	Russian Academy of Science (Russia)	A1426/0063477		CO-ADD:PC0306	32	32	32	32	32	32	32	8	32																																					
CO-ADD:0245910	C(=S)(Nc(cc1)ccc1C(OCCN(CC)CC)=O)NC(=O)\\C=C\\c(ccc(c2OC)OC)c2	Russian Academy of Science (Russia)	A1427/0063506		CO-ADD:PC0306	32	32	32	32	32	32	32	32	32																																					
CO-ADD:0242606	C(O)(C(OCC)=O)(C(F)(F)F)NC(=O)c(cccc1C(F)(F)F)c1	Russian Academy of Science (Russia)	A1343/0060655		CO-ADD:PC0291	32	32	32	32	32	32	32	32	32												32	32	32					32	32	32																
CO-ADD:0242617	c(CN(CC1)CCN1C)(cc(Br)c(c23)cccn2)c3O	Russian Academy of Science (Russia)	A1344/0060672		CO-ADD:PC0291	12	32	32	32	32	32	8	16	32																																					
CO-ADD:0242621	C(C#N)(C1c(cc2OC)cc(c2OC)OC)=C(N)N(C(CCCC3=O)=C13)c4ccc(cc4)C	Russian Academy of Science (Russia)	A1344/0060679		CO-ADD:PC0291	7.9	32	32	32	32	32	8	4	32																																					
CO-ADD:0241407	N1(c2ccccc2)C(=O)\\C(=C/c(cc3)ccc3OC)\\NC(c4ccccc4)=N1	Russian Academy of Science (Russia)	A1298/0058986		CO-ADD:PC0290	32	16	32	32	32	32	32	32	32											32											32			16	32	32	32	32	32	32	32	32				
CO-ADD:0243592	c(\\C=C\\[N+](=O)[O-])(c1)cc(OCO2)c2c1OC	Russian Academy of Science (Russia)	A4568/0195422		CO-ADD:PC0292	32	32	32	32	32	32	32	32	32												32	32	32	32	32	32	32																			
CO-ADD:0243596	c(non1)(c1n2)ncc2c(cc3OC)c(OC)c4c3OCO4	Russian Academy of Science (Russia)	A4570/0195531		CO-ADD:PC0292				32			32	32													32	32	32	32	32	32	32	32	32			32	32													
CO-ADD:0243600	c1c(C)nc2c(c(n(ccc3)c3)c(C(=O)N\\N=C\\c(c(OC)c4c(OCO4)c5OC)c5CC(CC(c(cc6)ccc6OC)=N7)O7)s2)c1COC	Russian Academy of Science (Russia)	A4571/0195584		CO-ADD:PC0292	32	32	32	32	32	32	32	32	32												32	32	32	32	32	32	32																			
CO-ADD:0243622	c(O1)(cc(CC#N)c2OC)c(OC1)c2OC	Russian Academy of Science (Russia)	A4575/0195787		CO-ADD:PC0292	32	32	32	32	32	32	32	32	32												32	32	32	32	32	16	4																			
CO-ADD:0240901	C(F)(F)(F)c1ccccc1N\\N=C(/C#N)\\C#N	Russian Academy of Science (Russia)	A1262/0057712		CO-ADD:PC0289	32	32	32	8	32	32	32	16	32																																					
CO-ADD:0246227	C(/C(OC)=O)(\\C(OC)=O)=C(/O)\\c1ccc(cc1)C	Russian Academy of Science (Russia)	A1481/0065249		CO-ADD:PC0306	7.15	32	32	32	32	32	32	32	32																																					
CO-ADD:0244163	c1(ccc(\\C=N\\c(cc2)ccc2OCC)s1)[N+](=O)[O-]	Russian Academy of Science (Russia)	A1204/0055436		CO-ADD:PC0301	32	32	32	32	32	32	2	4	32																																					
CO-ADD:0244186	N1(c2ccc(cc2)OCC)C(=O)CC(N(CC3)CCN3c4cccc(Cl)c4)C1=O	Russian Academy of Science (Russia)	A1204/0055463		CO-ADD:PC0301	32	32	32	32	32	32	32	32	32																																					
CO-ADD:0247476	c1(\\C=N\\NC(=O)C2COc(c3O2)cccc3)c(cc(cc1[N+](=O)[O-])[N+](=O)[O-])[N+](=O)[O-]	Russian Academy of Science (Russia)	A1489/0065438		CO-ADD:PC0316	17.53	32	32	32	32	32	32	32	32																																					
CO-ADD:0240815	[N+](=O)([O-])c1ccc(cc1)N\\N=C(\\CSc2ccccc2)/CC(OC)=O	Russian Academy of Science (Russia)	A1258/0057524		CO-ADD:PC0289	32	32	32	32	32	32	32	32	32																																					
CO-ADD:0244265	[N+](=O)([O-])c(cc(cc1[N+](=O)[O-])C(=O)Oc(cc2)ccc2\\C=N\\c(cc3)ccc3Cl)c1	Russian Academy of Science (Russia)	A1146/0053607		CO-ADD:PC0301	32	32	32	32	32	32	32	32	32																																					
CO-ADD:0244288	[N+](=O)([O-])c(cc(cc1[N+](=O)[O-])C(=O)Oc(cc2)ccc2C=O)c1	Russian Academy of Science (Russia)	A1147/0053640		CO-ADD:PC0301	32	32	32	32	32	32	16	32	32																																					
CO-ADD:0240995	C(C#N)(C1c2scc(Br)c2)=C(N)N(C(CC(C)(C)CC3=O)=C13)c4ccc(cc4)C	Russian Academy of Science (Russia)	A1267/0057963		CO-ADD:PC0289	10.3	32	32	32	16	32	2	1	32																																					
CO-ADD:0222561	C(F)(F)(COc1ccc(cc1\\N=C\\c(cc(Cl)cc2Cl)c2O)\\N=C\\c(cc(Cl)cc3Cl)c3O)C(F)F	Russian Academy of Science (Russia)	A0744/0034723		CO-ADD:PC0238	32	32	32	0.5	32	32	32	32																																						
CO-ADD:0222577	N1(C(CCC)=O)c(ccc(c2)Br)c2OC1=O	Russian Academy of Science (Russia)	A0750/0035015		CO-ADD:PC0238	32	32	32	32	32	32	16	16																																						
CO-ADD:0222606	[N+](=O)([O-])c1cc(ccc1OC(=O)c2ccc(cc2Cl)Cl)\\C=N\\c(cc3)ccc3N=Nc4ccccc4	Russian Academy of Science (Russia)	A0751/0035086		CO-ADD:PC0238	32	32	32	32	32	32	32	32																																						
CO-ADD:0222660	C(/C1=O)(=C/c2c(cccc2Cl)Cl)\\C(c3ccc(cc3)Cl)=NO1	Russian Academy of Science (Russia)	A0754/0035211		CO-ADD:PC0238	1.9	32	32	32	32	32	16	16																																						
CO-ADD:0222663	[N+](=O)([O-])c(cc(cc1[N+](=O)[O-])C(=O)Oc2c(Br)cc(cc2Br)\\C=N\\c(cc3)ccc3Br)c1	Russian Academy of Science (Russia)	A0754/0035216		CO-ADD:PC0238	22.2	32	32	32	32	32	32	32																																						
CO-ADD:0220893	c1(\\C=N\\NC(=O)\\C(=C\\c(cc2)ccc2[N+](=O)[O-])\\NC(c3ccccc3)=O)c(Br)cc(c(O)c1Br)Br	Russian Academy of Science (Russia)	A0681/0031742		CO-ADD:PC0236	32	32	32	32	32	32	32	32																																						
CO-ADD:0220898	c1(\\C=N\\NC(COc2cccc(Br)c2)=O)c(Br)cc(c(O)c1Br)Br	Russian Academy of Science (Russia)	A0681/0031750		CO-ADD:PC0236	32	32	32	32	32	32	32	32																																						
CO-ADD:0220997	C(COc1ccc(cc1OC)Br)(=O)N\\N=C\\c(cc2)ccc2OC(COc3ccc(cc3Cl)Cl)=O	Russian Academy of Science (Russia)	A0685/0031899		CO-ADD:PC0237	32	32	32	32	32	32	32	32																																						
CO-ADD:0221010	C(COc1ccc(cc1OC)Br)(=O)N\\N=C\\c2ccc(cc2O)C	Russian Academy of Science (Russia)	A0685/0031916		CO-ADD:PC0237	7.59	32	32	32	32	32	32	32																																						
CO-ADD:0221014	C(COc1ccc(cc1OC)Br)(=O)N\\N=C\\c2cccc(C)c2O	Russian Academy of Science (Russia)	A0685/0031920		CO-ADD:PC0237	32	32	32	32	32	32	32	32																																						
CO-ADD:0222665	[N+](=O)([O-])c(cc(cc1[N+](=O)[O-])C(=O)Oc2c(Br)cc(cc2Br)C=O)c1	Russian Academy of Science (Russia)	A0754/0035219		CO-ADD:PC0238	32	32	32	32	32	32	32	32																																						
CO-ADD:0166567	C(COc(cc1)ccc1C(C)(C)CC(C)(C)C)(=O)N\\N=C\\c(ccc(c2OC)O)c2	Russian Academy of Science (Russia)	A0505/0023468		CO-ADD:PC0217	2									32	32	32	32	32	32	32																														
CO-ADD:0166655	C(C#N)(C1c2ccc(cc2)SC)=C(N)OC(C)=C1C(C)=O	Russian Academy of Science (Russia)	A0508/0023600		CO-ADD:PC0217	32									32	32	32	32	32	32	32																														
CO-ADD:0166659	C(C(OCC)=O)(=C(C)OC(=C1C#N)N)C1c2cccc(c2)OCc3ccccc3	Russian Academy of Science (Russia)	A0508/0023605		CO-ADD:PC0217	32									32	32	32	32	32	32	32																														
CO-ADD:0166662	C(C(=O)OC(C)C)(C1c2ccc(cc2)Cl)=C(N)OC(CC(C)(C)CC3=O)=C13	Russian Academy of Science (Russia)	A0508/0023608		CO-ADD:PC0217	32									32	32	32	32	32	32	32																														
CO-ADD:0166670	c1(C#N)c(C)c(C)c(nc1SCC(=O)CC(OCC)=O)C	Russian Academy of Science (Russia)	A0509/0023616		CO-ADD:PC0217	8.47									32	32	32	32	32	32	32																														
CO-ADD:0166674	C1(C2c3ccc(cc3)CC)=C(c4c(cccc4)OC1=O)OC(N)=C2C#N	Russian Academy of Science (Russia)	A0509/0023621		CO-ADD:PC0217	32									32	32	32	32	32	32	32																														
CO-ADD:0215532	[N+](=O)([O-])c1cc(ccc1OC(=O)c2ccc(cc2)OC)\\C=N\\c3cccc(Br)c3	Russian Academy of Science (Russia)	A0538/0024821		CO-ADD:PC0221	32	32	32	32	32	32	32	32																																						
CO-ADD:0221031	[N+](=O)([O-])c(cc(cc1[N+](=O)[O-])C(=O)OCC2CCCCC2)c1	Russian Academy of Science (Russia)	A0685/0031938		CO-ADD:PC0237	32	32	32	32	32	32	32	32																																						
CO-ADD:0221039	c(c(Br)c1Br)c(NCC(=O)N\\N=C\\c(cc2)ccc2OC)c(c1)Br	Russian Academy of Science (Russia)	A0686/0031953		CO-ADD:PC0237	32	32	32	32	32	32	32	32																																						
CO-ADD:0221058	c1(\\C=N\\NC(COc2ccc(cc2OC)Br)=O)c(C)cc(cc1O)O	Russian Academy of Science (Russia)	A0686/0031977		CO-ADD:PC0237	1.99	32	32	32	32	32	32	32																																						
CO-ADD:0221062	C(COc1ccc(cc1OC)Br)(=O)N\\N=C\\c2ccc(cc2O)O	Russian Academy of Science (Russia)	A0686/0031981		CO-ADD:PC0237	0.583	32	32	32	32	32	32	32																																						
CO-ADD:0221067	n(Cc1ccccc1)(c2c(c3\\C=N\\c(ccc(c4C)C)c4)cccc2)c3C	Russian Academy of Science (Russia)	A0686/0031988		CO-ADD:PC0237	32	32	32	16	32	32	32	32																																						
CO-ADD:0221088	c1(\\C=N\\NC(=O)c2ccc(cc2)OCCC)c[nH]c(ccc(Br)c3)c13	Russian Academy of Science (Russia)	A0687/0032038		CO-ADD:PC0237	11.6	32	32	32	32	32	32	32																																						
CO-ADD:0221099	c1(c(C)n[nH]c1O)C(C(C#N)C#N)c2ccccc2C	Russian Academy of Science (Russia)	A0688/0032060		CO-ADD:PC0237	14.7	32	32	32	32	32	32	32																																						
CO-ADD:0220786	C(CNc1ccccc1C)(=O)N\\N=C\\c(ccc(c2I)OC)c2	Russian Academy of Science (Russia)	A0678/0031570		CO-ADD:PC0236	32	32	32	32	32	32	32	32																																						
CO-ADD:0221142	c1(ccccc1O)C(=O)N\\N=C(/CCCCCC)\\CCCCCC	Russian Academy of Science (Russia)	A0690/0032182		CO-ADD:PC0237	32	32	32	32	32	32	32	32																																						
CO-ADD:0215551	[N+](=O)([O-])c1cc(ccc1OC(=O)c2ccc(cc2)OC)\\C=N\\NC(=O)c3cccc(C)c3	Russian Academy of Science (Russia)	A0539/0024855		CO-ADD:PC0221	32	32	32	32	32	32	32	32																																						
CO-ADD:0215563	[N+](=O)([O-])c1cc(ccc1OC(=O)c2cccc(cccc3)c23)\\C=N\\NC(=O)c4ccc(cc4)O	Russian Academy of Science (Russia)	A0542/0025035		CO-ADD:PC0221	32	32	32	32	32	32	32	32																																						
CO-ADD:0215571	[N+](=O)([O-])c1cc(ccc1OC(=O)c2cccc(cccc3)c23)\\C=N\\NC(=O)c4cccc(O)c4	Russian Academy of Science (Russia)	A0543/0025048		CO-ADD:PC0221	32	32	32	32	32	32	32	32																																						
CO-ADD:0215578	n1c(c(ccc(c2Cl)Cl)c2)csc1N\\N=C(/CC)\\c3ccc(cc3)Cl	Russian Academy of Science (Russia)	A0543/0025055		CO-ADD:PC0221	32	32	32	32	32	32	32	32																																						
CO-ADD:0215590	C(=O)(c1ccc(cc1)OC)Oc2cc(ccc2\\C=N\\c(cc3)ccc3C)OC(=O)c4ccc(cc4)OC	Russian Academy of Science (Russia)	A0543/0025070		CO-ADD:PC0221	32	32	32	32	32	32	32	32																																						
CO-ADD:0215599	C(=O)(N\\N=C\\c(cc1)ccc1OCc(cc2)ccc2Cl)C(=O)Nc3cccc(OC)c3	Russian Academy of Science (Russia)	A0544/0025089		CO-ADD:PC0221	32	32	32	32	32	32	32	32																																						
CO-ADD:0215452	[N+](=O)([O-])c1cc(ccc1OC(c2ccccc2)=O)\\C=N\\c3ccc(cc3C)C	Russian Academy of Science (Russia)	A0536/0024694		CO-ADD:PC0221	32	32	32	32	32	32	32	32																																						
CO-ADD:0215472	C(Oc(cc1)ccc1C(=O)Nc2ccccc2F)(=S)Nc3cccc(Br)c3	Russian Academy of Science (Russia)	A0536/0024719		CO-ADD:PC0221	32	32	32	32	32	32	32	32																																						
CO-ADD:0221203	n1c2c(cccc2)ccc1SCC(=O)N\\N=C\\c3cccc(cccc4)c34	Russian Academy of Science (Russia)	A0695/0032412		CO-ADD:PC0237	4.19	32	32	32	32	32	32	32																																						
CO-ADD:0221207	S(CCCCCCCCCC)(=O)(=O)N\\N=C\\c(cc1)ccc1F	Russian Academy of Science (Russia)	A0695/0032417		CO-ADD:PC0237	32	32	32	0.5	32	32	32	32																																						
CO-ADD:0221223	S(=O)(=O)(c(cc1)ccc1[N+](=O)[O-])NCC(OC(C)C)=O	Russian Academy of Science (Russia)	A0696/0032476		CO-ADD:PC0237		32	32	32	32	32	32	32																																						
CO-ADD:0221286	n1c(c2)c([nH]c1c3ccccn3)ccc2[N+](=O)[O-]	Russian Academy of Science (Russia)	A0701/0032694		CO-ADD:PC0237	2.61	32	32	32	32	32	16	16																																						
CO-ADD:0217460	c1(c(cccc2C(F)(F)F)c2)ccc(\\C=N\\NC(COc3ccccc3C)=O)o1	Russian Academy of Science (Russia)	A0579/0026732		CO-ADD:PC0225	32	32	32	32	32	32	32	32																																						
CO-ADD:0217499	[N+](=O)([O-])c1c(Cl)ccc(c1)c2ccc(\\C=N\\c(ccc(c3Cl)C)c3)o2	Russian Academy of Science (Russia)	A0581/0026807		CO-ADD:PC0225	32	32	32	32	32	32	32	32																																						
CO-ADD:0223262	[N+](=O)([O-])c1c(Cl)ccc(c1)\\N=C\\c(cccc2[N+](=O)[O-])c2	Russian Academy of Science (Russia)	A0769/0035965		CO-ADD:PC0239	32	32	32	32	32	32	32	32	32																																					
CO-ADD:0223322	N1(c2ccccc2)C(=O)\\C(\\C(C)=N1)=C\\NNC(=O)c3ccc(cc3)Cl	Russian Academy of Science (Russia)	A0771/0036063		CO-ADD:PC0239	32	32	32	32	32	32	32	32	32																																					
CO-ADD:0217322	c1(ccc(\\C=N\\c(ccc(c2N3)NC3=O)c2)o1)[N+](=O)[O-]	Russian Academy of Science (Russia)	A0575/0026525		CO-ADD:PC0225	19.9	16	32	32	16	32	32	8																																						
CO-ADD:0217369	c(Nc(cc1)ccc1[N+](=O)[O-])(nc(N\\N=C/c(ccc2c3ccc(cc3Cl)Cl)o2)nc4Nc(cc5)ccc5OC)n4	Russian Academy of Science (Russia)	A0576/0026599		CO-ADD:PC0225	32	32	32	32	32	32	32	32																																						
CO-ADD:0221289	n1c2c(cccc2)ccc1SCC(=O)N\\N=C\\c3ccccc3OC	Russian Academy of Science (Russia)	A0701/0032699		CO-ADD:PC0237	7.11	32	32	32	32	32	32	32																																						
CO-ADD:0221305	N1(c(cc2)ccc2C(=O)N\\N=C\\c(cc3)ccc3Cl)C(=O)C4C(C(CC5)C=CC45)C1=O	Russian Academy of Science (Russia)	A0702/0032748		CO-ADD:PC0237	6.15	32	32	32	32	32	32	16																																						
CO-ADD:0221348	c1(cc(Cl)ccc1O)C(=O)Nc(cc2)cc(c2Oc(ccc(c3n4)ns4)c3)Cl	Russian Academy of Science (Russia)	A0706/0032944		CO-ADD:PC0237	5.48	32	32	16	32	32	32	32																																						
CO-ADD:0221364	c1(c(ccn2)NCCCc3ccccc3)c2cc(cccc4)c4c1	Russian Academy of Science (Russia)	A0707/0032992		CO-ADD:PC0237	1.16	32	32	2	32	32	32	32																																						
CO-ADD:0217381	c1(ccc(\\C=N\\NC(COc2c(OC)cc(cc2Br)Br)=O)o1)[N+](=O)[O-]	Russian Academy of Science (Russia)	A0577/0026615		CO-ADD:PC0225	32	32	32	32	32	32	32	32																																						
CO-ADD:0218367	c1(cc(c(cc1[N+](=O)[O-])n2)nc(c2Nc(cc3)ccc3NC(C)=O)OCC)[N+](=O)[O-]	Russian Academy of Science (Russia)	A0605/0028001		CO-ADD:PC0228	8.16	32	32	32	32	32	32	32																																						
CO-ADD:0218373	C(=C/c1ccc(cc1OC)OC)(/C2=O)\\C(=O)NC(=S)N2	Russian Academy of Science (Russia)	A0605/0028012		CO-ADD:PC0228	32	32	32	32	32	32	32	32																																						
CO-ADD:0218378	c1(cc2c(cc1[N+](=O)[O-])[nH]c(N)n2)[N+](=O)[O-]	Russian Academy of Science (Russia)	A0605/0028022		CO-ADD:PC0228	23.4	32	32	32	32	32	32	32																																						
CO-ADD:0218381	c([N+](=O)[O-])(c(Cl)c(cc1[N+](=O)[O-])[N+](=O)[O-])c1NCC(C)([N+](=O)[O-])[N+](=O)[O-]	Russian Academy of Science (Russia)	A0606/0028030		CO-ADD:PC0228	32	32	32	32	32	32	32	32																																						
CO-ADD:0218387	c([N+](=O)[O-])(c(C)c(cc1[N+](=O)[O-])[N+](=O)[O-])c1NCC=C	Russian Academy of Science (Russia)	A0606/0028042		CO-ADD:PC0228	32	32	32	32	32	32	32	32																																						
CO-ADD:0218409	c1(cc([nH]c(n2)N)c2cc1[N+](=O)[O-])[N+](=O)[O-]	Russian Academy of Science (Russia)	A0607/0028088		CO-ADD:PC0228	32	32	32	32	32	32	32	32																																						
CO-ADD:0221476	S(=O)(=O)(c1cccc2c1cccc2S(=O)(=O)N(Cc3ccccc3)Cc4ccccc4)N(Cc5ccccc5)Cc6ccccc6	Russian Academy of Science (Russia)	A0712/0033247		CO-ADD:PC0237	32	32	32	32	32	32	32	32																																						
CO-ADD:0221501	C(=C/c(cc1)ccc1[N+](=O)[O-])(/C(C)=NN2c3ccccc3)\\C2=O	Russian Academy of Science (Russia)	A0713/0033291		CO-ADD:PC0237	26.9	32	32	32	32	32	32	32																																						
CO-ADD:0221523	N1(c2cccc(C)c2)C(=O)c(c3)c(c(c4)C1=O)c(cc3[N+](=O)[O-])cc4[N+](=O)[O-]	Russian Academy of Science (Russia)	A0715/0033411		CO-ADD:PC0237	9.18	32	32	8	32	32	32	32																																						
CO-ADD:0221535	c1(cc(ccc1C(=O)OCc2ccc(cc2[N+](=O)[O-])[N+](=O)[O-])[N+](=O)[O-])[N+](=O)[O-]	Russian Academy of Science (Russia)	A0716/0033426		CO-ADD:PC0237	7.86	32	32	32	32	32	32	32																																						
CO-ADD:0215006	C(=O)(OCC(=O)c1ccc(cc1)Cl)c(cccc2C(=O)OCC(=O)c3ccc(cc3)Cl)c2	Russian Academy of Science (Russia)	A0519/0024033		CO-ADD:PC0221	32	32	32	32	32	32	32	32																																						
CO-ADD:0215007	N1(c2ccccc2N3C(=O)C(C4C3=O)C(c5ccccc5)(C(C46c7ccccc7)=O)C(=C6c8ccccc8)c9ccccc9)C(=O)C%10C(C1=O)C%11(C(=O)C%10(c%12ccccc%12)C(=C%11c%13ccccc%13)c%14ccccc%14)c%15ccccc%15	Russian Academy of Science (Russia)	A0519/0024032		CO-ADD:PC0221	2.49	32	32	32	32	32	32	32																																						
CO-ADD:0219452	c1(O)c(Br)cc(cc1Br)\\C=N\\NC(COc2ccc(cc2Cl)Cl)=O	Russian Academy of Science (Russia)	A0641/0029760		CO-ADD:PC0233	32	32	32	32	32	32	32	32																																						
CO-ADD:0221543	N1(CC)C(=O)c(c2)c(c(c3)C1=O)c(cc2[N+](=O)[O-])cc3[N+](=O)[O-]	Russian Academy of Science (Russia)	A0716/0033436		CO-ADD:PC0237	13.8	32	32	32	32	32	32	32																																						
CO-ADD:0221552	N1(c2ccccn2)C(=O)c(c3)c(c(c4)C1=O)c(cc3[N+](=O)[O-])cc4[N+](=O)[O-]	Russian Academy of Science (Russia)	A0716/0033448		CO-ADD:PC0237	1.84	32	32	8	32	32	32	32																																						
CO-ADD:0221672	n(C(C)=O)(c1c(c2\\C=C(\\c(cc3)ccn3)/c4ccc(cc4)Cl)cccc1)c2.OC(C(F)(F)F)=O	Russian Academy of Science (Russia)	A0722/0033648		CO-ADD:PC0237	0.961	32	32	32	32	32	32	32																																						
CO-ADD:0221678	C(C#N)(C1c2ccc(cc2)N)=C(N)Oc(ccc(c3)[N+](=O)[O-])c13	Russian Academy of Science (Russia)	A0722/0033665		CO-ADD:PC0237	32	32	32	32	32	32	32	32																																						
CO-ADD:0218692	[N+](=O)([O-])c(cc(cc1[N+](=O)[O-])C(=O)NC(CSCc2ccccc2)C(=O)N\\N=C(/C)\\c(cccc3[N+](=O)[O-])c3)c1	Russian Academy of Science (Russia)	A0620/0028742		CO-ADD:PC0228	32	32	32	32	32	32	32	32																																						
CO-ADD:0214905	N1(c2ccc(c(C)c2)C)C(=O)c(c3)c(c(c4)C1=O)c(cc3[N+](=O)[O-])cc4[N+](=O)[O-]	Russian Academy of Science (Russia)	A0515/0023829		CO-ADD:PC0221	32	32	32	32	32	32	32	32																																						
CO-ADD:0214907	N1(c2cccc(O)c2)C(=O)c(c3)c(c(c4)C1=O)c(cc3[N+](=O)[O-])cc4[N+](=O)[O-]	Russian Academy of Science (Russia)	A0515/0023833		CO-ADD:PC0221	32	32	32	32	32	32	32	32																																						
CO-ADD:0219524	c1(cc(Cl)cc(Cl)c1OCC(=O)N\\N=C\\c2cccc(OC)c2OC)[N+](=O)[O-]	Russian Academy of Science (Russia)	A0643/0029881		CO-ADD:PC0233	32	32	32	32	32	32	32	32																																						
CO-ADD:0219532	C(=O)(c1cccc(F)c1)N\\N=C(/C)\\C=C\\c2ccccc2F	Russian Academy of Science (Russia)	A0644/0029894		CO-ADD:PC0233	6.52	32	32	32	32	32	32	32																																						
CO-ADD:0219567	c1(C(=O)N\\N=C\\c2ccccc2OCc(cc3)ccc3Cl)c(O)cc(c4c1)cccc4	Russian Academy of Science (Russia)	A0645/0029958		CO-ADD:PC0233	32	32	32	32	32	32	32	32																																						
CO-ADD:0221685	N1(CNc(ccc(c2C)C)c2)C(=O)\\C(\\SC1=S)=C/c3ccc(cc3Cl)Cl	Russian Academy of Science (Russia)	A0722/0033675		CO-ADD:PC0237	32	32	32	4	32	32	32	32													32	8	32					32	32	32																
CO-ADD:0221704	N1(CNc2cccc(C)c2C)C(=O)\\C(\\SC1=S)=C\\c3cccc(Br)c3	Russian Academy of Science (Russia)	A0723/0033717		CO-ADD:PC0237	32	32	32	8	32	32	32	32													32	32	32					32	32	32																
CO-ADD:0221712	N1(CNc2ccc(cc2C)I)C(=O)\\C(\\SC1=S)=C/c3cccc(F)c3	Russian Academy of Science (Russia)	A0723/0033735		CO-ADD:PC0237	32	32	32	16	32	32	32	32													32	16	16					32	32	32																
CO-ADD:0221716	N1(CNc2cccc(C)c2C)C(=O)\\C(\\SC1=S)=C/c3cccc(F)c3	Russian Academy of Science (Russia)	A0724/0033744		CO-ADD:PC0237	32	32	32	8	32	32	32	32													32	32	32					32	32	32																
CO-ADD:0221758	N1(c2ccccc2C)C(=O)\\C(=C/NCCCCCCCCCCCCCCCCCC)\\C(NC1=O)=O	Russian Academy of Science (Russia)	A0725/0033804		CO-ADD:PC0237		32	32	32	32	32	32	32																																						
CO-ADD:0221770	[N+](=O)([O-])c(c1)cc(cc1C(=O)N(C)CCOc2ccccc2)[N+](=O)[O-]	Russian Academy of Science (Russia)	A0725/0033821		CO-ADD:PC0237	17.8	32	32	16	32	32	32	32																																						
CO-ADD:0221787	c1(ccccc1Br)C(=O)NCC(=O)N\\N=C(/C)\\C	Russian Academy of Science (Russia)	A0726/0033841		CO-ADD:PC0237	32	32	32	32	32	32	32	32																																						
CO-ADD:0221799	S(=O)(=O)(C\\C=C(\\Cl)/Cl)Nc1ccccc1Cl	Russian Academy of Science (Russia)	A0726/0033866		CO-ADD:PC0237	32	32	32	32	32	32	32	32																																						
CO-ADD:0221803	C(=N/N=C\\c1c(O)ccc(cccc2)c12)(/Sc(c34)cccc3)\\N4CCCS(=O)(=O)[O-].[Na+]	Russian Academy of Science (Russia)	A0726/0033881		CO-ADD:PC0237	18.8	32	32	32	32	32	32	32																																						
CO-ADD:0214910	N1(c2ccc(cc2C)C)C(=O)c(c3)c(c(c4)C1=O)c(cc3[N+](=O)[O-])cc4[N+](=O)[O-]	Russian Academy of Science (Russia)	A0515/0023839		CO-ADD:PC0221	5.19	32	32	8	32	32	32	8																																						
CO-ADD:0214950	N1(c(cc2)ccc2C(=O)Nc(cccc3\\C=C\\C(c4ccccc4)=O)c3)C(=O)c(c5C1=O)ccc(c5)C(=O)Nc(cccc6\\C=C\\C(c7ccccc7)=O)c6	Russian Academy of Science (Russia)	A0541/0024983		CO-ADD:PC0221	32	32	32	32	32	32	32	32																																						
CO-ADD:0214968	C(=O)(N\\N=C\\c(ccc(c1C)C)c1)C(=O)Nc2ccc(cc2C)Cl	Russian Academy of Science (Russia)	A0542/0025011		CO-ADD:PC0221	32	32	32	32	32	32	32	32																																						
CO-ADD:0216847	C(=O)(N(C(C)C)C(C)C)C\\C(\\C)=N\\NC(=O)C(=O)Nc1ccccc1C	Russian Academy of Science (Russia)	A0540/0024918		CO-ADD:PC0225	32	32	32	32	32	32	32	16																																						
CO-ADD:0219638	c1(O)c(Br)c(\\C=N\\NC(Cc2ccccc2)=O)cc(Br)c1O	Russian Academy of Science (Russia)	A0647/0030049		CO-ADD:PC0233	3.89	32	32	32	32	32	32	32																																						
CO-ADD:0221869	N(C(=O)\\C(\\S1)=C/c2cccc(OC)c2)=C1N(CC3)CCN3C4=NC(\\C(=C/c5cccc(OC)c5)\\S4)=O	Russian Academy of Science (Russia)	A0730/0034037		CO-ADD:PC0237		32	32	32	32	32	32	32																																						
CO-ADD:0221902	N1(c2ccc(cc2)O)C(=O)c(c3)c(c(c4)C1=O)c(cc3[N+](=O)[O-])cc4[N+](=O)[O-]	Russian Academy of Science (Russia)	A0713/0033318		CO-ADD:PC0238	3.78	32	32	4	32	32	32	32																																						
CO-ADD:0221907	N1(c2ccc(cc2)O)C(=O)c(cc3)c(c(ccc4[N+](=O)[O-])C1=O)c4c3[N+](=O)[O-]	Russian Academy of Science (Russia)	A0714/0033329		CO-ADD:PC0238	0.44	32	32	1	32	32	32	32																																						
CO-ADD:0221664	c1(ccccc1N(C)C)C(=O)\\C=C/c2ccccc2	Russian Academy of Science (Russia)	A0721/0033637		CO-ADD:PC0237	32	32	32	32	32	32	32	32																																						
CO-ADD:0221914	N1(NC(=O)c(cc2)ccc2[N+](=O)[O-])C(=O)c(cc3)c(c(ccc4[N+](=O)[O-])C1=O)c4c3[N+](=O)[O-]	Russian Academy of Science (Russia)	A0714/0033340		CO-ADD:PC0238	9.71	32	32	8	32	32	32	32																																						
CO-ADD:0221916	N1(NC(=O)c(cccc2[N+](=O)[O-])c2)C(=O)c(cc3)c(c(ccc4[N+](=O)[O-])C1=O)c4c3[N+](=O)[O-]	Russian Academy of Science (Russia)	A0714/0033342		CO-ADD:PC0238	20.4	32	32	8	32	32	32	32																																						
CO-ADD:0221919	N1(Nc2cccc(Cl)c2)C(=O)c(cc3)c(c(ccc4[N+](=O)[O-])C1=O)c4c3[N+](=O)[O-]	Russian Academy of Science (Russia)	A0714/0033347		CO-ADD:PC0238	0.432	32	32	2	32	32	32	32																																						
CO-ADD:0221929	N1(NC(=O)c2ccc(cc2)O)C(=O)c(cc3)c(c(ccc4[N+](=O)[O-])C1=O)c4c3[N+](=O)[O-]	Russian Academy of Science (Russia)	A0714/0033367		CO-ADD:PC0238	4.14	32	32	16	32	32	32	32																																						
CO-ADD:0221935	N1(Nc2cccc(C)c2)C(=O)c(cc3)c(c(ccc4[N+](=O)[O-])C1=O)c4c3[N+](=O)[O-]	Russian Academy of Science (Russia)	A0715/0033376		CO-ADD:PC0238	11.4	32	32	32	32	32	32	32																																						
CO-ADD:0221943	N1(Nc(ccc(c2C)C)c2)C(=O)c(cc3)c(c(ccc4[N+](=O)[O-])C1=O)c4c3[N+](=O)[O-]	Russian Academy of Science (Russia)	A0715/0033389		CO-ADD:PC0238	0.434	32	32	32	32	32	32	32																																						
CO-ADD:0216955	[N+](=O)([O-])c(cc1)ccc1C(=O)N\\N=C(/C)\\CC(=O)Nc2cc(C)ccc2OC	Russian Academy of Science (Russia)	A0558/0025778		CO-ADD:PC0225	32	32	32	32	32	32	32	32																																						
CO-ADD:0216971	[N+](=O)([O-])c1ccc(cc1)\\N=C\\c2cc(ccc2O)Cc(ccc(c3\\C=N\\c(cc4)ccc4[N+](=O)[O-])O)c3	Russian Academy of Science (Russia)	A0558/0025803		CO-ADD:PC0225	32	32	32	32	32	32	32	16																																						
CO-ADD:0217008	N1(CNc(cc2)ccc2OC)C(=O)\\C(\\SC1=S)=C/c3ccc(C)o3	Russian Academy of Science (Russia)	A0559/0025856		CO-ADD:PC0225	32	32	32	32	32	32	32	32																																						
CO-ADD:0217043	N1(CNc2ccccc2I)C(=O)\\C(\\SC1=S)=C\\c3ccc(C)o3	Russian Academy of Science (Russia)	A0561/0025932		CO-ADD:PC0225	32	32	32	32	32	32	32	16																																						
CO-ADD:0217955	N1(c2ccc(cc2)OC)C(=O)C(CC1=O)SCC(=O)Nc3cccc(F)c3	Russian Academy of Science (Russia)	A0587/0027104		CO-ADD:PC0228	32	32	32	32	32	32	32	32																																						
CO-ADD:0219753	C(=O)(c1ccc(cc1)Cl)Oc2ccccc2\\C=N\\NC(=O)c3ccc(cc3)NC(CC)=O	Russian Academy of Science (Russia)	A0651/0030242		CO-ADD:PC0233	32	32	32	32	32	32	32	32																																						
CO-ADD:0219761	C(O)(=O)c1ccc(cc1)\\N=C\\c(cc2)ccc2OCc(cc3)ccc3Br	Russian Academy of Science (Russia)	A0651/0030254		CO-ADD:PC0233	32	32	32	32	32	32	32	32																																						
CO-ADD:0221996	C(=O)(C(c1ccc(cc1)Cl)c2ccc(cc2)Cl)Nc(cc3)ccc3NC(c4ccccc4)=O	Russian Academy of Science (Russia)	A0745/0034811		CO-ADD:PC0238	32	32	32	32	32	32	32	32																																						
CO-ADD:0222022	C(=O)(Oc(cc1)ccc1\\C=N\\NC(COc2ccccc2C)=O)c3ccccc3Br	Russian Academy of Science (Russia)	A0746/0034847		CO-ADD:PC0238	32	32	32	32	32	32	32	32																																						
CO-ADD:0222064	c1(NC(=O)c2ccccc2Cl)sc(c3c1C#N)CCC3	Russian Academy of Science (Russia)	A0748/0034938		CO-ADD:PC0238	32	32	32	32	32	32	32	32																																						
CO-ADD:0222068	N1(CN2CCCCC2)C(=O)\\C(\\SC1=S)=C\\c3cccs3	Russian Academy of Science (Russia)	A0748/0034955		CO-ADD:PC0238	32	32	32	32	32	32	16	32																																						
CO-ADD:0222072	C1(C(c2ccccc2)C=CC(c3ccccc3)C1C(O)=O)C(=O)Nc4cccc(C)c4C	Russian Academy of Science (Russia)	A0749/0034964		CO-ADD:PC0238		32	32	32	32	32	32	32																																						
CO-ADD:0218571	[N+](=O)([O-])c(cc1)ccc1C(=O)N\\N=C(/CCC2)\\C2	Russian Academy of Science (Russia)	A0616/0028531		CO-ADD:PC0228	32	32	32	32	32	32	32	32																																						
CO-ADD:0166694	c1(C#N)c(c2ccc(cc2)Cl)cc(nc1SCc(cc3)ccc3C(C)(C)C)c4cccs4	Russian Academy of Science (Russia)	A0510/0023643		CO-ADD:PC0217	32									32	32	32	32	32	32	32																														
CO-ADD:0166729	C(C(=O)OCc1ccccc1)(=C(C)OC(=C2C#N)N)C2c(ccs3)c3	Russian Academy of Science (Russia)	A0511/0023679		CO-ADD:PC0217	32									32	32	32	32	32	32	32																														
CO-ADD:0166740	c1(nc(Nc(ccc(c2C)C)c2)c(n3)NC(C)c4ccccc4)c3non1	Russian Academy of Science (Russia)	A0512/0023698		CO-ADD:PC0217	2.21									32	32	32	32	32	32	32																														
CO-ADD:0166750	N1(NC(=O)c(cc2)ccc2[N+](=O)[O-])C(=O)c3c(c(c4)C1=O)c(ccc3)c(c4[N+](=O)[O-])Br	Russian Academy of Science (Russia)	A0513/0023720		CO-ADD:PC0217	21.1									32	32	32	32	32	32	32																														
CO-ADD:0223555	S(=O)(=O)(N1CCCCC1)c2c(C)ccc(c2)C(=O)Oc3cccc(cccn4)c34	Russian Academy of Science (Russia)	A0782/0036599		CO-ADD:PC0239	22.8	32	32	16	32	32	2	2	32																																					
CO-ADD:0220021	c1(cc(cc(Cc(cc2[N+](=O)[O-])c3cc2)c13)[N+](=O)[O-])[N+](=O)[O-]	Russian Academy of Science (Russia)	A0656/0030478		CO-ADD:PC0236	2.32	32	32	4	32	32	4	1																																						
CO-ADD:0220034	C(OC\\C=C\\c1ccccc1)(=O)Nc2ccccc2Cl	Russian Academy of Science (Russia)	A0656/0030502		CO-ADD:PC0236	32	32	32	32	32	32	32	32																																						
CO-ADD:0220057	c1(\\C=N\\NC(=O)CC(=O)N\\N=C\\c2c3c(cccc3)cc(cccc4)c24)c5c(cccc5)cc(cccc6)c16	Russian Academy of Science (Russia)	A0657/0030549		CO-ADD:PC0236	0.983	32	32	32	32	32	32	32																																						
CO-ADD:0220061	S(=O)(=O)(c(cc1)ccc1[N+](=O)[O-])NC(C)c2ccccc2	Russian Academy of Science (Russia)	A0657/0030557		CO-ADD:PC0236	32	32	32	32	32	32	32	32																																						
CO-ADD:0220094	N1(CNc(cc2)ccc2C(C)=O)C(=O)c(c3C1=O)ccc(c3)[N+](=O)[O-]	Russian Academy of Science (Russia)	A0658/0030623		CO-ADD:PC0236	32	32	32	32	32	32	32	32																																						
CO-ADD:0220103	N1(C(CC)=O)c2c(OC1=O)cccc2	Russian Academy of Science (Russia)	A0659/0030640		CO-ADD:PC0236	32	32	32	32	32	32	32	32																																						
CO-ADD:0220105	c1c(cccc1Oc(cc2)ccc2N)Oc(cc3)ccc3N	Russian Academy of Science (Russia)	A0659/0030642		CO-ADD:PC0236	32	32	32	32	32	32	32	32																																						
CO-ADD:0220112	[N+](=O)([O-])c1c(Cl)ccc(c1)NC(=O)c(cc2)ccc2[N+](=O)[O-]	Russian Academy of Science (Russia)	A0659/0030654		CO-ADD:PC0236	32	32	32	32	32	32	32	32																																						
CO-ADD:0220115	C1(C#N)(C#N)C(c2ccc(cc2)OCCCC)C3C(C(C#N)=C1N)=CCCC3	Russian Academy of Science (Russia)	A0659/0030659		CO-ADD:PC0236	8.24	32	32	0.5	32	32	32	32																																						
CO-ADD:0222100	c1(c(OCCCCNC(=O)c2cccc(cccc3)c23)ccc(C(C)(C)CC)c1)C(C)(C)CC	Russian Academy of Science (Russia)	A0731/0034104		CO-ADD:PC0238	11.9	32	32	32	32	32	32	32																																						
CO-ADD:0221910	N1(NC(=O)c(cc2)ccc2[N+](=O)[O-])C(=O)c(c3)c(c(c4)C1=O)c(cc3[N+](=O)[O-])cc4[N+](=O)[O-]	Russian Academy of Science (Russia)	A0714/0033334		CO-ADD:PC0238	4.36	32	32	4	32	32	32	32																																						
CO-ADD:0216902	[N+](=O)([O-])c1cc(ccc1OC(=O)c2ccc(cc2Cl)Cl)\\C=N\\c(cc3)ccc3Cl	Russian Academy of Science (Russia)	A0556/0025704		CO-ADD:PC0225	32	32	32	32	32	32	32	16																																						
CO-ADD:0216920	[N+](=O)([O-])c1cc(ccc1OC(=O)c2cccc(cccc3)c23)\\C=N\\NC(=O)c4ccccc4[N+](=O)[O-]	Russian Academy of Science (Russia)	A0557/0025734		CO-ADD:PC0225	32	32	32	32	32	32	32	32																																						
CO-ADD:0216938	N1(CNc2cccc(Br)c2)C(=O)\\C(\\SC1=S)=C\\c3ccc(C)o3	Russian Academy of Science (Russia)	A0557/0025756		CO-ADD:PC0225	32	32	32	32	32	32	32	32																																						
CO-ADD:0220165	c(\\C=N\\NC(CNc(cc1)ccc1C)=O)(cc(Br)cc2Br)c2O	Russian Academy of Science (Russia)	A0661/0030724		CO-ADD:PC0236	32	32	32	32	32	32	16	32																																						
CO-ADD:0220185	[N+](=O)([O-])c1cccc(OCC(=O)N\\N=C\\c2cccs2)c1	Russian Academy of Science (Russia)	A0661/0030753		CO-ADD:PC0236	32	32	32	32	32	32	32	32																																						
CO-ADD:0220197	c1(c(ccc(c1)[N+](=O)[O-])Oc2cccc(c2)\\C=N\\c3cc(C)ccc3O)[N+](=O)[O-]	Russian Academy of Science (Russia)	A0661/0030770		CO-ADD:PC0236	9.25	32	32	8	32	32	32	32																																						
CO-ADD:0220207	N(=C1c(cc2)ccc2C3=N\\C(\\C(=O)O3)=C/c4c(OCC)ccc(cccc5)c45)\\C(\\C(O1)=O)=C/c6c(OCC)ccc(cccc7)c67	Russian Academy of Science (Russia)	A0662/0030783		CO-ADD:PC0236	32	32	32	32	32	32	32	32																																						
CO-ADD:0220214	N(\\C(\\C(O1)=O)=C/c2c(OCC)ccc(cccc3)c23)=C1c(cccc4[N+](=O)[O-])c4	Russian Academy of Science (Russia)	A0662/0030791		CO-ADD:PC0236	32	32	32	32	32	32	32	32																																						
CO-ADD:0220240	C(F)(F)(C(F)(F)C(F)(F)C(=O)Nc(c1)cc(cc1[N+](=O)[O-])[N+](=O)[O-])C(F)(F)C(F)(F)C(F)(F)C(F)(F)F	Russian Academy of Science (Russia)	A0663/0030825		CO-ADD:PC0236	32	32	32	16	32	32	32	32																																						
CO-ADD:0220246	[N+](=O)([O-])c1cccc(\\C=N\\NC(COc(cccc2[N+](=O)[O-])c2)=O)c1O	Russian Academy of Science (Russia)	A0663/0030832		CO-ADD:PC0236	0.276	32	32	32	32	32	32	32																																						
CO-ADD:0222234	c1(ccc(c(cccc2)c12)Br)CC(=O)N\\N=C\\c3cccc(O)c3	Russian Academy of Science (Russia)	A0735/0034294		CO-ADD:PC0238	7.69	32	32	32	32	32	32	32																																						
CO-ADD:0222241	C(=O)(c1cccc(F)c1)Oc2ccc(cc2OC)\\C=N\\NC(CNc3cccc(cccc4)c34)=O	Russian Academy of Science (Russia)	A0735/0034304		CO-ADD:PC0238	16.4	32	32	32	32	32	32	32																																						
CO-ADD:0222244	[N+](=O)([O-])c1cc(ccc1O)\\C=N\\NC(CNc2cccc(cccc3)c23)=O	Russian Academy of Science (Russia)	A0735/0034307		CO-ADD:PC0238		32	32	32	32	32	32	32																																						
CO-ADD:0222256	c1(ccccc1Br)C(=O)NCC(=O)N\\N=C\\c(cccc2OC(=O)c3cccc(F)c3)c2	Russian Academy of Science (Russia)	A0735/0034320		CO-ADD:PC0238	32	32	32	32	32	32	32	32																																						
CO-ADD:0222259	C(=O)(Oc1cccc(c1)\\C=N\\NC(CNC(=O)C(c2ccccc2)c3ccccc3)=O)c4cccc(F)c4	Russian Academy of Science (Russia)	A0735/0034323		CO-ADD:PC0238	32	32	32	32	32	32	32	32																																						
CO-ADD:0222264	C(=O)(Oc1ccc(cc1OC)\\C=N\\NC(CNC(=O)C(c2ccccc2)c3ccccc3)=O)c4ccccc4I	Russian Academy of Science (Russia)	A0736/0034329		CO-ADD:PC0238	32	32	32	32	32	32	32	32																																						
CO-ADD:0222330	N(=C\\c1cccc(I)c1O)/c2c(O)ccc(Cl)c2	Russian Academy of Science (Russia)	A0737/0034414		CO-ADD:PC0238	10.4	32	32	32	32	32	16	8																																						
CO-ADD:0215752	[N+](=O)([O-])c(cc1)ccc1C(=O)CSc2nc(C)cc(C)n2	Russian Academy of Science (Russia)	A0550/0025391		CO-ADD:PC0221	32	32	32	32	32	32	32	32																																						
CO-ADD:0220284	c1(cc(C)cc(I)c1O)\\C=N\\c2cc(C)ccc2O	Russian Academy of Science (Russia)	A0664/0030883		CO-ADD:PC0236	10.9	32	32	32	32	32	32	32																																						
CO-ADD:0220307	[N+](=O)([O-])c1cccc(\\C=N\\NC(CNc2cccc(C)c2)=O)c1O	Russian Academy of Science (Russia)	A0664/0030914		CO-ADD:PC0236	21.5	32	32	32	32	32	32	32																																						
CO-ADD:0220311	c1(\\C=N\\NC(CNc2cccc(C)c2)=O)cc(I)ccc1O	Russian Academy of Science (Russia)	A0665/0030920		CO-ADD:PC0236	6.52	32	32	32	32	32	32	32																																						
CO-ADD:0220314	[N+](=O)([O-])c(ccc(c1\\C=N\\NC(CNc2cccc(C)c2)=O)OC)c1	Russian Academy of Science (Russia)	A0665/0030924		CO-ADD:PC0236	19.6	32	32	16	32	32	32	32																																						
CO-ADD:0220326	c(\\C=N\\NC(CNc1ccccc1C)=O)(cc(Br)cc2Br)c2O	Russian Academy of Science (Russia)	A0665/0030943		CO-ADD:PC0236	3.12	32	32	32	32	32	32	32																																						
CO-ADD:0220348	c1([nH]c(c2n1)cccc2)c3cc(ccc3O)\\N=C/c(cccc4[N+](=O)[O-])c4O	Russian Academy of Science (Russia)	A0666/0030970		CO-ADD:PC0236	32	32	32	32	32	32	32	32																																						
CO-ADD:0220358	c1(c2ccc(cc2)Cl)ccc(\\C=N\\NC(CNc(cc3)ccc3C)=O)o1	Russian Academy of Science (Russia)	A0666/0030980		CO-ADD:PC0236	31.8	32	32	32	32	32	32	32																																						
CO-ADD:0220373	c1(cc(C)cc(I)c1O)\\C=N\\c(cc2)ccc2C(OCC)=O	Russian Academy of Science (Russia)	A0666/0030997		CO-ADD:PC0236	32	32	32	32	32	32	32	16																																						
CO-ADD:0220376	c1(cc(C)cc(I)c1O)\\C=N\\c(cc2)ccc2OCC	Russian Academy of Science (Russia)	A0666/0031002		CO-ADD:PC0236	32	32	32	32	32	32	32	32																																						
CO-ADD:0220380	c1(O)c(I)cc(cc1I)\\C=N\\NC(CNc2cccc(C)c2)=O	Russian Academy of Science (Russia)	A0666/0031008		CO-ADD:PC0236	32	32	32	32	32	32	32	32																																						
CO-ADD:0222348	[N+](=O)([O-])c1cc(ccc1Cl)\\C=N\\c2cc(CC)ccc2O	Russian Academy of Science (Russia)	A0738/0034438		CO-ADD:PC0238	32	32	32	32	32	32	32	32																																						
CO-ADD:0222358	[N+](=O)([O-])c1cc(ccc1Cl)\\C=N\\c(ccc(c2OC)OC)c2	Russian Academy of Science (Russia)	A0738/0034451		CO-ADD:PC0238	32	32	32	32	32	32	32	32																																						
CO-ADD:0222418	c(Nc1ccccc1)(nc(N\\N=C\\c2ccccc2Br)nc3Nc4ccccc4)n3	Russian Academy of Science (Russia)	A0740/0034537		CO-ADD:PC0238	32	32	32	0.5	32	32	32	32																																						
CO-ADD:0222425	[N+](=O)([O-])c(cc1)ccc1C(=O)Oc2cccc(c2)\\C=N\\NC(=O)c(cccn3)c3	Russian Academy of Science (Russia)	A0740/0034546		CO-ADD:PC0238	32	32	32	32	32	32	32	32																																						
CO-ADD:0222439	C(=O)(c1ccc(cc1)Br)Oc2ccc(cc2OCC)\\C=N\\NC(=O)C(O)c3ccccc3	Russian Academy of Science (Russia)	A0740/0034561		CO-ADD:PC0238	32	32	32	32	32	32	32	32																																						
CO-ADD:0222230	c1(ccc(c(cccc2)c12)Br)CC(=O)N\\N=C\\c(ccc(c3I)O)c3	Russian Academy of Science (Russia)	A0735/0034290		CO-ADD:PC0238	32	32	32	32	32	32	32	32																																						
CO-ADD:0166780	N1(c2cccc(c2)C(O)=O)C(=O)c(c3)c(c(c4)C1=O)c(cc3[N+](=O)[O-])cc4[N+](=O)[O-]	Russian Academy of Science (Russia)	A0514/0023780		CO-ADD:PC0217	32									32	32	32	32	32	32	32																														
CO-ADD:0215703	c1(c(Br)cc(c(\\N=C\\c(cc(Br)cc2Br)c2O)c1Br)Br)[N+](=O)[O-]	Russian Academy of Science (Russia)	A0548/0025305		CO-ADD:PC0221	32	32	32	32	32	32	32	32																																						
CO-ADD:0215715	c(C#N)(c1c2ccccc2)c(\\N=C\\c3cccc(OC)c3)oc1c4ccccc4	Russian Academy of Science (Russia)	A0548/0025325		CO-ADD:PC0221	32	32	32	32	32	32	32	32																																						
CO-ADD:0215721	c1(ccc(cc1[N+](=O)[O-])[N+](=O)[O-])C(=O)Nc(cc2)ccn2	Russian Academy of Science (Russia)	A0549/0025332		CO-ADD:PC0221	32	32	32	16	32	32	32	32																																						
CO-ADD:0220427	[N+](=O)([O-])c1cc(ccc1O)\\C=N\\NC(CNC(=O)C(c2ccccc2)c3ccccc3)=O	Russian Academy of Science (Russia)	A0668/0031065		CO-ADD:PC0236	32	32	32	32	32	32	32	32																																						
CO-ADD:0220440	C(=O)(C(c1ccccc1)c2ccccc2)NCC(=O)N\\N=C\\c3cc(Br)ccc3O	Russian Academy of Science (Russia)	A0668/0031079		CO-ADD:PC0236	3.65	32	32	0.5	32	32	32	32																																						
CO-ADD:0220456	C(=O)(C(c1ccccc1)c2ccccc2)NCC(=O)N\\N=C\\c3cc(C)ccc3O	Russian Academy of Science (Russia)	A0668/0031101		CO-ADD:PC0236	10.4	32	32	32	32	32	32	32																																						
CO-ADD:0220168	c1(ccc(\\C=N\\NC(CNc(cc2)ccc2C)=O)o1)[N+](=O)[O-]	Russian Academy of Science (Russia)	A0661/0030730		CO-ADD:PC0236	8.02	32	32	16	32	32	32	32																																						
CO-ADD:0220525	[N+](=O)([O-])c1cccc(OCC(=O)N\\N=C\\c(ccc(c2I)O)c2)c1	Russian Academy of Science (Russia)	A0671/0031213		CO-ADD:PC0236	32	32	32	32	32	32	32	32																																						
CO-ADD:0222851	S(=O)(=O)(c(cc1)ccc1[N+](=O)[O-])NC(C)C(=O)N\\N=C\\c(cc2)ccc2OC	Russian Academy of Science (Russia)	A0780/0036529		CO-ADD:PC0238	32	32	32	32	32	32	32	32																																						
CO-ADD:0222865	C(=O)(c1ccc(cc1)Cl)Oc(cc2)ccc2OC	Russian Academy of Science (Russia)	A0755/0035302		CO-ADD:PC0239	32	32	32	32	32	32	32	32	32																																					
CO-ADD:0222895	C(COc1ccccc1Br)(=O)Nc(cc2)ccc2I	Russian Academy of Science (Russia)	A0756/0035348		CO-ADD:PC0239	32	32	32	32	32	32	32	32	32																																					
CO-ADD:0222478	C(=C\\c(c1)c(O)c(cc1[N+](=O)[O-])Br)(/C2=O)\\Sc(c23)cccc3	Russian Academy of Science (Russia)	A0741/0034614		CO-ADD:PC0238	32	32	32	16	32	32	32	32																																						
CO-ADD:0217883	c1(ccc(\\C=N\\c(cccc2NC(C)=O)c2)s1)[N+](=O)[O-]	Russian Academy of Science (Russia)	A0597/0027610		CO-ADD:PC0228	10.7	32	32	32	32	32	8	8																																						
CO-ADD:0217913	S(=O)(=O)(c1ccc(cc1)NC(=O)C(F)(F)F)Nc2nnc(CC)s2	Russian Academy of Science (Russia)	A0599/0027698		CO-ADD:PC0228	32	32	32	32	32	32	32	32																																						
CO-ADD:0217940	c1(c(ccc(c1)[N+](=O)[O-])NC(=O)c2ccco2)[N+](=O)[O-]	Russian Academy of Science (Russia)	A0600/0027774		CO-ADD:PC0228	32	32	32	32	32	32	32	32																																						
CO-ADD:0223667	c1(ccc(\\C=N\\NC(COc(cc2)ccc2I)=O)s1)[N+](=O)[O-]	Russian Academy of Science (Russia)	A0786/0036814		CO-ADD:PC0239	32	32	32	16	32	32	16	32	32																																					
CO-ADD:0220543	[N+](=O)([O-])c1cccc(OCC(=O)N\\N=C\\c(cc(Br)c(c2Br)O)c2O)c1	Russian Academy of Science (Russia)	A0671/0031238		CO-ADD:PC0236	8.71	32	32	32	32	32	32	32																																						
CO-ADD:0220550	c1(Br)c(O)c(\\C=N\\NC(CNc(cc2)ccc2C)=O)cc(Br)c1O	Russian Academy of Science (Russia)	A0671/0031247		CO-ADD:PC0236	4.63	32	32	32	32	32	32	32																																						
CO-ADD:0220567	[N+](=O)([O-])c1cccc(\\C=N\\NC(CNc2ccccc2C)=O)c1O	Russian Academy of Science (Russia)	A0672/0031271		CO-ADD:PC0236	32	32	32	32	32	32	16	16																																						
CO-ADD:0220570	C(c1ccccc1)(=O)Oc2cc(ccc2OC(c3ccccc3)=O)\\C=N\\NC(CNc4ccccc4C)=O	Russian Academy of Science (Russia)	A0672/0031276		CO-ADD:PC0236		32	32	32	32	32	32	32																																						
CO-ADD:0220613	[N+](=O)([O-])c(cc1)ccc1C(=O)Oc2ccc(cc2OC)\\C=N\\NC(=O)\\C(\\NC(c3ccccc3)=O)=C/c4cccs4	Russian Academy of Science (Russia)	A0673/0031331		CO-ADD:PC0236	32	32	32	32	32	32	32	32																																						
CO-ADD:0220617	[N+](=O)([O-])c1ccc(cc1O)\\C=N\\NC(=O)\\C(\\NC(c2ccccc2)=O)=C/c3cccs3	Russian Academy of Science (Russia)	A0673/0031336		CO-ADD:PC0236		32	32	32	32	32	32	32																																						
CO-ADD:0222484	[N+](=O)([O-])c(ccc(c1c2ccc(\\C=N\\c(ccc(c3C(F)(F)F)Cl)c3)o2)Cl)c1	Russian Academy of Science (Russia)	A0742/0034626		CO-ADD:PC0238	32	32	32	32	32	32	32	32																																						
CO-ADD:0222489	C(=O)(Oc1ccc(cc1OC)C=O)c2ccccc2Br	Russian Academy of Science (Russia)	A0742/0034634		CO-ADD:PC0238	32	32	32	32	32	32	32	32																																						
CO-ADD:0222494	[N+](=O)([O-])c(c1)cc(c(O)c1\\C=N\\c2cccc(Cl)c2Cl)Br	Russian Academy of Science (Russia)	A0742/0034641		CO-ADD:PC0238	32	32	32	32	32	32	32	32																																						
CO-ADD:0222522	c1(\\C=N\\NC(CNC(=O)c2ccccc2Br)=O)c(cc(cc1[N+](=O)[O-])[N+](=O)[O-])[N+](=O)[O-]	Russian Academy of Science (Russia)	A0743/0034674		CO-ADD:PC0238	1.41	32	32	8	32	32	32	32																																						
CO-ADD:0222545	[N+](=O)([O-])c(c1)cc(c(O)c1\\C=N\\c2c(C)cccc2O)Br	Russian Academy of Science (Russia)	A0743/0034700		CO-ADD:PC0238	32	32	32	32	32	32	32	32																																						
CO-ADD:0222441	[N+](=O)([O-])c1cc(ccc1Cl)\\C=N\\NC(=O)C(O)(c2ccccc2)c3ccccc3	Russian Academy of Science (Russia)	A0740/0034564		CO-ADD:PC0238	12.4	32	32	32	32	32	32	32																																						
CO-ADD:0222698	c1(n[nH]cn1)NC(=O)c(cccc2[N+](=O)[O-])c2	Russian Academy of Science (Russia)	A0755/0035278		CO-ADD:PC0238	32	32	32	32	32	32	8	32																																						
CO-ADD:0222736	c1(ccc(C(=O)Oc2cccc(c2)\\C=N\\NC(COc3ccccc3C#N)=O)o1)[N+](=O)[O-]	Russian Academy of Science (Russia)	A0777/0036342		CO-ADD:PC0238	32	32	32	32	32	32	32	32																																						
CO-ADD:0215846	N1(c2ccccc2)C(=O)c(c3C1=O)ccc(c3)C(=O)Nc(cc4)ccc4Oc(ccc(c5C6=O)C(O6)=O)c5	Russian Academy of Science (Russia)	A0554/0025589		CO-ADD:PC0221	32	32	32	32	32	32	32	32																																						
CO-ADD:0217656	N1(SCCCCC)C(=O)c2c(cccc2)C1=O	Russian Academy of Science (Russia)	A0586/0027055		CO-ADD:PC0225	11	32	32	32	32	32	4	0.5	32												16	32	32	8	4																					
CO-ADD:0217723	C(F)(F)(C(F)(F)C(F)(F)C(F)(F)F)C(F)(F)C(F)(F)C(=O)N\\N=C\\c1ccco1	Russian Academy of Science (Russia)	A0570/0026276		CO-ADD:PC0225	32	32	32	32	32	32	32	32																																						
CO-ADD:0220694	c1(N(CC2)CCO2)nc(N\\N=C\\c3cccc(I)c3)nc(Nc(cc4)ccc4C)n1	Russian Academy of Science (Russia)	A0675/0031448		CO-ADD:PC0236	32	32	32	32	32	32	32	32																																						
CO-ADD:0220697	c1(N(CC2)CCO2)nc(N\\N=C\\c3cccc(Cl)c3)nc(Nc(cc4)ccc4C)n1	Russian Academy of Science (Russia)	A0675/0031452		CO-ADD:PC0236	6.6	32	32	32	32	32	32	32																																						
CO-ADD:0220704	c1(N(CC2)CCO2)nc(N\\N=C\\C(\\Br)=C\\c3ccccc3)nc(Nc(cc4)ccc4C)n1	Russian Academy of Science (Russia)	A0676/0031463		CO-ADD:PC0236	15.3	32	32	32	32	32	32	32																																						
CO-ADD:0220757	[N+](=O)([O-])c(cc1)ccc1C(=O)Oc2ccccc2\\C=N\\NC(=O)c3cc(Br)ccc3O	Russian Academy of Science (Russia)	A0677/0031530		CO-ADD:PC0236	1.03	32	32	32	32	32	32	32																																						
CO-ADD:0222739	C(COc1ccc(cc1C)C)(=O)N\\N=C\\c2ccc(cc2Cl)Cl	Russian Academy of Science (Russia)	A0777/0036347		CO-ADD:PC0238	32	32	32	32	32	32	32	32																																						
CO-ADD:0222757	c1(O)c(OC)cc(cc1I)\\C=N\\NC(COc2ccccc2C)=O	Russian Academy of Science (Russia)	A0777/0036372		CO-ADD:PC0238		32	32	32	32	32	32	32																																						
CO-ADD:0222780	c1(ccc(C(=O)Oc2cccc(c2)\\C=N\\NC(COc3ccccc3[N+](=O)[O-])=O)o1)[N+](=O)[O-]	Russian Academy of Science (Russia)	A0778/0036413		CO-ADD:PC0238	32	32	32	32	32	32	32	32																																						
CO-ADD:0222926	C(=C\\c(c(OC)ccc1[N+](=O)[O-])c1)(/C(=O)NC(N2)=S)\\C2=O	Russian Academy of Science (Russia)	A0757/0035390		CO-ADD:PC0239	32	32	32	32	32	32	32	32	32																																					
CO-ADD:0222983	N1(CNc(ccc(c2C)C)c2)C(=O)\\C(\\SC1=S)=C/c3cccc(Cl)c3Cl	Russian Academy of Science (Russia)	A0759/0035488		CO-ADD:PC0239	32	32	32	4	32	32	32	32	32																																					
CO-ADD:0217531	c1(c(Br)cc(cc1\\C=N\\NC(=O)c(c2)cc(cn2)Br)Br)OC(=O)c(cc3OC)cc(c3OC)OC	Russian Academy of Science (Russia)	A0582/0026856		CO-ADD:PC0225	32	32	32	32	32	32	32	4																																						
CO-ADD:0217542	C(/NC(c1ccccc1)=O)(\\C(=O)N\\N=C\\c2cc(Br)cc(Br)c2OC(=O)c(cc3OC)cc(c3OC)OC)=C\\c4cccs4	Russian Academy of Science (Russia)	A0582/0026871		CO-ADD:PC0225	11.8	32	32	32	32	32	32	32																																						
CO-ADD:0217546	n1c2c(oc1c3cccc(c3)\\N=C\\c(cc(Br)cc4Br)c4O)cccc2C	Russian Academy of Science (Russia)	A0582/0026876		CO-ADD:PC0225	32	32	32	32	32	32	32	32																																						
CO-ADD:0217568	C(/NC(c1ccccc1)=O)(\\C(=O)N\\N=C\\c2cc(Br)ccc2OC(=O)c3ccco3)=C\\c4cccs4	Russian Academy of Science (Russia)	A0583/0026909		CO-ADD:PC0225	32	32	32	32	32	32	32	32																																						
CO-ADD:0217582	C(C#N)(C1CCC)=C(N)SC(N)=C1C#N	Russian Academy of Science (Russia)	A0583/0026928		CO-ADD:PC0225	32	32	32	32	32	32	32	32																																						
CO-ADD:0220763	c(\\C=N\\NC(CNc(cc1)ccc1C)=O)(cc(OCO2)c2c3)c3Cl	Russian Academy of Science (Russia)	A0677/0031536		CO-ADD:PC0236	32	32	32	0.5	32	32	32	32																																						
CO-ADD:0220789	C(CNc1ccccc1C)(=O)N\\N=C\\c2ccc(cc2O)C	Russian Academy of Science (Russia)	A0678/0031573		CO-ADD:PC0236	4.06	32	32	32	32	32	32	32																																						
CO-ADD:0220801	c1(ccccc1NC(c2ccccc2)=O)C(OCCCCCCCCCC)=O	Russian Academy of Science (Russia)	A0678/0031592		CO-ADD:PC0236	32	32	32	32	32	32	32	32																																						
CO-ADD:0220868	C(=O)(c1ccc(cc1)NC(=O)c2cccc(C)c2)Nc3ccccc3I	Russian Academy of Science (Russia)	A0680/0031696		CO-ADD:PC0236	32	32	32	32	32	32	32	32																																						
CO-ADD:0220879	n1c(N(C)C)nc(nc1N(CC2)CCO2)N\\N=C(/C)\\c(cc3)ccc3[N+](=O)[O-]	Russian Academy of Science (Russia)	A0681/0031713		CO-ADD:PC0236	32	32	32	32	32	32	32	32																																						
CO-ADD:0256885	c1(\\C=N\\c2ccccc2)c(cc(cc1[N+](=O)[O-])[N+](=O)[O-])[N+](=O)[O-]	Russian Academy of Science (Russia)	A1806/0076311		CO-ADD:PC0343	7.44	32	32	16	32	32	32	32	32																																					
CO-ADD:0277319	N1(c2ccc(cc2)OCCCC)C(=O)CC(N(CC3)CCC3C(O)=O)C1=O	Russian Academy of Science (Russia)	A1921/0080764		CO-ADD:PC0361	32	32	32	32	32	32	32	32	32																																					
CO-ADD:0253528	n1(c2c(n3)cccc2)c3S\\C(=C/c4cc(Br)cc(I)c4O)\\C1=O	Russian Academy of Science (Russia)	A1734/0073660		CO-ADD:PC0338	32	32	32	32	32	32	8	8	32																																					
CO-ADD:0253588	c(cc(cc1[N+](=O)[O-])C(=O)Nc2c(OC)ccc(OC)c2)([N+](=O)[O-])c1Nc(cc3)ccc3\\C=C\\c4ccccc4	Russian Academy of Science (Russia)	A1756/0074563		CO-ADD:PC0338	32	32	32	32	32	32	32	32	32																																					
CO-ADD:0277621	N1(c2ccc(c(Cl)c2)Cl)C(c(cc3)ccc3N(C)C)N(N=C1C(C)=O)c4ccccc4	Russian Academy of Science (Russia)	A1931/0081278		CO-ADD:PC0361	32	32	32	32	32	32	32	32	32																																					
CO-ADD:0278344	N1(CN2CCCCC2C)N=C(OC1=S)c3ccccc3	Russian Academy of Science (Russia)	A1911/0080349		CO-ADD:PC0362	32	32	32	32	32	32	32	32	32																																					
CO-ADD:0278345	N1(CNc2ccccc2C)N=C(OC1=S)c3ccc(cc3)C	Russian Academy of Science (Russia)	A1911/0080350		CO-ADD:PC0362	32	32	32	32	32	32	32	32	32																																					
CO-ADD:0256962	N(/c1cccc(O)c1)=C\\c2cccc(O)c2	Russian Academy of Science (Russia)	A1788/0075741		CO-ADD:PC0343	32	32	32	32	32	32	32	4	32																																					
CO-ADD:0257004	C1(=S)NC(NN1c2ccc(cc2)C)(C)CCCC	Russian Academy of Science (Russia)	A1807/0076348		CO-ADD:PC0343	32	32	32	32	32	32	32	32	32																																					
CO-ADD:0278370	C(=N\\OC(=O)Nc1ccccc1)(/c2c(S3)cccc2)\\S3	Russian Academy of Science (Russia)	A1933/0081384		CO-ADD:PC0362	17.5	32	32	32	32	32	8	4	32																																					
CO-ADD:0277526	N1(c2ccc(cc2)C)C(c(cc3)ccc3N(C)C)N(N=C1C(C)=O)c4ccccc4	Russian Academy of Science (Russia)	A1929/0081162		CO-ADD:PC0361	32	32	32	16	32	32	32	32	32												32	16	16					32	32	32																
CO-ADD:0257038	N1(CN(CC2)CCN2c(cc3)ccc3[N+](=O)[O-])C(=O)CCC1=O	Russian Academy of Science (Russia)	A1808/0076389		CO-ADD:PC0343	32	32	32	32	32	32	32	32	32																																					
CO-ADD:0254426	S(=O)(=O)(c1ccc(c2c1)cccc2)Nc3ccccc3OC	Russian Academy of Science (Russia)	A1642/0070282		CO-ADD:PC0340	32	32	32	32	32	32	32	32	32																																					
CO-ADD:0254461	C1(=COC(=O)C=C1)C(=O)Nc(cc2)ccc2Cl	Russian Academy of Science (Russia)	A1647/0070419		CO-ADD:PC0340	13.54	32	32	32	32	32	32	32	32																																					
CO-ADD:0254492	S(CCCC)(=O)(=O)\\C=C/C=C\\S(CCCC)(=O)=O	Russian Academy of Science (Russia)	A1651/0070518		CO-ADD:PC0340	0.252	32	32	8	32	32	32	32	32																																					
CO-ADD:0277668	N1(c2ccc(cc2)OCCCC)C(=O)CC(N(CC3)CCO3)C1=O	Russian Academy of Science (Russia)	A1933/0081342		CO-ADD:PC0361	32	32	32	32	32	32	32	16	32																																					
CO-ADD:0277557	C1(=S)NC2(NN1c3ccc(cc3)C)CCCCCC2	Russian Academy of Science (Russia)	A1930/0081198		CO-ADD:PC0361	32	32	32	32	32	32	32	32	32																																					
CO-ADD:0155918	[O-][N+](C1=NN2C(C)=CC(C)=NC2=C1[N+]([O-])=O)=O	Russian Academy of Science (Russia)	A0130/0005711		CO-ADD:PC0168	1.29	32	32	32	32	32	4	0.5																																						
CO-ADD:0258877	N12C(C(NC(Cc3ccccc3)=O)C1=O)SC(C)(C)C2C(=O)[O-].[Na+]	Russian Academy of Science (Russia)	A1853/0078020		CO-ADD:PC0349	32	32	32	16	32	32	32	32	32																																					
CO-ADD:0258919	c1(S(CCC)(=O)=O)c(C(=O)c2ccc(cc2)OC)n3c(cccc3)c1S(CCC)(=O)=O	Russian Academy of Science (Russia)	A1854/0078070		CO-ADD:PC0349	32	32	32	32	32	32	32	32	32																																					
CO-ADD:0277963	N1(c2ccc(cc2Br)Br)C(=O)CC(N(CC3)CCN3c(cc4)ccc4C(C)=O)C1=O	Russian Academy of Science (Russia)	A1962/0082551		CO-ADD:PC0361	32	32	32	32	32	32	32	32	32																																					
CO-ADD:0278223	N1(CN(CC2)CCN2c(cc3)ccc3[N+](=O)[O-])c(cccc4)c4\\C(=N/c(cc5)ccc5OCCCCC)\\C1=O	Russian Academy of Science (Russia)	A1971/0082893		CO-ADD:PC0361	32	32	32	32	32	32	32	32	32																																					
CO-ADD:0278232	C1(=S)NC(NN1c2ccc(cc2)Cl)(C)CCC(C)C	Russian Academy of Science (Russia)	A1971/0082902		CO-ADD:PC0361	32	32	32	32	32	32	32	32	32																																					
CO-ADD:0254839	C12(c3c(NC1=O)ccc(C)c3)C(C#N)=C(N)OC(C)=C2C(OCC=C)=O	Russian Academy of Science (Russia)	A1681/0071726		CO-ADD:PC0340	32	32	32	32	32	32	32	32	32																																					
CO-ADD:0258435	N1(c(cc2)ccc2C(OC)=O)C(=O)CC(N(CC3)CCC3C(O)=O)C1=O	Russian Academy of Science (Russia)	A1846/0077651		CO-ADD:PC0349	32	32	32	32	32	32	32	32	32																																					
CO-ADD:0258952	N1(c2ccc(cc2)F)C(=O)CC(N(CC3)CCN3C(OCC)=O)C1=O	Russian Academy of Science (Russia)	A1855/0078116		CO-ADD:PC0349	32	32	32	32	32	32	32	32	32																																					
CO-ADD:0255097	n1(C)c(cc2)c(c3c1ccc(c3)[N+](=O)[O-])cn2	Russian Academy of Science (Russia)	A1662/0070836		CO-ADD:PC0340	32	32	32	32	1	32	32	32	32																																					
CO-ADD:0256705	c1(c(SC(=O)S1)c(C#N)c(c23)SC(=O)S2)n3	Russian Academy of Science (Russia)	A1789/0075816		CO-ADD:PC0343	32	32	32	32	32	32	32	32	15.6																																					
CO-ADD:0256708	[N+](=O)([O-])c(ccc(c1\\C=N\\c(c2)c(ccc2C(F)(F)F)Oc3cccc(F)c3)O)c1	Russian Academy of Science (Russia)	A1790/0075820		CO-ADD:PC0343	32	32	32	32	32	32	32	32	32																																					
CO-ADD:0257223	N1(c2ccc(cc2)OCCC)C(=O)CC(N(CC3)CCN3C(c4ccccc4)=O)C1=O	Russian Academy of Science (Russia)	A1828/0077142		CO-ADD:PC0344	32	32	32	32	32	32	32	32	32																																					
CO-ADD:0257262	N12C(SCC(CSc3nnc(C)s3)=C1C(=O)[O-])C(C2=O)NC(=O)Cn(cnn4)n4.[Na+]	Russian Academy of Science (Russia)	A1830/0077189		CO-ADD:PC0344	32	32	32	4	2	32	32	32	32																																					
CO-ADD:0255005	C1(NC(CSc2sc3c(ccc(c3)\\N=C\\c(cc(Br)cc4Br)c4O)n2)=O)=C(C)N(N(c5ccccc5)C1=O)C	Russian Academy of Science (Russia)	A1683/0071839		CO-ADD:PC0340	21.42	32	32	32	32	32	16	32	32																																					
CO-ADD:0255012	C(C(OC)=O)(C1c(cc2)ccc2[N+](=O)[O-])=C(N)N(C(CCCC3=O)=C13)c4ccc(cc4)C	Russian Academy of Science (Russia)	A1683/0071848		CO-ADD:PC0340	32	32	32	32	32	32	4	2	32																																					
CO-ADD:0258536	C(=C\\c(cccc1[N+](=O)[O-])c1O)(/C2=O)\\C(=O)N(C(=O)N2C)C	Russian Academy of Science (Russia)	A1878/0079031		CO-ADD:PC0349	32	32	32	32	32	32	32	32	32																																					
CO-ADD:0253947	c1(ccc(\\C=N\\c(c(C)ccc2[N+](=O)[O-])c2)o1)[N+](=O)[O-]	Russian Academy of Science (Russia)	A1666/0071030		CO-ADD:PC0338	32	32	32	32	32	32	32	32	32																																					
CO-ADD:0254018	N(c1cccc(c1)C(OC)=O)(C(=O)C(C23)C(C)(C=C4)OC24C)C3=O	Russian Academy of Science (Russia)	A1734/0073672		CO-ADD:PC0338	18	32	32	32	32	32	32	8	32																																					
CO-ADD:0259472	C(F)(C(F)(F)F)(C(=O)Nc(cc1)ccc1[N+](=O)[O-])OC(F)(F)C(F)(F)C(F)(F)F	Russian Academy of Science (Russia)	A1894/0079481		CO-ADD:PC0350	8.605	32	32	16	32	32	32	32	32																																					
CO-ADD:0259134	N1(c2ccc(cc2)Sc(cc3)ccc3N4C(=O)C=CC4=O)C(=O)C=CC1=O	Russian Academy of Science (Russia)	A1857/0078159		CO-ADD:PC0349	32	32	32	32	32	32	32	8	32																																					
CO-ADD:0249379	c1(ccc(C(=O)Nc(ccc(c2C)C)c2)o1)[N+](=O)[O-]	Russian Academy of Science (Russia)	A1543/0067141		CO-ADD:PC0328	32	32	32	32	32	32	32	32	32																																					
CO-ADD:0242938	N(/Nc1ccccc1)=C(/C)\\c2ccccc2O	Russian Academy of Science (Russia)	A1357/0061202		CO-ADD:PC0291	21.2	16	32	32	32	32	32	32	2.45																																					
CO-ADD:0277758	N1(c2ccc(cc2Br)Br)C(=O)CC(N3CCCCCCC3)C1=O	Russian Academy of Science (Russia)	A1925/0080973		CO-ADD:PC0361	32	32	32	32	32	32	8	8	32																																					
CO-ADD:0278043	C(/c1c(N2)ccc(OC)c1)(\\C2=O)=C(\\SC(N3)=S)/C3=O	Russian Academy of Science (Russia)	A1965/0082642		CO-ADD:PC0361	32	32	32	32	32	32	32	32	32																																					
CO-ADD:0254562	C1(=S)N(c2ccccc2)C(=O)\\C(\\C(=O)N1c3ccccc3)=C\\c(cc4Br)cc(c4O)Br	Russian Academy of Science (Russia)	A1678/0071589		CO-ADD:PC0340	32	32	32	32	32	32	32	32	32																																					
CO-ADD:0254583	C(=S)(c1ccc(cc1)C)N2CCCCC2	Russian Academy of Science (Russia)	A1556/0067788		CO-ADD:PC0340	32	32	32	32	32	32	32	32	32																																					
CO-ADD:0254586	N1(\\N=C\\c(cc2)ccc2O)C(=O)C3C(C(C4(CC4)C35)C=C5)C1=O	Russian Academy of Science (Russia)	A1556/0067795		CO-ADD:PC0340	32	32	32	32	32	32	32	32	32																																					
CO-ADD:0278083	n(CC(=C1C)C)(c2CCCCC)c1cc3c2c(C)c(n3)C(OCC)=O	Russian Academy of Science (Russia)	A1967/0082705		CO-ADD:PC0361	2.943	32	32	32	32	32	32	32	32																																					
CO-ADD:0257696	c1(C(=O)NNC(=O)c2ccc(cc2)Cl)nn(cc1Br)C	Russian Academy of Science (Russia)	A1814/0076719		CO-ADD:PC0344	25.83	32	32	32	32	32	32	32	32																																					
CO-ADD:0258635	C(=C\\c(ccc1Br)o1)(/C2=O)\\Sc(c23)cccc3	Russian Academy of Science (Russia)	A1848/0077788		CO-ADD:PC0349	32	32	32	32	32	32	32	16	32																																					
CO-ADD:0258668	S(c1ccccc1)(=O)(=O)N(c(cc2)ccc2[N+](=O)[O-])CC(=O)N\\N=C(/CC3)\\CCN3C	Russian Academy of Science (Russia)	A1849/0077831		CO-ADD:PC0349	32	32	32	32	32	32	32	32	32																																					
CO-ADD:0254029	N1(c(cc2)ccc2C(C)=O)C(=O)CC(N(CC3)CCN3c4ccccc4OC)C1=O	Russian Academy of Science (Russia)	A1734/0073683		CO-ADD:PC0338	32	32	32	32	32	32	32	32	32																																					
CO-ADD:0240164	[N+](=O)([O-])c1ccc(c2c1cccn2)OC(=O)c3ccc(cc3Cl)Cl	Russian Academy of Science (Russia)	A1222/0056356		CO-ADD:PC0289	32	2	32	4	4	32			32																																					
CO-ADD:0241109	c(CN(CC1)CCO1)(cc(Br)c(c23)cccn2)c3O	Russian Academy of Science (Russia)	A1271/0058140		CO-ADD:PC0290	3.04	16	32	8	16	32	2	8	32																																					
CO-ADD:0278314	c1(C(=O)NNC(c2ccccc2)=O)nn(cc1Br)C	Russian Academy of Science (Russia)	A1911/0080309		CO-ADD:PC0362	32	32	32	32	32	32	32	32	32																																					
CO-ADD:0253256	C1(NC(CSc2sc3c(ccc(c3)\\N=C\\c(cc(I)cc4I)c4O)n2)=O)=C(C)N(N(c5ccccc5)C1=O)C	Russian Academy of Science (Russia)	A1715/0073125		CO-ADD:PC0338	32	32	32	32	32	32	32	32	32																																					
CO-ADD:0254330	c(C(=O)N\\N=C\\c1cc(Br)ccc1O)(c(C)on2)c2c3ccccc3	Russian Academy of Science (Russia)	A1554/0067689		CO-ADD:PC0340	32	32	32	32	32	32	32	32	32																																					
CO-ADD:0232812	[N+](=O)([O-])c1ccc(cc1NCCOc(cc2)ccc2Cl)N3CCNC(C)C3	Russian Academy of Science (Russia)	A1050/0049220		CO-ADD:PC0250	3.38	32	32	8	32	32	32	32	32																																					
CO-ADD:0232815	c(cc(cc1[N+](=O)[O-])[N+](=O)[O-])(c1CCNc(cc2)ccc2N(C)C)[N+](=O)[O-]	Russian Academy of Science (Russia)	A1050/0049226		CO-ADD:PC0250	8.92	32	32	32	32	32	32	32	32																																					
CO-ADD:0233535	c1(c(Br)cc(cc1\\C=N\\NC(=O)c(c2)cc(cn2)Br)Br)OC(c3ccccc3)=O	Russian Academy of Science (Russia)	A1018/0047677		CO-ADD:PC0254	32	32	32	32	32	32	32	32	32																																					
CO-ADD:0230786	S(NCCC(=O)N\\N=C\\c1ccccc1)(=O)(=O)c(cc2)ccc2[N+](=O)[O-]	Russian Academy of Science (Russia)	A0958/0044729		CO-ADD:PC0247	32	32	32	32	32	32	32	32	32																																					
CO-ADD:0232847	[N+](=O)([O-])c1ccc(cc1NCCOc(cc2)ccc2Cl)N(CC3)CCN3CCO	Russian Academy of Science (Russia)	A1051/0049279		CO-ADD:PC0254	10.8	32	32	32	32	32	32	32	32																																					
CO-ADD:0234069	N1=C(N)CCN1c2ccccc2	Russian Academy of Science (Russia)	A1029/0048197		CO-ADD:PC0259	32	32	32	32	32	32	32	16	32																																					
CO-ADD:0234072	c1(c(O)cc(c(O)c1)S)[N+](=O)[O-]	Russian Academy of Science (Russia)	A1029/0048208		CO-ADD:PC0259	1.07	32	32	32	32	32	32	32	32																																					
CO-ADD:0236131	N1(c2ccc(cc2)Cl)C(=O)CC(N(CC3)CCC3C(O)=O)C1=O	Russian Academy of Science (Russia)	A1178/0054625		CO-ADD:PC0261	32	32	32	32	32	32	8	4	32																																					
CO-ADD:0236166	c12c(non1)nc(Cl)c(Nc(ccc(c3Cl)Cl)c3)n2	Russian Academy of Science (Russia)	A1128/0052737		CO-ADD:PC0261	32	32	32	16	32	32	32	32	32												32	32	32					32	32	32																
CO-ADD:0236187	N1(c2ccc(cc2)Br)C(=O)CC(N(CC3)CCN3c4cccc(Cl)c4)C1=O	Russian Academy of Science (Russia)	A1166/0054323		CO-ADD:PC0261	32	32	32	32	32	32	32	16	32																																					
CO-ADD:0231319	N(/c1cccc(Cl)c1)=C\\c(cc2)ccc2OCc3cccc(Cl)c3	Russian Academy of Science (Russia)	A0969/0045286		CO-ADD:PC0249	32	32	32	32	32	32	32	32	32																																					
CO-ADD:0230863	c12c(cc(cc1[N+](=O)[O-])[N+](=O)[O-])\\C(\\c(cc(cc3[N+](=O)[O-])[N+](=O)[O-])c23)=C\\OCCCCCCCCCCCC	Russian Academy of Science (Russia)	A0977/0045690		CO-ADD:PC0247	2.27	32	32	16	32	32	16	32	32																																					
CO-ADD:0230880	C(F)(F)(C(=O)N\\N=C\\CCC\\C=N/NC(=O)C(F)(F)C(F)(F)C(F)(F)F)C(F)(F)C(F)(F)F	Russian Academy of Science (Russia)	A0978/0045713		CO-ADD:PC0247	11.3	32	32	32	32	32	32	32	32																																					
CO-ADD:0230882	C(=C/c(cc1)ccc1N(C)C)(/c(cc(cc2[N+](=O)[O-])[N+](=O)[O-])c23)\\c(cc(cc4[N+](=O)[O-])[N+](=O)[O-])c34	Russian Academy of Science (Russia)	A0978/0045715		CO-ADD:PC0247	10.1	32	32	32	32	32	32	32	32																																					
CO-ADD:0230886	c12c(cc(cc1[N+](=O)[O-])[N+](=O)[O-])\\C(\\c(cc(cc3[N+](=O)[O-])[N+](=O)[O-])c23)=C\\OC(C)=O	Russian Academy of Science (Russia)	A0978/0045722		CO-ADD:PC0247	1.22	32	32	16	32	32	16	32	32																																					
CO-ADD:0234211	c1(c(Br)cc(cc1\\C=N\\NC(=O)c(c2)cc(cn2)Br)Br)OC(=O)c(ccc(c34)OCO3)c4	Russian Academy of Science (Russia)	A1021/0047832		CO-ADD:PC0259	32	32	32	32	32	32	8	32	32																																					
CO-ADD:0234218	c1(c(Br)cc(cc1\\C=N\\NC(=O)c(c2)cc(cn2)Br)Br)OC(=O)c3cccc(C)c3	Russian Academy of Science (Russia)	A1022/0047841		CO-ADD:PC0259	32	32	32	32	32	32	32	32	32																																					
CO-ADD:0236274	c1(nnc(c2cccc(C)c2)o1)NC(=O)c3ccc(cc3)Cl	Russian Academy of Science (Russia)	A1180/0054679		CO-ADD:PC0261	32	32	32	1	32	32	32	32	32																																					
CO-ADD:0236305	N1(c2ccc(cc2)OCCC)C(=O)CC(N(CC3)CCC3C(N)=O)C1=O	Russian Academy of Science (Russia)	A1182/0054717		CO-ADD:PC0261	32	32	32	32	32	32	32	8	32																																					
CO-ADD:0236310	N1(c2ccc(cc2)OCCC)C(=O)CC(N3CCCCC3CC)C1=O	Russian Academy of Science (Russia)	A1182/0054722		CO-ADD:PC0261	32	32	32	32	32	32	32	2	32																																					
CO-ADD:0233033	N1C(=O)\\C(\\SC1=S)=C\\c(ccc2c3ccccc3Cl)o2	Russian Academy of Science (Russia)	A1061/0049771		CO-ADD:PC0254	32	32	32	32	32	32	32	32	32																																					
CO-ADD:0233047	N1(CO)C(=O)\\C(\\SC1=S)=C(\\C)/c2ccc(cc2)OC	Russian Academy of Science (Russia)	A1062/0049821		CO-ADD:PC0254	32	32	32	32	32	32	32	32	32																																					
CO-ADD:0233064	C(c1ccccc1)(c2ccccc2)(c3c4cccc3)NC(=N4)C=C	Russian Academy of Science (Russia)	A1063/0049878		CO-ADD:PC0254	1.21	32	32	8	32	32	32	8	26.3																																					
CO-ADD:0233067	c(c(CC)nc1NC(C)=O)(s1)c(ccc2[N+](=O)[O-])o2	Russian Academy of Science (Russia)	A1063/0049885		CO-ADD:PC0254	11.3	32	32	16	32	32	32	32	32																																					
CO-ADD:0233078	C(=C\\C=C\\c1ccco1)(/C2=O)\\C(=O)OC(C)(C)O2	Russian Academy of Science (Russia)	A1064/0049899		CO-ADD:PC0254	2.74	32	32	32	32	32	32	32	32																																					
CO-ADD:0232709	c1(\\C(\\CCC2)=N\\O)c2c3c(ccc(Cl)c3)[nH]1	Russian Academy of Science (Russia)	A1044/0048950		CO-ADD:PC0250	16.7	32	32	32	32	32	32	32	32																																					
CO-ADD:0232732	c(C(OC)=O)(cc1Cl)c(cc1[N+](=O)[O-])[N+](=O)[O-]	Russian Academy of Science (Russia)	A1046/0049038		CO-ADD:PC0250	0.433	32	32	32	32	32	8	4	32																																					
CO-ADD:0234238	C(=O)(Oc1cccc(c1)\\C=N\\NC(CNC(=O)c2ccc(c(OC)c2)OC)=O)c3cccc(Br)c3	Russian Academy of Science (Russia)	A1022/0047866		CO-ADD:PC0259	32	32	32	32	32	32	32	32	32																																					
CO-ADD:0234334	[N+]1(CC(C)C)=C(C)C=C(N[B-]1(c2ccccc2)c3ccccc3)C(Cl)(Cl)Cl	Russian Academy of Science (Russia)	A1091/0051254		CO-ADD:PC0259	32	32	32	32	32	32	32	32	32																																					
CO-ADD:0236383	N1(c2ccccc2)C(=O)CC(N3CCC(CC3)C)C1=O	Russian Academy of Science (Russia)	A1186/0054834		CO-ADD:PC0261	32	32	32	32	32	32	32	8	32																																					
CO-ADD:0236432	[N+](=O)([O-])c1ccc(cc1NCCOc2ccccc2C)N(CC3C)CC(N3)C	Russian Academy of Science (Russia)	A1189/0054910		CO-ADD:PC0261	3.54	32	32	8	32	32	32	32	7.67																																					
CO-ADD:0236456	s1c(c(cc2)ccc2[N+](=O)[O-])nnc1NC(=O)c3ccco3	Russian Academy of Science (Russia)	A1191/0054955		CO-ADD:PC0261	32	32	32	32	32	32	32	32	32																																					
CO-ADD:0230350	C(=O)(OC(C1CCN2CC1)C2)Nc3c(C)ccc(c3)NC(=O)OC(C4CCN5CC4)C5	Russian Academy of Science (Russia)	A0932/0043629		CO-ADD:PC0247	32	32	32	32	32	32	32	32	32																																					
CO-ADD:0230367	C(=C/c(cc1)ccc1N(C)c2ccccc2)(/C(=O)NC(N3)=S)\\C3=O	Russian Academy of Science (Russia)	A0932/0043660		CO-ADD:PC0247	32	32	32	32	32	32	32	16	32																																					
CO-ADD:0230398	N(c1ccccc1OC)(C(=O)C(C23)C(C=C4)OC24C)C3=O	Russian Academy of Science (Russia)	A0934/0043757		CO-ADD:PC0247	5.39	32	32	32	32	32	32	16	32																																					
CO-ADD:0231347	S(c1ccccc1)(=O)(=O)N(c2ccc(cc2)Cl)CC(=O)N\\N=C\\c3cccc(O)c3O	Russian Academy of Science (Russia)	A0970/0045335		CO-ADD:PC0249	9.87	32	32	32	32	32	32	32	32																																					
CO-ADD:0233600	c1(Nc2ccccc2C)c(cc(cc1[N+](=O)[O-])C(F)(F)F)[N+](=O)[O-]	Russian Academy of Science (Russia)	A1088/0051093		CO-ADD:PC0254	32	32	32	32	32	32	32	32	32																																					
CO-ADD:0233666	C1(Br)(C(C)(C)ON=C1c2ccccc2)[N+](=O)[O-]	Russian Academy of Science (Russia)	A1027/0048082		CO-ADD:PC0254	2.13	32	32	32	32	32	4	1	32																																					
CO-ADD:0233676	C(I)(C(OC)=O)(C(OC)=O)C(C(OC)=O)C(OC)=O	Russian Academy of Science (Russia)	A1027/0048110		CO-ADD:PC0254	31.4	32	32	32	32	32	32	32	32																																					
CO-ADD:0233683	N(=C(\\N)/c(cc1)ccc1\\C(\\N)=N/C(OC(=O)C(F)(F)F)C(Cl)(Cl)Cl)/C(OC(=O)C(F)(F)F)C(Cl)(Cl)Cl	Russian Academy of Science (Russia)	A1028/0048133		CO-ADD:PC0254	4.83	32	32	32	32	32	32	32	32																																					
CO-ADD:0230889	C(=C(/C#N)\\C#N)(/c(cccc1[N+](=O)[O-])c12)\\c3c2ccc(c3)[N+](=O)[O-]	Russian Academy of Science (Russia)	A0978/0045730		CO-ADD:PC0247	32	32	32	32	32	32	32	32	32																																					
CO-ADD:0234368	[n+]1(C)c(\\C=C\\C=C(/C(C)(C)c(c23)cccc2)\\N3C)cc(cc1c4ccc(cc4)Cl)c5ccc(cc5)Cl	Russian Academy of Science (Russia)	A1094/0051368		CO-ADD:PC0259	0.752	8	32		8	32		2	0.98																																					
CO-ADD:0234408	C1(c2ccc(cc2)Br)(OCC(CCC)O1)Cn(c3)ncn3	Russian Academy of Science (Russia)	A1096/0051461		CO-ADD:PC0259	32	32	32	32	32	32		16	32																																					
CO-ADD:0234418	C(=C/c1ccccc1)(/n(c2)ncn2)\\C(=O)c3ccc(cc3Cl)Cl	Russian Academy of Science (Russia)	A1096/0051481		CO-ADD:PC0259	2.34	32	32	32	32	32	32	32	32																																					
CO-ADD:0234426	C12(C=Cc(c3O1)cc(cc3[N+](=O)[O-])OC)C(C)(C)c(c4N2C)cccc4	Russian Academy of Science (Russia)	A1096/0051500		CO-ADD:PC0259	32	32	32	32	32	32	16	8	32																																					
CO-ADD:0236560	C(C#N)(=C(N)SC(=C1C#N)N)C1c2ccc(cc2F)F	Russian Academy of Science (Russia)	A1170/0054428		CO-ADD:PC0261	32	32	32	32	32	32	32	32	32																																					
CO-ADD:0232178	[N+](=O)([O-])c(ccc(c1\\C=N\\NC(=O)c(ccc(n2)C)c2)OC(c3ccccc3)=O)c1	Russian Academy of Science (Russia)	A0999/0046744		CO-ADD:PC0250	32	32	32	8	32	32	32	32	32																																					
CO-ADD:0234551	S(=O)(=O)(c(cc1)ccc1[N+](=O)[O-])Oc2ccccc2N	Russian Academy of Science (Russia)	A1091/0051242		CO-ADD:PC0259	32	32	32	16	32	32	32	32	32																																					
CO-ADD:0234602	[N+](=O)([O-])c(c1)cc(c(O)c1\\C=N\\NC(COc(cc2)ccc2Cl)=O)Br	Russian Academy of Science (Russia)	A1104/0051865		CO-ADD:PC0259	32	32	32	32	32	32	32	32	32																																					
CO-ADD:0236634	c1(OC(N)=C(C2c3cc(Br)ccc3F)C#N)c2c(nn1c4ccccc4)C	Russian Academy of Science (Russia)	A1173/0054513		CO-ADD:PC0261	10.3	32	32	32	32	32	32	32	32																																					
CO-ADD:0233128	C(/c1c(N2)cccc1)(=N\\c3ccccc3O)\\C2=O	Russian Academy of Science (Russia)	A1068/0050099		CO-ADD:PC0254	32	32	32	32	32	32	32	16	32																																					
CO-ADD:0277873	N1(c2ccccc2)C(=O)CC(N(C)CCCC)C1=O	Russian Academy of Science (Russia)	A1960/0082422		CO-ADD:PC0361	9.564	32	32	32	32	32	32	16	32																																					
CO-ADD:0277879	N1(c2ccccc2)C(=O)CC(N(CCCC3C(OCC)=O)C3)C1=O	Russian Academy of Science (Russia)	A1960/0082432		CO-ADD:PC0361	32	32	32	32	32	32	32	16	32																																					
CO-ADD:0234654	[N+](=O)([O-])c1ccc(cc1O)\\C=N\\NC(CNC(=O)c2cccc(F)c2)=O	Russian Academy of Science (Russia)	A1105/0051930		CO-ADD:PC0259	32	32	32	32	32	32	32	32	32																																					
CO-ADD:0234679	c1(cc(ccc1O)\\N=C\\c(cc(Br)cc2Cl)c2O)C(O)=O	Russian Academy of Science (Russia)	A1106/0051958		CO-ADD:PC0259	32	32	32	32	32	32	16	16	32																																					
CO-ADD:0236556	C1(C#N)(C#N)[C@@H](c2cccs2)[C@@H](N3[C@@]1([H])c4c(cccc4)C=C3)C(C)=O	Russian Academy of Science (Russia)	A1170/0054423		CO-ADD:PC0261	0.695	32	32	32	32	32	32	32	32																																					
CO-ADD:0236840	N1(c2ccc(cc2C)C)C(=O)CC(N(CC3)CCN3c4ccccc4)C1=O	Russian Academy of Science (Russia)	A1199/0055233		CO-ADD:PC0261	32	32	32	32	32	32	32	16	32																																					
CO-ADD:0233207	S(=O)(=O)(c1ccc(cc1)C)Nc2ccc(cc2C(=O)Nc(ccc(c3C(=O)c4ccc(cc4)Cl)Cl)c3)Cl	Russian Academy of Science (Russia)	A1074/0050420		CO-ADD:PC0254	32	32	32	32	32	32	32	32	32																																					
CO-ADD:0233236	c1(n2)\\C(=N/NC(=O)c3ccc(cc3)O)\\c(n4)c(\\C(=N\\NC(=O)c5ccc(cc5)O)\\c1nn2Cc6ccccc6)nn4Cc7ccccc7	Russian Academy of Science (Russia)	A1077/0050545		CO-ADD:PC0254		32	32	32	32	32	32	32	32																																					
CO-ADD:0242765	N(=C(N\\N=C\\c1ccc(cc1O)O)NN=C2Cc3ccccc3)C2=O	Russian Academy of Science (Russia)	A1350/0060985		CO-ADD:PC0291	32	32	32	16	32	32	32	32	32																																					
CO-ADD:0234751	[N+](=O)([O-])c1ccc(cc1NCCOc2ccccc2C)N(CC3)CCN3CCO	Russian Academy of Science (Russia)	A1115/0052397		CO-ADD:PC0259	3.27	32	32	32	32	32	32	32	32																																					
CO-ADD:0234782	c1(nnc(SCC)s1)NC(=O)c(cc(cc2[N+](=O)[O-])[N+](=O)[O-])c2	Russian Academy of Science (Russia)	A1117/0052449		CO-ADD:PC0259	32	32	32	4	32	32	32	32	32																																					
CO-ADD:0237010	OCC(C)(C)[C@@H](O)C(NCC(C)C(NCCCCCCC)=O)=O	Stellenbosch University (South Africa)	LB_N7_02		CO-ADD:PC0265	32	32	32	32	32	32	32	32	32																																					
CO-ADD:0237013	O[C@@H](C(N/C=C/C(NCCCCCCC)=O)=O)C(C)(C)CO	Stellenbosch University (South Africa)	LB_N7_05		CO-ADD:PC0265	32	32	32	32	32	32	32	32	32																																					
CO-ADD:0237020	OCC(C)(C)[C@@H](O)C(NCCC(NCCC1=CC=CC=C1)=O)=O	Stellenbosch University (South Africa)	LB_PE_01		CO-ADD:PC0265	32	32	32	32	32	32	32	32	32																																					
CO-ADD:0237050	Cc1nn2C(=O)C3=C(CCCC3)Nc2c1c4ccc(Cl)cc4	MMV (CH) - Pathogen Box	MMV688776		CO-ADD:PL0022										10	10	10	10	10	10	10	10	10																												
CO-ADD:0231497	[N+](=O)([O-])c(ccc(c1\\C=N\\NC(=O)c(ccc(c23)OCCO2)c3)OC(c4ccccc4)=O)c1	Russian Academy of Science (Russia)	A1006/0047065		CO-ADD:PC0249	32	32	32	32	32	32	32	32	32																																					
CO-ADD:0244747	[C@]1(C#N)(C#N)[C@]([H])(c2ccc(cc2)Br)[C@@]([H])(C3)C(C(C#N)=C1N)=CCN3C	Russian Academy of Science (Russia)	A1380/0061754		CO-ADD:PC0301	32	32	32	32	32	32	32	32	32																																					
CO-ADD:0240721	[N+](=O)([O-])c(ccc(c1\\C=N\\c2cc(ccc2N3CCCCC3)C(F)(F)F)O)c1	Russian Academy of Science (Russia)	A1254/0057331		CO-ADD:PC0289	32	32	32	8	32	32	16	8	32																																					
CO-ADD:0234909	c1(cc(cc(OC)c1OCC(=O)N\\N=C\\c(cccc2[N+](=O)[O-])c2O)[N+](=O)[O-])[N+](=O)[O-]	Russian Academy of Science (Russia)	A1100/0051666		CO-ADD:PC0259	32	32	32	32	32	32	32	32	32																																					
CO-ADD:0234912	[N+](=O)([O-])c(cc1)ccc1\\C=C(/NC(c2ccccc2)=O)\\C(=O)N\\N=C\\c3c4c(cccc4)cc(Br)c3O	Russian Academy of Science (Russia)	A1100/0051669		CO-ADD:PC0259	15.3	32	32	32	32	32	32	32	32																																					
CO-ADD:0234951	c1(cc(cc(OC)c1OCC(=O)N\\N=C\\c2cccc(OC)c2)[N+](=O)[O-])[N+](=O)[O-]	Russian Academy of Science (Russia)	A1101/0051722		CO-ADD:PC0259	32	32	32	32	32	32	32	32	32																																					
CO-ADD:0237427	CC(=O)N1CCN(CC1)c1ccc(Oc2ccc(Cl)cc2O)cc1	MMV (CH) - Pathogen Box	MMV688330		CO-ADD:PL0022										10	10	10	10	10	10	10	10	10																												
CO-ADD:0237432	Nc1ccc2ncnc(Nc3ccc(OCc4cccc(F)c4)c(Cl)c3)c2c1	MMV (CH) - Pathogen Box	MMV688273		CO-ADD:PL0022										10	10	10	10	10	10	10	10	10																												
CO-ADD:0238631	CC1=C(C(C(C)=C1C)C)C.NC2=N[Ir@@](C)(N=C(N(C)C)N2)Cl.[Cl-]	University of Warwick (UK)	CF-0072		CO-ADD:PC0274	32	32	32	32	32	32	32	32																																						
CO-ADD:0238633	CC1=C(C2=CC=C(C=C2)C3=CC=CC=C3)C(C)=C(C)C1C.NC4=NC(N(C)C)=N[Ir@](C)(N4)Cl	University of Warwick (UK)	CF-0195		CO-ADD:PC0274	20.1	32	32	4	16	32	4	4																																						
CO-ADD:0238636	CC1=C(C2=CC=C(C=C2)C3=CC=CC=C3)C(C)=C(C)C1C.NC4=NC(NC5=CC=CC=C5C)=N[Ir@](C)(N4)Cl	University of Warwick (UK)	CF-0281		CO-ADD:PC0274	32	4	32	1	4	32	1	0.5																																						
CO-ADD:0238638	NC1=NC(N(C)C)=N[Ir](N1)[P+]23C[N@]4C[N@@](C3)CN(C4)C2.CC5=C(C6=CC=C(C=C6)C7=CC=CC=C7)C(C)=C(C)C5C.[Cl-]	University of Warwick (UK)	CF-0251		CO-ADD:PC0274	32	32	32	4	32	32	32	32																																						
CO-ADD:0237081	CC(=O)NC[C@H]1CN(C(=O)O1)c2ccc(N3CCSCC3)c(F)c2	MMV (CH) - Pathogen Box	MMV688756		CO-ADD:PL0022										10	10	10	10	10	10	5	10	10																												
CO-ADD:0232316	C(/C(=O)c1ccc(cc1)C)=C\\C(O)=O	Russian Academy of Science (Russia)	A1033/0048400		CO-ADD:PC0250	15.4	32	32	32	32	32	32	32	32																																					
CO-ADD:0232383	[N+](=O)([O-])c(ccc1c2c3c([nH]1)CCCC3)c2	Russian Academy of Science (Russia)	A1036/0048531		CO-ADD:PC0250	29.2	2	32	32	32	32	32	32	32																																					
CO-ADD:0235023	C(=C\\c1ccccc1)/C(=O)c2ccc(cc2)\\N=C\\c(cc3)ccc3OC(C)=O	Russian Academy of Science (Russia)	A1110/0052158		CO-ADD:PC0260	15.7	32	32	32	32	32	32	32	32																																					
CO-ADD:0235047	[N+](=O)([O-])c1cc(ccc1Br)\\C=N\\c(cc2)ccc2[N+](=O)[O-]	Russian Academy of Science (Russia)	A1110/0052192		CO-ADD:PC0260	10.6	32	32	32	32	32	32	32	32																																					
CO-ADD:0235057	[N+](=O)([O-])c(cc1\\C=N\\NC(=O)C2COc(c3O2)cccc3)cc(c1OC(=O)c4ccc(cc4)Br)Br	Russian Academy of Science (Russia)	A1111/0052206		CO-ADD:PC0260	32	32	32	32	32	32	32	32	32																																					
CO-ADD:0235064	N(C(CCl)=O)c1ccc(cc1Cl)NC(CCl)=O	Russian Academy of Science (Russia)	A1111/0052215		CO-ADD:PC0260	1.73	32	32	16	32	32	32	32	32																																					
CO-ADD:0237118	OB1OCc2ccc(NC(=O)c3ccccc3C(F)(F)F)cc12	MMV (CH) - Pathogen Box	MMV652003		CO-ADD:PL0022										10	10	10	10	10	10	10	10	10																												
CO-ADD:0237159	C[C@@H]1[C@H]2[C@H](O)[C@H]3[C@H](N(C)C)C(=C(C(=O)N)C(=O)[C@@]3(O)C(=C2C(=O)c4c(O)cccc14)O)O.Cl	MMV (CH) - Pathogen Box	MMV000011		CO-ADD:PL0022										0.1563	10	10	10	1.25	10	0.1563	10	10																												
CO-ADD:0237167	Cc1ccc2c(NC(=O)C23NN=C(S3)c4ccccc4)c1C	MMV (CH) - Pathogen Box	MMV019189		CO-ADD:PL0022										10	10	10	10	10	10	10	10	10																												
CO-ADD:0237185	CN1CCN(CC1)C(c2cccs2)c3c(C)[nH]c4ccccc34	MMV (CH) - Pathogen Box	MMV688768		CO-ADD:PL0022										10	10	10	10	10	5	10	10	10																												
CO-ADD:0237065	OC1=C(C(=O)Nc2cccnc2)C(=O)N3CCc4cccc1c34	MMV (CH) - Pathogen Box	MMV676395		CO-ADD:PL0022										10	10	10	10	10	10	10	10	10																												
CO-ADD:0233279	[N+](=O)([O-])c(cc1)cc(c1NC(=O)c2ccccc2NC(c3ccccc3)=O)C	Russian Academy of Science (Russia)	A1078/0050613		CO-ADD:PC0254	32	32	32	32	32	32	32	32	32																																					
CO-ADD:0233283	c1(c(O)ccc(cccc2)c12)\\C=N\\C(C)C\\N=C\\c3c(O)ccc(cccc4)c34	Russian Academy of Science (Russia)	A1078/0050624		CO-ADD:PC0254	11.3	32	32	32	32	32	32	16	32																																					
CO-ADD:0233289	C(O)(=O)c1cccc(CSc(cc2)ccc2Sc(cc3)ccc3SCc(cccc4C(O)=O)c4)c1	Russian Academy of Science (Russia)	A1079/0050651		CO-ADD:PC0254	32	32	32	32	32	32	32	32	32																																					
CO-ADD:0230928	[n+]1(c2cccc(Cl)c2)noc([O-])n1	Russian Academy of Science (Russia)	A0980/0045816		CO-ADD:PC0249	31.19	32	32	32	32	32	2	1	32											32				4	8	4	8				32	32	32	32	32	32										
CO-ADD:0230974	c1(nnc(SCC)s1)NC(=O)c(cccc2[N+](=O)[O-])c2	Russian Academy of Science (Russia)	A0982/0045910		CO-ADD:PC0249	0.401	32	32	4	32	32	32	32	32																																					
CO-ADD:0235111	[N+](=O)([O-])c1cc(ccc1Br)\\C=N\\c2ccccc2I	Russian Academy of Science (Russia)	A1112/0052268		CO-ADD:PC0260	32	32	32	32	32	32	32	32	32																																					
CO-ADD:0235156	c1(c(O)c(\\C=N\\c(ccc(c23)oc(c4cccc(OC)c4)n2)c3)c(c(Cl)c1C)C)[N+](=O)[O-]	Russian Academy of Science (Russia)	A1113/0052316		CO-ADD:PC0260	32	32	32	32	32	32	32	32	32																																					
CO-ADD:0235207	c(c(ccc1)CC2)(c2ccc3\\N=C/c(cc4)ccc4OCc5ccccc5)c13	Russian Academy of Science (Russia)	A1114/0052370		CO-ADD:PC0260	32	32	32	32	32	32	32	32	32																																					
CO-ADD:0235211	N(/c(cc1)ccc1NC(C)=O)=C\\c(cc2)ccc2OCc3ccccc3	Russian Academy of Science (Russia)	A1114/0052375		CO-ADD:PC0260	32	32	32	32	32	32	32	32	32																																					
CO-ADD:0237341	Clc1cccc(c1)C(c2ccc(CN3CCNCC3)cc2)n4ccnc4	MMV (CH) - Pathogen Box	MMV663250		CO-ADD:PL0022										10	10	10	10	10	10	10	10	10																												
CO-ADD:0237348	Clc1cccc(c1)c2cnn3ccc(nc23)C(=O)Nc4ccc(cc4)N5CCNCC5.OC(C(F)(F)F)=O	MMV (CH) - Pathogen Box	MMV022478		CO-ADD:PL0022										10	10	10	10	10	10	10	9.02	10																												
CO-ADD:0237370	C[C@@H]1OC(=O)C[C@H](O)C[C@H](O)CC[C@@H](O)[C@H](O)C[C@H](O)C[C@]2(O)C[C@H](O)[C@H]([C@H](C[C@@H](O[C@@H]3O[C@H](C)[C@@H](O)[C@H](N)[C@@H]3O)\\C=C\\C=C\\C=C\\C=C\\C=C\\C=C\\C=C\\[C@H](C)[C@@H](O)[C@H]1C)O2)C(=O)O	MMV (CH) - Pathogen Box	MMV689000		CO-ADD:PL0022										10	10	10	10	10	10	10	10	10																												
CO-ADD:0231536	C(c1ccccc1)(=O)Oc2ccc(cc2\\C=N\\NC(=O)c(ccc(n3)C)c3)Br	Russian Academy of Science (Russia)	A1007/0047141		CO-ADD:PC0249	29.3	32	32	32	32	32	32	32	32																																					
CO-ADD:0231560	C(=C/c(ccc(c1[N+](=O)[O-])Br)c1)(/C(=O)NN2c3ccc(c(C)c3)C)\\C2=O	Russian Academy of Science (Russia)	A1008/0047173		CO-ADD:PC0249	24	32	32	32	32	32	32	32	32																																					
CO-ADD:0223519	N1(c2ccc(c(C)c2)C)C(=O)\\C(\\C(C)=N1)=C/NNc(cc3)ccc3Cl	Russian Academy of Science (Russia)	A0822/0038527		CO-ADD:PC0239	32	4	32	32	32	32	32	32	32											32				32	16	32	8				32	32	32	32	32	32										
CO-ADD:0235235	c1(ccc(\\C=N\\c(cc2)ccc2N(CC)CC)s1)[N+](=O)[O-]	Russian Academy of Science (Russia)	A1152/0053888		CO-ADD:PC0260	32	32	32	32	32	32	2	32	32																																					
CO-ADD:0237189	CC(=O)NC[C@@H]1CN(C(=O)O1)c2ccc(N3CCOCC3)c(F)c2	MMV (CH) - Pathogen Box	MMV687803		CO-ADD:PL0022										10	10	10	10	10	10	2.5	10	10																												
CO-ADD:0237203	CC(=O)NCC1CN(C(=O)O1)c2ccc(c(F)c2)c3ccc(CNCc4cn[nH]n4)cc3.Cl	MMV (CH) - Pathogen Box	MMV688327		CO-ADD:PL0022										10	10	10	10	10	10	10	10	10																												
CO-ADD:0237217	CC(=O)NCC1CN(C(=O)O1)c2ccc(c(F)c2)c3ccc(CO)cc3	MMV (CH) - Pathogen Box	MMV688508		CO-ADD:PL0022										10	10	10	10	10	10	1.25	10	10																												
CO-ADD:0237221	CN1C(=O)N(C)c2nsc(c2C1=O)S(=O)(=O)C	MMV (CH) - Pathogen Box	MMV687251		CO-ADD:PL0022										10	10	10	10	10	10	10	9.72	10																												
CO-ADD:0237248	NC(=N)Nc1ccc(c(Cl)c1)c2oc(cc2)c3ccc(NC(=N)N)cc3Cl.Cl.Cl	MMV (CH) - Pathogen Box	MMV688179		CO-ADD:PL0022										10	5	10	1.25	5	2.5	1.25	10	10																												
CO-ADD:0237259	Cc1cc(NCCc2ccccc2)nc(NC(=N)Nc3ccc(Cl)cc3)n1.C(=O)[O-]	MMV (CH) - Pathogen Box	MMV021660		CO-ADD:PL0022										10	10	10	10	10	10	10	10	10																												
CO-ADD:0231573	c1(cc(Cl)cc(Cl)c1O)C2N(CCN2Cc3ccccc3)Cc4ccccc4	Russian Academy of Science (Russia)	A0983/0045949		CO-ADD:PC0249	32	32	32	32	32	32	32	32	32																																					
CO-ADD:0231592	[N+](=O)([O-])c1cc(ccc1OC(=O)c2cccc(C)c2)\\C=N\\c(cc3)ccc3C	Russian Academy of Science (Russia)	A0984/0045977		CO-ADD:PC0249	32	32	32	32	32	32	32	32	32																																					
CO-ADD:0232440	c1(c(O)c(\\C=N\\c2cccc(O)c2)c(c(Cl)c1C)C)[N+](=O)[O-]	Russian Academy of Science (Russia)	A1012/0047352		CO-ADD:PC0250	32	32	32	32	32	32	16	32	32																																					
CO-ADD:0232455	[N+](=O)([O-])c(ccc(c1\\C=N\\NC(=O)\\C(\\NC(c2ccccc2)=O)=C/c3cccs3)OC(c4ccccc4)=O)c1	Russian Academy of Science (Russia)	A1012/0047369		CO-ADD:PC0250	32	32	32	32	32	32	32	32	32																																					
CO-ADD:0232466	C(=O)(Oc1cccc(c1)\\C=N\\NC(=O)c(ccc(c23)OCCO2)c3)c4cccc(F)c4	Russian Academy of Science (Russia)	A1012/0047386		CO-ADD:PC0250	32	32	32	32	32	32	4	32	32																																					
CO-ADD:0260102	c12c(c(cc(Oc(c3N4)cccc3C)c14)NCCCN(C)C)C(c5c(cccc5)C2=O)=O	Russian Academy of Science (Russia)	A1919/0080698		CO-ADD:PC0350	32	32	32	32	32	32	32	16	32																																					
CO-ADD:0235499	N1C(=O)\\C(\\SC1=S)=C\\c(cc2)cc(c2N(C)C)Br	Russian Academy of Science (Russia)	A1124/0052622		CO-ADD:PC0260	32	32	32	16	32	32	32	32	32																																					
CO-ADD:0237270	COc1ccc2nccc(NC(=O)C3CCN(CCc4ccc(Cl)cc4)CC3)c2n1	MMV (CH) - Pathogen Box	MMV688844		CO-ADD:PL0022										10	10	10	10	10	10	1.25	10	10																												
CO-ADD:0237276	Cc1cc(NC(=O)c2ccc(Oc3ccc(Cl)cc3O)o2)no1	MMV (CH) - Pathogen Box	MMV688955		CO-ADD:PL0022										10	10	10	10	10	10	10	10	10																												
CO-ADD:0230109	c1(cc(cc(OC)c1OCC(OCC)=O)[N+](=O)[O-])[N+](=O)[O-]	Russian Academy of Science (Russia)	A0930/0043519		CO-ADD:PC0247	21	32	32	32	32	32	32	32	32																																					
CO-ADD:0233379	S(c1ccccc1)(=O)(=O)c(cc2)ccc2[N+](=O)[O-]	Russian Academy of Science (Russia)	A1087/0051040		CO-ADD:PC0254	13.7	32	32	4	32	32	32	32	32																																					
CO-ADD:0233411	c(cc(Br)cc1Cl)(\\C=N\\c2ccc(cc2O)C)c1O	Russian Academy of Science (Russia)	A1015/0047508		CO-ADD:PC0254	32	32	32	32	32	32	4	4	32																																					
CO-ADD:0233415	c(cc(Br)cc1Cl)(\\C=N\\c2c(O)ccc(C(C)CCC)c2)c1O	Russian Academy of Science (Russia)	A1015/0047513		CO-ADD:PC0254	10.8	32	32	16	32	32	8	32	32																																					
CO-ADD:0233443	c(cc(Br)cc1Cl)(\\C=N\\c2ccc(cc2C)Cl)c1O	Russian Academy of Science (Russia)	A1016/0047549		CO-ADD:PC0254	15.9	32	32	32	32	32	32	32	32																																					
CO-ADD:0235529	C(=O)(N\\N=C\\c(ccc(c12)cccn1)c2)c3ccco3	Russian Academy of Science (Russia)	A1125/0052658		CO-ADD:PC0260	26.9	32	32	32	32	32	32	32	32																																					
CO-ADD:0231140	N1(C(=O)C(Cc2ccccc2)NS(=O)(=O)c3ccc(cc3)C)C(N1C(=O)c(c4)cc(cc4[N+](=O)[O-])[N+](=O)[O-])c5ccccc5Cl	Russian Academy of Science (Russia)	A0963/0045007		CO-ADD:PC0249	32	32	32	32	32	32	32	32	32																																					
CO-ADD:0231148	N1(c(cc2)ccc2[N+](=O)[O-])C(=O)C(=CC1=O)C	Russian Academy of Science (Russia)	A0964/0045020		CO-ADD:PC0249	4.33	32	32	32	32	32	32	32	32																																					
CO-ADD:0231165	C(=S)(c1ccc(cc1)Cl)N(CC2)CCO2	Russian Academy of Science (Russia)	A0964/0045043		CO-ADD:PC0249	32	32	32	32	32	32	32	32	32																																					
CO-ADD:0230743	S(NCCC(=O)N\\N=C(/C)\\C)(=O)(=O)c1ccc(cc1)Cl	Russian Academy of Science (Russia)	A0956/0044663		CO-ADD:PC0247	32	16	32	32	32	32	32	32	32											32											32			16	32	32										
CO-ADD:0230750	S(NCCC(=O)N\\N=C(/C)\\CC)(=O)(=O)c1ccc(cc1)Cl	Russian Academy of Science (Russia)	A0956/0044671		CO-ADD:PC0247	32	16	32	32	32	32	32	32	32											32											32			16	32	32										
CO-ADD:0230765	S(NCCC(=O)N\\N=C\\c1cc(OC)ccc1OC)(=O)(=O)c2ccc(cc2)Cl	Russian Academy of Science (Russia)	A0957/0044694		CO-ADD:PC0247		32																		32											32			32	32	32										
CO-ADD:0240292	N1(c2ccc(cc2)F)C(=O)CC(N(CC3)CCO3)C1=O	Russian Academy of Science (Russia)	A1227/0056593		CO-ADD:PC0289	32	32	32	32	32	32	32	16	32																																					
CO-ADD:0231973	N1(Cc2ccccc2)C(=O)C(C3C1=O)C(c4ccccc4)(C(C35c6ccccc6)=O)C(=C5c7ccccc7)c8ccccc8	Russian Academy of Science (Russia)	A1009/0047221		CO-ADD:PC0250	32	32	32	32	32	32	32	32	32																																					
CO-ADD:0231980	N1(CNc2cccc(Br)c2)C(=O)\\C(\\SC1=S)=C/c3ccccc3Br	Russian Academy of Science (Russia)	A1009/0047234		CO-ADD:PC0250	32	32	32	32	32	32	32	32	32																																					
CO-ADD:0232015	[N+](=O)([O-])c(cc1\\C=N\\NC(c(cc2)ccn2)=O)cc(c1OC(c3ccccc3)=O)Br	Russian Academy of Science (Russia)	A1010/0047292		CO-ADD:PC0250	32	32	32	32	32	32	32	32	32																																					
CO-ADD:0232022	[N+](=O)([O-])c(ccc(c1\\C=N\\NC(=O)c(c2)cc(cn2)Br)OC(c3ccccc3)=O)c1	Russian Academy of Science (Russia)	A1011/0047302		CO-ADD:PC0250	32	32	32	32	32	32	32	32	32																																					
CO-ADD:0232879	S1(=O)(=O)c2c(C(NCc3ccccc3)=N1)ccc(c2)[N+](=O)[O-]	Russian Academy of Science (Russia)	A1053/0049375		CO-ADD:PC0254	3.45	32	32	32	32	32	32	32	32																																					
CO-ADD:0231629	n1c2c([nH]c1c3ccccc3)ccc(c2)\\N=C\\c(cc(Cl)cc4Br)c4O	Russian Academy of Science (Russia)	A0985/0046050		CO-ADD:PC0249	32	32	32	32	32	32	32	32	32																																					
CO-ADD:0231632	n1c2c([nH]c1c3ccccc3)ccc(c2)\\N=C\\c(cc(Br)cc4Br)c4O	Russian Academy of Science (Russia)	A0985/0046055		CO-ADD:PC0249	19	32	32	32	32	32	32	32	32																																					
CO-ADD:0231641	c1(C(=O)N\\N=C\\c(cc(Br)c(c2O)O)c2Br)nn(c(c3ccccc3)n1)c4ccccc4	Russian Academy of Science (Russia)	A0986/0046071		CO-ADD:PC0249	3.2	32	32	32	32	32	32	4	32																																					
CO-ADD:0231686	c1(O)c(Br)c(\\C=N\\NC(COc2c(OC)cc(cc2Br)Br)=O)cc(Br)c1O	Russian Academy of Science (Russia)	A0987/0046141		CO-ADD:PC0249	4.92	32	32	16	32	32	32	32	32																																					
CO-ADD:0230760	S(NCCC(=O)N\\N=C\\c1ccccc1)(=O)(=O)c2ccc(cc2)Cl	Russian Academy of Science (Russia)	A0957/0044687		CO-ADD:PC0247		32																		32											32			32	32	32										
CO-ADD:0235263	[N+](=O)([O-])\\C=C\\c1c(ccc(cccc2)c12)OCC(OCC)=O	Russian Academy of Science (Russia)	A1153/0053919		CO-ADD:PC0260	32	32	32	32	32	32	32	32	32																																					
CO-ADD:0232970	[N+](=O)([O-])c1ccc(cc1)Oc(cccc2C(=O)Nc3ccccc3C(O)=O)c2	Russian Academy of Science (Russia)	A1057/0049589		CO-ADD:PC0254	32	32	32	32	32	32	32	16	32																																					
CO-ADD:0232579	S1(=O)(=O)c(cccc2)c2C(N\\N=C\\c3cccc(OC)c3O)=N1	Russian Academy of Science (Russia)	A1040/0048733		CO-ADD:PC0250	23.4	32	32	32	32	32	32	32	32																																					
CO-ADD:0259180	C(C(O)=O)(=CN(CC)c(c12)ccc(c1)[N+](=O)[O-])C2=O	Russian Academy of Science (Russia)	A1875/0078890		CO-ADD:PC0349	32	32	32	32	32	32	32	32	32																																					
CO-ADD:0235953	[N+](=O)([O-])c1cccc(\\C=N\\NC(COc2ccccc2C#N)=O)c1O	Russian Academy of Science (Russia)	A1145/0053568		CO-ADD:PC0260	32	32	32	32	32	32	32	32	32																																					
CO-ADD:0235997	n(nnc1[N+](=O)[O-])(C(=C(C)OC(=C2C#N)N)C2c(cccn3)c3)n1	Russian Academy of Science (Russia)	A1159/0054143		CO-ADD:PC0261	14.4	16	32	16	32	32	32	32	32																																					
CO-ADD:0236080	c1(Nc2ccccc2\\N=C\\c(cc3)ccc3OC)c(cc(cc1[N+](=O)[O-])C(F)(F)F)[N+](=O)[O-]	Russian Academy of Science (Russia)	A1163/0054255		CO-ADD:PC0261	8.8	32	32	8	32	32	32	32	32																																					
CO-ADD:0230274	c1(c(N(C)CCCCCCCCCCCCCCCCCC)ccc(c1)S(O)(=O)=O)[N+](=O)[O-]	Russian Academy of Science (Russia)	A0948/0044391		CO-ADD:PC0247	14.2	32	32	32	32	32	32	32	3.9																																					
CO-ADD:0231242	N(=C\\c(cc1)ccc1OCc(cc2)ccc2F)/Nc3ccccc3	Russian Academy of Science (Russia)	A0967/0045173		CO-ADD:PC0249	32	32	32	32	32	32	32	32	32																																					
CO-ADD:0231286	N(=C\\c(cc1)ccc1OCc2ccccc2)/Nc3ccccc3	Russian Academy of Science (Russia)	A0968/0045241		CO-ADD:PC0249	32	32	32	32	32	32	32	32	32																																					
CO-ADD:0283840	C(=O)(N\\N=C(\\CC)/CC)C(=O)Nc1ccc(cc1C)Cl	Russian Academy of Science (Russia)	A2008/0084335		CO-ADD:PC0368	1.57	32	32	32	32	32	32	4	32																																					
CO-ADD:0283465	c1(C(O)C(C(OCC)=O)C(OCC)=O)c(cc(cc1[N+](=O)[O-])[N+](=O)[O-])[N+](=O)[O-]	Russian Academy of Science (Russia)	A1990/0083693		CO-ADD:PC0368	1.755	32	32	16	32	32	32	4	32																																					
CO-ADD:0283473	[N+](=O)([O-])c1ccc(c(O)c1)Cl	Russian Academy of Science (Russia)	A1991/0083714		CO-ADD:PC0368	32	32	32	32	32	32	32	32	32																																					
CO-ADD:0283481	c1(N)cc(Br)cc(cccn2)c12	Russian Academy of Science (Russia)	A1992/0083726		CO-ADD:PC0368	28.69	32	32	32	32	32	32	32	32																																					
CO-ADD:0283484	c1([N+](=O)[O-])nnn(CC(C)=O)n1	Russian Academy of Science (Russia)	A1992/0083730		CO-ADD:PC0368	1.634	8	32	16	32	32	32	32	32																																					
CO-ADD:0278720	N1(c2ccc(cc2)OC)C(=O)C(CC1=O)S\\C(\\NC)=N\\c3cccc(Cl)c3	Russian Academy of Science (Russia)	A1974/0083031		CO-ADD:PC0362	10.71	32	32	32	32	32	16	8	32																																					
CO-ADD:0284575	S(=O)(=O)(N1CCCCC1)c(ccc(c2C(=O)Oc3c(Cl)cc(c(cccn4)c34)Cl)Cl)c2	Russian Academy of Science (Russia)	A2026/0085044		CO-ADD:PC0369	32	32	32	32	32	32	32	32	32																																					
CO-ADD:0278545	n1(C(C)=O)ncc2c1cc(cc2[N+](=O)[O-])[N+](=O)[O-]	Russian Academy of Science (Russia)	A1941/0081580		CO-ADD:PC0362	26.24	32	32	32	32	32	32	32	32																																					
CO-ADD:0278548	N(C(=O)c1ccc(cc1)Cl)(C(=O)c2ccc(cc2)Cl)n(cnn3)c3	Russian Academy of Science (Russia)	A1941/0081585		CO-ADD:PC0362	32	32	32	32	32	32	32	32	32																																					
CO-ADD:0283528	N1(c2ccccc2)C(=O)CC(N3CCCCC3CC)C1=O	Russian Academy of Science (Russia)	A1987/0083551		CO-ADD:PC0368	32	32	32	32	32	32	32	8	32																																					
CO-ADD:0278570	[N+](=O)([O-])\\C(\\C)=C\\c(cc1OC)cc(c1O)Br	Russian Academy of Science (Russia)	A1943/0081620		CO-ADD:PC0362	32	32	32	32	32	32	32	16	32																																					
CO-ADD:0283894	N1(CN(CC2C)CC(O2)C)N=C(OC1=S)c3ccc(cc3)C	Russian Academy of Science (Russia)	A1996/0083844		CO-ADD:PC0368	32	32	32	32	32	32	32	32	32																																					
CO-ADD:0283924	C12(c3c(N(C)C1=O)cccc3)C(C#N)=C(N)OC(NC(=O)NC4=O)=C24	Russian Academy of Science (Russia)	A1997/0083878		CO-ADD:PC0368	8	32	32	4	32	32	32	32	32																																					
CO-ADD:0278581	[n+]1(cc(CCSc(cc2)ccc2C(C)(C)C)ccc1C)CC(=O)c(cc3)ccc3[N+](=O)[O-]	Russian Academy of Science (Russia)	A1943/0081632		CO-ADD:PC0362	4.883	32	32	8	32	32	32	32	32																																					
CO-ADD:0284106	c1(C(OCC)=O)c2c(n(c3ccccc3)c1CSc4ccccc4)cc(Br)c(O)c2CN(C)C.Cl	Russian Academy of Science (Russia)	A1916/0080545		CO-ADD:PC0369	3.315	32	32	32	32	32	32	32	3.041																																					
CO-ADD:0278881	C1(C2)(CC(CN2CCO)(CC=C1)[N+](=O)[O-])[N+](=O)[O-]	Russian Academy of Science (Russia)	A1978/0083225		CO-ADD:PC0362	2.825	32	32	4	32	32	32	32	32																																					
CO-ADD:0283530	N1(c2ccc(cc2Br)Br)C(=O)CC(N(CC3)CCO3)C1=O	Russian Academy of Science (Russia)	A1987/0083553		CO-ADD:PC0368	32	32	32	32	32	32	8	8	32																																					
CO-ADD:0278621	N1(c2ccccc2)C(=O)CC(N3CCCC(CO)C3)C1=O	Russian Academy of Science (Russia)	A1945/0081691		CO-ADD:PC0362	9.611	32	32	32	32	32	32	16	32																																					
CO-ADD:0278622	N1(c2ccccc2)C(=O)CC(N(CC3)CCN3c4ccccc4OCC)C1=O	Russian Academy of Science (Russia)	A1945/0081692		CO-ADD:PC0362	8.244	32	32	32	32	32	32	32	32																																					
CO-ADD:0283486	[N+](=O)([O-])\\C(\\C)=C\\c1ccccc1	Russian Academy of Science (Russia)	A1992/0083732		CO-ADD:PC0368	15.4	32	32	32	32	32	32	32	32																																					
CO-ADD:0283492	C(/C(c1ccccc1)=O)=C\\c2ccco2	Russian Academy of Science (Russia)	A1992/0083741		CO-ADD:PC0368	24.73	32	32	32	32	32	32	32	32																																					
CO-ADD:0283493	c1(N)c(O)ccc(Br)c1	Russian Academy of Science (Russia)	A1992/0083743		CO-ADD:PC0368	6.918	32	32	32	32	32	32	8	32																																					
CO-ADD:0283496	c1(ccc(C(OCC)=O)o1)[N+](=O)[O-]	Russian Academy of Science (Russia)	A1993/0083752		CO-ADD:PC0368	10.12	32	32	32	32	32	32	32	32																																					
CO-ADD:0283518	N1(CN2CCCCC2CC)N=C(OC1=S)c3ccc(cc3)C	Russian Academy of Science (Russia)	A1987/0083538		CO-ADD:PC0368	32	32	32	32	32	32	16	32	32																																					
CO-ADD:0283326	N1(c2ccc(cc2Br)Br)C(=O)CC(N3CCCCC3C)C1=O	Russian Academy of Science (Russia)	A1956/0082234		CO-ADD:PC0368	32	32	32	32	32	32	2	4	32												32	32	32	8	4	2	4	32		32													1	32	32	
CO-ADD:0283413	N1(CN2CCC(CC2)C)N=C(OC1=S)c3ccc(cc3)C	Russian Academy of Science (Russia)	A1989/0083628		CO-ADD:PC0368	32	32	32	32	32	32	32	32	32																																					
CO-ADD:0283580	c1(\\C=N\\c(cc2)ccc2N(C)C)c(Sc3ccccc3)cc(cc1[N+](=O)[O-])[N+](=O)[O-]	Russian Academy of Science (Russia)	A1995/0083815		CO-ADD:PC0368	32	32	32	32	32	32	16	4	32																																					
CO-ADD:0278485	c1(C2c3cccs3)c([nH]nc1C(F)(F)F)OC(N)=C2C#N	Russian Academy of Science (Russia)	A1938/0081511		CO-ADD:PC0362	32	32	32	32	32	32	32	32	32																																					
CO-ADD:0278698	C(/C(C)=NN1c2ccccc2)(=C(\\C(OC)=O)/C(F)(F)F)\\C1=O	Russian Academy of Science (Russia)	A1973/0083002		CO-ADD:PC0362	32	32	32	8	32	32	32	32	32												32	16	32					32	32	32																
CO-ADD:0283469	[N+](=O)([O-])c1cc(cccn2)c2c(O)c1	Russian Academy of Science (Russia)	A1991/0083710		CO-ADD:PC0368	15.16	32	32	32	32	32	32	32	32																																					
CO-ADD:0284019	S(=O)(=O)(N1CCC(CC1)C)c2c(C)ccc(c2)C(=O)Oc3cccc(cccn4)c34	Russian Academy of Science (Russia)	A1999/0083984		CO-ADD:PC0369	32	32	32	32	32	32	32	8	32																																					
CO-ADD:0255215	N1(c(cc2)ccc2C(OC)=O)C(=O)CC(N3CCCCC3)C1=O	Russian Academy of Science (Russia)	A1686/0072003		CO-ADD:PC0340	32	32	32	32	32	32	32	8	32																																					
CO-ADD:0255354	c12c(nnc(SCCC)n1)c3c(cccc3)n2CCC	Russian Academy of Science (Russia)	A1740/0073896		CO-ADD:PC0342	32	32	32	32	32	32	32	32	32																																					
CO-ADD:0255586	[N+](=O)([O-])c(c(C)c(\\N=C\\c1ccccc1)cc2[N+](=O)[O-])c2	Russian Academy of Science (Russia)	A1743/0073971		CO-ADD:PC0342	32	32	32	32	32	32	32	32	32																																					
CO-ADD:0252713	c1(S2)c(cc(c(O)c1Br)Cl)OC2=O	Russian Academy of Science (Russia)	A1629/0069946		CO-ADD:PC0337	32	32	32	32	32	32	32	32	32																																					
CO-ADD:0255848	C(=O)(NC1CCCCC1)c2c(cccc2OC)OC	Russian Academy of Science (Russia)	A1770/0074991		CO-ADD:PC0342	32	32	32	32	32	32	32	32	32																																					
CO-ADD:0256353	c12c(non1)nc(Nc(cc3)ccc3I)c(N\\N=C\\c(cc(cc4[N+](=O)[O-])[N+](=O)[O-])c4O)n2	Russian Academy of Science (Russia)	A1778/0075404		CO-ADD:PC0343	32	32	32	32	32	32	32	32	32																																					
CO-ADD:0255994	C1(=S)N(c2ccccc2)C(=O)\\C(\\C(=O)N1c3ccccc3)=C\\c(cc4I)cc(c4O)I	Russian Academy of Science (Russia)	A1670/0071213		CO-ADD:PC0342	32	32	32	32	32	32	32	32	32																																					
CO-ADD:0256161	C1(=NCC2)N2C(=C(Oc(cc3)ccc3Cl)S1)c4ccccc4.Br	Russian Academy of Science (Russia)	A1672/0071328		CO-ADD:PC0342	32	32	32	32	32	32	32	32	32																																					
CO-ADD:0252926	C(=C/c(ccc(c1[N+](=O)[O-])O)c1)(/C(=O)N(C)C(N2C)=O)\\C2=O	Russian Academy of Science (Russia)	A1592/0069025		CO-ADD:PC0337	32	32	32	32	32	32	32	32	32																																					
CO-ADD:0250318	N(c1ccccc1[N+](=O)[O-])(C(=O)C2C3C4(OC2(C)C=C4)C)C3=O	Russian Academy of Science (Russia)	A1704/0072566		CO-ADD:PC0332	30.4	32	32	32	32	32	32	32	32																																					
CO-ADD:0249476	[N+](=O)([O-])c1cccc(\\C=N\\c(cc2)ccc2I)c1O	Russian Academy of Science (Russia)	A1546/0067299		CO-ADD:PC0328	32	32	32	32	32	32	32	16	32																																					
CO-ADD:0249978	c(non1)(c1n2)nc(O)c2c(cc3)ccc3OC	Russian Academy of Science (Russia)	A4570/0195532		CO-ADD:PC0332	32	32	32	32	32	32	32	32	32																																					
CO-ADD:0252581	N1(Cc(ccc(c2Cl)Cl)c2)C(CCCC3)=C3C(C4=C1CCC4)=N	Russian Academy of Science (Russia)	A1609/0069469		CO-ADD:PC0337	9.6	32	32	8	32	32	32	32	32																																					
CO-ADD:0252220	c(C(=O)N\\N=C\\c1cc(Br)cc(OCC)c1O)(c(C)on2)c2c3ccccc3	Russian Academy of Science (Russia)	A1567/0068311		CO-ADD:PC0337	7.04	32	32	32	32	32	32	32	32																																					
CO-ADD:0252268	N(c1c(Cl)ccc(c1)C(F)(F)F)(C(=O)C(C23)C(C)(C=C4)OC24C)C3=O	Russian Academy of Science (Russia)	A1568/0068379		CO-ADD:PC0337	19.3	32	32	32	32	32	8	16	32																																					
CO-ADD:0252623	c1(N2)c(cc(c(Cl)c1Cl)Cl)OC2=S	Russian Academy of Science (Russia)	A1617/0069655		CO-ADD:PC0337	32	32	32	16	32	32	16	16	32																																					
CO-ADD:0252627	C(/C#N)(=C/N=C(\\C=C1)/C=CN1CCCCCCCCCCCCCCCC)\\C(=O)C(OCC)=O	Russian Academy of Science (Russia)	A1617/0069666		CO-ADD:PC0337	0.391	32	32	0.5	16	32	2	1	7.31																																					
CO-ADD:0249551	N(c1cccc(Br)c1)(C(=O)C(C23)C(C=C4)OC24CO)C3=O	Russian Academy of Science (Russia)	A1549/0067415		CO-ADD:PC0328	32	32	32	32	32	32	32	16	32																																					
CO-ADD:0249566	N1(\\N=C\\c(ccc2[N+](=O)[O-])o2)C(=O)C3C(C4C5(CC5)C3C=C4)C1=O	Russian Academy of Science (Russia)	A1549/0067439		CO-ADD:PC0328	30.32	32	32	16	32	32	32	32	32																																					
CO-ADD:0250113	c1(Nc(cc2)ccc2OC)nc(Cl)nc(NCc(cccn3)c3)n1	Russian Academy of Science (Russia)	A1700/0072399		CO-ADD:PC0332	32	32	32	32	32	32	32	8	32																																					
CO-ADD:0284826	C(Oc(cc1)ccc1F)(C(OC)=O)(C(F)(F)F)NC(=O)Nc2sc(c3c2C#N)CCCC3	Russian Academy of Science (Russia)	A2019/0084711		CO-ADD:PC0369	32	32	32	16	32	32	32	32	32												32	32	32					32	32	32																
CO-ADD:0285651	c1(c(N)ccc(non2)c12)[N+](=O)[O-]	Russian Academy of Science (Russia)	A2071/0087108		CO-ADD:PC0370	32	32	32	16	32	32	32	32	32																																					
CO-ADD:0285654	[n+]1([O-])c(cc([N+](=O)[O-])cc2[N+](=O)[O-])c2c(Nc3ccccc3)n1c4ccccc4	Russian Academy of Science (Russia)	A2071/0087112		CO-ADD:PC0370	32	32	32	32	32	32	32	32	32																																					
CO-ADD:0285661	C1(=N2)N(c3c(cccc3)N1CCN4CCCCC4)\\C(\\C2=O)=C/c(ccc5[N+](=O)[O-])o5	Russian Academy of Science (Russia)	A2072/0087119		CO-ADD:PC0370	21.8	32	32	8	32	32	32	32	32																																					
CO-ADD:0285662	C1(=N2)N(c3c(cccc3)N1CCN(CC4)CCO4)\\C(\\C2=O)=C/c(ccc5[N+](=O)[O-])o5	Russian Academy of Science (Russia)	A2072/0087120		CO-ADD:PC0370	27.45	32	32	2	32	32	32	32	32																																					
CO-ADD:0284653	c1(S2)c(cc(c(OC(=O)Nc3ccccc3)c1Br)Cl)OC2=O	Russian Academy of Science (Russia)	A2001/0084054		CO-ADD:PC0369	13.87	32	32	32	32	32	32	32	32																																					
CO-ADD:0285049	c1(NNc2ccccc2)nncc(c3ccccc3)n1	Russian Academy of Science (Russia)	A2042/0085831		CO-ADD:PC0370	32	32	32	32	32	32	32	32	32																																					
CO-ADD:0285143	N1(c2ccccc2F)C(=O)C(CC1=O)S\\C(\\NCC)=N\\c(ccc(c34)OCO3)c4	Russian Academy of Science (Russia)	A2004/0084193		CO-ADD:PC0370	32	32	32	32	32	32	32	32	32																																					
CO-ADD:0285144	N1(c2ccc(cc2)I)C(=O)C(CC1=O)S\\C(\\NC)=N\\c(ccc(c34)OCO3)c4	Russian Academy of Science (Russia)	A2004/0084194		CO-ADD:PC0370	32	32	32	32	32	32	32	32	32																																					
CO-ADD:0285151	C(=C\\c(ccc1c2ccc(cc2F)F)o1)(/C3=O)\\Sc(c34)cccc4	Russian Academy of Science (Russia)	A2059/0086623		CO-ADD:PC0370	32	32	32	32	32	32	32	32	32																																					
CO-ADD:0285286	N1(CN2CCCC2)N=C(OC1=S)c3ccccc3	Russian Academy of Science (Russia)	A2047/0086062		CO-ADD:PC0370	32	32	32	32	32	32	32	32	32																																					
CO-ADD:0285291	C1(C2)(CC(CN2C(CC)CO)(CC=C1)[N+](=O)[O-])[N+](=O)[O-]	Russian Academy of Science (Russia)	A2047/0086068		CO-ADD:PC0370	5.976	32	32	8	32	32	32	32	32																																					
CO-ADD:0284871	C1(=S)NC2(NN1c3ccc(cc3)Cl)CCCCC2	Russian Academy of Science (Russia)	A2029/0085179		CO-ADD:PC0369	32	8	32	32	32	32	32	32	32																																					
CO-ADD:0285507	c1([nH]c(c2n1)cccc2)Sc3sc(c(ccc4[N+](=O)[O-])n3)c4	Russian Academy of Science (Russia)	A2069/0087035		CO-ADD:PC0370	14.84	32	32	32	32	32	16	16	32																																					
CO-ADD:0285509	N1(c(ccc(c2s3)nc3SCC(=O)c4ccc(cc4)F)c2)C(=O)c5c(c6C1=O)c(ccc5)ccc6	Russian Academy of Science (Russia)	A2069/0087037		CO-ADD:PC0370	32	32	32	32	32	32	32	16	32																																					
CO-ADD:0285511	N1(c(ccc(c2s3)nc3SCC(=O)c4ccc(cc4)Cl)c2)C(=O)c5c(c6C1=O)c(ccc5)ccc6	Russian Academy of Science (Russia)	A2069/0087039		CO-ADD:PC0370	32	32	32	32	32	32	32	16	32																																					
CO-ADD:0161496	[N+](=O)([O-])\\N=C(/N)\\NNc1ccccc1	Russian Academy of Science (Russia)	A0402/0018544		CO-ADD:PC0197	32	16	32	32	32	32	32	16												32				32	32	8	16				32	32	32		32	32	32	32	32	32	32	32				32
CO-ADD:0285527	N1(c2ccc(cc2Br)Br)C(=O)CC(N(CCCC3C(OCC)=O)C3)C1=O	Russian Academy of Science (Russia)	A2048/0086129		CO-ADD:PC0370	32	32	32	32	32	32	4	8	32																																					
CO-ADD:0285528	N1(c2ccc(cc2Br)Br)C(=O)CC(N(CC3)CCC3C(OCC)=O)C1=O	Russian Academy of Science (Russia)	A2048/0086130		CO-ADD:PC0370	32	32	32	32	32	32	4	4	32																																					
CO-ADD:0285542	C(=C(/C1CCN2CC1)\\C2)(/c3ccc(Cl)s3)\\c4ccc(Cl)s4.Cl	Russian Academy of Science (Russia)	A2048/0086154		CO-ADD:PC0370	7.091	32	32	16	32	32	32	32	10.78																																					
CO-ADD:0285152	c(C#N)(c(\\C(\\C#N)=C\\c(ccc1c2ccc(cc2)F)o1)nn3c4ccccc4)c3N	Russian Academy of Science (Russia)	A2059/0086624		CO-ADD:PC0370	32	32	32	32	32	32	32	32	32																																					
CO-ADD:0285333	c12c(n(c(Sc3nc(c4n3Cc5ccccc5)cccc4)n1)C)C(N(C)C(=O)N2C)=O	Russian Academy of Science (Russia)	A2062/0086751		CO-ADD:PC0370	32	32	32	32	32	32	32	32	32																																					
CO-ADD:0284743	C(=C\\c1ccc(cc1Cl)Cl)(/C(C)=NN2c(ccc(c3C(O)=O)Cl)c3)\\C2=O	Russian Academy of Science (Russia)	A2003/0084174		CO-ADD:PC0369	32	32	32	32	32	32	32	32	23.91																																					
CO-ADD:0285887	N1(c2ccc(cc2Br)Br)C(=O)CC(N3CCC(CC3)C)C1=O	Russian Academy of Science (Russia)	A2054/0086393		CO-ADD:PC0370	32	32	32	32	32	32	4	8	32																																					
CO-ADD:0285888	N1(c2ccc(cc2Br)Br)C(=O)CC(N3CCCCCC3)C1=O	Russian Academy of Science (Russia)	A2054/0086394		CO-ADD:PC0370	25.66	32	32	32	32	32	4	4	32																																					
CO-ADD:0285686	[N+](=O)([O-])c(cc1)cc(c1N(CC2)CCN2C(CCl)=O)F	Russian Academy of Science (Russia)	A2073/0087147		CO-ADD:PC0370	0.7505	32	32	32	32	32	32	32	32																																					
CO-ADD:0285732	c1(cc(cc(SCC(OC)=O)c1C#N)[N+](=O)[O-])[N+](=O)[O-]	Russian Academy of Science (Russia)	A2075/0087216		CO-ADD:PC0370	1.772	32	32	8	32	32	16	32	32																																					
CO-ADD:0285737	c1(nc(c2C(OC)=O)CSC(N)=[N+]([H])[H])n2c3c(cccc3)n1Cc4ccccc4.[Br-]	Russian Academy of Science (Russia)	A2075/0087228		CO-ADD:PC0370	2.612	16	32	16	32	32	32	32	12.92																																					
CO-ADD:0284778	S(=O)(=O)(c1ccc(cc1)C)\\C=C(/Cl)\\Cl	Russian Academy of Science (Russia)	A2017/0084639		CO-ADD:PC0369	3.303	32	32	32	32	32	32	32	32																																					
CO-ADD:0285618	C1(c2ccc(cc2)C)=NNC3(CCCCCCC3)S1	Russian Academy of Science (Russia)	A2069/0087061		CO-ADD:PC0370	32	32	32	32	32	32	32	32	32																																					
CO-ADD:0285717	C1(=O)N(c2ccc(cc2)OC(Cl)(F)F)Sc(cc(cc3[N+](=O)[O-])[N+](=O)[O-])c13	Russian Academy of Science (Russia)	A2074/0087199		CO-ADD:PC0370	32	32	32	32	32	32	16	16	32																																					
CO-ADD:0278916	N1(c2ccccc2)C(=O)CC(N(CC3C)CC(O3)C)C1=O	Russian Academy of Science (Russia)	A1979/0083264		CO-ADD:PC0362	32	32	32	32	32	32	32	32	32																																					
CO-ADD:0278917	N1(c2ccccc2)C(=O)CC(N3CC(C)CC(C)C3)C1=O	Russian Academy of Science (Russia)	A1979/0083265		CO-ADD:PC0362	32	32	32	32	32	32	32	16	32																																					
CO-ADD:0278918	N1(c2ccc(cc2Br)Br)C(=O)CC(N3CCC(CC3)O)C1=O	Russian Academy of Science (Russia)	A1979/0083266		CO-ADD:PC0362	32	32	32	32	32	32	2	2	32																																					
CO-ADD:0162276	N(\\C(=C/c(ccc(c12)cccc1)c2)\\C(O3)=O)=C3c4ccc(cc4)C	Russian Academy of Science (Russia)	A0423/0019557		CO-ADD:PC0199	32	32	32	32	32	32	32	16																																						
CO-ADD:0166305	C12(\\C=N\\c(cc3)ccc3OCC)c4c(cccc4)C(C(C1C5=O)C(N5c6ccc(cc6)OCC)=O)c(cccc7)c27	Russian Academy of Science (Russia)	A0496/0023007		CO-ADD:PC0217	32									32	32	32	32	32	32	32																														
CO-ADD:0283701	N1(c2ccccc2Cl)C(=O)C=CC1=O	Russian Academy of Science (Russia)	A1993/0083768		CO-ADD:PC0368	12.69	32	32	32	32	32	8	4	32																																					
CO-ADD:0283070	c(cc(I)cc1I)(\\C=N\\c2ccccc2)c1O	Russian Academy of Science (Russia)	A1949/0081902		CO-ADD:PC0368	32	32	32	32	32	32	32	32	32																																					
CO-ADD:0166537	N(=C\\c1ccccc1OC)/NC(CCCc(cc2)ccc2OC)=O	Russian Academy of Science (Russia)	A0504/0023431		CO-ADD:PC0217	7.14									32	32	32	32	32	32	32																														
CO-ADD:0284316	N(c1c(C)ccc(Cl)c1)(C(=O)C(C23)C(C=C4)OC24CO)C3=O	Russian Academy of Science (Russia)	A2013/0084532		CO-ADD:PC0369	32	32	32	32	32	32	16	16	32																																					
CO-ADD:0283706	N1(C(=O)C=CC1=O)c2ccc(cc2C)C	Russian Academy of Science (Russia)	A1993/0083774		CO-ADD:PC0368	3.037	32	32	32	32	32	4	1	32																																					
CO-ADD:0283720	c1(C(C)C)c(O)cc(c(N)c1)C.Cl	Russian Academy of Science (Russia)	A1994/0083792		CO-ADD:PC0368	3.165	32	32	16	32	32	32	32	32																																					
CO-ADD:0283724	N1(c2ccccc2)CC(C(=O)N1)C	Russian Academy of Science (Russia)	A1994/0083796		CO-ADD:PC0368	32	32	32	32	32	32	32	32	32																																					
CO-ADD:0279153	N1(c2ccc(cc2Br)Br)C(=O)CC(N3CCCC(C)C3)C1=O	Russian Academy of Science (Russia)	A1985/0083449		CO-ADD:PC0362	32	32	32	32	32	32	4	4	32																																					
CO-ADD:0164891	C[C@H]1COc2c(c(F)cc3c2n1cc(C(O)=O)c3=O)C1(N)CC1	NIH (USA) - Clinical Collection	SAM001246742	Pazufloxacin	CO-ADD:PL0013										1.25	2.5	1.25	10		10	0.625	10																													
CO-ADD:0283098	C(=N/c1ccccc1O)(/C(=O)c(c23)cccc2)\\C3=O	Russian Academy of Science (Russia)	A1950/0081933		CO-ADD:PC0368	32	32	32	32	32	32	32	32	32																																					
CO-ADD:0279038	C(/n(c1)ncn1)(=C/c(c(O)ccc2[N+](=O)[O-])c2)\\C(=O)c3ccc(cc3Cl)Cl	Russian Academy of Science (Russia)	A1980/0083304		CO-ADD:PC0362	32	32	32	16	32	32	32	32	10.6																																					
CO-ADD:0283128	C(/c(cccc1)c1CC2(C)C)(=C\\c3ccc(c4n3)cccc4)\\N2	Russian Academy of Science (Russia)	A1950/0081970		CO-ADD:PC0368	32	32	32	4	32	32	32	16	32																																					
CO-ADD:0166360	C(CSCc1ccccc1Br)(=O)N\\N=C\\c(cc2)ccc2OC(C)=O	Russian Academy of Science (Russia)	A0498/0023121		CO-ADD:PC0217	32									32	32	32	32	32	32	32																														
CO-ADD:0284385	C(=C/c1ccc(C)o1)(/C2=O)\\C(c3ccccc3)=NO2	Russian Academy of Science (Russia)	A2020/0084783		CO-ADD:PC0369	32	32	32	32	32	32	32	16	32																																					
CO-ADD:0155589	O=C(O1)/C(C(C=C1C)=O)=C(C)\\NC2=CC=CC=C2	Russian Academy of Science (Russia)	A0090/0003839		CO-ADD:PC0168	32	32	32	32	32	32	32	32																																						
CO-ADD:0283195	c(c1ccccc1Cl)([nH]nc2c3ccc(cc3O)C)c2	Russian Academy of Science (Russia)	A1952/0082051		CO-ADD:PC0368	32	32	32	32	32	32	32	32	32																																					
CO-ADD:0283204	c1(ncn2)c2ncn(CCCS3)c13.Cl	Russian Academy of Science (Russia)	A1952/0082064		CO-ADD:PC0368	32	32	32	32	32	32	32	32	32												32	32	32	32	32	32	32	32		32													32	32	32	
CO-ADD:0284410	c1(Sc2[nH]c(c3n2)cccc3)c(cc(cc1[N+](=O)[O-])C(F)(F)F)[N+](=O)[O-]	Russian Academy of Science (Russia)	A2021/0084813		CO-ADD:PC0369	32	32	32	8	32	32	32	32	32																																					
CO-ADD:0287199	[n+]1([O-])onc(N)c1N=Nc(cc2)ccc2OC	Russian Academy of Science (Russia)	A2118/0088886		CO-ADD:PC0379	3.305	32	32	4	32	32	32	4	32																																					
CO-ADD:0164694	CC(C)[C@H]1NC(=O)[C@@H](NC(=O)c2ccc(C)c3oc4c(C)c(=O)c(N)c(C(=O)N[C@H]5[C@@H](C)OC(=O)[C@H](C(C)C)N(C)C(=O)CN(C)C(=O)[C@@H]6CCCN6C(=O)[C@H](NC5=O)C(C)C)c4nc23)[C@@H](C)OC(=O)[C@H](C(C)C)N(C)C(=O)CN(C)C(=O)[C@@H]2CCCN2C1=O	NIH (USA) - Clinical Collection	SAM001246846	Dactinomycin	CO-ADD:PL0013										10	10	10	10	10	10	10	10																													
CO-ADD:0227065	[N+](=O)([O-])c1ccc(c(c1)\\N=C\\c(cccc2[N+](=O)[O-])c2)C	Russian Academy of Science (Russia)	A0841/0039451		CO-ADD:PC0244	32	32	32	32	32	32	32	32	32																																					
CO-ADD:0231850	c1(O)c(O)c(\\C=N\\NC(COc2c(OC)cc(cc2Br)Br)=O)cc(Br)c1O	Russian Academy of Science (Russia)	A0992/0046385		CO-ADD:PC0249	32	32	32	32	32	32	32	32	32																																					
CO-ADD:0221296	c1(cc(c(SCC)s1)C=O)[N+](=O)[O-]	Russian Academy of Science (Russia)	A0701/0032708		CO-ADD:PC0237	12.4	32	32	16	32	32	16	16																																						
CO-ADD:0285198	N1(c2ccc(cc2)Cl)C(=O)C(CC1=O)SCC(N)C(OCC)=O.Cl	Russian Academy of Science (Russia)	A2060/0086694		CO-ADD:PC0370	32	32	32	32	32	32	32	32	32																																					
CO-ADD:0285200	N1(C)C(=O)\\C(\\OC1=S)=C/C=C/C=C/N(c2ccccc2)C(C)=O	Russian Academy of Science (Russia)	A2060/0086697		CO-ADD:PC0370	32	32	32	32	32	32			32												32	32	32	32	32	32	32	32		32													32	32	32	
CO-ADD:0285218	N1(c2ccc(c(Cl)c2)Cl)C(=O)C(CC1=O)SCC(N)C(OCC)=O.Cl	Russian Academy of Science (Russia)	A2061/0086724		CO-ADD:PC0370	17.43	32	32	32	32	32	32		32																																					
CO-ADD:0285220	N1(c2cccc(Cl)c2)C(=O)C(CC1=O)SCC(N)C(OCC)=O.Cl	Russian Academy of Science (Russia)	A2061/0086726		CO-ADD:PC0370	32	32	32	32	32	32	32	32	32																																					
CO-ADD:0285230	N1(c2ccc(c(Cl)c2)Cl)C(=O)\\C(=C\\c(ccc3c(ccc(c4Cl)Cl)c4)o3)\\C(N(c5ccccc5)C1=S)=O	Russian Academy of Science (Russia)	A2045/0085967		CO-ADD:PC0370	32	32	32	32	32	32	32	32	32																																					
CO-ADD:0222550	c1(Br)c(O)c(cc(Br)c1O)\\C=N\\c2c(C)cccc2O	Russian Academy of Science (Russia)	A0743/0034708		CO-ADD:PC0238	32	32	32	32	32	32	16	32																																						
CO-ADD:0222779	c1(O)c(Br)c(\\C=N\\NC(COc2c(Br)cc(cc2Br)OC)=O)cc(Br)c1O	Russian Academy of Science (Russia)	A0778/0036412		CO-ADD:PC0238	3.29	32	32	16	32	32	32	32																																						
CO-ADD:0220615	C(=O)(Oc1ccc(cc1OC)\\C=N\\NC(CNc2ccccc2C)=O)c3ccccc3Cl	Russian Academy of Science (Russia)	A0673/0031333		CO-ADD:PC0236		32	32	32	32	32	32	32																																						
CO-ADD:0221926	N1(c2ccccc2C)C(=O)\\C(\\C(C)=N1)=C\\Nc(cc(cc3[N+](=O)[O-])[N+](=O)[O-])c3O	Russian Academy of Science (Russia)	A0714/0033363		CO-ADD:PC0238	13.7	32	32	32	32	32	32	32																																						
CO-ADD:0221753	C(NCCOc1ccccc1F)(=O)Nc(cc2)ccc2Br	Russian Academy of Science (Russia)	A0725/0033799		CO-ADD:PC0237	32	32	32	32	32	32	32	32																																						
CO-ADD:0219037	C(C#N)(=C(N)SC(=C1C#N)N)C1c2c(C)cc(c(c2C)[N+]([O-])=O)C	Russian Academy of Science (Russia)	A0609/0028211		CO-ADD:PC0233	32	32	32	32	32	32	32	32																																						
CO-ADD:0219725	c1(\\C=N\\NC(CCC(=O)Nc2cccc(Br)c2)=O)c(cccc1Cl)Cl	Russian Academy of Science (Russia)	A0650/0030192		CO-ADD:PC0233	32	32	32	32	32	32	32	32																																						
CO-ADD:0217083	C(=O)(N\\N=C\\c1ccccc1OC)C(NCCC)=O	Russian Academy of Science (Russia)	A0562/0026014		CO-ADD:PC0225	9	32	32	32	32	32	32	32																																						
CO-ADD:0219320	c(C#N)(c(SCC#N)nc(c1C#N)N)c1c2cccc(F)c2	Russian Academy of Science (Russia)	A0636/0029540		CO-ADD:PC0233	32	32	32	32	32	32	32	32																																						
CO-ADD:0231565	C(=C/c(cccc1[N+](=O)[O-])c1)(/C(=O)NN2c3ccc(c(C)c3)C)\\C2=O	Russian Academy of Science (Russia)	A1008/0047181		CO-ADD:PC0249	32	16	32	16	32	32	32	32	32											32	32	32	32					32	32	32	32				32	32	32	32	32	32	32	32				32
CO-ADD:0237405	Fc1cc(cc(F)c1C2=CCN(Cc3ccccc3)CC2)N4C[C@H](COc5ccon5)OC4=O	MMV (CH) - Pathogen Box	MMV687813		CO-ADD:PL0022										10	10	10	10	10	10	10	10	10																												
CO-ADD:0254468	C1(=O)Oc(c2S1)ccc(c2)OC(=O)Nc3ccccc3	Russian Academy of Science (Russia)	A1648/0070435		CO-ADD:PC0340	17.7	32	32	32	32	32	16	8	32																																					
CO-ADD:0255211	N1(c(cc2)ccc2C(OC)=O)C(=O)CC(N(CC3)CCC3C(N)=O)C1=O	Russian Academy of Science (Russia)	A1686/0071999		CO-ADD:PC0340	32	32	32	32	32	32	16	4	32																																					
CO-ADD:0252966	n1c2c(cccc2)ncc1c3ccc(cc3C)C.Cl	Russian Academy of Science (Russia)	A1653/0070559		CO-ADD:PC0337	32	32	32	32	32	32	32	32	32																																					
CO-ADD:0252965	C(=C\\c1ccccn1)(/c2c3cccc2)\\c4c3cccc4	Russian Academy of Science (Russia)	A1653/0070558		CO-ADD:PC0337	32	32	32	32	32	32	32	32	32																																					
CO-ADD:0252982	C(/C#N)(=C(\\N[H])/C(Cl)(Cl)Cl)\\C(=O)Nc1ccc(cn1)C	Russian Academy of Science (Russia)	A1654/0070579		CO-ADD:PC0337	7.49	32	32	32	32	32	32	32	32																																					
CO-ADD:0287277	N(c1c(cccc1)OC2=O)=C2CCC(O)=O	Russian Academy of Science (Russia)	A2094/0088001		CO-ADD:PC0379	32	32	32	32	32	32	32	32	28.95																																					
CO-ADD:0287295	S(C1=O)C(SCC(OC)=O)=C(S1)SCC#N	Russian Academy of Science (Russia)	A2094/0088027		CO-ADD:PC0379	32	32	32	32	32	32	32	32	32																																					
CO-ADD:0287254	C(C(OCC)=O)(Nc1ccccn1)(C(F)(F)F)NC(OCC)=O	Russian Academy of Science (Russia)	A2093/0087971		CO-ADD:PC0379	32	32	32	32	32	32	32	32	32																																					
CO-ADD:0287256	N(C(=S)NNC(=O)c1cccs1)C(=O)c(cccn2)c2	Russian Academy of Science (Russia)	A2093/0087975		CO-ADD:PC0379	32	32	32	32	32	32	32	32	32																																					
CO-ADD:0287151	c1([N+](=O)[O-])nnn(C\\C(\\C)=N/NC(=O)c(cccn2)c2)n1	Russian Academy of Science (Russia)	A2117/0088819		CO-ADD:PC0379	22.43	16	32	32	32	32	32	32	32																																					
CO-ADD:0154356	N#CC1=C(NCCC2CCN(CC2)CC3=CC=CC=C3)N=C(NCCC4CCN(CC4)CC5=CC=CC=C5)C(C#N)=C1C6=CC=CC=C6	IQOG CSIS (Spain)	ASS194		CO-ADD:PC0167	32	32	32	32	32	32	32	32																																						
CO-ADD:0287174	c1(O2)c(cc(c(OC(NCCCC)=O)c1Br)Br)SC2=O	Russian Academy of Science (Russia)	A2117/0088857		CO-ADD:PC0379	32	32	32	32	32	32	32	32	32																																					
CO-ADD:0287230	[N+](=O)([O-])c(cc1)ccc1N(CC2C)CC(O2)C	Russian Academy of Science (Russia)	A2092/0087936		CO-ADD:PC0379	32	32	32	32	32	32	32	32	32																																					
CO-ADD:0237336	CN1CCN(CCCOc2ncc(Nc3ncc(nc3C(=O)N)c4ccc(c(F)c4)C(F)(F)F)cn2)CC1	MMV (CH) - Pathogen Box	MMV687812		CO-ADD:PL0022										10	10	10	10	10	10	10	10	10																												
CO-ADD:0287224	c1(n2)c(ccc(\\N=C/N(C)C)c1)no2	Russian Academy of Science (Russia)	A2091/0087927		CO-ADD:PC0379	32	32	32	32	32	32	32	32	32																																					
CO-ADD:0287214	c1(SCCCCC(O)=O)sc(c2n1)cccc2	Russian Academy of Science (Russia)	A2118/0088910		CO-ADD:PC0379	32	32	32	32	32	32	32	32	32																																					
CO-ADD:0242173	C(CN(c1cccc(F)c1)CN2c3ccccc3[N+](=O)[O-])([N+](=O)[O-])=N2	Russian Academy of Science (Russia)	A1322/0059878		CO-ADD:PC0291	5.55	32	32	16	32	32	16	8	32																																					
CO-ADD:0254591	S(NCCCCCCCC(OC)=O)(=O)(=O)c(cc1)ccc1[N+](=O)[O-]	Russian Academy of Science (Russia)	A1557/0067804		CO-ADD:PC0340	32	32	32	32	32	32	32	32	32																																					
CO-ADD:0231967	n1c2c(oc1c3ccc(cc3)\\N=C\\c(cc(Br)c(c4Br)O)c4O)cccc2C	Russian Academy of Science (Russia)	A1009/0047209		CO-ADD:PC0250	19.6	32	32	32	32	32	32	32	32																																					
CO-ADD:0252372	[S+]([O-])(NN1c2ccccc2)N(c3ccccc3)N[S+]1[O-]	Russian Academy of Science (Russia)	A1607/0069416		CO-ADD:PC0337	32	32	32	32	32	32	32	32	32																																					
CO-ADD:0252558	c1(c(cc(cc1[N+](=O)[O-])[N+](=O)[O-])SN2Cc3ccccc3)C2=O	Russian Academy of Science (Russia)	A1587/0068911		CO-ADD:PC0337	32	32	32	16	32	32	32	16	32																																					
CO-ADD:0254478	c1(ccc(\\C=N\\c2ccccc2C(=O)Nc(cc3)ccc3NC(C)=O)o1)[N+](=O)[O-]	Russian Academy of Science (Russia)	A1650/0070474		CO-ADD:PC0340	32	32	32	32	32	32	32	32	32																																					
CO-ADD:0254497	C(=S)(N1CCCCC1)c2ccccc2OC(=O)c(c3)cc(cc3[N+](=O)[O-])[N+](=O)[O-]	Russian Academy of Science (Russia)	A1676/0071494		CO-ADD:PC0340	32	32	32	16	32	32	32	32	32																																					
CO-ADD:0287383	[N+](=O)([O-])c(cc1)ccc1N(CC2)CCN2C(=O)c(cc3)ccc3C#CC(C)(C)O	Russian Academy of Science (Russia)	A2120/0089012		CO-ADD:PC0379	32	32	32	32	32	32	32	32	32																																					
CO-ADD:0232312	n1c(Cl)c(C#N)c(c(Cl)c1NN)Cl	Russian Academy of Science (Russia)	A1033/0048394		CO-ADD:PC0250	32	32	32	32	32	32	32	32	32																																					
CO-ADD:0249515	N(c1ccc(cc1[N+](=O)[O-])OC)(C(=O)C(C23)C(C=C4)OC24C(OC(C)=O)OC(C)=O)C3=O	Russian Academy of Science (Russia)	A1548/0067364		CO-ADD:PC0328	32	32	32	32	32	32	32	32	32																																					
CO-ADD:0247744	S(NCCCN(C)C)(=O)(=O)c(cc1)ccc1N2CCC(c3ccc(cc3)Cl)=N2	Russian Academy of Science (Russia)	A1514/0066073		CO-ADD:PC0316	11.44	32	32	16	32	32	32	8	13.02																																					
CO-ADD:0249409	N1(c2cccc(C)c2)N=NNC1=S	Russian Academy of Science (Russia)	A1544/0067181		CO-ADD:PC0328	32	32	32	32	32	32	32	32	32																																					
CO-ADD:0252983	[B-]1(c2ccccc2)(c3ccccc3)OC(C)=C(C(\\C=C\\N(C)C)=[O+]1)\\C(\\N)=C/C#N	Russian Academy of Science (Russia)	A1654/0070581		CO-ADD:PC0337	32	32	32	8	32	32	2	2	32																																					
CO-ADD:0244399	N1(c2cccc(C)c2)C(=O)CC(N(CC3)CCN3c4cccc(Cl)c4)C1=O	Russian Academy of Science (Russia)	A1206/0055562		CO-ADD:PC0301	32	32	32	32	32	32	32	32	32																																					
CO-ADD:0287382	N1(c2ccc(cc2)OC)C(=O)CC(N3CCC(CC3)O)C1=O	Russian Academy of Science (Russia)	A2120/0089010		CO-ADD:PC0379	32	32	32	32	32	32	32	16	32																																					
CO-ADD:0248841	n1c(c2ccc(cc2)C)csc1N\\N=C(\\CC)/c3ccccc3	Russian Academy of Science (Russia)	A1464/0064552		CO-ADD:PC0328	32	32	32	32	32	32	32	32	32																																					
CO-ADD:0260176	[N+](=O)([O-])c(cc1)ccc1N(CC2)CCN2C(CCc3ccccc3)=O	Russian Academy of Science (Russia)	A1864/0078387		CO-ADD:PC0350	32	32	32	32	32	32	32	32	32																																					
CO-ADD:0223536	C(/C(C)=NO1)(\\C1=O)=C\\c2ccccc2OC	Russian Academy of Science (Russia)	A0781/0036551		CO-ADD:PC0239	32	32	32	32	32	32	16	4	32																																					
CO-ADD:0287445	N1(CN2CCC(CC2)C)C(=O)\\C(\\SC1=S)=C/c3ccccc3Cl	Russian Academy of Science (Russia)	A2122/0089096		CO-ADD:PC0379	32	32	32	16	32	32	32	32	27.81																																					
CO-ADD:0287658	c1(C(=O)N(C)C)c(cc(cc1[N+](=O)[O-])[N+](=O)[O-])[N+](=O)[O-]	Russian Academy of Science (Russia)	A2101/0088278		CO-ADD:PC0379	4.613	32	32	4	32	32	32	32	32																																					
CO-ADD:0287659	c1(C(=O)N(C)C)c(cc(cc1[N+](=O)[O-])F)[N+](=O)[O-].c2(c(F)cc(cc2[N+](=O)[O-])[N+](=O)[O-])C(=O)N(C)C	Russian Academy of Science (Russia)	A2101/0088279		CO-ADD:PC0379	25.16	32	32	8	32	32	32	32	32																																					
CO-ADD:0287683	N1(c2ccc(cc2)OC)C(c3ccccc3OCc4c(cccc4Cl)Cl)N(N=C1C(C)=O)c5ccccc5	Russian Academy of Science (Russia)	A2106/0088498		CO-ADD:PC0379	32	32	32	4	32	32	32	32	32												32	8	8					32	32	32																
CO-ADD:0287591	C1(c2ccccc2)(C(C[N+](=O)[O-])c(ccc(c34)OCO3)c4)C(=O)c(c5C1=O)cccc5	Russian Academy of Science (Russia)	A2098/0088179		CO-ADD:PC0379	32	32	32	32	32	32	8	2	32																																					
CO-ADD:0236311	N1(c2ccc(cc2)OCC)C(=O)CC(N(CC3)CCC3C(N)=O)C1=O	Russian Academy of Science (Russia)	A1182/0054723		CO-ADD:PC0261	32	32	32	32	32	32	32	8	32																																					
CO-ADD:0287579	C1(=O)Oc(c(cc(c2OC(=O)Nc3ccccc3)Cl)S1)c2	Russian Academy of Science (Russia)	A2097/0088167		CO-ADD:PC0379	32	32	32	32	32	32	32	32	32																																					
CO-ADD:0236248	C1(C#N)(C#N)[C@H](c2ccccc2)[C@H](N3[C@]1([H])C=Cc(c3ccc4[N+](=O)[O-])c4)C(c5ccccc5)=O	Russian Academy of Science (Russia)	A1169/0054392		CO-ADD:PC0261	3.4	32	32	32	32	32	32	32	32																																					
CO-ADD:0285804	c1(ccc(C=O)o1)c2cccc(Cl)c2C	Russian Academy of Science (Russia)	A2052/0086269		CO-ADD:PC0370	32	32	32	32	32	32	32	32	32																																					
CO-ADD:0243995	C1C[C@](C)(C([C@H](O)CC(\\C(=C(\\C(O)=O)/CC\\C=C(/C)\\C)\\[C@@H](OC(C)=O)C2)[C@]23C)[C@]3(C)CC4)C4[C@H](C)[C@@H]1O	Yantai University (China)	1		CO-ADD:PC0297	32	32	32		32	32	32	32	32																																					
CO-ADD:0237168	CC[C@@H]([C@H](C)O)N1N=CN(C1=O)c2ccc(cc2)N3CCN(CC3)c4ccc(OC[C@@H]5CO[C@](Cn6cncn6)(C5)c7ccc(F)cc7F)cc4	MMV (CH) - Pathogen Box	MMV688774		CO-ADD:PL0022										10	10	10	1.25	10	0.1563	10	10	10																												
CO-ADD:0237431	CCCCCCCCCCCCCCCCOP(=O)([O-])OCC[N+](C)(C)C	MMV (CH) - Pathogen Box	MMV688990		CO-ADD:PL0022										10	10	10	10	10	10	10	10	10																												
CO-ADD:0237071	CC(C)(C)C(O)C(Oc1ccc(cc1)c2ccccc2)n3cncn3	MMV (CH) - Pathogen Box	MMV688942		CO-ADD:PL0022										10	10	10	1.25	10	5	10	10	10																												
CO-ADD:0284448	N1(c2ccc(cc2Br)Br)C(=O)CC(N(CC3C)CC(O3)C)C1=O	Russian Academy of Science (Russia)	A2022/0084863		CO-ADD:PC0369	32	32	32	32	32	32	16	16	32																																					
CO-ADD:0237136	CO\\C=C(\\C(=O)OC)/c1ccccc1Oc2cc(Oc3ccccc3C#N)ncn2	MMV (CH) - Pathogen Box	MMV021057		CO-ADD:PL0022										10	10	10	10	10	0.625	10	10	10																												
CO-ADD:0237325	NC(=N)Nc1ccc(cc1Cl)c2oc(cc2)c3ccc(N=C(N)N)c(Cl)c3.Cl.Cl	MMV (CH) - Pathogen Box	MMV688271		CO-ADD:PL0022										10	10	10	10	10	10	10	10	10																												
CO-ADD:0237360	C[C@H]1COc2c(N3CCN(C)CC3)c(F)cc4C(=O)C(=CN1c24)C(=O)O	MMV (CH) - Pathogen Box	MMV687798		CO-ADD:PL0022										0.625	2.5	2.5	10		10	0.625	10	10																												
CO-ADD:0237413	COc1cccc(c1)n2nnnc2S(=O)(=O)C	MMV (CH) - Pathogen Box	MMV272144		CO-ADD:PL0022										10	10	10	10	10	10	10	2.96	10																												
CO-ADD:0237018	NCC(C)(C)C(O)C(NCCC(NCCCCCCC)=O)=O	Stellenbosch University (South Africa)	LB_N7_10		CO-ADD:PC0265	32	32	32	32	32	32	32	32	32																																					
CO-ADD:0237419	C1CCC(CC1)Nc2cc(nc(n2)c3ccccn3)C4CC4	MMV (CH) - Pathogen Box	MMV021013		CO-ADD:PL0022										10	10	10	10	10	10	10	10	10																												
CO-ADD:0287720	N1(Cc2ccccc2)\\C(=N/c(cc3)ccc3Cl)\\SC(C(=O)N(CC4)CCN4c(cc5)ccc5[N+](=O)[O-])CC1=O	Russian Academy of Science (Russia)	A2126/0089220		CO-ADD:PC0379	32	32	32	32	32	32	32	32	32																																					
CO-ADD:0290299	C1(NC(=O)C(C(=O)c(cc2F)c(N34)c(c2N(CC5)CCN5C)OCN3C)=C4)=C(C)N(N(c6ccccc6)C1=O)C	Russian Academy of Science (Russia)	A2107/0088543		CO-ADD:PC0393	32	32	32	32	16	32	32	32	32																																					
CO-ADD:0287702	[N+](=O)([O-])c(cc1)ccc1N(CCCC2C(=O)N(CC)CC)C2	Russian Academy of Science (Russia)	A2125/0089195		CO-ADD:PC0379	32	32	32	32	32	32	32	32	5.977																																					
CO-ADD:0244003	C1C[C@](C)(C([C@H](O)CC(\\C(=C(\\C(=O)O\\C(=N\\C2CCCCC2)\\NC3CCCCC3)/CC\\C=C(/C)\\C)\\[C@@H](OC(=O)C)C4)[C@]45C)[C@]5(C)CC6)C6[C@H](C)[C@@H]1O	Yantai University (China)	9		CO-ADD:PC0297	19.9	32	32	32	32	32	32	32	32																																					
CO-ADD:0287744	c1(O)c(Cl)cc(c(cccn2)c12)CN3CCCC3	Russian Academy of Science (Russia)	A2126/0089257		CO-ADD:PC0379	6.177	32	32	16	32	32	8	16	32																																					
CO-ADD:0221320	N1(c2ccc(cc2)OC)C(=O)CC(N(CC3)CCN3c4cccc(Cl)c4)C1=O	Russian Academy of Science (Russia)	A0703/0032822		CO-ADD:PC0237	32	32	32	32	32	32	32	32																																						
CO-ADD:0164410	CC(=O)Oc1ccccc1C(=O)Nc1ncc(s1)[N+]([O-])=O	NIH (USA) - Clinical Collection	SAM001246708	Nitazoxanide	CO-ADD:PL0013										10	10	10	10	10	10	10	10																													
CO-ADD:0287879	N1(CNc(cccc2C(F)(F)F)c2)c3c(OC1=S)ccc(Cl)c3	Russian Academy of Science (Russia)	A2130/0089438		CO-ADD:PC0379	32	32	32	32	32	32	32	32	32																																					
CO-ADD:0287824	C12(c3c(NC1=O)cccc3)C(C#N)=C(N)Oc4c2c(C)[nH]n4	Russian Academy of Science (Russia)	A2128/0089351		CO-ADD:PC0379	32	32	32	32	32	32	32	32	32																																					
CO-ADD:0287751	S(=O)(=O)(c(cccc1C(=O)Oc2cccc(cccn3)c23)c1)N4CCCCCC4	Russian Academy of Science (Russia)	A2127/0089265		CO-ADD:PC0379	32	32	32	8	32	32	4	2	0.2751																																					
CO-ADD:0288024	C(/S\\C(\\N1C2CCCCC2)=C(/C(C)=NN3c(cc4)ccc4S(O)(=O)=O)\\C3=O)(\\C1=O)=C(/Sc(c56)cccc5)\\N6C	Russian Academy of Science (Russia)	A2135/0089630		CO-ADD:PC0379	32	32	32	32	32	32	16	32	32																																					
CO-ADD:0135986	O1C(=S)N([H])c(cc(c2ccccc2)c3)c1c3	NIH/NCI (USA) - Diversity Set V	0093817:01		CO-ADD:PL0011										10	10	10	10	10	10	10	10																													
CO-ADD:0135745	c1(O)c2c(ccc1C)ccc(C#N)c2	NIH/NCI (USA) - Diversity Set V	0128068:01		CO-ADD:PL0011										10	10	10	10	10	10	10	10																													
CO-ADD:0288021	c(C(OC)=O)(sc(c12)cc(cc1[N+](=O)[O-])[N+](=O)[O-])c2N	Russian Academy of Science (Russia)	A2134/0089627		CO-ADD:PC0379	32	32	32	32	32	32	32	32	32																																					
CO-ADD:0288022	c1(cc(cc(SCC(OC)=O)c1NC(OC)=O)[N+](=O)[O-])[N+](=O)[O-]	Russian Academy of Science (Russia)	A2135/0089628		CO-ADD:PC0379	32	32	32	32	32	32	32	32																																						
CO-ADD:0287884	C(=N\\c(cc1)ccc1F)(/SC(C(=O)N(CC2)CCN2c(cc3)ccc3[N+](=O)[O-])CC4=O)\\N4CCc5ccccc5	Russian Academy of Science (Russia)	A2130/0089449		CO-ADD:PC0379	32	32	32	32	32	32	32	32	32																																					
CO-ADD:0288019	S(=O)(=O)(CC(OC)=O)c1cc(cc([N+](=O)[O-])c1C#N)[N+](=O)[O-]	Russian Academy of Science (Russia)	A2134/0089624		CO-ADD:PC0379	0.3339	32	32	8	32	32	32	32	32																																					
CO-ADD:0287834	N1(c2ccc(cc2)OCC(O)=O)C(=O)c3c(c4C1=O)c(ccc3)ccc4	Russian Academy of Science (Russia)	A2129/0089365		CO-ADD:PC0379	32	32	32	32	32	32	32	32	32																																					
CO-ADD:0136670	c1ccn(c(N=O)c(c2cc([N+](=O)[O-])ccc2)n3)c3n1	NIH/NCI (USA) - Diversity Set V	0369066:01		CO-ADD:PL0011										10	10	10	2.5	10	0.625	0.3125	10																													
CO-ADD:0136807	C1CCC(=NN(c2ccccc2)N(C(OC)=O)N3C(=O)OC)C3C1	NIH/NCI (USA) - Diversity Set V	0345850:01		CO-ADD:PL0011										10	10	10	10	10	10	10	10																													
CO-ADD:0244006	C1C[C@](C)(C([C@H](O)CC(\\C(=C(\\C(=O)OCc2ccccc2)/CC\\C=C(/C)\\C)\\[C@@H](OC(C)=O)C3)[C@]34C)[C@]4(C)CC5)C5[C@H](C)[C@@H]1OC(CCCCCN)=O	Yantai University (China)	12		CO-ADD:PC0297	8.27	32	32	16	32	32	32	16	14.7																																					
CO-ADD:0286721	C1(SCC(=O)N1c2cccc(Cl)c2)(c3c(N4CN(CC5)CCN5c(cc6)ccc6[N+](=O)[O-])cccc3)C4=O	Russian Academy of Science (Russia)	A2082/0087535		CO-ADD:PC0374	32	32	32	32	32	32	32	32	32																																					
CO-ADD:0286684	N1(c2cccc(c2)C(O)=O)C(=O)C(C3C1=O)C(c4ccccc4)(C(C35c6ccccc6)=O)C(=C5c7ccc(cc7)C)c8ccc(cc8)C	Russian Academy of Science (Russia)	A2081/0087494		CO-ADD:PC0374	24.32	32	32	32	32	32	32	32	32																																					
CO-ADD:0286688	c1(c(O)ccc2\\C=N\\NC(=O)c3ccc(cc3)F)c2cccn1	Russian Academy of Science (Russia)	A2081/0087498		CO-ADD:PC0374	32	32	32	32	32	32	2	1	32																																					
CO-ADD:0286689	c1(c(O)ccc2\\C=N\\NC(=O)Cc3cccc(cccc4)c34)c2cccn1	Russian Academy of Science (Russia)	A2081/0087499		CO-ADD:PC0374	32	32	32	32	32	32	32	32	32																																					
CO-ADD:0286690	c1(c(O)ccc2\\C=N\\NC(Cc3ccccc3)=O)c2cccn1	Russian Academy of Science (Russia)	A2081/0087500		CO-ADD:PC0374	32	32	32	32	32	32	16	8	32																																					
CO-ADD:0286691	c1(c(O)ccc2\\C=N\\NC(CCc3ccccc3)=O)c2cccn1	Russian Academy of Science (Russia)	A2081/0087501		CO-ADD:PC0374	32	32	32	32	32	32	16	32	5.453																																					
CO-ADD:0286163	N(c1ccc(c(Cl)c1)Cl)(C(c2ccccc2)=NN3c4ccccc4)C3c5ccccc5OCc(cc6)ccc6Cl	Russian Academy of Science (Russia)	A2058/0086555		CO-ADD:PC0374	8.652	32	32	1	32	32	32	16	32																																					
CO-ADD:0286164	N(c1ccccc1)(C(c2ccccc2)=NN3c4ccccc4)C3c5ccccc5OCc(cc6)ccc6Cl	Russian Academy of Science (Russia)	A2058/0086556		CO-ADD:PC0374	6.477	32	32	1	32	32	32	16	32																																					
CO-ADD:0286854	c1(NC2CCCCCCC2)sc(c(ccc3[N+](=O)[O-])n1)c3	Russian Academy of Science (Russia)	A2102/0088310		CO-ADD:PC0374	3.026	32	32	16	32	32	2	2	32																																					
CO-ADD:0286078	N1(C(CCCCCCCCC)=O)c2c([C@]([H])(CN(C)CC3)[C@]13[H])cc(C)cc2.Cl	Russian Academy of Science (Russia)	A2055/0086416		CO-ADD:PC0374	16.2	32	32	32	32	32	32	16	7.667																																					
CO-ADD:0286079	C12(O)C(=NNC(=S)N1)c(c3N2C(CC)=O)cc(cc3)C	Russian Academy of Science (Russia)	A2055/0086418		CO-ADD:PC0374	32	32	32	32	32	32	32	32	27.6																																					
CO-ADD:0286083	N1(c2ccccc2)C(=O)CC(N(C)CCc3ccccn3)C1=O	Russian Academy of Science (Russia)	A2055/0086422		CO-ADD:PC0374	32	32	32	32	32	32	16	8	32																																					
CO-ADD:0286084	N1(c2ccc(cc2)Br)C(=O)CC(N3CCCCC3C)C1=O	Russian Academy of Science (Russia)	A2055/0086423		CO-ADD:PC0374	32	32	32	32	32	32	8	4	32																																					
CO-ADD:0286085	N1(c2ccc(cc2Br)Br)C(=O)CC(N3CC(C)CC(C)C3)C1=O	Russian Academy of Science (Russia)	A2055/0086424		CO-ADD:PC0374	32	32	32	32	32	32	4		10.71																																					
CO-ADD:0286101	C1(C2OC(C=C2)C1C(O)=O)C(=O)Nc(cc3)ccc3C(OCCCC)=O	Russian Academy of Science (Russia)	A2056/0086453		CO-ADD:PC0374	32	32	32	32	32	32		32	32																																					
CO-ADD:0286816	N(c1ccccc1C#N)(C(=O)C(C23)C(C=C4)OC24CO)C3=O	Russian Academy of Science (Russia)	A2036/0085543		CO-ADD:PC0374	32	32	32	32	32	32	32	32	32																																					
CO-ADD:0286862	N1(CN(CC2C)CC(O2)C)c(cccc3)c3\\C(=N\\c(ccc(c45)cccc4)c5)\\C1=O	Russian Academy of Science (Russia)	A2102/0088319		CO-ADD:PC0374	32	32	32	32	32	32	32	32	32																																					
CO-ADD:0286076	c1(c2ccc(cc2)NC(=O)\\C(=C\\c3ccccc3)\\NC(c4ccccc4)=O)sc5c(ccc(C)c5)n1	Russian Academy of Science (Russia)	A2055/0086412		CO-ADD:PC0374	32	32	32	32	32	32	32	32	32																																					
CO-ADD:0286122	[N+](=O)([O-])c(c(C)c1)cc(c1N2CCCCCC2)F	Russian Academy of Science (Russia)	A2056/0086481		CO-ADD:PC0374	32	32	32	32	32	32	32	32	32																																					
CO-ADD:0286582	C1(C)(C(=O)NNc2ccccc2)CC1(Br)Br	Russian Academy of Science (Russia)	A2031/0085318		CO-ADD:PC0374	32	32	32	32	32	32	32	32	32																																					
CO-ADD:0218953	C(=O)(Oc(cc1)ccc1\\C=N\\c(cc2)ccc2C(OCC)=O)c3cccc(cccc4)c34	Russian Academy of Science (Russia)	A0626/0029036		CO-ADD:PC0233	32	32	32	32	32	32	32	32																																						
CO-ADD:0157993	N#CC1=C(SC(N)=C(C#N)C1C(C=C2)=CC=C2OC)N	Russian Academy of Science (Russia)	A0259/0011728		CO-ADD:PC0179	32	32	32	32	32	32	32	2																																						
CO-ADD:0217539	n1c2c(oc1c3cccc(c3)\\N=C\\c(cc(I)cc4I)c4O)cccc2C	Russian Academy of Science (Russia)	A0582/0026867		CO-ADD:PC0225	32	32	32	32	32	32	32	32																																						
CO-ADD:0157982	O=S(OC1=C(Br)C(C)=C(C(S2)=C1Br)OC2=O)(C3=CC=CC=C3)=O	Russian Academy of Science (Russia)	A0259/0011705		CO-ADD:PC0179	32	32	32	32	32	32	32	32																																						
CO-ADD:0286486	N1(c(cc2)ccc2C(OCC)=O)C(=O)CC(N(CC3)CCC3C(OCC)=O)C1=O	Russian Academy of Science (Russia)	A2078/0087357		CO-ADD:PC0374	32	32	32	32	32	32	32	8	32																																					
CO-ADD:0286489	N1(c(cc2)ccc2C(OCC)=O)C(=O)C(CC1=O)SC[C@]([H])(N)C(OCC)=O.Cl	Russian Academy of Science (Russia)	A2078/0087360		CO-ADD:PC0374	32	32	32	32	32	32	32	32	32																																					
CO-ADD:0286490	N1(c2ccc(cc2)OC)C(=O)CC(N(C)CCc(ccc(c3OC)OC)c3)C1=O	Russian Academy of Science (Russia)	A2078/0087362		CO-ADD:PC0374	32	32	32	32	32	32	32	8	32																																					
CO-ADD:0286500	c1([nH]nc2N=NN(CC)CC)c2c(cc(C)n1)C	Russian Academy of Science (Russia)	A2078/0087376		CO-ADD:PC0374	17.64	32	32	4	16	32	1	1	32																																					
CO-ADD:0286501	c1([nH]nc2N=NN3CCCCC3)c2c(cc(C)n1)C	Russian Academy of Science (Russia)	A2078/0087377		CO-ADD:PC0374	32	32	32	32	32	32	2	2	32																																					
CO-ADD:0155669	O=C(N/N=C/C1=CC=C(C=C1)C(OC)=O)C2OC(C=CC=C3)=C3OC2	Russian Academy of Science (Russia)	A0109/0004744		CO-ADD:PC0168	32	32	32	32	32	32	32	32																																						
CO-ADD:0155046	[O-][N+](C1=C(NN=C(C(C)=O)C(C)=O)C([N+]([O-])=O)=NN1)=O	Russian Academy of Science (Russia)	A0069/0002910		CO-ADD:PC0168	32	32	32	32	32	32	32	32																																						
CO-ADD:0163035	c1(ccc(c2c1O)cccn2)C(c3ccccc3)Nc4ccccn4	Russian Academy of Science (Russia)	A0385/0017701		CO-ADD:PC0200	32	32	32	32	32	32	8	4																																						
CO-ADD:0162106	S(=O)(=O)(c(cccc1C(=O)Oc2cccc(cccn3)c23)c1)N(CC4)CCO4	Russian Academy of Science (Russia)	A0380/0017458		CO-ADD:PC0199	26.7	32	32	32	32	32	4	4	32												32	16	32	16	4	0.5	2																			
CO-ADD:0236088	c1(S2)c(cc(c(OC(=O)NC3CCCCC3)c1Br)Cl)OC2=O	Russian Academy of Science (Russia)	A1164/0054268		CO-ADD:PC0261	18	32	32	32	32	32	32	32	32																																					
CO-ADD:0166385	c1(O)c(cccc1\\C=N\\NC(CCCc(ccc(c2C)OC)c2)=O)O	Russian Academy of Science (Russia)	A0499/0023172		CO-ADD:PC0217	32									32	32	32	32	32	32	32																														
CO-ADD:0236079	c(c1)(c(cc(Cl)c1[N+](=O)[O-])Nc2ccccc2\\N=C\\c(c(O)ccc3[N+](=O)[O-])c3)[N+](=O)[O-]	Russian Academy of Science (Russia)	A1163/0054254		CO-ADD:PC0261	20.8	32	32	8	32	32	32	32	32																																					
CO-ADD:0286279	c1(O)c(Br)cc(c(cccn2)c12)CN(CC3)CCO3	Russian Academy of Science (Russia)	A2085/0087666		CO-ADD:PC0374	16.81	32	32	32	32	32	16	8	32																																					
CO-ADD:0286969	C(=C/c(cc1)ccc1OC(c2ccccc2)=O)(/C3=O)\\C(c4ccccc4)=NO3	Russian Academy of Science (Russia)	A2038/0085625		CO-ADD:PC0374	32	32	32	32	32	32	32	32	32																																					
CO-ADD:0286980	c1(C(=O)N(CC2)CCO2)c(cc(cc1[N+](=O)[O-])[N+](=O)[O-])[N+](=O)[O-]	Russian Academy of Science (Russia)	A2112/0088701		CO-ADD:PC0374	2.438	32	32	8	32	32	32	32	32																																					
CO-ADD:0286919	N(/OC(c1ccccc1)=O)=C(/C)\\c2cccs2	Russian Academy of Science (Russia)	A2104/0088391		CO-ADD:PC0374	32	32	32	32	32	32	32	32	32																																					
CO-ADD:0286920	c1([N+](=O)[O-])nnn(C\\C(\\C)=N\\NC(=O)c2c(cccc2F)F)n1	Russian Academy of Science (Russia)	A2104/0088392		CO-ADD:PC0374	18.79	8	32	32	32	32	32	32	32																																					
CO-ADD:0286921	C(=O)(O\\N=C(/C)\\c1cccs1)c2ccco2	Russian Academy of Science (Russia)	A2104/0088393		CO-ADD:PC0374	32	32	32	32	32	32	32	32	32																																					
CO-ADD:0286954	C1(SC\\C(\\CS2)=N/NC(=O)c3ccccc3O)=C2SC(=O)S1	Russian Academy of Science (Russia)	A2037/0085606		CO-ADD:PC0374	32	32	32	32	32	32	8	16	32																																					
CO-ADD:0286955	C12=C(SC\\C(=N\\NC(N)=S)\\CS1)SC(=O)S2	Russian Academy of Science (Russia)	A2037/0085607		CO-ADD:PC0374	32	32	32	32	32	32	32	32	32																																					
CO-ADD:0286168	N1(c2ccc(cc2)OC)C(c3cccc(c3)OCc(cc4)ccc4Cl)N(N=C1C(C)=O)c5ccccc5	Russian Academy of Science (Russia)	A2058/0086560		CO-ADD:PC0374	32	32	32	8	32	32	32	32	32												32	8	16					16	32	32																
CO-ADD:0286169	N1(c2ccccc2)C(c3ccc(c(OC)c3)OCc(cc4)ccc4Cl)N(N=C1C(C)=O)c5ccccc5	Russian Academy of Science (Russia)	A2058/0086561		CO-ADD:PC0374	32	32	32	8	32	32	32	32	29.51												32	16	16					16	32	32																
CO-ADD:0286170	N1(c2ccc(c(Cl)c2)Cl)C(c3ccccc3OCc4c(cccc4Cl)Cl)N(N=C1C(C)=O)c5ccccc5	Russian Academy of Science (Russia)	A2058/0086562		CO-ADD:PC0374	20.64	32	32	8	32	32	32	32	32												16	8	8					16	32	32																
CO-ADD:0286171	N1(c2ccc(cc2)Cl)C(c3ccccc3OCc(cc4)ccc4Cl)N(N=C1C(C)=O)c5ccccc5	Russian Academy of Science (Russia)	A2058/0086563		CO-ADD:PC0374	32	32	32	8	32	32	32	32	12.49												32	16	8					8	32	32																
CO-ADD:0286172	N1(c2ccc(c(Cl)c2)Cl)C(c3ccccc3OCc4c(cccc4Cl)Cl)N(N=C1C(C)=O)c5ccc(cc5)Cl	Russian Academy of Science (Russia)	A2058/0086564		CO-ADD:PC0374	32	32	32	8	32	32	32	32	17.86												32	16	8					32	32	32																
CO-ADD:0286878	C1(=S)NC(NN1c2ccc(cc2)C)(CC)CC	Russian Academy of Science (Russia)	A2103/0088337		CO-ADD:PC0374	32	16	32	32	32	32	32	32	32																																					
CO-ADD:0286880	C1(=S)NC2(NN1c3ccc(cc3)C)CCC(CC2)C	Russian Academy of Science (Russia)	A2103/0088339		CO-ADD:PC0374	32	32	32	32	32	32	32	32	32																																					
CO-ADD:0286884	c1(SCC(=O)Nc2ccccc2)sc3c(ccc(c3)NC(CSC(=S)N4CCCC4)=O)n1	Russian Academy of Science (Russia)	A2103/0088345		CO-ADD:PC0374	32	32	32	32	32	32	8	8	32																																					
CO-ADD:0286300	C(SC\\C(\\CS1)=N\\NC(c(cc2)ccn2)=O)(SC(S3)=O)=C13	Russian Academy of Science (Russia)	A2086/0087705		CO-ADD:PC0374	32	32	32	16	32	32	16	16	32																																					
CO-ADD:0233108	n1c(N)c(N)cc(N)c1N.Cl.Cl.Cl	Russian Academy of Science (Russia)	A1066/0050008		CO-ADD:PC0254	32	32	32	32	32	32	32	4	32																																					
CO-ADD:0232850	[N+](=O)([O-])c1ccc(cc1NCCOc2ccccc2C)N(CC3)CCN3C	Russian Academy of Science (Russia)	A1051/0049284		CO-ADD:PC0254	12	32	32	32	32	32	32	32	32																																					
CO-ADD:0218263	c1(c2ccco2)[nH]c(c3n1)cccc3	Russian Academy of Science (Russia)	A0601/0027824		CO-ADD:PC0228	32	32	32	32	32	32	32	32																																						
CO-ADD:0216936	[N+](=O)([O-])c1cc(ccc1OC(=O)c2cccc(cccc3)c23)\\C=N\\c4ccc(cc4C)C	Russian Academy of Science (Russia)	A0557/0025754		CO-ADD:PC0225	32	32	32	32	32	32	32	32																																						
CO-ADD:0217487	c(\\C=N\\c1ccc(cc1N)C)(c(C)c2Cl)c(O)c(c2C)Br	Russian Academy of Science (Russia)	A0580/0026793		CO-ADD:PC0225	32	32	32	32	32	32	32	16																																						
CO-ADD:0221508	N1(c2ccccc2)C(=O)c3c(cc(cc3)Oc(cc4)ccc4N)C1=O	Russian Academy of Science (Russia)	A0713/0033303		CO-ADD:PC0237	32	32	32	32	32	32	32	32																																						
CO-ADD:0221811	S(NCCSCCCCCCCCCCCCCCCCCC)(=O)(=O)c1ccc(cc1)Cl	Russian Academy of Science (Russia)	A0727/0033898		CO-ADD:PC0237	32	32	32	32	32	32	32	32																																						
CO-ADD:0221065	c1(Br)c(Br)c(\\C=N\\NC(COc2ccc(cc2OC)Br)=O)cc(O)c1O	Russian Academy of Science (Russia)	A0686/0031985		CO-ADD:PC0237	6.43	32	32	32	32	32	32	32																																						
CO-ADD:0221499	C12c(cccc3)c3C(C(C(O)=O)C1C(=O)N(CC)CC)c(cccc4)c24.Cl.Cl	Russian Academy of Science (Russia)	A0713/0033287		CO-ADD:PC0237	32	32	32	32	32	32	32	32																																						
CO-ADD:0234068	s1c(N)nnc1c(cccc2[N+](=O)[O-])c2	Russian Academy of Science (Russia)	A1029/0048195		CO-ADD:PC0259	32	32	32	32	32	32	32	32	32																																					
CO-ADD:0155375	O=C(S/1)N(CN2CCOCC2)C(C1=C([H])\\C(C(Cl)=C3)=CC=C3Cl)=O	Russian Academy of Science (Russia)	A0074/0003030		CO-ADD:PC0168	32	32	32	32	32	32	32	32																																						
CO-ADD:0158640	O=C(O)C1=CC(Br)=CC=C1NC(COC2=CC(C=CC=C3)=C3C=C2)=O	Russian Academy of Science (Russia)	A0304/0013888		CO-ADD:PC0179	32	32	32	32	32	32	32	32																																						
CO-ADD:0237023	OCC(C)(C)[C@@H](O)C(NCCC(N(C)CCC1=CC=CC=C1)=O)=O	Stellenbosch University (South Africa)	LB_PE_04		CO-ADD:PC0265	32	32	32	32	32	32	32	32	32																																					
CO-ADD:0231820	c1(Br)c(Br)c(\\C=N\\NC(COc2c(OC)cc(cc2Br)Br)=O)cc(O)c1O	Russian Academy of Science (Russia)	A0991/0046340		CO-ADD:PC0249	4.61	32	32	32	32	32	32	32	32																																					
CO-ADD:0217442	C(=N\\NC(COc1c(OC)cc(cc1Br)Br)=O)(/c(cccc2C)c2N3)\\C3=O	Russian Academy of Science (Russia)	A0578/0026701		CO-ADD:PC0225	32	32	32	32	32	32	32	32																																						
CO-ADD:0215207	c1(N(CC2)CCO2)nc(N\\N=C\\c(ccc(c3Br)OC)c3)nc(Nc4cc(C)ccc4C)n1	Russian Academy of Science (Russia)	A0525/0024334		CO-ADD:PC0221	32	32	32	32	32	32	32	32																																						
CO-ADD:0221785	c1(N2)c(cc(c(Cl)c1Br)Cl)OC2=O	Russian Academy of Science (Russia)	A0726/0033838		CO-ADD:PC0237	32	32	32	8	32	32	32	32													32	16	16					32	32	32																
CO-ADD:0221063	n1c2c([nH]c1c3ccc(cc3)\\N=C\\c(ccc(c4OC)O)c4)ccc(N)c2	Russian Academy of Science (Russia)	A0686/0031982		CO-ADD:PC0237	6.19	32	32	32	32	32	32	32																																						
CO-ADD:0221150	S1(=O)(=O)c2c(C(N3CCCCC3)=N1)ccc(c2)[N+](=O)[O-]	Russian Academy of Science (Russia)	A0691/0032203		CO-ADD:PC0237	32	32	32	16	32	32	32	32													32	32	32					32	32	32																
CO-ADD:0222377	[N+](=O)([O-])c1cc(ccc1Cl)\\C=N\\c(cc2)c(OC)cc2c3ccc(c(OC)c3)\\N=C\\c(ccc(c4[N+](=O)[O-])Cl)c4	Russian Academy of Science (Russia)	A0739/0034475		CO-ADD:PC0238	4.82	32	32	32	32	32	32	32																																						
CO-ADD:0219745	C(CSCc(cc1)ccc1Cl)(=O)N\\N=C\\c2ccccc2Cl	Russian Academy of Science (Russia)	A0650/0030227		CO-ADD:PC0233	5.9	32	32	32	32	32	32	32																																						
CO-ADD:0227091	C12(c3c(NC1=O)ccc(Cl)c3)C(C#N)=C(N)OC(C)=C2C(OCC)=O	Russian Academy of Science (Russia)	A0843/0039534		CO-ADD:PC0244	32	32	32	32	32	32	32	32	32																																					
CO-ADD:0161469	N1C(=O)\\C(\\SC1=O)=C/c2cccc(OC)c2	Russian Academy of Science (Russia)	A0401/0018472		CO-ADD:PC0197	32	32	32	32	32	32	32	32																																						
CO-ADD:0159942	O=C1OC(C2=CC=CC=C2C)=N/C1=C\\C(C=C3)=CC=C3C	Russian Academy of Science (Russia)	A0320/0014643		CO-ADD:PC0186	32	32	32	32	32	32	32	32																																						
CO-ADD:0221547	N1(CCCOC)C(=O)c(c2)c(c(c3)C1=O)c(cc2[N+](=O)[O-])cc3[N+](=O)[O-]	Russian Academy of Science (Russia)	A0716/0033441		CO-ADD:PC0237	22.6	32	32	32	32	32	32	32																																						
CO-ADD:0216995	[N+](=O)([O-])c1cc(ccc1OC(=O)c2ccc(cc2)OC)\\C=N\\c3ccccc3OC	Russian Academy of Science (Russia)	A0559/0025839		CO-ADD:PC0225	32	32	32	32	32	32	32	16																																						
CO-ADD:0166621	c1(ccccc1OCc2cccc(Br)c2)C(=O)N\\N=C\\c(ccc(c34)OCO3)c4	Russian Academy of Science (Russia)	A0507/0023547		CO-ADD:PC0217	32									32	32	32	32	32	32	32																														
CO-ADD:0217708	C(CSCc1cccc(Cl)c1)(=O)N\\N=C\\c(cc2)ccc2OCc(cc3)ccc3Cl	Russian Academy of Science (Russia)	A0569/0026250		CO-ADD:PC0225	32	32	32	32	32	32	32	32																																						
CO-ADD:0215143	s1c(C(C)C)nnc1NC(CCl)=O	Russian Academy of Science (Russia)	A0523/0024215		CO-ADD:PC0221	7.88	32	32	32	32	32	32	1	32												32	32	32	32	32	32	16																			
CO-ADD:0166658	C(C(OCC)=O)(=C(C)OC(=C1C#N)N)C1c2ccc(cc2)SC	Russian Academy of Science (Russia)	A0508/0023604		CO-ADD:PC0217	29.9									32	32	32	32	32	32	32																														
CO-ADD:0160656	C(N=C1CCCC1)(C2=CC=C3)=CC=CC2=C3N=C4CCCC4	Russian Academy of Science (Russia)	A0358/0016530		CO-ADD:PC0186	16.3	32	32	32	32	32	32	32																																						
CO-ADD:0161488	c12c(non1)NC(=O)C(Nc(ccc(c3C)C)c3)=N2	Russian Academy of Science (Russia)	A0402/0018512		CO-ADD:PC0197	32	32	32	32	32	32	32	32																																						
CO-ADD:0154892	[O-][N+](C1=C(OC2=CC=CC=C2)C([N+]([O-])=O)=C(OC3=CC=CC=C3)C([N+]([O-])=O)=C1)=O	Russian Academy of Science (Russia)	A0026/0001237		CO-ADD:PC0168	32	32	32	32	32	32	32	32																																						
CO-ADD:0155150	O=C1C(C(NCC/N=C/C(C=CC=C2)=C2O)=O)=C(O)C(C=CC=C3)=C3O1	Russian Academy of Science (Russia)	A0046/0001923		CO-ADD:PC0168	32	32	32	32	32	32	32	32																																						
CO-ADD:0244005	C1C[C@](C)(C([C@H](O)CC(\\C(=C(\\C(=O)O\\C(=N\\CCCN(C)C)\\NCC)/CC\\C=C(/C)\\C)\\[C@@H](OC(C)=O)C2)[C@]23C)[C@]3(C)CC4)C4[C@H](C)[C@@H]1O	Yantai University (China)	11		CO-ADD:PC0297	15.4	32	32	8	32	32	32	32	32																																					
CO-ADD:0222801	c1(ccccc1NC(COc(cc2)ccc2C)=O)C(N)=O	Russian Academy of Science (Russia)	A0779/0036444		CO-ADD:PC0238	32	32	32	32	32	32	32	32																																						
CO-ADD:0237021	OCC(C)(C)[C@@H](O)C(NCC(C)C(NCCC1=CC=CC=C1)=O)=O	Stellenbosch University (South Africa)	LB_PE_02		CO-ADD:PC0265	32	32	32	32	32	32	32	32	32																																					
CO-ADD:0222252	c1(c(Br)cc(cc1\\C=N\\NC(CNC(=O)c2ccccc2Br)=O)Br)OC(=O)c3cccc(F)c3	Russian Academy of Science (Russia)	A0735/0034315		CO-ADD:PC0238	24.1	32	32	32	32	32	32	32																																						
CO-ADD:0221008	C(COc1ccc(cc1OC)Br)(=O)N\\N=C\\c(cc2)ccc2OCC=C	Russian Academy of Science (Russia)	A0685/0031914		CO-ADD:PC0237	0.255	32	32	32	32	32	32	32																																						
CO-ADD:0220228	c1(C)c(Br)cc(cc1Br)NCC(=O)N\\N=C\\c2ccc(cc2O)O	Russian Academy of Science (Russia)	A0662/0030811		CO-ADD:PC0236	4.52	32	32	32	32	32	32	32																																						
CO-ADD:0222429	c(Nc1ccccc1)(nc(N\\N=C\\c(ccc(c2OC)OC)c2)nc3Nc4ccccc4)n3	Russian Academy of Science (Russia)	A0740/0034550		CO-ADD:PC0238	10.2	32	32	32	32	32	32	32																																						
CO-ADD:0243835	c(OC)(cc1C(=O)\\C=C\\Nc(cc2)ccc2OC)c(OCO3)c3c1OC	Russian Academy of Science (Russia)	A4633/0198085		CO-ADD:PC0292	32	32	32	32	32	32	32	32	32												32	32	32	32	32	32	32																			
CO-ADD:0137615	O=C(NCCN1CCOCC1)C2=CC(NC(C3=CC(NC(C4=CC=C(/C=C/C5=CC6=C(C=CC=C6)N=C5)C=C4)=O)=CN3C)=O)=CN2CCCC7=CN(CCC8=CC=CC=C8)N=N7.OC(C(F)(F)F)=O	University of Strathclyde (UK)	AIK-29/14		CO-ADD:PC0079	32	32	32	32	32	32	32	16																																						
CO-ADD:0149722	NC1=C(C(N=C2OC)=NN1)C(C3=CC=CC=C3)=C2C#N	IQOG CSIS (Spain)	MC109F2		CO-ADD:PC0146	5.47	32	32	32	32	32	32	32																																						
CO-ADD:0149689	CC(C(C(OCC)=O)=C1C2=CC=CC=C2)=NC(NCCCCC3CCN(CC4=CC=CC=C4)CC3)=C1C#N	IQOG CSIS (Spain)	DSB104		CO-ADD:PC0146	18.8	32	32	32	32	32	32	32																																						
CO-ADD:0137732	O=C(c1n(C)c([N+](=O)[O-])cn1)OC2CCCCC2	University of Queensland (Australia)	MCC_008524:001		CO-ADD:PC0081	32	32	32	32	32	32	32	32																																						
CO-ADD:0137666	c(C(=O)c1ccc(cc1)OC)(sc(c23)nc(cc2c4cccs4)c5cccs5)c3N	Russian Academy of Science (Russia)	A2128/0089320		CO-ADD:PC0076	32	32	32	32	32	32	32	32																																						
CO-ADD:0149810	CC1=C(C(C2=CC=CC=C2)C(C#N)=C(N)O1)C(OC(C)(C)C)=O	IQOG CSIS (Spain)	MA145		CO-ADD:PC0146	32	32	32	32	32	32	32	32																																						
CO-ADD:0149635	ClCC(C=C1)=C2C(N=CC=C2)=C1OC	IQOG CSIS (Spain)	MBA209		CO-ADD:PC0146	32	32	32	32	32	32	32	32																																						
CO-ADD:0237205	CC1=C(C)C(NC(N2N=C(C)C=C2NC(C3=CC=C(S(=O)(N(CC)CC)=O)C=C3)=O)=N1)=O	MMV (CH) - Pathogen Box	MMV595321		CO-ADD:PL0022										10	10	10	10	10	10	10	10	10																												
CO-ADD:0236237	c1(C#N)c(c2ccc(cc2)F)cc(nc1SCCN3CCCCC3)c4ccccc4	Russian Academy of Science (Russia)	A1168/0054379		CO-ADD:PC0261	32	32	32	32	32	32	32	32	32																																					
CO-ADD:0149320	c(c(OC)c1\\C=C\\c(cc2O)ccc2OC)c(OCCO3)c3c1	Russian Academy of Science (Russia)	A4527/0193743		CO-ADD:PC0145	1	32	32	32	32	32	32	32																																						
CO-ADD:0215291	N1(N=CC(=NC1=O)N)C2OC(C(O)C2O)CO	Russian Academy of Science (Russia)	A0528/0024483		CO-ADD:PC0221	20.5	32	32	32	32	32	32	32																																						
CO-ADD:0244264	[N+](=O)([O-])c(cc(cc1[N+](=O)[O-])C(=O)Oc(cc2)ccc2\\C=N\\c(cc3)ccc3Br)c1	Russian Academy of Science (Russia)	A1146/0053606		CO-ADD:PC0301	32	32	32	32	32	32	32	32	32																																					
CO-ADD:0166572	C1(C(C1)CCCC)C(=O)Nc(cc2)ccc2[N+](=O)[O-]	Russian Academy of Science (Russia)	A0505/0023476		CO-ADD:PC0217	9.15									32	32	32	32	32	32	32																														
CO-ADD:0217678	n1c(c2ccccc2)c(cn1c3ccccc3)\\C=N\\NC(=O)c4cccc(Br)c4	Russian Academy of Science (Russia)	A0586/0027088		CO-ADD:PC0225	32	32	32	32	32	32	32	32																																						
CO-ADD:0147076	F[B-](F)(F)F.[Re]1(C#[O+])(C#[O+])([N+]2=CC=CC=C2)([N+](C=CC=3)=c4c3c(nc(cccc5)c5n6)c6c7c4[N+]1=CC=C7)C#[O+]	Lancaster University (UK)	NJC4		CO-ADD:PC0131	6.08	32	32	16	32	32	32	32																																						
CO-ADD:0234826	[N+](=O)([O-])c1ccccc1OCC(=O)N\\N=C\\c(c2)c(ccc2[N+](=O)[O-])OC(=O)c3cccc(Br)c3	Russian Academy of Science (Russia)	A1107/0052020		CO-ADD:PC0259	32	32	32	8	32	32	32	32	32												32	32	32					32	32	32																
CO-ADD:0236490	N(CCN1Cc2ccccc2)(Cc3ccccc3)C1c4ccc(cc4)OCc5ccccc5	Russian Academy of Science (Russia)	A1193/0055002		CO-ADD:PC0261	32	32	32	32	32	32	32	32	32																																					
CO-ADD:0234270	[N+](=O)([O-])c(ccc(c1\\C=N\\NC(CNC(=O)c2ccc(cc2)Cl)=O)O)c1	Russian Academy of Science (Russia)	A1023/0047907		CO-ADD:PC0259	26.7	32	32	4	32	32	32	32	32																																					
CO-ADD:0149363	c(c(OC)ccc1\\C(\\C#N)=C\\c(cc(OC)c(OC)c2OC)c2)c1	Russian Academy of Science (Russia)	A4556/0194896		CO-ADD:PC0145	11.1	32	32	32	32	32	32	32																																						
CO-ADD:0137703	c12c(ccc(O)c1O)C=C(C=C(O)C2=O)C(OC)=O	Russian Academy of Science (Russia)	A4092/0174489		CO-ADD:PC0076	32	32	32	32	32	32	32	32																																						
CO-ADD:0221604	C(C(OC)=O)(=C(C)OC(=C1C#N)N)C1c2cccc(c2)OCc3ccccc3	Russian Academy of Science (Russia)	A0719/0033529		CO-ADD:PC0237	32	32	32	32	32	32	32	32																																						
CO-ADD:0221650	C(=O)(Oc1cccc(C)c1)Nc(cc2)ccc2I	Russian Academy of Science (Russia)	A0721/0033615		CO-ADD:PC0237	32	32	32	32	32	32	32	32																																						
CO-ADD:0162738	S(=O)(=O)(c1ccc(cc1)C)NC(=O)Nc(cc2)c(Cl)cc2[N+](=O)[O-]	Russian Academy of Science (Russia)	A0445/0020517		CO-ADD:PC0199	32	32	32	32	32	32	32	32																																						
CO-ADD:0235410	n([C@@H]1[C@@H](c2ccccc2)CC(=CC1=O)\\C=C\\c3ccccc3)(nnc4[N+](=O)[O-])n4	Russian Academy of Science (Russia)	A1120/0052518		CO-ADD:PC0260	32	32	32	32	32	32	32	32	32																																					
CO-ADD:0223328	S(=O)(=O)(c1ccc(cc1)\\N=C\\c(cc2)ccc2OC)Nc3cc(OC)ncn3	Russian Academy of Science (Russia)	A0771/0036074		CO-ADD:PC0239	32	32	32	32	32	32	32	32	32																																					
CO-ADD:0155825	IC1=CC(I)=CC(/C=N/C2=CC(N=C(C3=CC=CC=C3)N4)=C4C=C2)=C1O	Russian Academy of Science (Russia)	A0123/0005440		CO-ADD:PC0168	20.3	32	32	32	32	32	32	4	32												32	32	32	32	32	2	4																			
CO-ADD:0222523	c1(\\C=N\\NC(CNC(=O)c2ccc(c(OC)c2)OC)=O)c(cc(cc1[N+](=O)[O-])[N+](=O)[O-])[N+](=O)[O-]	Russian Academy of Science (Russia)	A0743/0034675		CO-ADD:PC0238	1.09	32	32	4	32	32	32	32																																						
CO-ADD:0219270	c1(ccccc1NC(=O)c2ccc(cc2)F)C(=O)N\\N=C\\c3ccccc3	Russian Academy of Science (Russia)	A0635/0029453		CO-ADD:PC0233	32	32	32	32	32	32	32	32																																						
CO-ADD:0166030	C(Oc(cccc1C(=O)Nc(cc2)ccc2C)c1)(=S)NC(C)c3ccccc3	Russian Academy of Science (Russia)	A0487/0022556		CO-ADD:PC0217	32									32	32	32	32	32	32	32																														
CO-ADD:0166770	N1(c2ccc(cc2)OCCCC)C(=O)C(CC1=O)SC(N\\N=C\\c(ccc(c3O)O)c3)=N	Russian Academy of Science (Russia)	A0514/0023760		CO-ADD:PC0217	32									32	32	32	32	32	32	32																														
CO-ADD:0166626	C(=O)(N\\N=C\\c1ccccc1OCC#C)C(C)Oc(cc2)ccc2Cl	Russian Academy of Science (Russia)	A0507/0023552		CO-ADD:PC0217	3.56									32	32	32	32	32	32	32																														
CO-ADD:0164873	N[C@@H](C(=O)N[C@H]1[C@H]2SCC(Cl)=C(N2C1=O)C(O)=O)c1ccccc1	NIH (USA) - Clinical Collection	SAM001246884	Cefaclor	CO-ADD:PL0013										10	10	10	10	10	10	10	10																													
CO-ADD:0220367	c1(cc(C)cc(I)c1O)\\C=N\\c(cc2)ccc2C(OCCCC)=O	Russian Academy of Science (Russia)	A0666/0030990		CO-ADD:PC0236	3.1	32	32	32	32	32	32	32																																						
CO-ADD:0164005	O=C(N1N(S(=O)(C2=CC=C([N+]([O-])=O)C=C2)=O)CC(C)C1O)OC(C)(C)C	Biotechnology Research Centre (C.R.B.t) (Algeria)	CRUB 13		CO-ADD:PC0202	6.19	32	32	32	32	32	32	32																																						
CO-ADD:0158441	O=C(C1=CC=C(Br)C=C1)NC2=NC=NN2	Russian Academy of Science (Russia)	A0293/0013357		CO-ADD:PC0179	32	32	32	32	32	32	32	32																																						
CO-ADD:0219770	C(=O)(c1ccc(cc1)Cl)Oc2ccccc2\\C=N\\c(cc3)ccc3\\N=C\\c4ccccc4OC(=O)c5ccc(cc5)Cl	Russian Academy of Science (Russia)	A0651/0030265		CO-ADD:PC0233	32	32	32	32	32	32	32	32																																						
CO-ADD:0220251	C(CNc(cc1)ccc1C)(=O)N\\N=C\\c(ccc(c2Br)OC)c2	Russian Academy of Science (Russia)	A0663/0030838		CO-ADD:PC0236	32	32	32	32	32	32	32	32																																						
CO-ADD:0220708	c1(c2ccc(cc2)Cl)ccc(\\C=N\\NC(COc3ccccc3OC)=O)o1	Russian Academy of Science (Russia)	A0676/0031468		CO-ADD:PC0236	32	32	32	32	32	32	32	32																																						
CO-ADD:0166450	c1(ccccc1F)C(=O)NCc2cccc(cccc3)c23	Russian Academy of Science (Russia)	A0502/0023292		CO-ADD:PC0217	32									32	32	32	32	32	32	32																														
CO-ADD:0166115	c1(O)c(Br)cc(cc1Br)\\C=N\\NC(CNC(=O)c2ccco2)=O	Russian Academy of Science (Russia)	A0489/0022691		CO-ADD:PC0217	32									32	32	32	32	32	32	32																														
CO-ADD:0166751	N1(NC(=O)c(cccc2[N+](=O)[O-])c2)C(=O)c3c(c(c4)C1=O)c(ccc3)c(c4[N+](=O)[O-])Br	Russian Academy of Science (Russia)	A0513/0023722		CO-ADD:PC0217	32									32	32	32	32	32	32	32																														
CO-ADD:0166695	c1(C#N)c(c2cccs2)cc(nc1SCc(cc3)ccc3C(C)(C)C)c4cccs4	Russian Academy of Science (Russia)	A0510/0023644		CO-ADD:PC0217	32									32	32	32	32	32	32	32																														
CO-ADD:0166392	C(CSCc1ccccc1Cl)(=O)N\\N=C\\c2ccccc2OCc3ccccc3	Russian Academy of Science (Russia)	A0499/0023181		CO-ADD:PC0217	32									32	32	32	32	32	32	32																														
CO-ADD:0165945	c1(c2c(cccc2)ccc1OC(=O)c3ccc(cc3)Br)\\C=N\\c4ccccc4C	Russian Academy of Science (Russia)	A0485/0022501		CO-ADD:PC0217	32									32	32	32	32	32	32	32																														
CO-ADD:0166245	[N+](=O)([O-])c1c(Cl)ccc(c1)C(=O)Nc(ccc(c2C(F)(F)F)Cl)c2	Russian Academy of Science (Russia)	A0493/0022890		CO-ADD:PC0217	2.08									32	32	32	32	32	32	32																														
CO-ADD:0220551	c1(\\C=N\\NC(CNc(cc2)ccc2C)=O)cc(I)ccc1O	Russian Academy of Science (Russia)	A0671/0031248		CO-ADD:PC0236	5.94	32	32	32	32	32	32	32																																						
CO-ADD:0164383	CCCCCCCCCOc1ccc2[nH]cc(CCN)c2c1.Cl	NIH (USA) - Clinical Collection	SAM001247103	5-Nonyloxytryptamine hydrochloride	CO-ADD:PL0013										10	10	10	10	10	10	10	4.05																													
CO-ADD:0164935	COc1cc2nc(nc(N)c2cc1OC)N1CCN(CC1)C(=O)c1ccco1.O.Cl	NIH (USA) - Clinical Collection	SAM001246995	Prazosin hydrochloride hydrate	CO-ADD:PL0013										10	10	10	10	10	10	10	10																													
CO-ADD:0220047	c(cc1OC(C)=O)(OC(=O)C=C2C)c2cc1OC(C)=O	Russian Academy of Science (Russia)	A0656/0030522		CO-ADD:PC0236	12.6	32	32	32	32	32	32	32																																						
CO-ADD:0215622	S(=O)(=O)(c(cccc1[N+](=O)[O-])c1)Oc2ccc(c3c2\\C=N\\NC(=O)c4ccc(cc4)C)cccc3	Russian Academy of Science (Russia)	A0544/0025122		CO-ADD:PC0221	32	32	32	32	32	32	32	32																																						
CO-ADD:0157667	S=C(NC1=O)NC(C1=CC2=CC=CC(Br)=C2)=O	Russian Academy of Science (Russia)	A0237/0010660		CO-ADD:PC0179	32	32	32	32	32	32	32	32																																						
CO-ADD:0157162	O=C(N/N=C(C)/CC(NC1=C(C)C(Cl)=CC=C1)=O)C(NC2CCCCC2)=O	Russian Academy of Science (Russia)	A0196/0008699		CO-ADD:PC0179	32	32	32	32	32	32	32	32																																						
CO-ADD:0234224	n1c2c(oc1c3cccc(c3)\\N=C\\c(cccc4[N+](=O)[O-])c4O)cccc2C	Russian Academy of Science (Russia)	A1022/0047847		CO-ADD:PC0259	32	32	32	16	32	32	32	32	32																																					
CO-ADD:0233609	c1(\\C=N\\Cc2ccccc2)cc(Br)ccc1O	Russian Academy of Science (Russia)	A1088/0051110		CO-ADD:PC0254	32	32	32	32	32	32	32	32	32																																					
CO-ADD:0215570	C(=O)(c1ccc(cc1)OC)Oc2cc(ccc2\\C=N\\c(cc3)ccc3OCC)OC(=O)c4ccc(cc4)OC	Russian Academy of Science (Russia)	A0543/0025047		CO-ADD:PC0221	32	32	32	32	32	32	32	32																																						
CO-ADD:0217967	C(=N\\c(cccn1)c1)(/c2c(N3)ccc(Br)c2)\\C3=O	Russian Academy of Science (Russia)	A0587/0027123		CO-ADD:PC0228	32	32	32	32	32	32	32	32																																						
CO-ADD:0166107	c1(O)c(I)cc(cc1I)\\C=N\\NC(CNC(=O)c2ccc(cc2)Cl)=O	Russian Academy of Science (Russia)	A0489/0022679		CO-ADD:PC0217	32									32	32	32	32	32	32	32																														
CO-ADD:0166067	c1(O)c(C)c(O)cc(C)c1\\C=N\\NC(=O)Cc2cccc(cccc3)c23	Russian Academy of Science (Russia)	A0488/0022621		CO-ADD:PC0217	32									32	32	32	32	32	32	32																														
CO-ADD:0162736	[N+](=O)([O-])c(ccc(c1C(=O)N\\N=C\\c(cc(Cl)cc2Cl)c2OC)O)c1	Russian Academy of Science (Russia)	A0445/0020514		CO-ADD:PC0199	32	32	32	32	32	32	32	32																																						
CO-ADD:0163374	[N+](=O)([O-])c1cccc(\\C=N\\NC(COc2ccc(cc2Br)OC)=O)c1O	Russian Academy of Science (Russia)	A0462/0021345		CO-ADD:PC0200	32	32	32	32	32	32	32	32																																						
CO-ADD:0233457	c(cc(Br)cc1Cl)(\\C=N\\c2ccccc2)c1O	Russian Academy of Science (Russia)	A1016/0047569		CO-ADD:PC0254	28.4	32	32	32	32	32	8	4	32																																					
CO-ADD:0233688	[P+](c1ccccc1)(c2ccccc2)(c3ccccc3)Cc(cc4)ccc4N.[I-]	Russian Academy of Science (Russia)	A1028/0048140		CO-ADD:PC0254	32	32	32	32	32	32	32	32	32																																					
CO-ADD:0221851	C(C#N)(C(c1ccccc1I)C2C(OCC)=O)=C(SCC(OCC)=O)NC2=O	Russian Academy of Science (Russia)	A0729/0033982		CO-ADD:PC0237	32	32	32	32	32	32	32	32																																						
CO-ADD:0222549	N(=C\\c(cc(Cl)cc1Br)c1O)/c2c(C)cccc2O	Russian Academy of Science (Russia)	A0743/0034707		CO-ADD:PC0238	32	32	32	32	32	32	16	16																																						
CO-ADD:0163510	c1(c2ccc(cc2)I)ccc(\\C=N\\NC(CNC(=O)c3ccccc3Br)=O)o1	Russian Academy of Science (Russia)	A0462/0021369		CO-ADD:PC0200	32	32	32	32	32	32	32	32																																						
CO-ADD:0219147	[N+](=O)([O-])c1cccc(C(CCNc(cc2)ccc2Cc(cc3)ccn3)=O)c1	Russian Academy of Science (Russia)	A0631/0029260		CO-ADD:PC0233	16.7	32	32	32	32	32	32	8																																						
CO-ADD:0219440	C(=O)(N\\N=C\\c(ccc(c1OC)OCC=C)c1)C(=O)Nc2cccc(Br)c2	Russian Academy of Science (Russia)	A0641/0029746		CO-ADD:PC0233	32	32	32	32	32	32	32	32																																						
CO-ADD:0222432	c(Nc1ccccc1)(nc(N\\N=C\\c2c(cccc2Cl)Cl)nc3Nc4ccccc4)n3	Russian Academy of Science (Russia)	A0740/0034554		CO-ADD:PC0238	32	32	32	32	32	32	32	32																																						
CO-ADD:0215805	c1(cc(ccc1O)Cc(ccc(c2\\C=N\\c3cccc(O)c3)O)c2)\\C=N\\c4cccc(O)c4	Russian Academy of Science (Russia)	A0552/0025519		CO-ADD:PC0221	9.16	32	32	32	32	32	16	0.5																																						
CO-ADD:0166759	N1(Cc2ccccc2)C(=O)CC(SC(=N)N\\N=C(/C)\\c3ccccc3)C1=O	Russian Academy of Science (Russia)	A0513/0023744		CO-ADD:PC0217	32									32	32	32	32	32	32	32																														
CO-ADD:0157844	O=C1/C(N=C(C2=CC=CC(Cl)=C2)O1)=C/C(C)=C/C3=CC=CC=C3	Russian Academy of Science (Russia)	A0248/0011186		CO-ADD:PC0179	32	32	32	32	32	32	32	32																																						
CO-ADD:0158039	O=C(N/N=C/C=C(O)/C(C=C1)=CC=C1Cl)C2=CC=C(OC)C=C2	Russian Academy of Science (Russia)	A0262/0011880		CO-ADD:PC0179	32	32	32	32	32	32	32	32																																						
CO-ADD:0158390	[O-][N+](C1=C(O)C(/C=N/C2=CC(OC)=CC=C2)=CC=C1)=O	Russian Academy of Science (Russia)	A0291/0013245		CO-ADD:PC0179	32	32	32	32	32	32	32	8	32												32	32	32	32	1	16	16																			
CO-ADD:0162283	[N+](=O)([O-])c1cccc(\\C=N\\NC(COc(cc2)ccc2C(C)(C)CC(C)(C)C)=O)c1O	Russian Academy of Science (Russia)	A0423/0019569		CO-ADD:PC0199	32	32	32	32	32	32	32	32																																						
CO-ADD:0166630	N(/CCc1ccccc1)=C\\c(cc2)ccc2O	Russian Academy of Science (Russia)	A0507/0023558		CO-ADD:PC0217	32									32	32	32	32	32	32	32																														
CO-ADD:0215380	n1c(ccc(C#N)c1SCC(=O)Nc2cccc(C)c2)c3cccs3	Russian Academy of Science (Russia)	A0532/0024589		CO-ADD:PC0221	32	32	32	32	32	32	32	32																																						
CO-ADD:0162280	N(\\C(=C/c(ccc(c12)cccc1)c2)\\C(O3)=O)=C3c(cc4)ccc4[N+](=O)[O-]	Russian Academy of Science (Russia)	A0423/0019565		CO-ADD:PC0199	32	32	32	32	32	32	32	32																																						
CO-ADD:0156319	O=S(N1CCOCC1)(C2=CC=C(C(C(OC3=C4N=CC=CC4=CC=C3)=O)=C2)Cl)=O	Russian Academy of Science (Russia)	A0165/0007409		CO-ADD:PC0168	16.1	32	32	16	32	32	1	2	32												16	8	16	32	2		0.5																			
CO-ADD:0222015	C(=C\\c(cccc1NC(=O)\\C=C\\c2ccccc2)c1)/C(c3ccccc3)=O	Russian Academy of Science (Russia)	A0746/0034838		CO-ADD:PC0238	3.07	32	32	32	32	32	32	32																																						
CO-ADD:0221941	N1(Nc2ccc(cc2C)C)C(=O)c(cc3)c(c(ccc4[N+](=O)[O-])C1=O)c4c3[N+](=O)[O-]	Russian Academy of Science (Russia)	A0715/0033386		CO-ADD:PC0238	0.574	32	32	32	32	32	32	32																																						
CO-ADD:0220661	c1(\\C=N\\NC(COc(ccc(c23)cccc2)c3)=O)c(Br)cc(c(O)c1Br)Br	Russian Academy of Science (Russia)	A0674/0031397		CO-ADD:PC0236	32	32	32	32	32	32	32	32																																						
CO-ADD:0219258	C(C)(=O)Nc(cc1)ccc1Oc2cccc(Oc(cc3)ccc3NC(C)=O)c2	Russian Academy of Science (Russia)	A0634/0029438		CO-ADD:PC0233	32	32	32	32	32	32	32	32																																						
CO-ADD:0219201	n(c(c1ccc(cc1)C)[nH]c2c3ccc(c4c3)cccc4)c2c5ccccc5	Russian Academy of Science (Russia)	A0632/0029346		CO-ADD:PC0233	32	32	32	32	32	32	32	32																																						
CO-ADD:0157640	N#CSCC(NC1=C(C(OCC)=O)C(CCCC2)=C2S1)=O	Russian Academy of Science (Russia)	A0235/0010609		CO-ADD:PC0179	32	32	32	32	32	32	32	32																																						
CO-ADD:0155604	O=C(C1=CC(C)=CC=C1)NC2=CC=C(C=C2)C(NCCCCCCCCCCC)=O	Russian Academy of Science (Russia)	A0093/0003980		CO-ADD:PC0168	12.5	32	32	32	32	32	32	32																																						
CO-ADD:0156206	[O-][N+](C1=CC=CC(/C=N/C2=CC=C(C(C=C3)=C2)N=C3C)=C1O)=O	Russian Academy of Science (Russia)	A0158/0007075		CO-ADD:PC0168	32	32	32	32	32	32	32	32																																						
CO-ADD:0155481	S=C(S/1)N(CNC2=CC=C(F)C=C2)C(C1=C\\C(C(Cl)=CC=C3)=C3Cl)=O	Russian Academy of Science (Russia)	A0104/0004493		CO-ADD:PC0168	32	32	32	32	32	32	32	32																																						
CO-ADD:0163428	C1(COc(c2O1)cccc2)C(=O)N\\N=C\\c(ccc3c4ccc(cc4)I)o3	Russian Academy of Science (Russia)	A0463/0021424		CO-ADD:PC0200	32	32	32	32	32	32	32	32																																						
CO-ADD:0166566	[N+](=O)([O-])c(ccc(c1\\C=N\\c(ccc(c23)c4c(cccc4)o2)c3)O)c1	Russian Academy of Science (Russia)	A0505/0023466		CO-ADD:PC0217	32									32	32	32	32	32	32	32																														
CO-ADD:0164460	OCC1OC(CC1O)n1cc(F)c(=O)[nH]c1=O	NIH (USA) - Clinical Collection	SAM002589947	Floxuridine	CO-ADD:PL0013										10	10	5	10	10	10		2.37																													
CO-ADD:0234442	c1(C#N)c2c(sc1\\N=C\\c3ccc(I)s3)CC(C)CC2	Russian Academy of Science (Russia)	A1097/0051537		CO-ADD:PC0259	32	32	32	32	32	32	4	2	32																																					
CO-ADD:0220122	[n+]([O-])(c(cccc1)c12)c(CO)c([n+]2[O-])CO	Russian Academy of Science (Russia)	A0659/0030667		CO-ADD:PC0236	32	32	32	32	32	32	32	32																																						
CO-ADD:0220799	c1(ccccc1NC(c2ccccc2)=O)C(OCCCCCCCCCCC)=O	Russian Academy of Science (Russia)	A0678/0031589		CO-ADD:PC0236	0.489	32	32	32	32	32	32	32																																						
CO-ADD:0221998	S(=O)(=O)(Nc(cc1)ccc1I)c2c(C)ccc(c2)C(=O)Nc(cc3)ccc3I	Russian Academy of Science (Russia)	A0745/0034814		CO-ADD:PC0238	29.4	32	32	32	32	32	32	32																																						
CO-ADD:0220561	c1(O)c(OC)cc(cc1OC)\\C=N\\NC(COc2ccc(cc2Cl)Cl)=O	Russian Academy of Science (Russia)	A0672/0031261		CO-ADD:PC0236	32	32	32	32	32	32	32	32																																						
CO-ADD:0221912	N1(c2cccc(Cl)c2)C(=O)\\C(\\C(C)=N1)=C\\NNC(=O)c3ccc(cc3)O	Russian Academy of Science (Russia)	A0714/0033336		CO-ADD:PC0238	3.7	32	32	32	32	32	32	32																																						
CO-ADD:0248694	ClC(C=C1)=CC=C1C2=NN=C3C=NC=C(OCCC4=CC=CC=C4)N32	University of Sydney (Australia)	MMV663915		CO-ADD:PC0325	21.7	32	32	32	32	32	0.5	32	32																																					
CO-ADD:0231969	N1(CNc2cccc(F)c2)C(=O)\\C(\\SC1=S)=C/c(cc3)ccc3C(C)C	Russian Academy of Science (Russia)	A1009/0047211		CO-ADD:PC0250	32	32	32	32	32	32	32	32	32																																					
CO-ADD:0303637	C1(=S)NC(NN1c2ccc(cc2)C)(CCC)CC	Russian Academy of Science (Russia)	A2475/0105147		CO-ADD:PC0429	32	8	32	32	32	32	32	32	32																																					
CO-ADD:0303638	C1(=S)NC(NN1c2ccc(cc2)Cl)(CCC)CC	Russian Academy of Science (Russia)	A2475/0105148		CO-ADD:PC0429	32	4	32	32	32	32	32	32	32																																					
CO-ADD:0303639	N1C(CC)(c2ccc(cc2)Cl)NN(c3ccccc3)C1=S	Russian Academy of Science (Russia)	A2475/0105149		CO-ADD:PC0429	32	32	32	32	32	32	16	8	32																																					
CO-ADD:0303643	c1(C(CSC#N)=O)ccc(C)o1	Russian Academy of Science (Russia)	A2475/0105160		CO-ADD:PC0429	32	32	32	32	32	32	8	16	32																																					
CO-ADD:0303653	C(=C/c1c(O)ccc(cccc2)c12)(/C(=O)N(C)C(N3C)=O)\\C3=O	Russian Academy of Science (Russia)	A2476/0105171		CO-ADD:PC0429	32	32	32	32	32	32	32	32	32																																					
CO-ADD:0303708	c1(sc(c2n1)cccc2)\\C(\\C#N)=C\\c(ccc(c3[N+](=O)[O-])O)c3	Russian Academy of Science (Russia)	A2477/0105250		CO-ADD:PC0429	32	32	32	8	32	32	32	32	32																																					
CO-ADD:0303722	N1C(CC)(c2ccccc2)NN(c3ccc(cc3)Cl)C1=S	Russian Academy of Science (Russia)	A2478/0105266		CO-ADD:PC0429	32	16	32	32	32	32	32	32	32																																					
CO-ADD:0303823	[N+](=O)([O-])c1ccc(cc1NCCOc2ccccc2C)N(CC3)CCN3	Russian Academy of Science (Russia)	A2480/0105400		CO-ADD:PC0429	8.534	32	32	16	32	32	32	32	32																																					
CO-ADD:0303610	c1(cc(oc1C)C)C(=O)Nc(cc2)ccc2N(C)C	Russian Academy of Science (Russia)	A2475/0105116		CO-ADD:PC0429	32	32	32	16	32	32	32	32	32												32	16	8					16	32																	
CO-ADD:0303657	C1(C)(c2ccco2)NN(C(=S)N1)c3ccccc3	Russian Academy of Science (Russia)	A2476/0105177		CO-ADD:PC0429	32	32	32	32	32	32	32	32	32																																					
CO-ADD:0137039	c1c(C(C)C)cc(CCC(C(CN)(C)CCC2)C23C)c3c1.c4(C(O)=O)ccccc4	NIH/NCI (USA) - Diversity Set V	0065238:01		CO-ADD:PL0011										10	10	10	10	10	10	10	8.299																													
CO-ADD:0304235	N1(CCC(=O)N1)c2ccc(cc2)Br	Russian Academy of Science (Russia)	A2492/0105954		CO-ADD:PC0429	32	32	32	32	32	32	32	32	32											32											32			32	32	32										
CO-ADD:0304267	N1(c(cc2)ccc2N(C)C)C(c3cc(Cl)cc(Cl)c3OCc4ccccc4)N(N=C1C(C)=O)c5ccccc5	Russian Academy of Science (Russia)	A2493/0106013		CO-ADD:PC0429	32	32	32	32	32	32	32	32	32																																					
CO-ADD:0304269	N1(c2ccc(cc2)OCC)C(c3ccc(c(OC)c3)OCc4ccc(cc4Cl)Cl)N(N=C1C(C)=O)c5ccc(cc5)C	Russian Academy of Science (Russia)	A2493/0106017		CO-ADD:PC0429	32	2	2	2	32	32	32	32	32																																					
CO-ADD:0304272	N1(c2ccc(c(C)c2)C)C(c3ccc(cc3)C)N(N=C1C(C)=O)c4ccc(cc4)OC	Russian Academy of Science (Russia)	A2493/0106023		CO-ADD:PC0429	32	32	32	8	32	32	32	32	32																																					
CO-ADD:0304276	N1(C2CCCCC2)C(N(N=C1C(C)=O)c3ccc(cc3)C)c4c5c([nH]c4)cccc5	Russian Academy of Science (Russia)	A2493/0106033		CO-ADD:PC0429	23.26	32	32	32	32	32	32	32	32																																					
CO-ADD:0304278	N1(N=CC(=C(Cl)C1=O)Cl)C23CC4CC(CC(C4)C2)C3	Russian Academy of Science (Russia)	A2493/0106036		CO-ADD:PC0429	1.895	32	32	32	32	32	32	32	32																																					
CO-ADD:0304283	n(c(ccc(c12)cccc1)c23)c(c(cc4)ccc4N(C)C)c(c35)CCC5.Cl.Cl	Russian Academy of Science (Russia)	A2493/0106042		CO-ADD:PC0429	32	32	32	32	32	32	32	32	32																																					
CO-ADD:0304302	c1(cnn2CN3CCCOC3)c2cc(cc1[N+](=O)[O-])[N+](=O)[O-]	Russian Academy of Science (Russia)	A2494/0106070		CO-ADD:PC0429	32	32	32	8	32	32	32	32	32																																					
CO-ADD:0161274	C(C(OCC)=O)(C(c1ccccc1)C(S2)C(c3ccccc3)=O)=C2N	Russian Academy of Science (Russia)	A0369/0017017		CO-ADD:PC0197	32	32	32	32	32	32	32	16																																						
CO-ADD:0220671	N1(CNc2ccccc2C)C(=O)\\C(\\SC1=O)=C\\c3cccc(Cl)c3	Russian Academy of Science (Russia)	A0675/0031414		CO-ADD:PC0236	32	32	32	32	32	32	16	32																32	32	8	32					32	32													
CO-ADD:0304134	O=Cc(cc1)ccc1OCc2cccc(Cl)c2	Russian Academy of Science (Russia)	A2487/0105733		CO-ADD:PC0429	32	32	32	32	32	32	32	32	32																																					
CO-ADD:0304216	C1(=S)NC(NN1c2ccccc2)(CCCC)CC	Russian Academy of Science (Russia)	A2491/0105921		CO-ADD:PC0429	32	16	32	32	32	32	32	16	32																																					
CO-ADD:0304250	c(ccc1[N+](=O)[O-])(o1)C2N(CCCN2Cc3ccccc3)Cc4ccccc4	Russian Academy of Science (Russia)	A2492/0105979		CO-ADD:PC0429	32	16	32	32	32	32	32	32	32																																					
CO-ADD:0166746	N1(c2ccc(cc2)O)C(=O)c3c(c(c4)C1=O)c(ccc3)c(c4[N+](=O)[O-])Br	Russian Academy of Science (Russia)	A0513/0023713		CO-ADD:PC0217	32									32	32	32	32	32	32	32																														
CO-ADD:0215217	N1\\C(=N\\N=C\\c2ccccc2Cl)\\S\\C(=C/c(ccc(c3OC)O)c3)\\C1=O	Russian Academy of Science (Russia)	A0526/0024347		CO-ADD:PC0221	32	32	32	32	32	32	32	32																																						
CO-ADD:0215521	[N+](=O)([O-])c(ccc(c1\\C=N\\NC(=O)C(=O)Nc2cc(C)ccc2C)O)c1	Russian Academy of Science (Russia)	A0538/0024807		CO-ADD:PC0221	32	32	32	32	32	32	32	32																																						
CO-ADD:0221608	[N+](=O)([O-])c(cc1)ccc1C(=O)N\\N=C(/C)\\CC(=O)Nc2ccc(cc2F)F	Russian Academy of Science (Russia)	A0719/0033540		CO-ADD:PC0237	32	32	32	32	32	32	32	32																																						
CO-ADD:0217926	c1(SCCN2CCCCC2)[nH]c3c(ccc(OCCCCCCCCCCCC)c3)n1.Cl.Cl	Russian Academy of Science (Russia)	A0600/0027748		CO-ADD:PC0228	1	32	32	32	32	32	32	8																																						
CO-ADD:0148967	C1(C(c2ccc(c(O)c2)O)C3=C(O)c4c(cccc4)OC3=O)=C(O)c5c(cccc5)OC1=O	Russian Academy of Science (Russia)	A3033/0127983		CO-ADD:PC0145	32	32	32	32	32	32	32	32																																						
CO-ADD:0157070	[O-][N+](C1=NN2C=CC=NC2=C1[N+]([O-])=O)=O	Russian Academy of Science (Russia)	A0185/0008222		CO-ADD:PC0179	1.6	32	32	32	32	32	16	2																																						
CO-ADD:0158185	N#CC1=C(N)OC(CCl)=C(C(OCC)=O)C1C2=CC=CC(F)=C2	Russian Academy of Science (Russia)	A0278/0012643		CO-ADD:PC0179	32	32	32	32	32	32	32	32																																						
CO-ADD:0305465	S(=O)(=O)(N(C)C)c(cc(c(c1[N+](=O)[O-])C)[N+](=O)[O-])c1	Russian Academy of Science (Russia)	A2545/0108314		CO-ADD:PC0432	32	32	32	32	32	32	32	32	32											32																										
CO-ADD:0305472	c1(CCl)cc(Cl)ccc1OCC(O)=O	Russian Academy of Science (Russia)	A2545/0108323		CO-ADD:PC0432	32	32	32	32	32	32	32	32	32											32																										
CO-ADD:0228007	[N+](=O)([O-])c1ccc(cc1)\\N=C\\c(cc2)ccc2C#Cc3ccccc3	Russian Academy of Science (Russia)	A0881/0041317		CO-ADD:PC0244	12.4	32	32	32	32	32	32	32	32																																					
CO-ADD:0137566	CC(C)C1=C(C(NCCCN(C)C)=O)N=C(NC(C2=CC(NC(C3=CN=C(/C=C/C4=CC=C(OC)C=C4)C=C3)=O)=CN2C)=O)S1.OC(C(F)(F)F)=O.OC(C(F)(F)F)=O	University of Strathclyde (UK)	FS-4/82		CO-ADD:PC0079	2.15	32	32	16	32	32	32	4																																						
CO-ADD:0305439	C(=C/c(cc1)ccc1OCc2ccccc2)(/C3=O)\\C(=O)OC4(CCCC4)O3	Russian Academy of Science (Russia)	A2544/0108270		CO-ADD:PC0432	32	32	32	32	32	32	32	32	32											32																										
CO-ADD:0306026	c1(cc(Cl)cc(Cl)c1O)C2N(CCN2Cc(cc3)ccc3Cl)Cc(cc4)ccc4Cl	Russian Academy of Science (Russia)	A2571/0109593		CO-ADD:PC0432	32	32	32	32	32	32	32	32	32											32																										
CO-ADD:0306029	c1(C(OC)=O)cc(cccc2)c2c(N)c1O	Russian Academy of Science (Russia)	A2571/0109597		CO-ADD:PC0432	32	32	32	32	32	32	32	32	32											32																										
CO-ADD:0306050	O=Cc(cc1)ccc1OCc2cccc(F)c2	Russian Academy of Science (Russia)	A2572/0109634		CO-ADD:PC0432	32	32	32	32	32	32	32	32	32											32																										
CO-ADD:0305560	n1c(c2ccc(cc2)Br)cc(c(cc(Br)cc3Br)c13)C(O)=O	Russian Academy of Science (Russia)	A2547/0108442		CO-ADD:PC0432	32	32	32	32	32	32	32	32	32											32																										
CO-ADD:0305569	N1(c2cccc(C)c2)C(c3ccccc3OCc4ccccc4)N(N=C1C(C)=O)c5ccccc5	Russian Academy of Science (Russia)	A2548/0108458		CO-ADD:PC0432	32	32	32	4	32	32	32	32	32											32																										
CO-ADD:0305570	N1(c2ccc(cc2)C)C(c3cccc(OC)c3OCc4ccccc4Cl)N(N=C1C(C)=O)c5ccc(cc5)C	Russian Academy of Science (Russia)	A2548/0108461		CO-ADD:PC0432	32	32	32	4	32	32	32	32	32											32																										
CO-ADD:0305582	C(c1ccccc1)(=O)Oc2cccc(c2)C=O	Russian Academy of Science (Russia)	A2548/0108483		CO-ADD:PC0432	32	32	32	32	32	32	8	32	32											32																										
CO-ADD:0305592	c([N+](=O)[O-])(c1Cl)c(Cl)nc(Cl)c1C(=O)Nc(cc2)ccc2OC	Russian Academy of Science (Russia)	A2524/0107303		CO-ADD:PC0432	12.97	32	32	32	32	32	32	32	32											32																										
CO-ADD:0305601	S(=O)(=O)(Nc1c(Cl)cc(c(Cl)c1)Cl)c2c(Cl)cc(c(Cl)c2)Cl	Russian Academy of Science (Russia)	A2524/0107317		CO-ADD:PC0432	9.939	32	32	4	32	32	32	32	2.9											32	8	16	8					8	32		16				32		32	32	32							32
CO-ADD:0305604	c(cc(cc1[N+](=O)[O-])[N+](=O)[O-])([N+](=O)[O-])c1NC(=O)OC(C)(C)C#C	Russian Academy of Science (Russia)	A2525/0107323		CO-ADD:PC0432	7.133	32	32	4	32	32	32	32	32											32																										
CO-ADD:0240420	n1(c(c2ccccc2)c(nn1)C(=O)N\\N=C\\c(ccc3[N+](=O)[O-])o3)c4nonc4N	Russian Academy of Science (Russia)	A1234/0056763		CO-ADD:PC0289	1.66	16	32	8	32	32	32	32	32																																					
CO-ADD:0164474	CN(C)[C@H]1[C@@H]2[C@@H](O)[C@H]3C(=C(O)[C@]2(O)C(O)=C(C(N)=O)C1=O)C(=O)c1c(O)cccc1[C@@]3(C)O.Cl	NIH (USA) - Clinical Collection	SAM002554919	Oxytetracycline hydrochloride	CO-ADD:PL0013										10	10	10	10	5	10	1.25	10																													
CO-ADD:0306003	C(/Cl)(\\C(OCC)=O)=N/Nc(cc1)ccc1OC	Russian Academy of Science (Russia)	A2570/0109543		CO-ADD:PC0432	32	32	32	32	32	32	32	32	32											32																										
CO-ADD:0306144	C(C(=O)C(C)(C)C)(C1c(cc2)ccc2[N+](=O)[O-])=C(O)C(N1c3ccc(cc3)C)=O	Russian Academy of Science (Russia)	A2502/0106458		CO-ADD:PC0432	32	32	32	32	32	32	32	32	32											32																										
CO-ADD:0306153	c1(cn[nH]c1C(=O)Nc2ccccc2[N+](=O)[O-])[N+](=O)[O-]	Russian Academy of Science (Russia)	A2503/0106475		CO-ADD:PC0432	32	32	32	32	32	32	32	32	32											32																										
CO-ADD:0306176	c1(noc(c2ccc(cc2Cl)[N+](=O)[O-])n1)c3nonc3N	Russian Academy of Science (Russia)	A2504/0106493		CO-ADD:PC0432	32	32	32	32	32	32	32	32	32											32																										
CO-ADD:0306188	c1(conc1C(=O)c(cc2)ccc2[N+](=O)[O-])C(c3ccccc3)=O	Russian Academy of Science (Russia)	A2505/0106512		CO-ADD:PC0432	32	32	32	16	32	32	8	32	32											32																										
CO-ADD:0306192	c1(conc1C(=O)c2ccc(cc2)Br)C(=O)c3ccc(cc3)Cl	Russian Academy of Science (Russia)	A2505/0106523		CO-ADD:PC0432	17.27	32	32	32	32	32	16	32	32											32																										
CO-ADD:0304583	c(ccc1[N+](=O)[O-])(o1)C2N(CCCN2Cc(cc3)ccc3OC)Cc(cc4)ccc4OC	Russian Academy of Science (Russia)	A2514/0106790		CO-ADD:PC0430	32	32	32	32	32	32		32	32																																					
CO-ADD:0306196	c1(conc1C(=O)c(cc2)ccc2[N+](=O)[O-])C(=O)c3cccs3	Russian Academy of Science (Russia)	A2506/0106535		CO-ADD:PC0432	23.65	32	32	16	32	32	16	32	32											32																										
CO-ADD:0306203	[nH](c(ccc(c1)Cl)c1c2CCN)c2C.Cl	Russian Academy of Science (Russia)	A2506/0106547		CO-ADD:PC0432	23.24	32	32	32	32	32	32	32	32											32																										
CO-ADD:0304493	n1(c2c(nn1)cccc2)C(=O)C(CC)c3ccccc3	Russian Academy of Science (Russia)	A2510/0106639		CO-ADD:PC0430	21.3	32	32	32	32	32	32	32	32																																					
CO-ADD:0304696	c1(NN)nncn1N.Cl	Russian Academy of Science (Russia)	A2532/0107704		CO-ADD:PC0430	32	32	32	32	32	32	32	32	32																																					
CO-ADD:0304697	n1(N)c(C)nnc1NN.Cl.Cl	Russian Academy of Science (Russia)	A2532/0107705		CO-ADD:PC0430	32	32	32	32	32	32	32	32	32																																					
CO-ADD:0304469	n1(c(\\C=C\\c2ccco2)nn3)c3ccc(cccc4)c14	Russian Academy of Science (Russia)	A2509/0106615		CO-ADD:PC0430	15.63	32	32	32	32	32	32	32	32																																					
CO-ADD:0305239	n1(CC(CNCCOc2ccccc2)O)c3c(c(cccc4)c14)cccc3.Cl	Russian Academy of Science (Russia)	A2539/0108022		CO-ADD:PC0430	6.384	32	32	16	32	32	32	32	18.85																																					
CO-ADD:0305358	N(CC1)(CCO1)CCC(=O)c2ccc(cc2)Cl.Cl	Russian Academy of Science (Russia)	A2542/0108190		CO-ADD:PC0430	9.692	32	32	16	32	32	32	16	32																																					
CO-ADD:0305359	N1(CCCCCC1)CCC(=O)c2ccc(cc2)OCCC.Cl	Russian Academy of Science (Russia)	A2542/0108193		CO-ADD:PC0430	8.522	32	32	32	32	32	32	32	32																																					
CO-ADD:0242696	n(c1c([nH]2)ccc(N)c1)c2C	Russian Academy of Science (Russia)	A1346/0060803		CO-ADD:PC0291	32	32	32	32	32	32	16	4	32																																					
CO-ADD:0305190	c(C(OC)=O)(s1)c(O)c(c1C(OC)=O)O	Russian Academy of Science (Russia)	A2537/0107913		CO-ADD:PC0430	32	32	32	32	32	32	8	32	32																																					
CO-ADD:0305086	N1(c2cccc(C)c2)C(=O)NC(\\C(=C\\c3ccccc3OCCOc(cc4)ccc4[N+](=O)[O-])\\C1=O)=O	Russian Academy of Science (Russia)	A2524/0107293		CO-ADD:PC0430	6.131	32	32	16	32	32		32	32																																					
CO-ADD:0305129	C1(OC(C)=O)(C#CI)C(C2)CC(CC2CC13)C3	Russian Academy of Science (Russia)	A2535/0107818		CO-ADD:PC0430	32	32	32	32	32	32	32	32	32																																					
CO-ADD:0256956	c1(ccc(\\C=N\\c(cc2)ccc2F)o1)[N+](=O)[O-]	Russian Academy of Science (Russia)	A1788/0075735		CO-ADD:PC0343	16.3	8	32	16	16	32	32	16	32																																					
CO-ADD:0245555	C(Nc(ccc(c1Cl)Cl)c1)(C(OCC)=O)(NC(CC)=O)C(F)(F)F	Russian Academy of Science (Russia)	A1403/0062683		CO-ADD:PC0306	32	32	32	32	32	32	16	32	32																																					
CO-ADD:0137667	c1(C(NN)=O)nonc1N	Russian Academy of Science (Russia)	A2318/0097772		CO-ADD:PC0076	32	32	32	32	32	32	32	32																																						
CO-ADD:0256292	C1(C(c2ccccc2)=O)=C(c3ccccc3)OC(c4ccc(cc4)Br)=NC1=S	Russian Academy of Science (Russia)	A1796/0076037		CO-ADD:PC0343	32	32	32	32	32	32	32	32	32																																					
CO-ADD:0253334	c1(\\C=N/Nc2nc(C)cc(C)n2)c3c(cccc3)cc(cccc4)c14	Russian Academy of Science (Russia)	A1729/0073533		CO-ADD:PC0338	28	32	32	32	32	32	32	8	32																																					
CO-ADD:0254048	C(=C/c(cc1)ccc1C(C)C)(/C2=O)\\C(c3ccccc3)=NO2	Russian Academy of Science (Russia)	A1735/0073705		CO-ADD:PC0338	32	32	32	32	32	32	32	32	32																												32	32	32	32	32					
CO-ADD:0244279	C(=O)(Oc(cc1)ccc1\\C=N\\c(cc2)ccc2I)c3ccccc3Cl	Russian Academy of Science (Russia)	A1147/0053627		CO-ADD:PC0301	32	32	32	32	32	32	32	32	32																																					
CO-ADD:0241368	N1(c2ccc(cc2C)C)C(=O)CC(N(C)Cc3ccccc3)C1=O.Cl	Russian Academy of Science (Russia)	A1295/0058880		CO-ADD:PC0290	32	32	32	32	32	32	16	4	32																																					
CO-ADD:0303075	C(/c1c(N2CC=C)cccc1)(=C(/C#N)\\c3[nH]c(c4n3)cccc4)\\C2=O	Russian Academy of Science (Russia)	A2263/0095319		CO-ADD:PC0422	32	32	32	32	32	32	32	32	32																																					
CO-ADD:0164454	CON=C(C(=O)NC1C2SCC(COC(C)=O)=C(N2C1=O)C([O-])=O)c1csc(N)n1.[Na+]	NIH (USA) - Clinical Collection	SAM002643511	Cefotaxime sodium	CO-ADD:PL0013										10	10	10	10	0.3125	10	10	10																													
CO-ADD:0164520	Nc1nc(O)ncc1F	NIH (USA) - Clinical Collection	SAM001246753	Flucytosine	CO-ADD:PL0013										10	10	10	0.625	10	0.625	10	10																													
CO-ADD:0164650	CCn1cc(C(=O)O)c(=O)c2cc(F)c(cc12)N3CCN(C)CC3.CS(=O)(=O)O	NIH (USA) - Clinical Collection	SAM001246571	Pefloxacin mesylate	CO-ADD:PL0013										1.25	10	5	10	0.1563	10	1.25	10																													
CO-ADD:0164699	CC(C)\\N=c1/cc2n(-c3ccc(Cl)cc3)c3ccccc3nc2cc1Nc1ccc(Cl)cc1	NIH (USA) - Clinical Collection	SAM001246878	Clofazimine	CO-ADD:PL0013										10	10	10	10	10	10	10	0.31																													
CO-ADD:0254496	C(CS)(=O)Nc(cc1)ccc1OCCCC	Russian Academy of Science (Russia)	A1652/0070525		CO-ADD:PC0340	32	32	32	32	32	32	32	32	32																																					
CO-ADD:0136353	n1(C)c(cccc2)c2c(ccc(c3C4=O)C(C=C4)=O)c13	NIH/NCI (USA) - Diversity Set V	0092937:01		CO-ADD:PL0011										10	10	10	10	10	10	10	10																													
CO-ADD:0293404	N1=C(Nc(nc2C)nc(c23)cc(c(C)c3)C)NC(C)=C(C)C1=O	Russian Academy of Science (Russia)	A2237/0094179		CO-ADD:PC0397	21.15	32	32	32	32	32	32	32	32																																					
CO-ADD:0293406	C(/c(cc(C)cc1)c12)(\\C(=S)C(N2C(C(C)CC)=O)(C)C)=C(/S3)\\SC(=C3C(OC)=O)C(OC)=O	Russian Academy of Science (Russia)	A2237/0094181		CO-ADD:PC0397	32	2	32	32	32	32	32	32	32																																					
CO-ADD:0293407	c1(cc(ccc1N2CCCC(C)C2)[N+](=O)[O-])c([nH]nn3)n3	Russian Academy of Science (Russia)	A2237/0094182		CO-ADD:PC0397	32	32	32	32	32	32	32	32	32																																					
CO-ADD:0302725	N1(c2ccc(cc2)OC(F)(Cl)F)C(=O)CC(N(CC3)CCC3C(N)=O)C1=O	Russian Academy of Science (Russia)	A2260/0095183		CO-ADD:PC0422	32	32	32	32	32	32	8	2	32																																					
CO-ADD:0302745	N1(C2c3cccc(OC)c3)C(S\\C(=C\\c(ccc4N5CCCCC5)o4)\\C1=O)=NC(C)=C2C(=O)Nc6ccccc6	Russian Academy of Science (Russia)	A2454/0104096		CO-ADD:PC0422	32	32	32	32	32	32	8	32	32																																					
CO-ADD:0303958	c1(C(OC)c2cccs2)c3c([nH]c1C)cccc3	Russian Academy of Science (Russia)	A2482/0105468		CO-ADD:PC0429	32	32	32	16	32	32		16	32																																					
CO-ADD:0304024	N1(c2ccccc2)C(CC=N1)C\\C(\\c3ccccc3)=N/Nc4ccccc4	Russian Academy of Science (Russia)	A2483/0105551		CO-ADD:PC0429	32	32	32	32	32	32	32	32	32																																					
CO-ADD:0304364	[n+]1([O-])onc(cc(Cl)c(Cl)c2)c12	Russian Academy of Science (Russia)	A2496/0106178		CO-ADD:PC0429	32	32	32	32	32	32	32	32	32																																					
CO-ADD:0304377	C1(=O)Oc(c(cc(c2OC(=O)Oc3ccccc3)Br)S1)c2	Russian Academy of Science (Russia)	A2497/0106198		CO-ADD:PC0429	32	32	32	32	32	32	32	32	32																																					
CO-ADD:0303092	[N+](=O)([O-])c1c(\\C=N\\NCC(OC)=O)ccc(c1)[N+](=O)[O-]	Russian Academy of Science (Russia)	A2263/0095346		CO-ADD:PC0422	32	32	32	16	32	32	32	32	32																																					
CO-ADD:0137553	CN1C=C(NC(C(C=C2)=CC=C2/C=C/C(C)=O)=O)C=C1C(NC3=CN(C)C(C(NCCN4CCOCC4)=O)=C3)=O.OC(C(F)(F)F)=O	University of Strathclyde (UK)	AIK-30/8		CO-ADD:PC0079	7.01	32	32	32	32	32	32	32																																						
CO-ADD:0137554	CN1C=C(NC(C2=CC=C(/C=C/C3CC3)C=C2)=O)C=C1C(NC4=CN(C)C(C(NCCN5CCOCC5)=O)=C4)=O.OC(C(F)(F)F)=O	University of Strathclyde (UK)	AIK-30/3		CO-ADD:PC0079	32	32	32	32	32	32	32	32																																						
CO-ADD:0293416	N1(c2ccc(cc2)OC(F)(F)F)C(=O)C(CC1=O)SCCN.Cl	Russian Academy of Science (Russia)	A2237/0094194		CO-ADD:PC0397	32	32	32	32	32	32	32	32	32																																					
CO-ADD:0293329	[N+](=O)([O-])c1ccc(cc1Oc(cc2)c(Cl)cc2C(F)(F)F)O	Russian Academy of Science (Russia)	A2230/0093898		CO-ADD:PC0397	31.49	32	32	16	32	32	32	32	32																																					
CO-ADD:0257433	N1(c2ccccc2O)C(=O)c(c(c3)C1=O)ccc3S(=O)(=O)c(cc4)ccc4C(O)=O	Russian Academy of Science (Russia)	A1838/0077392		CO-ADD:PC0344	32	32	32	32	32	32	32	32	32																																					
CO-ADD:0135139	Cc1nc(OCc2ccc(OC(F)(F)F)cc2)c3n(cc([N+](=O)[O-])n3)c1	University of Queensland (Australia)	MCC_008398:001		CO-ADD:PC0057																																														
CO-ADD:0304344	c1(c(ccc(c1)[N+](=O)[O-])Oc2ccc(cc2OC)\\C=N\\Nc3ccc(c4n3)cccc4)[N+](=O)[O-]	Russian Academy of Science (Russia)	A2495/0106126		CO-ADD:PC0429	32	32	32	32	32	32	32	32	32																																					
CO-ADD:0164295	CN1CCN(C2=C(OCC3C)C(N3C=C(C(NC4=CC=C(C(O5)=NNC5=S)C=C4)=O)C6=O)=C6C=C2F)CC1.Cl	University of Mosul (Iraq)	N42		CO-ADD:PC0211	32		0.5				32	32																																						
CO-ADD:0137589	CN1C=C(NC(C2=CC(NC(C3=CC=C(/C=C/C4=CC5=NON=C5C=C4)C=C3)=O)=CN2C)=O)C=C1C(NCCN6CCC(OCCOC)CC6)=O.S(O)(O)(=O)=O	University of Strathclyde (UK)	AIK-28/83		CO-ADD:PC0079	3.84	32	32	32	32	32	32	32																																						
CO-ADD:0136821	[As](O)(O)(=O)c(cc([N+](=O)[O-])c1)c(c2ccccc2)c1	NIH/NCI (USA) - Diversity Set V	0187675:01		CO-ADD:PL0011										10	10	10	10	10	10	10	10																													
CO-ADD:0293373	C1(=COc(c2C1=O)ccc(C)c2)C3SC[C@@H](C(O)=O)N3	Russian Academy of Science (Russia)	A2242/0094435		CO-ADD:PC0397	32	32	32	32	32	32	32	4	32																																					
CO-ADD:0302675	c1(Sc2cc(C#N)c(cc2[N+](=O)[O-])C#N)[nH]c(c3n1)cccc3	Russian Academy of Science (Russia)	A2258/0095102		CO-ADD:PC0422	0.59	32	32	4	32	32	32	32	32																																					
CO-ADD:0293651	c1(Cl)c(Cl)ccc(NN)c1.Cl	Russian Academy of Science (Russia)	A2253/0094891		CO-ADD:PC0397	32	8	32	32	32	32	16	32	32																																					
CO-ADD:0293652	c1(C)c(cccc1NN)Cl.Cl	Russian Academy of Science (Russia)	A2253/0094892		CO-ADD:PC0397	32	32	32	32	32	32	32	32	32																																					
CO-ADD:0293654	N(N)c(cc1)ccc1F.Cl	Russian Academy of Science (Russia)	A2253/0094894		CO-ADD:PC0397	32	8	32	32	32	32	32	32	32																																					
CO-ADD:0293655	c1(ccccc1C)NN.Cl	Russian Academy of Science (Russia)	A2253/0094895		CO-ADD:PC0397	32	32	32	32	32	32	32	32	32																																					
CO-ADD:0137552	CC(C)CCC1=C(C(NCCCN(C)C)=O)N=C(NC(C2=CC(NC(C3=CC(NC(C4=CC=CC=C4)=N)=CN3C)=O)=CN2C)=O)S1.OC(C(F)(F)F)=O.OC(C(F)(F)F)=O	University of Strathclyde (UK)	AIK-30/22/2		CO-ADD:PC0079	32	32	32	32	32	32	32	4																																						
CO-ADD:0301511	c1([N+](=O)[O-])c(C)c(nsn2)c2c(nsn3)c13	Russian Academy of Science (Russia)	A2405/0101905		CO-ADD:PC0417	32	32	32	8	32	32	32	32	32																																					
CO-ADD:0303057	[n+]([O-])(n(C)nc1[N+](=O)[O-])c1NCC=C	Russian Academy of Science (Russia)	A2262/0095284		CO-ADD:PC0422	32	32	32	16	16	32	32	32	32																																					
CO-ADD:0135134	O=[N+]([O-])c1nc2n(ccnc2OCCc3ccc(OC(F)(F)F)cc3)c1	University of Queensland (Australia)	MCC_008393:001		CO-ADD:PC0057																																														
CO-ADD:0136047	n1c2c(C(NC(N2)=O)=O)cc(cc(C)c3C)c1c3	NIH/NCI (USA) - Diversity Set V	0109174:01		CO-ADD:PL0011										10	10	10	10	10	10	10	10																													
CO-ADD:0293375	N1(c2ccc(cc2)OC(F)(F)F)C(=O)CC(N(C)CCc(ccc(c3OC)OC)c3)C1=O	Russian Academy of Science (Russia)	A2236/0094137		CO-ADD:PC0397	32	32	32	32	32	32	8	2	32																																					
CO-ADD:0293382	n12c(nnn1)c(Nc3ccccc3F)nc(non4)c24	Russian Academy of Science (Russia)	A2237/0094149		CO-ADD:PC0397	11.14	32	32	32	32	32	32	32	32																																					
CO-ADD:0301842	c1(NC(CCl)=O)nonc1N=[N+]=[N-]	Russian Academy of Science (Russia)	A2447/0103755		CO-ADD:PC0417	32	32	32	32	32	32	32	32	32																																					
CO-ADD:0243026	c(\\C(\\Cl)=N\\O)(c1OC)c(Cl)c(OC)c(c12)OCO2	Russian Academy of Science (Russia)	A4345/0185343		CO-ADD:PC0292	32	32	32	32	32	32	32	32	32												32	32	32	32	32	32	32																			
CO-ADD:0248084	N1(c2ccc(cc2)Br)C(=O)C(CC1=O)NCC(N)=O	Russian Academy of Science (Russia)	A1454/0064182		CO-ADD:PC0316	32	32	32	32	32	32	32	32	32																																					
CO-ADD:0256808	n1c(c2ccccc2)[nH]c(c3ccccc3)c1c(ccc(c45)c(c6C4=O)cccc6)c5	Russian Academy of Science (Russia)	A1803/0076203		CO-ADD:PC0343	32	32	32	32	32	32	32	32	32																																					
CO-ADD:0257809	n1(N)c(C)nnc1N\\N=C/c2c[nH]nc2c3ccccc3.Cl.Cl	Russian Academy of Science (Russia)	A1817/0076844		CO-ADD:PC0344	32	32	32	32	32	32	32	32	32																																					
CO-ADD:0259021	c1(\\C=N\\c(cc2)ccc2N(CC3)CCO3)c(Sc4ccccc4)cc(cc1[N+](=O)[O-])[N+](=O)[O-]	Russian Academy of Science (Russia)	A1881/0079163		CO-ADD:PC0349	32	32	32	32	32	32	8	2	32																																					
CO-ADD:0302984	C1(=S)NC(NN1c2ccc(cc2)Cl)(C)CCCCC	Russian Academy of Science (Russia)	A2465/0104669		CO-ADD:PC0422	32	16	32	32	32	32	32	32	32											32											32			32			32	32	32	8	32					
CO-ADD:0302986	C1(=S)NC2(NN1c3ccc(cc3)Cl)CCCCCC2	Russian Academy of Science (Russia)	A2466/0104672		CO-ADD:PC0422	32	16	32	32	32	32	32	32	32																																					
CO-ADD:0293310	c1(C#N)c2c(sc1N)CCC2	Russian Academy of Science (Russia)	A2230/0093877		CO-ADD:PC0397	32	32	32	32	32	32	32	32	32																																					
CO-ADD:0293311	c1(ccc(\\C=C\\C(O)=O)o1)[N+](=O)[O-]	Russian Academy of Science (Russia)	A2230/0093878		CO-ADD:PC0397	32	32	32	32	32	32	32	32	32																																					
CO-ADD:0293324	c12c(c(N)ccc1[N+](=O)[O-])non2	Russian Academy of Science (Russia)	A2230/0093893		CO-ADD:PC0397	19.25	32	32	16	32	32	32	32	32																																					
CO-ADD:0301094	N1(c(cc2)ccc2N(CC)CC)C(N(N=C1C(C)=O)c3ccc(cc3)Cl)c4c5c([nH]c4)cccc5	Russian Academy of Science (Russia)	A2398/0101533		CO-ADD:PC0416	32	32	32	32	32	32	32	32	32																																					
CO-ADD:0301098	N1(c(cc2)ccc2N(C)C)C(c3ccccc3OCc4ccccc4)N(N=C1C(C)=O)c5ccc(cc5)C	Russian Academy of Science (Russia)	A2398/0101539		CO-ADD:PC0416	32	32	32	8	32	32	32	32	32																																					
CO-ADD:0301099	N1(c2ccc(c(C)c2)C)C(c3ccccc3OCc4ccccc4)N(N=C1C(C)=O)c5ccccc5	Russian Academy of Science (Russia)	A2398/0101540		CO-ADD:PC0416	32	32	32	32	32	32	32	32	32																																					
CO-ADD:0301100	N1(c2ccc(c(C)c2)C)C(c3cccc(OC)c3OCc4ccccc4)N(N=C1C(C)=O)c5ccccc5	Russian Academy of Science (Russia)	A2398/0101542		CO-ADD:PC0416	32	32	32	32	32	32	32	32	32																																					
CO-ADD:0301101	N1(c2ccccc2)C(c3cccc(OC)c3OCc4ccccc4)N(N=C1C(C)=O)c5ccccc5	Russian Academy of Science (Russia)	A2398/0101543		CO-ADD:PC0416	32	32	32	32	32	32	32	32	32																																					
CO-ADD:0301102	C12(C(C)NCc3c(ccc(cccc4)c34)OCc5ccccc5)CC(CC6C1)CC(C6)C2	Russian Academy of Science (Russia)	A2398/0101545		CO-ADD:PC0416	18.81	32	32	32	32	32	32	16	32																																					
CO-ADD:0301109	N1(c2ccccc2)C(c3cccc(OC)c3OCc4ccccc4Cl)N(N=C1C(C)=O)c5ccccc5	Russian Academy of Science (Russia)	A2398/0101559		CO-ADD:PC0416	32	32	32	32	32	32	32	32	32																																					
CO-ADD:0301114	N1(c(cc2)ccc2N(C)C)C(c3c(ccc(cccc4)c34)OCc(cc5)ccc5Cl)N(N=C1C(C)=O)c6ccc(cc6)C	Russian Academy of Science (Russia)	A2398/0101569		CO-ADD:PC0416	32	32	32	8	32	32	32		32																																					
CO-ADD:0301116	N1(c2ccc(c(Cl)c2)N3CCCCC3)C(N(N=C1C(C)=O)c4ccc(cc4)C)c5c6c([nH]c5)cccc6	Russian Academy of Science (Russia)	A2398/0101576		CO-ADD:PC0416	32	32	32	16	32	32	32	32	32																																					
CO-ADD:0302641	C(Sc(cc1)ccc1NC)#N.Cl	Russian Academy of Science (Russia)	A2433/0103069		CO-ADD:PC0422	20.81	32	32	32	32	32	32	32	32																																					
CO-ADD:0302644	c1(c2c(c34)c(ccc2)ccc3)c4nc(ccc5C(O)=O)c(c5)n1	Russian Academy of Science (Russia)	A2433/0103073		CO-ADD:PC0422	32	32	32	32	32	32	32	32	32																																					
CO-ADD:0302647	C(O)(c1ccccc1)(C(C)C2)CC(N2C)C	Russian Academy of Science (Russia)	A2257/0095058		CO-ADD:PC0422	32	32	32	32	32	32	16	32	32																																					
CO-ADD:0302653	c1(C(=O)Nc2ccccc2O)c(cc(cc1[N+](=O)[O-])[N+](=O)[O-])[N+](=O)[O-]	Russian Academy of Science (Russia)	A2257/0095066		CO-ADD:PC0422	8.095	32	32	16	32	32	32	32	32																																					
CO-ADD:0302655	[N+](=O)([O-])c(cc1)cc(c12)SNC2=O	Russian Academy of Science (Russia)	A2257/0095069		CO-ADD:PC0422	6.302	32	32	8	32	32	8	4	32																																					
CO-ADD:0302658	c1(C(=O)N(CC2)CCO2)c(cc(cc1[N+](=O)[O-])SCc3ccccc3)[N+](=O)[O-]	Russian Academy of Science (Russia)	A2257/0095072		CO-ADD:PC0422	13.93	32	32	32	32	32	32	32	32																																					
CO-ADD:0293648	c1(Cl)cc(Cl)ccc1NN.Cl	Russian Academy of Science (Russia)	A2253/0094888		CO-ADD:PC0397	32	32	32	32	32	32	16	32	32											16											32			32	32	32										
CO-ADD:0293653	c1c(cccc1NN)Cl.Cl	Russian Academy of Science (Russia)	A2253/0094893		CO-ADD:PC0397	32	8	32	32	32	32	16	16	32																																					
CO-ADD:0237249	C(Nc1cccnc1)c2ccc(s2)c3cc4ccncc4cc3OC5CCNCC5.Cl	MMV (CH) - Pathogen Box	MMV023969		CO-ADD:PL0022										10	10	10	10	10	10	10	10	10																												
CO-ADD:0234500	n1(CC(=O)N\\N=C\\c(c2)c(N3CCCCC3)cc(N4CCCCC4)c2[N+](=O)[O-])nnnc1c5ccccc5	Russian Academy of Science (Russia)	A1099/0051634		CO-ADD:PC0259	32	32	32	32	32	32	32	32	32																																					
CO-ADD:0235005	C(=O)(Oc1cccc(c1)\\C=N\\NC(CNC(=O)c2ccco2)=O)c3cccc(F)c3	Russian Academy of Science (Russia)	A1109/0052136		CO-ADD:PC0260	32	32	32	32	32	32	8	32	32																																					
CO-ADD:0244683	C1(N(CC2)CCO2)=CC(C(C)=CC1=O)=O	Russian Academy of Science (Russia)	A1369/0061493		CO-ADD:PC0301	1.05	32	32	16	32	32	32	32	32																																					
CO-ADD:0253066	c1(cc2C)c(cc2[N+](=O)[O-])c3c(cccn3)C1=O	Russian Academy of Science (Russia)	A1572/0068541		CO-ADD:PC0337	32	32	32	32	32	32	32	32	32																																					
CO-ADD:0305749	C1(=Cc(c2OC1c3ccccc3)cccc2OC)[N+](=O)[O-]	Russian Academy of Science (Russia)	A2563/0109230		CO-ADD:PC0432	4.539	32	32	32	32	32	32	32	32											32																										
CO-ADD:0305759	C12(c3c(N(CC(OC)=O)C1=O)cccc3)C(C#N)=C(N)Oc4c2c(C)nn4c5ccccc5	Russian Academy of Science (Russia)	A2564/0109242		CO-ADD:PC0432	32	32	32	32	32	32	32	32	32											32																										
CO-ADD:0302989	c1(cc(Cl)c(c2c1O)cccn2)[N+](=O)[O-]	Russian Academy of Science (Russia)	A2466/0104676		CO-ADD:PC0422	32	4	32	4	4	32	16	32	32																																					
CO-ADD:0301120	C(=N)(NNc1ccccc1)C(N)=O	Russian Academy of Science (Russia)	A2399/0101583		CO-ADD:PC0416	32	4	32	32	32	32	16	8	32											32											32			8			32	32	32	4	32					
CO-ADD:0233680	C(=O)(Nc1cccc(I)c1)\\C=C\\C(O)=O	Russian Academy of Science (Russia)	A1027/0048119		CO-ADD:PC0254	32	32	32	32	32	32	32	32	32																																					
CO-ADD:0305669	C(C(=O)Nc(cc1)ccc1Cl)(=C(C)NC(=C2C#N)SCC(=O)Nc(cc3)ccc3I)C2c4ccccc4	Russian Academy of Science (Russia)	A2527/0107436		CO-ADD:PC0432	32	32	32	32	32	32	32	32	32											32																										
CO-ADD:0305674	C(C(=O)Nc(cc1)ccc1Cl)(=C(C)NC(=C2C#N)SCC(=O)Nc(cc3)ccc3CC)C2c4ccccc4	Russian Academy of Science (Russia)	A2527/0107444		CO-ADD:PC0432	32	32	32	32	32	32	32	32	32											32																										
CO-ADD:0305675	C(C(=O)Nc(cc1)ccc1Cl)(=C(C)NC(=C2C#N)SCC(=O)Nc(cc3)ccc3Cl)C2c4ccccc4	Russian Academy of Science (Russia)	A2527/0107445		CO-ADD:PC0432	32	32	32	32	32	32	32	32	32											32																										
CO-ADD:0305773	[N+]1(C(C)Cc2ccccc2)=NO\\C(=N\\C(=O)Nc(cc3)ccc3Br)\\[CH-]1	Russian Academy of Science (Russia)	A2564/0109261		CO-ADD:PC0432	32	32	32	32	32	32	32	32	32											32																										
CO-ADD:0305780	c1(NC(COc(cc2)ccc2F)=O)sc(c3c1C(OCC)=O)CCCC3	Russian Academy of Science (Russia)	A2564/0109270		CO-ADD:PC0432	32	32	32	32	32	32	16	16	32											32																										
CO-ADD:0306348	N1(C2CCCCC2)C(=O)NC(\\C(=C/c3cccc(O)c3)\\C1=O)=O	Russian Academy of Science (Russia)	A2574/0109783		CO-ADD:PC0432	32	32	32	32	32	32	32	32	32											32																										
CO-ADD:0293292	C12(C)C(C)(C)C(CC1OCC[N+](C)(C)CC(OCCCCCCCCC)=O)CC2.[Cl-]	Russian Academy of Science (Russia)	A2228/0093846		CO-ADD:PC0397	5.614	16	32	1	32	32	4	2	2.754																																					
CO-ADD:0293293	C12(C)C(C)(C)C(CC1OCC[N+](C)(C)CC(OCCC(C)C)=O)CC2.[Cl-]	Russian Academy of Science (Russia)	A2228/0093847		CO-ADD:PC0397	29.01	32	32	16	32	32	32	32	32																																					
CO-ADD:0301039	[n+]1([O-])onc(ccc(c2)[N+](=O)[O-])c12	Russian Academy of Science (Russia)	A2396/0101447		CO-ADD:PC0416	5.508	32	32	32	16	32	4	1	32																																					
CO-ADD:0301042	N(c1ccccc1Br)=Nc(ccc(c2C=O)O)c2	Russian Academy of Science (Russia)	A2396/0101451		CO-ADD:PC0416	32	32	32	32	32	32	32	32	32																																					
CO-ADD:0301044	C(CNc1nonc1N=[N+]([O-])c2nonc2NCC([N+](=O)[O-])([N+](=O)[O-])[N+](=O)[O-])([N+](=O)[O-])([N+](=O)[O-])[N+](=O)[O-]	Russian Academy of Science (Russia)	A2396/0101454		CO-ADD:PC0416	9.902	32	32	16	32	32	32	8	32																																					
CO-ADD:0301070	C1(Cl)(C(C)C(C(C#N)=C1N)(C#N)C#N)[N+](=O)[O-]	Russian Academy of Science (Russia)	A2397/0101495		CO-ADD:PC0416	5.332	32	32	8	32	32	32	32	32																																					
CO-ADD:0302592	N1(Cc2ccco2)C(=O)C(C(C34)C1=O)C(c(c35)cccc5)c6c4cccc6	Russian Academy of Science (Russia)	A2431/0102995		CO-ADD:PC0422	32	32	32	32	32	32	32	32	32																																					
CO-ADD:0302596	N1(CN(Cc2ccco2)CN3C(=O)C4C(C5CC4C=C5)C3=O)C(=O)C6C(C7CC6C=C7)C1=O.Cl	Russian Academy of Science (Russia)	A2431/0103001		CO-ADD:PC0422	32	32	32	32	32	32	32	8	32																																					
CO-ADD:0302598	N1(c2ccccc2Cl)C(=O)C(C(C(c3c4cccc3)c(c56)cccc5)C1=O)C46	Russian Academy of Science (Russia)	A2431/0103004		CO-ADD:PC0422	32	32	32	32	32	32	32	32	32																																					
CO-ADD:0293650	c1(ccccc1Cl)NN.Cl	Russian Academy of Science (Russia)	A2253/0094890		CO-ADD:PC0397	32	8	32	32	32	32	16	8	32																																					
CO-ADD:0293609	n(C(C)C(=C1C)C)(c2CCCCCCC)c1cc3c2c(C)c(n3)C(OCC)=O	Russian Academy of Science (Russia)	A2240/0094330		CO-ADD:PC0397	3.686	32	32	4	32	32	32	32	8.868																																					
CO-ADD:0293643	C(C(=O)Nc1ccccc1)(=C(C)NC(=C2C#N)SCC(=O)Nc(cc3)ccc3Br)C2c4ccccc4OCC	Russian Academy of Science (Russia)	A2241/0094381		CO-ADD:PC0397	32	32	32	32	32	32	8	2	2																																					
CO-ADD:0293647	c1(Cl)c(cccc1NN)Cl.Cl	Russian Academy of Science (Russia)	A2253/0094887		CO-ADD:PC0397	32	32	32	32	32	32	32	32	32																																					
CO-ADD:0305658	C(C(=O)Nc1ccccc1)(=C(C)NC(=C2C#N)SCC(=O)Nc(cc3)ccc3OCCCC)C2c4ccccc4	Russian Academy of Science (Russia)	A2527/0107422		CO-ADD:PC0432	32	32	32	32	32	32	32	32	32											32																										
CO-ADD:0306311	N1(c2c(cccc2)Sc(ccc(c3)C(F)(F)F)c13)C(=O)CN(CC4)CCN4CCO	Russian Academy of Science (Russia)	A2573/0109732		CO-ADD:PC0432	13.82	32	32	32	32	32	32	32	32											32																										
CO-ADD:0306326	c1(ccc(cc1F)\\C(\\CC)=N\\Nc(cc2)ccc2F)N(CC3)CCO3	Russian Academy of Science (Russia)	A2573/0109755		CO-ADD:PC0432	31.39	32	32	32	32	32	32	32	32											32																										
CO-ADD:0306339	N1(c2cccc(C)c2)C(=O)NC(\\C(=C/c(ccc3[N+](=O)[O-])o3)\\C1=O)=O	Russian Academy of Science (Russia)	A2574/0109772		CO-ADD:PC0432	21.79	32	32	16	8	32	32	32	32											32	32	32	32					32	32		32			32	16	32										
CO-ADD:0301765	N1(Nc2ccccc2)C(=O)CSC1=S	Russian Academy of Science (Russia)	A2444/0103598		CO-ADD:PC0417	32	32	32	32	32	32	32	32	32																																					
CO-ADD:0301771	[N+](=O)([O-])\\C=C\\c(cc1)ccc1N(C)C	Russian Academy of Science (Russia)	A2444/0103613		CO-ADD:PC0417	2	32	2	2	32	32	2	2	2																																					
CO-ADD:0301783	N1=C(S)SSC1=N	Russian Academy of Science (Russia)	A2445/0103643		CO-ADD:PC0417	32	32	32	32	32	32	32	32	32																																					
CO-ADD:0301784	[n+]1([O-])onc(cc2C(Cl)=O)c1cc2	Russian Academy of Science (Russia)	A2445/0103644		CO-ADD:PC0417	32	32	32	32	32	32	32	32	32																																					
CO-ADD:0302534	c1(cc(C#N)c(cc1NCC2CCCO2)C#N)[N+](=O)[O-]	Russian Academy of Science (Russia)	A2429/0102891		CO-ADD:PC0422	32	32	32	32	32	32	32	32	32																																					
CO-ADD:0303290	c1(cc(Cl)ccc1N(CC2)CCN2C(=O)c3ccccc3Br)[N+](=O)[O-]	Russian Academy of Science (Russia)	A2472/0105009		CO-ADD:PC0422	32	32	32	32	32	32	32	32	32																																					
CO-ADD:0293487	c1(c2c(sc1NC(=O)C(F)(F)F)CCCCC2)C(=O)Nc3ccccc3	Russian Academy of Science (Russia)	A2216/0093288		CO-ADD:PC0397	32	32	32	4	32	32	32	32	32											32	32	16	8					16	32		16			32	32	32										
CO-ADD:0294108	N1(C2CCCCCC2)C(=O)c3c(c4C1=O)c(ccc3)ccc4	Russian Academy of Science (Russia)	A2221/0093530		CO-ADD:PC0397	32	32	32	32	32	32	0.5	32	32																																					
CO-ADD:0294055	[N+](=O)([O-])c(ccc(c1C#N)Sc2ccc(cc2C#N)[N+](=O)[O-])c1	Russian Academy of Science (Russia)	A2219/0093432		CO-ADD:PC0397	32	32	32	1	32	32	32	32	32																																					
CO-ADD:0306213	c1(c(Br)cc(c(F)c1)N2CCCC2)[N+](=O)[O-]	Russian Academy of Science (Russia)	A2502/0106435		CO-ADD:PC0432	32	32	32	32	32	32	32	32	32											32																										
CO-ADD:0306282	N1=C(N)C(F)=CN(CCC(OC)=O)C1=O	Russian Academy of Science (Russia)	A2573/0109690		CO-ADD:PC0432	32	32	32	32	32	32	32	32	32											32																										
CO-ADD:0306284	C1(=O)Nc2c(Oc(cc(cc3Oc4ccccc4)[N+](=O)[O-])c13)cccc2	Russian Academy of Science (Russia)	A2573/0109694		CO-ADD:PC0432	32	32	32	32	32	32	32	32	32											32																										
CO-ADD:0156553	Cl[Pt](N[C@H]1C)(S(C)(C)=O)C2=C1C3=CC=CC=C3C=C2	Universitat de Barcelona (Spain)	mcub3		CO-ADD:PC0172	32	32	32	32	32	32	32	32																																						
CO-ADD:0135626	O=C1C(=C(C(O)=O)N([H])C(=O)N1[H])F	NIH/NCI (USA) - Diversity Set V	0031712:01		CO-ADD:PL0011										10	10	10	10	10	10	10	10																													
CO-ADD:0293232	c1(C2C(CC=C2)C(N3)c4ccc(cc4Cl)Cl)c3c(O)cc(Cl)c1[N+](=O)[O-]	Russian Academy of Science (Russia)	A2214/0093211		CO-ADD:PC0397	2	32	16	2	32	32	2	32	32																																					
CO-ADD:0293234	c1(C2C(CC=C2)C(N3)C(C)C)c3c(O)cc(Cl)c1[N+](=O)[O-]	Russian Academy of Science (Russia)	A2215/0093213		CO-ADD:PC0397	32	32	32	8	32	32	32	32	32																																					
CO-ADD:0293236	C1(c2ccccc2F)Nc(ccc(c3)C(O)=O)c3C(C(C4Sc5ccccc5[N+](=O)[O-])Cl)C1C4	Russian Academy of Science (Russia)	A2215/0093216		CO-ADD:PC0397	32	32	32	32	32	32	32	32	32																																					
CO-ADD:0293243	c1(C2C(CC=C2)C(N3)C(CCC=C4)C4)c3c(O)cc(Cl)c1[N+](=O)[O-]	Russian Academy of Science (Russia)	A2215/0093225		CO-ADD:PC0397	32	32	32	32	32	32	32	32	32																																					
CO-ADD:0302554	c1(c(C)non1)C(=O)N\\N=C\\c(cc(Cl)cc2Cl)c2O	Russian Academy of Science (Russia)	A2430/0102945		CO-ADD:PC0422	32	32	32	32	32	32	32	32	32																																					
CO-ADD:0293569	P(=O)(N(C)C)(NNc1ccccc1)NNc2ccccc2	Russian Academy of Science (Russia)	A2239/0094266		CO-ADD:PC0397	32	32	32	32	32	32	16	4	32																																					
CO-ADD:0293578	C(=N/NC(=O)Cc1csc(N)n1)(/c2c(N3CC=C)cccc2)\\C3=O	Russian Academy of Science (Russia)	A2239/0094278		CO-ADD:PC0397	32	32	32	32	32	32	32	32	32																																					
CO-ADD:0293587	C(/Oc(c12)ccc3c1OC(=O)C=C3C)(\\C2=O)=N/N(c4ccccc4)C(C)=O	Russian Academy of Science (Russia)	A2239/0094291		CO-ADD:PC0397	32	32	32	32	32	32	32	32	32																																					
CO-ADD:0293588	c1(N(CC2)CCN2C(c3ccccc3)=O)scc(c4ccccc4)n1	Russian Academy of Science (Russia)	A2240/0094293		CO-ADD:PC0397	32	32	32	32	32	32	32	32	32																																					
CO-ADD:0304881	[N+](=O)([O-])c1c(Cl)ccc(NN)c1.Cl	Russian Academy of Science (Russia)	A2521/0107143		CO-ADD:PC0430	32	32	32	32	32	32	32	32	32																																					
CO-ADD:0304883	c1(ccccc1Br)NN.Cl	Russian Academy of Science (Russia)	A2521/0107145		CO-ADD:PC0430	32	8	32	32	32	32	16	2	32											32	32	32	32	32	16	8	16	32		16	32			16			32	32	32	8	32		16	32	32	
CO-ADD:0304886	N(N)c(cc1)ccc1Br.Cl	Russian Academy of Science (Russia)	A2521/0107148		CO-ADD:PC0430	32	2	32	32	32	32	16	32	32											32											32			4			32	32	32	1	32					
CO-ADD:0304888	N(N)c(cc1)ccc1Cl.Cl	Russian Academy of Science (Russia)	A2521/0107150		CO-ADD:PC0430	32	2	32	32	32	32	32	32	32											32											32			4			32	32	32	0.5	32					
CO-ADD:0304893	N(N)c(cc1)ccc1CC.Cl	Russian Academy of Science (Russia)	A2521/0107156		CO-ADD:PC0430	32	32	32	32	32	32		32	32																																					
CO-ADD:0293919	c1(no[n+]([O-])c1S(=O)(=O)c2ccc(cc2)C)S(=O)(=O)c3ccc(cc3)C	Russian Academy of Science (Russia)	A2249/0094691		CO-ADD:PC0397	1.876	32	32	4	32	32	32	32	32																																					
CO-ADD:0302487	C1(C#N)(C#N)C(N1c2ccccc2)c3ccccc3	Russian Academy of Science (Russia)	A2428/0102813		CO-ADD:PC0422	5.57	32	32	32	32	32	32	32	32																																					
CO-ADD:0302492	[N+](=O)([O-])\\C=C\\c(cc1)ccc1OC	Russian Academy of Science (Russia)	A2428/0102827		CO-ADD:PC0422	3.463	32	32	32	32	32	1	1	32																																					
CO-ADD:0303268	[N+](=O)([O-])c1ccc(cc1NC(C)c2ccc(cc2)Br)N(CC3)CCN3CCO	Russian Academy of Science (Russia)	A2472/0104987		CO-ADD:PC0422	27.99	32	32	32	32	32	32	32	32																																					
CO-ADD:0293602	c1(NC(CSc2ccccn2)=O)sc(c3n1)ccc(cccc4)c34	Russian Academy of Science (Russia)	A2240/0094321		CO-ADD:PC0397	32	32	32	32	32	32	32	32	32																																					
CO-ADD:0301656	c12c(CCCC1C(O)=O)c3c(ccc(Br)c3)[nH]2	Russian Academy of Science (Russia)	A2440/0103400		CO-ADD:PC0417	32	32	32	32	32	32	32	16	32																																					
CO-ADD:0301665	c12c(c(nn1c3ccccc3)C)cc(C(O)=O)s2	Russian Academy of Science (Russia)	A2440/0103411		CO-ADD:PC0417	32	32	32	32	32	32	32	32	32																																					
CO-ADD:0302495	N1(C(=O)C=CC1=O)c(cc2Cl)cc(c2N)Cl	Russian Academy of Science (Russia)	A2428/0102832		CO-ADD:PC0422	4.812	32	32	32	32	32	2	1	32																																					
CO-ADD:0302497	[N+](=O)([O-])c(cc1)ccc1N2CCCCC2	Russian Academy of Science (Russia)	A2428/0102837		CO-ADD:PC0422	32	32	32	32	32	32	32	4	2																																					
CO-ADD:0302508	N1C(=O)\\C(\\SC1=O)=C/c(cc2Br)cc(c2OC)Br	Russian Academy of Science (Russia)	A2428/0102855		CO-ADD:PC0422	32	32	32	32	32	32	32	32	32																																					
CO-ADD:0302511	N1(C)C(=O)\\C(\\SC1=S)=C/c(cc(Cl)cc2[N+](=O)[O-])c2O	Russian Academy of Science (Russia)	A2429/0102860		CO-ADD:PC0422	32	32	32	32	32	32	32	32	32																																					
CO-ADD:0302517	[n+]12c(c(ccc1)c3)c(OC2)cc3.[I-]	Russian Academy of Science (Russia)	A2429/0102867		CO-ADD:PC0422	32	32	32	32	32	32	8	8	32																																					
CO-ADD:0302520	c12c(ccc(N)c1)c3c(cccc3)o2	Russian Academy of Science (Russia)	A2429/0102871		CO-ADD:PC0422	32	32	32	32	32	32	32	32	32																																					
CO-ADD:0302524	c1(C(OCC)=O)c(C=O)[nH]c(C(OCC)=O)c1C	Russian Academy of Science (Russia)	A2429/0102878		CO-ADD:PC0422	8	32	32	32	32	32	32	32	32																																					
CO-ADD:0252867	c1([N+](=O)[O-])nnn(C\\C(\\C)=N\\NC(c(cc2)ccn2)=O)n1	Russian Academy of Science (Russia)	A1588/0068943		CO-ADD:PC0337	6.36	8	32	16	32	32	32	32	32																																					
CO-ADD:0293916	C(=C(/O)\\c1ccc(cc1)Br)/C(=O)C(F)(F)F	Russian Academy of Science (Russia)	A2248/0094684		CO-ADD:PC0397	32	32	32	4	32	32	32	32	32																																					
CO-ADD:0149523	c1(c2[nH]c(NC(=O)OC)n1)ccc(SCCC)c2	Russian Academy of Science (Russia)	A4653/0198717		CO-ADD:PC0145	9.26	32	32	32	32	32	32	8																																						
CO-ADD:0238632	CC1=C(C2=CC=CC=C2)C(C)=C(C)C1C.NC3=N[Ir@@](C)(NC(N(C)C)=N3)Cl.[Cl-]	University of Warwick (UK)	CF-0279		CO-ADD:PC0274	28.1	32	32	16	32	32	32	32																																						
CO-ADD:0137272	O=C1[C@@](O)(C)C2(CC2)C(C)=C([C@@](O)(C3(C)C)[H])C1=C3	NIH/NCI (USA) - Natural Product Set III	0400978:01		CO-ADD:PL0012										10	10	10	10	10	10	10	0.2618																													
CO-ADD:0293482	c1(c2c(sc1NC(CC)=O)CCCC2)C(=O)Nc3ccccc3	Russian Academy of Science (Russia)	A2216/0093281		CO-ADD:PC0397	32	32	32	32	32	32	32	32	32																																					
CO-ADD:0293488	c1(c2c(sc1NC(=O)C(F)(F)F)CCCCC2)C(=O)Nc3ccccc3C	Russian Academy of Science (Russia)	A2216/0093289		CO-ADD:PC0397	32	32	32	32	32	32	32	32	32											32	32	32	32					32	32		32			32	32	32										
CO-ADD:0301277	c1(CSc2sc(c3n2)cccc3)n(CC)c4c(cccc4)n1	Russian Academy of Science (Russia)	A2364/0099879		CO-ADD:PC0417	32	32	32	32	32	32	32	32	32																																					
CO-ADD:0301292	c1(c(N)cc(c(C#N)c1)C#N)[N+](=O)[O-]	Russian Academy of Science (Russia)	A2365/0099933		CO-ADD:PC0417	2.451	32	32	32	32	32	32	16	32																																					
CO-ADD:0301968	c(nnc1c2nonc2N=[N+]=[N-])(o1)c3nonc3N=[N+]=[N-]	Russian Academy of Science (Russia)	A2452/0104003		CO-ADD:PC0417	32	32	32	32	32	32	32	32	32																																					
CO-ADD:0302838	N1(c2ccc(cc2)OC)C(=O)C(CC1=O)NNC(c(cc3)ccn3)=O	Russian Academy of Science (Russia)	A2458/0104284		CO-ADD:PC0422	14.63	32	32	32	32	32	16	4	32																																					
CO-ADD:0293847	[N+](=O)([O-])Nc1ccc(cn1)Br	Russian Academy of Science (Russia)	A2256/0095051		CO-ADD:PC0397	32	32	32	32	32	32	32	32	32																																					
CO-ADD:0293851	c(c(N)ncc1[N+](=O)[O-])(c1)[N+](=O)[O-]	Russian Academy of Science (Russia)	A2257/0095055		CO-ADD:PC0397	32	16	32	16	32	32	32	32	32																																					
CO-ADD:0302405	C(=O)(Oc1ccc(cc1C=O)Br)c2cccs2	Russian Academy of Science (Russia)	A2418/0102516		CO-ADD:PC0422	32	32	32	32	32	32	32	32	32																																					
CO-ADD:0303175	c1(ccc(cc1[N+](=O)[O-])[N+](=O)[O-])C(=O)N2CCCCC2	Russian Academy of Science (Russia)	A2435/0103156		CO-ADD:PC0422	32	32	32	32	32	32	32	32	32																																					
CO-ADD:0303177	[N+](=O)([O-])c(cc1)ccc1C(=O)c2ccc(cc2)OC	Russian Academy of Science (Russia)	A2435/0103158		CO-ADD:PC0422	32	32	32	32	32	32	32	32	32																																					
CO-ADD:0303195	[n+]1([O-])onc2c1ccc(c2)Br	Russian Academy of Science (Russia)	A2435/0103193		CO-ADD:PC0422	32	32	32	32	32	32	32	32	32																																					
CO-ADD:0303196	[n+]1([O-])onc2c1ccc(c2)OC	Russian Academy of Science (Russia)	A2435/0103194		CO-ADD:PC0422	32	32	32	32	32	32	4	4	32																																					
CO-ADD:0254880	n1(c(cc(C)cc2C)c2n3)c3S\\C(=C/c(ccc(c4OC)O)c4)\\C1=O	Russian Academy of Science (Russia)	A1562/0068063		CO-ADD:PC0340	32	32	32	32	32	32	32	32	32																																					
CO-ADD:0247777	C1(O)(c2ccc(cc2)OC)C=C(C(=O)N1c3ccccc3)O	Russian Academy of Science (Russia)	A1519/0066187		CO-ADD:PC0316	32	32	32	32	32	32	32	32	32																																					
CO-ADD:0293499	c12c(nnc(SCC(=O)Nc3sc(c(CCN4C)c3C(OCC)=O)C4)n1)c5c(cccc5)n2CCc6ccccc6	Russian Academy of Science (Russia)	A2216/0093304		CO-ADD:PC0397	32	32	32	32	32	32	32	16	32																																					
CO-ADD:0293500	c1(NC(CSC2=NCCS2)=O)sc(c(CCN3C)c1C(OCC)=O)C3	Russian Academy of Science (Russia)	A2216/0093306		CO-ADD:PC0397	32	32	32	32	32	32	32	32	32																																					
CO-ADD:0137611	CN1C=C(NC(C(C=C2)=CN=C2/C=C/C3=CC=C(OC)C=C3)=O)C=C1C(NC4=CN(CCCC5=CC=CC=C5)C(C(NCCN6CCCCC6)=O)=C4)=O.OC(C(F)(F)F)=O.OC(C(F)(F)F)=O	University of Strathclyde (UK)	AIK-29/2		CO-ADD:PC0079	32	32	32	32	32	32	32	16																																						
CO-ADD:0165034	CC1C2C(O)C3C(N(C)C)C(=O)C(C(N)=O)=C(O)C3(O)C(O)=C2C(=O)c2c(O)cccc12	NIH (USA) - Clinical Collection	SAM002589932	Doxycycline	CO-ADD:PL0013										0.3125	10	10	10	1.25	10	0.625	10																													
CO-ADD:0293433	C1(=O)N(CCC)CCOC1CC(=O)Nc(cc2)ccc2Br	Russian Academy of Science (Russia)	A2238/0094217		CO-ADD:PC0397	32	32	32	32	32	32	32	32	32																																					
CO-ADD:0293450	C(/C#N)(\\C(OC)=O)=C(/Nc(ccc(c1Cl)F)c1)\\C(F)(F)F	Russian Academy of Science (Russia)	A2238/0094237		CO-ADD:PC0397	32	32	32	32	32	32	32	32	32																																					
CO-ADD:0137177	Clc1ccc(O)c(C(C(=C(O)[C@](O)(C(C(C(N)=O)=C(O)[C@]2(N(C)C)[H])=O)[C@]2(C3)[H])[C@]3([C@@]4(O)C)[H])=O)c14.Cl	NIH/NCI (USA) - Natural Product Set III	0013252:01		CO-ADD:PL0012										2.5	10	10	10	5	10	1.25	10																													
CO-ADD:0302790	CCc(n1N)nnc1N\\N=C\\c(cc2OC)cc(c2O)Cl.Cl.Cl	Russian Academy of Science (Russia)	A2456/0104189		CO-ADD:PC0422	32	32	32	32	32	32	32	32	32																																					
CO-ADD:0303136	c1(NC(COc(cc2)ccc2Cl)=O)sc(c(C)c1C#N)C(OC)=O	Russian Academy of Science (Russia)	A2433/0103097		CO-ADD:PC0422	32	32	32	32	32	32	32	32	32																																					
CO-ADD:0247728	S(=O)(=O)(c(cc1)ccc1[N+](=O)[O-])C(CCC#N)S(=O)(=O)c(cc2)ccc2[N+](=O)[O-]	Russian Academy of Science (Russia)	A1513/0066030		CO-ADD:PC0316	32	32	32	16	32	32	32	32	32																																					
CO-ADD:0254836	C12(c3c(NC1=O)ccc(C)c3)C(C#N)=C(N)OC(CCC)=C2C(OCC)=O	Russian Academy of Science (Russia)	A1680/0071721		CO-ADD:PC0340	32	32	32	32	32	32	32	32	32																																					
CO-ADD:0293468	C(F)(C(F)(F)F)(C1=O)SC(=N1)NC(=O)Nc(ccc(c23)cccc2)c3	Russian Academy of Science (Russia)	A2239/0094258		CO-ADD:PC0397	32	32	32	32	32	32	32	32	32																																					
CO-ADD:0301928	c1(cc(ccc1C(c2ccccc2)=O)[N+](=O)[O-])[N+](=O)[O-]	Russian Academy of Science (Russia)	A2450/0103905		CO-ADD:PC0417	13.02	32	32	4	32	32	32	32	32																																					
CO-ADD:0301948	C(/c1ccccc1)(=C\\Sc2ccccn2)\\[N+](=O)[O-]	Russian Academy of Science (Russia)	A2451/0103968		CO-ADD:PC0417	7.467	32	32	32	32	32	16	16	32																																					
CO-ADD:0301953	S1C(C)(CC(=O)Nc2ccccc2)NN=C1c3ccc(cc3)C	Russian Academy of Science (Russia)	A2451/0103978		CO-ADD:PC0417	32	32	32	32	32	32	32	32	32																																					
CO-ADD:0230586	[N+](=O)([O-])c1c(NCC\\N=C\\c2cc(Cl)ccc2O)ccc(c1)C(F)(F)F	Russian Academy of Science (Russia)	A0974/0045526		CO-ADD:PC0247	32	32	32	32	32	32	32	32	32																																					
CO-ADD:0228929	S(=O)(=O)(c1ccc(cc1)\\N=C\\c2cc(Br)ccc2O)c3ccc(cc3)\\N=C\\c(cc(Br)cc4Br)c4O	Russian Academy of Science (Russia)	A0942/0044095		CO-ADD:PC0245	32	32	32	32	32	32	16	16	32																																					
CO-ADD:0222595	C(=O)([O-])\\C=C\\c(cc1)ccc1OC	Russian Academy of Science (Russia)	A0751/0035071		CO-ADD:PC0238	32	32	32	32	32	32	32	32																																						
CO-ADD:0222028	C(=O)(Oc(cc1)ccc1\\C=N\\NC(COc2ccccc2C)=O)c3cccc(Br)c3	Russian Academy of Science (Russia)	A0746/0034854		CO-ADD:PC0238	32	32	32	32	32	32	32	32																																						
CO-ADD:0230875	C(=C/c(ccc(c1OC)OC)c1)(/c(cc(cc2[N+](=O)[O-])[N+](=O)[O-])c23)\\c(cc(cc4[N+](=O)[O-])[N+](=O)[O-])c34	Russian Academy of Science (Russia)	A0978/0045707		CO-ADD:PC0247	3.07	32	32	32	32	32	16	32	32																																					
CO-ADD:0229321	C(=N/OC(=O)c1cccc(F)c1)(/c2c(N3C)cccc2)\\C3=O	Russian Academy of Science (Russia)	A0810/0037910		CO-ADD:PC0246	19.3	32	32	32	32	32	32	32	32																																					
CO-ADD:0223478	c1(N=Nc(ccc(c2C=O)O)c2)nonc1c3ccccc3	Russian Academy of Science (Russia)	A0820/0038418		CO-ADD:PC0239	32	32	32	16	32	32	32	32	32																																					
CO-ADD:0162587	[N+](=O)([O-])c(cc(cc1[N+](=O)[O-])C(=O)Nc2cccc(C)n2)c1	Russian Academy of Science (Russia)	A0438/0020319		CO-ADD:PC0199	32	32	32	32	32	32	32	32																																						
CO-ADD:0311719	C1(NC(C)=O)=C(N)C(c(cccc2)c2C1=O)=O	Russian Academy of Science (Russia)	A2654/0113100		CO-ADD:PC0449	32	16	32	8	32	32	8	4	32											32																										
CO-ADD:0311938	C(NC(C)=O)(C(=O)c(cccc1)c1C2=O)=C2N(CC3)CCN3C(OCC)=O	Russian Academy of Science (Russia)	A2642/0112507		CO-ADD:PC0449	32	32	32	16	32	32	32	32	32											32																										
CO-ADD:0312095	N1(CC(OC)=O)Sc2c(ccc(c2)[N+](=O)[O-])C1=O	Russian Academy of Science (Russia)	A2602/0110578		CO-ADD:PC0449	8.123	32	32		32	32	16	8	32											32	4								32																	
CO-ADD:0307182	C1(C#N)(CC(=O)C23CC4CC(CC(C4)C2)C3)C(N)=C(CC1(C#N)C#N)C=O	Russian Academy of Science (Russia)	A2597/0110460		CO-ADD:PC0439	32	32	32	32	32	32	32	32	32											32																										
CO-ADD:0312365	C12(c3c(N(CC(OC)=O)C1=O)cccc3)C(C#N)=C(N)Oc([nH]nc4c5ccc(c(OC)c5)OCC)c24	Russian Academy of Science (Russia)	A2663/0113500		CO-ADD:PC0449	32	32	32	32	32	32	32	32	32											32																										
CO-ADD:0312428	C12(c3c(N(CC)C1=O)cccc3)C(C#N)=C(N)Oc([nH]n4)c2c4c(cc5)ccn5	Russian Academy of Science (Russia)	A2668/0113627		CO-ADD:PC0449	16	32	32	32	32	32	32	32	32											32																										
CO-ADD:0307276	c12c(non1)NC(=CC(c3ccccc3)=N2)c4ccccc4	Russian Academy of Science (Russia)	A2574/0109803		CO-ADD:PC0439	32	32	32	32	32	32	32	32	32											32																										
CO-ADD:0306698	N1(C(C#N)c(cccc2[N+](=O)[O-])c2)C(C)(C)CC(C)=N1	Russian Academy of Science (Russia)	A2549/0108506		CO-ADD:PC0439	32	16	32	32	32	32	32	32	32											32																										
CO-ADD:0307345	C(=S)(Nc1cccc(Cl)c1)N(Cc(cc2)ccc2N(C)C)Cc3ccco3	Russian Academy of Science (Russia)	A2576/0109917		CO-ADD:PC0439	32	32	32	32	32	32	32	32	32											32																										
CO-ADD:0307346	C(=S)(Nc(ccc(c1Cl)F)c1)N(Cc(cc2)ccc2N(C)C)Cc3ccco3	Russian Academy of Science (Russia)	A2576/0109918		CO-ADD:PC0439	32	32	32	32	32	32	16	16	32											32																										
CO-ADD:0307388	c1(cc(C=O)cc(OCC)c1O)[N+](=O)[O-]	Russian Academy of Science (Russia)	A2578/0109983		CO-ADD:PC0439	32	32	32	32	32	32	32	32	26.12											32																										
CO-ADD:0307439	c(c1Cl)([N+](=O)[O-])c(Cl)nc(Cl)c1C(OCC)=O	Russian Academy of Science (Russia)	A2581/0110050		CO-ADD:PC0439	4.116	32	32	32	32	32	16	32	32											32																										
CO-ADD:0307440	c(c1Cl)([N+](=O)[O-])c(Cl)nc(Cl)c1C(NCCCC)=O	Russian Academy of Science (Russia)	A2581/0110052		CO-ADD:PC0439	0.4125	32	32	32	32	32	32	32	32											32																										
CO-ADD:0307409	C1(c2cc(Br)ccc2F)c3c(CCN1C(CCl)=O)cc(OC)c(OC)c3	Russian Academy of Science (Russia)	A2579/0110014		CO-ADD:PC0439	20.47	32	32	32	32	32	32	32	32											32																										
CO-ADD:0306853	c1(noc(c(cc(cc2[N+](=O)[O-])[N+](=O)[O-])c2)n1)c3nonc3N	Russian Academy of Science (Russia)	A2582/0110087		CO-ADD:PC0439	32	32	32	32	32	32	32	32	32											32																										
CO-ADD:0306865	C12(c3c(N(CC(OC)=O)C1=O)cccc3)C(C#N)=C(N)Oc([nH]nc4c5ccc(c(OC)c5)OC)c24	Russian Academy of Science (Russia)	A2583/0110101		CO-ADD:PC0439	32	32	32	32	32	32	32	32	32											32																										
CO-ADD:0310933	c1(ccccc1OCc2ccccc2C)C=O	Russian Academy of Science (Russia)	A2615/0111197		CO-ADD:PC0448	32	32	32	32	32	32	32	32	32											32																										
CO-ADD:0310896	[N+](=O)([O-])c1ccc(cc1NCc2ccco2)N(CC3)CCN3	Russian Academy of Science (Russia)	A2613/0111130		CO-ADD:PC0448	22.84	32	32	32	32	32	32	32	11.48											32																										
CO-ADD:0307522	C(C(OC)=O)(C(OC)=O)C(Br)C(=O)c1ccc(cc1)Br	Russian Academy of Science (Russia)	A2556/0108874		CO-ADD:PC0439	32	32	32	32	32	32	16	16	32											32																										
CO-ADD:0307535	S(=O)(=O)(c1c(C)cc(cc1C)C)Nc2cc(on2)C	Russian Academy of Science (Russia)	A2557/0108896		CO-ADD:PC0439	32	32	32	32	32	32	32	32	32											32																										
CO-ADD:0310962	C(Nc(cc1)ccc1OC(F)(F)F)(C(OC)=O)(C(F)(F)F)NC(=O)c2ccco2	Russian Academy of Science (Russia)	A2616/0111231		CO-ADD:PC0448	32	32	32	16	32	32	32	32	32											32	32	32	16					32	32																	
CO-ADD:0310856	C(=N/O)(/C(C)=Nc1c2cccc1)\\C(C)=N2	Russian Academy of Science (Russia)	A2612/0111044		CO-ADD:PC0448	32	32	32	32	32	32	32	4	32											32																										
CO-ADD:0306945	N1(c2ccc(cc2)OCCCC)C(=O)C(CC1=O)Cl	Russian Academy of Science (Russia)	A2587/0110195		CO-ADD:PC0439	24.46	32	32	32	32	32	32	16	32											32																										
CO-ADD:0311237	N1(c2cccc(c2)[N+](=O)[O-])C(=O)c3c(c4C1=O)c(ccc3)ccc4	Russian Academy of Science (Russia)	A2626/0111733		CO-ADD:PC0448	32	32	32	32	32	32	32	32	32											32																										
CO-ADD:0306951	C1(=O)c2c(SN1c3ccccc3)cc(cc2N)[N+](=O)[O-]	Russian Academy of Science (Russia)	A2587/0110204		CO-ADD:PC0439	32	32	32	8	32	32	32	32	32											32																										
CO-ADD:0311292	c1(c(Cl)cc(c(cccn2)c12)Cl)OC(=O)N3CCCCC3	Russian Academy of Science (Russia)	A2629/0111880		CO-ADD:PC0448	32	32	32	32	32	32	16	32	32											32	32	32	32	32	32	32	32	32	32		32	32	32	32	32	32										
CO-ADD:0311463	c1([nH]nc(C(C)(C)C)c1)C(F)(F)F	Russian Academy of Science (Russia)	A2636/0112229		CO-ADD:PC0448	32	32	32	32	32	32	32	32	32											32																										
CO-ADD:0310811	[n+]1([O-])onc(cc(Br)cn2)c12	Russian Academy of Science (Russia)	A2559/0108998		CO-ADD:PC0448	3.725	8	32	32	16	32	1	1	32											4				1	0.5	2	1				16	8	0.5	4	16	8										
CO-ADD:0311194	n(Cc(ccc(c12)cccc1)c2)(c3c(n4)cccc3)c4	Russian Academy of Science (Russia)	A2625/0111673		CO-ADD:PC0448	32	32	32	32	32	32	32	32	32											32																										
CO-ADD:0311423	S(=O)(=O)(Nc(ccc(c1Cl)Cl)c1)c(ccc(c2O3)N(C3=O)C)c2	Russian Academy of Science (Russia)	A2635/0112170		CO-ADD:PC0448	32	32	32	32	32	32	32	32	32											32																										
CO-ADD:0307626	C1(=S)N(c2ccc(cc2)Cl)NC3(CCCC(C)C3)N1	Russian Academy of Science (Russia)	A2609/0110920		CO-ADD:PC0439	32	8	32	32	32	32	32	32	32											32											32			16	32	32										
CO-ADD:0307630	c1(c(OC)ccc(cccc2)c12)C3N(CCN3Cc(cc4)ccc4Cl)Cc(cc5)ccc5Cl	Russian Academy of Science (Russia)	A2609/0110927		CO-ADD:PC0439	32	32	32	32	32	32	32	16	32											32																										
CO-ADD:0307631	S(=O)(=O)(c(cc1)ccc1N2CCCC2=O)Nc(ccc(c3Cl)Cl)c3	Russian Academy of Science (Russia)	A2609/0110928		CO-ADD:PC0439	16.19	32	32	32	32	32	32	32	32											32																										
CO-ADD:0307003	c12c(C(N(Cc3ccccc3)C=N1)=O)nnn2Cc4ccccc4	Russian Academy of Science (Russia)	A2589/0110259		CO-ADD:PC0439	32	32	32	32	32	32	32	32	32											32																										
CO-ADD:0307019	N1(c2ccccc2CC)C(=O)C=CC1=O	Russian Academy of Science (Russia)	A2590/0110282		CO-ADD:PC0439	1.608	32	32	32	32	32	1	1	32											32																										
CO-ADD:0311486	n1c2c([nH]c1C(F)(F)F)cc(Cl)cc2Cl	Russian Academy of Science (Russia)	A2636/0112256		CO-ADD:PC0448	6.905	32	32	4	32	32	16	8	32											16	8	2	2	16	32	4	4	2	32			32	32													
CO-ADD:0311499	C(Nc(cc1)ccc1OC(F)(Cl)F)(C(OC)=O)(C(F)(F)F)NC(=O)c2ccco2	Russian Academy of Science (Russia)	A2637/0112269		CO-ADD:PC0448	32	32	32	16	32	32	32	32	32											32	32	32	16					16	32																	
CO-ADD:0311643	S(C)(=O)(=O)N(c1ccccc1)NC(=O)C(O)(c2ccccc2)c3ccccc3	Russian Academy of Science (Russia)	A2638/0112319		CO-ADD:PC0448	32	32	32	32	32	32	32	32	32											32																										
CO-ADD:0311003	C12=C(c3c(cccc3)OC1=O)Oc(cccc4)c4C2C5=C(O)c6c(cccc6)OC5=O	Russian Academy of Science (Russia)	A2616/0111278		CO-ADD:PC0448	32	32	32	16	32	32	32	32	32											32																										
CO-ADD:0311339	c1(c2ccc(cc2)NC(=O)C3CC(C)=CCC3C(O)=O)sc4c(ccc(C)c4)n1	Russian Academy of Science (Russia)	A2630/0111946		CO-ADD:PC0448	32	32	32	32	32	32	32	32	32											32																										
CO-ADD:0311406	C(/C=C1C)(=N/c2ccccc2O)\\c3c(N1)ccc(OC)c3.Cl	Russian Academy of Science (Russia)	A2634/0112143		CO-ADD:PC0448	32	32	32	32	32	32	32	32	32											32																										
CO-ADD:0311571	C1(C2)([N+](=O)[O-])C(CC(C)=O)C(c3c(cccc3)C1=O)(CN2C)[N+](=O)[O-]	Russian Academy of Science (Russia)	A2650/0112918		CO-ADD:PC0448	32	32	32	32	32	32	32	32	32											32																										
CO-ADD:0311836	c1(N(CC2)CCN2C)nc(OCC(F)(F)F)nc(Nc(cc3)ccc3OC(F)(Cl)F)n1	Russian Academy of Science (Russia)	A2560/0109082		CO-ADD:PC0449	32	32	32	32	32	32	32	32	32											32																										
CO-ADD:0311954	C(NC(C)=O)(C(=O)c(cccc1)c1C2=O)=C2N(CC3)CCN3c4ccc(cc4)F	Russian Academy of Science (Russia)	A2642/0112528		CO-ADD:PC0449	18.54	32	32	32	32	32	32	8	32											32																										
CO-ADD:0311957	C(=O)(Nc1ccccc1SC)c2ccccc2O	Russian Academy of Science (Russia)	A2642/0112533		CO-ADD:PC0449	32	32	32	32	32	32	32	32	32											32																										
CO-ADD:0311962	C(NC(C)=O)(C(=O)c(cccc1)c1C2=O)=C2N(CC3)CCN3Cc(ccc(c45)OCO4)c5	Russian Academy of Science (Russia)	A2642/0112546		CO-ADD:PC0449	32	32	32	32	32	32	32	32	32											32																										
CO-ADD:0307134	C(OC)(F)(C(F)(F)F)C(=O)Oc(c1c(cccn1)cc2[N+](=O)[O-])c2	Russian Academy of Science (Russia)	A2595/0110407		CO-ADD:PC0439	32	32	32	32	32	32	8	4	32											32											32			32	16	32										
CO-ADD:0311688	c1(c2ccccc2F)nnn(CC(=O)N3CCCCC3)n1	Russian Academy of Science (Russia)	A2639/0112399		CO-ADD:PC0448	32	32	32	32	32	32	32	32	32											32																										
CO-ADD:0311700	C(=C\\c(cc1)ccc1SC)(/C2=O)\\C(c3ccccc3)=NO2	Russian Academy of Science (Russia)	A2652/0113042		CO-ADD:PC0449	32	32	32	32	32	32	32	32	32											32																										
CO-ADD:0311703	C(/C(C)=NO1)(=C\\c2cccs2)\\C1=O	Russian Academy of Science (Russia)	A2653/0113047		CO-ADD:PC0449	14.81	32	32	32	32	32			32											32																										
CO-ADD:0290403	N1(Cc2ccccc2)\\C(=N\\c(cc3)ccc3F)\\SC(C(O)=O)CC1=O	Russian Academy of Science (Russia)	A2108/0088609		CO-ADD:PC0393	32	32	32	32	32	32	32	32	32																																					
CO-ADD:0290404	N1(Cc2ccccc2)\\C(=N\\c(cc3)ccc3Cl)\\SC(C(O)=O)CC1=O	Russian Academy of Science (Russia)	A2108/0088610		CO-ADD:PC0393	32	32	32	32	32	32	32	32	32																																					
CO-ADD:0290952	c1(c(Br)cc(c(cccn2)c12)Br)OC(=O)c3ccco3	Russian Academy of Science (Russia)	A2154/0090461		CO-ADD:PC0393	32	32	32	32	32	32	32	32	32																																					
CO-ADD:0290340	C(CN(CC1)CCO1)#CCCCCCCC#CCCCCCCC#CCN(CC2)CCO2	Russian Academy of Science (Russia)	A2096/0088100		CO-ADD:PC0393	32	32	32	32	32	32	32	32	32																																					
CO-ADD:0290387	S(=O)(=O)(c1ccc(cc1)CC)N2CCC(CC2)C(OCC)=O	Russian Academy of Science (Russia)	A2106/0088475		CO-ADD:PC0393	32	32	32	32	32	32	32	16	32																																					
CO-ADD:0290388	N1(CN(CC2)CCN2c3ccc(cc3)F)c(cccc4)c4\\C(=N\\c(cc5)ccc5OCC)\\C1=O	Russian Academy of Science (Russia)	A2106/0088476		CO-ADD:PC0393	32	32	32	32	32	32	32	32	32																																					
CO-ADD:0290394	C(=O)(Nc(cc1)ccc1C(O)=O)c2ccccc2NC(CC(C)C)=O	Russian Academy of Science (Russia)	A2108/0088597		CO-ADD:PC0393	32	32	32	32	32	32	4	1	32												32	32	32	32	32	32	32	32		32													32	32	32	
CO-ADD:0290396	C(=O)(Nc(c1)cc(cc1C(O)=O)C(O)=O)c2ccco2	Russian Academy of Science (Russia)	A2108/0088601		CO-ADD:PC0393	32	32	32	32	32	32	32	32	32																																					
CO-ADD:0290671	S(=O)(=O)(CC(OC)=O)c(cc(cc1[N+](=O)[O-])[N+](=O)[O-])c1NC(OC)=O	Russian Academy of Science (Russia)	A2140/0089862		CO-ADD:PC0393	32	32	32	32	32	32	32	32	32																																					
CO-ADD:0290675	c(c1CC(C)C)(C(=O)SC(=O)c(c2CC(C)C)c(C(F)(F)F)nc(C([H])(F)F)c2C(SC)=O)c(C(F)(F)F)nc(C([H])(F)F)c1C(SC)=O	Russian Academy of Science (Russia)	A2140/0089867		CO-ADD:PC0393	32	32	32	32	32	32	32	32	32																																					
CO-ADD:0290676	c(c(OCC)cc(c1[N+](=O)[O-])OCC)(c1)[N+](=O)[O-]	Russian Academy of Science (Russia)	A2140/0089868		CO-ADD:PC0393	32	32	32	32	32	32	32	4	8.396																																					
CO-ADD:0290677	C(N(C)C)(=CNC(N1)=O)C1=O	Russian Academy of Science (Russia)	A2140/0089869		CO-ADD:PC0393	32	32	32	32	32	32	32	32	2.207																																					
CO-ADD:0290680	c(cc(C(C)CCCCCC)cc1[N+](=O)[O-])([N+](=O)[O-])c1OC(=O)\\C=C\\C	Russian Academy of Science (Russia)	A2140/0089872		CO-ADD:PC0393	8.313	32	32	32	32	32	32	32	1.202																																					
CO-ADD:0290682	C(O)(=O)CCSc1ccccc1	Russian Academy of Science (Russia)	A2141/0089874		CO-ADD:PC0393	32	32	32	32	32	32	32	32	32																																					
CO-ADD:0290683	c1(cc(cc(SCCSc(cc(cc2[N+](=O)[O-])[N+](=O)[O-])c2C(N)=O)c1C(N)=O)[N+](=O)[O-])[N+](=O)[O-]	Russian Academy of Science (Russia)	A2141/0089875		CO-ADD:PC0393	32	32	32	32	32	32	32	32	32																																					
CO-ADD:0290684	c([N+](=O)[O-])(c1C)no[n+]1[O-]	Russian Academy of Science (Russia)	A2141/0089877		CO-ADD:PC0393	1.32	32	32	32	32	32	2	0.5	32																																					
CO-ADD:0290685	C(CCCCCCSCCCC)(O)=O	Russian Academy of Science (Russia)	A2141/0089878		CO-ADD:PC0393	32	32	32	32	32	32	32	32	32																																					
CO-ADD:0290692	c1(cc(Br)ccc1O)C(=O)c2cccs2	Russian Academy of Science (Russia)	A2141/0089891		CO-ADD:PC0393	32	32	32	32	32	32	8	2	32												32	32	32	32	32	32	32	32		32													32	32	32	
CO-ADD:0290693	[N+](=O)([O-])c(cc1)ccc1C2OCOCC2Br	Russian Academy of Science (Russia)	A2141/0089893		CO-ADD:PC0393	32	32	32	32	32	32	32	32	32																																					
CO-ADD:0291157	C(=O)(O\\N=C(/c1ccc(cc1)Cl)\\NCc2ccccc2)c3cccs3	Russian Academy of Science (Russia)	A2151/0090362		CO-ADD:PC0393	1.351	32	32	32	32	32	32	16	32																																					
CO-ADD:0291164	c1(C(c2ccc(cc2)CC)C(C#N)C#N)c(C)n[nH]c1O	Russian Academy of Science (Russia)	A2152/0090373		CO-ADD:PC0393	32	32	32	32	32	32	32	32	32																																					
CO-ADD:0291199	[N+](=O)([O-])c(cc1)ccc1N2CCC(CC2)C	Russian Academy of Science (Russia)	A2174/0091326		CO-ADD:PC0393	32	32	32	32	32	32	32	8	32																																					
CO-ADD:0291240	C(/c(cc(C)cc1)c12)(\\C(=S)C(N2C)(C)C)=C(/SC(=C3C(OCC)=O)c4ccccc4)\\S3	Russian Academy of Science (Russia)	A2165/0090906		CO-ADD:PC0394	32	32	32	32	32	32	16	32	32																																					
CO-ADD:0258946	c1(ccn(C)n1)C(=O)N\\N=C\\c(ccc2[N+](=O)[O-])o2	Russian Academy of Science (Russia)	A1855/0078109		CO-ADD:PC0349	32	32	32	8	32	32	32	32	32																																					
CO-ADD:0291284	c12c(non1)nc(Nc3cccc(Cl)c3Cl)c(Nc4cccc(Cl)c4Cl)n2	Russian Academy of Science (Russia)	A2166/0090971		CO-ADD:PC0394	32	32	32	16	32	32	32	32	32												32	32	32					32	32	32																
CO-ADD:0291303	C(C(OCC)=O)(C(F)(F)F)(Nc1sc(c2c1C#N)CCCC2)NS(c3ccccc3)(=O)=O	Russian Academy of Science (Russia)	A2167/0091007		CO-ADD:PC0394	32	32	32	16	32	32	32	32	32																																					
CO-ADD:0291411	N1(c2ccc(cc2)C)C(=O)C(CC1=O)Sc3nnc[nH]3	Russian Academy of Science (Russia)	A2170/0091168		CO-ADD:PC0394	12.64	32	32	16	32	32	32	32	32																																					
CO-ADD:0291416	C(/SC(=C1C(C)=O)c2ccccc2)(\\S1)=C(\\C(=S)C3(C)C)/c4c(N3)ccc(C)c4	Russian Academy of Science (Russia)	A2170/0091173		CO-ADD:PC0394	32	32	32	32	32	32	1	4	32																																					
CO-ADD:0291418	C(/c(cc(OCC)cc1)c12)(\\C(=S)C(N2C(C(C)CC)=O)(C)C)=C(/S3)\\SC(=C3C(OC)=O)C(OC)=O	Russian Academy of Science (Russia)	A2170/0091175		CO-ADD:PC0394	32	32	32	32	32	32	4	16	32																																					
CO-ADD:0291394	N1(c(cc2)ccc2C(OCC)=O)C(=O)CC(N3CCC(CC3)O)C1=O	Russian Academy of Science (Russia)	A2170/0091145		CO-ADD:PC0394	32	32	32	32	32	32	32	4	32																																					
CO-ADD:0291537	C(/c(cc(OCC)cc1)c12)(\\C(=S)C(N2C(CCCC)=O)(C)C)=C(/S3)\\SC(=C3C(OC)=O)C(OC)=O	Russian Academy of Science (Russia)	A2181/0091644		CO-ADD:PC0394	6.292	32	32	32	32	32	4	16	32																																					
CO-ADD:0291443	c1(c2c(sc1N)CCCC2)C(=O)Nc3ccccc3C	Russian Academy of Science (Russia)	A2172/0091204		CO-ADD:PC0394	32	32	32	32	32	32	32	32	32																																					
CO-ADD:0291524	C(/c(cc(OCC)cc1)c12)(\\C(=S)C(N2C(=O)COc(cc3)ccc3F)(C)C)=C(\\S4)/SC(=C4C(OC)=O)C(OC)=O	Russian Academy of Science (Russia)	A2180/0091629		CO-ADD:PC0394	32	32	32	32	32	32	8	8	32																																					
CO-ADD:0291759	C12(CC3CC(CC(C3)C1)C2)C(=O)O\\N=C(/N)\\Cc(ccc(c4OC)OC)c4	Russian Academy of Science (Russia)	A2184/0091797		CO-ADD:PC0394	32	32	32	32	32	32	32	32	32																																					
CO-ADD:0277874	N1(c2ccc(cc2)Br)C(=O)CC(N(CCCC3C(=O)N(CC)CC)C3)C1=O	Russian Academy of Science (Russia)	A1960/0082424		CO-ADD:PC0361	32	32	32	32	32	32	16	8	32																																					
CO-ADD:0295128	N1(C(=O)c2c(C(c3ccc(c(C)c3)C)=N1)cccc2)c4cc(ccc4N(CC5)CCN5CCO)[N+](=O)[O-]	Russian Academy of Science (Russia)	A2278/0095997		CO-ADD:PC0402	20.15	32	32	32	32	32	32	32	32																																					
CO-ADD:0291894	n1(cnnn1)c2c(OC)ccc(c2)[N+](=O)[O-]	Russian Academy of Science (Russia)	A2196/0092407		CO-ADD:PC0394	32	32	32	32	32	32	32	32	32																																					
CO-ADD:0291927	S(=O)(=O)(Nc(cc1)ccc1S(=O)(=O)Nc2sccn2)c3ccccc3[N+](=O)[O-]	Russian Academy of Science (Russia)	A2188/0092015		CO-ADD:PC0394	32	32	32	8	32	32	32	32	32																																					
CO-ADD:0290590	C(Cl)(Cl)(Cl)\\C(\\N)=C\\C(=O)\\C=C\\c1cccs1	Russian Academy of Science (Russia)	A2137/0089737		CO-ADD:PC0393	13.77	32	32	16	32	32	32	16	32																																					
CO-ADD:0295206	C12(C)C(C)(C)C(CC1OCC[N+](C)(C)CC(=O)OC3C(C)(C)C(CC34C)CC4)CC2.[Cl-]	Russian Academy of Science (Russia)	A2284/0096196		CO-ADD:PC0402	5.03	32	32	1	32	32	32	16	7.798																																					
CO-ADD:0294792	c1(ccc(cc1[N+](=O)[O-])[N+](=O)[O-])C(=O)Nc2ccccc2Cl	Russian Academy of Science (Russia)	A2301/0097009		CO-ADD:PC0402	32	32	32	8	32	32	32	32	32																																					
CO-ADD:0291836	C(/c1c(N2CC)cccc1)(\\C2=O)=C(\\SC(N3NC(c(cc4)ccn4)=O)=S)/C3=O	Russian Academy of Science (Russia)	A2195/0092333		CO-ADD:PC0394	32	32	32	32	32	32	32	32	32																																					
CO-ADD:0291903	[N+](=O)([O-])c(cc(cc1[N+](=O)[O-])C(NCCN(CC2)CCO2)=O)c1	Russian Academy of Science (Russia)	A2196/0092418		CO-ADD:PC0394	32	32	32	16	32	32	32	32	32																																					
CO-ADD:0291906	N1(CCc(cccc2)c12)C(=O)Cc(ccc(c3OC)OC)c3	Russian Academy of Science (Russia)	A2196/0092422		CO-ADD:PC0394	32	32	32	32	32	32	32	32	32																																					
CO-ADD:0292065	C(/SC(N1N)=S)(\\C1=O)=C(/SC(=C2C)C)\\N2CC	Russian Academy of Science (Russia)	A2192/0092181		CO-ADD:PC0394	32	32	32	32	32	32	32	32	32																																					
CO-ADD:0288867	C(CC1)(c2ncc(n2C3CN(C(OC(C)(C)C)=O)CCC3)C=O)CCO1	Russian Academy of Science (Russia)	LK01303		CO-ADD:PC0383	32	32	32	32	32	32	32	32	32																																					
CO-ADD:0292195	n(Cc(cc1)ccc1Cl)(c2c(n3)cccc2)c3C	Russian Academy of Science (Russia)	A2201/0092628		CO-ADD:PC0394	32	32	32	32	32	32	32	32	25.39																																					
CO-ADD:0292245	c1(cc(CN2CCCC2)c(c3c1O)cccn3)[N+](=O)[O-]	Russian Academy of Science (Russia)	A2202/0092705		CO-ADD:PC0395	32	32	32	32	32	32	32	32	32																																					
CO-ADD:0292251	c1(O)c(Br)cc(c(cccn2)c12)CN(C)C3CCCCC3	Russian Academy of Science (Russia)	A2202/0092714		CO-ADD:PC0395	7.07	32	32	32	32	32	4	32	32											32											32			32	32	32										
CO-ADD:0292269	c12c(non1)nc(Nc(cc3)ccc3Cl)c(Nc4cccc(C)c4C)n2	Russian Academy of Science (Russia)	A2203/0092739		CO-ADD:PC0395	2	32	32	2	32	32	2	2	2																																					
CO-ADD:0292295	c(S(CCCCCCCC)=O)(c1N)sc(c12)nc(cc2C(F)(F)F)c3cccs3	Russian Academy of Science (Russia)	A2204/0092784		CO-ADD:PC0395	4	2	2	8	32	32	32	32	32																																					
CO-ADD:0292302	N1(NC(NC1=S)(CC)CC)c2scc(c3ccccc3)n2	Russian Academy of Science (Russia)	A2204/0092797		CO-ADD:PC0395	32	32	32	32	32	32	4	4	32																																					
CO-ADD:0292305	N1(c2ccccc2C)C(=O)NC(\\C(=C/c(ccc3[N+](=O)[O-])o3)\\C1=O)=O	Russian Academy of Science (Russia)	A2204/0092800		CO-ADD:PC0395	32	32	32	32	32	32	32	32	32																																					
CO-ADD:0293076	C1(C#N)(C#N)C(C)C(CCC)C(CC1(C#N)C#N)=O	Russian Academy of Science (Russia)	A2225/0093725		CO-ADD:PC0395	8.279	32	32	32	32	32	32	32	32																																					
CO-ADD:0290863	C1(=NC(C)(C)Cc(cccc2)c23)C3=NNC1=O	Russian Academy of Science (Russia)	A2148/0090223		CO-ADD:PC0393	0.9996	32	32	32	32	32	32	32	32																																					
CO-ADD:0292360	C1(C)(C(=O)NNc2ccccc2)CC1(Cl)Cl	Russian Academy of Science (Russia)	A2206/0092869		CO-ADD:PC0395	32	16	32	32	32	32	32	32	32											32											32			8	32	32										
CO-ADD:0292556	[n+]([O-])(c(cc(C)cc1)c12)c(C(C)=O)c([n+]2[O-])C	Russian Academy of Science (Russia)	A2211/0093064		CO-ADD:PC0395	32	32	32	16	32	32	32	32	32																																					
CO-ADD:0292557	c1(nc(Nc2ccccc2)c(n3)Nc4ccccc4F)c3non1	Russian Academy of Science (Russia)	A2212/0093065		CO-ADD:PC0395	32	32	32	16	32	32	32	2	2																																					
CO-ADD:0292584	N1(c(cc2)ccc2C(OCCC)=O)C(=O)c3c(c4C1=O)c(ccc3)cc(Br)c4	Russian Academy of Science (Russia)	A2197/0092430		CO-ADD:PC0395	32	32	32	32	32	32	32	32	32																																					
CO-ADD:0292592	c1(ccc(\\C=C\\C(=O)c2ccc(cc2)Br)o1)N(CC3)CCO3	Russian Academy of Science (Russia)	A2197/0092440		CO-ADD:PC0395	11.9	32	32	16	32	32	32	32	32																																					
CO-ADD:0292603	C12(CCC(=O)O1)c3c(C(=O)O2)cccc3	Russian Academy of Science (Russia)	A2197/0092455		CO-ADD:PC0395	32	32	32	32	32	32	32	2	32																																					
CO-ADD:0292640	[N+](=O)([O-])\\C(\\C)=C\\c(c1c([nH]2)cccc1)c2	Russian Academy of Science (Russia)	A2198/0092504		CO-ADD:PC0395	7.096	32	32	32	32	32	16	32	32																																					
CO-ADD:0292703	C12c(cccc3)c3C(C(C(O)=O)C1C(=O)NCC4(OC)C=CC(OC)O4)c5c2cccc5	Russian Academy of Science (Russia)	A2207/0092954		CO-ADD:PC0395	32	32	32	32	32	32	32	32	32																																					
CO-ADD:0292720	C1(N2C(S3)=NCCC2)=C3C(c(cccc4)c4C1=O)=O.Cl	Russian Academy of Science (Russia)	A2208/0092974		CO-ADD:PC0395	32	8	32	1	32	32	32	32	32											32	4	0.5	0.5					0.5	8		1				4		32	32	32							32
CO-ADD:0292724	O1C(=O)OC(C)(C)C1(CBr)Br	Russian Academy of Science (Russia)	A2208/0092979		CO-ADD:PC0395	16.99	32	32	32	32	32	2	32	32																																					
CO-ADD:0292725	C1(CBr)(C(C)(C)OC2=O)N2CCc(cc(OC)c(OC)c3)c13	Russian Academy of Science (Russia)	A2208/0092980		CO-ADD:PC0395	32	32	32	32	32	32	32	32	32																																					
CO-ADD:0292732	N1(C(C)=O)c2c(cccc2)NC(=O)CC1C	Russian Academy of Science (Russia)	A2209/0092991		CO-ADD:PC0395	32	32	32	32	32	32	32	32	32																																					
CO-ADD:0292614	N1(C(=O)c2c(c3C1=O)c(ccc2)ccc3)c4c(C)nn(c(cc5)ccc5[N+](=O)[O-])c4C	Russian Academy of Science (Russia)	A2197/0092470		CO-ADD:PC0395	32	32	32	32	32	32	32	32	32																																					
CO-ADD:0292765	c12c(c(cc(C)n1)C)c(c(cc(C)cc3C)c3n2)N	Russian Academy of Science (Russia)	A2222/0093556		CO-ADD:PC0395	2.35	32	32	32	32	32	32	32	32																																					
CO-ADD:0292809	C1(C(OC(O2)(C)C)C2OC3C(=O)Nc4ccccc4)C3OC(C)(C)O1	Russian Academy of Science (Russia)	A2223/0093606		CO-ADD:PC0395	32	32	32	32	32	32	2	2	32																																					
CO-ADD:0292810	C1(C(OC(O2)(C)C)C2OC3C(=O)NC(CCC(OCc4ccccc4)=O)C(=O)OCc5ccccc5)C3OC(C)(C)O1	Russian Academy of Science (Russia)	A2223/0093607		CO-ADD:PC0395	32	32	32	32	32	32	32	32	32																																					
CO-ADD:0292817	c1(ccc(cc1Cl)Cl)C(=O)N(CC2)CCN2c(cc3)c(F)cc3[N+](=O)[O-]	Russian Academy of Science (Russia)	A2223/0093618		CO-ADD:PC0395	32	32	32	32	32	32	32	32	32																																					
CO-ADD:0292818	c1(cc(F)c(cc1N(CC2)CCN2C(=O)c3ccc(c(F)c3)F)N4CCCCC4)[N+](=O)[O-]	Russian Academy of Science (Russia)	A2223/0093619		CO-ADD:PC0395	32	32	32	32	32	32	2	32	32																																					
CO-ADD:0290491	c1(S(CC)(=O)=O)c(C(c2ccccc2)=O)n(c3c1S(CC)(=O)=O)ccc(c4ccccc4)c3	Russian Academy of Science (Russia)	A2142/0089947		CO-ADD:PC0393	32	32	32	32	32	32	32	32	32																																					
CO-ADD:0290492	c1(S(CCC)(=O)=O)c(C(c2ccccc2)=O)n3c(c4c(cc3)cccc4)c1S(CCC)(=O)=O	Russian Academy of Science (Russia)	A2143/0089954		CO-ADD:PC0393	32	32	32	32	32	32	32	32	32																																					
CO-ADD:0290493	C(=CC(\\C=C\\c1c(C)cc(c(C)c1)C)=NC2=O)(C(F)(F)F)N2	Russian Academy of Science (Russia)	A2143/0089955		CO-ADD:PC0393	32	32	32	32	32	32	32	32	32																																					
CO-ADD:0290500	c1(Oc(ccc(c2C)C)c2)cc(C#N)c(cc1Oc(ccc(c3C)C)c3)C#N	Russian Academy of Science (Russia)	A2143/0089963		CO-ADD:PC0393	32	32	32	32	32	32	32	32	32																																					
CO-ADD:0293034	c1(Sc2ccc(cc2[N+](=O)[O-])n3cnnn3)nnnn1c4ccccc4	Russian Academy of Science (Russia)	A2235/0094083		CO-ADD:PC0395	5.356	32	32	4	32	32	32	32	32																																					
CO-ADD:0294712	N1(c2ccccc2)Sc3c(ccc(c3)[N+](=O)[O-])C1=O	Russian Academy of Science (Russia)	A2275/0095844		CO-ADD:PC0402	32	32	32	32	32	32	32	32	32																																					
CO-ADD:0294714	c1(C(=O)N(CC)CC)c(cc(cc1[N+](=O)[O-])SCc2ccccc2)[N+](=O)[O-]	Russian Academy of Science (Russia)	A2275/0095846		CO-ADD:PC0402	12.34	32	32	32	32	32	32	32	32																																					
CO-ADD:0292846	C(=C\\c(cc1OC)cc(c1OC)OC)(/C2=O)\\C(c3ccccc3)=NO2	Russian Academy of Science (Russia)	A2224/0093663		CO-ADD:PC0395	31.56	32	32	32	32	32	32	32	32																																					
CO-ADD:0292745	N(C(=O)CCN1C(C)=O)(C(c2ccccc2)=O)c3c1cccc3	Russian Academy of Science (Russia)	A2209/0093007		CO-ADD:PC0395	32	32	32	32	32	32	32	32	32																																					
CO-ADD:0291884	c1(C(OCC)=O)c(cc(cc2)OC(c3ccccc3)=O)c2n(C)c1C	Russian Academy of Science (Russia)	A2196/0092391		CO-ADD:PC0394	32	32	32	32	32	32	32	32	32																																					
CO-ADD:0290316	C(C(OCC)=O)(=CN(CC)c1c2cc(c(N(CC3)CCN3C)c1)F)C2=O	Russian Academy of Science (Russia)	A2107/0088562		CO-ADD:PC0393	32	32	32	32	16	32	32	32	32																																					
CO-ADD:0292920	C(O)(=O)CCS(CCCCCCCC)=O	Russian Academy of Science (Russia)	A2231/0093901		CO-ADD:PC0395	32	32	32	32	32	32	32	32	32																																					
CO-ADD:0292919	C(O)(=O)CCSCCCCCCCC	Russian Academy of Science (Russia)	A2231/0093900		CO-ADD:PC0395	32	32	32	32	32	32	32	32	32																																					
CO-ADD:0292997	C(=O)(Oc(cc1)ccc1\\C=N\\c(cc2)ccc2C)c3ccccc3Cl	Russian Academy of Science (Russia)	A2234/0094013		CO-ADD:PC0395	32	32	32	32	32	32	32	32	32																																					
CO-ADD:0293003	C(=O)(Nc1ccccc1)C(CCl)=O	Russian Academy of Science (Russia)	A2234/0094032		CO-ADD:PC0395	1.892	32	32	16	32	32	2	1	32																																					
CO-ADD:0293009	C1(=S)NC(NN1c2ccccc2)(C)CCc3ccccc3	Russian Academy of Science (Russia)	A2234/0094043		CO-ADD:PC0395	32	16	32	32	32	32	32	16	32																																					
CO-ADD:0293010	C(=O)(N(CC1)CCO1)Oc2c(Cl)cc(cc2C=O)Cl	Russian Academy of Science (Russia)	A2234/0094046		CO-ADD:PC0395	32	32	32	32	32	32	16	16	32																																					
CO-ADD:0290446	c1(nonc1N)[N+](=O)[O-]	Russian Academy of Science (Russia)	A2110/0088662		CO-ADD:PC0393	1.391	4	16	8	16	32	4	4	32																																					
CO-ADD:0290447	[N+]([O-])(=Nc1nonc1N)c2nonc2N	Russian Academy of Science (Russia)	A2110/0088663		CO-ADD:PC0393	12.23	32	32	32	32	32	32	4	32																																					
CO-ADD:0290789	C(C(OCC)=O)(C(F)(F)F)(Nc1sc(c2n1)cccc2)NC(=O)N(C)C	Russian Academy of Science (Russia)	A2146/0090122		CO-ADD:PC0393	32	32	32	16	32	32	32	32	32																																					
CO-ADD:0290452	c1(C(O)=O)c(cc(cc1[N+](=O)[O-])[N+](=O)[O-])[N+](=O)[O-]	Russian Academy of Science (Russia)	A2111/0088671		CO-ADD:PC0393	2.524	16	32	8	32	32	32	8	32																																					
CO-ADD:0290454	c1(CC(O)=O)c(cc(cc1[N+](=O)[O-])[N+](=O)[O-])[N+](=O)[O-]	Russian Academy of Science (Russia)	A2111/0088678		CO-ADD:PC0393	6.723	32	32	8	32	32	32	32	32																																					
CO-ADD:0290455	c1(C(N)=O)c(cc(cc1[N+](=O)[O-])[N+](=O)[O-])[N+](=O)[O-]	Russian Academy of Science (Russia)	A2111/0088679		CO-ADD:PC0393	4.12	32	32	32	32	32	32	32	32																																					
CO-ADD:0290456	c(cc(cc1[N+](=O)[O-])[N+](=O)[O-])(c1CCO)[N+](=O)[O-]	Russian Academy of Science (Russia)	A2111/0088680		CO-ADD:PC0393	8.219	32	32	4	32	32	4	2	32																																					
CO-ADD:0290464	c12c(no[n+]1[O-])c(no[n+]3[O-])c3c(no[n+]4[O-])c24	Russian Academy of Science (Russia)	A2111/0088689		CO-ADD:PC0393	0.514	32	32	16	32	32	32	8	32																																					
CO-ADD:0290476	C(/S(CCC)(=O)=O)(\\S(CCC)(=O)=O)=C(/Nc1cccc(OCCCC)c1)\\Nc2cccc(OCCCC)c2	Russian Academy of Science (Russia)	A2142/0089928		CO-ADD:PC0393	32	32	32	32	32	32	32	32	32																																					
CO-ADD:0290483	c1(S(CCC)(=O)=O)c(C(c2ccccc2)=O)n(c3c1S(CCC)(=O)=O)cccc3C	Russian Academy of Science (Russia)	A2142/0089937		CO-ADD:PC0393	32	32	32	32	32	32	32	32	32																																					
CO-ADD:0290484	c1(S(CCC)(=O)=O)c(C(OC)=O)n(c2c1S(CCC)(=O)=O)cccc2C	Russian Academy of Science (Russia)	A2142/0089938		CO-ADD:PC0393	32	32	32	32	32	32	32	32	32																																					
CO-ADD:0290485	c1(S(CCC)(=O)=O)c(C(OC)=O)n(c2c1S(CCC)(=O)=O)cccc2N	Russian Academy of Science (Russia)	A2142/0089939		CO-ADD:PC0393	32	32	32	32	32	32	32	32	32																																					
CO-ADD:0290715	c1(c(Cl)cc(c(cccn2)c12)Cl)OC(=O)c3cccs3	Russian Academy of Science (Russia)	A2153/0090394		CO-ADD:PC0393	32	32	32	32	32	32	32	32	32																																					
CO-ADD:0290730	c1(c(Br)cc(c(cccn2)c12)Br)OC(=O)c3c(Cl)ccc(c3)[N+](=O)[O-]	Russian Academy of Science (Russia)	A2153/0090419		CO-ADD:PC0393	32	32	32	32	32	32	32	32	32																																					
CO-ADD:0303753	N1(c2cccc(OC)c2)C(=O)NC(\\C(=C/c(ccc3[N+](=O)[O-])s3)\\C1=O)=O	Russian Academy of Science (Russia)	A2478/0105298		CO-ADD:PC0429	32	32	32	32	32	32	32	16	32																																					
CO-ADD:0302044	N1(c2ccc(cc2)OC)C(=O)NC(\\C(=C\\c3cccc(OCCOc(cc4)ccc4[N+](=O)[O-])c3)\\C1=O)=O	Russian Academy of Science (Russia)	A2410/0102119		CO-ADD:PC0417	32	32	32	32	32	32	32	32	32																																					
CO-ADD:0301515	c1([N+](=O)[O-])cc(cc(nsn2)c12)[N+](=O)[O-]	Russian Academy of Science (Russia)	A2405/0101912		CO-ADD:PC0417	0.712	32	32	16	32	32	8	1	32																																					
CO-ADD:0302908	N1(c2ccc(cc2)Cl)C(c3ccc(cc3)Cl)N(N=C1C(C)=O)c4ccccc4	Russian Academy of Science (Russia)	A2463/0104538		CO-ADD:PC0422	32	32	32	32	32	32	32	32	32																																					
CO-ADD:0303058	[n+]([O-])(n(C\\C(\\C)=N\\Nc1ccc(cc1[N+](=O)[O-])[N+](=O)[O-])nc2[N+](=O)[O-])c2[N+](=O)[O-]	Russian Academy of Science (Russia)	A2262/0095285		CO-ADD:PC0422	18.13	32	32	8	32	32	32	8	32																																					
CO-ADD:0302666	c1(Nc2ccccc2)nc(NN)nc(NCc3ccccc3)n1	Russian Academy of Science (Russia)	A2258/0095082		CO-ADD:PC0422	32	32	32	32	32	32	32	32	32																																					
CO-ADD:0319867	n1(c2ccc(cc2)OC)c(ccc(c3)NCc4ccccc4O)c3nc1	Russian Academy of Science (Russia)	A2707/0115178		CO-ADD:PC0460	32	32	32	32	32	32	32	8	32											32																										
CO-ADD:0319869	c1(C2c3ccco3)c([nH]nc1c4cccs4)OC(N)=C2C#N	Russian Academy of Science (Russia)	A2707/0115181		CO-ADD:PC0460	32	32	32	32	32	32	32	8	32											32																										
CO-ADD:0320550	C(F)(F)(F)Oc(cc1)ccc1NN	Russian Academy of Science (Russia)	A2726/0115798		CO-ADD:PC0460	32	32	32	32	32	32	32	32	32											32																										
CO-ADD:0320553	c12c(ccc(Cl)c1Cl)c(c(C)[nH]2)CCN	Russian Academy of Science (Russia)	A2726/0115801		CO-ADD:PC0460	14.94	32	32	32	32	32	32	32	32											32																										
CO-ADD:0320560	[nH]1c(C)c(c(c(ccc2Cl)Cl)c12)CCN	Russian Academy of Science (Russia)	A2727/0115808		CO-ADD:PC0460	8.994	32	32	32	32	32	32	32	32											32																										
CO-ADD:0320564	[nH]1c(C)c(c2c1c(C)ccc2F)CCN	Russian Academy of Science (Russia)	A2727/0115812		CO-ADD:PC0460	25.4	32	32	32	32	32	32	32	32											32																										
CO-ADD:0320571	N1(C(CCl)=O)c2c(cccc2)Sc(ccc(Cl)c3)c13	Russian Academy of Science (Russia)	A2727/0115819		CO-ADD:PC0460	20.55	32	32	32	32	32	32	32	32											32																										
CO-ADD:0312549	c1cc(C(=O)NC(c2oc(C)cc2)N3)c3cc1	Russian Academy of Science (Russia)	FR09955517		CO-ADD:PC0449	32	32	32	32	32	32	32	32	32											32																										
CO-ADD:0312550	c1cc(C(=O)NC(c2sccc2)N3)c3cc1	Russian Academy of Science (Russia)	FR09955518		CO-ADD:PC0449	32	32	32	32	32	32	32	32	32											32																										
CO-ADD:0302385	C(=C(C)NC(=C1C#N)SCC(=O)Nc(cc2)ccc2I)(C(=O)Nc3ccccc3OC)C1c4ccccc4	Russian Academy of Science (Russia)	A2416/0102427		CO-ADD:PC0422	32	32	32	32	32	32	32	32	32																																					
CO-ADD:0320538	c12c(CCNC1c3c(C)cc(c(C)c3)C)cc(c(OCC)c2)OCC	Russian Academy of Science (Russia)	A2726/0115786		CO-ADD:PC0460	15.01	32	32	32	32	32	32	32	32											32																										
CO-ADD:0321331	S1(=O)(=O)C(COc(ccc(CC)c2)c12)C(F)(F)F	Russian Academy of Science (Russia)	A2742/0116483		CO-ADD:PC0461	16.9	32	32	32	32	32	32	32	32											32																										
CO-ADD:0321332	C(C(OC)=O)(Sc1ccc(cc1OC)O)(C(F)(F)F)C(F)(F)F	Russian Academy of Science (Russia)	A2742/0116484		CO-ADD:PC0461	4.592	32	32	32	32	32	32	32	32											32																										
CO-ADD:0321333	C(C(OC)=O)(C(F)(F)F)(C(F)(F)F)SC1=C(O)C=C(OC1=O)C	Russian Academy of Science (Russia)	A2742/0116485		CO-ADD:PC0461	16.74	32	32	32	32	32	32	32	32											32																										
CO-ADD:0323275	c(Sc(cc1)ccc1Cl)(c(F)c(F)nc2N(CC3)CCN3)c2F	Russian Academy of Science (Russia)	A2761/0117157		CO-ADD:PC0469	8.425	32	32	32	32	32	32	32	32											16																										
CO-ADD:0321192	C(C#Cc1ccccc1)(C2=C(CCCC2=O)O)C3=C(CCCC3=O)O	Russian Academy of Science (Russia)	A2738/0116295		CO-ADD:PC0461	11.9	32	32	32	32	32	8	4	32											32																										
CO-ADD:0321208	c1(C(O)=O)[nH]c(c2c1CC(O)=O)cccc2	Russian Academy of Science (Russia)	A2748/0116769		CO-ADD:PC0461	32	32	32	32	32	32	32	32	32											32																										
CO-ADD:0323306	n1c(Cl)c(Cl)c(c(Cl)c1N(CC2)CCCN2)C#N.Cl	Russian Academy of Science (Russia)	A2776/0117514		CO-ADD:PC0469	17.27	32	32	8	32	32	32	16	16.27											32																										
CO-ADD:0320274	n1(CC=C)c(SCC(=O)Nc2nnc(CC)s2)nnc1c3ccco3	Russian Academy of Science (Russia)	A2721/0115602		CO-ADD:PC0460	32	32	32	32	32	32	16	16	32											32																										
CO-ADD:0320278	n1(CC=C)c(SCC(=O)Nc(cc2)ccc2S(=O)(=O)Nc3sccn3)nnc1c4ccco4	Russian Academy of Science (Russia)	A2721/0115606		CO-ADD:PC0460	32	32	32	32	32	32	32	32	32											32																										
CO-ADD:0320181	C1(c2ccc3c(ccc(C)c3)n2)=CN(CC)c4c(cc(cc4)C)C1c5c6c(n([H])c5)cccc6	Russian Academy of Science (Russia)	A2717/0115506		CO-ADD:PC0460	19.37	32	32	4	32	32	32	32	32											32																										
CO-ADD:0323087	C12(OCCO1)C(Cl)C(C(Cl)=C2Cl)=O	Russian Academy of Science (Russia)	A2757/0117059		CO-ADD:PC0469	32	32	32	32	32	32	32	32	26.21											32																										
CO-ADD:0323129	c(nn(c12)c(C)cc(C)n1)(S(=O)(=O)Nc3ccccc3[N+](=O)[O-])n2	Russian Academy of Science (Russia)	A2746/0116708		CO-ADD:PC0469	32	32	32	32	32	32	16	32	32											32																										
CO-ADD:0323133	c1(C(=O)n(ccn2)c2)c(Cl)c(Cl)c(nc1Cl)Cl	Russian Academy of Science (Russia)	A2747/0116713		CO-ADD:PC0469	4.275	32	32	32	32	32	32	16	32											16																										
CO-ADD:0323806	C1(=Cc(c2OC1c3ccc(c(OC)c3)OCC)cc(cc2Br)Br)[N+](=O)[O-]	Russian Academy of Science (Russia)	A2791/0117920		CO-ADD:PC0469	0.8296	32	32	16	32	32	32	32	32											32																										
CO-ADD:0324664	S(NCCc(c1c([nH]2)ccc(OC)c1)c2C)(=O)(=O)c3c(C)cc(c(C)c3)OC	Russian Academy of Science (Russia)	A2824/0119238		CO-ADD:PC0470	13.73	32	32	32	32	32	32	32	32											32																										
CO-ADD:0324666	S(=O)(=O)(NC(C)(CC)C#C)c1ccc(c(C)c1C)C	Russian Academy of Science (Russia)	A2824/0119241		CO-ADD:PC0470	24.67	32	32	16	32	32	32	32	32											32																										
CO-ADD:0320106	C(/CBr)(\\c1ccccc1)=N/O	Russian Academy of Science (Russia)	A2701/0114909		CO-ADD:PC0460	32	32	32	32	32	32	32	16	32											32																										
CO-ADD:0320138	[N+](=O)([O-])c1cccc(CNC(CC2(C)C)CC(N2)(C)C)c1	Russian Academy of Science (Russia)	A2695/0114757		CO-ADD:PC0460	32	32	32	32	32	32	32	32	32											32																										
CO-ADD:0323770	N1(c2ccccc2C)Sc(c3C1=O)cccc3	Russian Academy of Science (Russia)	A2790/0117872		CO-ADD:PC0469	5.301	32	32	2	32	32	4	2	32											8																										
CO-ADD:0323790	C1(=Cc(c2OC1c3ccc(c(OC)c3)OC)cc(cc2Br)Br)[N+](=O)[O-]	Russian Academy of Science (Russia)	A2791/0117902		CO-ADD:PC0469	3.399	32	32	16	32	32	32	32	32											32																										
CO-ADD:0324583	[nH](c(ccc(c1)C)c1c2CCN)c2C.Cl	Russian Academy of Science (Russia)	A2821/0119141		CO-ADD:PC0470	32	32	32	32	32	32	32	32	32											32																										
CO-ADD:0320841	n1(CC(CNCCc2ccccc2)O)c3c(c(CCCC4)c14)cccc3	Russian Academy of Science (Russia)	A2732/0116008		CO-ADD:PC0461	6.543	32	32	16	32	32	32	32	8.233											16																										
CO-ADD:0324431	N1(c2cccc(c2)[N+](=O)[O-])C(=O)CC(N(CC)CC)C1=O	Russian Academy of Science (Russia)	A2818/0119085		CO-ADD:PC0470	32	32	32	32	32	32	32	16	32											32																										
CO-ADD:0324496	[N+](=O)([O-])c1ccc(cc1Oc(cc2)c(Cl)cc2C(F)(F)F)OC(=O)C(C(F)(F)F)C(F)(F)F	Russian Academy of Science (Russia)	A2785/0117751		CO-ADD:PC0470	32	32	32	16	32	32	32	32	32											32																										
CO-ADD:0320014	c1(snc(OC)c1C#N)S(C)(=O)=O	Russian Academy of Science (Russia)	A2697/0114811		CO-ADD:PC0460	2.257	32	32	4	16	32	2	8	32											16																										
CO-ADD:0320849	C1(C2)([N+](=O)[O-])C(CC(C)=O)C(c3c(cccc3)C1=O)(CN2CCO)[N+](=O)[O-]	Russian Academy of Science (Russia)	A2732/0116016		CO-ADD:PC0461	32	32	32	16	32	32	32	32	32											32																										
CO-ADD:0323540	C(c1c(cccc1)NC2(C)C)(\\C(=N\\c(cc3)ccc3S(=O)(=O)NC(c4ccccc4)=O)\\SS5)=C25	Russian Academy of Science (Russia)	A2769/0117337		CO-ADD:PC0469	32	32	32	16	32	32	32	32	32											32																										
CO-ADD:0320747	C1(c(cccc2)c2N3C(C)=O)(C(C#N)=C(N)OC(COC)=C1C(OC)=O)C3=O	Russian Academy of Science (Russia)	A2730/0115907		CO-ADD:PC0461	8	32	32	16	32	32	32	32	32											32																										
CO-ADD:0321533	S(=O)(=O)(c(cc1)ccc1[N+](=O)[O-])c2nccn2C	Russian Academy of Science (Russia)	A2745/0116632		CO-ADD:PC0461	32	32	32	8	32	32	32	32	32											32																										
CO-ADD:0323501	[s+]1c(SCCCCCCCCCCCCCCCC)c(sc1N2CCCCC2)C.[I-]	Russian Academy of Science (Russia)	A2767/0117291		CO-ADD:PC0469	6.198	32	32	8	32	32	1	1	3.482											32																										
CO-ADD:0321460	c12c(CCNC1c3ccc(c(C)c3)C)cc(c(OCC)c2)OCC	Russian Academy of Science (Russia)	A2753/0116939		CO-ADD:PC0461	16.35	32	32	32	32	32	32	32	32											32																										
CO-ADD:0323466	N1(C(=O)CSc2nc(c3ccccc3)cc(c4ccccc4)c2C#N)c5c(cccc5)Sc(ccc(Cl)c6)c16	Russian Academy of Science (Russia)	A2765/0117254		CO-ADD:PC0469	32	32	32	32	32	32	32	32	32											32																										
CO-ADD:0323378	c12c(c(cc(C)c1N)C)nc(C)cc2Cl	Russian Academy of Science (Russia)	A2779/0117587		CO-ADD:PC0469	9.751	32	32	32	32	32	32	32	32											32																										
CO-ADD:0323440	C(=C/c(cc1OC)cc(c1OC)Cl)(/C(=O)NN2c3cccc(Cl)c3)\\C2=O	Russian Academy of Science (Russia)	A2764/0117227		CO-ADD:PC0469	32	32	32	32	32	32	32	32	32											32																										
CO-ADD:0324117	C(OC)(F)(C(F)(F)F)C(=O)Nc1sc(c2n1)cccc2	Russian Academy of Science (Russia)	A2796/0118155		CO-ADD:PC0470	32	32	32	32	32	32	32	32	32											32																										
CO-ADD:0324135	S(=O)(=O)(c1ccc(cc1)OCC)NCc(cc2)ccn2	Russian Academy of Science (Russia)	A2796/0118173		CO-ADD:PC0470	32	32	32	32	32	32	32	32	32											32																										
CO-ADD:0324142	N1(c2ccc(c3c2)cccc3)C(=O)C(CC1=O)Sc4nccc(C)n4	Russian Academy of Science (Russia)	A2797/0118180		CO-ADD:PC0470	32	32	32	32	32	32	32	32	32											32																										
CO-ADD:0324916	n1(c2ccc(cc2)OC(F)(F)Cl)nc(cc1N)C	Russian Academy of Science (Russia)	A2799/0118299		CO-ADD:PC0470	32	32	32	32	32	32	32	16	32											32																										
CO-ADD:0294896	c(c(Br)cn1)(n1C)C(=O)Nc(cc2)ccc2C(OC)=O	Russian Academy of Science (Russia)	A2305/0097195		CO-ADD:PC0402	32	32	32	32	32	32	32	16	32																																					
CO-ADD:0295577	c1(C(=O)N(C)Cc2ccccc2)c(cc(cc1[N+](=O)[O-])N=[N+]=[N-])[N+](=O)[O-]	Russian Academy of Science (Russia)	A2319/0097787		CO-ADD:PC0403	27.52	32	32	16	32	32	32	32	32																																					
CO-ADD:0295587	N(C(=O)\\C(\\S1)=C/c(cc2OC)cc(c2OC)OC)=C1N3CCCCCC3	Russian Academy of Science (Russia)	A2319/0097800		CO-ADD:PC0403	32	32	32	32	32	32	32	32	32																																					
CO-ADD:0294559	C1(C(=O)\\C=C\\c2ccccc2)=C(c3ccccc3)c4c(cccc4)NC1=O	Russian Academy of Science (Russia)	A2177/0091490		CO-ADD:PC0402	32	32	32	32	32	32	32	32	32																																					
CO-ADD:0294564	C1(C(=O)\\C=C\\c(cc2)ccc2OC)=C(c3ccccc3)c4c(ccc(Br)c4)NC1=O	Russian Academy of Science (Russia)	A2178/0091497		CO-ADD:PC0402	6.936	32	32	32	32	32	32	32	32																																					
CO-ADD:0295320	N1(CC)C(=O)\\C(=C/C=C\\c2ccccc2[N+](=O)[O-])\\C(NC1=S)=O	Russian Academy of Science (Russia)	A2309/0097409		CO-ADD:PC0403	32	32	32	32	32	32	32	16	32																																					
CO-ADD:0295322	N1(C(C)(C)C)C(=O)NC(\\C(=C/c(ccc2[N+](=O)[O-])s2)\\C1=O)=O	Russian Academy of Science (Russia)	A2310/0097411		CO-ADD:PC0403	32	32	32	32	32	32	32	32	32																																					
CO-ADD:0295327	N1(c2ccccc2)C(=O)NC(\\C(=C/c(ccc3[N+](=O)[O-])s3)\\C1=O)=O	Russian Academy of Science (Russia)	A2310/0097416		CO-ADD:PC0403	32	32	32	32	32	32	32	32	32																																					
CO-ADD:0295336	C(=O)(c1ccco1)Oc2c(cccc2C=O)OC	Russian Academy of Science (Russia)	A2310/0097427		CO-ADD:PC0403	32	32	32	32	32	32	32	32	32																																					
CO-ADD:0295338	N1(c2ccc(cc2)OC)C(=O)CC(N(CC3)CCC3(O)c4ccc(cc4)Br)C1=O	Russian Academy of Science (Russia)	A2310/0097429		CO-ADD:PC0403	32	32	32	32	32	32	32	32	32																																					
CO-ADD:0293711	N1(c2ccc(cc2)OC(Cl)(F)F)C(=O)CC(N(CC3)CCN3c4ncccn4)C1=O	Russian Academy of Science (Russia)	A2244/0094501		CO-ADD:PC0397	32	32	32	32	32	32	2	2	2																																					
CO-ADD:0293712	c1(c2c([nH]c1C)cccc2)C(N(CC3)CCO3)c4cc(Cl)ccc4O	Russian Academy of Science (Russia)	A2244/0094503		CO-ADD:PC0397	3.266	32	32	32	32	32	32	32	32																																					
CO-ADD:0300727	c1(c(ccc(c1)n2c(C)ccc2C)N(CC3)CCN3)[N+](=O)[O-]	Russian Academy of Science (Russia)	A2382/0100768		CO-ADD:PC0416	18.18	32	32	32	32	32	16	16	32																																					
CO-ADD:0294838	c1(CC2(C)C)c(ccc(cccc3)c13)C(=N2)CCl	Russian Academy of Science (Russia)	A2303/0097095		CO-ADD:PC0402	32	32	32	32	32	32	32	32	32																																					
CO-ADD:0294848	[n+]1([O-])onc2c1ccc(c2)Cl	Russian Academy of Science (Russia)	A2304/0097119		CO-ADD:PC0402	32	32	32	32	32	32	32	32	32																																					
CO-ADD:0294849	[n+]1([O-])onc(cc2C(O)=O)c1cc2	Russian Academy of Science (Russia)	A2304/0097120		CO-ADD:PC0402	32	32	32	32	32	32	32	32	32																																					
CO-ADD:0294851	c1(no[n+]2[O-])c2cccc1[N+](=O)[O-]	Russian Academy of Science (Russia)	A2304/0097123		CO-ADD:PC0402	0.4747	8	32	8	8	8	2	0.5	32																																					
CO-ADD:0295526	S1(=O)c2c(C(=O)N1c3ccccc3)ccc(c2)[N+](=O)[O-]	Russian Academy of Science (Russia)	A2316/0097727		CO-ADD:PC0403	32	32	32	32	32	32	32	32	32																																					
CO-ADD:0295527	c1(ccc(cc1[N+](=O)[O-])[N+](=O)[O-])C(=O)N(CC2)CCO2	Russian Academy of Science (Russia)	A2316/0097728		CO-ADD:PC0403	32	32	32	32	32	32	32	32	32																																					
CO-ADD:0294571	c1(NC(=O)CN(CC2)CCN2C)sc(c(CCN3C(OCC)=O)c1C(OCC)=O)C3	Russian Academy of Science (Russia)	A2178/0091505		CO-ADD:PC0402	32	32	32	32	32	32	32	32	32																																					
CO-ADD:0294578	c1(c2c(sc1N)CCC2)C(=O)Nc(cc3)ccc3C	Russian Academy of Science (Russia)	A2178/0091513		CO-ADD:PC0402	32	32	32	32	32	32	32	32	32																																					
CO-ADD:0294586	[N+](=O)([O-])c1ccc(c2c1cccn2)NCCOc3ccccc3C	Russian Academy of Science (Russia)	A2178/0091523		CO-ADD:PC0402	32	32	32	32	32	32	32	32	32																																					
CO-ADD:0294587	[N+](=O)([O-])c1ccc(c2c1cccn2)NCCN	Russian Academy of Science (Russia)	A2178/0091524		CO-ADD:PC0402	17.11	32	32	32	32	32	32	32	32																																					
CO-ADD:0295273	s1cccc1CNCc2cccs2.Cl	Russian Academy of Science (Russia)	A2308/0097338		CO-ADD:PC0403	32	32	32	32	32	32	32	16	32																																					
CO-ADD:0300741	c1(nonc1NCn2cnnn2)[N+](=O)[O-]	Russian Academy of Science (Russia)	A2382/0100794		CO-ADD:PC0416	3.351	8	32	16	32	32	16	32	32																																					
CO-ADD:0295552	[nH](c(ccc(c1)Br)c1c2CCN)c2C	Russian Academy of Science (Russia)	A2318/0097759		CO-ADD:PC0403	32	32	32	32	32	32	32	32	32																																					
CO-ADD:0295554	[C-]([S+](c1ccccc1)c2ccccc2)([N+](=O)[O-])[N+](=O)[O-]	Russian Academy of Science (Russia)	A2318/0097761		CO-ADD:PC0403	32	32	32	32	32	32	32	32	16																																					
CO-ADD:0295555	C(F)(C[N+](C)(C)C)([N+](=O)[O-])[N+](=O)[O-]	Russian Academy of Science (Russia)	A2318/0097762		CO-ADD:PC0403	32	32	32	32	32	32	32	32	32																																					
CO-ADD:0299319	N1(c(cc2)ccc2[N+](=O)[O-])C(=O)CC(N(CC)CC)C1=O	Russian Academy of Science (Russia)	A2338/0098663		CO-ADD:PC0410	32	32	32	32	32	32	32	8	32																																					
CO-ADD:0299331	c12c(nnc(SCC(=O)Nc3sc(c(CCN4C)c3C(OCC)=O)C4)n1)c5c(cccc5)n2CC	Russian Academy of Science (Russia)	A2338/0098675		CO-ADD:PC0410	32	32	32	32	32	32	32	32	32																																					
CO-ADD:0288581	C(=O)(OC(C)(C)C)N(CC1c2n(c(cn2)C)Cc3ccccc3)C1	Russian Academy of Science (Russia)	LK01093		CO-ADD:PC0383	32	32	32	32	32	32	32	32	32												32	32	32					32	32	32																
CO-ADD:0288599	C(=O)(OC(C)(C)C)N(CC1Cn2c(C)cnc2c3ccccc3)C1	Russian Academy of Science (Russia)	LK01111		CO-ADD:PC0383	32	32	32	32	32	32	32	32	32																																					
CO-ADD:0294527	[N+](=O)([O-])c1ccc(cc1N=[N+]=[N-])N(C)C	Russian Academy of Science (Russia)	A2271/0095721		CO-ADD:PC0402	19.65	32	32	32	32	32	32	32	32																																					
CO-ADD:0294528	c1(cc(ccc1[N+](=O)[O-])S(Cl)(=O)=O)[N+](=O)[O-]	Russian Academy of Science (Russia)	A2271/0095723		CO-ADD:PC0402	6.548	32	32	32	32	32	32	16	32																																					
CO-ADD:0295969	N1(c2ccc(cc2)Br)C(=O)C(CC1=O)NCc(cc3)ccc3F	Russian Academy of Science (Russia)	A2330/0098298		CO-ADD:PC0403	32	32	32	32	32	32	32	32	32																																					
CO-ADD:0295972	c(C1)(c2c([nH]3)cccc2)c3CCN1.Cl	Russian Academy of Science (Russia)	A2330/0098301		CO-ADD:PC0403	32	32	32	32	32	32	32	32	32																																					
CO-ADD:0295977	c12c([nH]nc1c(cccc3[N+](=O)[O-])c3)OC(=C(C#N)C24c5c(NC4=O)cccc5)N	Russian Academy of Science (Russia)	A2330/0098306		CO-ADD:PC0403	32	32	32	32	32	32	32	32	32																																					
CO-ADD:0294725	C(N(CC)CC)(=S)Nc(cc1)ccc1C(O)=O	Russian Academy of Science (Russia)	A2275/0095864		CO-ADD:PC0402	32	32	32	32	32	32	32	32	32																																					
CO-ADD:0295482	n1c(c2ccccc2)c3c(c(N\\N=C\\C(\\Br)=C\\c4ccccc4)n1)cccc3.Br	Russian Academy of Science (Russia)	A2314/0097651		CO-ADD:PC0403	32	32	32	4	32	32	32	32	32																																					
CO-ADD:0289372	n1c(c2ccc(cc2)OC(CN3)C3)onc1c4ccccc4	Russian Academy of Science (Russia)	L00413		CO-ADD:PC0383	8.515	32	32	16	32	32	32	32	32																																					
CO-ADD:0294462	N1(c2ccc(cc2)OC(F)(Cl)F)C(=O)CC(N(CC3)CCC3C(OCC)=O)C1=O	Russian Academy of Science (Russia)	A2269/0095632		CO-ADD:PC0402	32	32	32	32	32	32	32	32	32																																					
CO-ADD:0295249	c1(\\N=C\\c(cc(I)cc2I)c2O)nonc1N	Russian Academy of Science (Russia)	A2307/0097299		CO-ADD:PC0403	32	32	32	32	32	32	4	2	32																																					
CO-ADD:0296005	c1(cc(ccc1N2CC(C)CC(C)C2)n3cnnn3)[N+](=O)[O-]	Russian Academy of Science (Russia)	A2331/0098346		CO-ADD:PC0403	32	32	32	32	32	32	32	32	32																																					
CO-ADD:0293660	N(/Nc1ccccc1)=C\\c2ccccc2Cl	Russian Academy of Science (Russia)	A2253/0094907		CO-ADD:PC0397	32	32	32	32	32	32	32	32	32																																					
CO-ADD:0293676	[nH]1c(C)c(c(cccc2F)c12)CCN	Russian Academy of Science (Russia)	A2243/0094453		CO-ADD:PC0397	32	32	32	32	32	32	32	32	32																																					
CO-ADD:0300686	C(=O)(Oc1cccc(c1)C=O)c(ccc(c23)OCO2)c3	Russian Academy of Science (Russia)	A2380/0100679		CO-ADD:PC0416	32	16	32	32	32	32	32	32	32											32											32			32			32	32	32	32	32					
CO-ADD:0302181	[N+](=O)([O-])c1ccccc1C(OC)C[Hg]Cl	Russian Academy of Science (Russia)	A2414/0102352		CO-ADD:PC0417	0.8698	16	32		16	32	0.5		32																																					
CO-ADD:0302932	N1(c2ccc(c(Cl)c2)N(CC3)CCO3)C(c4ccc(cc4)OCc(cc5)ccc5Cl)N(N=C1C(C)=O)c6ccccc6	Russian Academy of Science (Russia)	A2464/0104584		CO-ADD:PC0422	32	32	32	32	32	32	32	32	32																																					
CO-ADD:0302935	N1(c(cc2)ccc2N(CC)CC)C(c3ccccc3OCc4c(cccc4Cl)Cl)N(N=C1C(C)=O)c5ccccc5	Russian Academy of Science (Russia)	A2464/0104587		CO-ADD:PC0422	32	32	32	1	32	32	32	32	32																																					
CO-ADD:0302939	N1(c2ccc(cc2)F)C(c(cc3)ccc3N(CC4)CCO4)N(N=C1C(C)=O)c5ccc(cc5)Cl	Russian Academy of Science (Russia)	A2464/0104600		CO-ADD:PC0422	32	32	32	32	32	32	32	32	32																																					
CO-ADD:0294750	N1(c2cccc(c2)C(O)=O)C(\\C=C\\c(ccc(c34)OCO3)c4)=Nc(c5C1=O)cccc5	Russian Academy of Science (Russia)	A2276/0095911		CO-ADD:PC0402	32	32	32	8	32	32	32	32	32																																					
CO-ADD:0295436	c1(ccc(\\C=C\\C(=O)n2cccn2)o1)[N+](=O)[O-]	Russian Academy of Science (Russia)	A2313/0097572		CO-ADD:PC0403	32	32	32	32	32	32	32	32	32																																					
CO-ADD:0295519	[N+](=O)([O-])c(cccc1C2SCC(C(O)=O)N2)c1	Russian Academy of Science (Russia)	A2316/0097719		CO-ADD:PC0403	32	32	32	32	32	32	32	32	32																																					
CO-ADD:0295964	N1(c2ccc(cc2)Cl)C(=O)CC(N3CCC(CC3)O)C1=O	Russian Academy of Science (Russia)	A2329/0098292		CO-ADD:PC0403	32	32	32	32	32	32	16	8	32																																					
CO-ADD:0301419	C1(=O)Oc(c(cc(c2OC(OC)=O)Br)S1)c2	Russian Academy of Science (Russia)	A2403/0101778		CO-ADD:PC0417	32	32	32	32	32	32	32	16	32																																					
CO-ADD:0302949	N1(c2ccccc2)C(c3ccc(cc3)OCc4ccccc4Cl)N(N=C1C(C)=O)c5ccc(cc5)Cl	Russian Academy of Science (Russia)	A2464/0104620		CO-ADD:PC0422	32	32	32	32	32	32	32	32	32																																					
CO-ADD:0302970	c1(\\C=N\\NC(CCCO)=O)cc(Br)ccc1O	Russian Academy of Science (Russia)	A2465/0104653		CO-ADD:PC0422	32	32	32	32	32	32	32	32	32																																					
CO-ADD:0296145	N1(Cc2ccccc2)Sc3c(ccc(c3)[N+](=O)[O-])C1=O	Russian Academy of Science (Russia)	A2285/0096217		CO-ADD:PC0403	32	32	32	2	32	32	2	2	32																																					
CO-ADD:0296148	[N+](=O)([O-])\\C=C\\c(ccc(c1O)OC)c1	Russian Academy of Science (Russia)	A2285/0096221		CO-ADD:PC0403	4.627	32	32	32	32	32	1	2	32																																					
CO-ADD:0299228	N1(c2ccc(cc2)I)C(=O)CC(N3CCC(CC3)O)C1=O	Russian Academy of Science (Russia)	A2335/0098556		CO-ADD:PC0410	32	32	32	32	32	32	8	4	32																																					
CO-ADD:0299242	N1(c2ccc(cc2)OCC)C(=O)CC(N(CC3)CCC3(O)c4ccc(cc4)Br)C1=O	Russian Academy of Science (Russia)	A2336/0098573		CO-ADD:PC0410	32	32	32	32	32	32	32	32	32																																					
CO-ADD:0288475	n(c(ccc(C)c1)c1)(n2)cc3c2N=CN(CC(=O)O)C3=O	Russian Academy of Science (Russia)	L00065		CO-ADD:PC0383	32	32	32	16	32	32	4	4	32																																					
CO-ADD:0288498	c1(C(C2)CN2)ncc(C)n1C3CC3	Russian Academy of Science (Russia)	L01073		CO-ADD:PC0383	32	32	32	32	32	32	32	32	32																																					
CO-ADD:0289248	n1c(CCOCc2ccccc2)noc1C(C3)CN3.Cl	Russian Academy of Science (Russia)	L00251		CO-ADD:PC0383	3.042	32	32	32	32	32	32	16	30.2																																					
CO-ADD:0295203	C12(C=Cc(c(ccc3[N+](=O)[O-])O1)c3)C(C)(C)c(c4N2CC(N)=O)cccc4	Russian Academy of Science (Russia)	A2284/0096191		CO-ADD:PC0402	32	32	32	16	32	32	32	32	32																																					
CO-ADD:0295205	C12(C)C(C)(C)C(CC1OCC[N+](C)(C)CC(=O)OC3CC(C)CCC3C(C)C)CC2.[Cl-]	Russian Academy of Science (Russia)	A2284/0096195		CO-ADD:PC0402	5.865	32	32	0.5	32	32	16	16	2.986																																					
CO-ADD:0302118	c1(cc(Cl)ccc1NC(=O)\\C=C\\c2ccco2)C(O)=O	Russian Academy of Science (Russia)	A2412/0102236		CO-ADD:PC0417	8.983	32	32	8	32	32	32	32	32																																					
CO-ADD:0296177	c12c(CCCC1O)c3c(ccc(Br)c3)[nH]2	Russian Academy of Science (Russia)	A2286/0096263		CO-ADD:PC0403	32	32	32	32	32	32	32	32	32																																					
CO-ADD:0299266	C(C(OCC)=O)(C(F)(F)F)(Nc1sc(c2c1C(OC)=O)CCCCC2)NC(=O)N(C)C	Russian Academy of Science (Russia)	A2336/0098601		CO-ADD:PC0410	32	32	32	32	32	32	32	32	32																																					
CO-ADD:0299939	C(=C(C)NC(=C1C#N)SCC(=O)Nc(cc2)ccc2CC)(C(=O)Nc3ccccc3OC)C1c4ccccc4	Russian Academy of Science (Russia)	A2366/0099992		CO-ADD:PC0410	32	32	32	32	32	32	32	32	32																																					
CO-ADD:0289250	c1(C2)c(ccc(c(cccn3)c3)c1)OCCN2.Cl	Russian Academy of Science (Russia)	L00253		CO-ADD:PC0383	32	32	32	32	32	32	32	8	32																																					
CO-ADD:0295134	C1(=O)N(C(C)=O)c(c2N1C(C)=O)ccc(Br)c2	Russian Academy of Science (Russia)	A2278/0096007		CO-ADD:PC0402	32	32	32	32	32	32	32	32	32																																					
CO-ADD:0301369	c12c(cccc1)cccc2NCCN.Cl.Cl	Russian Academy of Science (Russia)	A2401/0101693		CO-ADD:PC0417	32	32	32	32	32	32	32	32	32																																					
CO-ADD:0302889	c1(c2ccccc2)ccc(CCC(O)=O)o1	Russian Academy of Science (Russia)	A2462/0104497		CO-ADD:PC0422	32	32	32	32	32	32	32	16	32																																					
CO-ADD:0302920	N1(c2ccc(cc2)Oc(cc3)ccc3Cl)C(c4cccs4)N(N=C1C(C)=O)c5ccccc5	Russian Academy of Science (Russia)	A2463/0104560		CO-ADD:PC0422	32	32	32	16	32	32	16	32	32																																					
CO-ADD:0302921	N1(c2ccc(cc2)OCC)C(c3ccc(c4c3)OCO4)N(N=C1C(C)=O)c5ccc(cc5)Cl	Russian Academy of Science (Russia)	A2463/0104561		CO-ADD:PC0422	32	32	32	32	32	32	32	32	32																																					
CO-ADD:0302922	N1(c2ccc(cc2)OCC)C(c(cc3)ccc3N(CC4)CCO4)N(N=C1C(C)=O)c5ccc(cc5)Cl	Russian Academy of Science (Russia)	A2463/0104562		CO-ADD:PC0422	32	32	32	32	32	32	32	32	32																																					
CO-ADD:0302924	N1(c2cccc(OC)c2)C(c3ccc(cc3)OCc(cc4)ccc4Cl)N(N=C1C(C)=O)c5ccc(cc5)Cl	Russian Academy of Science (Russia)	A2463/0104567		CO-ADD:PC0422	2	32	32	2	32	32	32	32	32																																					
CO-ADD:0302930	N1(c2ccc(c(Cl)c2)N(CC3)CCO3)C(c4ccccc4)N(N=C1C(C)=O)c5ccc(cc5)Cl	Russian Academy of Science (Russia)	A2464/0104581		CO-ADD:PC0422	32	32	32	32	32	32	32	32	32																																					
CO-ADD:0278561	n1(C(C)=O)ncc2c1cc(cc2[N+](=O)[O-])[N+](=O)[O-]	Russian Academy of Science (Russia)	A1942/0081608		CO-ADD:PC0362	32	32	32	32	32	32	32	32	32																																					
CO-ADD:0294389	[n+]1([n-]c2c(cc(cc2[N+](=O)[O-])[N+](=O)[O-])[n+]1[O-])c3nonc3N	Russian Academy of Science (Russia)	A2176/0091406		CO-ADD:PC0402	2.787	32	32	16	32	32	32	8	32																																					
CO-ADD:0295082	c1(c2ccc3c1OC(=O)C=C3C)\\C(=N/O)\\C(O2)=O	Russian Academy of Science (Russia)	A2290/0096466		CO-ADD:PC0402	32	32	32	32	32	32	32	32	32																																					
CO-ADD:0302069	c1(cc(Br)ccc1NC(=O)c2cccc(OCC)c2)C(O)=O	Russian Academy of Science (Russia)	A2410/0102165		CO-ADD:PC0417	32	32	32	32	32	32	32	32	32																																					
CO-ADD:0302071	c1(cc(Br)ccc1NC(COc2ccccc2Cl)=O)C(O)=O	Russian Academy of Science (Russia)	A2410/0102167		CO-ADD:PC0417	30.43	32	32	32	32	32	32	32	32																																					
CO-ADD:0299178	N1(Cc(cc2)ccc2Cl)C(=O)C(CC1=O)NCCc(cc3)ccc3S(N)(=O)=O	Russian Academy of Science (Russia)	A2334/0098484		CO-ADD:PC0410	32	32	32	32	32	32	32	32	0.3276																																					
CO-ADD:0299179	N1(Cc(cc2)ccc2Cl)C(=O)CC(N(CC3)CCC3C(N)=O)C1=O	Russian Academy of Science (Russia)	A2334/0098486		CO-ADD:PC0410	32	32	32	32	32	32	32	8	32																																					
CO-ADD:0300068	N1(c2ccc(cc2)C)C(=O)NC(\\C(=C/c(ccc3[N+](=O)[O-])o3)\\C1=O)=O	Russian Academy of Science (Russia)	A2370/0100180		CO-ADD:PC0410	32	32	32	32	32	32	32	32	32																																					
CO-ADD:0295874	c12c([nH]nc1C(C)(C)C)OC(N)=C(C#N)C2c(ccc3[N+](=O)[O-])o3	Russian Academy of Science (Russia)	A2327/0098173		CO-ADD:PC0403	32	32	32	32	32	32	32	32	32																																					
CO-ADD:0302850	N1(CCC(O)=O)C(=O)\\C(\\SC1=S)=C\\c(cc2)ccc2N(CC)CC	Russian Academy of Science (Russia)	A2459/0104360		CO-ADD:PC0422	32	32	32	32	32	32	32	32	32																																					
CO-ADD:0302872	[n+]1([O-])onc(cc2C(N)=O)c1cc2	Russian Academy of Science (Russia)	A2461/0104455		CO-ADD:PC0422	12.14	32	32	32	32	32	32	16	32																																					
CO-ADD:0294355	N1(c(c2C)c(C)[nH]n2)C(=O)c(c3)c(c(c4)C1=O)c(cc3[N+](=O)[O-])cc4[N+](=O)[O-]	Russian Academy of Science (Russia)	A2175/0091371		CO-ADD:PC0402	10.89	32	32	4	32	32	32	32	32																																					
CO-ADD:0294356	N1(C(=O)c(c2)c(c(c3)C1=O)c(cc2[N+](=O)[O-])cc3[N+](=O)[O-])c4c(C)nn(c(cc5)ccc5[N+](=O)[O-])c4C	Russian Academy of Science (Russia)	A2175/0091372		CO-ADD:PC0402	32	32	32	16	32	32	32	32	32																																					
CO-ADD:0295804	C(F)(C(F)(F)F)(C1=O)SC(=N1)NC(=O)Nc2ccccc2	Russian Academy of Science (Russia)	A2325/0098088		CO-ADD:PC0403	32	32	32	32	32	32	32	32	32																																					
CO-ADD:0295814	N1(c2ccc(cc2)Cl)C(=O)CC(N(CC3)CCC3C(O)(c4ccccc4)c5ccccc5)C1=O	Russian Academy of Science (Russia)	A2326/0098103		CO-ADD:PC0403	27.43	32	32	32	32	32	32	16	32																																					
CO-ADD:0302879	[N+](=O)([O-])c1ccc(cc1C)C(=O)Nc2ccc(cc2C(O)=O)I	Russian Academy of Science (Russia)	A2462/0104483		CO-ADD:PC0422	32	32	32	32	32	32	32	32	32																																					
CO-ADD:0300064	C(=C\\c(ccc1[N+](=O)[O-])s1)(/C(=O)NC(N2C)=O)\\C2=O	Russian Academy of Science (Russia)	A2370/0100176		CO-ADD:PC0410	32	32	32	32	32	32	32	32	32																																					
CO-ADD:0294301	c12c([nH]nc1c3ccc(c(OC)c3)OC)OC(=C(C#N)C24c5c(NC4=O)cccc5)N	Russian Academy of Science (Russia)	A2268/0095551		CO-ADD:PC0402	32	32	32	32	32	32	32	32	32																																					
CO-ADD:0295060	[n+]1(CCCCI)ccc(c(cccc2)c12)\\C=C\\c3ccccc3O.[I-]	Russian Academy of Science (Russia)	A2289/0096430		CO-ADD:PC0402	32	32	32	32	32	32	32	32	32																																					
CO-ADD:0258891	C(=O)(Nc1cccc(SC)c1)\\C=C/C(O)=O	Russian Academy of Science (Russia)	A1853/0078037		CO-ADD:PC0349	32	32	32	32	32	32	32	16	32																																					
CO-ADD:0288799	c(nc1)(nnc1C)Cc2ccccc2	Russian Academy of Science (Russia)	tr013		CO-ADD:PC0383	32	32	32	32	32	32	32	32	32																																					
CO-ADD:0288819	c(cc1[N+](=O)[O-])(C(=O)NCC#C)cc([N+](=O)[O-])c1	Russian Academy of Science (Russia)	LK01255		CO-ADD:PC0383	32	32	32	16	32	32	32	32	32																																					
CO-ADD:0288820	c(c1Cl)(C(=O)NCC#C)ccc([N+](=O)[O-])c1	Russian Academy of Science (Russia)	LK01256		CO-ADD:PC0383	32	32	32	32	32	32	32	32	32																																					
CO-ADD:0288832	c1(C(NCC#C)=O)oc([N+](=O)[O-])cc1	Russian Academy of Science (Russia)	LK01268		CO-ADD:PC0383	6.089	32	32	32	16	32	32	32	32																																					
CO-ADD:0278533	c1(C(OCC)=O)[nH]c(c(\\C(\\Br)=C\\Br)c1C)C	Russian Academy of Science (Russia)	A1941/0081567		CO-ADD:PC0362	7.8	32	32	32	32	32	32	32	32																																					
CO-ADD:0295006	n1(c2ccccc2)nnnc1S\\C=C(/c3ccccc3)\\[N+](=O)[O-]	Russian Academy of Science (Russia)	A2288/0096360		CO-ADD:PC0402	20.78	32	32	32	32	32	2	2	32																																					
CO-ADD:0295033	N1(c2ccc(cc2)OCCC)C(=O)C(CC1=O)Nc(cc3)ccc3CCO	Russian Academy of Science (Russia)	A2289/0096390		CO-ADD:PC0402	32	32	32	32	32	32	32	32	32																																					
CO-ADD:0299566	C(=O)(N\\N=C(/C)\\CC(=O)Nc1ccccc1C)C(=O)Nc2ccccc2C	Russian Academy of Science (Russia)	A2300/0096926		CO-ADD:PC0410	32	32	32	32	32	32	32	32	32																																					
CO-ADD:0299567	C(=O)(N\\N=C(/C)\\CC(=O)Nc1ccccc1Br)C(=O)Nc2ccccc2C	Russian Academy of Science (Russia)	A2300/0096927		CO-ADD:PC0410	32	32	32	32	32	32	32	32	32																																					
CO-ADD:0278353	N(c1ccccc1C#N)(C(=O)C(C23)C(C)(C=C4)OC24C)C3=O	Russian Academy of Science (Russia)	A1912/0080362		CO-ADD:PC0362	32	32	32	32	32	32	32	32	32																																					
CO-ADD:0299548	[n+]12c(c(ccc1)c3)c(cc3)SCC2(C)C[Hg]Br.[Br-]	Russian Academy of Science (Russia)	A2299/0096897		CO-ADD:PC0410	18.61	32	32	1	8	32			32																																					
CO-ADD:0288754	c(C)(c1)n(CC2CCN(C(c3oc([N+](=O)[O-])cc3)=O)C2)c(n1)c4ccccc4	Russian Academy of Science (Russia)	LK00706		CO-ADD:PC0383	5.546	32	32	16	32	32	32	32	32																																					
CO-ADD:0288756	c(C)(c1)n(CCC2CCN(C(c3oc([N+](=O)[O-])cc3)=O)CC2)c(n1)c4cnccc4	Russian Academy of Science (Russia)	LK00708		CO-ADD:PC0383	19.87	32	32	32	32	32	32	32	32																																					
CO-ADD:0295381	c(no[n+]1[O-])(c12)c3c(c4c2no[n+]4[O-])no[n+]3[O-]	Russian Academy of Science (Russia)	A2311/0097497		CO-ADD:PC0403	2.528	32	32	16	32	32	16	8	32																																					
CO-ADD:0295325	C(=C/c(ccc1[N+](=O)[O-])s1)(/C(=O)NC(N2CC)=S)\\C2=O	Russian Academy of Science (Russia)	A2310/0097414		CO-ADD:PC0403	32	32	32	32	32	32	8	8	32																																					
CO-ADD:0295873	C1(C#N)=C(N)OC(=C2C1c(ccc3[N+](=O)[O-])o3)CCCC2=O	Russian Academy of Science (Russia)	A2327/0098172		CO-ADD:PC0403	32	32	32	32	32	32	32	32	32																																					
CO-ADD:0295816	N1(c2ccc(cc2)OCC)C(=O)CC(N(CC3)CCC3C(O)(c4ccccc4)c5ccccc5)C1=O	Russian Academy of Science (Russia)	A2326/0098105		CO-ADD:PC0403	32	32	32	32	32	32	32	16	32																																					
CO-ADD:0299505	c1(Cl)c(Cl)ccc(c1)NNC(C)=O	Russian Academy of Science (Russia)	A2297/0096805		CO-ADD:PC0410	32	32	32	32	32	32	32	32	32																																					
CO-ADD:0299506	C(C)(=O)NNc(cc1)ccc1Br	Russian Academy of Science (Russia)	A2297/0096810		CO-ADD:PC0410	32	2	32	32	32	32	32	32	32											32											32			2	16	32	32	32	32	32	32	32				
CO-ADD:0299507	C(C)(=O)NNc(cc1)ccc1C	Russian Academy of Science (Russia)	A2297/0096815		CO-ADD:PC0410	32	4	32	32	32	32	32	32	32											32											32			4	32	32	32	32	32	32	32	32				
CO-ADD:0299514	c(cccn1)(\\C(\\C=CC2=O)=N/Nc3ccccc3Cl)c12	Russian Academy of Science (Russia)	A2298/0096831		CO-ADD:PC0410	32	32	32	32	32	32	32	16	32																																					
CO-ADD:0257377	c1(N\\N=C/c(cc2)cc(c2OC(C)=O)OC)nncn1N	Russian Academy of Science (Russia)	A1811/0076584		CO-ADD:PC0344	28.96	32	32	32	32	32	32	32	32																																					
CO-ADD:0295628	c1(c2c3ccccc3)c([nH]n2)OC(=C(C#N)C14c5c(NC4=O)cccc5)N	Russian Academy of Science (Russia)	A2321/0097858		CO-ADD:PC0403	32	32	32	32	32	32	2	2	2																																					
CO-ADD:0295251	c1(C(=O)c2ccc(cc2)OC)no[n+]([O-])c1C(=O)c3ccc(cc3)OC	Russian Academy of Science (Russia)	A2307/0097304		CO-ADD:PC0403	5.009	32	32	32	32	32	32	32	32																																					
CO-ADD:0294881	[n+]1([O-])onc(c(nnc2c3nonc3[N+](=O)[O-])o2)c1O	Russian Academy of Science (Russia)	A2305/0097167		CO-ADD:PC0402	1.596	32	32	8	16	32	8	4	32																																					
CO-ADD:0299454	[N+](=O)([O-])c1ccc(cc1NC(C)C23C[C@]4([H])C[C@](C[C@](C4)([H])C2)([H])C3)N(CC5)CCN5	Russian Academy of Science (Russia)	A2293/0096614		CO-ADD:PC0410	13.01	32	32	8	32	32	32	32	4.192																																					
CO-ADD:0135145	O=C1N(CCO)C(C)=Cn(c12)cc([N+](=O)[O-])n2	University of Queensland (Australia)	MCC_008405:001		CO-ADD:PC0057																																														
CO-ADD:0288718	c(cccc1NC(=O)C(=S)N\\N=C\\c2ccc([N+](=O)[O-])o2)c1C	Russian Academy of Science (Russia)	LK01231		CO-ADD:PC0383	9.336	32	32	16	32	32	8	32	32																																					
CO-ADD:0288726	c1cc(ccc1C(OCC)=O)NC(=O)C(=S)N\\N=C\\c2ccc([N+](=O)[O-])o2	Russian Academy of Science (Russia)	LK01238		CO-ADD:PC0383	32	32	32	8	32	32	32	32	32																																					
CO-ADD:0288739	c1(cnc(n1CC23CC(CC(C2)C4)CC4C3)c(cnc5)cc5)C	Russian Academy of Science (Russia)	LK00712		CO-ADD:PC0383	32	32	32	16	32	32	32	32	32																																					
CO-ADD:0294633	n1c(SCC)ncc(C(OCC)=O)c1O	Russian Academy of Science (Russia)	A2179/0091580		CO-ADD:PC0402	32	32	32	32	32	32	32	32	32																																					
CO-ADD:0294647	C(/c1c2cccc1)(=N/C(c3ccccc3)=O)\\C(Cl)=C(C2=O)Cl	Russian Academy of Science (Russia)	A2272/0095761		CO-ADD:PC0402	32	32	32	32	32	32			32																																					
CO-ADD:0294653	[N+](=O)([O-])N(c1ccc(cc1)OCc2ccccc2)CCc(cc3)ccn3	Russian Academy of Science (Russia)	A2272/0095771		CO-ADD:PC0402	32	32	32	32	32	32	32	32	32																																					
CO-ADD:0258823	S(C1=S)C2=C(S1)SCCCS2	Russian Academy of Science (Russia)	A1873/0078812		CO-ADD:PC0349	32	32	32	32	32	32	32	32	32																																					
CO-ADD:0294557	N1(C(c2ccccc2)CC(=N1)C3=C(c4ccccc4)c5c(ccc(Br)c5)NC3=O)C(=O)c6ccc(cc6)C	Russian Academy of Science (Russia)	A2177/0091488		CO-ADD:PC0402	32	32	32	32	32	32	32	32	32																																					
CO-ADD:0295690	C1(C(c2ccco2)C(C#N)C(N)=O)=C(O)OC(C)(C)OC1=O	Russian Academy of Science (Russia)	A2322/0097935		CO-ADD:PC0403	32	32	32	32	32	32	16	32	32																																					
CO-ADD:0295693	C(F)(C(F)(F)F)(C1=O)SC(=N1)N	Russian Academy of Science (Russia)	A2322/0097945		CO-ADD:PC0403	32	32	32	16	32	32	32	32	32																																					
CO-ADD:0252586	N(=C(/SCC(=O)Nc1ccccc1OC)\\SCC(=O)Nc2ccccc2OC)/C#N	Russian Academy of Science (Russia)	A1610/0069494		CO-ADD:PC0337	13.6	32	32	32	32	32	32	32	32																																					
CO-ADD:0294655	c1(C(OCC)=O)c2c([nH]c1C)ccc(OC)c2	Russian Academy of Science (Russia)	A2272/0095773		CO-ADD:PC0402	32	32	32	32	32	32	32	32	32																																					
CO-ADD:0295371	C(/c1ccccc1Cl)(\\c2ccccc2Cl)=C(\\C3CCN4CC3)/C4.Cl	Russian Academy of Science (Russia)	A2311/0097475		CO-ADD:PC0403	6.599	32	32	32	32	32	32	32	7.832																																					
CO-ADD:0293764	c1(N)c(Cl)cc(cc1Cl)NC(=O)\\C=C\\C(O)=O	Russian Academy of Science (Russia)	A2253/0094929		CO-ADD:PC0397	32	32	32	32	32	32	32	32	32																																					
CO-ADD:0293771	C(=N/c(cc(C)cc1C)c1)(/S\\C(\\C2=O)=C\\c(cc(I)c(c3[N+](=O)[O-])O)c3)\\N2C4CCCCC4	Russian Academy of Science (Russia)	A2254/0094939		CO-ADD:PC0397	32	32	32	32	32	32	32	32	32																																					
CO-ADD:0295451	S(=O)(=O)(c(ccc(c1[N+](=O)[O-])Cl)c1)Nc2ccc(cc2C(=O)Nc(ccc(c3Cl)Cl)c3)Cl	Russian Academy of Science (Russia)	A2313/0097595		CO-ADD:PC0403	32	32	32	8	32	32	32	32	32																																					
CO-ADD:0295533	C1(N(CCC)CCOC1=O)CC(=O)Nc(cc2)ccc2OCC	Russian Academy of Science (Russia)	A2317/0097737		CO-ADD:PC0403	32	32	32	32	32	32	16	2	32																																					
CO-ADD:0288992	N1(OC)C(=O)c2c(Oc(cc3[N+](=O)[O-])c1nc3)cccc2	Russian Academy of Science (Russia)	SAV-0138		CO-ADD:PC0383	5.758	32	32	32	32	32	32	32	32																																					
CO-ADD:0295387	[n+]([O-])(c1c2ccc(Br)c1)c(C#N)c([n+]2[O-])N	Russian Academy of Science (Russia)	A2311/0097505		CO-ADD:PC0403	32	32	32	32	32	32	32	32	32																																					
CO-ADD:0296059	c1([N+](=O)[O-])cc(non2)c2c(nn3)c1[nH]3	Russian Academy of Science (Russia)	A2332/0098410		CO-ADD:PC0403	6.675	32	32	32	32	32	32	16	32																																					
CO-ADD:0295965	c1([N+](=O)[O-])ncn(CCO)c1[N+](=O)[O-]	Russian Academy of Science (Russia)	A2329/0098293		CO-ADD:PC0403	3.893	32	32	16	32	32	32	32	32																																					
CO-ADD:0296178	C1(SCC(C(O)=O)N1)c2cccc(O)c2O	Russian Academy of Science (Russia)	A2286/0096264		CO-ADD:PC0403	32	32	32	32	32	32	32	16	32																																					
CO-ADD:0302919	N1(c2ccc(c(Cl)c2)Cl)C(c(cc3)ccc3N(CC4)CCO4)N(N=C1C(C)=O)c5ccccc5	Russian Academy of Science (Russia)	A2463/0104559		CO-ADD:PC0422	32	32	32	16	32	32	32	32	32																																					
CO-ADD:0303044	c1(c(ccc(c1)[N+](=O)[O-])Sc(cc2)c3c([n+]2[O-])cccc3)[N+](=O)[O-]	Russian Academy of Science (Russia)	A2261/0095250		CO-ADD:PC0422	5.4	32	32	16	32	32	32	32	32																																					
CO-ADD:0306961	N1(c2sccn2)C(=O)\\C(\\SC1=N)=C/c(ccc3c4ccccc4C(O)=O)o3	Russian Academy of Science (Russia)	A2587/0110215		CO-ADD:PC0439	32	32	32	32	32	32	32	32	32											32																										
CO-ADD:0307015	N1(c2ccc(cc2)OCCCC)C(=O)C(C3C1=O)CC(=C(C)C3)C	Russian Academy of Science (Russia)	A2590/0110277		CO-ADD:PC0439	32	32	32	32	32	32	32	16	32											32																										
CO-ADD:0307059	[N+](=O)([O-])c(cc1)cc(c1N(CC2)CCN2C(=O)c3ccc(cc3)F)F	Russian Academy of Science (Russia)	A2592/0110328		CO-ADD:PC0439	32	32	32	32	32	32	32	32	32											32																										
CO-ADD:0311391	N1(c2ccccc2[N+](=O)[O-])C(=O)CC(N(CC3)CCC3C(N)=O)C1=O	Russian Academy of Science (Russia)	A2634/0112114		CO-ADD:PC0448	32	32	32	32	32	32	32	8	32											32																										
CO-ADD:0295429	c1(ccc(\\C=C\\C(=O)Nc2c(C)ccc(F)c2)o1)[N+](=O)[O-]	Russian Academy of Science (Russia)	A2313/0097563		CO-ADD:PC0403	1.507	32	32	16	32	32	32	32	32																																					
CO-ADD:0302503	C(=O)(c1cccc(c1)NC(=O)c2ccc(cc2)Cl)N3CCCCC3	Russian Academy of Science (Russia)	A2428/0102847		CO-ADD:PC0422	32	32	32	32	32	32	32	32	32																																					
CO-ADD:0307253	c(c1Cl)([N+](=O)[O-])c(Cl)nc(Cl)c1C(OC)=O	Russian Academy of Science (Russia)	A2600/0110541		CO-ADD:PC0439	5.224	32	32	32	32	32	16	32	32											32																										
CO-ADD:0306285	C(=C\\c(c1c([nH]2)cccc1)c2)(/C(=O)c3c(O4)cccc3)\\C4=O	Russian Academy of Science (Russia)	A2573/0109695		CO-ADD:PC0432	32	32	32	32	32	32	32	32	32											32																										
CO-ADD:0306353	S(=O)(=O)(c(cc1)ccc1[N+](=O)[O-])N(c2ccccc2)NC(=O)C(CC)(CC)O	Russian Academy of Science (Russia)	A2574/0109790		CO-ADD:PC0432	32	32	32	32	32	32	32	32	32											32																										
CO-ADD:0294850	[n+]([O-])(c(cc(C)cc1)c12)c(C#N)c([n+]2[O-])N	Russian Academy of Science (Russia)	A2304/0097122		CO-ADD:PC0402	32	32	32	32	32	32	32	32	32																																					
CO-ADD:0302175	C(=O)(Oc1ccccc1C=O)c2cccs2	Russian Academy of Science (Russia)	A2414/0102336		CO-ADD:PC0417	32	32	32	32	32	32	32	32	32																																					
CO-ADD:0311820	c1(c2c(cc3)ccn3)c([nH]n2)OC(=C(C#N)C14c5c(NC4=O)cccc5)N	Russian Academy of Science (Russia)	A2560/0109066		CO-ADD:PC0449	8	32	32	16	32	32	32	32	32											32																										
CO-ADD:0296144	C1(=O)N(C)Sc2c1ccc(c2)[N+](=O)[O-]	Russian Academy of Science (Russia)	A2285/0096215		CO-ADD:PC0403	7.956	16	32	8	32	32	16	1	32																																					
CO-ADD:0301310	N1(CN2CCCC2)N=C(OC1=S)c3ccc(cc3)OCC	Russian Academy of Science (Russia)	A2407/0101994		CO-ADD:PC0417	32	32	32	32	32	32	32	32	32																																					
CO-ADD:0301421	C1(=O)Oc(c(cc(c2OC(OCCCl)=O)Br)S1)c2	Russian Academy of Science (Russia)	A2403/0101781		CO-ADD:PC0417	32	32	32	32	32	32	32	32	32																																					
CO-ADD:0303120	C(C(OCC)=O)(C(F)(F)F)(Nc1sc(c(CC)c1C#N)C)NC(=O)N(C)C	Russian Academy of Science (Russia)	A2264/0095383		CO-ADD:PC0422	32	32	32	32	32	32	32	32	32																																					
CO-ADD:0311728	n(c(ccc(c1)OC)c1cc2C=O)c2Cl	Russian Academy of Science (Russia)	A2654/0113123		CO-ADD:PC0449	32	32	32	32	32	32	32	32	32											32																										
CO-ADD:0249979	c(non1)(c1n2)ncc2c(cc3)ccc3OC	Russian Academy of Science (Russia)	A4570/0195537		CO-ADD:PC0332	32	32	32	32	32	32	32	32	32																																					
CO-ADD:0305544	[N+](=O)([O-])c1ccc(cc1NCCc2ccccc2)N(CC3)CCN3C(=O)c4ccccc4Cl	Russian Academy of Science (Russia)	A2547/0108422		CO-ADD:PC0432	32	32	32	32	32	32	32	32	32											32																										
CO-ADD:0305436	C(=C/c(cc1)ccc1OCc2ccccc2F)(/C3=O)\\C(=O)OC4(CCCCC4)O3	Russian Academy of Science (Russia)	A2544/0108266		CO-ADD:PC0432	23.77	32	32	32	32	4	32	32	32											32																										
CO-ADD:0305453	c1(c(O)ccc(c1)[N+](=O)[O-])C2N(CCCN2Cc3ccccc3)Cc4ccccc4	Russian Academy of Science (Russia)	A2544/0108294		CO-ADD:PC0432	32	32	32	8	32	32	16	32	32											32																										
CO-ADD:0311941	C(NC(C)=O)(C(=O)c(cccc1)c1C2=O)=C2N(CC3)CCN3c4ccc(cc4)OC	Russian Academy of Science (Russia)	A2642/0112512		CO-ADD:PC0449	32	32	32	32	32	32	32	32	32											32																										
CO-ADD:0252609	C1(O)(CC(=NN1C(=O)c(cccc2[N+](=O)[O-])c2)C)C(F)(F)C(F)(F)C(F)(F)C(F)(F)C(F)(F)C(F)(F)F	Russian Academy of Science (Russia)	A1614/0069595		CO-ADD:PC0337	10.9	32	32	16	32	32	32	32	32																																					
CO-ADD:0319423	C1(N(CC2)CCN2c(cc3)ccc3[N+](=O)[O-])=CC(OC14CCCCC4)=O	Russian Academy of Science (Russia)	A2687/0114542		CO-ADD:PC0457	32	32	32	32	32	32	32	4	32											32																										
CO-ADD:0147067	F[P-](F)(F)(F)(F)F.F[P-](F)(F)(F)(F)F.C12=NC3=C(N=C1C=CC=C2)C4=C5C6=[N+]([Ru]78([N+]5=CC=C4)([N+]9=CC=CC=C9C%10=CC=CC=[N+]8%10)[N+]%11=CC=CC=C%11C%12=CC=CC=[N+]7%12)C=CC=C36	Lancaster University (UK)	MC61		CO-ADD:PC0131	32	32	32	32	32	32	32	32																																						
CO-ADD:0299469	N1(c2ccc(cc2)Cl)NC(=O)c(c3C1=O)cccc3	Russian Academy of Science (Russia)	A2294/0096662		CO-ADD:PC0410	32	32	32	32	32	32	32	32	32																																					
CO-ADD:0299557	c1(cc(C#N)c(cc1Nc(cc2)ccc2Oc(cc3)ccc3Cl)C#N)[N+](=O)[O-]	Russian Academy of Science (Russia)	A2299/0096911		CO-ADD:PC0410	2.036	32	32	32	32	32	32	16	32																																					
CO-ADD:0305094	c1(cc(cc(cn2)c1[nH]2)[N+](=O)[O-])[N+](=O)[O-]	Russian Academy of Science (Russia)	A2533/0107748		CO-ADD:PC0430	32	32	32	16	32	32	32	32	32																																					
CO-ADD:0311681	[nH]1c2c(nc1SCC(=O)Nc3ccc(cc3OC)OC)cccn2	Russian Academy of Science (Russia)	A2639/0112392		CO-ADD:PC0448	32	32	32	32	32	32	32	32	32											32																										
CO-ADD:0311382	c(n1)(c2)c(ccc2C(=O)Nc3ccccc3C(O)=O)ns1	Russian Academy of Science (Russia)	A2632/0112042		CO-ADD:PC0448	32	32	32	32	32	32	32	32	32											32																										
CO-ADD:0311914	N(C(=O)\\C(\\S1)=C\\c(cc2)ccc2OCc3ccccc3)=C1N(CC4)CCN4CC	Russian Academy of Science (Russia)	A2640/0112452		CO-ADD:PC0449	32	32	32	32	32	32	32	32	32											32																										
CO-ADD:0304884	N(N)c(cc1)ccc1I.Cl	Russian Academy of Science (Russia)	A2521/0107146		CO-ADD:PC0430	32	4	32	32	32	32	32	32	32											32											32			8			32	32	32	2	32					
CO-ADD:0304891	c1(F)cc(Br)ccc1NN.Cl	Russian Academy of Science (Russia)	A2521/0107154		CO-ADD:PC0430	32	4	32	32	32	32	32	32	32											32											32			4			32	32	32	1	32					
CO-ADD:0304474	c1(nnn2)n2c3c(cccc3)nc1N=NN=P(N(CC)CC)(N(CC)CC)N(CC)CC	Russian Academy of Science (Russia)	A2509/0106620		CO-ADD:PC0430	32	32	32	32	32	32	32	32	32																																					
CO-ADD:0311117	n1c(c2ccc(cc2)Br)csc1N(C)CCCC(O)=O	Russian Academy of Science (Russia)	A2621/0111488		CO-ADD:PC0448	32	32	32	32	32	32	16	32	32											32																										
CO-ADD:0303724	C1(=S)NC(NN1c2ccc(cc2)Cl)(C)CCCC	Russian Academy of Science (Russia)	A2478/0105268		CO-ADD:PC0429	32	8	32	32	32	32	32	32	32											32											32			16	32	32										
CO-ADD:0307303	C(C(O)=O)(=CN(CC)c1c2cc(c(N(CC3)CCN3C(=S)NC(=O)c4ccccc4Cl)c1)F)C2=O	Russian Academy of Science (Russia)	A2575/0109851		CO-ADD:PC0439	30.25	32	32	32	32	32	32	32	32											8																										
CO-ADD:0302720	N1(c2ccc(cc2)OC(F)(Cl)F)C(=O)CC(N(CC3)CCO3)C1=O	Russian Academy of Science (Russia)	A2260/0095177		CO-ADD:PC0422	2	2	2	2	32	32	2	2	2																																					
CO-ADD:0288725	c(c(Cl)ccc1NC(=O)C(N\\N=C\\c2ccc([N+](=O)[O-])o2)=S)c1	Russian Academy of Science (Russia)	LK01237		CO-ADD:PC0383	32	32	32	32	32	32	32	32	32																																					
CO-ADD:0319310	C1(C23)C(C(c(cccc4)c24)c5c3cccc5)C(OC1=O)=O	Russian Academy of Science (Russia)	A2679/0114158		CO-ADD:PC0457	32	32	32	32	32	32	32	32	32											32																										
CO-ADD:0319383	[N+](=O)([O-])c(c1)c(cccn2)c2c(O)c1CN(CC3C)CC(O3)C	Russian Academy of Science (Russia)	A2686/0114499		CO-ADD:PC0457	32	32	32	32	32	32	16	32	32											32	32	32	32	32	32	4		32		32													32	32	32	
CO-ADD:0319411	C1(=Cc(c2OC1c(ccc(c34)OCO3)c4)cc(cc2OC)Br)[N+](=O)[O-]	Russian Academy of Science (Russia)	A2686/0114529		CO-ADD:PC0457	8.437	32	32	32	32	32	16	4	32											32																										
CO-ADD:0319435	C1(=Cc(cccc2OC)c2OC1c(ccc(c34)OCO3)c4)[N+](=O)[O-]	Russian Academy of Science (Russia)	A2682/0114336		CO-ADD:PC0457	27.06	32	32	32	32	32	2	1	32											32																										
CO-ADD:0319074	C12(c3c(N(CC)C1=O)cccc3)C(C#N)=C(N)OC(NC(=O)NC4=O)=C24	Russian Academy of Science (Russia)	A2675/0113988		CO-ADD:PC0457	4	32	32	4	32	32	32	32	32											32																										
CO-ADD:0328590	C(C(OC)=O)(C(F)(F)F)(Nc1sc2c(ccc(C(C)C)c2)n1)NC(=O)c3cccc(OC)c3	Russian Academy of Science (Russia)	A2881/0121469		CO-ADD:PC0503	17.7	32	32	32	32	32	32	32	32											32																										
CO-ADD:0330799	n1(c(C)c(nn1)C(OCC)=O)c2nc(OC)nc(N(CC)CC)n2	Russian Academy of Science (Russia)	A2914/0122842		CO-ADD:PC0517	32	32	32	16	32	32	32	32	32											32																										
CO-ADD:0329275	C(O)(C(F)(F)F)(C(F)(F)F)c1ccc(cc1OC(C)=O)C	Russian Academy of Science (Russia)	A2894/0121896		CO-ADD:PC0509	32	32	32	32	32	32	32	32	32											32																										
CO-ADD:0329963	c1(ccc(\\C=C\\C(=O)Nc(cc2)ccc2CC#N)o1)[N+](=O)[O-]	Russian Academy of Science (Russia)	A2907/0122525		CO-ADD:PC0509	32	32	32	32	32	32	32	32	32											32																										
CO-ADD:0329979	N1(c2c(OC)ccc(OC)c2)C(=O)NC(\\C(=C/c(ccc3[N+](=O)[O-])s3)\\C1=O)=O	Russian Academy of Science (Russia)	A2908/0122541		CO-ADD:PC0509	18.25	16	32	32	32	32	8	16	32											32																										
CO-ADD:0328225	c1(c(C)c(cc(C(C)C)c1O)NS(c2ccccc2)(=O)=O)S(=O)(=O)c3ccc(cc3)OC	Russian Academy of Science (Russia)	A2863/0120693		CO-ADD:PC0503	32	32	32	32	32	32	32	32	32											32																										
CO-ADD:0329305	C(C#N)(S1)=C(C#N)SC(C#N)=C1C#N	Russian Academy of Science (Russia)	A2895/0121936		CO-ADD:PC0509	9.73	32	32	16	32	32	4	2	32											32																										
CO-ADD:0330042	C(C(OC)=O)(C(F)(F)F)(C(C(C)=O)C(C)=O)NS(c1ccccc1)(=O)=O	Russian Academy of Science (Russia)	A2909/0122607		CO-ADD:PC0509	32	32	32	16	32	32	32	32	32											32																										
CO-ADD:0330858	c(C(NCCc1ccccc1)=O)(sc(c23)nc(cc2C(F)(F)F)c4cccs4)c3N	Russian Academy of Science (Russia)	A2916/0122903		CO-ADD:PC0517	32	32	32	32	32	32	32	32	32											32																										
CO-ADD:0329400	C(C(O)=O)(=CN(CC)c1c2cc(c(N(CC3)CCN3C(=S)Nc(cc4)ccc4C(C)=O)c1)F)C2=O	Russian Academy of Science (Russia)	A2897/0122036		CO-ADD:PC0509	32	32	32	32	4	32	32	32	32											1																										
CO-ADD:0329404	C(C(O)=O)(=CN(CC)c1c2cc(c(N(CC3)CCN3C(=S)NC(=O)c4c(cccc4OC)OC)c1)F)C2=O	Russian Academy of Science (Russia)	A2897/0122040		CO-ADD:PC0509	26.78	32	32	2	4	32	32	32	32											1																										
CO-ADD:0329411	C(C(O)=O)(=CN1CC)C(=O)c(c12)cnc(N(CC3)CCN3C(=S)NC(=O)c(ccc(n4)Cl)c4)n2	Russian Academy of Science (Russia)	A2902/0122248		CO-ADD:PC0509	32	32	32	32	32	32	32	32	32											32																										
CO-ADD:0329413	C(C(O)=O)(=C1)C(=O)c(c2N1C3CC3)cc(c(N(CC4)CCN4C(=S)NC(=O)c5ccc(cc5)Cl)c2)F	Russian Academy of Science (Russia)	A2902/0122250		CO-ADD:PC0509	32	32	32	4	4	32	32	32	32											2																										
CO-ADD:0327903	C1(C(c2ccccc2)=O)C(C)=NN(CCCCCCC)C1=O	Russian Academy of Science (Russia)	A2803/0118497		CO-ADD:PC0502	28.96	32	32	16	32	32	32	32	32											32																										
CO-ADD:0328017	N1C(c2ccc(cc2)Cl)C(CC=C3)C3c4c1c(O)ccc4Cl	Russian Academy of Science (Russia)	A2869/0120891		CO-ADD:PC0502	12.28	32	32	32	32	32	32	32	3.475											32																										
CO-ADD:0328018	N(c1c(cccc1)NC(CC(c(cc2)ccc2C(C)(C)C)CC3=O)=C34)(C(C(C)C)=O)C4c(cc5)ccn5	Russian Academy of Science (Russia)	A2869/0120892		CO-ADD:PC0502	32	32	32	32	32	32	32	32	32											32																										
CO-ADD:0329472	C(C(OC)=O)(CC(=C)C(CCC(=C1)C)C1)(C(F)(F)F)NS(c2ccccc2)(=O)=O	Russian Academy of Science (Russia)	A2903/0122312		CO-ADD:PC0509	32	32	32	32	32	32	32	32	32											32																										
CO-ADD:0328527	c(cc1)ccc1N(C(c(cc2)ccn2)=NN3[C@H]4CC(=O)[C@H](O5)O[C@@H]4C5)C3=S	Russian Academy of Science (Russia)	A2880/0121403		CO-ADD:PC0503	5.761	32	32	32	32	32	32	32	32											32																										
CO-ADD:0328754	c1(c(C)cc(nc1Cl)Cl)C(=O)Nc2ccccc2F	Russian Academy of Science (Russia)	A2875/0121163		CO-ADD:PC0503	32	32	32	32	32	32	32	32	32											32																										
CO-ADD:0329548	C(O)(C(OC)=O)(C(F)(F)F)NC(OCc1ccccc1)=O	Russian Academy of Science (Russia)	A2898/0122091		CO-ADD:PC0509	32	32	32	16	32	32	32	32	32											32																										
CO-ADD:0328870	C1(=C(Nc(cc2)ccc2OC)C(c(cccc3)c3C1=O)=O)n4c5c(nn4)cccc5	Russian Academy of Science (Russia)	A2887/0121663		CO-ADD:PC0503	32	32	32	16	32	32	32	32	32											32																										
CO-ADD:0329659	s1c(SCc2ccccc2F)nnc1SCc3ccccc3F	Russian Academy of Science (Russia)	A2901/0122204		CO-ADD:PC0509	32	32	32	32	32	32	32	32	32											32																										
CO-ADD:0329702	C(O)(C(OC)=O)(C(F)(F)F)NC(=O)OC(C)(C)C	Russian Academy of Science (Russia)	A2910/0122639		CO-ADD:PC0509	32	32	32	8	32	32	32	32	32											32																										
CO-ADD:0327956	C(O)(C(F)(F)F)(C(F)(F)F)c1c(C)cc(c(Cl)c1)O	Russian Academy of Science (Russia)	A2804/0118570		CO-ADD:PC0502	21.55	32	32	4	32	32	32	32	26.88											32																										
CO-ADD:0329752	C1(C(F)(F)F)(C(F)(F)F)N=C(c2cccs2)NC3=C1C(=O)NC(N3c4ccc(cc4)Cl)=O	Russian Academy of Science (Russia)	A2911/0122700		CO-ADD:PC0509	32	32	32	32	32	32	32	32	32											32																										
CO-ADD:0327338	C1(=S)NC(NN1c2ccccc2)(C)CCC(O)=O	Russian Academy of Science (Russia)	A2847/0120170		CO-ADD:PC0502	32	16	32	32	32	32	16	32	32											32																										
CO-ADD:0329168	C(C(O)=O)(=CN1CC)C(=O)c(c12)cnc(N(CC3)CCN3C(=S)Nc(cc4)ccc4C(OC)=O)n2	Russian Academy of Science (Russia)	A2878/0121296		CO-ADD:PC0509	32	32	32	32	16	32	32	32	32											16																										
CO-ADD:0329863	C(/c(cc(OCC)cc1)c12)(\\C(=S)C(N2C(=O)c3cc(OC)cc(OC)c3)(C)C)=C(/S4)\\SC(=C4C(OC)=O)C(OC)=O	Russian Academy of Science (Russia)	A2905/0122423		CO-ADD:PC0509	32	32	32	32	32	32	16	16	32											32																										
CO-ADD:0327355	N1(CCN)C(=O)\\C(\\SC1=O)=C/c(ccc(c2Oc3ccccc3)F)c2.Cl	Russian Academy of Science (Russia)	A2848/0120187		CO-ADD:PC0502	32	32	32	32	32	32	32	32	12.53											32																										
CO-ADD:0218183	N1(CC(CCC(OC)=O)=O)C(=O)c2c(cccc2)C1=O	Russian Academy of Science (Russia)	A0610/0028243		CO-ADD:PC0228	32	32	32	32	32	32	32	32																																						
CO-ADD:0218312	c(cc(I)cc1I)(\\C=N\\c2ccccc2I)c1O	Russian Academy of Science (Russia)	A0604/0027929		CO-ADD:PC0228	32	32	32	32	32	32	32	32																																						
CO-ADD:0218382	c1(N\\N=C(\\C)/C)nc(cccc2)c2nc1N\\N=C(/C)\\C	Russian Academy of Science (Russia)	A0606/0028034		CO-ADD:PC0228	32	32	32	32	32	32	32	32																																						
CO-ADD:0218395	c12c(non1)ncc(c3ccccc3)n2	Russian Academy of Science (Russia)	A0606/0028056		CO-ADD:PC0228	11.1	32	32		32	32	32	32	32											32	32	4		32	16	16	16		32		32	32	32	32	32	32										
CO-ADD:0218710	[N+](=O)([O-])c(ccc(c1\\C=N\\NC(=O)C(O)c2ccccc2)O)c1	Russian Academy of Science (Russia)	A0621/0028769		CO-ADD:PC0228	32	32	32	32	32	32	32	32																																						
CO-ADD:0286427	C(/[N+](=O)[O-])(\\[N+](=O)[O-])=C(/N)\\NC(c1ccccc1)=O	Russian Academy of Science (Russia)	A2090/0087888		CO-ADD:PC0374	32	32	32	32	32	32	32	32	32																																					
CO-ADD:0153098	O=C(C1=CC(NC(C2=CC(C=CC=C3)=C3OC2=O)=O)=CN1C)NC4=CN(C(C)C)C(C(NC5=CN(C)C(C(NCCCN(C)C)=O)=C5)=O)=C4.OC(C(F)(F)F)=O	University of Strathclyde (UK)	AIK-16/69(4)		CO-ADD:PC0154	32	32	32	32	32	32	32	32																																						
CO-ADD:0326598	N(c1ccc(cc1)Br)(CC(=O)c(cc2)ccc2C3CCCCC3)C(CCCCC4)=N4.Br	Russian Academy of Science (Russia)	A2832/0119639		CO-ADD:PC0497	3.941	32	32	8	32	32	32	16	32											8																										
CO-ADD:0326266	[nH]1c(cccc2)c2c(CCNCc(cc3)ccc3N(CC)CC)c1C	Russian Academy of Science (Russia)	A2814/0118974		CO-ADD:PC0497	5.308	32	32	32	32	32	32	32	32											32																										
CO-ADD:0234644	[N+](=O)([O-])c1ccc(cc1O)\\C=N\\NC(CNC(=O)c2ccc(cc2)Cl)=O	Russian Academy of Science (Russia)	A1105/0051916		CO-ADD:PC0259	32	32	32	16	32	32	32	32	32																																					
CO-ADD:0235038	[N+](=O)([O-])c1cc(ccc1Br)\\C=N\\c(cc2)ccc2C(O)=O	Russian Academy of Science (Russia)	A1110/0052179		CO-ADD:PC0260	9.88	32	32	32	32	32	32	32	32																																					
CO-ADD:0159767	O=C(O1)C(OC2=CC=CC=C2)=C(Br)C1CN.Cl	Russian Academy of Science (Russia)	A0316/0014470		CO-ADD:PC0186	32	32	32	32	32	32	32	32																																						
CO-ADD:0160014	O=C(OC1=C2C=CC=C1)N2C(C3=CC=C(Cl)C=C3)=O	Russian Academy of Science (Russia)	A0322/0014770		CO-ADD:PC0186	32	32	32	32	32	32	16	32																																						
CO-ADD:0278599	C(C(OCC)=O)(Nc1cc(on1)C)(C(F)(F)F)NS(c2ccccc2)(=O)=O	Russian Academy of Science (Russia)	A1944/0081664		CO-ADD:PC0362	32	32	32	32	32	32	32	32	32																																					
CO-ADD:0163999	O=C(N1OC(O)C(CC2=CC=CC=C2)C1)OCC3=CC=CC=C3	Biotechnology Research Centre (C.R.B.t) (Algeria)	CRUB 7		CO-ADD:PC0202	32	32	32	32	32	32	32	32																																						
CO-ADD:0229051	c1(ccccc1O)\\C=N\\OCO\\N=C\\c2ccccc2O	Russian Academy of Science (Russia)	A0794/0037195		CO-ADD:PC0246	32	32	32	32	32	32	32		32																																					
CO-ADD:0326611	C(C(c1ccccc1)=O)(C2c3ccccc3)=C(O)C(N2CCCN(CC)CC)=O	Russian Academy of Science (Russia)	A2832/0119653		CO-ADD:PC0497	32	32	32	32	32	32	32	32	32											32																										
CO-ADD:0244011	C1C[C@](C)(C([C@H](O)CC(\\C(=C(\\C(=O)On2nnc(ccc(Cl)c3)c23)/CC\\C=C(/C)\\C)\\[C@@H](OC(C)=O)C4)[C@]45C)[C@]5(C)CC6)C6[C@H](C)[C@@H]1O	Yantai University (China)	17		CO-ADD:PC0297	32	32	32		32	32	32	32	32																																					
CO-ADD:0290472	C(/S(CC)(=O)=O)(\\S(CC)(=O)=O)=C(/Nc(cc1)ccc1CC)\\Nc(cc2)ccc2CC	Russian Academy of Science (Russia)	A2142/0089924		CO-ADD:PC0393	32	32	32	32	32	32	32	32	32																																					
CO-ADD:0327793	c1([C@H]2C[C@@H](C(C)(C)[C@@]23C)CC3)c(O)c([C@H]4[C@](C(C)(C)[C@H]5C4)(C)CC5)cc(CNCCCCCC)c1	Russian Academy of Science (Russia)	BZ-0115		CO-ADD:PC0502	2.637	32	32	32	32	32	8	8	4.011											32																										
CO-ADD:0220999	c1(Br)c(O)c(\\C=N\\NC(COc2ccc(cc2OC)Br)=O)cc(Br)c1OC	Russian Academy of Science (Russia)	A0685/0031902		CO-ADD:PC0237	32	32	32	32	32	32	32	32																																						
CO-ADD:0221015	c1(cc(ccc1C(=O)OCC2CCCCC2)[N+](=O)[O-])[N+](=O)[O-]	Russian Academy of Science (Russia)	A0685/0031921		CO-ADD:PC0237	32	32	32	32	32	32	32	32																																						
CO-ADD:0221109	c1(c(C)n[nH]c1O)C(C(C#N)C#N)c(cccc2[N+](=O)[O-])c2	Russian Academy of Science (Russia)	A0688/0032074		CO-ADD:PC0237	32	32	32	32	32	32	32	32																																						
CO-ADD:0221291	c1(S(CC)(=O)=O)c(C(c2ccccc2)=O)n(c3c1S(CC)(=O)=O)cccc3C	Russian Academy of Science (Russia)	A0701/0032701		CO-ADD:PC0237	0.762	32	32	32	32	32	32	32																																						
CO-ADD:0221528	c1(cc(ccc1C(=O)OCc(cc2)ccc2[N+](=O)[O-])[N+](=O)[O-])[N+](=O)[O-]	Russian Academy of Science (Russia)	A0716/0033417		CO-ADD:PC0237	3.81	32	32	8	32	32	32	32																																						
CO-ADD:0221690	N1(CNc(cc2)ccc2CC)C(=O)\\C(\\SC1=S)=C/c3ccc(cc3Cl)Cl	Russian Academy of Science (Russia)	A0722/0033687		CO-ADD:PC0237	32	32	32	4	32	32	32	32													32	32	32					32	32	32																
CO-ADD:0241754	C12(c3c(NC1=O)cccc3)C(C#N)=C(COC)OC(N)=C2C(OC)=O.[Na+]	Russian Academy of Science (Russia)	A1284/0058588		CO-ADD:PC0290	32	32	32	8	32	32	32	32	32																																					
CO-ADD:0326032	C(NC(C)=O)(C(=O)c(cccc1)c1C2=O)=C2N(CC3)CCN3C(=O)c4ccco4	Russian Academy of Science (Russia)	A2807/0118713		CO-ADD:PC0497	32	32	32	32	32	32	32	32	32											32																										
CO-ADD:0326339	c1(ccc(c(OC)c1)OC)C(=O)CCN(CC)CC.Cl	Russian Academy of Science (Russia)	A2800/0118339		CO-ADD:PC0497	9.779	32	32	32	32	32	32	16	32											32																										
CO-ADD:0327692	C1(C2=O)C(C(C=C3)OC13CO)C(N2c(cc4)ccc4C(C)=O)=O	Russian Academy of Science (Russia)	A2859/0120536		CO-ADD:PC0502	14.55	32	32	32	32	32	32	16	32											32																										
CO-ADD:0217345	c(Nc(ccc(c1C)C)c1)(nc(N\\N=C/c(ccc2c(cccc3[N+](=O)[O-])c3)o2)nc4Nc(cc5)ccc5[N+](=O)[O-])n4	Russian Academy of Science (Russia)	A0576/0026563		CO-ADD:PC0225	32	32	32	32	32	32	32	32																																						
CO-ADD:0217401	c1(c(Br)cc(cc1\\C=N\\NC(=O)c(ccc(n2)C)c2)Br)OC(=O)c(cc3OC)cc(c3OC)OC	Russian Academy of Science (Russia)	A0577/0026639		CO-ADD:PC0225	32	32	32	32	32	32	32	32																																						
CO-ADD:0252661	[N+](=O)([O-])c(ccc(c1\\C=N\\c(cc2)ccc2I)O)c1	Russian Academy of Science (Russia)	A1621/0069768		CO-ADD:PC0337	32	32	32	32	32	32	32	32	32																																					
CO-ADD:0221788	S(=O)(=O)(c(cc1)ccc1[N+](=O)[O-])NCC(=O)N\\N=C(/C)\\C(C)CC	Russian Academy of Science (Russia)	A0726/0033842		CO-ADD:PC0237	32	32	32	32	32	32	32	32																																						
CO-ADD:0166583	c(\\C=N\\NC(CNc(cc1)ccc1I)=O)(c2c([nH]3)cccc2)c3	Russian Academy of Science (Russia)	A0506/0023492		CO-ADD:PC0217	32									32	32	32	32	32	32	32																														
CO-ADD:0166707	C1(C#N)(C#N)C(c(cc2)ccc2C(C)C)C(C3)C(C(C#N)=C1N)=CCN3C(C)C.[Na+]	Russian Academy of Science (Russia)	A0510/0023656		CO-ADD:PC0217	32									32	32	32	32	32	32	32																														
CO-ADD:0215832	C(N(C)C)(=S)Oc(cc1)ccc1C(=O)Nc(ccc(c23)cccc2)c3	Russian Academy of Science (Russia)	A0553/0025566		CO-ADD:PC0221	32	32	32	32	32	32	32	32																																						
CO-ADD:0326059	c1(nonc1N)\\C(\\N)=N\\OCc2ccc(cc2OC)C	Russian Academy of Science (Russia)	A2808/0118752		CO-ADD:PC0497	32	32	32	32	32	32	32	32	32											32																										
CO-ADD:0326399	c1(NNC(=S)Nc(cccc2C(F)(F)F)c2)c(F)c(F)nc(F)c1F	Russian Academy of Science (Russia)	A2801/0118415		CO-ADD:PC0497	32	32	32	16	32	32	32	32	32											32																										
CO-ADD:0327698	C(/c(cc(C)cc1)c12)(\\C(=S)C(N2C(=O)Cc3cccs3)(C)C)=C(/S4)\\SC(=C4C(OC)=O)C(OC)=O	Russian Academy of Science (Russia)	A2859/0120542		CO-ADD:PC0502	31.2	32	32	32	32	32	4	8	32											32																										
CO-ADD:0327722	c12c(c(cc(Oc(c3N4)cccc3)c14)NCCNc5ccccc5)C(c6c(cccc6)C2=O)=O	Russian Academy of Science (Russia)	A2860/0120567		CO-ADD:PC0502	32	32	32	32	32	32	32	32	32											32																										
CO-ADD:0327726	c1(cccc2c1oc(n2)C)C(=O)Oc3c(C)ccc(C(C)C)c3	Russian Academy of Science (Russia)	A2860/0120571		CO-ADD:PC0502	20.41	32	32	32	32	32	32	32	32											32																										
CO-ADD:0256528	S(c1ccccc1)(=O)(=O)Nc2ccc(c(cccc3)c23)O	Russian Academy of Science (Russia)	A1780/0075519		CO-ADD:PC0343	1.09	32	32	32	32	32	32	32	32																																					
CO-ADD:0158708	S=C(N)N/N=C1C2=NC3=NON=C3N=C2C4=CC=CC=C\\14	Russian Academy of Science (Russia)	A0308/0014074		CO-ADD:PC0179	8.222	32	32		32	32	32	32													32	32	0.5					32	32	32																
CO-ADD:0162539	c12c(non1)nc(Nc(cc3)ccc3F)c(N\\N=C\\c(ccc4c(ccc(c5C(O)=O)O)c5)o4)n2	Russian Academy of Science (Russia)	A0434/0020104		CO-ADD:PC0199	32	32	32	32	32	32	32	32																																						
CO-ADD:0283523	C12(C(C)NCc(cc3)ccc3OCc4c(cccc4Cl)Cl)CC(CC5C1)CC(C5)C2	Russian Academy of Science (Russia)	A1987/0083544		CO-ADD:PC0368	3.664	32	32	32	32	32	32	8	2.885																																					
CO-ADD:0216939	[N+](=O)([O-])c1cc(ccc1OC(=O)c2cccc(cccc3)c23)\\C=N\\c(cc4)ccc4C	Russian Academy of Science (Russia)	A0557/0025757		CO-ADD:PC0225	32	32	32	32	32	32	32	32																																						
CO-ADD:0217021	N1(CNc(cc2)ccc2Cl)C(=O)\\C(\\SC1=S)=C/c(ccc(c3Cl)Cl)c3	Russian Academy of Science (Russia)	A0560/0025878		CO-ADD:PC0225	32	32	32	16	32	32	32	32													32	32	32					32	32	32																
CO-ADD:0232528	c(c(O)ccc1C(O)=O)(c1)\\C=N\\c2cccc(Cl)c2Cl	Russian Academy of Science (Russia)	A1014/0047482		CO-ADD:PC0250	32	32	32	32	32	32	16	32	32																																					
CO-ADD:0326078	c(ncc(c1SC(=S)N(CC2)CCO2)Cl)(C(Cl)(Cl)Cl)c1Cl	Russian Academy of Science (Russia)	A2809/0118776		CO-ADD:PC0497	32	32	32	16	32	32	32	32	32											32																										
CO-ADD:0326412	C(=O)(Nc1ccccc1Cl)C2(CCCC2)c3ccc(c(OC)c3)OC	Russian Academy of Science (Russia)	A2827/0119407		CO-ADD:PC0497	32	32	32	32	32	32	32	32	32											32																										
CO-ADD:0328930	n1(N)c(CC)nnc1N\\N=C\\c2c[nH]nc2c3ccc(cc3)F.Cl.Cl	Russian Academy of Science (Russia)	A2889/0121725		CO-ADD:PC0503	32	32	32	16	32	32	32	32	32											32																										
CO-ADD:0154987	O=C(C[N+]1=CC=C(C2=CC=[N+](C=C2)CC(C3CC3)=O)C=C1)C4CC4	Russian Academy of Science (Russia)	A0033/0001451		CO-ADD:PC0168	32	32	32	32	32	32	32	4																8	32	16	16					32	32													
CO-ADD:0278568	[N+](=O)([O-])\\C(\\C)=C\\c(cc1OCC)cc(c1O)Br	Russian Academy of Science (Russia)	A1943/0081616		CO-ADD:PC0362	32	32	32	32	32	32	32	32	32																																					
CO-ADD:0228757	c1([nH]c(c2n1)cccc2)c3cscn3	Russian Academy of Science (Russia)	A0920/0043056		CO-ADD:PC0245	32	32	32	32	32	32	32	32	32																																					
CO-ADD:0249373	S(=O)(=O)(c1c(Cl)ccc(Cl)c1)N2CCc(cccc3)c23	Russian Academy of Science (Russia)	A1543/0067134		CO-ADD:PC0328	32	32	32	32	32	32	32		32																																					
CO-ADD:0326442	S(=O)(=O)(c1ccc(cc1)C)N(CC2)CCN2c3ccccc3C	Russian Academy of Science (Russia)	A2828/0119441		CO-ADD:PC0497	32	32	32	32	32	32	32	32	32											32																										
CO-ADD:0326462	C1(C(=O)OC2CCCCCC2)=C(C)NC(=C3C1c4cccc(O)c4)CCCC3=O	Russian Academy of Science (Russia)	A2828/0119467		CO-ADD:PC0497	27.01	32	32	32	32	32	32	32	32											32																										
CO-ADD:0326465	C1(=O)N(CCCC)c2c(Oc(cc(cc3Oc(cc4)ccc4CCC(C)=O)[N+](=O)[O-])c13)cccc2	Russian Academy of Science (Russia)	A2828/0119470		CO-ADD:PC0497	32	32	32	32	32	32	32	32	32											32																										
CO-ADD:0155123	N#CC1=C(C2=CC=CS2)C(CN(C)CC3)=C3NC1=S	Russian Academy of Science (Russia)	A0040/0001648		CO-ADD:PC0168	32	32	32	32	32	32	32	32																																						
CO-ADD:0220093	C1(c2ccco2)N(CCN1c3cccc(C)c3)c4cccc(C)c4	Russian Academy of Science (Russia)	A0658/0030622		CO-ADD:PC0236	32	32	32	32	32	32	32	32																																						
CO-ADD:0220261	c1(O)c(I)cc(cc1I)\\C=N\\NC(CNc(cc2)ccc2C)=O	Russian Academy of Science (Russia)	A0663/0030850		CO-ADD:PC0236	32	32	32	32	32	32	32	32																																						
CO-ADD:0220271	c1(cc(C)cc(I)c1O)\\C=N\\c2ccccc2O	Russian Academy of Science (Russia)	A0663/0030865		CO-ADD:PC0236	16.5	32	32	32	32	32	32	16																																						
CO-ADD:0244450	C1(Cl)(C(Cl)C(OC)=O)OC(=C(Cl)C1=O)c2ccccc2	Russian Academy of Science (Russia)	A1210/0055730		CO-ADD:PC0301	31.8	32	32	32	32	32	32		32																																					
CO-ADD:0236130	N1(c2ccc(cc2)OCCC)C(=O)CC(N(CC3)CCC3C(O)=O)C1=O	Russian Academy of Science (Russia)	A1178/0054624		CO-ADD:PC0261	32	32	32	32	32	32	32	8	32																																					
CO-ADD:0236564	c1(OC(N)=C(C2c3cccc(Cl)c3Cl)C#N)c2c(nn1c4ccccc4)C	Russian Academy of Science (Russia)	A1170/0054432		CO-ADD:PC0261	10.6	32	32	32	32	32	32	32	32																																					
CO-ADD:0236869	c1(ccc(C(OC(C)=O)OC(C)=O)s1)[N+](=O)[O-]	Russian Academy of Science (Russia)	A1200/0055285		CO-ADD:PC0261	1.93	16	32	16	16	32	2	2	32																																					
CO-ADD:0240524	c(non1)(nc(Nc2ccccc2F)c(n3)Nc4ccccc4F)c13	Russian Academy of Science (Russia)	A1241/0056941		CO-ADD:PC0289	32	32	32	8	32	32	32	32	32												32	32	32					32	32	32																
CO-ADD:0149601	O=C(C1=CC2=CC(OCCCC3CCN(CC4=CC=CC=C4)CC3)=CC=C2N1)OCC.Cl	IQOG CSIS (Spain)	MBA243Cl		CO-ADD:PC0146	16.5	32	32	32	32	32	32	32																																						
CO-ADD:0214900	N1(NC(=O)c2ccc(cc2)Br)C(=O)c(c3)c(c(c4)C1=O)c(cc3[N+](=O)[O-])cc4[N+](=O)[O-]	Russian Academy of Science (Russia)	A0515/0023820		CO-ADD:PC0221	32	32	32	32	32	32	32	32																																						
CO-ADD:0214981	c1(ccc(cc1Cl)Cl)C(=O)Oc2cc(ccc2\\C=N\\c(cc3)ccc3I)OC(=O)c4ccc(cc4Cl)Cl	Russian Academy of Science (Russia)	A0542/0025027		CO-ADD:PC0221	32	32	32	32	32	32	32	32																																						
CO-ADD:0285530	N1(c2ccc(cc2)Br)C(=O)CC(N3CCCC(C)C3)C1=O	Russian Academy of Science (Russia)	A2048/0086134		CO-ADD:PC0370	32	32	32	32	32	32	32	8	32																																					
CO-ADD:0285625	c12c(CCCC1C(O)=O)c3c(ccc(Cl)c3)[nH]2	Russian Academy of Science (Russia)	A2070/0087072		CO-ADD:PC0370	32	32	32	32	32	32	32	8	32												32	32	32	8	32	2	4	32		32													32	32	32	
CO-ADD:0285795	N12c(c(C3C(CC=C3)C1)c(C)cc4C)c4C5C(CC=C5)C2C(O)=O	Russian Academy of Science (Russia)	A2077/0087307		CO-ADD:PC0370	4.169	32	32	1	32	32	1	1	7.154																																					
CO-ADD:0254331	n1(c2ccccc2)nc(c(\\C=N\\NC(=O)c3cccc(F)c3)c1O)C	Russian Academy of Science (Russia)	A1554/0067690		CO-ADD:PC0340	13.57	32	32	8	32	32	32	32	11.2																																					
CO-ADD:0254588	C(=S)(c1ccc(c(OCC)c1)O)N2CCCCC2	Russian Academy of Science (Russia)	A1556/0067797		CO-ADD:PC0340	32	32	32	32	32	32	32	32	32																																					
CO-ADD:0165855	[C@@H]1(C[C@@H]2S\\N=C\\c3ncc[nH]3)[C@@H](C1(C)C)C[C@H]2C	Russian Academy of Science (Russia)	RSSD-41		CO-ADD:PC0217	32									32	32	32	32	32	32	32																														
CO-ADD:0215251	N1=C(c2ccc(cc2)OC)CC(c3ccccc3)N1c4ccccc4	Russian Academy of Science (Russia)	A0527/0024418		CO-ADD:PC0221	32	32	32	32	32	32	32	32																																						
CO-ADD:0231448	N(=C\\c(c(O)ccc1C(O)=O)c1)/c2c(C)cccc2O	Russian Academy of Science (Russia)	A1004/0046988		CO-ADD:PC0249	32	32	32	32	32	32	16	32	32																																					
CO-ADD:0327805	c1(O)c(CN(C)C)c(Oc(c(CN(C)C)c(O)c(C\\C=C(/C)\\C)c2O)c2C3=O)c3c(C\\C=C(/C)\\C)c1O	Russian Academy of Science (Russia)	BZ-0127		CO-ADD:PC0502	3.213	32	32	32	32	32	8	16	32											32																										
CO-ADD:0137591	CN1C=C(NC(C2=CC(NC(C3=CC=C(/C=C/C4=CN=C(C=CC=C5)C5=C4)C=C3)=O)=CN2C)=O)C=C1C(NCCN6CCC(OCCOC)CC6)=O	University of Strathclyde (UK)	AIK-28/81		CO-ADD:PC0079	1.96	32	32	0.5	32	32	32	32																																						
CO-ADD:0137727	O=C(c1n(C)c([N+](=O)[O-])cn1)N(Cc2ccccc2)C	University of Queensland (Australia)	MCC_008519:001		CO-ADD:PC0081	32	32	32	32	32	32	32	32																																						
CO-ADD:0157635	[N+]1(C2=NON=C2N3CCCCCC3)=NC4=NON=C4[N-]1	Russian Academy of Science (Russia)	A0235/0010601		CO-ADD:PC0179	4.55	32	32	2	32	32	4	1																																						
CO-ADD:0157946	O=C(N/N=C/C1=C(OCC)C=CC(Br)=C1)C(C)OC2=CC=C(Br)C=C2	Russian Academy of Science (Russia)	A0257/0011604		CO-ADD:PC0179	32	32	32	32	32	32	32	32																																						
CO-ADD:0289215	c1(C2)c(ccc(c(cc3)ccn3)c1)OCCN2.Cl.Cl	Russian Academy of Science (Russia)	L00214		CO-ADD:PC0383	32	32	32	32	32	32	32	32	32																																					
CO-ADD:0242909	c1(c(cc2)ccn2)[nH]c(c3n1)cccc3.c4(c(cc5)ccn5)[nH]c(c6n4)cccc6.[Cu](Cl)Cl	Russian Academy of Science (Russia)	A1355/0061140		CO-ADD:PC0291	4.18	32	32	32	32	32	8	2	32																																					
CO-ADD:0291525	c1(NC(N)=N)nc(C)c(c2n1)cccc2OCC	Russian Academy of Science (Russia)	A2180/0091630		CO-ADD:PC0394	28.32	32	32	32	32	32	32	32	32																																					
CO-ADD:0135151	c1([N+]([O-])=O)nc(C(NN)=O)n(Cc2ccc(OC(F)(F)F)cc2)c1	University of Queensland (Australia)	MCC_008412:001		CO-ADD:PC0057																																														
CO-ADD:0326156	C(=N/OCc1ccc(cc1Cl)F)(/C(C)=Nc(c23)cccc2)\\C(C)=N3	Russian Academy of Science (Russia)	A2810/0118861		CO-ADD:PC0497	32	32	32	32	32	32	32	32	32											32																										
CO-ADD:0327730	[n+]1(nc(c2[N+](=O)[O-])C)n2[n-]c(C)c1C(O)=O	Russian Academy of Science (Russia)	A2860/0120579		CO-ADD:PC0502	32	32	32	32	32	32	32	32	32											32																										
CO-ADD:0327736	[nH](c(ccc(c1)OC)c1c2CCNCCC3=C(C)CCCC3(C)C)c2C	Russian Academy of Science (Russia)	A2860/0120586		CO-ADD:PC0502	2.804	32	32	16	32	32	32	32	32											32																										
CO-ADD:0154221	[O-]C(C(CO)N)=O.Cl[Pd]Cl.[Cs+]	Macquarie University (Australia)	AJC1		CO-ADD:PC0163	32	32	32	32	32	32	2	1																																						
CO-ADD:0326724	C(=O)(c1ccco1)CC(=O)C(OC)=O	Russian Academy of Science (Russia)	A2837/0119772		CO-ADD:PC0497	32	32	32	32	32	32	16	16	32											32																										
CO-ADD:0326732	c1(ccc(cc1Cl)Cl)C(=O)NNC(=S)Nc2ccccc2OC	Russian Academy of Science (Russia)	A2838/0119783		CO-ADD:PC0497	32	32	32	32	32	32	32	32	32											32																										
CO-ADD:0219144	c1(C)c(cccc1NC(CCC(=O)N\\N=C\\c2cccc(OC)c2)=O)Cl	Russian Academy of Science (Russia)	A0631/0029256		CO-ADD:PC0233	32	32	32	32	32	32	32	32																																						
CO-ADD:0219315	[N+](=O)([O-])c1ccccc1OCC(=O)N\\N=C\\c(ccc(c23)cccc2)c3	Russian Academy of Science (Russia)	A0636/0029528		CO-ADD:PC0233		32	32	32	32	32	32	32																																						
CO-ADD:0219327	[n+]1(c2c(O)ccc(cccc3)c23)nc(c4[n-]1)non4	Russian Academy of Science (Russia)	A0637/0029570		CO-ADD:PC0233	1.19	32	32	32	32	32	32	32																																						
CO-ADD:0219812	c1(coc(ccc(OC(CCl)=O)c2)c12)C(=O)c3cccs3	Russian Academy of Science (Russia)	A0653/0030339		CO-ADD:PC0233	32	32	32	32	32	32	32	8																																						
CO-ADD:0235212	N(=C\\c(cc1)ccc1OCc2ccccc2)/c3ccc(cc3O)C	Russian Academy of Science (Russia)	A1114/0052376		CO-ADD:PC0260	32	32	32	32	32	32	32	32	32																																					
CO-ADD:0149023	c1(c2nc(C(F)(F)F)[nH]1)c(NC(c(c3)c(Cl)ccc3Cl)=O)ccc2	Russian Academy of Science (Russia)	A3873/0164562		CO-ADD:PC0145	16.6	32	32	32	32	32	32	32																																						
CO-ADD:0326181	C(C(F)(F)F)(C(F)(F)F)(N=C1c2ccc(cc2)Cl)N=C3N1C=C(C=C3Cl)Cl	Russian Academy of Science (Russia)	A2811/0118888		CO-ADD:PC0497	32	32	32	32	32	32	32	32	32											32																										
CO-ADD:0326189	C(Nc(cc1)ccc1F)(C(OC)=O)(C(F)(F)F)NC(=O)Nc(cc2)ccc2OC(F)(F)F	Russian Academy of Science (Russia)	A2811/0118896		CO-ADD:PC0497	32	32	32	8	32	32	32	32	32											32																										
CO-ADD:0235766	N1(c2ccc(cc2)OCCCCCC)C(=O)CC(N(CC3)CCN3C\\C=C\\c4ccccc4)C1=O	Russian Academy of Science (Russia)	A1138/0053211		CO-ADD:PC0260	32	32	32	32	32	32	32	32	32																																					
CO-ADD:0241018	n1(nc(cc1O)NC(=O)c2cccc(N)c2)c3c(Cl)cc(cc3Cl)Cl	Russian Academy of Science (Russia)	A1268/0057995		CO-ADD:PC0289	32	32	32	16	32	32	32	32	32																																					
CO-ADD:0164775	Oc1cc(Cl)ccc1Oc1ccc(Cl)cc1Cl	NIH (USA) - Clinical Collection	SAM002554907	Triclosan	CO-ADD:PL0013										10	10	10	10	10	10	2.5	10																													
CO-ADD:0230416	c1(c(ccc(c1)[N+](=O)[O-])Nc2sccn2)[N+](=O)[O-]	Russian Academy of Science (Russia)	A0935/0043784		CO-ADD:PC0247	2.54	32	32	32	32	32	32	32	32																																					
CO-ADD:0293235	c1(C2C(CC=C2)C(N3)c4ccccc4)c3c(O)cc(Cl)c1[N+](=O)[O-]	Russian Academy of Science (Russia)	A2215/0093214		CO-ADD:PC0397	32	32	32	8	32	32	32	32	32																																					
CO-ADD:0326539	C1(N2CCCCC2)=NC(N3CCCCC3)=NC(=NNC4=O)N14	Russian Academy of Science (Russia)	A2830/0119574		CO-ADD:PC0497	32	32	32	32	32	32	32	32	32											32																										
CO-ADD:0157169	[O-][N+](C1=CC2=C(C=C1)N=C3C(C4=CC=C3Cl)=C2C(C=CC=C5)=C5C4=O)=O	Russian Academy of Science (Russia)	A0196/0008725		CO-ADD:PC0179	1.29	32	32	32	32	32	32	32																																						
CO-ADD:0157222	O=C(NCCCCCCCCCCCCCCCCCC)C1=C(C)ON=C1C2=CC=CC=C2	Russian Academy of Science (Russia)	A0203/0009064		CO-ADD:PC0179	16.2	32	32	4	32	32	32	2																																						
CO-ADD:0241341	n1c(c2ccc(cc2)C)csc1N\\N=C(\\C)/c3ccc(cc3)C	Russian Academy of Science (Russia)	A1293/0058818		CO-ADD:PC0290	18.4	32	32	32	32	32	32	16	32																																					
CO-ADD:0245538	[N+](=O)([O-])c1ccc(cc1NCCOc(cc2)ccc2C(C)(C)C)N(CC3)CCN3CCO	Russian Academy of Science (Russia)	A1402/0062656		CO-ADD:PC0306	3.67	32	32	32	32	32	32	8	32																																					
CO-ADD:0326556	C1(c2ccc(c3n2)cccc3)=Cc(cc(Br)cc4)c4N(C)C1=O	Russian Academy of Science (Russia)	A2831/0119595		CO-ADD:PC0497	32	32	32	32	32	32	8	16	32											32																										
CO-ADD:0326565	C(Nc1ccccc1)(C(OC)=O)(C(F)(F)F)NC(=O)Nc(cc2)ccc2OC(F)(F)F	Russian Academy of Science (Russia)	A2831/0119604		CO-ADD:PC0497	32	32	32	8	32	32	32	32	32											32																										
CO-ADD:0326566	C(Nc1cccc(C)c1)(C(OC)=O)(C(F)(F)F)NC(=O)Nc(cc2)ccc2OC(F)(F)F	Russian Academy of Science (Russia)	A2831/0119605		CO-ADD:PC0497	32	32	32	16	32	32	32	32	32											32																										
CO-ADD:0326567	C(C(OC)=O)(Nc1ccc(cc1F)F)(C(F)(F)F)NC(=O)Nc(cc2)ccc2OC(F)(F)F	Russian Academy of Science (Russia)	A2831/0119606		CO-ADD:PC0497	32	32	32	16	32	32	32	32	32											32																										
CO-ADD:0222367	[N+](=O)([O-])c1cc(ccc1Cl)\\C=N\\c2cc(C)c(cc2O)C	Russian Academy of Science (Russia)	A0738/0034462		CO-ADD:PC0238	32	32	32	32	32	32	32	32																																						
CO-ADD:0222423	c1(c(Br)cc(cc1\\C=N\\NC(c(cc2)ccn2)=O)Br)OC(=O)c3cccc(C)c3	Russian Academy of Science (Russia)	A0740/0034543		CO-ADD:PC0238	4.94	32	32	32	32	32	32	32																																						
CO-ADD:0222485	C(=O)(Oc1cccc(c1)C=O)c2cccc(Br)c2	Russian Academy of Science (Russia)	A0742/0034629		CO-ADD:PC0238	13.6	32	32	32	32	32	4	32																																						
CO-ADD:0222544	N(=C\\c(cc(I)cc1I)c1O)/c2c(C)cccc2O	Russian Academy of Science (Russia)	A0743/0034699		CO-ADD:PC0238	7.73	32	32	8	32	32	4	2																																						
CO-ADD:0222703	[N+](=O)([O-])c(ccc(c1\\C=N\\c2n[nH]cn2)O)c1	Russian Academy of Science (Russia)	A0755/0035286		CO-ADD:PC0238		32	32	0.5	32	32	4	16																																						
CO-ADD:0222885	c1(\\N=C\\c(cc2)ccc2[N+](=O)[O-])sc(c(C)c1C(OCC)=O)C	Russian Academy of Science (Russia)	A0756/0035335		CO-ADD:PC0239	32	32	32	32	32	32	32	32	32																																					
CO-ADD:0288868	c(C1CC1)(n(c2C=O)Cc3ccccc3)nc2	Russian Academy of Science (Russia)	LK01304		CO-ADD:PC0383	32	32	32	32	32	32	32	16	0.7303																																					
CO-ADD:0288931	n12c(cc(C)n1)c3c(Oc(cccn4)c24)ccc(C)c3	Russian Academy of Science (Russia)	SAV-0040		CO-ADD:PC0383	32	32	32	32	32	32	32	32	32																																					
CO-ADD:0241882	C(=C/c(cc(Br)cc1[N+](=O)[O-])c1O)(/C2=O)\\C(=O)NC(=O)N2	Russian Academy of Science (Russia)	A1302/0059196		CO-ADD:PC0290	32	32	32	32	32	32	16	8	32																																					
CO-ADD:0242755	C(F)(F)(C(=O)C1=C(CCC1)NNC(=O)c(cc2)ccc2[N+](=O)[O-])C(F)(F)C(F)(F)F	Russian Academy of Science (Russia)	A1350/0060964		CO-ADD:PC0291	32	32	32	16	32	32	32	32	32																																					
CO-ADD:0325970	C12(c3c(cccc3)C(C(C1C4=O)C(N4c5ccc(cc5)O)=O)c(cccc6)c26)[N+](=O)[O-]	Russian Academy of Science (Russia)	A2806/0118638		CO-ADD:PC0497	16.08	32	32	32	32	32	32	32	32											32																										
CO-ADD:0326568	C(C(OC)=O)(Nc1cccc(C)c1Cl)(C(F)(F)F)NC(=O)Nc(cc2)ccc2OC(F)(F)F	Russian Academy of Science (Russia)	A2831/0119607		CO-ADD:PC0497	32	32	32	8	32	32	32	32	32											32																										
CO-ADD:0326569	C(Nc(cccc1C(F)(F)F)c1)(C(OC)=O)(C(F)(F)F)NC(=O)Nc(cc2)ccc2OC(F)(F)F	Russian Academy of Science (Russia)	A2831/0119608		CO-ADD:PC0497	32	32	32	8	32	32	32	32	32											32																										
CO-ADD:0326570	C(C(OC)=O)(Nc1c(OC)ccc(Cl)c1)(C(F)(F)F)NC(=O)Nc(cc2)ccc2OC(F)(F)F	Russian Academy of Science (Russia)	A2831/0119609		CO-ADD:PC0497	32	32	32	16	32	32	32	32	32											32																										
CO-ADD:0326572	C1(C(F)(F)F)(C(F)(F)F)N=C(c2ccc(cc2)F)NC3=C1C(=O)NC(N3CCc(c4c([nH]5)cccc4)c5C)=O	Russian Academy of Science (Russia)	A2831/0119611		CO-ADD:PC0497	10.2	32	32	32	32	32	32	32	32											32																										
CO-ADD:0327846	c1(C(C(=O)OC(C)(C)C)C(=O)OC(C)(C)C)nc(OCC(F)(F)F)nc(OCC(F)(F)F)n1	Russian Academy of Science (Russia)	A2802/0118435		CO-ADD:PC0502	32	32	32	32	32	32	32	32	32											32																										
CO-ADD:0327876	P1(=O)(N(C)C)Sc(c2N1)cccc2	Russian Academy of Science (Russia)	A2802/0118467		CO-ADD:PC0502	16.15	32	32	32	32	32	16	32	32											32																										
CO-ADD:0332314	c1(cnc(CCC2)n12)c(cc(C(C)(C)C)c(c3C(C)(C)C)O)c3.Cl	Russian Academy of Science (Russia)	A2944/0124005		CO-ADD:PC0518	8.846	32	32	32	32	32	32	32	32											32																										
CO-ADD:0332334	c(C(F)(F)F)(cc(n1CC(=O)N(C)c2ccc(cc2)OC(F)(F)F)C)n1	Russian Academy of Science (Russia)	A2945/0124028		CO-ADD:PC0518	32	32	32	32	32	32	32	32	32											32																										
CO-ADD:0330918	c1(C(=O)Oc2ccccc2)sc3c(c(COC)cc(C)n3)c1N	Russian Academy of Science (Russia)	A2919/0122972		CO-ADD:PC0517	32	32	32	32	32	32	32	32	32											32																										
CO-ADD:0330919	c12c(NC(c3ccccc3[N+](=O)[O-])N(c4ccccc4)C1=O)c(c5s2)c(COC)cc(C)n5	Russian Academy of Science (Russia)	A2919/0122973		CO-ADD:PC0517	32	32	32	32	32	32	32	32	32											32																										
CO-ADD:0330927	c1(sc2c(c(COC)cc(C)n2)c1NC(=O)c3ccco3)C(=O)N(c4ccccc4)c5ccccc5	Russian Academy of Science (Russia)	A2919/0122981		CO-ADD:PC0517	26.64	32	32	32	32	32	32	32	32											32																										
CO-ADD:0330938	c1(C#N)c(COC)cc(nc1SCC[N+](C)(C)CC(=O)Nc(cccc2C(F)(F)F)c2)C.[Cl-]	Russian Academy of Science (Russia)	A2920/0122992		CO-ADD:PC0517	32	32	32	32	32	32	32	32	32											32																										
CO-ADD:0331669	C(Nc(cc1)ccc1Oc2ccccc2)(C(OC)=O)(c(cc3OC)cc(c3O)OC)C(F)(F)F	Russian Academy of Science (Russia)	A2939/0123737		CO-ADD:PC0517	32	32	32	32	32	32	32	32	32											32																										
CO-ADD:0331763	C(C(=O)OCC(C)C)(=C(C)NC(=C12)CC(CC1=O)c3cccs3)C2c4cccc(O)c4	Russian Academy of Science (Russia)	A2948/0124179		CO-ADD:PC0518	31.88	32	32	32	32	32	32	32	32											32																										
CO-ADD:0331767	C(C(=O)OC1CCCC1)(=C(C)NC(=C23)CC(CC2=O)c4cccs4)C3c5cccc(O)c5	Russian Academy of Science (Russia)	A2948/0124183		CO-ADD:PC0518	32	32	32	32	32	32	32	32	32											32																										
CO-ADD:0332490	N1(C(=O)CSC1=S)\\N=C\\c2sccc2C	Russian Academy of Science (Russia)	A2961/0124717		CO-ADD:PC0518	32	32	32	32	32	32	32	32	32											32																										
CO-ADD:0332517	c1(c(Cl)ccc(c1)S(CC)(=O)=O)[N+](=O)[O-]	Russian Academy of Science (Russia)	A2962/0124751		CO-ADD:PC0518	2.358	32	32	32	32	32	32	32	32											32																										
CO-ADD:0332518	C1(NC(C)=O)=C(NCCOc2ccccc2)C(c(cccc3)c3C1=O)=O	Russian Academy of Science (Russia)	A2962/0124752		CO-ADD:PC0518	32	32	32	32	32	32	32	32	32											32																										
CO-ADD:0332520	C1(N2CCc(c3C2)cccc3)=C(NC(C)=O)C(c(cccc4)c4C1=O)=O	Russian Academy of Science (Russia)	A2962/0124755		CO-ADD:PC0518	32	32	32	8	32	32	32	32	32											32																										
CO-ADD:0330957	[N+](=O)([O-])c(cccc1C2OC(C)(C)c3c(cccc3)N2)c1	Russian Academy of Science (Russia)	A2921/0123011		CO-ADD:PC0517	32	32	32	32	32	32	32	32	32											32																										
CO-ADD:0330960	c(cc(Br)cc1C(Nc(cccc2)c2C3(c4ccccc4)c5ccccc5)O3)(c1O)[N+](=O)[O-]	Russian Academy of Science (Russia)	A2921/0123014		CO-ADD:PC0517	32	32	32	32	32	32	32	32	32											32																										
CO-ADD:0330964	c12c(c(n[nH]1)c3ccc(cc3)F)C(N(c4ccccc4)C2=O)c5ccc(cc5)F	Russian Academy of Science (Russia)	A2921/0123018		CO-ADD:PC0517	19.63	32	32	32	32	32	32	32	32											32																										
CO-ADD:0330965	c12c(c(n[nH]1)c3ccc(cc3)F)C(N(c4ccccc4)C2=O)c5ccc(cc5)C	Russian Academy of Science (Russia)	A2921/0123019		CO-ADD:PC0517	8.488	32	32	32	32	32	32	32	32											32																										
CO-ADD:0331811	c1(c(Cl)ccc(Cl)n1)C(NCC[N+]2(CCCCC2)CCCCCCCCCCCC)=O.[Br-]	Russian Academy of Science (Russia)	A2949/0124241		CO-ADD:PC0518	5.694	32	32	4	32	32	16	8	17.54											16																										
CO-ADD:0331006	S(=O)(=O)(c1c(C)cc(cc1C)C)N2\\C(\\SCC2)=N\\S(=O)(=O)c3c(C)cc(cc3C)C	Russian Academy of Science (Russia)	A2930/0123300		CO-ADD:PC0517	32	32	32	32	32	32	32	16	32											32																										
CO-ADD:0331042	N1C(CCSC1=S)=S	Russian Academy of Science (Russia)	A2931/0123339		CO-ADD:PC0517	32	32	32	16	32	32	32	32	32											32																										
CO-ADD:0331053	[nH](c(ccc(c1)OC(F)(F)F)c1c2CCNCc(cc3)ccc3Cl)c2C	Russian Academy of Science (Russia)	A2931/0123352		CO-ADD:PC0517	6.08	32	32	32	32	32	32	32	32											32																										
CO-ADD:0332627	C(C(OCCOC)=O)(C1c2ccc(cc2)F)=C(C)NC(CC(c3cccs3)CC4=O)=C14	Russian Academy of Science (Russia)	A2965/0124883		CO-ADD:PC0518	18.97	32	32	32	32	32	32	32	32											32																										
CO-ADD:0331104	c1(Cc2ccccc2)nc(c3n1Cc(cc4)ccc4OCCC)cccc3	Russian Academy of Science (Russia)	A2932/0123404		CO-ADD:PC0517	32	32	32	32	32	32	32	32	32											32																										
CO-ADD:0331107	N12[C@@]([H])(CSC1c3ccc(cc3)OC)C(N(c(cc4)ccc4C(OCC)=O)C2=S)=O	Russian Academy of Science (Russia)	A2932/0123407		CO-ADD:PC0517	32	32	32	32	32	32	32	32	32											32																										
CO-ADD:0331128	c1(ccc(CCC(O)=O)o1)c2cccs2	Russian Academy of Science (Russia)	A2933/0123428		CO-ADD:PC0517	32	32	32	32	32	32	32	32	32											32																										
CO-ADD:0332045	C(Nc(cc1)ccc1F)(OC(C)=CC2=O)=C2C(C)=O	Russian Academy of Science (Russia)	A2954/0124422		CO-ADD:PC0518	32	32	32	32	32	32	32	32	32											32																										
CO-ADD:0331250	n1(c2c(cccc2)CNC3c4cc(OC)ccc4F)c3ccc1.Cl	Russian Academy of Science (Russia)	A2925/0123110		CO-ADD:PC0517	32	32	32	32	32	32	32	32	32											32																										
CO-ADD:0331283	C1(Nc(cccc2C(O)=O)c2)=C(OC)C(c(cccc3)c3C1=O)=O	Russian Academy of Science (Russia)	A2926/0123146		CO-ADD:PC0517	32	32	32	32	32	32	32	32	32											32																										
CO-ADD:0331327	C1(C(F)(F)F)(NC(=O)c2ccccc2OC)C(=O)N(C(=O)N1)c3ccc(cc3)F	Russian Academy of Science (Russia)	A2928/0123192		CO-ADD:PC0517	32	32	32	32	32	32	32	32	32											32																										
CO-ADD:0332128	c12c(CCCN1)c(Cl)cc(Cl)c2O	Russian Academy of Science (Russia)	A2942/0123913		CO-ADD:PC0518	15.23	32	32	16	16	32	8	16	32											32																										
CO-ADD:0331342	C1(C(=O)N(C)C(N2C)=O)=C2NC(=NC1(C(F)(F)F)C(F)(F)F)Cc3ccccc3	Russian Academy of Science (Russia)	A2928/0123208		CO-ADD:PC0517	32	32	32	32	32	32	32	32	32											32																										
CO-ADD:0331349	C1(C2(C)C)=C(C(SS1)=S)c3c(cc(c(C)c3)C)N2C(=O)COc(cc4)ccc4CC	Russian Academy of Science (Russia)	A2928/0123215		CO-ADD:PC0517	32	32	32	32	32	32	32	32	32											32																										
CO-ADD:0331385	N12C(c3c(cccc3)CC14CCCCC4)=C(C(=O)C2=O)C(OCC)=O	Russian Academy of Science (Russia)	A2929/0123251		CO-ADD:PC0517	32	32	32	32	32	32	32	32	32											32																										
CO-ADD:0331389	n1(CC(C)C)c2c(nc1COc3ccc(cc3Cl)Cl)cccc2	Russian Academy of Science (Russia)	A2934/0123498		CO-ADD:PC0517	27.82	32	32	32	32	32	32	32	32											32																										
CO-ADD:0331390	c1(COc2ccccc2)n(C\\C=C\\c3ccccc3)c4c(cccc4)n1	Russian Academy of Science (Russia)	A2934/0123499		CO-ADD:PC0517	32	32	32	32	32	32	32	32	32											32																										
CO-ADD:0331393	c(c1CCCC2)(n3cc1c4ccc(cc4)F)n2c(n3)c5ccccc5	Russian Academy of Science (Russia)	A2934/0123502		CO-ADD:PC0517	32	32	32	16	32	32	32	32	32											32																										
CO-ADD:0331394	c(c1CCCC2)(n3cc1c4ccc(cc4)CC)n2c(n3)c5ccccc5	Russian Academy of Science (Russia)	A2934/0123503		CO-ADD:PC0517	32	32	32	16	32	32	32	32	32											32																										
CO-ADD:0331411	n1(c2ccc(cc2)Cl)nnnc1SCC(=O)N3c4c(cccc4)Sc(ccc(c5)C(F)(F)F)c35	Russian Academy of Science (Russia)	A2934/0123520		CO-ADD:PC0517	32	32	32	32	32	32	32	32	32											32																										
CO-ADD:0332224	C1(C(OCCCC)=O)=C(C)NC(NC1c2ccc(c(Br)c2)F)=O	Russian Academy of Science (Russia)	A2957/0124507		CO-ADD:PC0518	32	32	32	32	32	32	32	32	32											32																										
CO-ADD:0332247	C12(CC3CC(CC(C3)C1)C2)C(=O)Nc4cccc(c4)NC(CSc5oc(c6n5)cccc6)=O	Russian Academy of Science (Russia)	A2958/0124533		CO-ADD:PC0518	32	32	32	32	32	32	32	32	32											32																										
CO-ADD:0332300	C1(=S)N(NC(=O)c2cccc(F)c2)C(C(=O)N1c3ccc(cc3)Cl)CC(N[H])=O	Russian Academy of Science (Russia)	A2944/0123991		CO-ADD:PC0518	32	32	32	32	32	32	32	32	32											32																										
CO-ADD:0331496	N1(c2c(cccc2)Sc(ccc(c3)C(F)(F)F)c13)C(=O)C(c4ccccc4)OC(C)=O	Russian Academy of Science (Russia)	A2936/0123608		CO-ADD:PC0517	32	32	32	32	32	32	32	32	32											32																										
CO-ADD:0331515	n1(c2c(cccc2)CNC3c4ccccc4F)c3ccc1.Cl	Russian Academy of Science (Russia)	A2937/0123629		CO-ADD:PC0517	32	32	32	32	32	32	32	32	32											32																										
CO-ADD:0135922	N1=CN([H])c(c(C1=S)n2)n(C(CCC3)O3)c2	NIH/NCI (USA) - Diversity Set V	0045153:01		CO-ADD:PL0011										10	10	10	10	10	10	10	10																													
CO-ADD:0136038	n1ccc2c(c1)c(C)c(c3c(cccc3)n4[H])c4c2C	NIH/NCI (USA) - Diversity Set V	0071795:01		CO-ADD:PL0011										10	10	10	10	10	10	10	10																													
CO-ADD:0218262	c1(ccc(\\C=N\\NC(=O)c(cccc2[N+](=O)[O-])c2)o1)[N+](=O)[O-]	Russian Academy of Science (Russia)	A0601/0027822		CO-ADD:PC0228	15.3	32	32	32	32	32	32	32																																						
CO-ADD:0293709	N1(c2ccc(cc2)OC(F)(F)Cl)C(=O)CC(N(CC3)CCN3c4ccccn4)C1=O	Russian Academy of Science (Russia)	A2244/0094499		CO-ADD:PC0397	32	32	32	32	32	32	32	32	32																																					
CO-ADD:0320234	c12c(c(cc(C)n1)C)C(NS2)=O	Russian Academy of Science (Russia)	A2720/0115562		CO-ADD:PC0460	14.33	32	32	32	32	32	16	32	32											32																										
CO-ADD:0160335	[O-][N+](C1=CC=C(C(/C=N/NC(C2=CC(Br)=CC=C2)=O)=C1)N(CCC3)CC3C(N(CC)CC)=O)=O	Russian Academy of Science (Russia)	A0345/0015882		CO-ADD:PC0186	32	32	32	32	32	32	32	32																																						
CO-ADD:0226125	S(=O)(=O)(N(Cc(cc1)ccc1C)c2ccc(c(F)c2)F)c3cccn(cnn4)c34	Karazin Kharkiv National University (Ukraine)	F3406-7378		CO-ADD:PC0241	32	32	32	32	32	32	32	32	32											32																										
CO-ADD:0148705	c1(C(c(cc(OC2)c3O2)cc3)=O)c(N)c(cc4c(CCCC4)n5)c5s1	Russian Academy of Science (Russia)	A4464/0190833		CO-ADD:PC0145	32	32	32	32	32	32	32	32																																						
CO-ADD:0149814	CC1=C(C(C2=CC=C(Cl)C=C2)C(C#N)=C(N)O1)C(OCC)=O	IQOG CSIS (Spain)	A112		CO-ADD:PC0146	32	32	32	32	32	32	32	32																																						
CO-ADD:0217457	S(c1ccccc1)(=O)(=O)c2ccc(c(S)c2)C	Russian Academy of Science (Russia)	A0579/0026726		CO-ADD:PC0225	32	32	32	32	32	32	32	32																																						
CO-ADD:0217645	N1(SCCCC)C(=O)c2c(cccc2)C1=O	Russian Academy of Science (Russia)	A0585/0027041		CO-ADD:PC0225	32	32	32	32	32	32	4	1	32												32	32	32	32	32	16	16																			
CO-ADD:0217664	n1c(c2ccc(cc2)C)c(cn1c3ccccc3)\\C=N\\NC(=O)c4ccc(cc4)Br	Russian Academy of Science (Russia)	A0586/0027067		CO-ADD:PC0225	32	32	32	32	32	32	32	8																																						
CO-ADD:0217869	c1(NC(CCCCC)=O)sc(c2c1C(N)=O)CCCC2	Russian Academy of Science (Russia)	A0596/0027573		CO-ADD:PC0228	32	32	32	32	32	32	32	32																																						
CO-ADD:0237230	Nc1nc2ccc(cc2[nH]1)c3cncc(Oc4ccc(F)cc4)c3	MMV (CH) - Pathogen Box	MMV687248		CO-ADD:PL0022										10	10	10	10	10	10	10	10	10																												
CO-ADD:0237253	Oc1ccc(Cl)cc1C(=O)Nc2ccc(c(c2)C(F)(F)F)C(F)(F)F	MMV (CH) - Pathogen Box	MMV687807		CO-ADD:PL0022										10	10	10	10	10	10	10	10	10																												
CO-ADD:0237328	FC(F)(F)c1cnc(Sc2oc(nn2)c3ccncc3)c(Cl)c1	MMV (CH) - Pathogen Box	MMV011765		CO-ADD:PL0022										10	10	10	10	10	10	10	10	10																												
CO-ADD:0237361	CO[C@H]1\\C=C\\O[C@@]2(C)OC3=C(C2=O)C4=C(O)\\C(=C/NN5CCN(C)CC5)\\C(=N\\C(=O)\\C(=C/C=C\\[C@H](C)[C@H](O)[C@@H](C)[C@@H](O)[C@@H](C)[C@H](OC(=O)C)[C@@H]1C)\\C)\\C(=C4C(=C3C)O)O	MMV (CH) - Pathogen Box	MMV688775		CO-ADD:PL0022										5	10	10	10	10	10		10	10																												
CO-ADD:0233622	n1c[nH]nc1\\N=C\\c2cc(Cl)ccc2O	Russian Academy of Science (Russia)	A1089/0051137		CO-ADD:PC0254	32	32	32	32	32	32	4	32	32																																					
CO-ADD:0233664	[N+](=O)([O-])\\C(\\Br)=C/c(cccc1[N+](=O)[O-])c1	Russian Academy of Science (Russia)	A1026/0048077		CO-ADD:PC0254	6.07	8	16	32	32	32	2	1	32																																					
CO-ADD:0300735	C1(=O)OCc(cc(cc2)NC(C)=O)c12	Russian Academy of Science (Russia)	A2382/0100778		CO-ADD:PC0416	17.29	32	32	16	32	32	16	16	32																																					
CO-ADD:0300831	C1(=S)N(c2ccc(cc2)C)NC(C)(CC(C)C)N1	Russian Academy of Science (Russia)	A2388/0101071		CO-ADD:PC0416	32	32	32	32	32	32	32	32	32																																					
CO-ADD:0301266	N1(C(=O)\\C(\\SC1=N)=C\\c2ccc(cc2Cl)Cl)c3nonc3N	Russian Academy of Science (Russia)	A2363/0099846		CO-ADD:PC0417	2	2	2	2	32	32	2	2	2																																					
CO-ADD:0159673	O=Cl(=O)([O-])=O.O=Cl(=O)([O-])=O.O=C(C1=CC=C(C2=CC=CC3=C12)N4N=[N+]5C(C[N+]67CC[N+]8(CCC[N+]9%10CC%11=CN(N=[N+]%11[Zn]8695[N+]([H])(CCC7)CC%10)C%12=CC=C(C%13=C(C%14=O)C=CC=C%13%12)C(N%14CC)=O)[H])=C4)N(C3=O)CC.O	Open Source Malaria	YMF-128		CO-ADD:PC0181	32	32	32	32	32	32	32	8																																						
CO-ADD:0147059	F[B-](F)(F)F.CC#[N+][Re]1(C#[O+])(C#[O+])(C#[O+])([N+]2=c(c([N+]1=CC=C3)c3c4c5nc6ccccc6n4)c5=CC=C2)	Lancaster University (UK)	NJC3		CO-ADD:PC0131	3.74	32	32	32	32	32	32	32																																						
CO-ADD:0306287	c1(C(=O)NCC(OC)=O)c(cc(cc1[N+](=O)[O-])[N+](=O)[O-])S(=O)Cc2ccccc2	Russian Academy of Science (Russia)	A2573/0109698		CO-ADD:PC0432	6.491	32	32	32	32	32	32	32	32											32																										
CO-ADD:0306317	N(C(=O)CSC1=NCCN1)(C2)C(C)(C)O[C@]23CCC(C(C45)CC[C@@]([H])(CCCC6)[C@@]46C)[C@]3(C)CC5.Cl	Russian Academy of Science (Russia)	A2573/0109738		CO-ADD:PC0432	3.182	32	32	8	32	32	16	4	5.161											32																										
CO-ADD:0215103	C(=C/Nc(ccc(c1C(O)=O)Cl)c1)(/C2=O)\\C(=O)NC(=S)N2	Russian Academy of Science (Russia)	A0521/0024122		CO-ADD:PC0221	32	32	32	32	32	32	32	16																																						
CO-ADD:0215171	C(=O)(Oc(ccc(c1C)C)c1)Nc2ccc(cc2Br)Br	Russian Academy of Science (Russia)	A0524/0024273		CO-ADD:PC0221	32	32	32	32	32	32	32	32																																						
CO-ADD:0215438	S(c1ccccc1)(=O)(=O)N(c2ccc(cc2)OC)CC(=O)N\\N=C\\c(c(OC)ccc3[N+](=O)[O-])c3	Russian Academy of Science (Russia)	A0535/0024670		CO-ADD:PC0221	32	32	32	32	32	32	32	32																																						
CO-ADD:0215496	[N+](=O)([O-])c1cc(ccc1OC(c2ccccc2)=O)\\C=N\\c3ccccc3C	Russian Academy of Science (Russia)	A0537/0024757		CO-ADD:PC0221	32	32	32	32	32	32	32	16																																						
CO-ADD:0215608	S(c1ccccc1)(=O)(=O)N(c2ccc(c(Cl)c2)Cl)CC(=O)N\\N=C\\c(c(OC)ccc3[N+](=O)[O-])c3	Russian Academy of Science (Russia)	A0544/0025108		CO-ADD:PC0221	32	32	32	32	32	32	32	32																																						
CO-ADD:0215705	c1(C#N)c(C)c(sc1\\N=C\\c(cc2)ccc2[N+](=O)[O-])C	Russian Academy of Science (Russia)	A0548/0025307		CO-ADD:PC0221	32	32	32	32	32	32	32	32																																						
CO-ADD:0166072	C(COc(ccc(c1C)C)c1)(=O)N\\N=C\\c2ccc(cc2O)O	Russian Academy of Science (Russia)	A0488/0022630		CO-ADD:PC0217	32									32	32	32	32	32	32	32																														
CO-ADD:0166355	C(=O)(N\\N=C\\c1c(O)ccc(cccc2)c12)C(=O)NCC3CCCO3	Russian Academy of Science (Russia)	A0498/0023103		CO-ADD:PC0217	32									32	32	32	32	32	32	32																														
CO-ADD:0166581	C1(C(=O)N\\N=C\\c(ccc2[N+](=O)[O-])o2)CC1c3ccccc3	Russian Academy of Science (Russia)	A0506/0023490		CO-ADD:PC0217	32									32	32	32	32	32	32	8																														
CO-ADD:0232407	C(=N/OC(=O)c1ccc(cc1)C)(/c2c(N3C)cccc2)\\C3=O	Russian Academy of Science (Russia)	A1037/0048595		CO-ADD:PC0250	32	32	32	32	32	32			32																																					
CO-ADD:0301516	c([N+](=O)[O-])(cc(Br)c(c12)nsn1)c2Br	Russian Academy of Science (Russia)	A2405/0101913		CO-ADD:PC0417	1.391	32	32	4	32	32	1	1	32																																					
CO-ADD:0306054	N(CC(OC)=O)(Sc(c12)cc(cc1[N+](=O)[O-])[N+](=O)[O-])C2=O	Russian Academy of Science (Russia)	A2572/0109640		CO-ADD:PC0432	4.452	32	32	2	32	32	32	32	32											32																										
CO-ADD:0318750	C(=O)(Nc(cccc1C2=NCCN2)c1)Nc(cccc3C4=NCCN4)c3	Russian Academy of Science (Russia)	A2673/0113861		CO-ADD:PC0457	32	32	32	32	32	32	32	32	32											32																										
CO-ADD:0236007	N1(CC(=O)Oc(cc2)ccc2C(OC)=O)C(=O)c(c3C1=O)cccc3[N+](=O)[O-]	Russian Academy of Science (Russia)	A1159/0054157		CO-ADD:PC0261	32	32	32	32	32	32	32	32	32																																					
CO-ADD:0236420	C(=O)(c1cccc(Cl)c1)Oc2cccc(cccn3)c23	Russian Academy of Science (Russia)	A1188/0054887		CO-ADD:PC0261	11.3	32	32	8	32	32	4		32																																					
CO-ADD:0157941	[O-][N+](C1=CC([N+]([O-])=O)=CC(C(OC2=CC(/C=N/C(C=CC=C3)=C3C)=CC=C2)=O)=C1)=O	Russian Academy of Science (Russia)	A0256/0011587		CO-ADD:PC0179	32	32	32	32	32	32	32	32																																						
CO-ADD:0323201	N1(c2ccc(cc2)OCCC)C(=O)C(CC1=O)NCC(O)c3ccccc3	Russian Academy of Science (Russia)	A2758/0117077		CO-ADD:PC0469	32	32	32	32	32	32	32	32	32											32																										
CO-ADD:0164887	C[C@@H](c1ncncc1F)[C@](O)(Cn1cncn1)c1ccc(F)cc1F	NIH (USA) - Clinical Collection	SAM001246664	Voriconazole	CO-ADD:PL0013										10	10	10	0.625	10		10	10																													
CO-ADD:0230819	[N+](=O)([O-])c(ccc(c1\\C=N\\NC(=O)C(=O)Nc2ccccc2OC(F)(F)C([H])(F)F)O)c1	Russian Academy of Science (Russia)	A0975/0045599		CO-ADD:PC0247	32	32	32	8	32	32	32	32	32																																					
CO-ADD:0230866	c12c(cc(cc1[N+](=O)[O-])[N+](=O)[O-])\\C(\\c3c2ccc(c3)[N+](=O)[O-])=C\\OCC	Russian Academy of Science (Russia)	A0977/0045695		CO-ADD:PC0247	1.92	32	32	8	32	32	2	32	32																																					
CO-ADD:0254491	S(CCCC)(=O)(=O)\\C=C\\C=C/S(CCCC)(=O)=O	Russian Academy of Science (Russia)	A1651/0070517		CO-ADD:PC0340	0.539	32	32	8	32	32	16	32	32																																					
CO-ADD:0214897	N1(c2cccc(c2)C(O)=O)C(=O)c3c(c4C1=O)c(ccc3)c(cc4)Br	Russian Academy of Science (Russia)	A0515/0023815		CO-ADD:PC0221	32	32	32	32	32	32	32	8																																						
CO-ADD:0235035	[N+](=O)([O-])c1cc(ccc1Br)\\C=N\\c(ccc(c2C(O)=O)O)c2	Russian Academy of Science (Russia)	A1110/0052176		CO-ADD:PC0260	11.2	32	32	32	32	32	32	32	32																																					
CO-ADD:0235168	n1c2c(oc1Cc3ccccc3)ccc(c2)\\N=C\\c(c(O)ccc4[N+](=O)[O-])c4	Russian Academy of Science (Russia)	A1113/0052328		CO-ADD:PC0260	32	32	32	4	32	32	32	32	32																																					
CO-ADD:0235210	N(=C\\c(cc1)ccc1OCc2ccccc2)/c3cc(C)ccc3O	Russian Academy of Science (Russia)	A1114/0052373		CO-ADD:PC0260	32	32	32	32	32	32	32	32	32																																					
CO-ADD:0222002	[N+](=O)([O-])c(cc1)ccc1C(=O)Oc(cccc2NC(=O)c3cccc(OC)c3)c2	Russian Academy of Science (Russia)	A0746/0034820		CO-ADD:PC0238	32	32	32	32	32	32	32	32																																						
CO-ADD:0222023	C(=O)(Oc1cccc(c1)\\C=N\\NC(=O)c(cccn2)c2)c3cccc(F)c3	Russian Academy of Science (Russia)	A0746/0034848		CO-ADD:PC0238	32	32	32	32	32	32	4	32																																						
CO-ADD:0290395	c1(cc(Br)ccc1NC(CSCc2ccc(cc2Cl)Cl)=O)C(O)=O	Russian Academy of Science (Russia)	A2108/0088598		CO-ADD:PC0393	32	32	32	32	32	32	32	32	32																																					
CO-ADD:0290445	N1(c2ccccc2OC)C(=O)C=CC1=O	Russian Academy of Science (Russia)	A2110/0088660		CO-ADD:PC0393	1.012	32	32	32	32	32	8	4	30.63																																					
CO-ADD:0235507	C(c1ccccc1NC(=O)\\C=C/C(O)=O)#Cc2ccccc2	Russian Academy of Science (Russia)	A1124/0052632		CO-ADD:PC0260	32	32	32	32	32	32	16	32	32																																					
CO-ADD:0235608	c1(Nc2ccccc2)nc(N\\N=C\\c(c3c([nH]4)cccc3)c4)nc(NC)n1	Russian Academy of Science (Russia)	A1130/0052835		CO-ADD:PC0260	14.4	32	32	32	32	32	32	32	32																																					
CO-ADD:0235665	C(CCl)(=O)c1ccc(cc1)Oc(cc2)ccc2C(CCl)=O	Russian Academy of Science (Russia)	A1133/0052976		CO-ADD:PC0260	32	32	32	2	32	32	8	32	32																																					
CO-ADD:0156483	O=S(C1=CC(C(OC2=CC=CC3=CC=CN=C23)=O)=C(Cl)C=C1)(N(CC)CC)=O	Russian Academy of Science (Russia)	A0172/0007751		CO-ADD:PC0168	32	32	32	16	32	32	4	2	32												16	16	32	32	4	1	1																			
CO-ADD:0156551	Cl[Pt](N[C@@H]1C)(S(C)(C)=O)C2=C1C3=CC=CC=C3C=C2	Universitat de Barcelona (Spain)	mcub1		CO-ADD:PC0172	19.8	32	32	32	32	32	4	32																																						
CO-ADD:0222543	N(=C\\c1cccc(OC)c1O)/c2c(C)cccc2O	Russian Academy of Science (Russia)	A0743/0034697		CO-ADD:PC0238	32	32	32	32	32	32	32	32																																						
CO-ADD:0241886	C(=C\\c(ccc1c2ccccc2[N+](=O)[O-])o1)(/C3=O)\\C(=O)NC(=S)N3	Russian Academy of Science (Russia)	A1302/0059200		CO-ADD:PC0290	32	32	32	32	32	32	32	8	32																																					
CO-ADD:0242171	[n+]1(c2ccccc2C(F)(F)F)noc([O-])n1	Russian Academy of Science (Russia)	A1322/0059875		CO-ADD:PC0291	24	32	32	32	32	32	32	16	32											32				32	32	32	32				32	32	32		32		32	32	32							32
CO-ADD:0290965	c1(c(Cl)cc(c(cccn2)c12)Cl)OC(=O)c3ccco3	Russian Academy of Science (Russia)	A2154/0090479		CO-ADD:PC0393	32	32	32	32	32	32	2	32	32																																					
CO-ADD:0311083	C12(CC3CC(CC(C3)C1)C2)c(cc4)ccc4C(=O)NC(Cc(c5c([nH]6)cccc5)c6)C(O)=O	Russian Academy of Science (Russia)	A2619/0111419		CO-ADD:PC0448	32	32	32	16	32	32	32	32	7.277											32																										
CO-ADD:0229503	N1(c2ccc(cc2)C)C(=O)\\C(\\C(C)=N1)=C/NNc3ccccc3C	Russian Academy of Science (Russia)	A0824/0038630		CO-ADD:PC0246	32	32	32	32	32	32	32	2	32											32				32	32		2				32	32	16	32	32	32										
CO-ADD:0301955	S1C(C)(CC(=O)NCc2ccccc2)NN=C1c3ccc(cc3)C	Russian Academy of Science (Russia)	A2451/0103981		CO-ADD:PC0417	32	32	32	32	32	32	32	32	32																																					
CO-ADD:0242638	[N+](=O)([O-])c1ccc(cc1C)C(=O)Oc2cccc(cccn3)c23	Russian Academy of Science (Russia)	A1345/0060713		CO-ADD:PC0291	9.22	16	32	8	32	32	16	16	32																																					
CO-ADD:0244019	C1C[C@](C)(C([C@H](O)CC(\\C(=C(\\C(OCc2ccccc2)=O)/CC\\C=C(/C)\\C)\\[C@@H](OC(C)=O)C3)[C@]34C)[C@]4(C)CC5)C5[C@H](C)[C@@H]1OC(=O)c6c(C(O)=O)cccc6	Yantai University (China)	25		CO-ADD:PC0297	20.6	32	32	32	32	32	32	32	32																																					
CO-ADD:0320618	c1(C2c3ccc(cc3)Cl)c([nH]nc1c4ccc(cc4OCC)OCC)OC(N)=C2C#N	Russian Academy of Science (Russia)	A2704/0115050		CO-ADD:PC0461	32	32	32	32	32	32	32	32	32											32																										
CO-ADD:0164430	CC[C@H]1OC(=O)[C@H](C)[C@@H](O[C@H]2C[C@@](C)(OC)[C@@H](O)[C@H](C)O2)[C@H](C)[C@@H](O[C@@H]2O[C@H](C)C[C@@H]([C@H]2O)N(C)C)[C@](C)(O)C[C@@H](C)CN(C)[C@H](C)[C@@H](O)[C@]1(C)O	NIH (USA) - Clinical Collection	SAM002589961	Azithromycin	CO-ADD:PL0013										10	10	10	10	10	10	10	10																													
CO-ADD:0164501	CCn1cc(C(O)=O)c(=O)c2cc(F)c(cc12)N1CCNCC1	NIH (USA) - Clinical Collection	SAM002264625	Norfloxacin	CO-ADD:PL0013										10	5	10	10	0.625	10	5	10																													
CO-ADD:0229739	[N+](=O)([O-])c1ccc(cc1\\C=N\\NC(COc2ccc(cc2Br)Cl)=O)O	Russian Academy of Science (Russia)	A0863/0040475		CO-ADD:PC0246	32	32	32	32	32	32	32	32	32																																					
CO-ADD:0230022	S1(=O)(=O)c2c(C(NC3CCCC(C)C3C)=N1)ccc(c2)[N+](=O)[O-]	Russian Academy of Science (Russia)	A0906/0042556		CO-ADD:PC0247	9.16	32	32	32	32	32	32	32	32																																					
CO-ADD:0319306	C(C(CC[N+]1(C2)CC(=O)c3ccc(cc3)Br)C2)(C1)C(O)(c4ccccc4)c5ccccc5	Russian Academy of Science (Russia)	A2679/0114151		CO-ADD:PC0457	32	32	32	16	32	32	32	32	32											16																										
CO-ADD:0220375	[N+](=O)([O-])c1ccc(cc1O)\\C=N\\NC(CNc2cccc(C)c2)=O	Russian Academy of Science (Russia)	A0666/0030999		CO-ADD:PC0236	32	32	32	32	32	32	32	32																																						
CO-ADD:0220492	c1(Br)c(Cl)c(Br)cc(Br)c1OCC(=O)N\\N=C\\c2cccc(OC)c2	Russian Academy of Science (Russia)	A0669/0031150		CO-ADD:PC0236	32	32	32	32	32	32	32	32																																						
CO-ADD:0220702	c1(N(CC2)CCO2)nc(N\\N=C\\c(c3c([nH]4)cccc3)c4)nc(Nc(cc5)ccc5C)n1	Russian Academy of Science (Russia)	A0676/0031460		CO-ADD:PC0236	16.9	32	32	32	32	32	32	32																																						
CO-ADD:0220768	[N+](=O)([O-])c1ccc(cc1O)\\C=N\\NC(CNc2ccccc2C)=O	Russian Academy of Science (Russia)	A0677/0031544		CO-ADD:PC0236	32	32	32	32	32	32	32	32																																						
CO-ADD:0252700	c1(sc(c2c1C(OCC)=O)CCCC2)NS(=O)(=O)c(cc3)ccc3[N+](=O)[O-]	Russian Academy of Science (Russia)	A1626/0069892		CO-ADD:PC0337	14.6	32	32	4	32	32	32	32	32																																					
CO-ADD:0155062	C12=NON=C1/N=N\\C3=NON=C3/N=N\\2	Russian Academy of Science (Russia)	A0070/0002942		CO-ADD:PC0168	32	32	32	32	32	32	32	32																																						
CO-ADD:0221408	c1(ccc(\\C=N/NC(=O)c2ccccc2[N+](=O)[O-])o1)[N+](=O)[O-]	Russian Academy of Science (Russia)	A0709/0033099		CO-ADD:PC0237	3.94	32	32	8	32	32	32	32																																						
CO-ADD:0221458	[N+](=O)([O-])c(cc1)cc(c1NC(=O)c2ccc(cc2)I)C	Russian Academy of Science (Russia)	A0711/0033213		CO-ADD:PC0237	32	32	32	32	32	32	32	32																																						
CO-ADD:0240298	N1(c2cc(Cl)cc(Cl)c2)C(=O)CC(N(CC3)CCN3c4ccccc4)C1=O	Russian Academy of Science (Russia)	A1227/0056600		CO-ADD:PC0289	32	32	32	32	32	32	16	16	32																																					
CO-ADD:0162665	c1(C#N)c(c2ccc(cc2)Cl)cc(nc1SCc3cccc(Br)c3)c4cccs4	Russian Academy of Science (Russia)	A0442/0020411		CO-ADD:PC0199	32	32	32	32	32	32	32	32	32												32	32	32	32	32	32	32																			
CO-ADD:0162731	C(=O)(Nc(cc1)ccc1Cl)Nc(ccc(c2Cl)Cl)c2	Russian Academy of Science (Russia)	A0445/0020506		CO-ADD:PC0199	13	32	32	32	32	32	32	32																																						
CO-ADD:0286165	N1(c2ccc(cc2)C)C(c3cccc(c3)OCc4c(cccc4Cl)Cl)N(N=C1C(C)=O)c5ccc(cc5)Cl	Russian Academy of Science (Russia)	A2058/0086557		CO-ADD:PC0374	32	32	32	8	32	32	32	32	32												32	8	8	32	32	32	32	16	32	32		32	32													
CO-ADD:0286423	c1(cc(cc(OC)c1C(N)=O)[N+](=O)[O-])[N+](=O)[O-]	Russian Academy of Science (Russia)	A2090/0087884		CO-ADD:PC0374	32	32	32	16	32	32	32	32	32																																					
CO-ADD:0250319	N(c1ccccc1[N+](=O)[O-])(C(=O)C(C23)C(C=C4)OC24C)C3=O	Russian Academy of Science (Russia)	A1704/0072567		CO-ADD:PC0332	32	32	32	32	32	32	32	32	32																																					
CO-ADD:0250521	N1(CNc(cc2)ccc2C)N=C(OC1=S)c3ccc(cc3)C	Russian Academy of Science (Russia)	A1711/0072955		CO-ADD:PC0332	32	32	32	32	32	32	32	32	32																																					
CO-ADD:0219610	N(C(CCC(=O)N\\N=C\\c1ccccc1OC)=O)c2ccc(cc2C)I	Russian Academy of Science (Russia)	A0646/0030010		CO-ADD:PC0233	32	32	32	32	32	32	32	32																																						
CO-ADD:0219821	[N+](=O)([O-])c(cc(cc1[N+](=O)[O-])C(=O)NC2CC2)c1	Russian Academy of Science (Russia)	A0653/0030356		CO-ADD:PC0233	32	32	32	32	32	32	32	32																																						
CO-ADD:0307232	C12(c3c(N(CC(OC)=O)C1=O)cccc3)C(C#N)=C(N)Oc4c2c(C)nn4c5cccc(Cl)c5	Russian Academy of Science (Russia)	A2599/0110517		CO-ADD:PC0439	8	32	32	8	32	32	32	32	32											32																										
CO-ADD:0162407	n1(\\N=C\\c(c(O)ccc2[N+](=O)[O-])c2)c(CCl)nnc1CCl	Russian Academy of Science (Russia)	A0427/0019779		CO-ADD:PC0199	13.1	32	32	8	32	32	8	8	17.6												32	8	16	16	4	4	8																			
CO-ADD:0227547	[N+](=O)([O-])c1cccc(\\C=N\\c2cc(CC)ccc2O)c1O	Russian Academy of Science (Russia)	A0875/0041035		CO-ADD:PC0244	32	32	32	16	32	32	32	16	32																																					
CO-ADD:10314370	c(c1)(cc(Cl)c(n1)OCC)C(=O)NCC(C)(O)C(C)C	MMV (CH) - Small Polar Library	DDD01811800:01		CO-ADD:PL0025										300	300								300																											
CO-ADD:10315505	N1(C(=O)C=CC1=O)Cc2ccc(Cl)cc2	MMV (CH) - Small Polar Library	DDD00981120:02		CO-ADD:PL0025										300	300								300																											
CO-ADD:10320391	c1(occc1C(C)C)C(=O)N(C)c2cc(ccn2)C#N	MMV (CH) - Small Polar Library	DDD01818931:01		CO-ADD:PL0025										300	300								300																											
CO-ADD:10320403	C(=O)(N(C)CCOc1ccc(Cl)cc1)C(C)(C)CN	MMV (CH) - Small Polar Library	DDD01818546:01		CO-ADD:PL0025										300	300								300																											
CO-ADD:10313386	N1(CCCC(CO)(O)C1)c2ccnc(ccc(Cl)c3)c23	MMV (CH) - Small Polar Library	DDD01825310:01		CO-ADD:PL0025										300	300								300																											
CO-ADD:10314482	c1(CNc2cnccc2CO)c3c(oc1)cccc3	MMV (CH) - Small Polar Library	DDD01811898:01		CO-ADD:PL0025										300	300								300																											
CO-ADD:10316596	c1(cnsn1)C(=O)NCc2cccs2	MMV (CH) - Small Polar Library	DDD01813902:01		CO-ADD:PL0025										300	300								300																											
CO-ADD:10317566	c12c(ccc(Cl)c1)nccc2NCCCO	MMV (CH) - Small Polar Library	DDD01821092:01		CO-ADD:PL0025										300	300								300																											
CO-ADD:10317610	N(CCC1C(N)=O)(C1)c2ccnc(cc(cc3)Br)c23	MMV (CH) - Small Polar Library	DDD01821093:01		CO-ADD:PL0025										300	300								300																											
CO-ADD:10318591	N1(CCCC(C1)CCc2ccc(cc2F)F)C(CN)=O	MMV (CH) - Small Polar Library	DDD01827307:01		CO-ADD:PL0025										300	300								300																											
CO-ADD:10318612	N(Cc1cccs1)(Cc2cccs2)C(CN)=O	MMV (CH) - Small Polar Library	DDD01822786:01		CO-ADD:PL0025										300	300								300																											
CO-ADD:10313397	c1(c2cccc(OC)c2)sc(CN)cn1	MMV (CH) - Small Polar Library	DDD01825148:01		CO-ADD:PL0025										300	300								300																											
CO-ADD:10313415	c1(ccc(cc1OC)OC)c(cc2)cc(n2)CO	MMV (CH) - Small Polar Library	DDD01825244:01		CO-ADD:PL0025										300	300								300																											
CO-ADD:10316633	c1(c2)c([nH]n2)ncnc1NCc3cccc(c34)OCO4	MMV (CH) - Small Polar Library	DDD01814054:01		CO-ADD:PL0025										300	300								300																											
CO-ADD:10317654	S1(CCC(CNc2ccnc(ccc(Cl)c3)c23)C1)(=O)=O	MMV (CH) - Small Polar Library	DDD01821094:01		CO-ADD:PL0025										300	300								300																											
CO-ADD:10319422	[nH]1c(ccc(c2)Cl)c2cc1CNC([C@@H](C)N)=O	MMV (CH) - Small Polar Library	DDD01824267:01		CO-ADD:PL0025										300	300								300																											
CO-ADD:10313518	N1(CCC(N)CC1)c2ccccc2F	MMV (CH) - Small Polar Library	DDD01825157:01		CO-ADD:PL0025										300	300								300																											
CO-ADD:10314614	n1(c2cccc(Cl)c2)cc(cn1)CN	MMV (CH) - Small Polar Library	DDD01811901:01		CO-ADD:PL0025										300	300								300																											
CO-ADD:10315610	s1c(c2ccc(Cl)cc2)ccc1C(NCCN)=O	MMV (CH) - Small Polar Library	DDD01816885:01		CO-ADD:PL0025										300	300								90																											
CO-ADD:10316705	n1cn(nc1C#N)CC(=O)c2ccc3c(CCO3)c2	MMV (CH) - Small Polar Library	DDD01813992:01		CO-ADD:PL0025										300	300								300																											
CO-ADD:10313558	c1c(OCC)cccc1OCCNCC	MMV (CH) - Small Polar Library	DDD01827003:01		CO-ADD:PL0025										300	300								300																											
CO-ADD:10315661	c1(C(CO)NC)cccc(Cl)c1Cl	MMV (CH) - Small Polar Library	DDD01817264:01		CO-ADD:PL0025										300	300								300																											
CO-ADD:10315711	c(OCCNC1)(cc(Br)cc2)c12	MMV (CH) - Small Polar Library	DDD01817289:01		CO-ADD:PL0025										300	300								300																											
CO-ADD:10316766	c1(C(CCO2)CN)c2cccc1	MMV (CH) - Small Polar Library	DDD01813439:01		CO-ADD:PL0025										300	300								300																											
CO-ADD:10316767	c1(ccc(C)s1)C(=O)NCc(ccnc2N(C)C)c2	MMV (CH) - Small Polar Library	DDD01814317:01		CO-ADD:PL0025										300	300								300																											
CO-ADD:10314738	N1(CCN(CC(C)(C)N)CC1)c2cccc(Cl)c2	MMV (CH) - Small Polar Library	DDD01812038:01		CO-ADD:PL0025										300	300								300																											
CO-ADD:10315728	c1(OCC)cc(Cl)ccc1CN	MMV (CH) - Small Polar Library	DDD01817354:01		CO-ADD:PL0025										300	300								300																											
CO-ADD:10315740	c1(nnc(CC)s1)NC(=O)c2nccc(OC)c2	MMV (CH) - Small Polar Library	DDD01816880:01		CO-ADD:PL0025										300	300								300																											
CO-ADD:10316825	N#Cc(ccc(n1)NC(C)c(ccc(OCO2)c23)c3)c1	MMV (CH) - Small Polar Library	DDD01814200:01		CO-ADD:PL0025										300	300								300																											
CO-ADD:10317879	S(N)(NCCCc1ccc(Br)cc1F)(=O)=O	MMV (CH) - Small Polar Library	DDD01821179:01		CO-ADD:PL0025										300	300								300																											
CO-ADD:10314817	c1(N(CCCN2C)CC2)c(CO)cc(c3n1)cccc3	MMV (CH) - Small Polar Library	DDD01811489:01		CO-ADD:PL0025										300	300								300																											
CO-ADD:10315845	C(=O)(C1CCNC1)N(C)Cc2ccc(Cl)cc2	MMV (CH) - Small Polar Library	DDD01816683:01		CO-ADD:PL0025										300	300								300																											
CO-ADD:10316889	c1(coc(Br)c1)C(=O)Nc(cc2)ccn2	MMV (CH) - Small Polar Library	DDD01814280:01		CO-ADD:PL0025										300	300								300																											
CO-ADD:10316895	S(N)(=O)(=O)c1ccc(C(=O)Nc(cc2)ccc2OC)o1	MMV (CH) - Small Polar Library	DDD01814304:01		CO-ADD:PL0025										300	300								200																											
CO-ADD:10316914	c1(ccc(F)cc1I)C(=O)Nc(cc2)cc(n2)CO	MMV (CH) - Small Polar Library	DDD01813678:01		CO-ADD:PL0025										300	300								300																											
CO-ADD:10317919	c1(cc(c(cccc2)c2n1)C#N)N3CCC[C@@H]3CO	MMV (CH) - Small Polar Library	DDD01821188:01		CO-ADD:PL0025										300	300								300																											
CO-ADD:10317921	n(c1)n(C)cc1CC(=O)Nc2ccc(I)cn2	MMV (CH) - Small Polar Library	DDD01821196:01		CO-ADD:PL0025										300	300								300																											
CO-ADD:10318655	c12c(cccn1)c(Br)ccc2CNCC(C3)(O)CCO3	MMV (CH) - Small Polar Library	DDD01822795:01		CO-ADD:PL0025										300	300								300																											
CO-ADD:10318713	N1(CCCC(CCc(cc2)ccc2F)C1)C(=O)CCN	MMV (CH) - Small Polar Library	DDD01827386:01		CO-ADD:PL0025										300	300								300																											
CO-ADD:10318717	N1(CCCC(CCc(cc2)ccc2F)C1)C(CN)=O	MMV (CH) - Small Polar Library	DDD01825846:01		CO-ADD:PL0025										300	300								300																											
CO-ADD:10313825	c1(C(NCCc2[nH]cc(C)n2)=O)cc(n[nH]1)CCC	MMV (CH) - Small Polar Library	DDD01824967:01		CO-ADD:PL0025										300	300								300																											
CO-ADD:10313860	N1(CCCC1=O)Cc2ccccc2CNC(C)COC	MMV (CH) - Small Polar Library	DDD01825826:01		CO-ADD:PL0025										300	300								300																											
CO-ADD:10315932	N1C(CCCc2c1ccc(OC)c2)=O	MMV (CH) - Small Polar Library	DDD01817028:01		CO-ADD:PL0025										300	300								300																											
CO-ADD:10315960	n1c(N)ccnc1CNC(=O)c2cc(C)cc(Br)c2	MMV (CH) - Small Polar Library	DDD01816965:01		CO-ADD:PL0025										300	300								300																											
CO-ADD:10318774	C(=O)(Nc(ccc(c1Cl)C)c1)N(CCC2C(NC)=O)C2	MMV (CH) - Small Polar Library	DDD01827414:01		CO-ADD:PL0025										300	300								90																											
CO-ADD:10319799	C(=O)(NC(C1)CCN1)c2ccccc2OCCC	MMV (CH) - Small Polar Library	DDD01824456:01		CO-ADD:PL0025										300	300								25																											
CO-ADD:10313890	c(cnn1CC(NC)=O)(c2cccc(cn3)c2cc3)c1	MMV (CH) - Small Polar Library	DDD01825152:01		CO-ADD:PL0025										300	300								300																											
CO-ADD:10313913	s1c(C)nnc1SCC(NCCCc2csc(N)n2)=O	MMV (CH) - Small Polar Library	DDD01826317:01		CO-ADD:PL0025										300	300								300																											
CO-ADD:10315026	c12c(ccc(Cl)c1)nccc2NCCC(=O)N(C)C	MMV (CH) - Small Polar Library	DDD01811965:01		CO-ADD:PL0025										300	300								300																											
CO-ADD:10318152	n1c(SCC(=O)NCC(C)C)n[nH]c1c2ccccn2	MMV (CH) - Small Polar Library	DDD01821314:01		CO-ADD:PL0025										300	300								60																											
CO-ADD:10318870	C(NCCN)(=O)Nc(cc1)ccc1SCCC	MMV (CH) - Small Polar Library	DDD01824313:01		CO-ADD:PL0025										300	300								300																											
CO-ADD:10318895	N1(CCCC(CCc(ccc(c2F)F)c2)C1)C(CN)=O	MMV (CH) - Small Polar Library	DDD01826530:01		CO-ADD:PL0025										300	300								300																											
CO-ADD:10319874	n1(CCC)cnnc1CNC	MMV (CH) - Small Polar Library	DDD01825171:01		CO-ADD:PL0025										300	300								300																											
CO-ADD:10315063	n1c(N)scc1c(ccc2c3CCCC(=O)N2)c3	MMV (CH) - Small Polar Library	DDD01811589:01		CO-ADD:PL0025										300	300								300																											
CO-ADD:10315085	C(C1)(CCS1)(CNC(=O)NC(C)C)N(CC2)CCO2	MMV (CH) - Small Polar Library	DDD01811676:01		CO-ADD:PL0025										300	300								300																											
CO-ADD:10315102	c(NCC(COC)O)(c1c2cccc1)c(C)c(n2)C	MMV (CH) - Small Polar Library	DDD01812087:01		CO-ADD:PL0025										300	300								300																											
CO-ADD:10318190	S(=O)(=O)(N(C)C)Nc(ccc(OCCC)c1Cl)c1	MMV (CH) - Small Polar Library	DDD01821323:01		CO-ADD:PL0025										300	300								300																											
CO-ADD:10314009	N(C[C@@H]([C@H]1C2CC2)N)(C1)c3nc(C)cc(C)c3C#N	MMV (CH) - Small Polar Library	DDD01824269:01		CO-ADD:PL0025										300	300								300																											
CO-ADD:10316163	C(=O)(NC(CCC(=O)N1)C1)c(cc(c(Br)c2Cl)C)c2	MMV (CH) - Small Polar Library	DDD01816763:01		CO-ADD:PL0025										300	300								300																											
CO-ADD:10316289	[C@]1(C)(N)C[C@H]1c2ccccc2	MMV (CH) - Small Polar Library	DDD01816743:01		CO-ADD:PL0025										300	300								200																											
CO-ADD:10316328	n1c(C)ncc(C)c1N	MMV (CH) - Small Polar Library	DDD01816767:01		CO-ADD:PL0025										300	300								300																											
CO-ADD:10319132	n1c(ccc(cccc2Cl)c12)C(=O)NC[C@H]3CCCN3	MMV (CH) - Small Polar Library	DDD01826607:01		CO-ADD:PL0025										300	300								300																											
CO-ADD:10319158	c1(NC(CN2CCC(N)C2)=CC3=O)c3c(ccc1C)C	MMV (CH) - Small Polar Library	DDD01824587:01		CO-ADD:PL0025										300	300								300																											
CO-ADD:10322355	N1=C(CSC(NC2CC2)=N1)c(ccc(OCCO3)c34)c4	MMV (CH) - Small Polar Library	DDD01814863:01		CO-ADD:PL0025										300	300								300																											
CO-ADD:10322377	c(C(=O)NC(C)(C)CC)(c(C)n(n1)c2ccccc2)n1	MMV (CH) - Small Polar Library	DDD01814514:01		CO-ADD:PL0025										300	300								300																											
CO-ADD:10323519	C(=O)(NCC(=O)N(C)C)NCc1cc(ccc1Br)F	MMV (CH) - Small Polar Library	DDD01817560:01		CO-ADD:PL0025										300	300								300																											
CO-ADD:10325709	c(c(F)ccc1)(CSCC2N)c12	MMV (CH) - Small Polar Library	DDD01810043:01		CO-ADD:PL0025										300	300								300																											
CO-ADD:10325716	n1c(CCOc2cccc(C)c2)noc1C(C3)CN3	MMV (CH) - Small Polar Library	DDD01823061:01		CO-ADD:PL0025										300	300								200																											
CO-ADD:10326802	N1(CCC[C@H]1CO)Cc2ccc(F)c(cccn3)c23	MMV (CH) - Small Polar Library	DDD01810819:01		CO-ADD:PL0025										300	300								300																											
CO-ADD:10327879	N1(CCC(CC1)Nc(cccn2)c2)c3c(cccn3)Cl	MMV (CH) - Small Polar Library	DDD01822003:01		CO-ADD:PL0025										300	300								300																											
CO-ADD:10327924	N(C(CCc1cccs1)=O)c2ccc(C(C)=O)cn2	MMV (CH) - Small Polar Library	DDD01821916:01		CO-ADD:PL0025										300	300								300																											
CO-ADD:10330097	c(C(C)=O)(sc(n1)NCCC)c1C	MMV (CH) - Small Polar Library	DDD01823692:01		CO-ADD:PL0025										300	300								200																											
CO-ADD:10330111	c(c(Br)s1)cc1C(N2CCN(CC2)c3ccccn3)=O	MMV (CH) - Small Polar Library	DDD01824167:01		CO-ADD:PL0025										300	300								300																											
CO-ADD:10330125	n1(c2ccccc2)nnnc1I	MMV (CH) - Small Polar Library	DDD01823644:01		CO-ADD:PL0025										60	300								25																											
CO-ADD:10324658	c([C@H](N)CCC1)(cc(F)cc2F)c12	MMV (CH) - Small Polar Library	DDD01820213:01		CO-ADD:PL0025										300	300								300																											
CO-ADD:10326881	c12c(cccc1CCN)cc[nH]2	MMV (CH) - Small Polar Library	DDD01810273:01		CO-ADD:PL0025										300	300								300																											
CO-ADD:10326890	N(CC1)(CCN1)C(c2ccc(Br)cc2)C#N	MMV (CH) - Small Polar Library	DDD01810821:01		CO-ADD:PL0025										300	300								300																											
CO-ADD:10326895	c1(Cl)c(Cl)ccc(C(CN)O)c1	MMV (CH) - Small Polar Library	DDD01810326:01		CO-ADD:PL0025										300	300								300																											
CO-ADD:10327964	S(=O)(=O)(NC1CNCC1)c2cccc(C)c2Cl	MMV (CH) - Small Polar Library	DDD01821901:01		CO-ADD:PL0025										300	300								300																											
CO-ADD:10329054	S(NCCc1cc(ccc1OCC)Cl)(=O)(=O)N(C)C	MMV (CH) - Small Polar Library	DDD01812933:01		CO-ADD:PL0025										300	300								300																											
CO-ADD:10329080	C(=O)(c1ccc(F)cc1)CCN(C)C	MMV (CH) - Small Polar Library	DDD01812863:01		CO-ADD:PL0025										300	300								300																											
CO-ADD:10321403	C(CNc(cc(OC)cc1F)c1)(=O)NCc2ccco2	MMV (CH) - Small Polar Library	DDD01818764:01		CO-ADD:PL0025										300	300								300																											
CO-ADD:10322503	S(CC)(=O)(=O)NCC(N)c1ccc(C(C)C)cc1	MMV (CH) - Small Polar Library	DDD01818323:01		CO-ADD:PL0025										300	300								300																											
CO-ADD:10324732	c1(c(cccn1)F)OC(CC2)CCN2	MMV (CH) - Small Polar Library	DDD01820162:01		CO-ADD:PL0025										300	300								300																											
CO-ADD:10324747	c1(CC2CN)c2cccc1	MMV (CH) - Small Polar Library	DDD01820131:01		CO-ADD:PL0025										300	300								300																											
CO-ADD:10325824	N1(CCC(CC1)CN)Cc2cccc(F)c2	MMV (CH) - Small Polar Library	DDD01822884:01		CO-ADD:PL0025										300	300								300																											
CO-ADD:10328066	c1(c(C)ocn1)C(=O)Nc2ccc(c3c2)CCCN3	MMV (CH) - Small Polar Library	DDD01821863:01		CO-ADD:PL0025										300	300								300																											
CO-ADD:10330260	c1(SCCCNCc(cc2)ccc2OC)nnnn1C	MMV (CH) - Small Polar Library	DDD01823389:01		CO-ADD:PL0025										300	300								300																											
CO-ADD:10322618	c(cnc1OC(C)C)(cc1Cl)C(=O)NC(CC)C#N	MMV (CH) - Small Polar Library	DDD01818087:01		CO-ADD:PL0025										300	300								300																											
CO-ADD:10324823	c1([nH]cc(Cl)c1)C(=O)N(C)Cc(cc2)ccc2O	MMV (CH) - Small Polar Library	DDD01820085:01		CO-ADD:PL0025										300	300								300																											
CO-ADD:10325888	[C@@H]1(CN(C)C)CN(C[C@H]1NC(CCC(C)C)=O)C	MMV (CH) - Small Polar Library	DDD01823049:01		CO-ADD:PL0025										300	300								300																											
CO-ADD:10327000	c1(cc(c(cccc2)c2n1)C)N(CC3)CCN3CCO	MMV (CH) - Small Polar Library	DDD01810904:01		CO-ADD:PL0025										300	300								300																											
CO-ADD:10328078	n1c(c2ccc(Br)cc2)noc1C(C)NC(CNC)=O	MMV (CH) - Small Polar Library	DDD01821735:01		CO-ADD:PL0025										300	300								300																											
CO-ADD:10328112	n(ccn1)(c1)c(ccc2C(=O)OCC(C)(C)SC)nc2	MMV (CH) - Small Polar Library	DDD01821696:01		CO-ADD:PL0025										300	300								300																											
CO-ADD:10329208	c1(n(C)ncn1)NC(=O)c2ccc(cc2)C#N	MMV (CH) - Small Polar Library	DDD01813017:01		CO-ADD:PL0025										200	300								200																											
CO-ADD:10330292	S(=O)(=O)(CCN)N1CCCc(cccc2)c12	MMV (CH) - Small Polar Library	DDD01824101:01		CO-ADD:PL0025										300	300								300																											
CO-ADD:10330348	n1ccccc1CNCc2cccc(OC)c2	MMV (CH) - Small Polar Library	DDD01823391:01		CO-ADD:PL0025										300	300								300																											
CO-ADD:10330350	c1(ccc(CNCCNCCO)o1)c2ccccc2F	MMV (CH) - Small Polar Library	DDD01823399:01		CO-ADD:PL0025										300	300								300																											
CO-ADD:10320423	c1(C2)n(CCO2)ccn1	MMV (CH) - Small Polar Library	DDD01818885:01		CO-ADD:PL0025										300	300								300																											
CO-ADD:10322627	c1(sccn1)Nc2ccccn2	MMV (CH) - Small Polar Library	DDD01818294:01		CO-ADD:PL0025										300	300								300																											
CO-ADD:10322644	c1(csc(I)c1)C(=O)Nc2cc[nH]n2	MMV (CH) - Small Polar Library	DDD01818017:01		CO-ADD:PL0025										300	300								300																											
CO-ADD:10322654	c1(CN(CCO)CCCO)c(Cl)ccc(cccn2)c12	MMV (CH) - Small Polar Library	DDD01818056:01		CO-ADD:PL0025										300	300								300																											
CO-ADD:10323790	C(N)(c1ccccn1)c2ccc(C)cc2	MMV (CH) - Small Polar Library	DDD01816371:01		CO-ADD:PL0025										300	300								300																											
CO-ADD:10325998	C(=O)(N(C)C)Nc1cc(F)cc(F)c1	MMV (CH) - Small Polar Library	DDD01823132:01		CO-ADD:PL0025										300	300								300																											
CO-ADD:10327065	n1c(CN)[nH]cc1c2ccc(Cl)cc2	MMV (CH) - Small Polar Library	DDD01810646:01		CO-ADD:PL0025										300	300								300																											
CO-ADD:10329290	c1(n(C)ncn1)NC(=O)c2cscc2C	MMV (CH) - Small Polar Library	DDD01812995:01		CO-ADD:PL0025										300	300								300																											
CO-ADD:10320495	n1nc(oc1c2ccccc2)C#N	MMV (CH) - Small Polar Library	DDD01818564:01		CO-ADD:PL0025										300	300								300																											
CO-ADD:10320508	S(C)(=O)(=O)c1ccc(CN)o1	MMV (CH) - Small Polar Library	DDD01819479:01		CO-ADD:PL0025										300	300								300																											
CO-ADD:10320509	C(CN)(CC(C)C)C(OCC)=O	MMV (CH) - Small Polar Library	DDD01818879:01		CO-ADD:PL0025										300	300								300																											
CO-ADD:10320512	N(CC1)CCC1C2CCCCO2	MMV (CH) - Small Polar Library	DDD01819495:01		CO-ADD:PL0025										300	300								300																											
CO-ADD:10320516	S1(=O)(=O)c(cccc2)c2C(Nc(c3)c(C)ccn3)C1	MMV (CH) - Small Polar Library	DDD01819511:01		CO-ADD:PL0025										300	300								300																											
CO-ADD:10320532	c1(ccc(C)o1)C(=O)N(CC2)CCN2c3sccn3	MMV (CH) - Small Polar Library	DDD01818627:01		CO-ADD:PL0025										300	300								300																											
CO-ADD:10320533	S(=O)(=O)(c1cccc(CC)c1)N2CCC(NC)C2	MMV (CH) - Small Polar Library	DDD01818541:01		CO-ADD:PL0025										300	300								300																											
CO-ADD:10320535	c1(cnccc1N)C(C(C)C)=O	MMV (CH) - Small Polar Library	DDD01818549:01		CO-ADD:PL0025										300	300								300																											
CO-ADD:10321617	N(CCN1CC)(CC1)c2cc(ccn2)C#N	MMV (CH) - Small Polar Library	DDD01815337:01		CO-ADD:PL0025										300	300								300																											
CO-ADD:10324961	n1c2c(cccc2)ccc1NCCN	MMV (CH) - Small Polar Library	DDD01820361:01		CO-ADD:PL0025										300	300								300																											
CO-ADD:10327112	S(N)(=O)(=O)c(cc1)ccc1C(C)Nc2cccc(C)n2	MMV (CH) - Small Polar Library	DDD01811176:01		CO-ADD:PL0025										300	300								300																											
CO-ADD:10327159	s1c(NC)nnc1c2ccccc2	MMV (CH) - Small Polar Library	DDD01810670:01		CO-ADD:PL0025										300	300								300																											
CO-ADD:10327160	S(N)(=O)(=O)NCC(CCN1c2cccc(Br)c2)C1	MMV (CH) - Small Polar Library	DDD01811192:01		CO-ADD:PL0025										300	300								300																											
CO-ADD:10330426	NCc1cc(c2sccn2)ccc1	MMV (CH) - Small Polar Library	DDD00108108:03		CO-ADD:PL0025										300	300								300																											
CO-ADD:10330436	c1(c2cccc(Cl)c2)ccc(CNCCNCCO)o1	MMV (CH) - Small Polar Library	DDD01823393:01		CO-ADD:PL0025										300	300								300																											
CO-ADD:10320561	C(=O)(Cc1cccc2c1cccc2)N(C)C(C)CN	MMV (CH) - Small Polar Library	DDD01818911:01		CO-ADD:PL0025										300	300								300																											
CO-ADD:10320579	n1c2c(ccc(Cl)c2)n(C)c1CN	MMV (CH) - Small Polar Library	DDD01818550:01		CO-ADD:PL0025										300	300								300																											
CO-ADD:10320599	NCC(OC)CC(C)C	MMV (CH) - Small Polar Library	DDD01818889:01		CO-ADD:PL0025										300	300								300																											
CO-ADD:10326100	c1(C(=O)N(CC2)CCO2)c(OC)c3c(ccc(F)c3)s1	MMV (CH) - Small Polar Library	DDD01822927:01		CO-ADD:PL0025										300	300								300																											
CO-ADD:10326111	C1(=O)c2c(cccc2)OCC1CN(CCO3)CC3	MMV (CH) - Small Polar Library	DDD01809892:01		CO-ADD:PL0025										300	300								300																											
CO-ADD:10327201	n1(c2ccc(cc2)Cl)cc(cn1)CN	MMV (CH) - Small Polar Library	DDD01810664:01		CO-ADD:PL0025										300	300								300																											
CO-ADD:10327218	c1(NC(NCCO)=O)sc(c2n1)cccc2	MMV (CH) - Small Polar Library	DDD01810901:01		CO-ADD:PL0025										300	300								300																											
CO-ADD:10327232	c1(ccc(Cl)s1)C(=O)N(CC2)CCC23OCC(C)O3	MMV (CH) - Small Polar Library	DDD01811131:01		CO-ADD:PL0025										300	300								300																											
CO-ADD:10330510	c(c1)ccc(c1)c(c2)sc(NC(=O)CSCCO)n2	MMV (CH) - Small Polar Library	DDD01823919:01		CO-ADD:PL0025										300	300								200																											
CO-ADD:10330523	C1(NC(=O)c2c(C)c3c(cccc3)o2)=NCCS1	MMV (CH) - Small Polar Library	DDD01823731:01		CO-ADD:PL0025										300	300								300																											
CO-ADD:10320673	n(c1N)c(SCCC2CCCN2C)c(cc1C#N)C#N	MMV (CH) - Small Polar Library	DDD01818575:01		CO-ADD:PL0025										300	300								300																											
CO-ADD:10321790	c1(ncccn1)N(CC2)CCN2c3ccccn3	MMV (CH) - Small Polar Library	DDD01814628:01		CO-ADD:PL0025										300	300								300																											
CO-ADD:10323957	c1(c2ccccc2)ccc(C(CN)O)cc1	MMV (CH) - Small Polar Library	DDD01815715:01		CO-ADD:PL0025										300	300								300																											
CO-ADD:10327296	c1(ccc(Br)c(cccn2)c12)CN(CCC3C(N)=O)C3	MMV (CH) - Small Polar Library	DDD01811211:01		CO-ADD:PL0025										300	300								300																											
CO-ADD:10328376	n1cc(cc(nccc2N[C@H](CC)CO)c12)Br	MMV (CH) - Small Polar Library	DDD01821702:01		CO-ADD:PL0025										300	300								300																											
CO-ADD:10324029	c(cccc1CC)(C(N)CCO2)c12	MMV (CH) - Small Polar Library	DDD01815655:01		CO-ADD:PL0025										300	300								300																											
CO-ADD:10326243	n1c(c2ccc(cc2)Br)c[nH]c1SCC(N)=O	MMV (CH) - Small Polar Library	DDD01809895:01		CO-ADD:PL0025										300	300								300																											
CO-ADD:10326245	n1c(CN)cccc1c2ccccn2	MMV (CH) - Small Polar Library	DDD01809903:01		CO-ADD:PL0025										300	300								200																											
CO-ADD:10327321	c1(c2ccccc2)nccc(N)c1	MMV (CH) - Small Polar Library	DDD01810622:01		CO-ADD:PL0025										300	300								300																											
CO-ADD:10327343	N1(CCC(CCNC)CC1)c(cc2)ccn2	MMV (CH) - Small Polar Library	DDD01810440:01		CO-ADD:PL0025										300	300								300																											
CO-ADD:10328422	C(=O)(c1ccccn1)Nc2c(OC)ccc(OC)c2	MMV (CH) - Small Polar Library	DDD01821528:01		CO-ADD:PL0025										300	300								300																											
CO-ADD:10320831	O(C(C)CN)c(cc1)ccc1C	MMV (CH) - Small Polar Library	DDD01818846:01		CO-ADD:PL0025										300	300								300																											
CO-ADD:10323008	c1(C(N)=O)cc(cn1C)NC(=O)c2ccc(Br)s2	MMV (CH) - Small Polar Library	DDD01818415:01		CO-ADD:PL0025										300	300								300																											
CO-ADD:10324119	n1c(c2ccc(Br)cc2)c[nH]c1C(C)N	MMV (CH) - Small Polar Library	DDD01815664:01		CO-ADD:PL0025										300	300								300																											
CO-ADD:10324129	C1(O)(CNCC1)c2ccc(C)cc2	MMV (CH) - Small Polar Library	DDD01815703:01		CO-ADD:PL0025										300	300								300																											
CO-ADD:10327408	n1c(SCC(C)CS(C)(=O)=O)n[nH]c1c2ccccn2	MMV (CH) - Small Polar Library	DDD01811041:01		CO-ADD:PL0025										300	300								300																											
CO-ADD:10328549	c(OCCC)(cc1)ccc1CN	MMV (CH) - Small Polar Library	DDD01822218:01		CO-ADD:PL0025										300	300								300																											
CO-ADD:10330702	c(c1)(c2ccccc2Cl)oc(c1)CNCCNCCO	MMV (CH) - Small Polar Library	DDD01823901:01		CO-ADD:PL0025										300	300								300																											
CO-ADD:10330709	c(C(N)=O)(sc(c12)nc(c(CC)c1C)C)c2N	MMV (CH) - Small Polar Library	DDD01823346:01		CO-ADD:PL0025										300	300								300																											
CO-ADD:10323068	s1c(OCC)nnc1CN(CCC2C(N)=O)CC2	MMV (CH) - Small Polar Library	DDD01817869:01		CO-ADD:PL0025										300	300								300																											
CO-ADD:10325303	N1(CC(C)O)C(=O)C=CC1=O	MMV (CH) - Small Polar Library	DDD01819555:01		CO-ADD:PL0025										300	300								300																											
CO-ADD:10326391	n1(ccnc1C)CC(O)COc2cccc(C)c2	MMV (CH) - Small Polar Library	DDD00085977:02		CO-ADD:PL0025										300	300								300																											
CO-ADD:10327458	n1c(c2ccccc2)nsc1NC(=O)NC(C)CO	MMV (CH) - Small Polar Library	DDD01811065:01		CO-ADD:PL0025										300	300								200																											
CO-ADD:10327524	S(C)(=O)(=O)CCNc1ccnc(ccc(Br)c2)c12	MMV (CH) - Small Polar Library	DDD01810980:01		CO-ADD:PL0025										300	300								300																											
CO-ADD:10328582	c1(C(=O)Nc2ccc3c(CCN3)c2)cc(C)nn1C	MMV (CH) - Small Polar Library	DDD01822083:01		CO-ADD:PL0025										300	300								300																											
CO-ADD:10325319	n1(c2ccc(cc2)Br)cc(cn1)CN	MMV (CH) - Small Polar Library	DDD01819617:01		CO-ADD:PL0025										300	300								300																											
CO-ADD:10325345	C1(=O)c2c(cccc2)NC(=O)C(Cc3ccccc3)N1	MMV (CH) - Small Polar Library	DDD01434722:02		CO-ADD:PL0025										300	300								300																											
CO-ADD:10326461	N1(CCCCC1)c2ccncc2N	MMV (CH) - Small Polar Library	DDD01809792:01		CO-ADD:PL0025										300	300								300																											
CO-ADD:10327537	n1nccn1CC2(CCCNC2)O	MMV (CH) - Small Polar Library	DDD01810516:01		CO-ADD:PL0025										300	300								300																											
CO-ADD:10322075	c1(NC(NCCCC(NC)=O)=O)sc(c2n1)cccc2	MMV (CH) - Small Polar Library	DDD01814802:01		CO-ADD:PL0025										300	300								300																											
CO-ADD:10325418	O(C(CC)C(N1)=O)c2c1cccc2Cl	MMV (CH) - Small Polar Library	DDD01819754:01		CO-ADD:PL0025										300	300								300																											
CO-ADD:10326539	N(CC1)(CCN1)c2cccc(c2)OC(F)F	MMV (CH) - Small Polar Library	DDD01809809:01		CO-ADD:PL0025										300	300								300																											
CO-ADD:10328729	S(NCCN)(=O)(=O)c1ccc(c2ccccc2)cc1	MMV (CH) - Small Polar Library	DDD01821623:01		CO-ADD:PL0025										300	300								300																											
CO-ADD:10329825	c1(cnsn1)C(=O)N(CC2)CCN2c3ccccn3	MMV (CH) - Small Polar Library	DDD01823864:01		CO-ADD:PL0025										300	300								300																											
CO-ADD:10321042	C(=O)(c1c(cccc1F)O)N2CCc(c3)c2ccn3	MMV (CH) - Small Polar Library	DDD01819078:01		CO-ADD:PL0025										300	300								300																											
CO-ADD:10321078	c1(csc(NCCSC)n1)c2cccnc2OC	MMV (CH) - Small Polar Library	DDD01819209:01		CO-ADD:PL0025										300	300								300																											
CO-ADD:10322201	c1(sc(cn1)C)NC(=O)c2cccc(C)n2	MMV (CH) - Small Polar Library	DDD01814510:01		CO-ADD:PL0025										300	300								300																											
CO-ADD:10324381	C1(=N)C(C)=CNc(cccc2)c12	MMV (CH) - Small Polar Library	DDD01815829:01		CO-ADD:PL0025										300	300								300																											
CO-ADD:10327669	n1c(Cl)c(CN)sc1N(C)C	MMV (CH) - Small Polar Library	DDD01810519:01		CO-ADD:PL0025										200	300								200																											
CO-ADD:10328776	n1c2c(c(C)cc1NC(C)CO)cccc2	MMV (CH) - Small Polar Library	DDD01812871:01		CO-ADD:PL0025										300	300								300																											
CO-ADD:10328795	c1(c(F)ccc(OC)c1)N2CCNCC2	MMV (CH) - Small Polar Library	DDD01812260:01		CO-ADD:PL0025										300	300								300																											
CO-ADD:10328801	c(cccc1OC)(c(N)c(cn2)C)c12	MMV (CH) - Small Polar Library	DDD01812283:01		CO-ADD:PL0025										300	300								300																											
CO-ADD:10329875	s(c(n1)NC(=O)CSc([nH]n2)nc2)c(Br)c1	MMV (CH) - Small Polar Library	DDD01823654:01		CO-ADD:PL0025										300	300								300																											
CO-ADD:10329878	c1(ccn(C)n1)C(=O)Nc2ccc(cn2)Br	MMV (CH) - Small Polar Library	DDD01823992:01		CO-ADD:PL0025										300	300								300																											
CO-ADD:10329914	n1c2c(cccc2)c(cc1NCCO)C	MMV (CH) - Small Polar Library	DDD01823639:01		CO-ADD:PL0025										300	300								300																											
CO-ADD:10329932	C(CCN)(C(=O)NN1)=C1c(cc2)ccc2N(C)C	MMV (CH) - Small Polar Library	DDD01553932:02		CO-ADD:PL0025										300	300								300																											
CO-ADD:10321147	N(C1c(ccc(OC)c2F)c2)C(=O)c(cccn3)c3N1	MMV (CH) - Small Polar Library	DDD01819134:01		CO-ADD:PL0025										300	300								300																											
CO-ADD:10325540	c1(cncc2c1cccc2)N3CCNCC3	MMV (CH) - Small Polar Library	DDD01819717:01		CO-ADD:PL0025										300	300								300																											
CO-ADD:10325554	C(C)(C)(N)C(O)c1ccc(Br)cc1	MMV (CH) - Small Polar Library	DDD01819773:01		CO-ADD:PL0025										300	300								300																											
CO-ADD:10327755	N(C)(c1ccc(c2ccccc2)cc1)C(CN)=O	MMV (CH) - Small Polar Library	DDD01822032:01		CO-ADD:PL0025										300	300								300																											
CO-ADD:10327793	S(C)(=O)(=O)N1CCSc(ccc(Cl)c2)c12	MMV (CH) - Small Polar Library	DDD01822009:01		CO-ADD:PL0025										300	300								300																											
CO-ADD:10328871	n1c(SC(C)C(=O)N(C)C)n[nH]c1c2ccccn2	MMV (CH) - Small Polar Library	DDD01812385:01		CO-ADD:PL0025										300	300								300																											
CO-ADD:10329953	c(cc(c(on1)n2)c1N)c2C	MMV (CH) - Small Polar Library	DDD01823859:01		CO-ADD:PL0025										135	300								135																											
CO-ADD:10329956	c(c1)(cn(n1)CC)C(=O)Nc2ccc(cn2)Br	MMV (CH) - Small Polar Library	DDD01823962:01		CO-ADD:PL0025										300	300								300																											
CO-ADD:10321245	N1(CCC(CN)C1)CCc2ccccc2	MMV (CH) - Small Polar Library	DDD01819174:01		CO-ADD:PL0025										300	300								300																											
CO-ADD:10322335	c1(ccoc1)C(=O)NCc(ccc(OCCOC)n2)c2	MMV (CH) - Small Polar Library	DDD01814521:01		CO-ADD:PL0025										60	300								300																											
CO-ADD:10324505	C(=O)(c1cccc(c1)NC(N)=O)Nc2ccc(Cl)cn2	MMV (CH) - Small Polar Library	DDD01815800:01		CO-ADD:PL0025										300	300								300																											
CO-ADD:10326764	c1(cc(ccc1N2CCCCC2)F)NC(NCCO)=O	MMV (CH) - Small Polar Library	DDD01810842:01		CO-ADD:PL0025										300	300								300																											
CO-ADD:10328927	c12c(ccc(Br)c1)nccc2NCC(CO)O	MMV (CH) - Small Polar Library	DDD01812263:01		CO-ADD:PL0025										300	300								300																											
CO-ADD:10328935	C(C(CO)CN)c1ccc(Br)cc1	MMV (CH) - Small Polar Library	DDD01812294:01		CO-ADD:PL0025										300	300								300																											
CO-ADD:10328941	S(NCCN)(=O)(=O)c1ccc(F)c(C(F)(F)F)c1	MMV (CH) - Small Polar Library	DDD01812317:01		CO-ADD:PL0025										300	300								300																											
CO-ADD:10328952	c1(noc(NC(=O)c2ccccn2)n1)c3nccn3C	MMV (CH) - Small Polar Library	DDD01812875:01		CO-ADD:PL0025										300	300								300																											
CO-ADD:10330012	c1(c2cc(Br)ccc2O)nnc(SCC(N)=O)[nH]1	MMV (CH) - Small Polar Library	DDD01824018:01		CO-ADD:PL0025										300	300								300																											
CO-ADD:10331115	N#Cc1ccc(cn1)c2ccc(cc2)NC(C)=O	MMV (CH) - Small Polar Library	DDD01826040:01		CO-ADD:PL0025										300	300								300																											
CO-ADD:0088794	FC2=NC(=C1N=C[N](C1=N2)[C@H]3O[C@@H](CO)[C@@H]([C@@H]3O)O)N	MMV (CH) - Pandemic Response Box	MMV637413	Fludarabine	CO-ADD:PL0023										20	20	20	20	20	20	20	0.5348	20	20																											
CO-ADD:0088795	ClC1=CC(=CC=C1)C2=C[C](=O)[N](C5=C2C=C([C@](N)(C3=CC=C(Cl)C=C3)C4=CN=C[N]4C)C=C5)C	MMV (CH) - Pandemic Response Box	MMV658803	Tipifarnib	CO-ADD:PL0023										20	20	20	20	20	20	20	8.086	20	20																											
CO-ADD:0088796	O=[C]2C1=C(O)C=CC=C1[N](C)C3=C2C=CC=C3	MMV (CH) - Pandemic Response Box	MMV1580500	1-Hydroxy-10-methylacridone	CO-ADD:PL0023										20	20	20	20	20	20	20	20	20	20																											
CO-ADD:0088797	FC(F)(F)C4=NC=C(NC3=CN=C(C2=CC=C([C@H]1CC[C@H](CC(=O)O)CC1)C=C2)C=C3)C=C4	MMV (CH) - Pandemic Response Box	MMV1580498	Pradigastat	CO-ADD:PL0023										20	20	20	20	20	20	20	20	20	20																											
CO-ADD:0088798	O=C(NCCCN(C)C)C3=CC=C(C2=CC1=CC=CN=C1C(=C2)O)C=C3	MMV (CH) - Pandemic Response Box	MMV1580488	ML 324	CO-ADD:PL0023										20	20	20	20	20	20	20	16.55	20	20																											
CO-ADD:0088799	[S](=O)(=O)(N)C1=C(N=C(S1)N(C(=O)CC3=CC=C(C2=NC=CC=C2)C=C3)C)C	MMV (CH) - Pandemic Response Box	MMV1580486	Pritelivir	CO-ADD:PL0023										20	20	20	20	20	20	20	20	20	20																											
CO-ADD:0088800	CN1c2ccc(Cl)cc2N(C(=O)c3cn(Cc4ccc(CN5CCOCC5)cc4)nc13)c6ccccc6	MMV (CH) - Pandemic Response Box	MMV1782222		CO-ADD:PL0023										20	20	20	20	20	20	20	20	20	20																											
CO-ADD:0088801	ONC(=O)C1(CS(=O)(=O)c2ccc(Oc3ccc(Cl)cc3)cc2)CCOCC1	MMV (CH) - Pandemic Response Box	MMV690706	CTS 1027	CO-ADD:PL0023										20	20	20	20	20	20	20	20	20	20																											
CO-ADD:0088802	CC(C)CCN1[C@H]2[C@@H]3CC[C@@H](C3)[C@H]2C(=C(C1=O)C4=NS(=O)(=O)c5cc(NS(=O)(=O)C)ccc5N4)O	MMV (CH) - Pandemic Response Box	MMV1782220		CO-ADD:PL0023										20	20	20	20	20	20	20	20	20	20																											
CO-ADD:0088803	OC(=O)c1ccc(NC(=O)CSc2nnc(Br)n2c3ccc(C4CC4)c5ccccc35)c(Cl)c1	MMV (CH) - Pandemic Response Box	MMV1782213	RDEA 806	CO-ADD:PL0023										20	20	20	20	20	20	20	20	20	20																											
CO-ADD:0088804	CN(C[C@@](C)(CCN1CCC(CC1)N(CC=C)C(=O)OCC2=CC=C(C=C2)[N](=O)=O)C3=CC=CC=C3)[S](=O)(=O)C4=CC=CC=C4	MMV (CH) - Pandemic Response Box	MMV1782214		CO-ADD:PL0023										20	20	20	20	20	20	20	20	20	20																											
CO-ADD:0088805	C[C@@H](NC(=O)c1cccc(c1)c2c[nH]c(n2)c3cc4ccccc4cn3)c5ccc(F)cc5	MMV (CH) - Pandemic Response Box	MMV1782211	TTP 8307	CO-ADD:PL0023										20	20	20	20	20	20	20	10.81	20	20																											
CO-ADD:0088806	NC1=Nc2c(ncn2\\C=C/3\\CC3(CO)CO)C(=O)N1	MMV (CH) - Pandemic Response Box	MMV1782210	Cyclopropavir	CO-ADD:PL0023										20	20	20	20	20	20	20	20	20	20																											
CO-ADD:0088807	CN1C(=O)C(C(=O)N(c2ccccc2)c3cc(ccc13)C(F)(F)F)c4ccccc4	MMV (CH) - Pandemic Response Box	MMV1782208		CO-ADD:PL0023										20	20	20	20	20	20	20	20	20	20																											
CO-ADD:0088808	O=C1C=C(c2ccccc2)S(=O)(=O)c3ccccc13	MMV (CH) - Pandemic Response Box	MMV1006203	1,1-dioxide 1-Thioflavone	CO-ADD:PL0023										20	20	20	5	20	5	20	4.034	20	20																											
CO-ADD:0088809	CC(C)(C)NC(=O)[C@@H]1CN(Cc2cnc3occc3c2)CCN1C[C@@H](O)C[C@@H](Cc4ccccc4)C(=O)N[C@@H]5[C@H](O)Cc6ccccc56	MMV (CH) - Pandemic Response Box	MMV1782353		CO-ADD:PL0023										20	20	20	20	20	20	20	20	20	20																											
CO-ADD:0088810	Cc1cc(CCOc2c(C)cc(cc2C)c3nnn(C)n3)on1	MMV (CH) - Pandemic Response Box	MMV1782349		CO-ADD:PL0023										20	20	20	20	20	20	20	20	20	20																											
CO-ADD:0088811	NC1=Nc2c(Cc3cccnc3)c[nH]c2C(=O)N1	MMV (CH) - Pandemic Response Box	MMV1782355	Peldesine	CO-ADD:PL0023										20	20	20	20	20	20	20	20	20	20																											
CO-ADD:0088812	OC(=O)COc1cccc2C[C@@](O)(COC(=O)N(c3ccccc3)c4ccccc4)CCc12	MMV (CH) - Pandemic Response Box	MMV1782352	FK-788	CO-ADD:PL0023										20	20	20	20	20	20	20	20	20	20																											
CO-ADD:0088813	CC(C)Oc1ccc(cc1)n2cnc3cc(\\C=C/c4ccc(cc4)C(C)(C)O)ccc23	MMV (CH) - Pandemic Response Box	MMV1782350		CO-ADD:PL0023										20	20	20	20	20	20	20	10.55	20	20																											
CO-ADD:0088814	CN(O)C(=O)c1cc2c(CN3CCC[C@H]3C(=O)N)cn(Cc4ccc(F)cc4)c2cn1	MMV (CH) - Pandemic Response Box	MMV1782386		CO-ADD:PL0023										20	20	20	20	20	20	20	20	20	20																											
CO-ADD:0088815	NC(=O)C([C@H]1CCCN(CCc2ccc3OCCc3c2)C1)(c4ccccc4)c5ccccc5	MMV (CH) - Pandemic Response Box	MMV1782412		CO-ADD:PL0023										20	20	20	20	20	20	20	20	20	20																											
CO-ADD:0088816	COc1cc(Cc2cnc(N)nc2N)c3C=CC(Oc3c1OC)C4CC4	MMV (CH) - Pandemic Response Box	MMV1613563	Iclaprim	CO-ADD:PL0023										20	20	20	20	20	20	2.5	20	20	5																											
CO-ADD:0088817	C[Si]1(C)CCN(Cc2cc(c3ccc(Cl)cc3)n(n2)c4ccc(Cl)cc4)CC1	MMV (CH) - Pandemic Response Box	MMV1580843		CO-ADD:PL0023										20	20	20	20	20	20	20	20	20	20																											
CO-ADD:0088818	FC(F)(F)C4=NC1=C(C=CC2=NC(=C[N]12)C3=NN=CO3)C(=C4)C(F)(F)F	MMV (CH) - Pandemic Response Box	MMV690555		CO-ADD:PL0023										20	20	20	20	20	20	20	20	20	20																											
CO-ADD:0088819	CC1(C)C[C@H]1C(=O)N\\C(=C/CCCCSC[C@@H](N)C(O)=O)C(O)=O.[Na+]	MMV (CH) - Pandemic Response Box	MMV1613559	Cilastatin	CO-ADD:PL0023										20	20	20	20	20	20	20	20	20	20																											
CO-ADD:0088820	O=C(O)[C@H]1[C@@H](N)CCC1	MMV (CH) - Pandemic Response Box	MMV1634361	Cispentacin	CO-ADD:PL0023										20	20	20	20	20	20	20	20	20	20																											
CO-ADD:0088821	FC2=C(N1CC(NCC1)C)C(=CC3=C2[N](C=C(C(=O)O)[C]3=O)CC)F.Cl	MMV (CH) - Pandemic Response Box	MMV002350	Lomefloxacin	CO-ADD:PL0023										20	20	20	20	0.625	20	10	20	20	0.3125																											
CO-ADD:0088822	O=[C]1[N](C2=C([N]1C)C=NC3=CC=C(C=C23)C4=CN=C(OCCCN(C)C)C=C4)C5CCOCC5	MMV (CH) - Pandemic Response Box	MMV1580483	AZD-0156	CO-ADD:PL0023										20	20	20	20	20	20	20	20	20	20																											
CO-ADD:0088823	COc1ccc(cc1NC(=O)C(=O)c2ccc(OCCN3CCOCC3)c4ccccc24)C(C)(C)C	MMV (CH) - Pandemic Response Box	MMV1782209		CO-ADD:PL0023										20	20	20	20	20	20	20	20	20	20																											
CO-ADD:0088824	C[C@H]1CC[C@]2(NC1)O[C@H]3C[C@H]4[C@@H]5CC[C@H]6C[C@@H](O)CC[C@]6(C)[C@H]5CC[C@]4(C)[C@H]3[C@@H]2C.Cl	MMV (CH) - Pandemic Response Box	MMV003069	Tomatidine	CO-ADD:PL0023										20	20	20	20	20	20	20	20	20	20																											
CO-ADD:0088425	ClC1=C2C(=CC(=C1)Cl)CCC4=C(C2[N]3C=NC=C3)C=CC=C4.[N+](O)(=O)[O-]	MMV (CH) - Pandemic Response Box	MMV1634492	Eberconazole	CO-ADD:PL0023										20	20	20	20	20	5	20	20	20	20																											
CO-ADD:0088426	[S](=O)(=O)(NC1=NOC(=C1)C)C2=CC=C(CCCC)C=C2	MMV (CH) - Pandemic Response Box	MMV1782108		CO-ADD:PL0023										20	20	20	20	20	20	20	20	20	20																											
CO-ADD:0088427	CNCC(=O)OCC1=CC=CN=C1N(C)C(=O)OC(C)[N+]2=C[N](C[C@@](O)([C@@H](C)C3=NC(=CS3)C4=CC=C(C=C4)C#N)C5=C(F)C=CC(=C5)F)N=C2	MMV (CH) - Pandemic Response Box	MMV1634494	Isavuconazonium	CO-ADD:PL0023										20	20	20	2.5	20		20	20	20	20																											
CO-ADD:0088428	FC1=C(C=CC(=C1)F)[C@](O)(C(F)(F)C3=NC=C(C2=CC=C(OCC(F)(F)F)C=C2)C=C3)C[N]4N=NN=C4	MMV (CH) - Pandemic Response Box	MMV1634386		CO-ADD:PL0023										20	20	20	0.625	20		20	20	20	20																											
CO-ADD:0088429	ClC1=C(C=CC(=C1)Cl)C6(OC(COC5=CC=C(N4CCN(C3=CC=C([N]2[C](=O)[N](C(CC)C)N=C2)C=C3)CC4)C=C5)CO6)C[N]7N=CN=C7	MMV (CH) - Pandemic Response Box	MMV637528	Itraconazole	CO-ADD:PL0023										20	20	20		20		20	20	20	20																											
CO-ADD:0088430	O=C(N[C@@H](C(=O)NCCC1=C[NH]C=N1)CC2=CC=CC3=CC=CC=C23)C4CC5=C(C4)C=CC=C5	MMV (CH) - Pandemic Response Box	MMV1782109		CO-ADD:PL0023										20	20	20	20	20	20	20	20	20	20																											
CO-ADD:0088431	BrC1=CC=C(O1)\\C=C(/Br)[N](=O)=O	MMV (CH) - Pandemic Response Box	MMV1645051	Furvina	CO-ADD:PL0023										20	20	20	20	20	20	20	20	20	20																											
CO-ADD:0088432	ClC1=C(C=CC(=C1)Cl)\\C=C(/[N]2C=NC=C2)C(=O)C3=CC=C(Cl)C=C3	MMV (CH) - Pandemic Response Box	MMV1634491		CO-ADD:PL0023										20	20	20	20	20	10	20	5.19	20	20																											
CO-ADD:0088433	O=[C]1[N](O)C(=CC(=C1)C)C2CCCCC2	MMV (CH) - Pandemic Response Box	MMV002731	Ciclopirox	CO-ADD:PL0023										20	20	20	5	20	5	20	3.979	20	20																											
CO-ADD:0088434	O1C(=CC=C1C2=CC=C(C(=N)NOC)C=C2)C3=CC=C(C(=N)NOC)C=C3	MMV (CH) - Pandemic Response Box	MMV000059	Pafuramidine	CO-ADD:PL0023										20	20	20	20	20	20	20	20	20	20																											
CO-ADD:0088435	N(CC1=CC=CC2=CC=CC=C12)(CC3=CC=C(C(C)(C)C)C=C3)C.Cl	MMV (CH) - Pandemic Response Box	MMV637104	Butenafine	CO-ADD:PL0023										20	20	20	5	20	20	20	20	20	20																											
CO-ADD:0088436	ClC1=C(C=CC(=C1)Cl)C4(OC(COC3=CC=C(N2CCN(C(=O)C)CC2)C=C3)CO4)C[N]5C=NC=C5	MMV (CH) - Pandemic Response Box	MMV637533	Ketoconazole	CO-ADD:PL0023										20	20	20	5	20	0.3125	20	20	20	20																											
CO-ADD:0088437	S1C(=NC(=C1)C2=CC=C(C#N)C=C2)[C@@H]([C@@](O)(C3=C(F)C=C(F)C=C3)C[N]4N=CN=C4)C	MMV (CH) - Pandemic Response Box	MMV1634362	Ravuconazole	CO-ADD:PL0023										20	20	20	0.3125	20		20	20	20	20																											
CO-ADD:0088438	O=C1N(C(=O)C3=C2C1=CC=CC2=CC=C3)CC4OC4	MMV (CH) - Pandemic Response Box	MMV1634360	N-epoxymethyl-1,8-naphthalimide	CO-ADD:PL0023										20	20	20	20	20	20	20	4.491	20	20																											
CO-ADD:0088439	[S](=O)(C2=CC1=C([NH]C(=N1)NC(=O)OC)C=C2)C3=CC=CC=C3	MMV (CH) - Pandemic Response Box	MMV002565	Oxfendazole	CO-ADD:PL0023										20	20	20	20	20	20	20	20	20	20																											
CO-ADD:0088440	N=C(NC(=N)NCCCCCCNC(=N)NC(=N)NCC(CCCC)CC)NCC(CCCC)CC.Cl.Cl	MMV (CH) - Pandemic Response Box	MMV396785	Alexidine	CO-ADD:PL0023										5	10	5		1.25	0.625		2.607	2.614	5																											
CO-ADD:0088441	S(C2=CC1=C([NH]C(=N1)NC(=O)OC)C=C2)C3=CC=CC=C3	MMV (CH) - Pandemic Response Box	MMV003143	Fenbendazole	CO-ADD:PL0023										20	20	20	0.3125	20	20	20	8.239	20	20																											
CO-ADD:0088442	FC1=C(C=CC(=C1)F)C(O)(C[N]2N=CN=C2)C[N]3N=CN=C3	MMV (CH) - Pandemic Response Box	MMV002337	Fluconazole	CO-ADD:PL0023										20	20	20	20	20	2.5	20	20	20	20																											
CO-ADD:0088443	ClC2=CC1=C(B(O)OC1)C=C2	MMV (CH) - Pandemic Response Box	MMV1634363	AN-2718	CO-ADD:PL0023										20	20	20	20	20	5	20	20	20	20																											
CO-ADD:0088444	N(CC1=CC=CC2=CC=CC=C12)(C\\C=C\\C#CC(C)(C)C)C.Cl	MMV (CH) - Pandemic Response Box	MMV1634359	Terbinafine	CO-ADD:PL0023										20	20	20	20	20	20	20	20	20	20																											
CO-ADD:0088445	FC4=C(C3=CC=C(CNC(=O)CCC2=CC1=C(OCO1)C=C2)C=C3)C=CC=C4	MMV (CH) - Pandemic Response Box	MMV1782110		CO-ADD:PL0023										20	20	20	20	20	20	20	20	20	20																											
CO-ADD:0088446	S1C(=NC(=C1)C3=C(OC2=C(C=C(C)C=C2)C)C=CC=C3)NC4=NCCCN4	MMV (CH) - Pandemic Response Box	MMV1634493	Abafungin	CO-ADD:PL0023										20	20	20	20	20	0.3125	20	20	20	20																											
CO-ADD:0088447	O=C(OC)NC1=NC2=C([NH]1)C=CC=C2	MMV (CH) - Pandemic Response Box	MMV344625	Carbendazim	CO-ADD:PL0023										20	20	20	20	20	20	20	15.52	20	20																											
CO-ADD:0088448	O2[C@H](CN(CC(CC1=CC=C(C(CC)(C)C)C=C1)C)C[C@H]2C)C.Cl	MMV (CH) - Pandemic Response Box	MMV1634358	Amorolfine	CO-ADD:PL0023										20	20	20	20	20	2.5	20	20	20	20																											
CO-ADD:0088449	FC(F)(F)C2=N[N](C1=CC=C(NC(=O)CN)C=C1)C(=C2)C4=CC3=CC=C5C(=C3C=C4)C=CC=C5	MMV (CH) - Pandemic Response Box	MMV1578560	OSU-03012	CO-ADD:PL0023										20	20	20	20	20	20	20	6.682	1.098	20																											
CO-ADD:0088450	O=C(O)C4=CC=C([N]2N=C(C1=C(O)C=CC=C1)N=C2C3=C(O)C=CC=C3)C=C4	MMV (CH) - Pandemic Response Box	MMV640014	Deferasirox	CO-ADD:PL0023										20	20	20	20	20	20	20	20	20	20																											
CO-ADD:0088451	FC1=C(N=C(O)N=C1)N	MMV (CH) - Pandemic Response Box	MMV004508	5-Fluorocytosin	CO-ADD:PL0023										20	20	20	1.25	20	1.25	20	20	20	20																											
CO-ADD:0088452	CC(C)(C)c1ccc(cc1)C(=O)NC(=O)N2CCCc3ccccc23	MMV (CH) - Pandemic Response Box	MMV1782212		CO-ADD:PL0023										20	20	20	20	20	20	20	20	20	20																											
CO-ADD:0088453	Clc1ccc(NC(=S)NNC(=O)c2ccncc2)cc1	MMV (CH) - Pandemic Response Box	MMV1782227	TSC-INH	CO-ADD:PL0023										20	20	20	20	20	20	20	20	20	20																											
CO-ADD:0088454	OB1OCc2c(F)c(Cl)ccc12	MMV (CH) - Pandemic Response Box	MMV1782226		CO-ADD:PL0023										20	20	20	20	20	10	20	20	20	20																											
CO-ADD:0088455	C[C@@H](N(C)Cc1ccccc1)c2cccc3ccccc23	MMV (CH) - Pandemic Response Box	MMV1782221		CO-ADD:PL0023										20	20	20	20	20	20	20	20	20	20																											
CO-ADD:0088456	Clc1ccc([C@H]2CS\\C(=C(\\C#N)/n3ccnc3)\\S2)c(Cl)c1	MMV (CH) - Pandemic Response Box	MMV1782224	Luliconazole	CO-ADD:PL0023										20	20	20	0.625	20	0.3125	20	20	15.16	20																											
CO-ADD:0088457	CN(C)C1=C(F)C=NC(=O)N1	MMV (CH) - Pandemic Response Box	MMV1782223		CO-ADD:PL0023										20	20	20	20	20	20	20	20	20	20																											
CO-ADD:0088458	Clc1ccc(C(=O)NC(=O)N2CCCc3ccccc23)c(Cl)c1	MMV (CH) - Pandemic Response Box	MMV1782218		CO-ADD:PL0023										20	20	20	20	20	20	20	20	20	20																											
CO-ADD:0088459	Cc1onc(NS(=O)(=O)c2ccc(cc2)c3ccc(F)cc3F)c1	MMV (CH) - Pandemic Response Box	MMV1782217		CO-ADD:PL0023										20	20	20	20	20	20	20	20	20	20																											
CO-ADD:0088460	CCCNc1ccc(cc1)S(=O)(=O)Nc2cc(C)on2	MMV (CH) - Pandemic Response Box	MMV1782216		CO-ADD:PL0023										20	20	20	20	20	20	20	20	20	20																											
CO-ADD:0088461	CC(C)Oc1cccc(NC(=O)c2ccccc2C(F)(F)F)c1	MMV (CH) - Pandemic Response Box	MMV1009286	Flutolanil	CO-ADD:PL0023										20	20	20	20	20	20	20	20	20	20																											
CO-ADD:0088462	FC1=C(NC(=O)c2ccccc2)NC(=O)N=C1	MMV (CH) - Pandemic Response Box	MMV1782225	NSC 527094	CO-ADD:PL0023										20	20	20	20	20	20	20	20	20	20																											
CO-ADD:0088463	Cc1cc(c2ccccc2)c(C(=O)C(=O)Nc3ccc(cc3)N4CCN(CC4)c5ncc(F)cn5)n1C	MMV (CH) - Pandemic Response Box	MMV1782354	Olorofim	CO-ADD:PL0023										20	20	20	20	20	20	20	20	20	20																											
CO-ADD:0088464	FC(F)(F)c1cnc(CNC(=O)c2c(Cl)cccc2Cl)c(Cl)c1	MMV (CH) - Pandemic Response Box	MMV689401	Fluopicolide	CO-ADD:PL0023										20	20	20	20	20	20	20	20	20	20																											
CO-ADD:0088465	Clc1cccc(c1)C(=O)NC(=O)N2CCCc3ccccc23	MMV (CH) - Pandemic Response Box	MMV1782351		CO-ADD:PL0023										20	20	20	20	20	20	20	20	20	20																											
CO-ADD:0088466	COC(=O)Nc1nc2c(C)cccc2[nH]1	MMV (CH) - Pandemic Response Box	MMV1782387		CO-ADD:PL0023										20	20	20	20	20	20	20	20	20	20																											
CO-ADD:0088467	CC1=CC(=O)N(O)C(=C1)C	MMV (CH) - Pandemic Response Box	MMV1782389	Metipirox	CO-ADD:PL0023										20	20	20	20	20	20	20	20	20	20																											
CO-ADD:0088468	CNC1=NC(=O)NC=C1F	MMV (CH) - Pandemic Response Box	MMV1782388	NSC 527092	CO-ADD:PL0023										20	20	20	20	20	20	20	20	20	20																											
CO-ADD:0088469	O=C5C1=C(NC4=C(N(C1C3=CC(=C(OCC2=CC=CC=C2)C=C3)OC)C(=O)C)C=CC=C4)CC(C5)(C)C	MMV (CH) - Pandemic Response Box	MMV1634557		CO-ADD:PL0023										20	20	20	20	20	20	20	20	20	20																											
CO-ADD:0088470	FC1=CC=C(C=C1)NC2=NC(N3C(C)C4=C(CC3)C=CC=C4)=C(C(C)=N2)C	MMV (CH) - Pandemic Response Box	MMV030787	Revaprazan	CO-ADD:PL0023										20	20	20	20	20	20	20	20	20	20																											
CO-ADD:0088471	COc1cc(Cc2cnc(N)nc2N)cc(OC)c1OC	MMV (CH) - Pandemic Response Box	MMV000028	Trimethoprim	CO-ADD:PL0023										20	20	5	20	2.5	20	5	20	20	5																											
CO-ADD:0088472	Clc1ccc(COC(Cn2ccnc2)c3ccc(Cl)cc3Cl)c(Cl)c1.Cl	MMV (CH) - Pandemic Response Box	MMV002722	Miconazole	CO-ADD:PL0023										20	20	20	0.625	20		20	20	20	20																											
CO-ADD:0088473	CCCCCCC1c2ccc(O)cc2Oc3cc(O)ccc13	MMV (CH) - Pandemic Response Box	MMV1593535		CO-ADD:PL0023										20	20	20	20	20	20	20	20	20	20																											
CO-ADD:0088474	C[C@H]1[C@H](OC(=O)N1C(=O)NCc2cncc3ccccc23)c4cccc(c4)C(F)(F)F	MMV (CH) - Pandemic Response Box	MMV1593533		CO-ADD:PL0023										20	20	20	20	20	20	20	20	20	20																											
CO-ADD:0088475	Oc1cc([nH]n1)c2cccc3ccccc23	MMV (CH) - Pandemic Response Box	MMV422940		CO-ADD:PL0023										20	20	20	20	20	20	20	20	20	20																											
CO-ADD:0088476	CC(C)c1ccc(COc2cccc(c2)C3=CC(=C(C#N)C(=O)N3)S(=O)C)cc1	MMV (CH) - Pandemic Response Box	MMV1582497		CO-ADD:PL0023										20	20	20	20	20	20	20	20	20	20																											
CO-ADD:0088477	COc1ccc2c(c1)cc(CNC(=O)c3oc4ccccc4c3)n2CC(=O)O	MMV (CH) - Pandemic Response Box	MMV1581553		CO-ADD:PL0023										20	20	20	20	20	20	20	20	20	20																											
CO-ADD:0088478	CC(C)(C)c1cccc(c1O)c2nc3cc(ccc3[nH]2)C(=N)N	MMV (CH) - Pandemic Response Box	MMV1581548		CO-ADD:PL0023										20	20	20	20	20	20	10	20	4.472	20																											
CO-ADD:0088479	Fc1ccc(cc1)n2cc(Cn3c(nc4ccccc34)c5cccc(F)c5)nn2	MMV (CH) - Pandemic Response Box	MMV1580850		CO-ADD:PL0023										20	20	20	20	20	20	20	20	20	20																											
CO-ADD:0088480	CC1=C(C(=O)N[C@H]2[C@H]3SC(C)(C)[C@@H](N3C2=O)C(O)=O)C(=NO1)C4=C(Cl)C=CC=C4	MMV (CH) - Pandemic Response Box	MMV002740	Cloxacillin	CO-ADD:PL0023										20	20	20	20	20	20	1.25	20	20	20																											
CO-ADD:0088481	CCCCSc1nc(N)c2NC(=O)C(=O)N(Cc3ccccc3)c2n1	MMV (CH) - Pandemic Response Box	MMV1579783		CO-ADD:PL0023										20	20	20	20	20	20	20	20	20	20																											
CO-ADD:0088482	CC(Oc1ccc(Cl)cc1Cl)C(=O)NCc2ccc3OCOc3c2	MMV (CH) - Pandemic Response Box	MMV1578925	MBX 1641	CO-ADD:PL0023										20	20	20	20	20	20	20	20	20	20																											
CO-ADD:0088483	Fc1ccc2c(\\C=C\\c3cccnc3)c[nH]c2c1	MMV (CH) - Pandemic Response Box	MMV1578889	680C91	CO-ADD:PL0023										20	20	20	20	20	20	20	20	20	20																											
CO-ADD:0088484	COc1cc(NC(=O)CN2C(=O)NC(C2=O)(c3ccccc3)c4ccccc4)cc(OC)c1	MMV (CH) - Pandemic Response Box	MMV1578572	MLS001176525	CO-ADD:PL0023										20	20	20	20	20	20	20	20	20	20																											
CO-ADD:0088485	O=C1C=CC2=C3N1CC(CN4CCC(CC4)NCc5cc6CCCOc6cn5)N3C(=O)C=N2	MMV (CH) - Pandemic Response Box	MMV1578568	Gepotidacin	CO-ADD:PL0023										20	10	20	20	2.5	20	0.625	20	20																												
CO-ADD:0088486	O(C3=C(OC)C=C(NCC2=C(C1=C(N=C(N)N=C1C=C2)N)C)C=C3OC)C	MMV (CH) - Pandemic Response Box	MMV1580173	Trimetrexate	CO-ADD:PL0023										5	20	20	20	10	20	1.25	20	20	0.625																											
CO-ADD:0088487	O=[C]1[N]([C](=O)C4=C([N]1CCC2=CC=C(N)C=C2)N=C(CC3=CC=CC=C3)[N]4CCN(CCO)CC)CCC	MMV (CH) - Pandemic Response Box	MMV1634403		CO-ADD:PL0023										20	20	20	20	20	20	20	20	20	20																											
CO-ADD:0088488	O=C(OC)NCC1=CC=C(C2=CC(=NC=C12)NC(=O)NCC)C3=CC(=NC=C3)C	MMV (CH) - Pandemic Response Box	MMV1634390		CO-ADD:PL0023										20	20	20	20	20	20	0.3125	20	20	2.5																											
CO-ADD:0088489	O=C(OCC)NC3=NC2=NC(=C(C1=CC=CC=C1)N=C2C(=C3)NC(CC(CN(CC)CC)C)C)C4=CC=CC=C4	MMV (CH) - Pandemic Response Box	MMV1633967		CO-ADD:PL0023										20	20	20	20	20	20	20	20	8.654	20																											
CO-ADD:0088490	CCNC(=O)Nc1cc(c2ccccc2)c(cn1)c3cncc(c3)C(=O)O	MMV (CH) - Pandemic Response Box	MMV1593534		CO-ADD:PL0023										20	20	20	20	20	20	20	20	20	20																											
CO-ADD:0088491	Cc1cc(Nc2ccc(F)cc2)nc(SCc3nc4ccccc4[nH]3)n1	MMV (CH) - Pandemic Response Box	MMV1582498		CO-ADD:PL0023										20	20	20	20	20	20	20	20	20	20																											
CO-ADD:0088492	C[C@@H](O)[C@H](N)C(=O)NS(=O)(=O)c1cccc(c1)c2ccc3[nH]ncc3c2.Cl.Cl	MMV (CH) - Pandemic Response Box	MMV1582494		CO-ADD:PL0023										20	20	20	20	20	20	20	20	20	20																											
CO-ADD:0088493	C[C@@H](NC(=O)c1ccccc1c2ccccc2)B(O)O	MMV (CH) - Pandemic Response Box	MMV1582493		CO-ADD:PL0023										20	20	20	20	20	20	20	20	20	20																											
CO-ADD:0088494	COc1cc(C)c2c(Oc3cccc(c3)C(F)(F)F)c(OC)cc(NC(C)CCCN)c2n1.C(O)(=O)CCC(O)=O	MMV (CH) - Pandemic Response Box	MMV000043	Tafenoquine	CO-ADD:PL0023										20	20	20	20	20	20	10	6.36	2.019	20																											
CO-ADD:0088495	CC[C@H]1OC(=O)[C@H](C)[C@@H](O[C@H]2C[C@@](C)(OC)[C@@H](O)[C@H](C)O2)[C@H](C)[C@@H](O[C@@H]3O[C@H](C)C[C@@H]([C@H]3O)N(C)C)[C@](C)(O)C[C@@H](C)C(=O)[C@H](C)[C@@H](O)[C@]1(C)O	MMV (CH) - Pandemic Response Box	MMV003137	Erythromycin	CO-ADD:PL0023										20	20	20	20	20	20	20	20	20	20																											
CO-ADD:0088496	Oc1ccc(Br)cc1CN(C(=O)Nc2ccccc2)c3ccc(F)cc3	MMV (CH) - Pandemic Response Box	MMV1581552		CO-ADD:PL0023										20	20	20	20	20	20	20	20	20	20																											
CO-ADD:0088497	C1CN(CCN1)c2nn3c(nnc3c4ccccc24)c5ccccc5	MMV (CH) - Pandemic Response Box	MMV1581551		CO-ADD:PL0023										20	20	20	20	20	20	20	14.23	20	20																											
CO-ADD:0088498	O=C(Nc1cccc(c1)C2=NCCN2)c3ccc(cc3)c4ccc(cc4)C(=O)Nc5cccc(c5)C6=NCCN6.CS(O)(=O)=O.CS(O)(=O)=O	MMV (CH) - Pandemic Response Box	MMV1580853		CO-ADD:PL0023										20	20	20	20	2.5	20	0.625	20	9.943	5																											
CO-ADD:0088499	OB(O)CNS(=O)(=O)c1cc2c(Cl)ccc(Cl)c2s1	MMV (CH) - Pandemic Response Box	MMV1580841		CO-ADD:PL0023										20	20	20	20	20	20	10	20	20	20																											
CO-ADD:0088500	OC(=O)c1ccccc1Sc2ncnc3sc4CCCc4c23	MMV (CH) - Pandemic Response Box	MMV1579878		CO-ADD:PL0023										20	20	20	20	20	20	20	20	20	20																											
CO-ADD:0088501	O=C(NCc1cccc2ccccc12)c3cccs3	MMV (CH) - Pandemic Response Box	MMV1579845		CO-ADD:PL0023										20	20	20	20	20	20	20	20	20	20																											
CO-ADD:0088502	OP(=O)(O)CC(=O)NCCc1cccc(Oc2ccccc2)c1	MMV (CH) - Pandemic Response Box	MMV1579787		CO-ADD:PL0023										20	20	20	20	20	20	20	20	20	20																											
CO-ADD:0088503	NCCCC1=C(C=CC=C1)C(=O)NC2=NC=C(S2)[N+](O)=O.Cl.Cl	MMV (CH) - Pandemic Response Box	MMV1579786		CO-ADD:PL0023										20	20	20	20	20	20	20	20	20	20																											
CO-ADD:0088504	OC(=O)c1ccccc1NC(=O)c2cccc(Oc3ccccc3)c2	MMV (CH) - Pandemic Response Box	MMV1579784		CO-ADD:PL0023										20	20	20	20	20	20	20	20	20	20																											
CO-ADD:0088505	COc1ccc(NC(=O)CC2Sc3ncnn3C2=O)cc1	MMV (CH) - Pandemic Response Box	MMV1483032	AC1MTT7T	CO-ADD:PL0023										20	20	20	20	20	20	20	19.48	20	20																											
CO-ADD:0088506	NC(=O)c1ccccc1NC(=O)c2ccc(cc2)C(=O)Nc3ccccc3C(=O)N	MMV (CH) - Pandemic Response Box	MMV508427		CO-ADD:PL0023										20	20	20	20	20	20	20	20	20	20																											
CO-ADD:0088507	CSC[C@H]1CN(Cc2c[nH]c3c(N)ncnc23)C[C@@H]1O	MMV (CH) - Pandemic Response Box	MMV1578565	MT-DADMe-ImmA	CO-ADD:PL0023										20	20	20	20	20	20	20	20	20	20																											
CO-ADD:0088508	CCCCCCCC1=C(O)C(=O)c2ccccc2N1	MMV (CH) - Pandemic Response Box	MMV1578561		CO-ADD:PL0023										20	20	20	20	20	20	20	20	20	20																											
CO-ADD:0088509	Cc1c(N)cccc1CN2C=CC(=CC2=O)OCCc3cccs3	MMV (CH) - Pandemic Response Box	MMV1578557	CG-400459	CO-ADD:PL0023										20	20	20	20	20	20	0.625	20	20	20																											
CO-ADD:0088510	ClC3=C(OCC(O)C[N]1[C](=N)[N](CCN(CC)CC)C2=C1C=CC=C2)C=CC(=C3)Cl	MMV (CH) - Pandemic Response Box	MMV000725		CO-ADD:PL0023										20	20	20	20	20	20	20	4.486	20	20																											
CO-ADD:0088511	ClC3=C(C(=O)NC1=C(C#N)C2=C(S1)CCCC2)C=C([S](=O)(=O)N(CC)CC)C=C3	MMV (CH) - Pandemic Response Box	MMV1634384		CO-ADD:PL0023										20	20	20	20	20	20	20	20	16.51	20																											
CO-ADD:0088512	O=[C]1[N]([C](=O)C=C([NH]1)NC2=CC(=C(C)C=C2)CC)CCN4CCN(C(=O)C3=CC=CC=C3)CC4	MMV (CH) - Pandemic Response Box	MMV1634383		CO-ADD:PL0023										20	20	20	20	20	20	20	20	20	20																											
CO-ADD:0088513	NC(=O)[C@@H]1CC[C@@H]2CN1C(=O)N2O[S](O)(=O)=O.[Na+]	MMV (CH) - Pandemic Response Box	MMV1613560	Avibactam	CO-ADD:PL0023										20	20	20	20	20	20	20	20	20	20																											
CO-ADD:0088514	Clc1ccccc1CNC(=O)c2cnc3ccccc3n2	MMV (CH) - Pandemic Response Box	MMV1230557		CO-ADD:PL0023										20	20	20	20	20	20	20	20	20	20																											
CO-ADD:0088515	COC1=C(OCCN(CC[N]2C=NC=N2)CC3=C(F)C=C(F)C=C3)C4=C[N+]5=C(C=C4C=C1)C6=C(CC5)C=C7OCOC7=C6.[Cl-]	MMV (CH) - Pandemic Response Box	MMV1593540		CO-ADD:PL0023										20	20	20	20	20	20	20	20	15.17	20																											
CO-ADD:0088516	O=N(=O)c1ccc2c(CCc3c[nH]c4ccccc34)c[nH]c2c1	MMV (CH) - Pandemic Response Box	MMV1593539		CO-ADD:PL0023										20	20	20	20	20	20	20	20	20	20																											
CO-ADD:0088517	C1Oc2ccc(\\C=C\\c3nc4ccccc4[nH]3)cc2O1	MMV (CH) - Pandemic Response Box	MMV1582495		CO-ADD:PL0023										20	20	20	20	20	20	20	20	20	20																											
CO-ADD:0088518	CCCCCCCCC(CP(=O)(O)C(C)N)C(=O)O	MMV (CH) - Pandemic Response Box	MMV1582487		CO-ADD:PL0023										20	20	20	20	20	20	20	20	20	20																											
CO-ADD:0088519	Nc1nc(N)c2c(Sc3ccccc3)cccc2n1	MMV (CH) - Pandemic Response Box	MMV021759		CO-ADD:PL0023										20	20	20	20	20	20	20	10.85	20	20																											
CO-ADD:0088520	Nc1cccc(c1)c2nc(N)nc(NC3Cc4ccccc4C3)n2	MMV (CH) - Pandemic Response Box	MMV1581555		CO-ADD:PL0023										20	20	20	20	20	20	20	20	20	20																											
CO-ADD:0088521	CC(C)(C)OC(=O)NCc1ccc(cc1)C(=O)N[C@H]2CCOC2=O	MMV (CH) - Pandemic Response Box	MMV1581547		CO-ADD:PL0023										20	20	20	20	20	20	20	20	20	20																											
CO-ADD:0088522	CC(C)\\N=C\\1/C=C2N(c3ccc(Cl)cc3)c4ccccc4N=C2C=C1Nc5ccc(Cl)cc5	MMV (CH) - Pandemic Response Box	MMV687800	Clofazimine	CO-ADD:PL0023										20	20	20	20	20	20	20	20	20	20																											
CO-ADD:0088523	NC(=O)c1cnc2ccc(cc2c1Nc3ccc(O)cc3)S(=O)(=O)c4ccccc4	MMV (CH) - Pandemic Response Box	MMV1580848		CO-ADD:PL0023										20	20	20	20	20	20	20	20	20	20																											
CO-ADD:0088524	Clc1cc2nc(C3CCNCC3)n(Cc4ccc(CNCCc5cnc[nH]5)cc4)c2cc1Cl	MMV (CH) - Pandemic Response Box	MMV1580842		CO-ADD:PL0023										20	20	20	20	20	20	20	20	20	20																											
CO-ADD:0088525	FC(F)(F)c1cc(NC(=O)C(CCCl)C(=O)Nc2ccc(Cl)c(c2)C(F)(F)F)ccc1Cl	MMV (CH) - Pandemic Response Box	MMV1580840		CO-ADD:PL0023										20	20	20	20	20	20	20	20	20	20																											
CO-ADD:0088526	Nc1nnc(s1)c2ccc(Cl)cc2	MMV (CH) - Pandemic Response Box	MMV046261		CO-ADD:PL0023										20	20	20	20	20	20	20	20	20	20																											
CO-ADD:0088527	COc1cc(Cc2cc(N)nc(N)n2)cc(OC)c1OC	MMV (CH) - Pandemic Response Box	MMV1579846		CO-ADD:PL0023										20	20	10	20	2.5	20	5	20	20	5																											
CO-ADD:0088528	CCCCOC(=O)Nc1cc2c(cc1N(CC)CC)[nH]c(n2)C3CCCCC3	MMV (CH) - Pandemic Response Box	MMV1578842		CO-ADD:PL0023										20	20	20	20	20	20	20	20	20	20																											
CO-ADD:0088529	NS(=O)(=O)c1ccc(NC(=O)NC(c2ccccc2)c3ccccc3)cc1	MMV (CH) - Pandemic Response Box	MMV1579776		CO-ADD:PL0023										20	20	20	20	20	20	20	20	20	20																											
CO-ADD:0088530	O=C1C=C(OCc2ccccc2)C=CN1Cc3ccccc3	MMV (CH) - Pandemic Response Box	MMV1579775	1-Benzyl-4-benzyloxy-2-pyridone	CO-ADD:PL0023										20	20	20	20	20	20	20	20	20	20																											
CO-ADD:0088531	CC(=C)N1C(=O)N(Cc2ccccc2C)c3ccccc13	MMV (CH) - Pandemic Response Box	MMV1579354		CO-ADD:PL0023										20	20	20	20	20	20	20	20	20	20																											
CO-ADD:0088532	CCCC(=O)OCCc1ccccc1	MMV (CH) - Pandemic Response Box	MMV1578899	Phenethyl butyrate	CO-ADD:PL0023										20	20	20	20	20	20	20	20	20	20																											
CO-ADD:0088533	O=S(=O)(Nc1cccc2cccnc12)c3ccccc3	MMV (CH) - Pandemic Response Box	MMV1578890		CO-ADD:PL0023										20	20	20	20	20	20	20	2.25	20	20																											
CO-ADD:0088534	C(c1ccccc1)n2c(nc3ccccc23)c4ccccn4	MMV (CH) - Pandemic Response Box	MMV1578886		CO-ADD:PL0023										20	20	20	20	20	20	20	20	20	20																											
CO-ADD:0088535	COc1ccc(SCC(=O)N2c3ccccc3Sc4ccccc24)cc1	MMV (CH) - Pandemic Response Box	MMV1578573	BRD-K92790413	CO-ADD:PL0023										20	20	20	20	20	20	20	20	20	20																											
CO-ADD:0088536	CC(C)(C)c1onc(c1)C(=O)\\C(=N\\Nc2cccc(Cl)c2)\\C#N	MMV (CH) - Pandemic Response Box	MMV1578571	ESI-09	CO-ADD:PL0023										20	20	20	20	20	20	20	20	18.18	20																											
CO-ADD:0088537	CC(=CCC\\C(=C\\CNCCNC1C2CC3CC(CC1C3)C2)\\C)C	MMV (CH) - Pandemic Response Box	MMV687273	SQ109	CO-ADD:PL0023										20	20	20	20	20	20	20	19.46	20	20																											
CO-ADD:0088538	O=[C]1[N](N=C(C(=O)O)C2=C1C=CC=C2)CCOC3=CC=C(C(C)(C)C)C=C3	MMV (CH) - Pandemic Response Box	MMV1634387		CO-ADD:PL0023										20	20	20	20	20	20	20	20	20	20																											
CO-ADD:0088539	ClC6=CC1=C([NH]C4=C1C=C3C2=C(C=CC(=C2)Cl)[NH]C3=C4OCC[N]5N=NN=C5N)C=C6	MMV (CH) - Pandemic Response Box	MMV1633966		CO-ADD:PL0023										20	20	20	20	20	20	20	19.95	20	20																											
CO-ADD:0088540	Clc1ccc(cc1Cl)S(=O)(=O)Nc2ccc(cc2)n3cccc3	MMV (CH) - Pandemic Response Box	MMV1505642		CO-ADD:PL0023										20	20	20	20	20	20	20	20	20	20																											
CO-ADD:0088541	OCCCCn1cnc2c(O)nc(NCc3ccc(Cl)c(Cl)c3)nc12	MMV (CH) - Pandemic Response Box	MMV1593542		CO-ADD:PL0023										20	20	20	20	20	20	20	20	20	20																											
CO-ADD:0088542	NC1(CCP(=O)(O)CC1)C(=O)O.Cl	MMV (CH) - Pandemic Response Box	MMV1593538		CO-ADD:PL0023										20	20	20	20	20	20	20	20	20	20																											
CO-ADD:0088543	CO\\N=C(/C(=O)N[C@H]1[C@H]2SCC(=C(N2C1=O)C(=O)OCOC(=O)C(C)(C)C)\\C=C/c3scnc3C)\\c4csc(N)n4	MMV (CH) - Pandemic Response Box	MMV002560	Cefditoren pivoxil	CO-ADD:PL0023										20	20	20	20	20	20	20	20	20	20																											
CO-ADD:0088544	NC[C@H]1O[C@H](O[C@@H]2[C@@H](N)C[C@@H](N)[C@H](O[C@H]3O[C@H](CO)[C@@H](O)[C@H](N)[C@H]3O)[C@H]2O)[C@H](N)C[C@@H]1O	MMV (CH) - Pandemic Response Box	MMV002459	Tobramycin	CO-ADD:PL0023										20	2.5	20	20	2.5	20	20	20	20	1.25																											
CO-ADD:0088545	CC1(C)[C@@H](N2[C@@H](CC2=O)S1(=O)=O)C(=O)O	MMV (CH) - Pandemic Response Box	MMV637945	Sulbactam	CO-ADD:PL0023										2.5	20	20	20	20	20	20	20	20	20																											
CO-ADD:0088546	CCc1cc(O)c(Oc2cccnc2N)cc1F	MMV (CH) - Pandemic Response Box	MMV1580854		CO-ADD:PL0023										2.5	20	20	20	1.25	20	1.25	20	20	20																											
CO-ADD:0088547	CCCCCOc1ccc(\\C=C\\2/Oc3c(O)c(O)ccc3C2=O)c(O)c1	MMV (CH) - Pandemic Response Box	MMV1580851		CO-ADD:PL0023										20	20	20	20	20	20	20	20	20	20																											
CO-ADD:0088548	CC(N)C(=O)NC(CCCCN)C(=O)NC(CCCNC(=N)N)C(=O)NC(Cc1c[nH]cn1)C(=O)NC(Cc2c[nH]cn2)C(=O)NCC(=O)NC(Cc3ccc(O)cc3)C(=O)NC(CCCCN)C(=O)NC(CCCNC(=N)N)C(=O)NC(CCCCN)C(=O)NC(Cc4ccccc4)C(=O)NC(Cc5c[nH]cn5)C(=O)N	MMV (CH) - Pandemic Response Box	MMV1579849	P-113D	CO-ADD:PL0023										20	20	20	20	20	20	20	20	20	20																											
CO-ADD:0088549	NC(=N)c1ccc(COc2ccc(Cl)cc2)cc1.Cl	MMV (CH) - Pandemic Response Box	MMV1579844		CO-ADD:PL0023										20	20	20	20	20	20	20	20	20	20																											
CO-ADD:0088550	Clc1cccc(c1)c2oc(nn2)c3ccccc3	MMV (CH) - Pandemic Response Box	MMV141011		CO-ADD:PL0023										20	20	20	20	20	20	20	20	20	20																											
CO-ADD:0088551	CC[C@H]1[C@@H](Cc2cncn2C)COC1=O.Cl	MMV (CH) - Pandemic Response Box	MMV002516	Pilocarpine	CO-ADD:PL0023										20	20	20	20	20	20	20	20	20	20																											
CO-ADD:0088552	FC(F)(F)OC1=CC=C(CO[C@@H]2COC3=NC(=C[N]3C2)[N](=O)=O)C=C1	MMV (CH) - Pandemic Response Box	MMV688755	Pretomanid	CO-ADD:PL0023										20	20	20	20	20	20	20	20	20	20																											
CO-ADD:0088553	CN1CCN(CC1)c2ccc3[nH]c(nc3c2)c4ccc5[nH]c(nc5c4)c6ccc(O)cc6	MMV (CH) - Pandemic Response Box	MMV020752	Pibenzimol	CO-ADD:PL0023										20	20	20	2.5	20	5	20	20	20	20																											
CO-ADD:0088554	CC(C)(C)c1cc(CCC(=O)N2CCC2)cc(c1O)C(C)(C)C	MMV (CH) - Pandemic Response Box	MMV1229204	AC1PNDOP	CO-ADD:PL0023										20	20	20	20	20	20	20	20	20	20																											
CO-ADD:0088555	C[C@@H]1[C@H](O)CC[C@@]2(C)[C@H]1CC[C@@]3(C)[C@H]2[C@H](O)C[C@H]4\\C(=C(/CCC=C(C)C)\\C(=O)O)\\[C@H](C[C@]34C)OC(=O)C	MMV (CH) - Pandemic Response Box	MMV1578575	Fusidic acid	CO-ADD:PL0023										20	20	20	20	20	20	0.3125	20	20	20																											
CO-ADD:0088556	C[C@H]1CC[C@@]2(O)C(C)(C)[C@@H]3CC[C@@]2(C)[C@H]1C3	MMV (CH) - Pandemic Response Box	MMV1578556	Patchouli alcohol	CO-ADD:PL0023										20	20	20	20	20	20	20	20	20	20																											
CO-ADD:0088557	O=C(NCC1=CC=CC=C1)C2=C(N=C3[N]2C=CC=C3)CC	MMV (CH) - Pandemic Response Box	MMV1663457		CO-ADD:PL0023										20	20	20	20	20	20	20	20	20	20																											
CO-ADD:0088558	S1C(=CC=C1)C(=O)NCC3=CC=C2C4=C(C(=O)N2)C=CC=C34	MMV (CH) - Pandemic Response Box	MMV1341773		CO-ADD:PL0023										20	20	20	20	20	20	20	20	20	20																											
CO-ADD:0088559	O=C(O)C3=CC=C(C2=CC=C(O[C@H]1O[C@@H]([C@@H](O)[C@@H]([C@@H]1O)O)CO)C=C2)C=C3	MMV (CH) - Pandemic Response Box	MMV1633970		CO-ADD:PL0023										20	20	20	20	20	20	20	20	20	20																											
CO-ADD:0088560	FC4=C(NC(=O)[C@H]2CC[C@@H](COC1=CC=C([N](=O)=O)C=C1)CC2)C(=C3[N](C=C([C](C3=C4)=O)C(=O)O)C5CC5)OC	MMV (CH) - Pandemic Response Box	MMV1633965		CO-ADD:PL0023										20	20	20	20	20	20	20	20	20	20																											
CO-ADD:0088561	CC1CN(CC(C)O1)c2ncnc3c2c(cn3c4ccc(F)cc4)c5ccccc5	MMV (CH) - Pandemic Response Box	MMV093250		CO-ADD:PL0023										20	20	20	20	20	20	20	20	20	20																											
CO-ADD:0088562	Nc1cc(nc2ccc(Nc3cc(nc(N)n3)c4ccccc4)cc12)c5ccc(F)cc5	MMV (CH) - Pandemic Response Box	MMV1593541		CO-ADD:PL0023										20	20	20		20	0.625	10	0.751	20	20																											
CO-ADD:0088563	Fc1ccc(cc1)c2nc([nH]c2c3ccc(F)cc3)c4c[nH]c5ccc(Br)cc45	MMV (CH) - Pandemic Response Box	MMV1593537		CO-ADD:PL0023										20	20	20	20	20	20	20	9.152	0.8258	20																											
CO-ADD:0088564	CN1C(N(C(=O)c2cc(F)ccc12)c3ccccc3)c4ccc(s4)c5csc(C)n5	MMV (CH) - Pandemic Response Box	MMV1582492		CO-ADD:PL0023										20	20	20	20	20	20	20	20	20	20																											
CO-ADD:0088565	FC(F)(F)CCCC(=O)N1CCC(CC1)c2onc(n2)c3nccs3	MMV (CH) - Pandemic Response Box	MMV1582491		CO-ADD:PL0023										20	20	20	20	20	20	20	20	20	20																											
CO-ADD:0088566	S(C2=C(N1C(=O)[C@H]([C@H]1C2)[C@H](O)C)C(=O)O)[C@@H]3CN(C(=N)C)CC3	MMV (CH) - Pandemic Response Box	MMV1582382	Panipenem	CO-ADD:PL0023										20	20	20	20	20	20	20	20	20	20																											
CO-ADD:0088567	C[C@@H]1O[C@@H]1P(=O)(O)O.[Na+].[Na+].[Na+].[Na+]	MMV (CH) - Pandemic Response Box	MMV002354	Phosphomycin	CO-ADD:PL0023										20	20	20	20	20	20	20	20	20	20																											
CO-ADD:0088568	OC(=O)[C@@H](Cc1ccccc1)NC(=O)[C@@H](CCS)NC(=O)c2cc3ccccc3[nH]2	MMV (CH) - Pandemic Response Box	MMV1581557		CO-ADD:PL0023										20	20	20	20	20	20	20	20	20	20																											
CO-ADD:0088569	Nc1cc(N)c2nc(c(Nc3ccc(F)cc3)nc2c1)c4ccccc4	MMV (CH) - Pandemic Response Box	MMV1581554	NSC 731130	CO-ADD:PL0023										20	20	20	20	20	20	20	1.914	15.85	20																											
CO-ADD:0088570	OC1O[C@H](CSc2ccc(F)cc2)[C@@H](O)[C@H]1O	MMV (CH) - Pandemic Response Box	MMV1581550		CO-ADD:PL0023										20	20	20	20	20	20	20	20	20	20																											
CO-ADD:0088571	O=C1NC(=O)C=C(Nc2ccc3ccccc3c2)N1	MMV (CH) - Pandemic Response Box	MMV1581546	NSC 212338	CO-ADD:PL0023										20	20	20	20	20	20	20	20	20	20																											
CO-ADD:0088572	CCc1nc(N)nc(N)c1C#CC(C)c2cc(OC)cc(c2)c3ccncc3	MMV (CH) - Pandemic Response Box	MMV1580844		CO-ADD:PL0023										20	20	20	20	20	20	2.5	6.388	20	20																											
CO-ADD:0088573	CN(Cc1oc2ccccc2c1C)C(=O)\\C=C\\c3cnc4NC(=O)C(C)(C)c4c3	MMV (CH) - Pandemic Response Box	MMV1579788		CO-ADD:PL0023										20	20	20	20	20	20	1.25	20	20	20																											
CO-ADD:0088574	Fc1cc2OCC(=O)N(CC#N)c2cc1N3C(=O)c4ccccc4C3=O	MMV (CH) - Pandemic Response Box	MMV1579785		CO-ADD:PL0023										20	20	20	20	20	20	20	20	20	20																											
CO-ADD:0088575	CN(C)CCNC(=O)c1cccc2cccnc12	MMV (CH) - Pandemic Response Box	MMV811071		CO-ADD:PL0023										20	20	20	20	20	20	20	20	20	20																											
CO-ADD:0088576	CCOC(=O)N1CCN(CC1)c2ccc(Cl)cc2	MMV (CH) - Pandemic Response Box	MMV1578898	NSC 152742	CO-ADD:PL0023										20	20	20	20	20	20	20	20	20	20																											
CO-ADD:0088577	CC1(C)Cc2c(CO1)c(nc(SCCc3ccccc3)c2C#N)N4CCOCC4	MMV (CH) - Pandemic Response Box	MMV1549626	MBX-2319	CO-ADD:PL0023										20	20	20	20	20	20	20	20	20	20																											
CO-ADD:0088578	CO[C@]1(NC(=O)Cc2cccs2)[C@H]3SCC(=C(N3C1=O)C(=O)O)COC(=O)N	MMV (CH) - Pandemic Response Box	MMV1578559	Cefoxitin	CO-ADD:PL0023										20	20	20	20	5	20	20	20	20	20																											
CO-ADD:0088579	COc1ccc(C)cc1NC(=O)c2ccc(cc2)S(=O)(=O)N3CCCCC3	MMV (CH) - Pandemic Response Box	MMV1578579		CO-ADD:PL0023										20	20	20	20	20	20	20	20	20	20																											
CO-ADD:0088580	Fc1ccc(cc1)C(=O)Nc2oc(nn2)c3ccccc3	MMV (CH) - Pandemic Response Box	MMV1578578	GSK-107678	CO-ADD:PL0023										20	20	20	20	20	20	20	20	20	20																											
CO-ADD:0088581	CN(C)[C@H]1[C@@H]2C[C@@H]3Cc4c(F)cc(NC(=O)CN5CCCC5)c(O)c4C(=C3C(=O)[C@]2(O)C(=C(C(=O)N)C1=O)O)O.Cl.Cl	MMV (CH) - Pandemic Response Box	MMV1578574	Eravacycline	CO-ADD:PL0023										0.625	20	10	20	0.313	20	0.3125	20	20	0.625																											
CO-ADD:0088582	Oc1c(Br)cc(Br)cc1\\C=C\\2/NC(=S)NC2=O	MMV (CH) - Pandemic Response Box	MMV1578569	Bromophenol thiohydantoin	CO-ADD:PL0023										20	20	20	20	20	20	20	20	20	20																											
CO-ADD:0088583	NC[C@H]1OB(O)c2c(OCCCO)cccc12.Cl	MMV (CH) - Pandemic Response Box	MMV1578566	Epetraborole	CO-ADD:PL0023										5	5	2.5	20	2.5	20	20	20	20	2.5																											
CO-ADD:0088584	Fc1ccc2c(\\C=C\\c3nnn[nH]3)c[nH]c2c1	MMV (CH) - Pandemic Response Box	MMV1578563		CO-ADD:PL0023										20	20	20	20	20	20	20	20	20	20																											
CO-ADD:0088585	CCc1oc2ccccc2c1C(=O)c3ccc(O)cc3	MMV (CH) - Pandemic Response Box	MMV1578558	Benzarone	CO-ADD:PL0023										20	20	20	20	20	20	20	20	20	20																											
CO-ADD:0088586	ClC3=CC=C(C1=NN=C(O1)NC(=O)C2=CC=C(F)C=C2)C=C3	MMV (CH) - Pandemic Response Box	MMV1782140		CO-ADD:PL0023										20	20	20	20	20	20	20	20	20	20																											
CO-ADD:0088587	O=C(NC1=C[N](C)C(=C1)C(=O)NC2=C[N](C)C(=C2)C(=O)NCCN3CCOCC3)C6=CC=C(\\C=C\\C5=CC4=CC=CC=C4N=C5)C=C6	MMV (CH) - Pandemic Response Box	MMV1634391		CO-ADD:PL0023										20	20	20	20	20	20	1.25	1.708	20	20																											
CO-ADD:0088588	C[C@@H]1CC[C@@]23CCC(=O)[C@H]2[C@]1(C)[C@@H](C[C@@](C)(C=C)[C@@H](O)[C@@H]3C)OC(=O)CS[C@@H]4C[C@H]5CC[C@@H](C4)N5C	MMV (CH) - Pandemic Response Box	MMV1633674	Retapamulin	CO-ADD:PL0023										20	20	20	20	20	20		20	20	2.5																											
CO-ADD:0088589	NNC(=O)c1ccncc1	MMV (CH) - Pandemic Response Box	MMV002169	Isoniazid	CO-ADD:PL0023										20	20	20	20	20	20	20	20	20	20																											
CO-ADD:0088590	O=C1CCC(N2C(=O)c3ccccc3C2=O)C(=O)N1	MMV (CH) - Pandemic Response Box	MMV002612	Thalidomide	CO-ADD:PL0023										20	20	20	20	20	20	20	20	20	20																											
CO-ADD:0088591	CC1=NC=C([N]1CC(O)CN2CCOCC2)[N](=O)=O	MMV (CH) - Pandemic Response Box	MMV1613562	Morinidazole	CO-ADD:PL0023										20	20	20	20	20	20	20	20	20	20																											
CO-ADD:0088592	COc1nc2ccc(Br)cc2cc1[C@@H](c3ccccc3)[C@@](O)(CCN(C)C)c4cccc5ccccc45	MMV (CH) - Pandemic Response Box	MMV689758	Bedaquiline	CO-ADD:PL0023										20	20	20	20	20	20	20	20	20	20																											
CO-ADD:0088593	O=C(Nc1ncc(Cc2cccc3ccccc23)s1)C4CCCCC4	MMV (CH) - Pandemic Response Box	MMV1593532		CO-ADD:PL0023										20	20	20	20	20	20	20	20	20	20																											
CO-ADD:0088594	OC(=O)CCNC(=O)c1ccccc1	MMV (CH) - Pandemic Response Box	MMV002224	Betamipron	CO-ADD:PL0023										20	20	20	20	20	20	20	20	20	20																											
CO-ADD:0088595	CC1CCc2c(N3CCC(O)CC3)c(F)cc4C(=O)C(=CN1c24)C(=O)O	MMV (CH) - Pandemic Response Box	MMV637659	Nadifloxacin	CO-ADD:PL0023										1.25	20	20	20	0.625	20		20	20																												
CO-ADD:0088596	COc1ccc(SC(=O)N[C@H](CCC(=O)O)C(=O)O)cc1	MMV (CH) - Pandemic Response Box	MMV1580846		CO-ADD:PL0023										20	20	20	20	20	20	20	20	20	20																											
CO-ADD:0088597	C[C@@H](NC(=O)C)C(=O)N[C@H](Cc1ccccc1)C(=O)O	MMV (CH) - Pandemic Response Box	MMV1580845		CO-ADD:PL0023										20	20	20	20	20	20	20	20	20	20																											
CO-ADD:0088598	N[C@@H]1CN(CC12CC2)c3c(F)cc4C(=O)C(=CN([C@@H]5C[C@@H]5F)c4c3Cl)C(=O)O	MMV (CH) - Pandemic Response Box	MMV1579850	Sitafloxacin	CO-ADD:PL0023										2.5	5	5	20		20	0.3125	20	20																												
CO-ADD:0088599	COc1ccc(NC(=O)c2cc3ccccn3n2)cc1	MMV (CH) - Pandemic Response Box	MMV374187		CO-ADD:PL0023										20	20	20	20	20	20	20	20	20	20																											
CO-ADD:0088600	CC(Cc1ccccc1)C(=O)Nc2ccc(Cl)cc2C(=O)O	MMV (CH) - Pandemic Response Box	MMV1579781		CO-ADD:PL0023										20	20	20	20	20	20	20	20	20	20																											
CO-ADD:0088601	CC(C)n1cnc2c(NCc3ccccc3)nc(NCc4ccccc4)nc12	MMV (CH) - Pandemic Response Box	MMV1579780		CO-ADD:PL0023										20	20	20	20	20	20	20	20	20	20																											
CO-ADD:0088602	CC(=O)NC[C@H]1CN(C(=O)O1)c2ccc(N3CCSCC3)c(F)c2	MMV (CH) - Pandemic Response Box	MMV688756	Sutezolid	CO-ADD:PL0023										20	20	20	20	20	20	5	20	20	20																											
CO-ADD:0088603	Cc1ccc(NC(=O)c2cc(Cl)ccc2O)cc1	MMV (CH) - Pandemic Response Box	MMV1578897		CO-ADD:PL0023										20	20	20	20	20	20	20	3.909	20	20																											
CO-ADD:0088604	ClC(Cl)(Cl)C(=O)Nc1ccccc1N2CCN(CC2)C(=O)c3ccccc3	MMV (CH) - Pandemic Response Box	MMV001014	GNF-Pf-4568	CO-ADD:PL0023										20	20	20	20	20	20	20	20	20	20																											
CO-ADD:0088605	FC(F)(F)C1=CC(=C2SC(=N[C](=O)C2=C1)N3CCN(CC3)CC4CCCCC4)[N](=O)=O	MMV (CH) - Pandemic Response Box	MMV1578885	PBTZ-169	CO-ADD:PL0023										20	20	20	20	20	20	20	20	20	20																											
CO-ADD:0088606	CCc1nc2ccc(Cl)cn2c1C(=O)NCc3ccc(cc3)N4CCC(CC4)c5ccc(OC(F)(F)F)cc5	MMV (CH) - Pandemic Response Box	MMV687696	Q203	CO-ADD:PL0023										20	20	20	20	20	20	20	20	20	20																											
CO-ADD:0088607	COc1ccc2nc(cc(O)c2c1)c3ccccc3	MMV (CH) - Pandemic Response Box	MMV011565	GNF-Pf-117	CO-ADD:PL0023										20	20	20	20	20	20	20	2.855	20	20																											
CO-ADD:0088608	OC(=O)C(Cc1c[nH]c2ccccc12)N3C(=O)c4ccccc4C3=O	MMV (CH) - Pandemic Response Box	MMV452821	NSC401077	CO-ADD:PL0023										20	20	20	20	20	20	20	20	20	20																											
CO-ADD:0088609	Fc1ccccc1CC(=O)Nc2nc3ccccc3[nH]2	MMV (CH) - Pandemic Response Box	MMV1578576	AC1M0PJ2	CO-ADD:PL0023										20	20	20	20	20	20	20	20	20	20																											
CO-ADD:0088610	O=S(=O)(Nc1ccccc1)c2ccc(NC(=S)Nc3ccccc3)cc2	MMV (CH) - Pandemic Response Box	MMV1578562	LED209	CO-ADD:PL0023										20	20	20	20	20	20	20	20	20	20																											
CO-ADD:0088611	Fc1ccc(NC(=O)C2=NN(C(=O)C=C2Cl)c3ccccc3)cc1	MMV (CH) - Pandemic Response Box	MMV1578555		CO-ADD:PL0023										20	20	20	20	20	20	20	8.203	20	20																											
CO-ADD:0088612	BrC1=C(Br)C(=O)NC1=O	MMV (CH) - Pandemic Response Box	MMV1578554	2,3-Dibromomaleinimide	CO-ADD:PL0023										20	20	20	10	20	20	20	3.284	20	20																											
CO-ADD:0088613	FC(F)(F)C2=CC(=C(O[C@H]1CNCC1)C(=C2)NC(=O)CCCCNC(=N)N)NC(=O)C3=NC=NC(=C3)C(=O)NC5=C(O[C@H]4CNCC4)C(=CC(=C5)C(F)(F)F)NC(=O)CCCCNC(=N)N.OC(C(F)(F)F)=O.OC(C(F)(F)F)=O.OC(C(F)(F)F)=O.OC(C(F)(F)F)=O.OC(C(F)(F)F)=O.OC(C(F)(F)F)=O	MMV (CH) - Pandemic Response Box	MMV1634402		CO-ADD:PL0023										10	5	2.5	0.3125	1.25	20		20	20	5																											
CO-ADD:0088614	O(C3=CC2=C1N(CCC1=C(N=C2C=C3)C)CCC4=CC=CC=C4)C5=CC=CC=C5	MMV (CH) - Pandemic Response Box	MMV1634399		CO-ADD:PL0023										20	20	20	20	20	20	20	14.41	17.17	20																											
CO-ADD:0088615	CCC[C@@H]1C[C@H](N(C)C1)C(=O)N[C@H]([C@H](C)Cl)[C@H]2O[C@H](SC)[C@H](O)[C@@H](O)[C@H]2O.Cl	MMV (CH) - Pandemic Response Box	MMV000051	Clindamycin	CO-ADD:PL0023										20	20	20	20	20	20	20	20	20	20																											
CO-ADD:0088616	CC(O)C[N]1C(=NC=C1[N](=O)=O)C	MMV (CH) - Pandemic Response Box	MMV002287	Secnidazole	CO-ADD:PL0023										20	20	20	20	20	20	20	20	20	20																											
CO-ADD:0088617	FC(F)(C1N2N=CC(C(NCC(C=C3)=CC=C3OC)=O)=C2NC(C(C=C4)=CC=C4CC)C1)F	MMV (CH) - Pandemic Response Box	MMV831201		CO-ADD:PL0023										20	20	20	20	20	20	20	20	20	20																											
CO-ADD:0088618	CC[C@@H](CO)NCCN[C@@H](CC)CO	MMV (CH) - Pandemic Response Box	MMV687801	Ethambutol	CO-ADD:PL0023										20	20	20	20	20	20	20	20	20	20																											
CO-ADD:0088619	OC1=C(C(=O)Nc2ccc(cc2)c3ccccc3)C(=O)OC1Cc4ccccc4	MMV (CH) - Pandemic Response Box	MMV1593531		CO-ADD:PL0023										20	20	20	20	20	20	20	20	20	20																											
CO-ADD:0088620	Cc1cccc(C)c1C(=O)Nc2nc(cc3ccccc23)c4ccccn4	MMV (CH) - Pandemic Response Box	MMV1581558		CO-ADD:PL0023										20	20	20	20	20	20	20	7.292	20	20																											
CO-ADD:0088621	NC(=O)c1[nH]c2ccc(cc2c1c3ccccc3)S(=O)(=O)N	MMV (CH) - Pandemic Response Box	MMV1581556		CO-ADD:PL0023										20	20	20	20	20	20	20	20	20	20																											
CO-ADD:0088622	CCc1nc(N)nc(N)c1C#CCc2ccccc2	MMV (CH) - Pandemic Response Box	MMV1581549		CO-ADD:PL0023										20	20	20	20	20	20	20	20	20	20																											
CO-ADD:0088623	CCCCCc1ccc(cc1)C(=O)NCCn2cc(CCCCCc3cnc(N)[nH]3)nn2.Cl	MMV (CH) - Pandemic Response Box	MMV1580847		CO-ADD:PL0023										20	20	20	20	20	20	20	20	20	20																											
CO-ADD:0088624	Cc1ccn2c(C(=O)NCc3ccccc3)c(C)nc2c1	MMV (CH) - Pandemic Response Box	MMV1579847	IAP 1	CO-ADD:PL0023										20	20	20	20	20	20	20	20	20	20																											
CO-ADD:0088625	Cc1cccc(CC(=O)N[C@H]2CCOC2=O)c1	MMV (CH) - Pandemic Response Box	MMV1579782		CO-ADD:PL0023										20	20	20	20	20	20	20	20	20	20																											
CO-ADD:0088626	Oc1nc(O)c(Br)c(Cn2cnc(c2)N(=O)=O)n1	MMV (CH) - Pandemic Response Box	MMV1579777		CO-ADD:PL0023										20	20	20	20	20	20	20	20	20	20																											
CO-ADD:0088627	Oc1ccc2[nH]c(nc2c1)c3ccccc3.Br	MMV (CH) - Pandemic Response Box	MMV292173		CO-ADD:PL0023										20	20	20	20	20	20	20	20	20	20																											
CO-ADD:0088628	COc1cc2c(O)c3COC(=O)c3c(c4ccc5OCOc5c4)c2cc1OC	MMV (CH) - Pandemic Response Box	MMV102270	Diphyllin	CO-ADD:PL0023										20	20	20	20	20	20	20	20	20	20																											
CO-ADD:0088629	CCN(CC)CCCC(C)Nc1ccnc2cc(Cl)ccc12	MMV (CH) - Pandemic Response Box	MMV000008	Chloroquine	CO-ADD:PL0023										20	20	20	20	20	20	20	20	20	20																											
CO-ADD:0088630	Cc1onc(c2ccccc2)c1c3ccc(cc3)S(=O)(=O)N	MMV (CH) - Pandemic Response Box	MMV002260	Valdecoxib	CO-ADD:PL0023										20	20	20	20	20	20	20	20	20	20																											
CO-ADD:0088631	Clc1ccc(cc1)c2oc(NC(=O)c3nc4ccccc4s3)nn2	MMV (CH) - Pandemic Response Box	MMV102833	MLS000530071	CO-ADD:PL0023										20	20	20	20	20	20	20	20	20	20																											
CO-ADD:0088632	Oc1c(ccc2cccnc12)C(Nc3ccccn3)c4ccccc4	MMV (CH) - Pandemic Response Box	MMV565773	NSC 84094	CO-ADD:PL0023										20	20	20	20	20	20	20	19.63	20	20																											
CO-ADD:0088633	O=C(NC12CC3CC(CC(C3)C1)C2)c4cc5ccccc5[nH]4	MMV (CH) - Pandemic Response Box	MMV1578577	GW611920X	CO-ADD:PL0023										20	20	20	20	20	20	20	20	20	20																											
CO-ADD:0088634	[S](=O)(=O)(NC1=CC=CC2=CC=CN=C12)C3=CC=C(C)C=C3	MMV (CH) - Pandemic Response Box	MMV233495	8-p-Tosylaminoquinoline	CO-ADD:PL0023										20	20	20	20	20	20	20	4.049	0.4213	20																											
CO-ADD:0088635	C[N+]1(C)CCCC(C1)OC(=O)C(O)(C2=CC=CC=C2)C3=CC=CC=C3.[Br-]	MMV (CH) - Pandemic Response Box	MMV002676	Mepenzolate	CO-ADD:PL0023										20	20	20	20	20	20	20	20	20	20																											
CO-ADD:0088636	CC(C)c1cc2CC[C@H]3[C@@](C)(CCC[C@]3(C)c2cc1S(=O)(=O)O)C(=O)O	MMV (CH) - Pandemic Response Box	MMV1633675	Ecabet	CO-ADD:PL0023										20	20	20	20	20	20	20	20	20	20																											
CO-ADD:0088637	COc1ccc(CNC(=O)C(NS(=O)(=O)c2ccc3nc(C)sc3c2)C(C)C)cc1	MMV (CH) - Pandemic Response Box	MMV303733		CO-ADD:PL0023										20	20	20	20	20	20	20	20	20	20																											
CO-ADD:0088638	NC(=O)c1cnccn1	MMV (CH) - Pandemic Response Box	MMV003249	Pyrazinamide	CO-ADD:PL0023										20	20	20	20	20	20	20	20	20	20																											
CO-ADD:0088639	Cc1c(OCC(F)(F)F)ccnc1CS(=O)c2nc3ccccc3[nH]2	MMV (CH) - Pandemic Response Box	MMV001438	Lansoprazole	CO-ADD:PL0023										20	20	20	20	20	20	20	20	20	20																											
CO-ADD:0088640	Fc1c(Cl)c(NCc2ccccc2)c(C#N)c(F)c1C#N	MMV (CH) - Pandemic Response Box	MMV1582496		CO-ADD:PL0023										20	20	20	20	20	20	5	5.158	20	20																											
CO-ADD:0088641	CCc1cc(Cc2cnc(N)nc2N)cc3C(C)CCN(C)c13	MMV (CH) - Pandemic Response Box	MMV1582490		CO-ADD:PL0023										20	20	20	20	20	20	10	20	20	20																											
CO-ADD:0088642	CC1=CNC(=O)N=C1NCc2ccccc2	MMV (CH) - Pandemic Response Box	MMV1582489		CO-ADD:PL0023										20	20	20	20	20	20	20	20	20	20																											
CO-ADD:0088643	Nc1nc(nc2c1ncn2[C@@H]3O[C@H](COS(=O)(=O)NC(=O)c4ccccc4O)[C@@H](O)[C@H]3O)c5ccccc5.Cl	MMV (CH) - Pandemic Response Box	MMV1582488		CO-ADD:PL0023										20	20	20	20	20	20	20	20	20	20																											
CO-ADD:0088644	NCc1ccc(cc1)S(=O)(=O)N	MMV (CH) - Pandemic Response Box	MMV002665	Mafenide	CO-ADD:PL0023										20	20	20	20	20	20	20	20	20	20																											
CO-ADD:0088645	CC(C)CN1C(=O)N(C)C(=O)c2c1nn(Cc3cccc4ccccc34)c2c5cncn5C	MMV (CH) - Pandemic Response Box	MMV1581559		CO-ADD:PL0023										20	20	20	20	20	20	20	20	20	20																											
CO-ADD:0088646	Cc1cc(O)c2C(=O)c3c(O)c(I)c(O)c(I)c3C(=O)c2c1	MMV (CH) - Pandemic Response Box	MMV1581545		CO-ADD:PL0023										20	20	20	20	20	20	20	20	20	20																											
CO-ADD:0088647	OC(=O)c1sccc1S(=O)(=O)n2ccc3cc(Br)ccc23	MMV (CH) - Pandemic Response Box	MMV1580855		CO-ADD:PL0023										20	20	20	20	20	20	20	20	20	20																											
CO-ADD:0088648	CCCCc1ccc(cc1)c2cc(cc(n2)c3ccc(Cl)cc3)C(=O)O	MMV (CH) - Pandemic Response Box	MMV1580852		CO-ADD:PL0023										20	20	20	20	20	20	20	20	15.43	20																											
CO-ADD:0088649	COc1cc(Cc2cnc(N)nc2N)cc(CC=C)c1O	MMV (CH) - Pandemic Response Box	MMV1580849		CO-ADD:PL0023										20	20	10	20	2.5	20	2.5	20	20	10																											
CO-ADD:0088650	Nc1nc(NC2Cc3ccc(F)cc3C2)nc(n1)N4CCCCC4	MMV (CH) - Pandemic Response Box	MMV1580839		CO-ADD:PL0023										20	20	20	20	20	20	20	20	20	20																											
CO-ADD:0088651	CC(=O)Nc1cc(NS(=O)(=O)c2ccc(Cl)cc2)cc3c(Cl)n[nH]c13	MMV (CH) - Pandemic Response Box	MMV1579779		CO-ADD:PL0023										20	20	20	20	20	20	20	20	20	20																											
CO-ADD:0088652	C[C@H](NC(CC(=O)c1ccccc1C(F)(F)F)C(=O)O)c2ccccc2	MMV (CH) - Pandemic Response Box	MMV1579778		CO-ADD:PL0023										20	20	20	20	20	20	20	20	20	20																											
CO-ADD:0088653	Nc1c(C(=O)NCc2occc2)c3nc4ccccc4nc3n1CCN5CCCCC5	MMV (CH) - Pandemic Response Box	MMV099714	SMR000040087	CO-ADD:PL0023										20	20	20	20	20	20	20	20	20	20																											
CO-ADD:0088654	O=C(CN1C=Nc2ccccc2C1=O)Nc3ccccc3	MMV (CH) - Pandemic Response Box	MMV1578891	BRN 0384912	CO-ADD:PL0023										20	20	20	20	20	20	20	20	20	20																											
CO-ADD:0088655	CCOc1ccc(cc1)C(=O)NCCc2ccccc2	MMV (CH) - Pandemic Response Box	MMV124656		CO-ADD:PL0023										20	20	20	20	20	20	20	20	20	20																											
CO-ADD:0088656	NC1=CC(=NNC1=O)c2nc3ccccc3[nH]2	MMV (CH) - Pandemic Response Box	MMV975972		CO-ADD:PL0023										20	20	20	20	20	20	20	20	20	20																											
CO-ADD:0088657	Brc1cc(Br)c2OCC[C@@H](NCCCNC3=CC(=O)c4sccc4N3)c2c1	MMV (CH) - Pandemic Response Box	MMV1578884	CRS-3123	CO-ADD:PL0023										20	20	20	20	20	20	0.3125	20	20	20																											
CO-ADD:0088658	CC(C)Nc1ncnc2c1cnn2c3ccc(Cl)cc3	MMV (CH) - Pandemic Response Box	MMV108465	MLS000100781	CO-ADD:PL0023										20	20	20	20	20	20	20	20	20	20																											
CO-ADD:0088659	COc1c(F)c(F)cc2C(=O)C(=CN(C3CC3)c12)C(=O)O	MMV (CH) - Pandemic Response Box	MMV1480967		CO-ADD:PL0023										10	20	20	20	2.5	20	20	20	20	5																											
CO-ADD:0088660	CCC(C)NCC(O)Cn1c2ccc(Cl)cc2c3cc(Cl)ccc13	MMV (CH) - Pandemic Response Box	MMV1578570		CO-ADD:PL0023										20	20	20	20	20	20	20	6.837	20	20																											
CO-ADD:0088661	CCc1cc(O)c(Oc2ccc(cc2F)C(=O)N)cc1F	MMV (CH) - Pandemic Response Box	MMV1578564	MUT056399	CO-ADD:PL0023										10	20	20	20	2.5	20		20	20	20																											
CO-ADD:0088662	OP(=O)(O)C(CCCc1cccc(Oc2ccccc2)c1)S(=O)(=O)O	MMV (CH) - Pandemic Response Box	MMV1782215	BMS 188745	CO-ADD:PL0023										20	20	20	20	20	20	20	20	20	20																											
CO-ADD:0088663	CCNC(=O)Nc1cn2c(cc(cc2n1)c3cccnc3)c4ncc(CC)cn4	MMV (CH) - Pandemic Response Box	MMV1782403		CO-ADD:PL0023										20	20	20	20	20	20	20	20	20	20																											
CO-ADD:0088664	Cc1cc(C)n2nc(nc2n1)C(=O)NS(=O)(=O)c3c(C)cccc3OC(F)(F)F	MMV (CH) - Pandemic Response Box	MMV1782402		CO-ADD:PL0023										20	20	20	20	20	20	20	20	20	20																											
CO-ADD:0088665	OB(O)CNS(=O)(=O)c1ccc(cc1C(F)(F)F)c2nnn[nH]2	MMV (CH) - Pandemic Response Box	MMV1782411		CO-ADD:PL0023										20	20	20	20	20	20	20	20	20	20																											
CO-ADD:0088666	BrC3=CC=C(NC(=O)CC2SC1=NC=N[N]1C2=O)C=C3	MMV (CH) - Pandemic Response Box	MMV214956		CO-ADD:PL0023										20	20	20	10	20	20	20	20	20	20																											
CO-ADD:0088667	FC3=CC1=C([NH][C](C(=C1OCC2CCC2)CC)=O)C=C3	MMV (CH) - Pandemic Response Box	MMV1634395		CO-ADD:PL0023										20	20	20	20	20	20	20	20	20	20																											
CO-ADD:0088668	O1N=C(OCC)C4=C1C=C(OCCC3CCN(C2=NN=C(C)C=C2)CC3)C=C4	MMV (CH) - Pandemic Response Box	MMV1634071	Vapendavir	CO-ADD:PL0023										20	20	20	20	20	20	20	20	20	20																											
CO-ADD:0088669	O(C1=C(C=CC=C1)CC)CCN2CCCCCC2	MMV (CH) - Pandemic Response Box	MMV1633962		CO-ADD:PL0023										20	20	20	20	20	20	20	20	20	20																											
CO-ADD:0088670	O=[C]1[N]5C(=CC2=C1COC([C@]2(O)CC)=O)C4=NC3=CC=C(C(=C3C=C4C5)CN(C)C)O.Cl	MMV (CH) - Pandemic Response Box	MMV1633678	Topotecan	CO-ADD:PL0023										20	20	20	20	20	20	20	0.2183	20	20																											
CO-ADD:0088671	O(C1=C(C=CC=C1)CN[C@@H]2[C@@H](N3CCC2CC3)C(C4=CC=CC=C4)C5=CC=CC=C5)C	MMV (CH) - Pandemic Response Box	MMV690480	CP 96345	CO-ADD:PL0023										20	20	20	20	20	20	20	20	20	20																											
CO-ADD:0088672	FC(F)(F)C1=CC(=CC(=C1)C(F)(F)F)C3=N[N](\\C=C\\C(=O)NNC2=NC=CN=C2)C=N3	MMV (CH) - Pandemic Response Box	MMV1593517	Selinexor	CO-ADD:PL0023										20	20	20	20	20	20	20	20	20	20																											
CO-ADD:0088673	CCOC(=O)N[C@@H]1CC[C@@H]2[C@@H](C1)C[C@@H]3[C@@H]([C@@H](C)OC3=O)[C@H]2\\C=C\\c4ccc(cn4)c5cccc(F)c5	MMV (CH) - Pandemic Response Box	MMV1593515	Vorapaxar	CO-ADD:PL0023										20	20	20	20	20	20	20	20	20	20																											
CO-ADD:0088674	ClC1=CC=CC2=CC=C(N=C12)NC3=CC=C(OC(F)(F)F)C=C3	MMV (CH) - Pandemic Response Box	MMV1581032	ABX 464	CO-ADD:PL0023										20	20	20	20	20	20	20	20	20	20																											
CO-ADD:0088675	O=[C]3OC1=C(C=C(OC)C(=C1)OCC2=CC=C(OC)C=C2)C4=C3C=C(C(O)C)C=C4	MMV (CH) - Pandemic Response Box	MMV1580799	Palomid 529	CO-ADD:PL0023										20	20	20	20	20	20	20	20	20	20																											
CO-ADD:0088676	O=C(O)C1=NC=C(CCCC)C=C1	MMV (CH) - Pandemic Response Box	MMV001726	Fusaric acid	CO-ADD:PL0023										20	20	20	20	20	20	20	20	20	20																											
CO-ADD:0088677	FC3=C2N=C(N(C1=C(OC)C=CC(=C1)C(F)(F)F)[C@H](C2=CC=C3)CC(=O)O)N5CCN(C4=CC(=CC=C4)OC)CC5	MMV (CH) - Pandemic Response Box	MMV690653	Letermovir	CO-ADD:PL0023										20	20	20	20	20	20	20	20	20	20																											
CO-ADD:0088678	S(C2=C(C(=O)NC1=C(OC)C=CC=C1)C=CC=C2)C3=CC=C([N](=O)=O)C=C3	MMV (CH) - Pandemic Response Box	MMV1580484		CO-ADD:PL0023										20	20	20	20	20	20	20	20	20	20																											
CO-ADD:0088679	[P](=O)(O)(O)CO[C@@H](C[N]2C1=NC=NC(=C1N=C2)N)C	MMV (CH) - Pandemic Response Box	MMV1580478	Tenofovir	CO-ADD:PL0023										20	20	20	20	20	20	20	20	20	20																											
CO-ADD:0088680	O(C1=C(OC)C=C(C(CCCC(C)C)(C)C)C=C1OC)C	MMV (CH) - Pandemic Response Box	MMV1782102		CO-ADD:PL0023										20	20	20	20	20	20	20	20	20	20																											
CO-ADD:0088681	ClC4=C(OCC(O)C[N]2[C](=N)[N](CCN1CCCCC1)C3=C2C=CC=C3)C=CC(=C4)Cl	MMV (CH) - Pandemic Response Box	MMV394033		CO-ADD:PL0023										20	20	20	20	20	20	20	6.891	20	20																											
CO-ADD:0088682	ClC2=CC=C(OC1=CC=C([S](=O)(=O)C)C=C1)C=C2	MMV (CH) - Pandemic Response Box	MMV1634404		CO-ADD:PL0023										20	20	20	20	20	20	20	20	20	20																											
CO-ADD:0088683	S2C(=C(N(C(=O)[C@H]1CC[C@H](C)CC1)C(C)C)C=C2C3=CC=CC=C3)C(=O)O	MMV (CH) - Pandemic Response Box	MMV1634388		CO-ADD:PL0023										20	20	20	20	20	20	20	20	20	20																											
CO-ADD:0088684	NC2C1CC3CC(C1)CC2C3.Cl	MMV (CH) - Pandemic Response Box	MMV180402	2-Adamantanamine	CO-ADD:PL0023										20	20	20	20	20	20	20	20	20	20																											
CO-ADD:0088685	S1C(=NC=C1)NC(C3=C(O)C2=NC=CC=C2C=C3)C4=CC(=CC=C4)O	MMV (CH) - Pandemic Response Box	MMV642550		CO-ADD:PL0023										20	20	20	20	20	20	20	6.67	20	20																											
CO-ADD:0088686	O=C(N(C1=CC=CC=C1)C)[C@@H](NC(=O)CC2=C([NH]C3=C2C=CC=C3)C)CC4=CC=CC=C4	MMV (CH) - Pandemic Response Box	MMV1580798	PF-3450074	CO-ADD:PL0023										20	20	20	20	20	20	20	20	20	20																											
CO-ADD:0088687	ClC2=C(OC1=C(C#N)C=C([N](=O)=O)C=C1)C=CC=C2	MMV (CH) - Pandemic Response Box	MMV1580800		CO-ADD:PL0023										20	20	20	20	20	20	20	20	20	20																											
CO-ADD:0088688	O=C5C1=C(NC4=C(N(C1C3=CC=C(OCC2=CC=CC=C2)C=C3)C(=O)C)C=CC=C4)CC(C5)(C)C	MMV (CH) - Pandemic Response Box	MMV1580503		CO-ADD:PL0023										20	20	20	20	20	20	20	20	20	20																											
CO-ADD:0088689	O(CC1=NC3=C([N]1CC(O)(C)C)C2=CC=CC=C2N=C3N)CC	MMV (CH) - Pandemic Response Box	MMV690547	Resiquimod	CO-ADD:PL0023										20	20	20	20	20	20	20	20	20	20																											
CO-ADD:0088690	FC5=CC=C(C(=O)N3C1(N(C(=O)C2=C1C=CC=C2)CC3)C4=CC=CC=C4)C=C5	MMV (CH) - Pandemic Response Box	MMV1165877		CO-ADD:PL0023										20	20	20	20	20	20	20	20	20	20																											
CO-ADD:0088691	O=C(NC(C)(C)C)N[C@H](C(=O)N3[C@H](C(=O)NC(C(=O)C(=O)N)CC1CCC1)[C@H]2C(C)(C)[C@H]2C3)C(C)(C)C	MMV (CH) - Pandemic Response Box	MMV1580497	Boceprevir	CO-ADD:PL0023										20	20	20	20	20	20	20	20	20	20																											
CO-ADD:0088692	O=[C]1N=C(N)C=N[N]1C2OC(CO)C(C2O)O	MMV (CH) - Pandemic Response Box	MMV1580495	6-Azacytidine	CO-ADD:PL0023										20	20	20	20	20	20	20	20	20	20																											
CO-ADD:0088693	BrC1=C([NH]C(=N[C]1=O)N)C2=CC(=CC=C2)Cl	MMV (CH) - Pandemic Response Box	MMV1645152		CO-ADD:PL0023										20	20	20	20	20	20	20	20	20	20																											
CO-ADD:0088694	F[C@H]1[C@@H](O[C@@H]([C@H]1O)CO)[N]3C2=C([C](=O)[NH]C(=N2)N)N=C3	MMV (CH) - Pandemic Response Box	MMV1633677	Ro-24-7429	CO-ADD:PL0023										20	20	20	20	20	20	20	20	20	20																											
CO-ADD:0088695	OC[C@H]1O[C@H](C[C@@H]1N=[N+]=[N-])[N]2C=C[C](=O)[NH][C]2=O	MMV (CH) - Pandemic Response Box	MMV1593520	Navuridine	CO-ADD:PL0023										20	20	20	20	20	20	20	20	20	20																											
CO-ADD:0088696	O=[N](=O)C1=CC(=CC=C1)NC(=O)NC2=C(C=CC=C2)C	MMV (CH) - Pandemic Response Box	MMV1581029		CO-ADD:PL0023										20	20	20	20	20	20	20	20	20	20																											
CO-ADD:0088697	C[C@H](NC(=O)C(=O)Nc1ccccc1C(C)(C)C)C(=O)N[C@@H](CC(=O)O)C(=O)COc2c(F)c(F)cc(F)c2F	MMV (CH) - Pandemic Response Box	MMV1580794	Emricasan	CO-ADD:PL0023										20	20	20	20	20	20	20	20	20	20																											
CO-ADD:0088698	O=C(NC1=CC=C(O)C=C1)\\C=C(\\C=C\\C=C(\\C=C\\C2=C(CCCC2(C)C)C)C)C	MMV (CH) - Pandemic Response Box	MMV001793	Fenretinide	CO-ADD:PL0023										20	20	20	20	20	20	20	20	20	20																											
CO-ADD:0088699	[S](=O)(=O)(NC1=CC=C(O)C=C1)C2=CC=CC3=CC=CN=C23	MMV (CH) - Pandemic Response Box	MMV251679		CO-ADD:PL0023										20	20	20	20	20	20	20	20	20	20																											
CO-ADD:0088700	FC(F)(F)C2=CC=C(NC(=O)C1=C(ON=C1)C)C=C2	MMV (CH) - Pandemic Response Box	MMV003291	Leflunomide	CO-ADD:PL0023										20	20	20	20	20	20	20	20	20	20																											
CO-ADD:0088701	O=C(NC1=CC(=C(C)C=C1)NC2=NC(=CC=N2)C3=CN=CC=C3)C5=CC=C(CN4CCN(C)CC4)C=C5	MMV (CH) - Pandemic Response Box	MMV009948	Imatinib	CO-ADD:PL0023										20	20	20	20	20	20	20	20	20	20																											
CO-ADD:0088702	O(C1=CC=C(N)C=C1)C2=CC=C(C(C)(C)C)C=C2	MMV (CH) - Pandemic Response Box	MMV1174026		CO-ADD:PL0023										20	20	20	20	20	20	20	20	20	20																											
CO-ADD:0088703	OC[C@H](NC2=NC(=C1N=C[N](C1=N2)C(C)C)NCC3=CC=CC=C3)CC	MMV (CH) - Pandemic Response Box	MMV003820	Seliciclib	CO-ADD:PL0023										20	20	20	20	20	20	20	20	20	20																											
CO-ADD:0088704	O=C2N4C(C(=O)OC(C(CC1CC(OC)C(OCCO)CC1)C)CC(=O)C(\\C=C(\\C(O)C(OC)C(=O)C(C)CC(/C=C/C=C/C=C(/C(CC3OC(C2=O)(O)C(CC3)C)OC)C)C)C)C)CCCC4	MMV (CH) - Pandemic Response Box	MMV639951	Everolimus	CO-ADD:PL0023										20	20	20		20		20	20	20	20																											
CO-ADD:0088705	FC3=CC=C(C[C@@H](C(=O)N[C@H](\\C=C\\C(=O)OCC)C[C@H]1C(=O)NCC1)CC(=O)[C@@H](NC(=O)C2=NOC(=C2)C)C(C)C)C=C3	MMV (CH) - Pandemic Response Box	MMV1580491	Rupintrivir	CO-ADD:PL0023										20	20	20	20	20	20	20	20	20	20																											
CO-ADD:0088706	O3N=C(C1=C2C(=CC=C1)[C@@H](NCCO)CC2)N=C3C4=CC(=C(OC(C)C)C=C4)C#N	MMV (CH) - Pandemic Response Box	MMV1580492	Ozanimod	CO-ADD:PL0023										20	20	20	20	20	20	20	20	20	20																											
CO-ADD:0088707	ClC4=CC1=C([NH]C2=C1CCCC2NC(=O)C3=NC=CC=C3)C=C4	MMV (CH) - Pandemic Response Box	MMV690621		CO-ADD:PL0023										20	20	20	20	20	20	20	20	20	20																											
CO-ADD:0088708	O=[C]1[N](C=CC=C1NC(=O)C2=NOC(=C2)C)[C@H](C(=O)N[C@H](\\C=C\\C(=O)OCC)C[C@H]3C(=O)NCC3)CC	MMV (CH) - Pandemic Response Box	MMV1782112		CO-ADD:PL0023										20	20	20	20	20	20	20	20	20	20																											
CO-ADD:0088709	O=[C]2[N](C=C(NC1=CC=CC=C1)[C]([NH]2)=O)CC3=CC(=CC=C3)OC4=CC=CC=C4	MMV (CH) - Pandemic Response Box	MMV1782107		CO-ADD:PL0023										20	20	20	20	20	20	20	20	20	20																											
CO-ADD:0088710	O=[C]1[NH]C(=C(CC)C=C1CCC(=O)NC2=C(O)C=CC=C2)C	MMV (CH) - Pandemic Response Box	MMV1782106		CO-ADD:PL0023										20	20	20	20	20	20	20	20	20	20																											
CO-ADD:0088711	BrC3=CC1=C(O[C](=O)C(=C1)CSC2=NC=C[NH]2)C=C3	MMV (CH) - Pandemic Response Box	MMV1782105		CO-ADD:PL0023										20	20	20	20	20	20	20	20	20	20																											
CO-ADD:0088712	O=[C]1[N](C=CN=C1C(=O)N)[C@@H]2O[C@H](CO)[C@H]([C@H]2O)O	MMV (CH) - Pandemic Response Box	MMV1782104		CO-ADD:PL0023										20	20	20	20	20	20	20	20	20	20																											
CO-ADD:0088713	O=C2N(C1=CC=NC=C1)CCN2CCCCOC3=CC=C(\\C=N\\OCC)C=C3	MMV (CH) - Pandemic Response Box	MMV1782101		CO-ADD:PL0023										20	20	20	20	20	20	20	20	20	20																											
CO-ADD:0088714	O=[C]2N=C1OC(=CC1=C[N]2[C@@H]3O[C@H](CO)[C@H](C3)O)C4=CC=C(CCC)C=C4	MMV (CH) - Pandemic Response Box	MMV1633969		CO-ADD:PL0023										20	20	20	20	20	20	20	20	20	20																											
CO-ADD:0088715	O=C(N2CCN(C1=CC=CC=C1)CC2)C3=CC(=NC4=CC=CC=C34)O	MMV (CH) - Pandemic Response Box	MMV596723		CO-ADD:PL0023										20	20	20	20	20	20	20	20	20	20																											
CO-ADD:0088716	IC1=C(N)C=CC2=C1C=C[C](O2)=O	MMV (CH) - Pandemic Response Box	MMV1581378		CO-ADD:PL0023										20	20	20	20	20	20	20	20	20	20																											
CO-ADD:0088717	ClC1=C(C(=CC=C1)F)C3[N]2N=NN=C2NC(C3)C4=CC=C(Cl)C=C4	MMV (CH) - Pandemic Response Box	MMV1581031	HBF 0259	CO-ADD:PL0023										20	20	20	20	20	20	20	20	20	20																											
CO-ADD:0088718	FC4=CC=C(C2=C([N](CCCC1=CC=CC=C1)C(=N2)C#CCCO)C3=CC=NC=C3)C=C4	MMV (CH) - Pandemic Response Box	MMV1580797	RWJ-67657	CO-ADD:PL0023										20	20	20	20	20	20	20	20	20	20																											
CO-ADD:0088719	O(C(CO)CO)C[N]2C1=NC(=NC(=C1N=C2)O)N	MMV (CH) - Pandemic Response Box	MMV001761	Ganciclovir	CO-ADD:PL0023										20	20	20	20	20	20	20	20	20	20																											
CO-ADD:0088720	ClC4=CC=C(C[N]2C1=C(C=CC=C1)N=C2CN3CCCC3)C=C4	MMV (CH) - Pandemic Response Box	MMV002015	Clemizole	CO-ADD:PL0023										20	20	20	20	20	20	20	20	20	20																											
CO-ADD:0088721	S1C(=C(C(=O)N)C2=C1CCCCC2)N	MMV (CH) - Pandemic Response Box	MMV056052	NSC 727447	CO-ADD:PL0023										20	20	20	20	20	20	20	20	20	20																											
CO-ADD:0088722	O(C1=C(C=CC=C1)CNC2=CC=C(O)C=C2)CC3=CC=CC=C3	MMV (CH) - Pandemic Response Box	MMV1580504		CO-ADD:PL0023										20	20	20	20	20	20	20	20	20	20																											
CO-ADD:0088723	O(C[N]2C1=NC(=NC(=C1N=C2)O)N)CCO	MMV (CH) - Pandemic Response Box	MMV001961	Aciclovir	CO-ADD:PL0023										20	20	20	20	20	20	20	20	20	20																											
CO-ADD:0088724	O=C1NCC(C1)C2=CC(=C(OC)C=C2)OC3CCCC3	MMV (CH) - Pandemic Response Box	MMV003738	Rolipram	CO-ADD:PL0023										20	20	20	20	20	20	20	20	20	20																											
CO-ADD:0088725	BrC1=C(O)N=C(N)N=C1C2=CC=CC=C2	MMV (CH) - Pandemic Response Box	MMV690540	Bropirimine	CO-ADD:PL0023										20	20	20	20	20	20	20	20	20	20																											
CO-ADD:0088726	ClC1=C(C(=CC=C1)F)C3[N]2N=CN=C2NC(=C3)C4=CC=C(OC)C=C4	MMV (CH) - Pandemic Response Box	MMV614278		CO-ADD:PL0023										20	20	20	20	20	20	20	20	20	20																											
CO-ADD:0088727	CC[N+]1(CCC(CC1)NC(=O)C2C3=C(OC4=C2C=C(Cl)C=C4)C=CC(=C3)Cl)C\\C5=C\\CCCCCC5.[I-]	MMV (CH) - Pandemic Response Box	MMV1580489	UCB-35625	CO-ADD:PL0023										20	20	20	20	20	20	20	20	20	20																											
CO-ADD:0088728	ClC1=CC=C(S1)[S](=O)(=O)NC2=CN=C(OC)C=C2	MMV (CH) - Pandemic Response Box	MMV1580499		CO-ADD:PL0023										20	20	20	20	20	20	20	20	20	20																											
CO-ADD:0088729	S2C1=C(NC(C)CNC1=O)C3=C2C=CC(=C3)OC	MMV (CH) - Pandemic Response Box	MMV1782115		CO-ADD:PL0023										20	20	20	20	20	20	20	8.519	20	20																											
CO-ADD:0088730	FC(F)(F)c1ccc(cc1)C(=O)NN2C(=O)[C@@H]3C4C=CC([C@H]5C[C@@H]45)[C@@H]3C2=O	MMV (CH) - Pandemic Response Box	MMV1782114		CO-ADD:PL0023										20	20	20	20	20	20	20	20	20	20																											
CO-ADD:0088731	O=C(O)C1=CC(=NC2=CC=CC=C12)C3=CC=CC=C3	MMV (CH) - Pandemic Response Box	MMV018362	Cinchophen	CO-ADD:PL0023										20	20	20	20	20	20	20	20	20	20																											
CO-ADD:0088732	FC(F)(F)C1=NC(=NO1)C3=CC(=C(OCCCC2=CC(=NO2)CC)C(=C3)C)C	MMV (CH) - Pandemic Response Box	MMV1634556		CO-ADD:PL0023										20	20	20	20	20	20	20	20	20	20																											
CO-ADD:0088733	O(C1=C(C=CC(=C1)C)C)CCCCCCN2[C@@H]([C@@H](O)[C@H](O)[C@H](C2)O)CO	MMV (CH) - Pandemic Response Box	MMV1634401		CO-ADD:PL0023										20	20	20	20	20	20	20	20	20	20																											
CO-ADD:0088734	[S](=O)(=O)(C3=CC=C(OCCC2CCN(C1=NN=C(C)C=C1)CC2)C=C3)C	MMV (CH) - Pandemic Response Box	MMV1634394		CO-ADD:PL0023										20	20	20	20	20	20	20	20	20	20																											
CO-ADD:0088735	FC(F)(F)C1=CC(=CC=C1)C(=O)NCCN2CCCCC2	MMV (CH) - Pandemic Response Box	MMV1633964		CO-ADD:PL0023										20	20	20	20	20	20	20	20	20	20																											
CO-ADD:0088736	FC3=C(N=C(C1=C[NH]C2=C1C=C(F)C=N2)N=C3)N[C@@H]4[C@@H](C(=O)O)C5CCC4CC5	MMV (CH) - Pandemic Response Box	MMV1593516	JNJ-872	CO-ADD:PL0023										20	20	20	20	20	20	20	20	20	20																											
CO-ADD:0088737	O[C@@H]1[C@@H](O)[C@@H](N(CCCCCCCCC)C[C@H]1O)CO	MMV (CH) - Pandemic Response Box	MMV1593513	N-Nonyldeoxynojirimycin	CO-ADD:PL0023										20	20	20	20	20	20	20	20	20	20																											
CO-ADD:0088738	CCC(CC)[C@H](NC(=O)C)[C@@H]1[C@H](O)[C@H](C[C@H]1NC(=N)N)C(=O)O.O.O.O	MMV (CH) - Pandemic Response Box	MMV1593511	Peramivir	CO-ADD:PL0023										20	20	20	20	20	20	20	20	20	20																											
CO-ADD:0088739	O3[C@@H]([N]2C1=NC=NC(=C1N=C2)O)CC[C@H]3CO	MMV (CH) - Pandemic Response Box	MMV637306	Didanosine	CO-ADD:PL0023										20	20	20	20	20	20	20	20	20	20																											
CO-ADD:0088740	FC4=CC=C(N2C(=O)[C@H](CC[C@H](O)C1=CC=C(F)C=C1)[C@H]2C3=CC=C(O)C=C3)C=C4	MMV (CH) - Pandemic Response Box	MMV1581377	Ezetimibe	CO-ADD:PL0023										20	20	20	20	20	20	20	20	20	20																											
CO-ADD:0088741	O=C4OC(C1N(CCC2=CC3=C(C(=C12)OC)OCO3)C)C5=CC=C(C(=C45)OC)OC	MMV (CH) - Pandemic Response Box	MMV002780	Noscapine	CO-ADD:PL0023										20	20	20	20	20	20	20	20	20	20																											
CO-ADD:0088742	ClC3=CC2=C(C1=CC=CC=C1)C(=C(C)N=C2C=C3)CC(=O)O	MMV (CH) - Pandemic Response Box	MMV1580801		CO-ADD:PL0023										20	20	20	20	20	20	20	20	20	20																											
CO-ADD:0088743	O=C(NO)\\C=C\\C3=CC=C(CNCCC1=C([NH]C2=C1C=CC=C2)C)C=C3	MMV (CH) - Pandemic Response Box	MMV010036	Panobinostat	CO-ADD:PL0023										20	20	20	20	20	20	20	20	20	20																											
CO-ADD:0088744	O=C(N[C@H](C(=O)N[C@H]([C@H](O)CN2[C@H](C(=O)NC(C)(C)C)C[C@@H]1CCCC[C@@H]1C2)CC3=CC=CC=C3)CC(=O)N)C5=NC4=CC=CC=C4C=C5	MMV (CH) - Pandemic Response Box	MMV637879	Saquinavir	CO-ADD:PL0023										20	20	20	20	20	20	20	20	20	20																											
CO-ADD:0088745	O1C(=CC=C1)CNC4=CC3=C([N](C2=CC=C(OC)C=C2)C=N3)C=C4	MMV (CH) - Pandemic Response Box	MMV617332		CO-ADD:PL0023										20	20	20	20	20	20	20	20	20	20																											
CO-ADD:0088746	O=[C]2[NH]C1=C(C=C(NC(=O)CN(C)C)C=C1)C3=C2C=CC=C3.Cl	MMV (CH) - Pandemic Response Box	MMV1580480	PJ 34	CO-ADD:PL0023										20	20	20	20	20	20	20	20	20	20																											
CO-ADD:0088747	O=C(N[C@H](C(=O)N[C@H](C(=O)N3[C@H](C(=O)N[C@H](C(=O)C(=O)NC1CC1)CCC)[C@H]2CCC[C@H]2C3)C(C)(C)C)C4CCCCC4)C5=NC=CN=C5	MMV (CH) - Pandemic Response Box	MMV1580494	Telaprevir	CO-ADD:PL0023										20	20	20	20	20	20	20	20	20	20																											
CO-ADD:0088748	FC4=C([N]2[C](=O)C1=C(C=CC(=C1)[N](=O)=O)N=C2CN3CCN(CC)CC3)C=CC=C4	MMV (CH) - Pandemic Response Box	MMV275100		CO-ADD:PL0023										20	20	20	20	20	20	20	20	20	20																											
CO-ADD:0088749	O=[C]1[NH]C(=NC2=C1N=C[N]2CCOC)NC3=CC=CC=C3	MMV (CH) - Pandemic Response Box	MMV1782103		CO-ADD:PL0023										20	20	20	20	20	20	20	20	20	20																											
CO-ADD:0088750	O[C@H]1[C@H](O)[C@H](N(CCCC)C[C@@H]1O)CO	MMV (CH) - Pandemic Response Box	MMV1782098		CO-ADD:PL0023										20	20	20	20	20	20	20	20	20	20																											
CO-ADD:0088751	O=C(NCC1=CC=C(OC)C=C1)C4CCN([C@@H](C2=CC=CC3=CC=CC=C23)C)CC4	MMV (CH) - Pandemic Response Box	MMV1634397		CO-ADD:PL0023										20	20	20	20	20	20	20	20	20	20																											
CO-ADD:0088752	ClC1=CC(=CC(=C1)OC2=CC(=CC=C2)\\C=C\\C=C\\C(=O)O)Cl	MMV (CH) - Pandemic Response Box	MMV1633963		CO-ADD:PL0023										20	20	20	20	20	20	20	20	20	20																											
CO-ADD:0088753	O3[C@@H]([N]2C1=NC=NC(=C1C=C2)N)[C@@](O)(C)[C@@H]([C@H]3CO)O	MMV (CH) - Pandemic Response Box	MMV1593519	MK-0608	CO-ADD:PL0023										20	20	20	20	20	20	20	20	20	20																											
CO-ADD:0088754	S3C1=C(C=C(SC)C=C1)C(N2CCN(C)CC2)CC4=C3C=CC=C4	MMV (CH) - Pandemic Response Box	MMV002505	Metitepine	CO-ADD:PL0023										20	20	20	20	20	20	20	20	12.71	20																											
CO-ADD:0088755	ClC3=C([S](=O)(=O)[C@@H]1CNCCC1)C(=C(NC(=O)NC2=C(C(=CC=C2)F)C)C=C3)O.Cl	MMV (CH) - Pandemic Response Box	MMV1581034	Danirixin	CO-ADD:PL0023										20	20	20	20	20	20	20	12.02	20	20																											
CO-ADD:0088756	O=C(O)[C@@H](NC(=O)CC[C@@H](N)C(=O)O)CC1=C[NH]C2=C1C=CC=C2	MMV (CH) - Pandemic Response Box	MMV1581033	Golotimod	CO-ADD:PL0023										20	20	20	20	20	20	20	20	20	20																											
CO-ADD:0088757	FC6=CC1=C(C(=C([NH]1)C2=C(C3=C([NH]2)C=C(F)C=C3)C[C@H]4N(C(=O)[C@@H](NC(=O)[C@@H](NC)C)CC)C[C@H](C4)O)C[C@H]5N(C(=O)[C@@H](NC(=O)[C@@H](NC)C)CC)C[C@H](C5)O)C=C6	MMV (CH) - Pandemic Response Box	MMV1557856	Birinapant	CO-ADD:PL0023										20	20	20	20	20	20	20	20	20	20																											
CO-ADD:0088758	O=[N](=O)C1=CC=CC2=NC3=C(C=C12)C[N]4[C](=O)C5=C(C=C34)[C@](O)(C(=O)OC5)CC	MMV (CH) - Pandemic Response Box	MMV1580796	Rubitecan	CO-ADD:PL0023										20	20	20	20	20	20	20	0.6954	20	20																											
CO-ADD:0088759	O=C(N4CCN(C3=CC=C(NC(=O)C2=CC1=C(OCO1)C=C2)C=C3)CC4)C5=CC=CC=C5	MMV (CH) - Pandemic Response Box	MMV1580505		CO-ADD:PL0023										20	20	20	20	20	20	20	20	20	20																											
CO-ADD:0088760	FC3=C(N1CCN(C)CC1)C4=C2[N](C=C([C](C2=C3)=O)C(=O)O)[C@H](CO4)C	MMV (CH) - Pandemic Response Box	MMV687798	Levofloxacin	CO-ADD:PL0023										2.5	10	5	20		20	2.5	20	20																												
CO-ADD:0088761	CC#C[C@]1(O)CC[C@H]2[C@@H]3CCC4=CC(=O)CCC4=C3[C@H](C[C@]12C)c5ccc(cc5)N(C)C	MMV (CH) - Pandemic Response Box	MMV003297	Mifepristone	CO-ADD:PL0023										20	20	20	20	20	20	20	20	20	20																											
CO-ADD:0088762	O=C(NC3=CC=C(\\C(=N\\NC(=O)C2C(C1=CC=CC=C1)C2)C)C=C3)C4=CC=CO4	MMV (CH) - Pandemic Response Box	MMV1580487	ST 161	CO-ADD:PL0023										20	20	20	20	20	20	20	20	20	20																											
CO-ADD:0088763	ClC3=C(OCC2=CC=C(COC1=C(Cl)C=CC=C1Cl)C=C2)C=CC(=C3)OC	MMV (CH) - Pandemic Response Box	MMV1580485	Pocapavir	CO-ADD:PL0023										20	20	20	20	20	20	20	20	20	20																											
CO-ADD:0088764	COc1cc(NS(=O)(=O)c2ccc(C)cc2)c3ncccc3c1	MMV (CH) - Pandemic Response Box	MMV098836	DNDI1417411	CO-ADD:PL0023										20	20	20	20	20	20	20	5.407	20	20																											
CO-ADD:0088765	[S](=O)(=O)(NC1=CC(=C(C2=CC=CC=C12)O)SCC(=O)O)C3=CC=CC4=CC=CN=C34	MMV (CH) - Pandemic Response Box	MMV218827		CO-ADD:PL0023										20	20	20	20	20	20	20	20	20	20																											
CO-ADD:0088766	CC(C)C(=O)N[C@@H]1[C@H](C=C(O[C@H]1[C@H](O)[C@H](O)CO)C(O)=O)N=[N+]=[N-]	MMV (CH) - Pandemic Response Box	MMV1782111		CO-ADD:PL0023										20	20	20	20	20	20	20	20	20	20																											
CO-ADD:0088767	FC3=CC=C(CNC(=O)C1=C(O)C2=C([NH][C]1=O)C=CC=N2)C=C3	MMV (CH) - Pandemic Response Box	MMV1782097		CO-ADD:PL0023										20	20	20	20	20	20	20	20	8.653	20																											
CO-ADD:0088768	O=C(N\\N=C\\C1=CC(=C(OCC)C=C1)OCC)C3C(C2=CC=C(C(C)(C)C)C=C2)C3	MMV (CH) - Pandemic Response Box	MMV1634398		CO-ADD:PL0023										20	20	20	20	20	20	20	20	20	20																											
CO-ADD:0088769	ClC1=C(N=C3[N]1C=C(C2CC2)C=C3C(F)(F)F)C(=O)N5CC(=O)N([C@H]4CC[C@H](O)CC4)CC5	MMV (CH) - Pandemic Response Box	MMV1634396		CO-ADD:PL0023										20	20	20	20	20	20	20	20	20	20																											
CO-ADD:0088770	FC(F)(F)C6=CC4=C([N](C12CC3CC(C1)CC(C2)C3)C(=N4)C5=CC=C(N)C=C5)C=C6	MMV (CH) - Pandemic Response Box	MMV1634385		CO-ADD:PL0023										20	20	20	20	20	20	20	20	20	20																											
CO-ADD:0088771	FC(F)(F)C4=CC=C(NC1=N[NH]C2=NC(=NC(=C12)N)C3=CC=CC=C3)C=C4	MMV (CH) - Pandemic Response Box	MMV1633968		CO-ADD:PL0023										20	20	20	20	20	20	20	20	20	20																											
CO-ADD:0088772	S1C(=NC=C1[N](=O)=O)NC(=O)C2=C(OC(=O)C)C=CC=C2	MMV (CH) - Pandemic Response Box	MMV688991	Nitazoxanide	CO-ADD:PL0023										20	20	20	20	20	20	20	8.585	20	20																											
CO-ADD:0088773	N1(CCNCCCNCCNCCC1)CC3=CC=C(CN2CCNCCCNCCNCCC2)C=C3	MMV (CH) - Pandemic Response Box	MMV1580502	Plerixafor	CO-ADD:PL0023										20	20	20	20	20	20	20	20	20	20																											
CO-ADD:0088774	NC(C12CC3CC(C1)CC(C2)C3)C.Cl	MMV (CH) - Pandemic Response Box	MMV637855	Rimantadine	CO-ADD:PL0023										20	20	20	20	20	20	20	20	20	20																											
CO-ADD:0088775	FC(F)(F)C1=NC(=NO1)C3=CC(=C(OCCCC2=CC(=NO2)C)C(=C3)C)C	MMV (CH) - Pandemic Response Box	MMV690467	Pleconaril	CO-ADD:PL0023										20	20	20	20	20	20	20	20	20	20																											
CO-ADD:0088776	FC(F)(F)C1=CC(=CC(=C1)C(F)(F)F)C3=N[N](\\C=C/C(=O)NNC2=NC=CC=C2)C=N3	MMV (CH) - Pandemic Response Box	MMV1580493	Verdinexor	CO-ADD:PL0023										20	20	20	20	20	20	20	20	20	20																											
CO-ADD:0088777	N2=C1[NH]C=C(C1=CC(=C2)C4=CC=C(CN3CCN(C)CC3)C=C4)C6=CC5=C([NH]C=C5)C=C6	MMV (CH) - Pandemic Response Box	MMV1580482	URMC-099-C	CO-ADD:PL0023										20	20	20	20	20	20	20	5.328	13.92	20																											
CO-ADD:0088778	ClC2=CC=C(NC(=O)C(=O)NC1CC(NC(C1)(C)C)(C)C)C=C2	MMV (CH) - Pandemic Response Box	MMV1580501	NBD 556	CO-ADD:PL0023										20	20	20	20	20	20	20	20	20	20																											
CO-ADD:0088779	S=C(N\\N=C\\C1=NC=CC=C1N)N	MMV (CH) - Pandemic Response Box	MMV1580496	Triapine	CO-ADD:PL0023										20	20	20	20	20	20	20	2.827	20	20																											
CO-ADD:0088780	N1=C(N=CC=C1)NCC3=CC=C(CNC2=NC=CC=N2)C=C3	MMV (CH) - Pandemic Response Box	MMV1580490	MSX 122	CO-ADD:PL0023										20	20	20	20	20	20	20	20	20	20																											
CO-ADD:0088781	ClC3=CC1=C(NC(=O)N(C1(C2CC2)CCC)C)C=C3	MMV (CH) - Pandemic Response Box	MMV1782113		CO-ADD:PL0023										20	20	20	20	20	20	20	20	20	20																											
CO-ADD:0088782	FC(F)(F)C1=CC=C[N]([C]1=O)CC(NC2CC3=C(C2)C=CC=C3)C4=CC=C(C(C)(C)C)C=C4	MMV (CH) - Pandemic Response Box	MMV1634393		CO-ADD:PL0023										20	20	20	20	20	20	20	20	20	20																											
CO-ADD:0088783	S1C(=NC(=C1C(=O)OC)C)C2=CC=C(CCCC)C=C2	MMV (CH) - Pandemic Response Box	MMV1634392		CO-ADD:PL0023										20	20	20	20	20	20	20	20	20	20																											
CO-ADD:0088784	FC(F)(F)C2=NC(=C1[NH][C]([N](C1=C2)CC3=CC=CC=C3)=O)N	MMV (CH) - Pandemic Response Box	MMV1634389		CO-ADD:PL0023										20	20	20	20	20	20	20	20	20	20																											
CO-ADD:0088785	NC(=O)C1=CC(=C(I)C=C1)[N](=O)=O	MMV (CH) - Pandemic Response Box	MMV1581035	Iniparib	CO-ADD:PL0023										20	20	20	20	20	20	20	20	20	20																											
CO-ADD:0088786	O=C(NC1CCCCC1)C(N(C2=CC=C(C(C)C)C=C2)C(=O)CC3=C[NH]C4=C3C=CC=C4)C5=CC(=C(OC)C(=C5)OC)OC	MMV (CH) - Pandemic Response Box	MMV1593544		CO-ADD:PL0023										20	20	20	20	20	20	20	20	20	20																											
CO-ADD:0088787	ClC3=C(Cl)C=C2[N]([C@H]1O[C@@H](CO)[C@@H]([C@@H]1O)O)C(=NC2=C3)NC(C)C	MMV (CH) - Pandemic Response Box	MMV1593521	Maribavir	CO-ADD:PL0023										20	20	20	20	20	20	20	20	20	20																											
CO-ADD:0088788	IC1=CC(=CC=C1)CNC2=NC(=NC3=C2N=C[N]3[C@@H]4OC(C(=O)NC)[C@H]([C@H]4O)O)Cl	MMV (CH) - Pandemic Response Box	MMV1593514	Namodenoson	CO-ADD:PL0023										20	20	20	20	20	20	20	18.26	20	20																											
CO-ADD:0088789	O(C1=C(OC)C=CC(=C1)C[C@@H]([C@@H](CC2=CC(=C(OC)C=C2)OC)C)C)C	MMV (CH) - Pandemic Response Box	MMV1581036	Terameprocol	CO-ADD:PL0023										20	20	20	20	20	20	20	20	20	20																											
CO-ADD:0088790	ClC3=CC=C(C2(C(=O)N(C1=CC=CC=C1)C)CCC2)C=C3	MMV (CH) - Pandemic Response Box	MMV1581030		CO-ADD:PL0023										20	20	20	20	20	20	20	20	20	20																											
CO-ADD:0088791	BrC3=CC=C(C2=NC1=CC=C(C=C1C(=C2)C(=O)O)Cl)C=C3	MMV (CH) - Pandemic Response Box	MMV247764		CO-ADD:PL0023										20	20	20	20	20	20	20	20	20	20																											
CO-ADD:0088792	S1C(=NC2=C1C=CC=C2)NC(C4=C(O)C3=NC=CC=C3C=C4)C5=CC=C(OC(F)F)C=C5	MMV (CH) - Pandemic Response Box	MMV019724		CO-ADD:PL0023										20	20	20	20	20	20	20	9.217	20	20																											
CO-ADD:0088793	O=C(O)[C@]45[C@@H]([C@@H]3[C@@]([C@]2([C@@H]([C@@]1([C@H](C([C@@H](O)CC1)(C)C)CC2)C)CC3)C)(C)CC4)[C@H](C(=C)C)CC5	MMV (CH) - Pandemic Response Box	MMV638198	Betulinic acid	CO-ADD:PL0023										20	20	20	20	20	20	20	20	20	20																											
