compound_id	smiles	molecule_name	document_chembl_id	target_summary	source_molecule_ids	chembl_chembl5360622_chembl5363957_ic50_chembl4203	chembl_chembl5360622_chembl5363954_ic50_chembl4224	chembl_chembl5360622_chembl5363958_ic50_chembl2292	chembl_chembl5360622_chembl5363955_ic50_chembl4225	chembl_chembl5360622_chembl5363959_ic50_chembl5543	chembl_chembl5360622_chembl5363961_ic50_chembl4575	chembl_chembl5360622_chembl5363960_ic50_chembl4376	chembl_chembl5360622_chembl5363956_ic50_chembl4226	chembl_chembl5360622_chembl5363962_ic50_chembl1075115	chembl_chembl5360622_chembl5363963_ic50_chembl262	chembl_chembl5360622_chembl5363953_ic50_chembl1907600	chembl_chembl5360622_chembl5363952_ic50_chembl4937
CHEMBL1802358	O=C1NC(Nc2ccccc2)=N/C1=C\\c1ccc2c(c1)OCO2		CHEMBL5360622	Dual specificity protein kinase CLK1, Dual specificity protein kinase CLK2, Dual specificity protein kinase CLK3, Dual specificity protein kinase CLK4, Glycogen synthase kinase-3 beta	CHEMBL1802358	7.64	7.64		6.89				5.92		6.22		
CHEMBL5091238	O=C1NC(NC23CC4CC(CC(C4)C2)C3)=N/C1=C\\c1ccc2ncsc2c1		CHEMBL5360622	Cyclin-dependent kinase 5/CDK5 activator 1, Dual specificity protein kinase CLK1, Dual specificity protein kinase CLK3, Dual specificity protein kinase CLK4, Dual specificity tyrosine-phosphorylation-regulated kinase 1A, Dual specificity tyrosine-phosphorylation-regulated kinase 1B, Dual specificity tyrosine-phosphorylation-regulated kinase 2, Dual specificity tyrosine-phosphorylation-regulated kinase 3, Dual specificity tyrosine-phosphorylation-regulated kinase 4, Glycogen synthase kinase-3 bet	CHEMBL5091238	8.22	8.05	9		9	7.72	7.4	6.09	6.93	5.38	6.61	
CHEMBL5179655	CN1CCN(c2ccc(NC3=N/C(=C\\c4ccc5c(c4)OCO5)C(=O)N3)cc2)CC1		CHEMBL5360622	Dual specificity protein kinase CLK1, Dual specificity protein kinase CLK2, Dual specificity protein kinase CLK3, Dual specificity protein kinase CLK4, Dual specificity tyrosine-phosphorylation-regulated kinase 3, Glycogen synthase kinase-3 beta	CHEMBL5179655	7.8	7.64		7.46		6.92		6.1		5.92		
CHEMBL5283849	O=C1NC(NC2CCCCCC2)=N/C1=C\\c1ccc2ncsc2c1		CHEMBL5360622	Cyclin-dependent kinase 5/CDK5 activator 1, Dual specificity protein kinase CLK1, Dual specificity protein kinase CLK2, Dual specificity protein kinase CLK3, Dual specificity protein kinase CLK4, Dual specificity tyrosine-phosphorylation-regulated kinase 1A, Dual specificity tyrosine-phosphorylation-regulated kinase 1B, Dual specificity tyrosine-phosphorylation-regulated kinase 2, Dual specificity tyrosine-phosphorylation-regulated kinase 3, Dual specificity tyrosine-phosphorylation-regulated ki	CHEMBL5283849	8.1	7.92	7.7	7.05	7.47	6.55	6.37	5.72	6.13	5.3	5.51	
CHEMBL5393925	O=C1NC(N[C@@H]2CCC[C@H](O)C2)=N/C1=C\\c1ccc2ncsc2c1		CHEMBL5360622	Dual specificity protein kinase CLK1, Dual specificity protein kinase CLK2, Dual specificity protein kinase CLK3, Dual specificity protein kinase CLK4, Dual specificity tyrosine-phosphorylation-regulated kinase 1A, Dual specificity tyrosine-phosphorylation-regulated kinase 1B, Dual specificity tyrosine-phosphorylation-regulated kinase 2, Dual specificity tyrosine-phosphorylation-regulated kinase 3, Dual specificity tyrosine-phosphorylation-regulated kinase 4	CHEMBL5393925	8	7.44	7.77	6.86	7.01	5.78	6.24	6.11	5.82			
CHEMBL5394278	Cn1cnc2ccc(/C=C3\\N=C(NC4CCCCC4)NC3=O)cc21		CHEMBL5360622	Dual specificity protein kinase CLK1, Dual specificity protein kinase CLK2, Dual specificity protein kinase CLK3, Dual specificity protein kinase CLK4, Dual specificity tyrosine-phosphorylation-regulated kinase 1A, Dual specificity tyrosine-phosphorylation-regulated kinase 1B, Dual specificity tyrosine-phosphorylation-regulated kinase 2, Dual specificity tyrosine-phosphorylation-regulated kinase 3, Dual specificity tyrosine-phosphorylation-regulated kinase 4	CHEMBL5394278	8.1	7.7	7.03	6.81	7.06	5.96	5.83	5.97	5.95			
CHEMBL5394394	CO[C@@H]1CCCC[C@H]1NC1=N/C(=C\\c2ccc3ncsc3c2)C(=O)N1		CHEMBL5360622	Dual specificity protein kinase CLK1, Dual specificity protein kinase CLK2, Dual specificity protein kinase CLK3, Dual specificity protein kinase CLK4, Dual specificity tyrosine-phosphorylation-regulated kinase 1A, Dual specificity tyrosine-phosphorylation-regulated kinase 1B, Dual specificity tyrosine-phosphorylation-regulated kinase 2, Dual specificity tyrosine-phosphorylation-regulated kinase 3, Dual specificity tyrosine-phosphorylation-regulated kinase 4	CHEMBL5394394	7.8	7.37	7.3	6.51	6.88	5.87	6.47	6.42	6.26			
CHEMBL5394477	O=C1NC(NC2CCCCC2)=N/C1=C\\c1ccc2ncoc2c1		CHEMBL5360622	Cyclin-dependent kinase 5/CDK5 activator 1, Dual specificity protein kinase CLK1, Dual specificity protein kinase CLK2, Dual specificity protein kinase CLK3, Dual specificity protein kinase CLK4, Dual specificity tyrosine-phosphorylation-regulated kinase 1A, Dual specificity tyrosine-phosphorylation-regulated kinase 1B, Dual specificity tyrosine-phosphorylation-regulated kinase 2, Dual specificity tyrosine-phosphorylation-regulated kinase 3, Dual specificity tyrosine-phosphorylation-regulated ki	CHEMBL5394477	7.68	7.33	7.4	6.29	7.19	5.65	5.79	5.64	5.88	5.39	5.21	
CHEMBL5394513	Cn1ncc2cccc(NC3=N/C(=C\\c4ccc5ncsc5c4)C(=O)N3)c21		CHEMBL5360622	Dual specificity protein kinase CLK1, Dual specificity protein kinase CLK2, Dual specificity protein kinase CLK3, Dual specificity protein kinase CLK4, Dual specificity tyrosine-phosphorylation-regulated kinase 1A, Dual specificity tyrosine-phosphorylation-regulated kinase 1B, Dual specificity tyrosine-phosphorylation-regulated kinase 2, Dual specificity tyrosine-phosphorylation-regulated kinase 3, Dual specificity tyrosine-phosphorylation-regulated kinase 4, Glycogen synthase kinase-3 beta	CHEMBL5394513	7.14	6.73	7.3	6.16	7.17	5.39	5.25	5.81	5.32	5.43		
CHEMBL5394613	O=C1NC(NC23CC4CC(CC(C4)C2)C3)=N/C1=C\\c1ccc2c(c1)CCO2		CHEMBL5360622	Dual specificity protein kinase CLK1, Dual specificity protein kinase CLK2, Dual specificity protein kinase CLK4, Dual specificity tyrosine-phosphorylation-regulated kinase 1A, Dual specificity tyrosine-phosphorylation-regulated kinase 1B, Dual specificity tyrosine-phosphorylation-regulated kinase 2, Dual specificity tyrosine-phosphorylation-regulated kinase 3, Dual specificity tyrosine-phosphorylation-regulated kinase 4	CHEMBL5394613	7.18	6.99	7.3	7.77	6.7	6.03	5.79		6.2			
CHEMBL5395027	CO[C@H]1CCCC[C@H]1NC1=N/C(=C\\c2ccc3ncsc3c2)C(=O)N1		CHEMBL5360622	Dual specificity protein kinase CLK1, Dual specificity protein kinase CLK2, Dual specificity protein kinase CLK3, Dual specificity protein kinase CLK4, Dual specificity tyrosine-phosphorylation-regulated kinase 1A, Dual specificity tyrosine-phosphorylation-regulated kinase 1B, Dual specificity tyrosine-phosphorylation-regulated kinase 2, Dual specificity tyrosine-phosphorylation-regulated kinase 3, Dual specificity tyrosine-phosphorylation-regulated kinase 4, Glycogen synthase kinase-3 beta	CHEMBL5395027	7.5	7.28	6.95	6.19	6.69	5.97	5.8	5.95	6.14	5.02		
CHEMBL5395104	O=C1NC(NC23CC4CC(CC(C4)C2)C3)=N/C1=C\\c1ccc2scnc2c1		CHEMBL5360622	Dual specificity protein kinase CLK1, Dual specificity protein kinase CLK2, Dual specificity protein kinase CLK4, Dual specificity tyrosine-phosphorylation-regulated kinase 1A	CHEMBL5395104	5.46	5.05	5.47	5.08								
CHEMBL5395680	O=C1NC(NC2CCCCC2)=N/C1=C\\c1ccc2c(c1)OCO2		CHEMBL5360622	Dual specificity protein kinase CLK1, Dual specificity protein kinase CLK2, Dual specificity protein kinase CLK3, Dual specificity protein kinase CLK4, Dual specificity tyrosine-phosphorylation-regulated kinase 1A, Dual specificity tyrosine-phosphorylation-regulated kinase 1B, Dual specificity tyrosine-phosphorylation-regulated kinase 2, Dual specificity tyrosine-phosphorylation-regulated kinase 3, Dual specificity tyrosine-phosphorylation-regulated kinase 4, Glycogen synthase kinase-3 beta	CHEMBL5395680	7.37	7.04	7.13	6.02	6.81	5.68	5.6	5.37	5.88	5.08		
CHEMBL5395707	O=C1NC(NCc2cccnc2)=N/C1=C\\c1ccc2ncsc2c1		CHEMBL5360622	Dual specificity protein kinase CLK1, Dual specificity protein kinase CLK2, Dual specificity protein kinase CLK3, Dual specificity protein kinase CLK4, Dual specificity tyrosine-phosphorylation-regulated kinase 1A, Dual specificity tyrosine-phosphorylation-regulated kinase 1B, Dual specificity tyrosine-phosphorylation-regulated kinase 2, Dual specificity tyrosine-phosphorylation-regulated kinase 3, Dual specificity tyrosine-phosphorylation-regulated kinase 4, Glycogen synthase kinase-3 beta	CHEMBL5395707	8.4	8	6.62	7.28	6.79	6.04	5.7	6.14	5.86	5.55		
CHEMBL5396081	CO[C@H]1CCC[C@@H](NC2=N/C(=C\\c3ccc4ncsc4c3)C(=O)N2)C1		CHEMBL5360622	Dual specificity protein kinase CLK1, Dual specificity protein kinase CLK2, Dual specificity protein kinase CLK3, Dual specificity protein kinase CLK4, Dual specificity tyrosine-phosphorylation-regulated kinase 1A, Dual specificity tyrosine-phosphorylation-regulated kinase 1B, Dual specificity tyrosine-phosphorylation-regulated kinase 2, Dual specificity tyrosine-phosphorylation-regulated kinase 3, Dual specificity tyrosine-phosphorylation-regulated kinase 4, Glycogen synthase kinase-3 beta	CHEMBL5396081	7.96	7.62	7.7	6.41	6.11	5.74	6.38	5.98	5.83	5.05		
CHEMBL5396119	Cn1cc2cc(/C=C3\\N=C(NC4CCCCC4)NC3=O)ccc2n1		CHEMBL5360622	Dual specificity protein kinase CLK1, Dual specificity protein kinase CLK2, Dual specificity protein kinase CLK3, Dual specificity protein kinase CLK4, Dual specificity tyrosine-phosphorylation-regulated kinase 1A, Dual specificity tyrosine-phosphorylation-regulated kinase 1B, Dual specificity tyrosine-phosphorylation-regulated kinase 2, Dual specificity tyrosine-phosphorylation-regulated kinase 3	CHEMBL5396119	6.41	6.02	6.24	5.2	6.25	5.38	5.43	5.34				
CHEMBL5396280	CO[C@H]1CCC[C@H](NC2=N/C(=C\\c3ccc4ncsc4c3)C(=O)N2)CC1		CHEMBL5360622	Dual specificity protein kinase CLK1, Dual specificity protein kinase CLK2, Dual specificity protein kinase CLK3, Dual specificity protein kinase CLK4, Dual specificity tyrosine-phosphorylation-regulated kinase 1A, Dual specificity tyrosine-phosphorylation-regulated kinase 1B, Dual specificity tyrosine-phosphorylation-regulated kinase 2, Dual specificity tyrosine-phosphorylation-regulated kinase 3, Dual specificity tyrosine-phosphorylation-regulated kinase 4, Glycogen synthase kinase-3 beta	CHEMBL5396280	7.75	7.55	8.05	6.68	7.24	5.92	6.38	6.07	5.81	5.17		
CHEMBL5396386	CC(C)C[C@H](COC1CC1)NC1=N/C(=C\\c2ccc3ncsc3c2)C(=O)N1		CHEMBL5360622	Dual specificity protein kinase CLK1, Dual specificity protein kinase CLK2, Dual specificity protein kinase CLK3, Dual specificity protein kinase CLK4, Dual specificity tyrosine-phosphorylation-regulated kinase 1A, Dual specificity tyrosine-phosphorylation-regulated kinase 1B, Dual specificity tyrosine-phosphorylation-regulated kinase 2, Dual specificity tyrosine-phosphorylation-regulated kinase 3, Dual specificity tyrosine-phosphorylation-regulated kinase 4, Glycogen synthase kinase-3 beta	CHEMBL5396386	8.3	7.77	8.4	6.92	8.22	5.96	6.9	6.68	5.86	5.44		
CHEMBL5396550	O=C1NC(NC2CCCCC(F)(F)C2)=N/C1=C\\c1ccc2ncsc2c1		CHEMBL5360622	Casein kinase I isoform epsilon, Cyclin-dependent kinase 5/CDK5 activator 1, Dual specificity protein kinase CLK1, Dual specificity protein kinase CLK2, Dual specificity protein kinase CLK3, Dual specificity protein kinase CLK4, Dual specificity tyrosine-phosphorylation-regulated kinase 1A, Dual specificity tyrosine-phosphorylation-regulated kinase 1B, Dual specificity tyrosine-phosphorylation-regulated kinase 2, Dual specificity tyrosine-phosphorylation-regulated kinase 3, Dual specificity tyro	CHEMBL5396550	8.52	8.22	8.7	8.3	8.3	7.46	7.24	7.02	6.76	5.87	6.22	6.38
CHEMBL5396752	O=C1NC(N[C@H]2COCC[C@@H]2O)=N/C1=C\\c1ccc2ncsc2c1		CHEMBL5360622	Dual specificity protein kinase CLK1, Dual specificity protein kinase CLK2, Dual specificity protein kinase CLK3, Dual specificity protein kinase CLK4, Dual specificity tyrosine-phosphorylation-regulated kinase 1A, Dual specificity tyrosine-phosphorylation-regulated kinase 1B, Dual specificity tyrosine-phosphorylation-regulated kinase 2, Dual specificity tyrosine-phosphorylation-regulated kinase 3, Dual specificity tyrosine-phosphorylation-regulated kinase 4	CHEMBL5396752	7.52	7.05	6.66	6.34	6.47	5.71	5.8	5.86	5.73			
CHEMBL5396991	O=C1NC(NC2CCCCC2(F)F)=N/C1=C\\c1ccc2ncsc2c1		CHEMBL5360622	Dual specificity protein kinase CLK1, Dual specificity protein kinase CLK2, Dual specificity protein kinase CLK3, Dual specificity protein kinase CLK4, Dual specificity tyrosine-phosphorylation-regulated kinase 1A, Dual specificity tyrosine-phosphorylation-regulated kinase 1B, Dual specificity tyrosine-phosphorylation-regulated kinase 2, Dual specificity tyrosine-phosphorylation-regulated kinase 3, Dual specificity tyrosine-phosphorylation-regulated kinase 4, Glycogen synthase kinase-3 beta	CHEMBL5396991	8.4	7.96	8.3	7.55	7.85	6.92	7.04	6.9	6.84	5.25		
CHEMBL5397157	O=C1NC(N[C@@H](CO)CC2CC2)=N/C1=C\\c1ccc2ncsc2c1		CHEMBL5360622	Dual specificity protein kinase CLK1, Dual specificity protein kinase CLK2, Dual specificity protein kinase CLK3, Dual specificity protein kinase CLK4, Dual specificity tyrosine-phosphorylation-regulated kinase 1A, Dual specificity tyrosine-phosphorylation-regulated kinase 1B, Dual specificity tyrosine-phosphorylation-regulated kinase 2, Dual specificity tyrosine-phosphorylation-regulated kinase 3, Dual specificity tyrosine-phosphorylation-regulated kinase 4, Glycogen synthase kinase-3 beta	CHEMBL5397157	8.15	7.77	6.73	7.38	7.36	5.89	5.09	6.16	6.14	5.36		
CHEMBL5397281	O=C1NC(N[C@@H]2CCCOC2)=N/C1=C\\c1ccc2ncsc2c1		CHEMBL5360622	Dual specificity protein kinase CLK1, Dual specificity protein kinase CLK2, Dual specificity protein kinase CLK3, Dual specificity protein kinase CLK4, Dual specificity tyrosine-phosphorylation-regulated kinase 1A, Dual specificity tyrosine-phosphorylation-regulated kinase 1B, Dual specificity tyrosine-phosphorylation-regulated kinase 2, Dual specificity tyrosine-phosphorylation-regulated kinase 3, Dual specificity tyrosine-phosphorylation-regulated kinase 4, Glycogen synthase kinase-3 beta	CHEMBL5397281	7.85	7.41	7.27	6.63	7.13	5.79	5.93	6.22	5.73	5.04		
CHEMBL5397343	CN1CCN(c2ccc(NC3=N/C(=C\\c4ccc5ncsc5c4)C(=O)N3)cc2)CC1		CHEMBL5360622	Casein kinase I isoform epsilon, Dual specificity protein kinase CLK1, Dual specificity protein kinase CLK2, Dual specificity protein kinase CLK3, Dual specificity protein kinase CLK4, Dual specificity tyrosine-phosphorylation-regulated kinase 1A, Dual specificity tyrosine-phosphorylation-regulated kinase 1B, Dual specificity tyrosine-phosphorylation-regulated kinase 2, Dual specificity tyrosine-phosphorylation-regulated kinase 3, Dual specificity tyrosine-phosphorylation-regulated kinase 4, Gly	CHEMBL5397343	8.15	7.96	7.8	7.55	7.8	7.24	7.21	5.98	6.61	6		5.46
CHEMBL5398161	O=C1NC(N[C@@H]2c3ccccc3C[C@H]2O)=N/C1=C\\c1ccc2ncsc2c1		CHEMBL5360622	Dual specificity protein kinase CLK1, Dual specificity protein kinase CLK2, Dual specificity protein kinase CLK3, Dual specificity protein kinase CLK4, Dual specificity tyrosine-phosphorylation-regulated kinase 1A, Dual specificity tyrosine-phosphorylation-regulated kinase 1B, Dual specificity tyrosine-phosphorylation-regulated kinase 2, Dual specificity tyrosine-phosphorylation-regulated kinase 3, Dual specificity tyrosine-phosphorylation-regulated kinase 4	CHEMBL5398161	7.96	7.47	6.41	7.08	6.94	6.09	6.41	5.69	6.75			
CHEMBL5398195	CN1CCN(c2cnc(NC3=N/C(=C\\c4ccc5ncsc5c4)C(=O)N3)nc2)CC1		CHEMBL5360622	Dual specificity protein kinase CLK1, Dual specificity protein kinase CLK2, Dual specificity protein kinase CLK3, Dual specificity protein kinase CLK4, Dual specificity tyrosine-phosphorylation-regulated kinase 1A, Dual specificity tyrosine-phosphorylation-regulated kinase 1B, Dual specificity tyrosine-phosphorylation-regulated kinase 2, Dual specificity tyrosine-phosphorylation-regulated kinase 3	CHEMBL5398195	6.99	6.43	6.51	6	5.87	6.35	5.13	5.29				
CHEMBL5398474	O=C1NC(NCCCn2ccnc2)=N/C1=C\\c1ccc2ncsc2c1		CHEMBL5360622	Dual specificity protein kinase CLK1, Dual specificity protein kinase CLK2, Dual specificity protein kinase CLK3, Dual specificity protein kinase CLK4, Dual specificity tyrosine-phosphorylation-regulated kinase 1A, Dual specificity tyrosine-phosphorylation-regulated kinase 1B, Dual specificity tyrosine-phosphorylation-regulated kinase 2, Dual specificity tyrosine-phosphorylation-regulated kinase 3, Dual specificity tyrosine-phosphorylation-regulated kinase 4, Glycogen synthase kinase-3 beta	CHEMBL5398474	7.92	7.58	6.84	6.67	6.81	6.39	6.23	5.75	5.98	5.21		
CHEMBL5398512	O=C1NC(NCC(O)Cc2ccccc2)=N/C1=C\\c1ccc2ncsc2c1		CHEMBL5360622	Dual specificity protein kinase CLK1, Dual specificity protein kinase CLK2, Dual specificity protein kinase CLK3, Dual specificity protein kinase CLK4, Dual specificity tyrosine-phosphorylation-regulated kinase 1A, Dual specificity tyrosine-phosphorylation-regulated kinase 1B, Dual specificity tyrosine-phosphorylation-regulated kinase 2, Dual specificity tyrosine-phosphorylation-regulated kinase 3, Dual specificity tyrosine-phosphorylation-regulated kinase 4, Glycogen synthase kinase-3 beta	CHEMBL5398512	8.22	7.75	6.92	7.05	6.65	5.93	6.28	6.33	6.54	5.32		
CHEMBL5398602	O=C1NC(N[C@H]2CCCC[C@@H]2O)=N/C1=C\\c1ccc2ncsc2c1		CHEMBL5360622	Dual specificity protein kinase CLK1, Dual specificity protein kinase CLK2, Dual specificity protein kinase CLK3, Dual specificity protein kinase CLK4, Dual specificity tyrosine-phosphorylation-regulated kinase 1A, Dual specificity tyrosine-phosphorylation-regulated kinase 1B, Dual specificity tyrosine-phosphorylation-regulated kinase 2, Dual specificity tyrosine-phosphorylation-regulated kinase 3, Dual specificity tyrosine-phosphorylation-regulated kinase 4	CHEMBL5398602	7.15	6.69	6.62	5.87	6.11	5.63	5.94	5.36	5.7			
CHEMBL5398683	CC(C)C[C@H](COC(C)(C)C)NC1=N/C(=C\\c2ccc3ncsc3c2)C(=O)N1		CHEMBL5360622	Dual specificity protein kinase CLK1, Dual specificity protein kinase CLK2, Dual specificity protein kinase CLK3, Dual specificity protein kinase CLK4, Dual specificity tyrosine-phosphorylation-regulated kinase 1A, Dual specificity tyrosine-phosphorylation-regulated kinase 1B, Dual specificity tyrosine-phosphorylation-regulated kinase 2, Dual specificity tyrosine-phosphorylation-regulated kinase 3, Glycogen synthase kinase-3 beta	CHEMBL5398683	7.6	7.07	7.16	6.08	6.47	5.7	5.6	5.37		5		
CHEMBL5399810	CO[C@H]1Cc2ccccc2[C@H]1NC1=N/C(=C\\c2ccc3ncsc3c2)C(=O)N1		CHEMBL5360622	Dual specificity protein kinase CLK1, Dual specificity protein kinase CLK2, Dual specificity protein kinase CLK4, Dual specificity tyrosine-phosphorylation-regulated kinase 1A, Dual specificity tyrosine-phosphorylation-regulated kinase 1B, Dual specificity tyrosine-phosphorylation-regulated kinase 2, Dual specificity tyrosine-phosphorylation-regulated kinase 4	CHEMBL5399810	7	6.68	6.57	5.46	6.04		5.29		5.17			
CHEMBL5400230	O=C1NC(NC23CC4CC(CC2C4)C3)=N/C1=C\\c1ccc2ncsc2c1		CHEMBL5360622	Casein kinase I isoform epsilon, Cyclin-dependent kinase 5/CDK5 activator 1, Dual specificity protein kinase CLK1, Dual specificity protein kinase CLK2, Dual specificity protein kinase CLK3, Dual specificity protein kinase CLK4, Dual specificity tyrosine-phosphorylation-regulated kinase 1A, Dual specificity tyrosine-phosphorylation-regulated kinase 1B, Dual specificity tyrosine-phosphorylation-regulated kinase 2, Dual specificity tyrosine-phosphorylation-regulated kinase 3, Dual specificity tyro	CHEMBL5400230	8.15	8	9	9	9	7.38	7.55	6.94	7.48	6.07	5.49	5.61
CHEMBL5400270	O=C1NC(NC2CC2)=N/C1=C\\c1ccc2ncsc2c1		CHEMBL5360622	Dual specificity protein kinase CLK1, Dual specificity protein kinase CLK2, Dual specificity protein kinase CLK3, Dual specificity protein kinase CLK4, Dual specificity tyrosine-phosphorylation-regulated kinase 1A, Dual specificity tyrosine-phosphorylation-regulated kinase 1B, Dual specificity tyrosine-phosphorylation-regulated kinase 2, Dual specificity tyrosine-phosphorylation-regulated kinase 3, Dual specificity tyrosine-phosphorylation-regulated kinase 4, Glycogen synthase kinase-3 beta	CHEMBL5400270	7.21	6.84	6.37	5.84	6.31	6.02	5.87	5.8	5.51	5.23		
CHEMBL5401073	O=C1NC(NCCc2ccccn2)=N/C1=C\\c1ccc2ncsc2c1		CHEMBL5360622	Dual specificity protein kinase CLK1, Dual specificity protein kinase CLK2, Dual specificity protein kinase CLK3, Dual specificity protein kinase CLK4, Dual specificity tyrosine-phosphorylation-regulated kinase 1A, Dual specificity tyrosine-phosphorylation-regulated kinase 1B, Dual specificity tyrosine-phosphorylation-regulated kinase 2, Dual specificity tyrosine-phosphorylation-regulated kinase 3, Dual specificity tyrosine-phosphorylation-regulated kinase 4, Glycogen synthase kinase-3 beta	CHEMBL5401073	7.47	7.08	6.9	6.46	6.65	5.64	5.87	6.16	5.67	5.43		
CHEMBL5401116	COC(=O)[C@@H](NC1=N/C(=C\\c2ccc3ncsc3c2)C(=O)N1)C(C)O		CHEMBL5360622	Dual specificity protein kinase CLK1, Dual specificity protein kinase CLK2, Dual specificity protein kinase CLK3, Dual specificity protein kinase CLK4, Dual specificity tyrosine-phosphorylation-regulated kinase 1A, Dual specificity tyrosine-phosphorylation-regulated kinase 1B, Dual specificity tyrosine-phosphorylation-regulated kinase 2, Dual specificity tyrosine-phosphorylation-regulated kinase 3, Dual specificity tyrosine-phosphorylation-regulated kinase 4, Glycogen synthase kinase-3 beta	CHEMBL5401116	8.52	8.22	8.52	7.7	7.39	6.52	6.29	6.04	6.16	5.22		
CHEMBL5401201	O=C1NC(NC2CCCNC2=O)=N/C1=C\\c1ccc2ncsc2c1		CHEMBL5360622	Dual specificity protein kinase CLK1, Dual specificity protein kinase CLK2, Dual specificity protein kinase CLK3, Dual specificity protein kinase CLK4, Dual specificity tyrosine-phosphorylation-regulated kinase 1A, Dual specificity tyrosine-phosphorylation-regulated kinase 1B, Dual specificity tyrosine-phosphorylation-regulated kinase 2, Dual specificity tyrosine-phosphorylation-regulated kinase 3, Dual specificity tyrosine-phosphorylation-regulated kinase 4	CHEMBL5401201	7.46	6.9	6.31	5.88	5.44	5.55	5.68	5.77	5.14			
CHEMBL5401217	COC[C@@H](NC1=N/C(=C\\c2ccc3ncsc3c2)C(=O)N1)c1ccccc1		CHEMBL5360622	Dual specificity protein kinase CLK1, Dual specificity protein kinase CLK2, Dual specificity protein kinase CLK3, Dual specificity protein kinase CLK4, Dual specificity tyrosine-phosphorylation-regulated kinase 1A, Dual specificity tyrosine-phosphorylation-regulated kinase 1B, Dual specificity tyrosine-phosphorylation-regulated kinase 2, Dual specificity tyrosine-phosphorylation-regulated kinase 3, Dual specificity tyrosine-phosphorylation-regulated kinase 4, Glycogen synthase kinase-3 beta	CHEMBL5401217	7.55	7.19	6.87	6.21	6.53	6.4	6.58	6.35	5.42	5.25		
CHEMBL5401658	Cn1ncc2cc(/C=C3\\N=C(NC4CCCCC4)NC3=O)ccc21		CHEMBL5360622	Dual specificity protein kinase CLK1, Dual specificity protein kinase CLK2, Dual specificity protein kinase CLK3, Dual specificity protein kinase CLK4, Dual specificity tyrosine-phosphorylation-regulated kinase 1A, Dual specificity tyrosine-phosphorylation-regulated kinase 1B, Dual specificity tyrosine-phosphorylation-regulated kinase 2, Dual specificity tyrosine-phosphorylation-regulated kinase 3	CHEMBL5401658	6.19	5.6	6.85	5.11	6.45	5.49	5.59	5.77				
CHEMBL5401675	O=C1NC(N[C@@H]2CCCC[C@H](O)C2)=N/C1=C\\c1ccc2ncsc2c1		CHEMBL5360622	Dual specificity protein kinase CLK1, Dual specificity protein kinase CLK2, Dual specificity protein kinase CLK3, Dual specificity protein kinase CLK4, Dual specificity tyrosine-phosphorylation-regulated kinase 1A, Dual specificity tyrosine-phosphorylation-regulated kinase 1B, Dual specificity tyrosine-phosphorylation-regulated kinase 2, Dual specificity tyrosine-phosphorylation-regulated kinase 3, Dual specificity tyrosine-phosphorylation-regulated kinase 4, Glycogen synthase kinase-3 beta	CHEMBL5401675	8.4	7.85	8.52	7.5	7.68	6.12	6.76	6.19	6.16	5.22		
CHEMBL5401764	O=C1NC(NC2CCCCCC2)=N/C1=C\\c1ccc2nnsc2c1		CHEMBL5360622	Dual specificity protein kinase CLK1, Dual specificity protein kinase CLK2, Dual specificity protein kinase CLK4, Dual specificity tyrosine-phosphorylation-regulated kinase 1A, Dual specificity tyrosine-phosphorylation-regulated kinase 1B, Dual specificity tyrosine-phosphorylation-regulated kinase 3	CHEMBL5401764	6.76	6.57	6.11	5.55	5.95	5.04						
CHEMBL5402979	O=C1NC(N[C@@H](CO)CC2CCC2)=N/C1=C\\c1ccc2ncsc2c1		CHEMBL5360622	Dual specificity protein kinase CLK1, Dual specificity protein kinase CLK2, Dual specificity protein kinase CLK3, Dual specificity protein kinase CLK4, Dual specificity tyrosine-phosphorylation-regulated kinase 1A, Dual specificity tyrosine-phosphorylation-regulated kinase 1B, Dual specificity tyrosine-phosphorylation-regulated kinase 2, Dual specificity tyrosine-phosphorylation-regulated kinase 3, Dual specificity tyrosine-phosphorylation-regulated kinase 4, Glycogen synthase kinase-3 beta	CHEMBL5402979	8.05	7.57	7.66	7.55	7.42	5.9	5.72	6.14	5.78	5.62		
CHEMBL5403037	O=C1NC(N[C@@H]2CCC[C@H](O)CC2)=N/C1=C\\c1ccc2ncsc2c1		CHEMBL5360622	Dual specificity protein kinase CLK1, Dual specificity protein kinase CLK2, Dual specificity protein kinase CLK3, Dual specificity protein kinase CLK4, Dual specificity tyrosine-phosphorylation-regulated kinase 1A, Dual specificity tyrosine-phosphorylation-regulated kinase 1B, Dual specificity tyrosine-phosphorylation-regulated kinase 2, Dual specificity tyrosine-phosphorylation-regulated kinase 3, Dual specificity tyrosine-phosphorylation-regulated kinase 4, Glycogen synthase kinase-3 beta	CHEMBL5403037	8.15	7.75	7.77	6.87	6.88	6.26	6.4	5.97	6.05	5.03		
CHEMBL5403642	COC[C@H](CC(C)C)NC1=N/C(=C\\c2ccc3ncsc3c2)C(=O)N1		CHEMBL5360622	Dual specificity protein kinase CLK1, Dual specificity protein kinase CLK2, Dual specificity protein kinase CLK3, Dual specificity protein kinase CLK4, Dual specificity tyrosine-phosphorylation-regulated kinase 1A, Dual specificity tyrosine-phosphorylation-regulated kinase 1B, Dual specificity tyrosine-phosphorylation-regulated kinase 2, Dual specificity tyrosine-phosphorylation-regulated kinase 3, Dual specificity tyrosine-phosphorylation-regulated kinase 4, Glycogen synthase kinase-3 beta	CHEMBL5403642	7.57	7.26	6.72	6.21	6.18	5.72	5.61	5.7	5.53	5.33		
CHEMBL5404416	O=C1NC(NC23CC4CC(CC(C4)C2)C3)=N/C1=C\\c1ccc2[nH]cnc2c1		CHEMBL5360622	Dual specificity protein kinase CLK1, Dual specificity protein kinase CLK2, Dual specificity protein kinase CLK3, Dual specificity protein kinase CLK4, Dual specificity tyrosine-phosphorylation-regulated kinase 1A, Dual specificity tyrosine-phosphorylation-regulated kinase 1B, Dual specificity tyrosine-phosphorylation-regulated kinase 2, Dual specificity tyrosine-phosphorylation-regulated kinase 3, Dual specificity tyrosine-phosphorylation-regulated kinase 4	CHEMBL5404416	8.7	8.3	8.7	8.7	8.4	8	7.29	5.12	6.66			
CHEMBL5404544	O=C1NC(N[C@@H](CO)c2ccccc2)=N/C1=C\\c1ccc2ncsc2c1		CHEMBL5360622	Casein kinase I isoform epsilon, Cyclin-dependent kinase 5/CDK5 activator 1, Dual specificity protein kinase CLK1, Dual specificity protein kinase CLK2, Dual specificity protein kinase CLK3, Dual specificity protein kinase CLK4, Dual specificity tyrosine-phosphorylation-regulated kinase 1B, Dual specificity tyrosine-phosphorylation-regulated kinase 2, Dual specificity tyrosine-phosphorylation-regulated kinase 3, Dual specificity tyrosine-phosphorylation-regulated kinase 4, Glycogen synthase kina	CHEMBL5404544	9	8.22		8.52	8.3	6.29	6.54	6.75	5.78	6.19	6.69	5.33
CHEMBL5404644	O=C1NC(NC(CF)c2ccccc2)=N/C1=C\\c1ccc2ncsc2c1		CHEMBL5360622	Dual specificity protein kinase CLK1, Dual specificity protein kinase CLK2, Dual specificity protein kinase CLK3, Dual specificity protein kinase CLK4, Dual specificity tyrosine-phosphorylation-regulated kinase 1A, Dual specificity tyrosine-phosphorylation-regulated kinase 1B, Dual specificity tyrosine-phosphorylation-regulated kinase 2, Dual specificity tyrosine-phosphorylation-regulated kinase 3, Dual specificity tyrosine-phosphorylation-regulated kinase 4, Glycogen synthase kinase-3 beta	CHEMBL5404644	8.1	7.82	6.9	7.89	7.92	6.32	6.28	6.53	6.34	6.02		
CHEMBL5405059	O=C1NC(NC23CC4CC(CC(O)(C4)C2)C3)=N/C1=C\\c1ccc2ncsc2c1		CHEMBL5360622	Casein kinase I isoform epsilon, Cyclin-dependent kinase 5/CDK5 activator 1, Dual specificity protein kinase CLK1, Dual specificity protein kinase CLK3, Dual specificity protein kinase CLK4, Dual specificity tyrosine-phosphorylation-regulated kinase 1B, Dual specificity tyrosine-phosphorylation-regulated kinase 2, Dual specificity tyrosine-phosphorylation-regulated kinase 3, Dual specificity tyrosine-phosphorylation-regulated kinase 4, Glycogen synthase kinase-3 beta	CHEMBL5405059	8.7	8.15			9	7.85	7.96	6.67	7.32	6.5	6.48	5.96
CHEMBL5405233	O=C1NC(NC2CCCSC2)=N/C1=C\\c1ccc2ncsc2c1		CHEMBL5360622	Cyclin-dependent kinase 5/CDK5 activator 1, Dual specificity protein kinase CLK1, Dual specificity protein kinase CLK2, Dual specificity protein kinase CLK3, Dual specificity protein kinase CLK4, Dual specificity tyrosine-phosphorylation-regulated kinase 1A, Dual specificity tyrosine-phosphorylation-regulated kinase 1B, Dual specificity tyrosine-phosphorylation-regulated kinase 2, Dual specificity tyrosine-phosphorylation-regulated kinase 3, Dual specificity tyrosine-phosphorylation-regulated ki	CHEMBL5405233	9	8.15	8.52	7.43	7.57	6.47	6.91	6.97	6.61	5.14	5.6	
CHEMBL5405521	CN1CCC(NC2=N/C(=C\\c3ccc4ncsc4c3)C(=O)N2)C1=O		CHEMBL5360622	Dual specificity protein kinase CLK1, Dual specificity protein kinase CLK2, Dual specificity protein kinase CLK3, Dual specificity protein kinase CLK4, Dual specificity tyrosine-phosphorylation-regulated kinase 1A, Dual specificity tyrosine-phosphorylation-regulated kinase 1B, Dual specificity tyrosine-phosphorylation-regulated kinase 2, Dual specificity tyrosine-phosphorylation-regulated kinase 3, Dual specificity tyrosine-phosphorylation-regulated kinase 4	CHEMBL5405521	7.92	7.35	6.78	6.46	5.96	5.63	5.55	5.57	5.31			
CHEMBL5405572	O=C1NC(NC23CC4CC(CC(C4)C2)C3)=N/C1=C\\c1ccc2[nH]ncc2c1		CHEMBL5360622	Dual specificity protein kinase CLK1, Dual specificity protein kinase CLK2, Dual specificity protein kinase CLK3, Dual specificity protein kinase CLK4, Dual specificity tyrosine-phosphorylation-regulated kinase 1A, Dual specificity tyrosine-phosphorylation-regulated kinase 1B, Dual specificity tyrosine-phosphorylation-regulated kinase 2, Dual specificity tyrosine-phosphorylation-regulated kinase 3, Dual specificity tyrosine-phosphorylation-regulated kinase 4, Glycogen synthase kinase-3 beta	CHEMBL5405572	8.4	8.3	8	7.85	7.75	7.13	6.58	5.97	6.18	5.11		
CHEMBL5405680	COC(=O)[C@@H](CC(C)C)NC1=N/C(=C\\c2ccc3ncsc3c2)C(=O)N1		CHEMBL5360622	Dual specificity protein kinase CLK1, Dual specificity protein kinase CLK2, Dual specificity protein kinase CLK3, Dual specificity protein kinase CLK4, Dual specificity tyrosine-phosphorylation-regulated kinase 1A, Dual specificity tyrosine-phosphorylation-regulated kinase 1B, Dual specificity tyrosine-phosphorylation-regulated kinase 2, Dual specificity tyrosine-phosphorylation-regulated kinase 3, Dual specificity tyrosine-phosphorylation-regulated kinase 4, Glycogen synthase kinase-3 beta	CHEMBL5405680	7.47	7.26	7.47	6.42	6.72	5.29	5.62	6.07	5.65	5.87		
CHEMBL5405969	O=C1NC(NCc2ccccc2)=N/C1=C\\c1ccc2ncsc2c1		CHEMBL5360622	Cyclin-dependent kinase 5/CDK5 activator 1, Dual specificity protein kinase CLK1, Dual specificity protein kinase CLK2, Dual specificity protein kinase CLK3, Dual specificity protein kinase CLK4, Dual specificity tyrosine-phosphorylation-regulated kinase 1A, Dual specificity tyrosine-phosphorylation-regulated kinase 1B, Dual specificity tyrosine-phosphorylation-regulated kinase 2, Dual specificity tyrosine-phosphorylation-regulated kinase 3, Dual specificity tyrosine-phosphorylation-regulated ki	CHEMBL5405969	7.89	7.8	7.31	7.07	7.39	5.79	5.92	6.55	5.71	5.67	5.21	
CHEMBL5406461	COCC(Cc1ccccc1)NC1=N/C(=C\\c2ccc3ncsc3c2)C(=O)N1		CHEMBL5360622	Dual specificity protein kinase CLK1, Dual specificity protein kinase CLK2, Dual specificity protein kinase CLK3, Dual specificity protein kinase CLK4, Dual specificity tyrosine-phosphorylation-regulated kinase 1A, Dual specificity tyrosine-phosphorylation-regulated kinase 1B, Dual specificity tyrosine-phosphorylation-regulated kinase 2, Dual specificity tyrosine-phosphorylation-regulated kinase 3, Dual specificity tyrosine-phosphorylation-regulated kinase 4, Glycogen synthase kinase-3 beta	CHEMBL5406461	7.92	7.58	7.25	7	7.15	5.62	6.4	6.09	6.43	5.37		
CHEMBL5406527	CC(C)[C@@H]1CC[C@@H](C)C[C@H]1NC1=N/C(=C\\c2ccc3ncsc3c2)C(=O)N1		CHEMBL5360622	Dual specificity protein kinase CLK1, Dual specificity protein kinase CLK2, Dual specificity protein kinase CLK3, Dual specificity protein kinase CLK4, Dual specificity tyrosine-phosphorylation-regulated kinase 1A, Dual specificity tyrosine-phosphorylation-regulated kinase 1B, Dual specificity tyrosine-phosphorylation-regulated kinase 2, Dual specificity tyrosine-phosphorylation-regulated kinase 3, Dual specificity tyrosine-phosphorylation-regulated kinase 4	CHEMBL5406527	6.83	6.45	6.81	6.68	6.47	5.61	5.01	5.56	5.59			
CHEMBL5406568	O=C1NC(NCc2ccccn2)=N/C1=C\\c1ccc2ncsc2c1		CHEMBL5360622	Dual specificity protein kinase CLK1, Dual specificity protein kinase CLK2, Dual specificity protein kinase CLK3, Dual specificity protein kinase CLK4, Dual specificity tyrosine-phosphorylation-regulated kinase 1A, Dual specificity tyrosine-phosphorylation-regulated kinase 1B, Dual specificity tyrosine-phosphorylation-regulated kinase 2, Dual specificity tyrosine-phosphorylation-regulated kinase 3, Dual specificity tyrosine-phosphorylation-regulated kinase 4, Glycogen synthase kinase-3 beta	CHEMBL5406568	8.05	7.82	7.24	7.02	7.22	5.98	5.98	6.32	5.77	5.08		
CHEMBL5407040	Cc1nc2ccc(/C=C3\\N=C(NC45CC6CC(CC(C6)C4)C5)NC3=O)cc2s1		CHEMBL5360622	Dual specificity protein kinase CLK1, Dual specificity protein kinase CLK2, Dual specificity protein kinase CLK4, Dual specificity tyrosine-phosphorylation-regulated kinase 1A, Dual specificity tyrosine-phosphorylation-regulated kinase 1B, Dual specificity tyrosine-phosphorylation-regulated kinase 2, Dual specificity tyrosine-phosphorylation-regulated kinase 3	CHEMBL5407040	7.7	7.15	7.66	5.87	7.02	6.49	6.18					
CHEMBL5407057	CN1CCN(c2ncc(NC3=N/C(=C\\c4ccc5ncsc5c4)C(=O)N3)cn2)CC1		CHEMBL5360622	Dual specificity protein kinase CLK1, Dual specificity protein kinase CLK2, Dual specificity protein kinase CLK3, Dual specificity protein kinase CLK4, Dual specificity tyrosine-phosphorylation-regulated kinase 1A, Dual specificity tyrosine-phosphorylation-regulated kinase 1B, Dual specificity tyrosine-phosphorylation-regulated kinase 2, Dual specificity tyrosine-phosphorylation-regulated kinase 3, Dual specificity tyrosine-phosphorylation-regulated kinase 4, Glycogen synthase kinase-3 beta	CHEMBL5407057	7.75	7.43	7.17	6.84	7.5	6.95	6.76	5.72	6.53	5.93		
CHEMBL5407276	O=C1NC(Nc2cncnc2)=N/C1=C\\c1ccc2ncsc2c1		CHEMBL5360622	Dual specificity protein kinase CLK1, Dual specificity protein kinase CLK2, Dual specificity protein kinase CLK3, Dual specificity protein kinase CLK4, Dual specificity tyrosine-phosphorylation-regulated kinase 1A, Dual specificity tyrosine-phosphorylation-regulated kinase 1B, Dual specificity tyrosine-phosphorylation-regulated kinase 2, Dual specificity tyrosine-phosphorylation-regulated kinase 3, Dual specificity tyrosine-phosphorylation-regulated kinase 4, Glycogen synthase kinase-3 beta	CHEMBL5407276	7.89	7.6	6.66	6.9	6.57	6.16	6.21	6.24	5.86	5.52		
CHEMBL5407529	Cn1ccc(NC2=N/C(=C\\c3ccc4ncsc4c3)C(=O)N2)n1		CHEMBL5360622	Dual specificity protein kinase CLK1, Dual specificity protein kinase CLK2, Dual specificity protein kinase CLK3, Dual specificity protein kinase CLK4, Dual specificity tyrosine-phosphorylation-regulated kinase 1A, Dual specificity tyrosine-phosphorylation-regulated kinase 1B, Dual specificity tyrosine-phosphorylation-regulated kinase 2, Dual specificity tyrosine-phosphorylation-regulated kinase 3, Dual specificity tyrosine-phosphorylation-regulated kinase 4, Glycogen synthase kinase-3 beta	CHEMBL5407529	7.96	7.4	7.19	6.96	6.99	6.4	5.95	6.7	5.38	5.59		
CHEMBL5408047	CC(C)C[C@@H](CO)NC1=N/C(=C\\c2ccc3ncsc3c2)C(=O)N1		CHEMBL5360622	Dual specificity protein kinase CLK1, Dual specificity protein kinase CLK2, Dual specificity protein kinase CLK3, Dual specificity protein kinase CLK4, Dual specificity tyrosine-phosphorylation-regulated kinase 1A, Dual specificity tyrosine-phosphorylation-regulated kinase 1B, Dual specificity tyrosine-phosphorylation-regulated kinase 2, Dual specificity tyrosine-phosphorylation-regulated kinase 3, Dual specificity tyrosine-phosphorylation-regulated kinase 4, Glycogen synthase kinase-3 beta	CHEMBL5408047	7.8	7.31	7.8	7.24	7.37	6.13	5.3	6.26	5.19	5.03		
CHEMBL5408457	O=C1NC(NC2CCCCCC2)=N/C1=C\\c1ccc2[nH]cnc2c1		CHEMBL5360622	Dual specificity protein kinase CLK1, Dual specificity protein kinase CLK2, Dual specificity protein kinase CLK3, Dual specificity protein kinase CLK4, Dual specificity tyrosine-phosphorylation-regulated kinase 1A, Dual specificity tyrosine-phosphorylation-regulated kinase 1B, Dual specificity tyrosine-phosphorylation-regulated kinase 2, Dual specificity tyrosine-phosphorylation-regulated kinase 3, Dual specificity tyrosine-phosphorylation-regulated kinase 4	CHEMBL5408457	8.1	7.51	7.01	6.29	6.73	6.13	5.66	5.81	6.06			
CHEMBL5408531	Cn1cc2cc(/C=C3\\N=C(NC45CC6CC(CC(C6)C4)C5)NC3=O)ccc2n1		CHEMBL5360622	Dual specificity protein kinase CLK1, Dual specificity protein kinase CLK2, Dual specificity protein kinase CLK4, Dual specificity tyrosine-phosphorylation-regulated kinase 1A, Dual specificity tyrosine-phosphorylation-regulated kinase 1B, Dual specificity tyrosine-phosphorylation-regulated kinase 2, Dual specificity tyrosine-phosphorylation-regulated kinase 3, Dual specificity tyrosine-phosphorylation-regulated kinase 4	CHEMBL5408531	8.15	8.4	8.7	7.24	8.22	7.4	6.68		5.37			
CHEMBL5408540	O=C1NC(NC2CCCCCC2)=N/C1=C\\c1ccc2scnc2c1		CHEMBL5360622	Dual specificity protein kinase CLK4, Dual specificity tyrosine-phosphorylation-regulated kinase 1A	CHEMBL5408540	5.09		5.58									
CHEMBL5408907	CO[C@@H]1CCC[C@H]1NC1=N/C(=C\\c2ccc3ncsc3c2)C(=O)N1		CHEMBL5360622	Dual specificity protein kinase CLK1, Dual specificity protein kinase CLK2, Dual specificity protein kinase CLK3, Dual specificity protein kinase CLK4, Dual specificity tyrosine-phosphorylation-regulated kinase 1A, Dual specificity tyrosine-phosphorylation-regulated kinase 1B, Dual specificity tyrosine-phosphorylation-regulated kinase 2, Dual specificity tyrosine-phosphorylation-regulated kinase 3, Dual specificity tyrosine-phosphorylation-regulated kinase 4, Glycogen synthase kinase-3 beta	CHEMBL5408907	8.1	7.8	7.7	7.77	7.24	6.38	6.87	7.31	7.09	5.45		
CHEMBL5409178	CC(NC1=N/C(=C\\c2ccc3ncsc3c2)C(=O)N1)C12CC3CC(CC(C3)C1)C2		CHEMBL5360622	Dual specificity protein kinase CLK1, Dual specificity protein kinase CLK2, Dual specificity protein kinase CLK3, Dual specificity protein kinase CLK4, Dual specificity tyrosine-phosphorylation-regulated kinase 1A, Dual specificity tyrosine-phosphorylation-regulated kinase 1B	CHEMBL5409178	6.68	6.41	6.37	5.88	5.91			5.29				
CHEMBL5409218	O=C1NC(Nc2ccc3c(c2)CCC3)=N/C1=C\\c1ccc2ncsc2c1		CHEMBL5360622	Dual specificity protein kinase CLK1, Dual specificity protein kinase CLK2, Dual specificity protein kinase CLK4, Dual specificity tyrosine-phosphorylation-regulated kinase 1A, Dual specificity tyrosine-phosphorylation-regulated kinase 1B, Dual specificity tyrosine-phosphorylation-regulated kinase 2, Dual specificity tyrosine-phosphorylation-regulated kinase 3	CHEMBL5409218	6.99	6.79	5.2	5.78	5.81	5.6	5.57					
CHEMBL5409493	Cn1ncc2cc(/C=C3\\N=C(NC4CCCCCC4)NC3=O)ccc21		CHEMBL5360622	Dual specificity protein kinase CLK1, Dual specificity protein kinase CLK3, Dual specificity protein kinase CLK4, Dual specificity tyrosine-phosphorylation-regulated kinase 1A, Dual specificity tyrosine-phosphorylation-regulated kinase 1B, Dual specificity tyrosine-phosphorylation-regulated kinase 2, Dual specificity tyrosine-phosphorylation-regulated kinase 3, Dual specificity tyrosine-phosphorylation-regulated kinase 4	CHEMBL5409493	6.37	5.91	7.43		6.38	6.15	5.8	6.42	5.21			
CHEMBL5409574	CS(=O)(=O)NC12CC3CC(CC(NC4=N/C(=C\\c5ccc6ncsc6c5)C(=O)N4)(C3)C1)C2		CHEMBL5360622	Casein kinase I isoform epsilon, Cyclin-dependent kinase 5/CDK5 activator 1, Dual specificity protein kinase CLK1, Dual specificity protein kinase CLK2, Dual specificity protein kinase CLK3, Dual specificity protein kinase CLK4, Dual specificity tyrosine-phosphorylation-regulated kinase 1A, Dual specificity tyrosine-phosphorylation-regulated kinase 1B, Dual specificity tyrosine-phosphorylation-regulated kinase 2, Dual specificity tyrosine-phosphorylation-regulated kinase 3, Dual specificity tyro	CHEMBL5409574	8.7	8.15	9	9	8.7	7.62	7.12	5.99	6.63	6.29	5.81	5.24
CHEMBL5409693	O=C1NC(Nc2cccc(OC(F)F)c2)=N/C1=C\\c1ccc2ncsc2c1		CHEMBL5360622	Dual specificity protein kinase CLK1, Dual specificity protein kinase CLK2, Dual specificity protein kinase CLK3, Dual specificity protein kinase CLK4, Dual specificity tyrosine-phosphorylation-regulated kinase 1A, Dual specificity tyrosine-phosphorylation-regulated kinase 1B, Dual specificity tyrosine-phosphorylation-regulated kinase 2, Dual specificity tyrosine-phosphorylation-regulated kinase 3, Dual specificity tyrosine-phosphorylation-regulated kinase 4, Glycogen synthase kinase-3 beta	CHEMBL5409693	7.8	7.18	6.59	6.87	5.39	6.15	6.12	6.15	5.56	5.43		
CHEMBL5409730	CCOC[C@@H](CC(C)C)NC1=N/C(=C\\c2ccc3ncsc3c2)C(=O)N1		CHEMBL5360622	Dual specificity protein kinase CLK1, Dual specificity protein kinase CLK2, Dual specificity protein kinase CLK3, Dual specificity protein kinase CLK4, Dual specificity tyrosine-phosphorylation-regulated kinase 1A, Dual specificity tyrosine-phosphorylation-regulated kinase 1B, Dual specificity tyrosine-phosphorylation-regulated kinase 2, Dual specificity tyrosine-phosphorylation-regulated kinase 3, Dual specificity tyrosine-phosphorylation-regulated kinase 4, Glycogen synthase kinase-3 beta	CHEMBL5409730	8.4	7.89	9	6.96	8.3	6.19	6.84	6.38	6.01	5.57		
CHEMBL5409992	O=C1NC(Nc2ncccn2)=N/C1=C\\c1ccc2ncsc2c1		CHEMBL5360622	Dual specificity protein kinase CLK1, Dual specificity protein kinase CLK2, Dual specificity protein kinase CLK3, Dual specificity protein kinase CLK4, Dual specificity tyrosine-phosphorylation-regulated kinase 1A, Dual specificity tyrosine-phosphorylation-regulated kinase 1B, Dual specificity tyrosine-phosphorylation-regulated kinase 2, Dual specificity tyrosine-phosphorylation-regulated kinase 3, Dual specificity tyrosine-phosphorylation-regulated kinase 4, Glycogen synthase kinase-3 beta	CHEMBL5409992	7.47	7.18	6.46	6.2	6.28	5.39	5.62	5.64	5.04	5.11		
CHEMBL5410738	Cc1nc2ccc(/C=C3\\N=C(NC4CCCCC4)NC3=O)cc2s1		CHEMBL5360622	Dual specificity protein kinase CLK1, Dual specificity protein kinase CLK2, Dual specificity protein kinase CLK3, Dual specificity protein kinase CLK4, Dual specificity tyrosine-phosphorylation-regulated kinase 1A, Dual specificity tyrosine-phosphorylation-regulated kinase 1B, Dual specificity tyrosine-phosphorylation-regulated kinase 2, Dual specificity tyrosine-phosphorylation-regulated kinase 3	CHEMBL5410738	6.46	5.92	6.28	5.09	5.95	5.32	5.33	5.3				
CHEMBL5410991	O=C1NC(NC2CCCCCC2)=N/C1=C\\c1ccc2c(c1)OCO2		CHEMBL5360622	Dual specificity protein kinase CLK1, Dual specificity protein kinase CLK2, Dual specificity protein kinase CLK3, Dual specificity protein kinase CLK4, Dual specificity tyrosine-phosphorylation-regulated kinase 1A, Dual specificity tyrosine-phosphorylation-regulated kinase 1B, Dual specificity tyrosine-phosphorylation-regulated kinase 2, Dual specificity tyrosine-phosphorylation-regulated kinase 3, Dual specificity tyrosine-phosphorylation-regulated kinase 4	CHEMBL5410991	7.7	7.38	7.33	6.08	6.85	5.5	5.29	5.35	5.91			
CHEMBL5411157	CO[C@H]1CCCCC[C@H]1NC1=N/C(=C\\c2ccc3ncsc3c2)C(=O)N1		CHEMBL5360622	Dual specificity protein kinase CLK1, Dual specificity protein kinase CLK2, Dual specificity protein kinase CLK3, Dual specificity protein kinase CLK4, Dual specificity tyrosine-phosphorylation-regulated kinase 1A, Dual specificity tyrosine-phosphorylation-regulated kinase 1B, Dual specificity tyrosine-phosphorylation-regulated kinase 2, Dual specificity tyrosine-phosphorylation-regulated kinase 3, Dual specificity tyrosine-phosphorylation-regulated kinase 4, Glycogen synthase kinase-3 beta	CHEMBL5411157	8.22	7.96	7.47	7.07	7.09	6.28	6.08	6.41	6.07	5.52		
CHEMBL5411344	CC1(C)CNC(=O)C1NC1=N/C(=C\\c2ccc3ncsc3c2)C(=O)N1		CHEMBL5360622	Dual specificity protein kinase CLK1, Dual specificity protein kinase CLK2, Dual specificity protein kinase CLK3, Dual specificity protein kinase CLK4, Dual specificity tyrosine-phosphorylation-regulated kinase 1A, Dual specificity tyrosine-phosphorylation-regulated kinase 1B, Dual specificity tyrosine-phosphorylation-regulated kinase 2, Dual specificity tyrosine-phosphorylation-regulated kinase 3, Dual specificity tyrosine-phosphorylation-regulated kinase 4	CHEMBL5411344	7.55	7	6.77	6.04	5.81	5.7	6.07	5.35	5.46			
CHEMBL5411626	CC(C)(C)OC[C@H](NC1=N/C(=C\\c2ccc3ncsc3c2)C(=O)N1)c1ccccc1		CHEMBL5360622	Dual specificity protein kinase CLK1, Dual specificity protein kinase CLK2, Dual specificity protein kinase CLK3, Dual specificity protein kinase CLK4, Dual specificity tyrosine-phosphorylation-regulated kinase 1A, Dual specificity tyrosine-phosphorylation-regulated kinase 1B, Dual specificity tyrosine-phosphorylation-regulated kinase 2, Dual specificity tyrosine-phosphorylation-regulated kinase 3, Dual specificity tyrosine-phosphorylation-regulated kinase 4, Glycogen synthase kinase-3 beta	CHEMBL5411626	8.15	7.75	7.46	6.92	6.76	5.76	5.76	5.68	5.06	5		
CHEMBL5411888	O=C1NC(NC2CCCC(F)(F)C2)=N/C1=C\\c1ccc2ncsc2c1		CHEMBL5360622	Casein kinase I isoform epsilon, Cyclin-dependent kinase 5/CDK5 activator 1, Dual specificity protein kinase CLK1, Dual specificity protein kinase CLK2, Dual specificity protein kinase CLK3, Dual specificity protein kinase CLK4, Dual specificity tyrosine-phosphorylation-regulated kinase 1A, Dual specificity tyrosine-phosphorylation-regulated kinase 1B, Dual specificity tyrosine-phosphorylation-regulated kinase 2, Dual specificity tyrosine-phosphorylation-regulated kinase 3, Dual specificity tyro	CHEMBL5411888	8.4	7.85	8	7.62	7.82	6.53	6.41	6.76	6.49	5.25	5.62	5.07
CHEMBL5412101	CC(=O)OC12CC3CC(CC(NC4=N/C(=C\\c5ccc6ncsc6c5)C(=O)N4)(C3)C1)C2		CHEMBL5360622	Cyclin-dependent kinase 5/CDK5 activator 1, Dual specificity protein kinase CLK1, Dual specificity protein kinase CLK2, Dual specificity protein kinase CLK3, Dual specificity protein kinase CLK4, Dual specificity tyrosine-phosphorylation-regulated kinase 1A, Dual specificity tyrosine-phosphorylation-regulated kinase 1B, Dual specificity tyrosine-phosphorylation-regulated kinase 2, Dual specificity tyrosine-phosphorylation-regulated kinase 3, Dual specificity tyrosine-phosphorylation-regulated ki	CHEMBL5412101	7.72	7.5	8.3	7.85	8.22	7.22	6.84	5.78	6.22	5.61	5.33	
CHEMBL5412105	CC(C)C[C@H](CO)NC1=N/C(=C\\c2ccc3ncsc3c2)C(=O)N1		CHEMBL5360622	Dual specificity protein kinase CLK1, Dual specificity protein kinase CLK2, Dual specificity protein kinase CLK3, Dual specificity protein kinase CLK4, Dual specificity tyrosine-phosphorylation-regulated kinase 1A, Dual specificity tyrosine-phosphorylation-regulated kinase 1B, Dual specificity tyrosine-phosphorylation-regulated kinase 2, Dual specificity tyrosine-phosphorylation-regulated kinase 3, Dual specificity tyrosine-phosphorylation-regulated kinase 4, Glycogen synthase kinase-3 beta	CHEMBL5412105	8.1	7.72	8.52	7.85	8.22	6.41	6.02	6.32	6.12	5.6		
CHEMBL5412372	O=C1NC(NC2COC2)=N/C1=C\\c1ccc2ncsc2c1		CHEMBL5360622	Dual specificity protein kinase CLK1, Dual specificity protein kinase CLK2, Dual specificity protein kinase CLK3, Dual specificity protein kinase CLK4, Dual specificity tyrosine-phosphorylation-regulated kinase 1A, Dual specificity tyrosine-phosphorylation-regulated kinase 1B, Dual specificity tyrosine-phosphorylation-regulated kinase 2, Dual specificity tyrosine-phosphorylation-regulated kinase 3, Dual specificity tyrosine-phosphorylation-regulated kinase 4, Glycogen synthase kinase-3 beta	CHEMBL5412372	7.85	7.28	6.97	6.21	6.28	5.84	6.24	6.31	5.67	5.23		
CHEMBL5412565	CN(C)C12CC3CC(CC(NC4=N/C(=C\\c5ccc6ncsc6c5)C(=O)N4)(C3)C1)C2		CHEMBL5360622	Casein kinase I isoform epsilon, Cyclin-dependent kinase 5/CDK5 activator 1, Dual specificity protein kinase CLK1, Dual specificity protein kinase CLK2, Dual specificity protein kinase CLK3, Dual specificity protein kinase CLK4, Dual specificity tyrosine-phosphorylation-regulated kinase 1A, Dual specificity tyrosine-phosphorylation-regulated kinase 1B, Dual specificity tyrosine-phosphorylation-regulated kinase 2, Dual specificity tyrosine-phosphorylation-regulated kinase 3, Dual specificity tyro	CHEMBL5412565	8.7	8.05	8.52	8.3	8.3	7.8	7.05	5.74	6.39	5.88	5.3	5.83
CHEMBL5412900	CC1(C)C2CCC1(C)[C@H](NC1=N/C(=C\\c3ccc4ncsc4c3)C(=O)N1)C2		CHEMBL5360622	Dual specificity protein kinase CLK1, Dual specificity protein kinase CLK2, Dual specificity protein kinase CLK3, Dual specificity protein kinase CLK4, Dual specificity tyrosine-phosphorylation-regulated kinase 1A, Dual specificity tyrosine-phosphorylation-regulated kinase 1B, Dual specificity tyrosine-phosphorylation-regulated kinase 2, Dual specificity tyrosine-phosphorylation-regulated kinase 3, Dual specificity tyrosine-phosphorylation-regulated kinase 4	CHEMBL5412900	7.96	7.82	8.7	7.77	8.1	6.65	6.75	6.13	6.66			
CHEMBL5412998	O=C1NC(NC2CC3CCC2C3)=N/C1=C\\c1ccc2ncsc2c1		CHEMBL5360622	Dual specificity protein kinase CLK1, Dual specificity protein kinase CLK2, Dual specificity protein kinase CLK3, Dual specificity protein kinase CLK4, Dual specificity tyrosine-phosphorylation-regulated kinase 1A, Dual specificity tyrosine-phosphorylation-regulated kinase 1B, Dual specificity tyrosine-phosphorylation-regulated kinase 2, Dual specificity tyrosine-phosphorylation-regulated kinase 3, Dual specificity tyrosine-phosphorylation-regulated kinase 4, Glycogen synthase kinase-3 beta	CHEMBL5412998	8.1	7.66	7.35	6.9	5.06	6.47	6.62	6.84	6.58	5.49		
CHEMBL5413138	CN1CCCC(NC2=N/C(=C\\c3ccc4ncsc4c3)C(=O)N2)C1=O		CHEMBL5360622	Dual specificity protein kinase CLK1, Dual specificity protein kinase CLK2, Dual specificity protein kinase CLK3, Dual specificity protein kinase CLK4, Dual specificity tyrosine-phosphorylation-regulated kinase 1A, Dual specificity tyrosine-phosphorylation-regulated kinase 1B, Dual specificity tyrosine-phosphorylation-regulated kinase 2, Dual specificity tyrosine-phosphorylation-regulated kinase 3, Dual specificity tyrosine-phosphorylation-regulated kinase 4	CHEMBL5413138	7.57	7.08	6.98	6.38	5.88	5.53	5.48	5.55	5.22			
CHEMBL5413427	O=C1NC(NC2CCCCCC2)=N/C1=C\\c1ccc2[nH]ncc2c1		CHEMBL5360622	Dual specificity protein kinase CLK1, Dual specificity protein kinase CLK2, Dual specificity protein kinase CLK3, Dual specificity protein kinase CLK4, Dual specificity tyrosine-phosphorylation-regulated kinase 1A, Dual specificity tyrosine-phosphorylation-regulated kinase 1B, Dual specificity tyrosine-phosphorylation-regulated kinase 2, Dual specificity tyrosine-phosphorylation-regulated kinase 3, Dual specificity tyrosine-phosphorylation-regulated kinase 4, Glycogen synthase kinase-3 beta	CHEMBL5413427	6.95	6.86	7.48	6.14	6.97	5.87	5.73	6.58	5.38	5.4		
CHEMBL5413447	COc1nc(C)ccc1NC1=N/C(=C\\c2ccc3ncsc3c2)C(=O)N1		CHEMBL5360622	Dual specificity protein kinase CLK1, Dual specificity protein kinase CLK2, Dual specificity protein kinase CLK4, Dual specificity tyrosine-phosphorylation-regulated kinase 1A, Dual specificity tyrosine-phosphorylation-regulated kinase 1B, Dual specificity tyrosine-phosphorylation-regulated kinase 2, Dual specificity tyrosine-phosphorylation-regulated kinase 3, Dual specificity tyrosine-phosphorylation-regulated kinase 4, Glycogen synthase kinase-3 beta	CHEMBL5413447	7.58	7.28	6.45	5.56	5.56	5.8	5.73		5.73	5.05		
CHEMBL5413503	Cc1ccc(CNC2=N/C(=C\\c3ccc4ncsc4c3)C(=O)N2)cc1C		CHEMBL5360622	Dual specificity protein kinase CLK1, Dual specificity protein kinase CLK2, Dual specificity protein kinase CLK3, Dual specificity protein kinase CLK4, Dual specificity tyrosine-phosphorylation-regulated kinase 1A, Dual specificity tyrosine-phosphorylation-regulated kinase 1B	CHEMBL5413503	7.85	7.75	6.92	7.51	6.22			5.91				
CHEMBL5413726	O=C1NC(N[C@H]2CCCOC2)=N/C1=C\\c1ccc2ncsc2c1		CHEMBL5360622	Cyclin-dependent kinase 5/CDK5 activator 1, Dual specificity protein kinase CLK1, Dual specificity protein kinase CLK2, Dual specificity protein kinase CLK3, Dual specificity protein kinase CLK4, Dual specificity tyrosine-phosphorylation-regulated kinase 1A, Dual specificity tyrosine-phosphorylation-regulated kinase 1B, Dual specificity tyrosine-phosphorylation-regulated kinase 2, Dual specificity tyrosine-phosphorylation-regulated kinase 3, Dual specificity tyrosine-phosphorylation-regulated ki	CHEMBL5413726	8.22	7.5	7.96	6.79	6.91	6.21	6.96	6.92	6.24		5.23	
CHEMBL5413743	CO[C@H]1CCCC[C@@H]1NC1=N/C(=C\\c2ccc3ncsc3c2)C(=O)N1		CHEMBL5360622	Dual specificity protein kinase CLK1, Dual specificity protein kinase CLK2, Dual specificity protein kinase CLK3, Dual specificity protein kinase CLK4, Dual specificity tyrosine-phosphorylation-regulated kinase 1A, Dual specificity tyrosine-phosphorylation-regulated kinase 1B, Dual specificity tyrosine-phosphorylation-regulated kinase 2, Dual specificity tyrosine-phosphorylation-regulated kinase 3, Dual specificity tyrosine-phosphorylation-regulated kinase 4, Glycogen synthase kinase-3 beta	CHEMBL5413743	8.22	7.72	7.7	7	7.35	5.92	6.11	6.2	6.36	5.06		
CHEMBL5414361	O=C1NC(NC2CCCCC2)=N/C1=C\\c1ccc2nnsc2c1		CHEMBL5360622	Dual specificity protein kinase CLK1, Dual specificity protein kinase CLK2, Dual specificity protein kinase CLK3, Dual specificity protein kinase CLK4, Dual specificity tyrosine-phosphorylation-regulated kinase 1A, Dual specificity tyrosine-phosphorylation-regulated kinase 1B	CHEMBL5414361	6.41	6.07	5.73	5.25	5.75			5.05				
CHEMBL5414514	O=C1NC(N[C@@H]2CCCCC[C@@H]2O)=N/C1=C\\c1ccc2ncsc2c1		CHEMBL5360622	Dual specificity protein kinase CLK1, Dual specificity protein kinase CLK2, Dual specificity protein kinase CLK3, Dual specificity protein kinase CLK4, Dual specificity tyrosine-phosphorylation-regulated kinase 1A, Dual specificity tyrosine-phosphorylation-regulated kinase 1B, Dual specificity tyrosine-phosphorylation-regulated kinase 2, Dual specificity tyrosine-phosphorylation-regulated kinase 3, Dual specificity tyrosine-phosphorylation-regulated kinase 4, Glycogen synthase kinase-3 beta	CHEMBL5414514	8.7	8.15	8.52	7.82	8.05	6.66	6.25	6.71	6.86	6.07		
CHEMBL5414635	CO[C@@H]1Cc2ccccc2[C@H]1NC1=N/C(=C\\c2ccc3ncsc3c2)C(=O)N1		CHEMBL5360622	Dual specificity protein kinase CLK1, Dual specificity protein kinase CLK2, Dual specificity protein kinase CLK3, Dual specificity protein kinase CLK4, Dual specificity tyrosine-phosphorylation-regulated kinase 1A, Dual specificity tyrosine-phosphorylation-regulated kinase 1B, Dual specificity tyrosine-phosphorylation-regulated kinase 2, Dual specificity tyrosine-phosphorylation-regulated kinase 3, Dual specificity tyrosine-phosphorylation-regulated kinase 4, Glycogen synthase kinase-3 beta	CHEMBL5414635	7.85	7.6	7.64	7.3	7.1	6.13	6.63	6.07	6.81	5.9		
CHEMBL5414801	CN1CCN(c2ccc(NC3=N/C(=C\\c4ccc5c(c4)OCCO5)C(=O)N3)cc2)CC1		CHEMBL5360622	Dual specificity protein kinase CLK1, Dual specificity protein kinase CLK2, Dual specificity protein kinase CLK3, Dual specificity protein kinase CLK4, Dual specificity tyrosine-phosphorylation-regulated kinase 1A, Dual specificity tyrosine-phosphorylation-regulated kinase 1B, Dual specificity tyrosine-phosphorylation-regulated kinase 2, Dual specificity tyrosine-phosphorylation-regulated kinase 3, Glycogen synthase kinase-3 beta	CHEMBL5414801	7.72	7.77	8.15	7.17	7.7	7.85	8.1	5.96		6.92		
CHEMBL5415462	O=C1NC(NC(CO)C2CCCCC2)=N/C1=C\\c1ccc2ncsc2c1		CHEMBL5360622	Dual specificity protein kinase CLK1, Dual specificity protein kinase CLK2, Dual specificity protein kinase CLK3, Dual specificity protein kinase CLK4, Dual specificity tyrosine-phosphorylation-regulated kinase 1A, Dual specificity tyrosine-phosphorylation-regulated kinase 1B, Dual specificity tyrosine-phosphorylation-regulated kinase 2, Dual specificity tyrosine-phosphorylation-regulated kinase 3, Dual specificity tyrosine-phosphorylation-regulated kinase 4, Glycogen synthase kinase-3 beta	CHEMBL5415462	8	7.6	7.38	7.1	7.32	6.16	5.86	5.96	6.39	5.38		
CHEMBL5415615	CN1CCC(NC2=N/C(=C\\c3ccc4ncsc4c3)C(=O)N2)CC1		CHEMBL5360622	Dual specificity protein kinase CLK1, Dual specificity protein kinase CLK2, Dual specificity protein kinase CLK3, Dual specificity protein kinase CLK4, Dual specificity tyrosine-phosphorylation-regulated kinase 1A, Dual specificity tyrosine-phosphorylation-regulated kinase 1B, Dual specificity tyrosine-phosphorylation-regulated kinase 2, Dual specificity tyrosine-phosphorylation-regulated kinase 3	CHEMBL5415615	7.11	6.78	6.29	6.11	6.18	6.19	5.11	5.41				
CHEMBL5415622	O=C1NC(N[C@@H]2CCC[C@@H](O)C2)=N/C1=C\\c1ccc2ncsc2c1		CHEMBL5360622	Dual specificity protein kinase CLK1, Dual specificity protein kinase CLK2, Dual specificity protein kinase CLK3, Dual specificity protein kinase CLK4, Dual specificity tyrosine-phosphorylation-regulated kinase 1A, Dual specificity tyrosine-phosphorylation-regulated kinase 1B, Dual specificity tyrosine-phosphorylation-regulated kinase 2, Dual specificity tyrosine-phosphorylation-regulated kinase 3, Dual specificity tyrosine-phosphorylation-regulated kinase 4, Glycogen synthase kinase-3 beta	CHEMBL5415622	8.22	7.8	7.89	7.35	7.25	6.4	6.59	6.69	6.09	5.12		
CHEMBL5416161	CC(C)C[C@H](COCc1ccc(F)cc1)NC1=N/C(=C\\c2ccc3ncsc3c2)C(=O)N1		CHEMBL5360622	Dual specificity protein kinase CLK1, Dual specificity protein kinase CLK2, Dual specificity protein kinase CLK3, Dual specificity protein kinase CLK4, Dual specificity tyrosine-phosphorylation-regulated kinase 1A, Dual specificity tyrosine-phosphorylation-regulated kinase 1B, Dual specificity tyrosine-phosphorylation-regulated kinase 2, Dual specificity tyrosine-phosphorylation-regulated kinase 3, Dual specificity tyrosine-phosphorylation-regulated kinase 4, Glycogen synthase kinase-3 beta	CHEMBL5416161	6.91	6.49	7.12	5.45	6.57	5.13	5.85	5.21	5.33	5.38		
CHEMBL5416274	COC(=O)[C@@H](NC1=N/C(=C\\c2ccc3ncsc3c2)C(=O)N1)C(C)C		CHEMBL5360622	Dual specificity protein kinase CLK1, Dual specificity protein kinase CLK2, Dual specificity protein kinase CLK3, Dual specificity protein kinase CLK4, Dual specificity tyrosine-phosphorylation-regulated kinase 1A, Dual specificity tyrosine-phosphorylation-regulated kinase 1B, Dual specificity tyrosine-phosphorylation-regulated kinase 2, Dual specificity tyrosine-phosphorylation-regulated kinase 3, Dual specificity tyrosine-phosphorylation-regulated kinase 4, Glycogen synthase kinase-3 beta	CHEMBL5416274	8.15	7.8	8.15	7.02	7.4	6.25	6.48	6.1	6.3	5.08		
CHEMBL5416470	C[C@@H]1[C@H]2C[C@@H](C[C@H]1NC1=N/C(=C\\c3ccc4ncsc4c3)C(=O)N1)C2(C)C		CHEMBL5360622	Dual specificity protein kinase CLK1, Dual specificity protein kinase CLK2, Dual specificity protein kinase CLK3, Dual specificity protein kinase CLK4, Dual specificity tyrosine-phosphorylation-regulated kinase 1A, Dual specificity tyrosine-phosphorylation-regulated kinase 1B, Dual specificity tyrosine-phosphorylation-regulated kinase 2, Dual specificity tyrosine-phosphorylation-regulated kinase 3, Dual specificity tyrosine-phosphorylation-regulated kinase 4	CHEMBL5416470	7.89	7.64	8.7	8.22	8.15	6	6.16	6.1	6.14			
CHEMBL5416744	Cn1ncc2cc(/C=C3\\N=C(NC45CC6CC(CC(C6)C4)C5)NC3=O)ccc21		CHEMBL5360622	Dual specificity protein kinase CLK1, Dual specificity protein kinase CLK2, Dual specificity protein kinase CLK3, Dual specificity protein kinase CLK4, Dual specificity tyrosine-phosphorylation-regulated kinase 1A, Dual specificity tyrosine-phosphorylation-regulated kinase 1B, Dual specificity tyrosine-phosphorylation-regulated kinase 2, Dual specificity tyrosine-phosphorylation-regulated kinase 3, Dual specificity tyrosine-phosphorylation-regulated kinase 4	CHEMBL5416744	6.9	6.85	7.15	5.4	6.11	6.51	6.44	5.65	5.79			
CHEMBL5416942	COc1ccc(/C=C2\\N=C(Nc3ccc(N4CCN(C)CC4)cc3)NC2=O)cc1O		CHEMBL5360622	Dual specificity protein kinase CLK1, Dual specificity protein kinase CLK2, Dual specificity protein kinase CLK3, Dual specificity protein kinase CLK4, Dual specificity tyrosine-phosphorylation-regulated kinase 1A, Dual specificity tyrosine-phosphorylation-regulated kinase 1B, Dual specificity tyrosine-phosphorylation-regulated kinase 2, Dual specificity tyrosine-phosphorylation-regulated kinase 3, Glycogen synthase kinase-3 beta	CHEMBL5416942	7.92	7.92	7.85	7.52	7.7	8	7.82	6.16		6.7		
CHEMBL5416947	COC(=O)[C@@H](Cc1ccccc1)NC1=N/C(=C\\c2ccc3ncsc3c2)C(=O)N1		CHEMBL5360622	Dual specificity protein kinase CLK1, Dual specificity protein kinase CLK2, Dual specificity protein kinase CLK4, Dual specificity tyrosine-phosphorylation-regulated kinase 1A, Dual specificity tyrosine-phosphorylation-regulated kinase 1B, Dual specificity tyrosine-phosphorylation-regulated kinase 2, Dual specificity tyrosine-phosphorylation-regulated kinase 4	CHEMBL5416947	7.05	6.91	6.81	6	6.38		5.08		5.17			
CHEMBL5417147	COC12CC3CC(CC(NC4=N/C(=C\\c5ccc6ncsc6c5)C(=O)N4)(C3)C1)C2		CHEMBL5360622	Casein kinase I isoform epsilon, Cyclin-dependent kinase 5/CDK5 activator 1, Dual specificity protein kinase CLK1, Dual specificity protein kinase CLK3, Dual specificity protein kinase CLK4, Dual specificity tyrosine-phosphorylation-regulated kinase 1B, Dual specificity tyrosine-phosphorylation-regulated kinase 2, Dual specificity tyrosine-phosphorylation-regulated kinase 3, Dual specificity tyrosine-phosphorylation-regulated kinase 4, Glycogen synthase kinase-3 beta	CHEMBL5417147	8.7	8.15			8.7	7.62	7.8	6.55	6.55	6.34	6.52	5.75
CHEMBL5417207	O=C1NC(NC2C3CC4CC(C3)CC2C4)=N/C1=C\\c1ccc2ncsc2c1		CHEMBL5360622	Dual specificity protein kinase CLK1, Dual specificity protein kinase CLK2, Dual specificity protein kinase CLK3, Dual specificity protein kinase CLK4, Dual specificity tyrosine-phosphorylation-regulated kinase 1A, Dual specificity tyrosine-phosphorylation-regulated kinase 1B, Dual specificity tyrosine-phosphorylation-regulated kinase 2, Dual specificity tyrosine-phosphorylation-regulated kinase 3, Dual specificity tyrosine-phosphorylation-regulated kinase 4, Glycogen synthase kinase-3 beta	CHEMBL5417207	8.15	7.92	8.22	7.72	7.51	6.46	6.24	5.92	6.9	5.32		
CHEMBL5417527	O=C1NC(Nc2ccccn2)=N/C1=C\\c1ccc2ncsc2c1		CHEMBL5360622	Dual specificity protein kinase CLK1, Dual specificity protein kinase CLK2, Dual specificity protein kinase CLK3, Dual specificity protein kinase CLK4, Dual specificity tyrosine-phosphorylation-regulated kinase 1A, Dual specificity tyrosine-phosphorylation-regulated kinase 1B, Dual specificity tyrosine-phosphorylation-regulated kinase 2, Dual specificity tyrosine-phosphorylation-regulated kinase 3, Dual specificity tyrosine-phosphorylation-regulated kinase 4, Glycogen synthase kinase-3 beta	CHEMBL5417527	8.22	7.89	7.48	6.93	7.21	6.46	6.59	6.68	6.04	5.78		
CHEMBL5417693	O=C1NC(N[C@@H]2CCCC[C@H]2O)=N/C1=C\\c1ccc2ncsc2c1		CHEMBL5360622	Dual specificity protein kinase CLK1, Dual specificity protein kinase CLK2, Dual specificity protein kinase CLK3, Dual specificity protein kinase CLK4, Dual specificity tyrosine-phosphorylation-regulated kinase 1A, Dual specificity tyrosine-phosphorylation-regulated kinase 1B, Dual specificity tyrosine-phosphorylation-regulated kinase 2, Dual specificity tyrosine-phosphorylation-regulated kinase 3, Dual specificity tyrosine-phosphorylation-regulated kinase 4, Glycogen synthase kinase-3 beta	CHEMBL5417693	7.57	7.36	7.33	6.37	6.62	5.92	5.82	6.76	5.91	5		
CHEMBL5417890	COC(=O)C1(NC2=N/C(=C\\c3ccc4ncsc4c3)C(=O)N2)C2CC3CC(C2)CC1C3		CHEMBL5360622	Cyclin-dependent kinase 5/CDK5 activator 1, Dual specificity protein kinase CLK1, Dual specificity protein kinase CLK2, Dual specificity protein kinase CLK3, Dual specificity protein kinase CLK4, Dual specificity tyrosine-phosphorylation-regulated kinase 1A, Dual specificity tyrosine-phosphorylation-regulated kinase 1B, Dual specificity tyrosine-phosphorylation-regulated kinase 2, Dual specificity tyrosine-phosphorylation-regulated kinase 3, Dual specificity tyrosine-phosphorylation-regulated ki	CHEMBL5417890	6.79	6.46	7.8	6.28	7.51	5.84	6.15	6.78	5.76	6.18	5.48	
CHEMBL5417975	O=C1NC(NCc2nc3ccccc3s2)=N/C1=C\\c1ccc2ncsc2c1		CHEMBL5360622	Dual specificity protein kinase CLK1, Dual specificity protein kinase CLK2, Dual specificity protein kinase CLK3, Dual specificity protein kinase CLK4, Dual specificity tyrosine-phosphorylation-regulated kinase 1A, Dual specificity tyrosine-phosphorylation-regulated kinase 1B, Glycogen synthase kinase-3 beta	CHEMBL5417975	7.15	7.16	6.42	6.41	5.99			5.16		5.04		
CHEMBL5418020	O=C1NC(Nc2ccccc2)=N/C1=C\\c1ccc2ncsc2c1		CHEMBL5360622	Dual specificity protein kinase CLK1, Dual specificity protein kinase CLK2, Dual specificity protein kinase CLK3, Dual specificity protein kinase CLK4, Dual specificity tyrosine-phosphorylation-regulated kinase 1A, Dual specificity tyrosine-phosphorylation-regulated kinase 1B, Dual specificity tyrosine-phosphorylation-regulated kinase 2, Dual specificity tyrosine-phosphorylation-regulated kinase 3, Dual specificity tyrosine-phosphorylation-regulated kinase 4, Glycogen synthase kinase-3 beta	CHEMBL5418020	8.3	7.89	7.57	6.95	7.51	6.15	6.77	6.16	6.59	5.65		
CHEMBL5418042	O=C1NC(NC23CC4CC(CC(C4)C2)C3)=N/C1=C\\c1ccc2[nH]ccc2c1		CHEMBL5360622	Dual specificity protein kinase CLK1, Dual specificity protein kinase CLK2, Dual specificity protein kinase CLK4, Dual specificity tyrosine-phosphorylation-regulated kinase 1A	CHEMBL5418042	5.59	5.05	6.02	5.44								
CHEMBL5418629	COCC(NC1=N/C(=C\\c2ccc3ncsc3c2)C(=O)N1)C1CCCCC1		CHEMBL5360622	Dual specificity protein kinase CLK1, Dual specificity protein kinase CLK2, Dual specificity protein kinase CLK3, Dual specificity protein kinase CLK4, Dual specificity tyrosine-phosphorylation-regulated kinase 1A, Dual specificity tyrosine-phosphorylation-regulated kinase 1B, Dual specificity tyrosine-phosphorylation-regulated kinase 2, Dual specificity tyrosine-phosphorylation-regulated kinase 3, Dual specificity tyrosine-phosphorylation-regulated kinase 4, Glycogen synthase kinase-3 beta	CHEMBL5418629	7.1	7.04	7.1	6.23	5.99	5.5	5.8	5.86	5.96	5.22		
CHEMBL5418722	O=C1NC(NC23CC4CC(CC(NC(=O)C5CC5)(C4)C2)C3)=N/C1=C\\c1ccc2ncsc2c1		CHEMBL5360622	Casein kinase I isoform epsilon, Cyclin-dependent kinase 5/CDK5 activator 1, Dual specificity protein kinase CLK1, Dual specificity protein kinase CLK2, Dual specificity protein kinase CLK3, Dual specificity protein kinase CLK4, Dual specificity tyrosine-phosphorylation-regulated kinase 1A, Dual specificity tyrosine-phosphorylation-regulated kinase 1B, Dual specificity tyrosine-phosphorylation-regulated kinase 2, Dual specificity tyrosine-phosphorylation-regulated kinase 3, Dual specificity tyro	CHEMBL5418722	8.7	8.1	9	8.7	8.3	7.62	7.21	6.18	6.57	6.44	5.84	5.64
CHEMBL5419006	O=C1NC(NC2CCCCC2)=N/C1=C\\c1ccc2c(c1)CCO2		CHEMBL5360622	Dual specificity protein kinase CLK1, Dual specificity protein kinase CLK2, Dual specificity protein kinase CLK3, Dual specificity protein kinase CLK4, Dual specificity tyrosine-phosphorylation-regulated kinase 1A, Dual specificity tyrosine-phosphorylation-regulated kinase 1B, Dual specificity tyrosine-phosphorylation-regulated kinase 2, Dual specificity tyrosine-phosphorylation-regulated kinase 3, Dual specificity tyrosine-phosphorylation-regulated kinase 4	CHEMBL5419006	7.28	6.98	6.62	5.9	6.41	5.9	5.47	5.27	5.52			
CHEMBL5419828	O=C1NC(Nc2ccc(N3CCOCC3)cc2)=N/C1=C\\c1ccc2ncsc2c1		CHEMBL5360622	Dual specificity protein kinase CLK1, Dual specificity protein kinase CLK4	CHEMBL5419828	5.31	5.08										
CHEMBL5420497	O=C1NC(N[C@@H]2CCC[C@@H](O)CC2)=N/C1=C\\c1ccc2ncsc2c1		CHEMBL5360622	Dual specificity protein kinase CLK1, Dual specificity protein kinase CLK2, Dual specificity protein kinase CLK3, Dual specificity protein kinase CLK4, Dual specificity tyrosine-phosphorylation-regulated kinase 1A, Dual specificity tyrosine-phosphorylation-regulated kinase 1B, Dual specificity tyrosine-phosphorylation-regulated kinase 2, Dual specificity tyrosine-phosphorylation-regulated kinase 3, Dual specificity tyrosine-phosphorylation-regulated kinase 4, Glycogen synthase kinase-3 beta	CHEMBL5420497	8.4	8.05	7.8	7.55	7.64	6.42	6.34	6.16	6.35	5.2		
CHEMBL5420645	Cn1cnc2ccc(/C=C3\\N=C(NC45CC6CC(CC(C6)C4)C5)NC3=O)cc21		CHEMBL5360622	Cyclin-dependent kinase 5/CDK5 activator 1, Dual specificity protein kinase CLK1, Dual specificity protein kinase CLK2, Dual specificity protein kinase CLK3, Dual specificity protein kinase CLK4, Dual specificity tyrosine-phosphorylation-regulated kinase 1A, Dual specificity tyrosine-phosphorylation-regulated kinase 1B, Dual specificity tyrosine-phosphorylation-regulated kinase 2, Dual specificity tyrosine-phosphorylation-regulated kinase 3, Dual specificity tyrosine-phosphorylation-regulated ki	CHEMBL5420645	8.52	8.05	8.15	8.52	7.96	7.17	7.02	5.97	7.1	5.81	6.19	
CHEMBL5420670	CN1CCCC(NC2=N/C(=C\\c3ccc4ncsc4c3)C(=O)N2)C1		CHEMBL5360622	Dual specificity protein kinase CLK1, Dual specificity protein kinase CLK2, Dual specificity protein kinase CLK3, Dual specificity protein kinase CLK4, Dual specificity tyrosine-phosphorylation-regulated kinase 1A, Dual specificity tyrosine-phosphorylation-regulated kinase 1B, Dual specificity tyrosine-phosphorylation-regulated kinase 2, Dual specificity tyrosine-phosphorylation-regulated kinase 3, Dual specificity tyrosine-phosphorylation-regulated kinase 4	CHEMBL5420670	6.75	6.61	6.29	6.11	6.32	6.05	5.32	5.91	5.15			
CHEMBL5420724	O=C1NC(NC23CC4CC(CC(C4)C2)C3)=N/C1=C\\c1ccc2c(c1)OCO2		CHEMBL5360622	Dual specificity protein kinase CLK1, Dual specificity protein kinase CLK2, Dual specificity protein kinase CLK4, Dual specificity tyrosine-phosphorylation-regulated kinase 1A, Dual specificity tyrosine-phosphorylation-regulated kinase 1B, Dual specificity tyrosine-phosphorylation-regulated kinase 2, Dual specificity tyrosine-phosphorylation-regulated kinase 3, Dual specificity tyrosine-phosphorylation-regulated kinase 4	CHEMBL5420724	8.4	7.77	8.7	7.02	8.1	7.33	6.74		5.79			
CHEMBL5421200	COC(CNC1=N/C(=C\\c2ccc3ncsc3c2)C(=O)N1)Cc1ccccc1		CHEMBL5360622	Dual specificity protein kinase CLK1, Dual specificity protein kinase CLK2, Dual specificity protein kinase CLK3, Dual specificity protein kinase CLK4, Dual specificity tyrosine-phosphorylation-regulated kinase 1A, Dual specificity tyrosine-phosphorylation-regulated kinase 1B, Dual specificity tyrosine-phosphorylation-regulated kinase 2, Dual specificity tyrosine-phosphorylation-regulated kinase 3, Dual specificity tyrosine-phosphorylation-regulated kinase 4, Glycogen synthase kinase-3 beta	CHEMBL5421200	8.05	7.64	6.57	7.35	6.49	5.78	5.92	6.58	6.03	5.81		
CHEMBL5421442	CC(C)(C)NC(=O)OC12CC3CC(CC(NC4=N/C(=C\\c5ccc6ncsc6c5)C(=O)N4)(C3)C1)C2		CHEMBL5360622	Casein kinase I isoform epsilon, Dual specificity protein kinase CLK1, Dual specificity protein kinase CLK2, Dual specificity protein kinase CLK3, Dual specificity protein kinase CLK4, Dual specificity tyrosine-phosphorylation-regulated kinase 1A, Dual specificity tyrosine-phosphorylation-regulated kinase 1B, Dual specificity tyrosine-phosphorylation-regulated kinase 2, Dual specificity tyrosine-phosphorylation-regulated kinase 3, Dual specificity tyrosine-phosphorylation-regulated kinase 4, Gly	CHEMBL5421442	7.96	7.75	8.05	7.46	7.85	6.52	6.83	6.15	6.9	5.75		5.3
CHEMBL5421636	O=C1NC(NC2COCCOC2)=N/C1=C\\c1ccc2ncsc2c1		CHEMBL5360622	Dual specificity protein kinase CLK1, Dual specificity protein kinase CLK2, Dual specificity protein kinase CLK3, Dual specificity protein kinase CLK4, Dual specificity tyrosine-phosphorylation-regulated kinase 1A, Dual specificity tyrosine-phosphorylation-regulated kinase 1B, Dual specificity tyrosine-phosphorylation-regulated kinase 2, Dual specificity tyrosine-phosphorylation-regulated kinase 3, Dual specificity tyrosine-phosphorylation-regulated kinase 4	CHEMBL5421636	8.4	7.8	7.96	6.86	6.91	6.07	6.62	6.31	6.07			
CHEMBL5422096	Cc1cnc(CNC2=N/C(=C\\c3ccc4ncsc4c3)C(=O)N2)cn1		CHEMBL5360622	Dual specificity protein kinase CLK1, Dual specificity protein kinase CLK2, Dual specificity protein kinase CLK3, Dual specificity protein kinase CLK4, Dual specificity tyrosine-phosphorylation-regulated kinase 1A, Dual specificity tyrosine-phosphorylation-regulated kinase 1B, Dual specificity tyrosine-phosphorylation-regulated kinase 2, Dual specificity tyrosine-phosphorylation-regulated kinase 3, Dual specificity tyrosine-phosphorylation-regulated kinase 4, Glycogen synthase kinase-3 beta	CHEMBL5422096	7.5	7.12	6.73	6.52	6.7	5.7	5.4	5.38	5.08	5.04		
CHEMBL5422100	O=C1NC(NCC23CC4CC(CC(C4)C2)C3)=N/C1=C\\c1ccc2ncsc2c1		CHEMBL5360622	Dual specificity protein kinase CLK1, Dual specificity protein kinase CLK2, Dual specificity protein kinase CLK3, Dual specificity protein kinase CLK4, Dual specificity tyrosine-phosphorylation-regulated kinase 1A, Dual specificity tyrosine-phosphorylation-regulated kinase 1B, Dual specificity tyrosine-phosphorylation-regulated kinase 3, Dual specificity tyrosine-phosphorylation-regulated kinase 4	CHEMBL5422100	7.92	7.7	7.92	7.43	7.32	5.42		5.83	5.43			
CHEMBL5422295	O=C1NC(N[C@@H](CO)CC2CCCC2)=N/C1=C\\c1ccc2ncsc2c1		CHEMBL5360622	Dual specificity protein kinase CLK1, Dual specificity protein kinase CLK2, Dual specificity protein kinase CLK3, Dual specificity protein kinase CLK4, Dual specificity tyrosine-phosphorylation-regulated kinase 1A, Dual specificity tyrosine-phosphorylation-regulated kinase 1B, Dual specificity tyrosine-phosphorylation-regulated kinase 2, Dual specificity tyrosine-phosphorylation-regulated kinase 3, Dual specificity tyrosine-phosphorylation-regulated kinase 4, Glycogen synthase kinase-3 beta	CHEMBL5422295	7.92	7.7	7.36	7.4	7.37	5.68	5.4	5.83	5.76	5.54		
CHEMBL5422413	O=C1NC(NC2CCCCC2)=N/C1=C\\c1ccc2[nH]ncc2c1		CHEMBL5360622	Dual specificity protein kinase CLK1, Dual specificity protein kinase CLK2, Dual specificity protein kinase CLK3, Dual specificity protein kinase CLK4, Dual specificity tyrosine-phosphorylation-regulated kinase 1A, Dual specificity tyrosine-phosphorylation-regulated kinase 1B, Dual specificity tyrosine-phosphorylation-regulated kinase 2, Dual specificity tyrosine-phosphorylation-regulated kinase 3	CHEMBL5422413	6.82	6.27	6.58	5.63	5.86	5.61	5.54	6.1				
CHEMBL5422486	O=C1NC(NC23CC4(F)CC(F)(CC(F)(C4)C2)C3)=N/C1=C\\c1ccc2ncsc2c1		CHEMBL5360622	Casein kinase I isoform epsilon, Cyclin-dependent kinase 5/CDK5 activator 1, Dual specificity protein kinase CLK1, Dual specificity protein kinase CLK3, Dual specificity protein kinase CLK4, Dual specificity tyrosine-phosphorylation-regulated kinase 1A, Dual specificity tyrosine-phosphorylation-regulated kinase 1B, Dual specificity tyrosine-phosphorylation-regulated kinase 2, Dual specificity tyrosine-phosphorylation-regulated kinase 3, Dual specificity tyrosine-phosphorylation-regulated kinase	CHEMBL5422486	8.4	7.96	9		9	8.7	8	7.05	6.84	7.03	7.6	7.21
CHEMBL5422654	CC(=O)NC12CC3CC(C1)CC(NC1=N/C(=C\\c4ccc5ncsc5c4)C(=O)N1)(C3)C2		CHEMBL5360622	Casein kinase I isoform epsilon, Cyclin-dependent kinase 5/CDK5 activator 1, Dual specificity protein kinase CLK1, Dual specificity protein kinase CLK2, Dual specificity protein kinase CLK3, Dual specificity protein kinase CLK4, Dual specificity tyrosine-phosphorylation-regulated kinase 1A, Dual specificity tyrosine-phosphorylation-regulated kinase 1B, Dual specificity tyrosine-phosphorylation-regulated kinase 2, Dual specificity tyrosine-phosphorylation-regulated kinase 3, Dual specificity tyro	CHEMBL5422654	8.7	8.22	9	8.52	8.4	7.66	7.21	6.21	6.58	6.18	6.21	5.92
CHEMBL5422857	CO[C@H]1CCCC[C@@H](NC2=N/C(=C\\c3ccc4ncsc4c3)C(=O)N2)C1		CHEMBL5360622	Dual specificity protein kinase CLK1, Dual specificity protein kinase CLK2, Dual specificity protein kinase CLK3, Dual specificity protein kinase CLK4, Dual specificity tyrosine-phosphorylation-regulated kinase 1A, Dual specificity tyrosine-phosphorylation-regulated kinase 1B, Dual specificity tyrosine-phosphorylation-regulated kinase 2, Dual specificity tyrosine-phosphorylation-regulated kinase 3, Dual specificity tyrosine-phosphorylation-regulated kinase 4, Glycogen synthase kinase-3 beta	CHEMBL5422857	8.3	7.85	7.92	7.41	7.7	6	6.79	6.09	6.29	5.55		
CHEMBL5422936	O=C1NC(N[C@H]2CC[C@H](O)CC2)=N/C1=C\\c1ccc2ncsc2c1		CHEMBL5360622	Cyclin-dependent kinase 5/CDK5 activator 1, Dual specificity protein kinase CLK1, Dual specificity protein kinase CLK2, Dual specificity protein kinase CLK3, Dual specificity protein kinase CLK4, Dual specificity tyrosine-phosphorylation-regulated kinase 1A, Dual specificity tyrosine-phosphorylation-regulated kinase 1B, Dual specificity tyrosine-phosphorylation-regulated kinase 2, Dual specificity tyrosine-phosphorylation-regulated kinase 3, Dual specificity tyrosine-phosphorylation-regulated ki	CHEMBL5422936	8.15	7.54	7.66	7.01	6.95	6.09	6.2	6.41	5.75	5.02	5.3	
CHEMBL5423063	Cc1ccc(CNC2=N/C(=C\\c3ccc4ncsc4c3)C(=O)N2)c(C)c1		CHEMBL5360622	Dual specificity protein kinase CLK1, Dual specificity protein kinase CLK2, Dual specificity protein kinase CLK3, Dual specificity protein kinase CLK4, Dual specificity tyrosine-phosphorylation-regulated kinase 1A, Dual specificity tyrosine-phosphorylation-regulated kinase 1B, Dual specificity tyrosine-phosphorylation-regulated kinase 2, Dual specificity tyrosine-phosphorylation-regulated kinase 3, Dual specificity tyrosine-phosphorylation-regulated kinase 4	CHEMBL5423063	8.15	8	7.57	7.39	7.11	5.38	5.23	6.29	5.04			
CHEMBL5423211	CCCCCCc1ccc(NC2=N/C(=C\\c3ccc4ncsc4c3)C(=O)N2)cc1		CHEMBL5360622	Dual specificity protein kinase CLK1, Dual specificity protein kinase CLK2, Dual specificity protein kinase CLK4	CHEMBL5423211	5.5	5.56		4.85								
CHEMBL5423245	Cn1cnc2ccc(/C=C3\\N=C(NC4CCCCCC4)NC3=O)cc21		CHEMBL5360622	Cyclin-dependent kinase 5/CDK5 activator 1, Dual specificity protein kinase CLK1, Dual specificity protein kinase CLK2, Dual specificity protein kinase CLK3, Dual specificity protein kinase CLK4, Dual specificity tyrosine-phosphorylation-regulated kinase 1A, Dual specificity tyrosine-phosphorylation-regulated kinase 1B, Dual specificity tyrosine-phosphorylation-regulated kinase 2, Dual specificity tyrosine-phosphorylation-regulated kinase 3, Dual specificity tyrosine-phosphorylation-regulated ki	CHEMBL5423245	8.4	7.77	7.17	6.99	7.16	6.12	5.83	6.09	5.98		5.06	
CHEMBL5423395	O=C1NC(N[C@@H]2CCC[C@@H]2O)=N/C1=C\\c1ccc2ncsc2c1		CHEMBL5360622	Dual specificity protein kinase CLK1, Dual specificity protein kinase CLK2, Dual specificity protein kinase CLK3, Dual specificity protein kinase CLK4, Dual specificity tyrosine-phosphorylation-regulated kinase 1A, Dual specificity tyrosine-phosphorylation-regulated kinase 1B, Dual specificity tyrosine-phosphorylation-regulated kinase 2, Dual specificity tyrosine-phosphorylation-regulated kinase 3, Dual specificity tyrosine-phosphorylation-regulated kinase 4	CHEMBL5423395	7.54	7.12	6.91	6.01	6.6	5.83	5.92	6.27	6.35			
CHEMBL5423402	COC(CNC1=N/C(=C\\c2ccc3ncsc3c2)C(=O)N1)C1CCCCC1		CHEMBL5360622	Dual specificity protein kinase CLK1, Dual specificity protein kinase CLK2, Dual specificity protein kinase CLK3, Dual specificity protein kinase CLK4, Dual specificity tyrosine-phosphorylation-regulated kinase 1A, Dual specificity tyrosine-phosphorylation-regulated kinase 1B, Dual specificity tyrosine-phosphorylation-regulated kinase 2, Dual specificity tyrosine-phosphorylation-regulated kinase 3, Dual specificity tyrosine-phosphorylation-regulated kinase 4, Glycogen synthase kinase-3 beta	CHEMBL5423402	8.15	7.75	8.15	7.04	7.17	5.78	5.77	6.58	5.97	5.25		
CHEMBL5423406	CC1(NC2=N/C(=C\\c3ccc4ncsc4c3)C(=O)N2)CCNC1=O		CHEMBL5360622	Dual specificity protein kinase CLK1, Dual specificity protein kinase CLK2, Dual specificity protein kinase CLK3, Dual specificity protein kinase CLK4, Dual specificity tyrosine-phosphorylation-regulated kinase 1A, Dual specificity tyrosine-phosphorylation-regulated kinase 1B, Dual specificity tyrosine-phosphorylation-regulated kinase 2, Dual specificity tyrosine-phosphorylation-regulated kinase 3, Dual specificity tyrosine-phosphorylation-regulated kinase 4, Glycogen synthase kinase-3 beta	CHEMBL5423406	8.3	7.77	7.64	7.25	6.34	6.23	6.72	6.27	6.23	5.2		
CHEMBL5423580	O=C1NC(N[C@H]2CCCCC[C@@H]2O)=N/C1=C\\c1ccc2ncsc2c1		CHEMBL5360622	Dual specificity protein kinase CLK1, Dual specificity protein kinase CLK2, Dual specificity protein kinase CLK3, Dual specificity protein kinase CLK4, Dual specificity tyrosine-phosphorylation-regulated kinase 1A, Dual specificity tyrosine-phosphorylation-regulated kinase 1B, Dual specificity tyrosine-phosphorylation-regulated kinase 2, Dual specificity tyrosine-phosphorylation-regulated kinase 3, Dual specificity tyrosine-phosphorylation-regulated kinase 4, Glycogen synthase kinase-3 beta	CHEMBL5423580	7.96	7.54	7.64	6.97	6.84	6.24	6.3	5.71	5.59	5.22		
CHEMBL5423907	COC(=O)[C@H](C)NC1=N/C(=C\\c2ccc3ncsc3c2)C(=O)N1		CHEMBL5360622	Dual specificity protein kinase CLK1, Dual specificity protein kinase CLK2, Dual specificity protein kinase CLK3, Dual specificity protein kinase CLK4, Dual specificity tyrosine-phosphorylation-regulated kinase 1A, Dual specificity tyrosine-phosphorylation-regulated kinase 1B, Dual specificity tyrosine-phosphorylation-regulated kinase 2, Dual specificity tyrosine-phosphorylation-regulated kinase 3, Dual specificity tyrosine-phosphorylation-regulated kinase 4, Glycogen synthase kinase-3 beta	CHEMBL5423907	8.15	7.7	8.15	7.07	7.18	5.91	6.38	6.55	5.64	5.29		
CHEMBL5424064	O=C1NC(Nc2ccc(F)cc2)=N/C1=C\\c1ccc2ncsc2c1		CHEMBL5360622	Dual specificity protein kinase CLK1, Dual specificity protein kinase CLK2, Dual specificity protein kinase CLK3, Dual specificity protein kinase CLK4, Dual specificity tyrosine-phosphorylation-regulated kinase 1A, Dual specificity tyrosine-phosphorylation-regulated kinase 1B, Dual specificity tyrosine-phosphorylation-regulated kinase 2, Dual specificity tyrosine-phosphorylation-regulated kinase 3, Dual specificity tyrosine-phosphorylation-regulated kinase 4	CHEMBL5424064	8	7.47	7.01	6.39	7.21	5.62	6.13	5.74	5.52			
CHEMBL5424074	COC(CNC1=N/C(=C\\c2ccc3ncsc3c2)C(=O)N1)c1ccccc1		CHEMBL5360622	Dual specificity protein kinase CLK1, Dual specificity protein kinase CLK2, Dual specificity protein kinase CLK3, Dual specificity protein kinase CLK4, Dual specificity tyrosine-phosphorylation-regulated kinase 1A, Dual specificity tyrosine-phosphorylation-regulated kinase 1B, Dual specificity tyrosine-phosphorylation-regulated kinase 2, Dual specificity tyrosine-phosphorylation-regulated kinase 3, Dual specificity tyrosine-phosphorylation-regulated kinase 4, Glycogen synthase kinase-3 beta	CHEMBL5424074	8.3	7.8	6.82	6.83	7.16	5.82	6.45	6.57	5.81	5.37		
CHEMBL5424272	O=C1NC(NC2CCCCOC2)=N/C1=C\\c1ccc2ncsc2c1		CHEMBL5360622	Cyclin-dependent kinase 5/CDK5 activator 1, Dual specificity protein kinase CLK1, Dual specificity protein kinase CLK2, Dual specificity protein kinase CLK3, Dual specificity protein kinase CLK4, Dual specificity tyrosine-phosphorylation-regulated kinase 1A, Dual specificity tyrosine-phosphorylation-regulated kinase 1B, Dual specificity tyrosine-phosphorylation-regulated kinase 2, Dual specificity tyrosine-phosphorylation-regulated kinase 3, Dual specificity tyrosine-phosphorylation-regulated ki	CHEMBL5424272	8.15	7.82	7.8	7.29	7.55	6.3	6.15	6.37	6.42	5.56	5.41	
CHEMBL5424295	O=C1NC(Nc2nncs2)=N/C1=C\\c1ccc2ncsc2c1		CHEMBL5360622	Dual specificity protein kinase CLK1, Dual specificity protein kinase CLK2, Dual specificity protein kinase CLK3, Dual specificity protein kinase CLK4, Dual specificity tyrosine-phosphorylation-regulated kinase 1A, Dual specificity tyrosine-phosphorylation-regulated kinase 1B, Dual specificity tyrosine-phosphorylation-regulated kinase 2, Dual specificity tyrosine-phosphorylation-regulated kinase 3, Dual specificity tyrosine-phosphorylation-regulated kinase 4, Glycogen synthase kinase-3 beta	CHEMBL5424295	7.51	7.09	6.73	6.35	6.94	6.34	6.79	5.97	6.02	5.21		
CHEMBL5424363	O=C1NC(N[C@H]2CCOC2)=N/C1=C\\c1ccc2ncsc2c1		CHEMBL5360622	Dual specificity protein kinase CLK1, Dual specificity protein kinase CLK2, Dual specificity protein kinase CLK3, Dual specificity protein kinase CLK4, Dual specificity tyrosine-phosphorylation-regulated kinase 1A, Dual specificity tyrosine-phosphorylation-regulated kinase 1B, Dual specificity tyrosine-phosphorylation-regulated kinase 2, Dual specificity tyrosine-phosphorylation-regulated kinase 3, Dual specificity tyrosine-phosphorylation-regulated kinase 4, Glycogen synthase kinase-3 beta	CHEMBL5424363	7.89	7.33	7.35	6.4	6.71	6.01	6.64	6.39	5.98	5.18		
CHEMBL5425381	CO[C@H]1CCC[C@H]1NC1=N/C(=C\\c2ccc3ncsc3c2)C(=O)N1		CHEMBL5360622	Dual specificity protein kinase CLK1, Dual specificity protein kinase CLK2, Dual specificity protein kinase CLK3, Dual specificity protein kinase CLK4, Dual specificity tyrosine-phosphorylation-regulated kinase 1A, Dual specificity tyrosine-phosphorylation-regulated kinase 1B, Dual specificity tyrosine-phosphorylation-regulated kinase 2, Dual specificity tyrosine-phosphorylation-regulated kinase 3, Dual specificity tyrosine-phosphorylation-regulated kinase 4, Glycogen synthase kinase-3 beta	CHEMBL5425381	7.36	7.04	6.81	6.29	6.56	5.85	5.68	6	6.29	5		
CHEMBL5425492	O=C1NC(NCC2CCOCC2)=N/C1=C\\c1ccc2ncsc2c1		CHEMBL5360622	Dual specificity protein kinase CLK1, Dual specificity protein kinase CLK2, Dual specificity protein kinase CLK3, Dual specificity protein kinase CLK4, Dual specificity tyrosine-phosphorylation-regulated kinase 1A, Dual specificity tyrosine-phosphorylation-regulated kinase 1B, Dual specificity tyrosine-phosphorylation-regulated kinase 2, Dual specificity tyrosine-phosphorylation-regulated kinase 3, Dual specificity tyrosine-phosphorylation-regulated kinase 4	CHEMBL5425492	7.92	7.5	6.86	7.03	6.8	5.95	6.09	6.16	5.89			
CHEMBL5425635	O=C1NC(N[C@@H]2CCOC2)=N/C1=C\\c1ccc2ncsc2c1		CHEMBL5360622	Dual specificity protein kinase CLK1, Dual specificity protein kinase CLK2, Dual specificity protein kinase CLK3, Dual specificity protein kinase CLK4, Dual specificity tyrosine-phosphorylation-regulated kinase 1A, Dual specificity tyrosine-phosphorylation-regulated kinase 1B, Dual specificity tyrosine-phosphorylation-regulated kinase 2, Dual specificity tyrosine-phosphorylation-regulated kinase 3, Dual specificity tyrosine-phosphorylation-regulated kinase 4	CHEMBL5425635	7.64	7.2	6.72	6.39	6.61	5.62	5.63	6.13	5.56			
CHEMBL5425748	O=C1NC(NC2CCCCCC2)=N/C1=C\\c1ccc2c(c1)CCO2		CHEMBL5360622	Dual specificity protein kinase CLK1, Dual specificity protein kinase CLK2, Dual specificity protein kinase CLK4, Dual specificity tyrosine-phosphorylation-regulated kinase 1A, Dual specificity tyrosine-phosphorylation-regulated kinase 1B, Dual specificity tyrosine-phosphorylation-regulated kinase 3, Dual specificity tyrosine-phosphorylation-regulated kinase 4	CHEMBL5425748	8.05	7.62	7.11	5.83	6.4	5.38			5.31			
CHEMBL5425792	Cn1cc2cc(/C=C3\\N=C(NC4CCCCCC4)NC3=O)ccc2n1		CHEMBL5360622	Dual specificity protein kinase CLK1, Dual specificity protein kinase CLK2, Dual specificity protein kinase CLK3, Dual specificity protein kinase CLK4, Dual specificity tyrosine-phosphorylation-regulated kinase 1A, Dual specificity tyrosine-phosphorylation-regulated kinase 1B, Dual specificity tyrosine-phosphorylation-regulated kinase 2, Dual specificity tyrosine-phosphorylation-regulated kinase 3, Dual specificity tyrosine-phosphorylation-regulated kinase 4	CHEMBL5425792	7.26	7.17	7.17	5.66	6.9	5.99	5.82	5.85	5.52			
CHEMBL5426049	CC[C@H](CO)NC1=N/C(=C\\c2ccc3ncsc3c2)C(=O)N1		CHEMBL5360622	Dual specificity protein kinase CLK1, Dual specificity protein kinase CLK2, Dual specificity protein kinase CLK3, Dual specificity protein kinase CLK4, Dual specificity tyrosine-phosphorylation-regulated kinase 1A, Dual specificity tyrosine-phosphorylation-regulated kinase 1B, Dual specificity tyrosine-phosphorylation-regulated kinase 2, Dual specificity tyrosine-phosphorylation-regulated kinase 3, Dual specificity tyrosine-phosphorylation-regulated kinase 4	CHEMBL5426049	7.6	7.43	7.36	6.67	7.09	5.93	5.81	5.94	5.79			
CHEMBL5426285	COC[C@@H](CC(C)C)NC1=N/C(=C\\c2ccc3ncsc3c2)C(=O)N1	5-(6-BENZOTHIAZOLYLMETHYLENE)-3,5-DIHYDRO-2-(((1S)-1-(METHOXYMETHYL)-3-METHYLBUTYL)AMINO)-4H-IMIDAZOL-4-ONE, (5Z)-	CHEMBL5360622	Dual specificity protein kinase CLK1, Dual specificity protein kinase CLK2, Dual specificity protein kinase CLK3, Dual specificity protein kinase CLK4, Dual specificity tyrosine-phosphorylation-regulated kinase 1A, Dual specificity tyrosine-phosphorylation-regulated kinase 1B, Dual specificity tyrosine-phosphorylation-regulated kinase 2, Dual specificity tyrosine-phosphorylation-regulated kinase 3, Dual specificity tyrosine-phosphorylation-regulated kinase 4, Glycogen synthase kinase-3 beta	CHEMBL5426285	8.22	8.05	8.52	7.42	8.1	5.82	6.56	6.68	6.61	5.83		
CHEMBL5426588	CN1CCC2(CC1)CC(NC1=N/C(=C\\c3ccc4ncsc4c3)C(=O)N1)C2		CHEMBL5360622	Dual specificity protein kinase CLK1, Dual specificity protein kinase CLK2, Dual specificity protein kinase CLK3, Dual specificity protein kinase CLK4, Dual specificity tyrosine-phosphorylation-regulated kinase 1A, Dual specificity tyrosine-phosphorylation-regulated kinase 1B, Dual specificity tyrosine-phosphorylation-regulated kinase 2, Dual specificity tyrosine-phosphorylation-regulated kinase 3	CHEMBL5426588	6.97	6.84	5.14	6.07	5.77	6.39	5.35	5.13				
CHEMBL5426735	CC(C)C[C@H](CF)NC1=N/C(=C\\c2ccc3ncsc3c2)C(=O)N1		CHEMBL5360622	Dual specificity protein kinase CLK1, Dual specificity protein kinase CLK2, Dual specificity protein kinase CLK3, Dual specificity protein kinase CLK4, Dual specificity tyrosine-phosphorylation-regulated kinase 1A, Dual specificity tyrosine-phosphorylation-regulated kinase 1B, Dual specificity tyrosine-phosphorylation-regulated kinase 2, Dual specificity tyrosine-phosphorylation-regulated kinase 3, Dual specificity tyrosine-phosphorylation-regulated kinase 4, Glycogen synthase kinase-3 beta	CHEMBL5426735	8.52	8.05	8.52	7.57	8.05	6.18	6.36	6.39	6.03	5.81		
CHEMBL5426807	CN1CCN(c2cnc(NC3=N/C(=C\\c4ccc5ncsc5c4)C(=O)N3)cn2)CC1		CHEMBL5360622	Dual specificity protein kinase CLK1, Dual specificity protein kinase CLK2, Dual specificity protein kinase CLK3, Dual specificity protein kinase CLK4, Dual specificity tyrosine-phosphorylation-regulated kinase 1A, Dual specificity tyrosine-phosphorylation-regulated kinase 1B, Dual specificity tyrosine-phosphorylation-regulated kinase 2, Dual specificity tyrosine-phosphorylation-regulated kinase 3, Dual specificity tyrosine-phosphorylation-regulated kinase 4, Glycogen synthase kinase-3 beta	CHEMBL5426807	7.54	7.26	6.55	6.92	6.61	6.8	6.1	5.67	5.95	5.38		
CHEMBL5427325	O=C1NC(Nc2cccnc2)=N/C1=C\\c1ccc2ncsc2c1		CHEMBL5360622	Dual specificity protein kinase CLK1, Dual specificity protein kinase CLK2, Dual specificity protein kinase CLK3, Dual specificity protein kinase CLK4, Dual specificity tyrosine-phosphorylation-regulated kinase 1A, Dual specificity tyrosine-phosphorylation-regulated kinase 1B, Dual specificity tyrosine-phosphorylation-regulated kinase 2, Dual specificity tyrosine-phosphorylation-regulated kinase 3, Dual specificity tyrosine-phosphorylation-regulated kinase 4	CHEMBL5427325	8.3	7.8	6.9	7.08	7.09	6.16	6.14	6.7	5.88			
CHEMBL5427398	O=C1NC(NC2CCC(F)(F)C2)=N/C1=C\\c1ccc2ncsc2c1		CHEMBL5360622	Cyclin-dependent kinase 5/CDK5 activator 1, Dual specificity protein kinase CLK1, Dual specificity protein kinase CLK2, Dual specificity protein kinase CLK3, Dual specificity protein kinase CLK4, Dual specificity tyrosine-phosphorylation-regulated kinase 1A, Dual specificity tyrosine-phosphorylation-regulated kinase 1B, Dual specificity tyrosine-phosphorylation-regulated kinase 2, Dual specificity tyrosine-phosphorylation-regulated kinase 3, Dual specificity tyrosine-phosphorylation-regulated ki	CHEMBL5427398	8.52	8.05	7.75	7.41	7.51	6.52	6.41	6.76	6.49	5.33	5.26	
CHEMBL5427523	O=C1NC(N[C@@H]2CCCC[C@@H]2O)=N/C1=C\\c1ccc2ncsc2c1		CHEMBL5360622	Dual specificity protein kinase CLK1, Dual specificity protein kinase CLK2, Dual specificity protein kinase CLK3, Dual specificity protein kinase CLK4, Dual specificity tyrosine-phosphorylation-regulated kinase 1A, Dual specificity tyrosine-phosphorylation-regulated kinase 1B, Dual specificity tyrosine-phosphorylation-regulated kinase 2, Dual specificity tyrosine-phosphorylation-regulated kinase 3, Dual specificity tyrosine-phosphorylation-regulated kinase 4, Glycogen synthase kinase-3 beta	CHEMBL5427523	8.22	7.66	7.82	7.04	7.33	6.3	6.62	6.3	6.08	5.09		
CHEMBL5427842	CO[C@H]1CCC[C@@H]1NC1=N/C(=C\\c2ccc3ncsc3c2)C(=O)N1		CHEMBL5360622	Dual specificity protein kinase CLK1, Dual specificity protein kinase CLK2, Dual specificity protein kinase CLK3, Dual specificity protein kinase CLK4, Dual specificity tyrosine-phosphorylation-regulated kinase 1A, Dual specificity tyrosine-phosphorylation-regulated kinase 1B, Dual specificity tyrosine-phosphorylation-regulated kinase 2, Dual specificity tyrosine-phosphorylation-regulated kinase 3, Dual specificity tyrosine-phosphorylation-regulated kinase 4, Glycogen synthase kinase-3 beta	CHEMBL5427842	8.3	8	7.92	8	7.64	6.42	6.53	7.28	6.84	5.45		
CHEMBL5427895	O=C1NC(NC2CC3(CCC3)C2)=N/C1=C\\c1ccc2ncsc2c1		CHEMBL5360622	Dual specificity protein kinase CLK1, Dual specificity protein kinase CLK2, Dual specificity protein kinase CLK3, Dual specificity protein kinase CLK4, Dual specificity tyrosine-phosphorylation-regulated kinase 1A, Dual specificity tyrosine-phosphorylation-regulated kinase 1B, Dual specificity tyrosine-phosphorylation-regulated kinase 2, Dual specificity tyrosine-phosphorylation-regulated kinase 3, Dual specificity tyrosine-phosphorylation-regulated kinase 4, Glycogen synthase kinase-3 beta	CHEMBL5427895	8.15	7.77	5.8	6.74	6.82	6.06	5.97	6.67	6.03	5.34		
CHEMBL5428107	O=C1NC(N[C@H]2CN3CCC2CC3)=N/C1=C\\c1ccc2ncsc2c1		CHEMBL5360622	Dual specificity protein kinase CLK1, Dual specificity protein kinase CLK2, Dual specificity protein kinase CLK3, Dual specificity protein kinase CLK4, Dual specificity tyrosine-phosphorylation-regulated kinase 1A, Dual specificity tyrosine-phosphorylation-regulated kinase 1B, Dual specificity tyrosine-phosphorylation-regulated kinase 2, Dual specificity tyrosine-phosphorylation-regulated kinase 3, Dual specificity tyrosine-phosphorylation-regulated kinase 4	CHEMBL5428107	7.96	7.72	7.08	7.4	6.94	6.7	6.18	5.76	6.15			
CHEMBL5428132	O=C1NC(NC[C@@H](O)c2ccccc2)=N/C1=C\\c1ccc2ncsc2c1		CHEMBL5360622	Dual specificity protein kinase CLK1, Dual specificity protein kinase CLK2, Dual specificity protein kinase CLK3, Dual specificity protein kinase CLK4, Dual specificity tyrosine-phosphorylation-regulated kinase 1A, Dual specificity tyrosine-phosphorylation-regulated kinase 1B, Dual specificity tyrosine-phosphorylation-regulated kinase 2, Dual specificity tyrosine-phosphorylation-regulated kinase 3, Dual specificity tyrosine-phosphorylation-regulated kinase 4, Glycogen synthase kinase-3 beta	CHEMBL5428132	8.3	7.89	7.85	7.23	7.58	6.31	7.8	6.71	6.74	5.58		
CHEMBL5428562	CN1CC[C@](C)(NC2=N/C(=C\\c3ccc4ncsc4c3)C(=O)N2)C1=O		CHEMBL5360622	Dual specificity protein kinase CLK1, Dual specificity protein kinase CLK2, Dual specificity protein kinase CLK3, Dual specificity protein kinase CLK4, Dual specificity tyrosine-phosphorylation-regulated kinase 1A, Dual specificity tyrosine-phosphorylation-regulated kinase 1B, Dual specificity tyrosine-phosphorylation-regulated kinase 2, Dual specificity tyrosine-phosphorylation-regulated kinase 3, Dual specificity tyrosine-phosphorylation-regulated kinase 4	CHEMBL5428562	7.37	6.9	6.92	6.35	6.52	5.83	5.77	6.03	5.77			
CHEMBL5428588	CC(C)C[C@H](COCc1ccccc1)NC1=N/C(=C\\c2ccc3ncsc3c2)C(=O)N1		CHEMBL5360622	Dual specificity protein kinase CLK1, Dual specificity protein kinase CLK2, Dual specificity protein kinase CLK3, Dual specificity protein kinase CLK4, Dual specificity tyrosine-phosphorylation-regulated kinase 1A, Dual specificity tyrosine-phosphorylation-regulated kinase 1B, Dual specificity tyrosine-phosphorylation-regulated kinase 2, Dual specificity tyrosine-phosphorylation-regulated kinase 3, Dual specificity tyrosine-phosphorylation-regulated kinase 4, Glycogen synthase kinase-3 beta	CHEMBL5428588	7.07	6.66	7.15	5.65	6.66	5.26	6.02	5.24	5.57	5.29		
CHEMBL5428629	CO[C@@H]1CCCCC[C@H]1NC1=N/C(=C\\c2ccc3ncsc3c2)C(=O)N1		CHEMBL5360622	Dual specificity protein kinase CLK1, Dual specificity protein kinase CLK2, Dual specificity protein kinase CLK3, Dual specificity protein kinase CLK4, Dual specificity tyrosine-phosphorylation-regulated kinase 1A, Dual specificity tyrosine-phosphorylation-regulated kinase 1B, Dual specificity tyrosine-phosphorylation-regulated kinase 2, Dual specificity tyrosine-phosphorylation-regulated kinase 3, Dual specificity tyrosine-phosphorylation-regulated kinase 4, Glycogen synthase kinase-3 beta	CHEMBL5428629	8.1	7.75	7.68	6.86	7.48	6.48	6.41	6.88	6.64	5.26		
CHEMBL5428651	O=C1NC(N[C@H]2C3CC4CC2C[C@](O)(C4)C3)=N/C1=C\\c1ccc2ncsc2c1		CHEMBL5360622	Casein kinase I isoform epsilon, Cyclin-dependent kinase 5/CDK5 activator 1, Dual specificity protein kinase CLK1, Dual specificity protein kinase CLK2, Dual specificity protein kinase CLK3, Dual specificity protein kinase CLK4, Dual specificity tyrosine-phosphorylation-regulated kinase 1A, Dual specificity tyrosine-phosphorylation-regulated kinase 1B, Dual specificity tyrosine-phosphorylation-regulated kinase 2, Dual specificity tyrosine-phosphorylation-regulated kinase 3, Dual specificity tyro	CHEMBL5428651	9	8.4	9	7.96	8	6.91	6.53	6.2	6.49	5.27	5.64	5.01
CHEMBL5428794	COC(=O)[C@H](CC(C)C)NC1=N/C(=C\\c2ccc3ncsc3c2)C(=O)N1		CHEMBL5360622	Dual specificity protein kinase CLK1, Dual specificity protein kinase CLK2, Dual specificity protein kinase CLK3, Dual specificity protein kinase CLK4, Dual specificity tyrosine-phosphorylation-regulated kinase 1A, Dual specificity tyrosine-phosphorylation-regulated kinase 1B, Dual specificity tyrosine-phosphorylation-regulated kinase 2, Dual specificity tyrosine-phosphorylation-regulated kinase 3, Dual specificity tyrosine-phosphorylation-regulated kinase 4, Glycogen synthase kinase-3 beta	CHEMBL5428794	7.77	7.7	7.77	6.66	6.71	5.81	6.04	5.77	6.09	5.39		
CHEMBL5429086	CO[C@H]1CC[C@H](NC2=N/C(=C\\c3ccc4ncsc4c3)C(=O)N2)CC1		CHEMBL5360622	Dual specificity protein kinase CLK1, Dual specificity protein kinase CLK2, Dual specificity protein kinase CLK3, Dual specificity protein kinase CLK4, Dual specificity tyrosine-phosphorylation-regulated kinase 1A, Dual specificity tyrosine-phosphorylation-regulated kinase 1B, Dual specificity tyrosine-phosphorylation-regulated kinase 2, Dual specificity tyrosine-phosphorylation-regulated kinase 3, Dual specificity tyrosine-phosphorylation-regulated kinase 4, Glycogen synthase kinase-3 beta	CHEMBL5429086	7.62	7	7.03	6.29	6.66	5.72	5.64	6.06	5.58	4.89		
CHEMBL5429272	CO[C@H]1CCC[C@@H](NC2=N/C(=C\\c3ccc4ncsc4c3)C(=O)N2)CC1		CHEMBL5360622	Dual specificity protein kinase CLK1, Dual specificity protein kinase CLK2, Dual specificity protein kinase CLK3, Dual specificity protein kinase CLK4, Dual specificity tyrosine-phosphorylation-regulated kinase 1A, Dual specificity tyrosine-phosphorylation-regulated kinase 1B, Dual specificity tyrosine-phosphorylation-regulated kinase 2, Dual specificity tyrosine-phosphorylation-regulated kinase 3, Dual specificity tyrosine-phosphorylation-regulated kinase 4, Glycogen synthase kinase-3 beta	CHEMBL5429272	7.82	7.5	7.82	6.58	7.09	5.84	6.24	6.01	5.99	5.03		
CHEMBL5429357	O=C1NC(NC2CCNC2=O)=N/C1=C\\c1ccc2ncsc2c1		CHEMBL5360622	Dual specificity protein kinase CLK1, Dual specificity protein kinase CLK2, Dual specificity protein kinase CLK3, Dual specificity protein kinase CLK4, Dual specificity tyrosine-phosphorylation-regulated kinase 1A, Dual specificity tyrosine-phosphorylation-regulated kinase 1B, Dual specificity tyrosine-phosphorylation-regulated kinase 2, Dual specificity tyrosine-phosphorylation-regulated kinase 3, Dual specificity tyrosine-phosphorylation-regulated kinase 4	CHEMBL5429357	7.48	7.01	6.7	5.99	5.78	5.59	5.78	5.94	5.51			
CHEMBL5429404	O=C1NC(N[C@H]2c3ccccc3C[C@@H]2O)=N/C1=C\\c1ccc2ncsc2c1		CHEMBL5360622	Dual specificity protein kinase CLK1, Dual specificity protein kinase CLK2, Dual specificity protein kinase CLK3, Dual specificity protein kinase CLK4, Dual specificity tyrosine-phosphorylation-regulated kinase 1A, Dual specificity tyrosine-phosphorylation-regulated kinase 1B, Dual specificity tyrosine-phosphorylation-regulated kinase 2, Dual specificity tyrosine-phosphorylation-regulated kinase 3, Dual specificity tyrosine-phosphorylation-regulated kinase 4, Glycogen synthase kinase-3 beta	CHEMBL5429404	8.52	7.96	8.3	8.7	8.7	6.07	5.81	6.15	5.69	6.37		
CHEMBL5429595	O=C1NC(NC2CCC2)=N/C1=C\\c1ccc2ncsc2c1		CHEMBL5360622	Dual specificity protein kinase CLK1, Dual specificity protein kinase CLK2, Dual specificity protein kinase CLK3, Dual specificity protein kinase CLK4, Dual specificity tyrosine-phosphorylation-regulated kinase 1A, Dual specificity tyrosine-phosphorylation-regulated kinase 1B, Dual specificity tyrosine-phosphorylation-regulated kinase 2, Dual specificity tyrosine-phosphorylation-regulated kinase 3, Dual specificity tyrosine-phosphorylation-regulated kinase 4, Glycogen synthase kinase-3 beta	CHEMBL5429595	7.64	7.21	6.7	6.21	6.6	5.86	5.99	6	5.92	5.19		
CHEMBL5429703	O=C1NC(N[C@H]2CCCC[C@H]2O)=N/C1=C\\c1ccc2ncsc2c1		CHEMBL5360622	Dual specificity protein kinase CLK1, Dual specificity protein kinase CLK2, Dual specificity protein kinase CLK3, Dual specificity protein kinase CLK4, Dual specificity tyrosine-phosphorylation-regulated kinase 1A, Dual specificity tyrosine-phosphorylation-regulated kinase 1B, Dual specificity tyrosine-phosphorylation-regulated kinase 2, Dual specificity tyrosine-phosphorylation-regulated kinase 3, Dual specificity tyrosine-phosphorylation-regulated kinase 4	CHEMBL5429703	7.82	7.28	7.29	6.42	6.4	6.14	6.29	5.97	5.83			
CHEMBL5429707	CN1CC[C@@](C)(NC2=N/C(=C\\c3ccc4ncsc4c3)C(=O)N2)C1=O		CHEMBL5360622	Dual specificity protein kinase CLK1, Dual specificity protein kinase CLK2, Dual specificity protein kinase CLK3, Dual specificity protein kinase CLK4, Dual specificity tyrosine-phosphorylation-regulated kinase 1A, Dual specificity tyrosine-phosphorylation-regulated kinase 1B, Dual specificity tyrosine-phosphorylation-regulated kinase 2, Dual specificity tyrosine-phosphorylation-regulated kinase 3, Dual specificity tyrosine-phosphorylation-regulated kinase 4, Glycogen synthase kinase-3 beta	CHEMBL5429707	8.4	7.96	7.54	7.55	7.18	6.41	6.1	5.95	5.77	5.76		
CHEMBL5429783	O=C1NC(N[C@H](CO)c2ccccc2)=N/C1=C\\c1ccc2ncsc2c1		CHEMBL5360622	Dual specificity protein kinase CLK1, Dual specificity protein kinase CLK2, Dual specificity protein kinase CLK3, Dual specificity protein kinase CLK4, Dual specificity tyrosine-phosphorylation-regulated kinase 1A, Dual specificity tyrosine-phosphorylation-regulated kinase 1B, Dual specificity tyrosine-phosphorylation-regulated kinase 2, Dual specificity tyrosine-phosphorylation-regulated kinase 3, Dual specificity tyrosine-phosphorylation-regulated kinase 4, Glycogen synthase kinase-3 beta	CHEMBL5429783	8.22	7.64	8.3	7.41	7.34	6.49	6.6	6.75	6	5.8		
CHEMBL5429789	O=C1NC(N[C@@H]2CCC[C@H]2O)=N/C1=C\\c1ccc2ncsc2c1		CHEMBL5360622	Dual specificity protein kinase CLK1, Dual specificity protein kinase CLK2, Dual specificity protein kinase CLK3, Dual specificity protein kinase CLK4, Dual specificity tyrosine-phosphorylation-regulated kinase 1A, Dual specificity tyrosine-phosphorylation-regulated kinase 1B, Dual specificity tyrosine-phosphorylation-regulated kinase 2, Dual specificity tyrosine-phosphorylation-regulated kinase 3, Dual specificity tyrosine-phosphorylation-regulated kinase 4	CHEMBL5429789	8.22	7.82	7.34	6.79	6.82	6.12	6.33	6.65	6.26			
CHEMBL5430192	O=C1NC(NC2CCCCCCC2)=N/C1=C\\c1ccc2ncsc2c1		CHEMBL5360622	Dual specificity protein kinase CLK1, Dual specificity protein kinase CLK2, Dual specificity protein kinase CLK3, Dual specificity protein kinase CLK4, Dual specificity tyrosine-phosphorylation-regulated kinase 1A, Dual specificity tyrosine-phosphorylation-regulated kinase 1B, Dual specificity tyrosine-phosphorylation-regulated kinase 2, Dual specificity tyrosine-phosphorylation-regulated kinase 3, Dual specificity tyrosine-phosphorylation-regulated kinase 4, Glycogen synthase kinase-3 beta	CHEMBL5430192	8.15	8	8.3	8.4	8.05	6.88	6.4	6.2	6.33	5.37		
CHEMBL5430262	O=C1NC(NC[C@H](O)c2ccccc2)=N/C1=C\\c1ccc2ncsc2c1		CHEMBL5360622	Dual specificity protein kinase CLK1, Dual specificity protein kinase CLK2, Dual specificity protein kinase CLK3, Dual specificity protein kinase CLK4, Dual specificity tyrosine-phosphorylation-regulated kinase 1A, Dual specificity tyrosine-phosphorylation-regulated kinase 1B, Dual specificity tyrosine-phosphorylation-regulated kinase 2, Dual specificity tyrosine-phosphorylation-regulated kinase 3, Dual specificity tyrosine-phosphorylation-regulated kinase 4	CHEMBL5430262	8.15	7.92	7.92	7.44	7.62	6.04	6.38	7.42	5.37			
CHEMBL5430357	O=C1NC(NC2CCCCC2)=N/C1=C\\c1ccc2ncsc2c1		CHEMBL5360622	Casein kinase I isoform epsilon, Cyclin-dependent kinase 5/CDK5 activator 1, Dual specificity protein kinase CLK1, Dual specificity protein kinase CLK2, Dual specificity protein kinase CLK3, Dual specificity protein kinase CLK4, Dual specificity tyrosine-phosphorylation-regulated kinase 1A, Dual specificity tyrosine-phosphorylation-regulated kinase 1B, Dual specificity tyrosine-phosphorylation-regulated kinase 2, Dual specificity tyrosine-phosphorylation-regulated kinase 3, Dual specificity tyro	CHEMBL5430357	7.92	7.68	7.34	6.55	7.17	6.32	6.2	6.1	6.18	5.15	5.17	5.01
CHEMBL5430415	O=C1NC(NCc2ccccc2C(F)(F)F)=N/C1=C\\c1ccc2ncsc2c1		CHEMBL5360622	Dual specificity protein kinase CLK1, Dual specificity protein kinase CLK2, Dual specificity protein kinase CLK3, Dual specificity protein kinase CLK4, Dual specificity tyrosine-phosphorylation-regulated kinase 1A, Dual specificity tyrosine-phosphorylation-regulated kinase 1B, Dual specificity tyrosine-phosphorylation-regulated kinase 2, Dual specificity tyrosine-phosphorylation-regulated kinase 3, Dual specificity tyrosine-phosphorylation-regulated kinase 4, Glycogen synthase kinase-3 beta	CHEMBL5430415	8.4	8.22	8.22	7.82	7.85	6.36	6.25	6.87	5.59	5.16		
CHEMBL5430485	C[C@@H](NC1=N/C(=C\\c2ccc3ncsc3c2)C(=O)N1)C1CCCCC1		CHEMBL5360622	Dual specificity protein kinase CLK1, Dual specificity protein kinase CLK2, Dual specificity protein kinase CLK3, Dual specificity protein kinase CLK4, Dual specificity tyrosine-phosphorylation-regulated kinase 1A, Dual specificity tyrosine-phosphorylation-regulated kinase 1B, Dual specificity tyrosine-phosphorylation-regulated kinase 2, Dual specificity tyrosine-phosphorylation-regulated kinase 3, Dual specificity tyrosine-phosphorylation-regulated kinase 4	CHEMBL5430485	7.44	7.36	7.02	6.52	6.59	5.53	5.44	5.52	5.22			
CHEMBL5430718	O=C1NC(NC2CCOCC2)=N/C1=C\\c1ccc2ncsc2c1		CHEMBL5360622	Dual specificity protein kinase CLK1, Dual specificity protein kinase CLK2, Dual specificity protein kinase CLK3, Dual specificity protein kinase CLK4, Dual specificity tyrosine-phosphorylation-regulated kinase 1A, Dual specificity tyrosine-phosphorylation-regulated kinase 1B, Dual specificity tyrosine-phosphorylation-regulated kinase 2, Dual specificity tyrosine-phosphorylation-regulated kinase 3, Dual specificity tyrosine-phosphorylation-regulated kinase 4	CHEMBL5430718	8.1	7.62	6.8	6.76	6.6	5.78	5.92	5.89	5.9			
CHEMBL5430824	O=C1NC(NC2CCCCCC2)=N/C1=C\\c1ccc2ncoc2c1		CHEMBL5360622	Dual specificity protein kinase CLK1, Dual specificity protein kinase CLK2, Dual specificity protein kinase CLK3, Dual specificity protein kinase CLK4, Dual specificity tyrosine-phosphorylation-regulated kinase 1A, Dual specificity tyrosine-phosphorylation-regulated kinase 1B, Dual specificity tyrosine-phosphorylation-regulated kinase 2, Dual specificity tyrosine-phosphorylation-regulated kinase 3, Dual specificity tyrosine-phosphorylation-regulated kinase 4, Glycogen synthase kinase-3 beta	CHEMBL5430824	7.96	7.75	7.89	6.76	7.82	5.94	6.25	6.54	6.21	5.52		
CHEMBL5430988	O=C1NC(NC2Cc3ccccc3C2)=N/C1=C\\c1ccc2ncsc2c1		CHEMBL5360622	Dual specificity protein kinase CLK1, Dual specificity protein kinase CLK2, Dual specificity protein kinase CLK4, Dual specificity tyrosine-phosphorylation-regulated kinase 1A, Dual specificity tyrosine-phosphorylation-regulated kinase 1B	CHEMBL5430988	7.92	7.28	6.43	5.61	5.65							
CHEMBL5431345	O=C1NC(N[C@@H]2COCC[C@H]2O)=N/C1=C\\c1ccc2ncsc2c1		CHEMBL5360622	Dual specificity protein kinase CLK1, Dual specificity protein kinase CLK2, Dual specificity protein kinase CLK3, Dual specificity protein kinase CLK4, Dual specificity tyrosine-phosphorylation-regulated kinase 1A, Dual specificity tyrosine-phosphorylation-regulated kinase 1B, Dual specificity tyrosine-phosphorylation-regulated kinase 2, Dual specificity tyrosine-phosphorylation-regulated kinase 3, Dual specificity tyrosine-phosphorylation-regulated kinase 4	CHEMBL5431345	7.89	7.33	7.5	6.4	6.89	6.06	6.27	6.18	6.15			
CHEMBL5431414	O=C1NC(NCc2ccccc2OC(F)(F)F)=N/C1=C\\c1ccc2ncsc2c1		CHEMBL5360622	Dual specificity protein kinase CLK1, Dual specificity protein kinase CLK2, Dual specificity protein kinase CLK3, Dual specificity protein kinase CLK4, Dual specificity tyrosine-phosphorylation-regulated kinase 1A, Dual specificity tyrosine-phosphorylation-regulated kinase 1B	CHEMBL5431414	7.43	7.47	6.41	6.91	6.2			5.54				
CHEMBL5431535	O=C1NC(N[C@@H](CO)CC2CCCCC2)=N/C1=C\\c1ccc2ncsc2c1		CHEMBL5360622	Dual specificity protein kinase CLK1, Dual specificity protein kinase CLK2, Dual specificity protein kinase CLK3, Dual specificity protein kinase CLK4, Dual specificity tyrosine-phosphorylation-regulated kinase 1A, Dual specificity tyrosine-phosphorylation-regulated kinase 1B, Dual specificity tyrosine-phosphorylation-regulated kinase 4, Glycogen synthase kinase-3 beta	CHEMBL5431535	7.58	7.52	7.3	7	7.04			5.36	5.51	5.48		
CHEMBL5432464	CC(C)(C)OC(=O)N1CCC(CNC2=N/C(=C\\c3ccc4ncsc4c3)C(=O)N2)CC1		CHEMBL5360622	Dual specificity protein kinase CLK2, Dual specificity protein kinase CLK3, Dual specificity protein kinase CLK4, Dual specificity tyrosine-phosphorylation-regulated kinase 1A, Dual specificity tyrosine-phosphorylation-regulated kinase 1B, Dual specificity tyrosine-phosphorylation-regulated kinase 2, Glycogen synthase kinase-3 beta	CHEMBL5432464	6.17		6.07	5.66	5.79		5.2	5.07		5.28		
CHEMBL5432739	O=C1NC(NC2CCC(F)(F)CC2)=N/C1=C\\c1ccc2ncsc2c1		CHEMBL5360622	Dual specificity protein kinase CLK1, Dual specificity protein kinase CLK2, Dual specificity protein kinase CLK3, Dual specificity protein kinase CLK4, Dual specificity tyrosine-phosphorylation-regulated kinase 1A, Dual specificity tyrosine-phosphorylation-regulated kinase 1B, Dual specificity tyrosine-phosphorylation-regulated kinase 2, Dual specificity tyrosine-phosphorylation-regulated kinase 3, Dual specificity tyrosine-phosphorylation-regulated kinase 4	CHEMBL5432739	8.05	7.68	7.38	7.01	7.2	6.09	6.34	6.33	5.71			
CHEMBL5433142	C[C@@H]1CCCC[C@H]1NC1=N/C(=C\\c2ccc3ncsc3c2)C(=O)N1		CHEMBL5360622	Dual specificity protein kinase CLK1, Dual specificity protein kinase CLK2, Dual specificity protein kinase CLK3, Dual specificity protein kinase CLK4, Dual specificity tyrosine-phosphorylation-regulated kinase 1A, Dual specificity tyrosine-phosphorylation-regulated kinase 1B, Dual specificity tyrosine-phosphorylation-regulated kinase 2, Dual specificity tyrosine-phosphorylation-regulated kinase 3, Dual specificity tyrosine-phosphorylation-regulated kinase 4, Glycogen synthase kinase-3 beta	CHEMBL5433142	8.15	7.77	7.8	6.94	7.14	6.28	6.26	6.04	6.27	5.08		
CHEMBL5433242	O=C1CC[C@H](NC2=N/C(=C\\c3ccc4ncsc4c3)C(=O)N2)CN1		CHEMBL5360622	Dual specificity protein kinase CLK1, Dual specificity protein kinase CLK2, Dual specificity protein kinase CLK3, Dual specificity protein kinase CLK4, Dual specificity tyrosine-phosphorylation-regulated kinase 1A, Dual specificity tyrosine-phosphorylation-regulated kinase 1B, Dual specificity tyrosine-phosphorylation-regulated kinase 2, Dual specificity tyrosine-phosphorylation-regulated kinase 3, Dual specificity tyrosine-phosphorylation-regulated kinase 4, Glycogen synthase kinase-3 beta	CHEMBL5433242	7.66	7.19	7.21	6.33	6.65	6.46	6.18	5.94	5.49	5.09		
CHEMBL5433644	CC(=O)N1CCc2ccc(NC3=N/C(=C\\c4ccc5ncsc5c4)C(=O)N3)cc21		CHEMBL5360622	Dual specificity protein kinase CLK1, Dual specificity protein kinase CLK2, Dual specificity protein kinase CLK3, Dual specificity protein kinase CLK4, Dual specificity tyrosine-phosphorylation-regulated kinase 1A, Dual specificity tyrosine-phosphorylation-regulated kinase 1B, Dual specificity tyrosine-phosphorylation-regulated kinase 2, Dual specificity tyrosine-phosphorylation-regulated kinase 3, Dual specificity tyrosine-phosphorylation-regulated kinase 4, Glycogen synthase kinase-3 beta	CHEMBL5433644	7.68	7.07	6.79	6.06	6.14	6.35	6.59	5.65	6.15	5.74		
CHEMBL5434048	O=C1NC(NC23CC4CC(CC(C4)C2)C3)=N/C1=C\\c1ccc2nnsc2c1		CHEMBL5360622	Dual specificity protein kinase CLK1, Dual specificity protein kinase CLK2, Dual specificity protein kinase CLK4, Dual specificity tyrosine-phosphorylation-regulated kinase 1A, Dual specificity tyrosine-phosphorylation-regulated kinase 1B, Dual specificity tyrosine-phosphorylation-regulated kinase 2, Dual specificity tyrosine-phosphorylation-regulated kinase 3	CHEMBL5434048	7.66	7.13	6.81	6.5	6.66	5.61	5.05					
CHEMBL5434213	O=C1NC(N[C@@H]2CN3CCC2CC3)=N/C1=C\\c1ccc2ncsc2c1		CHEMBL5360622	Dual specificity protein kinase CLK1, Dual specificity protein kinase CLK2, Dual specificity protein kinase CLK3, Dual specificity protein kinase CLK4, Dual specificity tyrosine-phosphorylation-regulated kinase 1A, Dual specificity tyrosine-phosphorylation-regulated kinase 1B, Dual specificity tyrosine-phosphorylation-regulated kinase 2, Dual specificity tyrosine-phosphorylation-regulated kinase 3	CHEMBL5434213	6.77	6.42	6.2	5.93	5.53	6.32	6.04	5.36				
CHEMBL5434349	Cc1csc(CNC2=N/C(=C\\c3ccc4ncsc4c3)C(=O)N2)n1		CHEMBL5360622	Dual specificity protein kinase CLK1, Dual specificity protein kinase CLK2, Dual specificity protein kinase CLK3, Dual specificity protein kinase CLK4, Dual specificity tyrosine-phosphorylation-regulated kinase 1A, Dual specificity tyrosine-phosphorylation-regulated kinase 1B, Dual specificity tyrosine-phosphorylation-regulated kinase 2, Dual specificity tyrosine-phosphorylation-regulated kinase 3, Dual specificity tyrosine-phosphorylation-regulated kinase 4, Glycogen synthase kinase-3 beta	CHEMBL5434349	8	7.77	7.5	7.48	7.38	5.74	5.86	6.42	6.02	5.67		
CHEMBL5434728	O=C1NC(NCc2ccncc2)=N/C1=C\\c1ccc2ncsc2c1		CHEMBL5360622	Dual specificity protein kinase CLK1, Dual specificity protein kinase CLK2, Dual specificity protein kinase CLK3, Dual specificity protein kinase CLK4, Dual specificity tyrosine-phosphorylation-regulated kinase 1A, Dual specificity tyrosine-phosphorylation-regulated kinase 1B, Dual specificity tyrosine-phosphorylation-regulated kinase 2, Dual specificity tyrosine-phosphorylation-regulated kinase 3, Dual specificity tyrosine-phosphorylation-regulated kinase 4, Glycogen synthase kinase-3 beta	CHEMBL5434728	8.1	7.68	7	6.96	6.8	5.99	6.21	5.91	5.91	5.49		
CHEMBL5434778	Cc1ccc(NC2=N/C(=C\\c3ccc4ncsc4c3)C(=O)N2)cc1F		CHEMBL5360622	Dual specificity protein kinase CLK1, Dual specificity protein kinase CLK2, Dual specificity protein kinase CLK4, Dual specificity tyrosine-phosphorylation-regulated kinase 1A, Dual specificity tyrosine-phosphorylation-regulated kinase 1B, Dual specificity tyrosine-phosphorylation-regulated kinase 2, Dual specificity tyrosine-phosphorylation-regulated kinase 3	CHEMBL5434778	7.15	6.48	6.59	5.45	5.53	5.51	5.18					
CHEMBL5434921	O=C1NC(NC2CC23CCCCC3)=N/C1=C\\c1ccc2ncsc2c1		CHEMBL5360622	Dual specificity protein kinase CLK1, Dual specificity protein kinase CLK2, Dual specificity protein kinase CLK3, Dual specificity protein kinase CLK4, Dual specificity tyrosine-phosphorylation-regulated kinase 1A, Dual specificity tyrosine-phosphorylation-regulated kinase 1B, Dual specificity tyrosine-phosphorylation-regulated kinase 2, Dual specificity tyrosine-phosphorylation-regulated kinase 3, Dual specificity tyrosine-phosphorylation-regulated kinase 4, Glycogen synthase kinase-3 beta	CHEMBL5434921	8.22	7.96	8.4	8.4	7.89	6.46	6.45	6.47	6.03	6.07		
CHEMBL5434955	COC(=O)[C@H](Cc1ccccc1)NC1=N/C(=C\\c2ccc3ncsc3c2)C(=O)N1		CHEMBL5360622	Dual specificity protein kinase CLK1, Dual specificity protein kinase CLK2, Dual specificity protein kinase CLK3, Dual specificity protein kinase CLK4, Dual specificity tyrosine-phosphorylation-regulated kinase 1A, Dual specificity tyrosine-phosphorylation-regulated kinase 1B, Dual specificity tyrosine-phosphorylation-regulated kinase 2, Dual specificity tyrosine-phosphorylation-regulated kinase 3, Dual specificity tyrosine-phosphorylation-regulated kinase 4	CHEMBL5434955	7.8	7.55	7.46	6.65	7.14	5.67	6.67	5.73	6.35			
CHEMBL5435490	O=C1NC(N[C@@H](CO)Cc2ccccc2)=N/C1=C\\c1ccc2ncsc2c1		CHEMBL5360622	Dual specificity protein kinase CLK1, Dual specificity protein kinase CLK2, Dual specificity protein kinase CLK3, Dual specificity protein kinase CLK4, Dual specificity tyrosine-phosphorylation-regulated kinase 1A, Dual specificity tyrosine-phosphorylation-regulated kinase 1B, Dual specificity tyrosine-phosphorylation-regulated kinase 2, Dual specificity tyrosine-phosphorylation-regulated kinase 3, Dual specificity tyrosine-phosphorylation-regulated kinase 4, Glycogen synthase kinase-3 beta	CHEMBL5435490	7.85	7.57	7.52	7.05	7.16	5.37	6.05	6.53	5.94	5.56		
CHEMBL5435495	C[C@]12CC3CC(NC4=N/C(=C\\c5ccc6ncsc6c5)C(=O)N4)(C1)C[C@@](C)(C3)C2		CHEMBL5360622	Dual specificity protein kinase CLK1, Dual specificity protein kinase CLK2, Dual specificity protein kinase CLK4, Dual specificity tyrosine-phosphorylation-regulated kinase 1A, Dual specificity tyrosine-phosphorylation-regulated kinase 1B, Dual specificity tyrosine-phosphorylation-regulated kinase 2, Dual specificity tyrosine-phosphorylation-regulated kinase 3, Dual specificity tyrosine-phosphorylation-regulated kinase 4, Glycogen synthase kinase-3 beta	CHEMBL5435495	6.88	6.84	7.18	7.22	6.93	5.94	5.34		5.67	5.55		
CHEMBL5435718	O=C1NC(NC2CCCCC2)=N/C1=C\\c1ccc2scnc2c1		CHEMBL5360622	Dual specificity protein kinase CLK4, Dual specificity tyrosine-phosphorylation-regulated kinase 1A	CHEMBL5435718	5.14		5.24									
CHEMBL5435753	Cc1nc2ccc(/C=C3\\N=C(NC4CCCCCC4)NC3=O)cc2s1		CHEMBL5360622	Dual specificity protein kinase CLK1, Dual specificity protein kinase CLK2, Dual specificity protein kinase CLK4, Dual specificity tyrosine-phosphorylation-regulated kinase 1A, Dual specificity tyrosine-phosphorylation-regulated kinase 1B, Dual specificity tyrosine-phosphorylation-regulated kinase 2, Dual specificity tyrosine-phosphorylation-regulated kinase 3	CHEMBL5435753	7.47	6.84	6.96	5.25	6.65	5.49	5.64					
CHEMBL5436133	O=C1NC(NCC(O)C2CCCCC2)=N/C1=C\\c1ccc2ncsc2c1		CHEMBL5360622	Casein kinase I isoform epsilon, Dual specificity protein kinase CLK1, Dual specificity protein kinase CLK2, Dual specificity protein kinase CLK3, Dual specificity protein kinase CLK4, Dual specificity tyrosine-phosphorylation-regulated kinase 1A, Dual specificity tyrosine-phosphorylation-regulated kinase 1B, Dual specificity tyrosine-phosphorylation-regulated kinase 2, Dual specificity tyrosine-phosphorylation-regulated kinase 3, Dual specificity tyrosine-phosphorylation-regulated kinase 4, Gly	CHEMBL5436133	8.3	7.92	7.89	7.34	7.29	6.45	5.96	6.52	6.5	5.51		5.16
CHEMBL5436147	CC1(C)CCC(NC2=N/C(=C\\c3ccc4ncsc4c3)C(=O)N2)CO1		CHEMBL5360622	Dual specificity protein kinase CLK1, Dual specificity protein kinase CLK2, Dual specificity protein kinase CLK3, Dual specificity protein kinase CLK4, Dual specificity tyrosine-phosphorylation-regulated kinase 1A, Dual specificity tyrosine-phosphorylation-regulated kinase 1B, Dual specificity tyrosine-phosphorylation-regulated kinase 2, Dual specificity tyrosine-phosphorylation-regulated kinase 3, Dual specificity tyrosine-phosphorylation-regulated kinase 4, Glycogen synthase kinase-3 beta	CHEMBL5436147	8.3	7.57	7.82	6.99	6.95	6.16	6.58	6.45	6.24	5.32		
CHEMBL5436754	CO[C@H]1CCC[C@H](NC2=N/C(=C\\c3ccc4ncsc4c3)C(=O)N2)C1		CHEMBL5360622	Dual specificity protein kinase CLK1, Dual specificity protein kinase CLK2, Dual specificity protein kinase CLK3, Dual specificity protein kinase CLK4, Dual specificity tyrosine-phosphorylation-regulated kinase 1A, Dual specificity tyrosine-phosphorylation-regulated kinase 1B, Dual specificity tyrosine-phosphorylation-regulated kinase 2, Dual specificity tyrosine-phosphorylation-regulated kinase 3, Dual specificity tyrosine-phosphorylation-regulated kinase 4, Glycogen synthase kinase-3 beta	CHEMBL5436754	8.05	7.8	7.96	7.24	7.52	5.84	6.33	7.14	6.14	5.25		
CHEMBL5437222	O=C1NC(NC2CCCCC2)=N/C1=C\\c1ccc2[nH]cnc2c1		CHEMBL5360622	Dual specificity protein kinase CLK1, Dual specificity protein kinase CLK2, Dual specificity protein kinase CLK3, Dual specificity protein kinase CLK4, Dual specificity tyrosine-phosphorylation-regulated kinase 1A, Dual specificity tyrosine-phosphorylation-regulated kinase 1B, Dual specificity tyrosine-phosphorylation-regulated kinase 2, Dual specificity tyrosine-phosphorylation-regulated kinase 3, Dual specificity tyrosine-phosphorylation-regulated kinase 4	CHEMBL5437222	7.43	6.05	6.63	5.86	6.69	5.73	5.48	5.72	5.73			
CHEMBL5437446	O=C1NC(Nc2cccc(C(F)(F)F)c2)=N/C1=C\\c1ccc2ncsc2c1		CHEMBL5360622	Dual specificity protein kinase CLK1, Dual specificity protein kinase CLK2, Dual specificity protein kinase CLK3, Dual specificity protein kinase CLK4, Dual specificity tyrosine-phosphorylation-regulated kinase 1A, Dual specificity tyrosine-phosphorylation-regulated kinase 1B, Dual specificity tyrosine-phosphorylation-regulated kinase 2, Dual specificity tyrosine-phosphorylation-regulated kinase 3	CHEMBL5437446	6.71	6.71	6.21	6.16	5.85	5.24	5.6	5.15				
CHEMBL5437649	CC(C)(C)C(=O)OC12CC3CC(CC(NC4=N/C(=C\\c5ccc6ncsc6c5)C(=O)N4)(C3)C1)C2		CHEMBL5360622	Dual specificity protein kinase CLK1, Dual specificity protein kinase CLK2, Dual specificity protein kinase CLK4, Dual specificity tyrosine-phosphorylation-regulated kinase 1A, Dual specificity tyrosine-phosphorylation-regulated kinase 1B	CHEMBL5437649	6.36	6.32	6.24	5.88	5.9							
CHEMBL5437778	O=C1NC(N[C@@H]2CCCC[C@@H](O)C2)=N/C1=C\\c1ccc2ncsc2c1		CHEMBL5360622	Dual specificity protein kinase CLK1, Dual specificity protein kinase CLK2, Dual specificity protein kinase CLK3, Dual specificity protein kinase CLK4, Dual specificity tyrosine-phosphorylation-regulated kinase 1A, Dual specificity tyrosine-phosphorylation-regulated kinase 1B, Dual specificity tyrosine-phosphorylation-regulated kinase 2, Dual specificity tyrosine-phosphorylation-regulated kinase 3, Dual specificity tyrosine-phosphorylation-regulated kinase 4, Glycogen synthase kinase-3 beta	CHEMBL5437778	8.52	7.77	8.52	7.62	7.57	6.15	6.59	6.51	5.9	5.36		
CHEMBL5437946	CC[C@@H](CO)NC1=N/C(=C\\c2ccc3ncsc3c2)C(=O)N1		CHEMBL5360622	Dual specificity protein kinase CLK1, Dual specificity protein kinase CLK2, Dual specificity protein kinase CLK3, Dual specificity protein kinase CLK4, Dual specificity tyrosine-phosphorylation-regulated kinase 1A, Dual specificity tyrosine-phosphorylation-regulated kinase 1B, Dual specificity tyrosine-phosphorylation-regulated kinase 2, Dual specificity tyrosine-phosphorylation-regulated kinase 3, Dual specificity tyrosine-phosphorylation-regulated kinase 4	CHEMBL5437946	7.41	7.17	6.97	6.32	6.79	6.02	5.76	5.8	5.5			
CHEMBL5438158	O=C1NC(NC23CC4CC(CC(F)(C4)C2)C3)=N/C1=C\\c1ccc2ncsc2c1		CHEMBL5360622	Casein kinase I isoform epsilon, Cyclin-dependent kinase 5/CDK5 activator 1, Dual specificity protein kinase CLK1, Dual specificity protein kinase CLK3, Dual specificity protein kinase CLK4, Dual specificity tyrosine-phosphorylation-regulated kinase 2, Dual specificity tyrosine-phosphorylation-regulated kinase 3, Dual specificity tyrosine-phosphorylation-regulated kinase 4, Glycogen synthase kinase-3 beta	CHEMBL5438158	8.3	8.15				7.92	7.89	6.71	7.33	6.77	6.84	6.21
CHEMBL5438293	O=C1NC(NC23CC4CC(CC(C4)C2)C3)=N/C1=C\\c1ccc2ncoc2c1		CHEMBL5360622	Cyclin-dependent kinase 5/CDK5 activator 1, Dual specificity protein kinase CLK1, Dual specificity protein kinase CLK2, Dual specificity protein kinase CLK3, Dual specificity protein kinase CLK4, Dual specificity tyrosine-phosphorylation-regulated kinase 1A, Dual specificity tyrosine-phosphorylation-regulated kinase 1B, Dual specificity tyrosine-phosphorylation-regulated kinase 2, Dual specificity tyrosine-phosphorylation-regulated kinase 3, Dual specificity tyrosine-phosphorylation-regulated ki	CHEMBL5438293	8.52	8.1	9	8.7	7.04	7.42	7.21	5.07	6.97	6.7	6.55	
CHEMBL5438325	O=C1NC(N[C@H]2CCC[C@H](O)CC2)=N/C1=C\\c1ccc2ncsc2c1		CHEMBL5360622	Dual specificity protein kinase CLK1, Dual specificity protein kinase CLK2, Dual specificity protein kinase CLK3, Dual specificity protein kinase CLK4, Dual specificity tyrosine-phosphorylation-regulated kinase 1A, Dual specificity tyrosine-phosphorylation-regulated kinase 1B, Dual specificity tyrosine-phosphorylation-regulated kinase 2, Dual specificity tyrosine-phosphorylation-regulated kinase 3, Dual specificity tyrosine-phosphorylation-regulated kinase 4, Glycogen synthase kinase-3 beta	CHEMBL5438325	8.4	8	7.89	7.23	7.72	6.42	6.42	6.06	6.16	5.17		
CHEMBL5438412	CC(C)C[C@@H](CF)NC1=N/C(=C\\c2ccc3ncsc3c2)C(=O)N1		CHEMBL5360622	Dual specificity protein kinase CLK1, Dual specificity protein kinase CLK2, Dual specificity protein kinase CLK3, Dual specificity protein kinase CLK4, Dual specificity tyrosine-phosphorylation-regulated kinase 1A, Dual specificity tyrosine-phosphorylation-regulated kinase 1B, Dual specificity tyrosine-phosphorylation-regulated kinase 2, Dual specificity tyrosine-phosphorylation-regulated kinase 3, Dual specificity tyrosine-phosphorylation-regulated kinase 4, Glycogen synthase kinase-3 beta	CHEMBL5438412	8.4	8.15	8.4	7.48	7.37	6.64	6.58	5.86	6.42	5.2		
CHEMBL5438852	CN(C)CC(NC1=N/C(=C\\c2ccc3ncsc3c2)C(=O)N1)c1ccccc1		CHEMBL5360622	Dual specificity protein kinase CLK1, Dual specificity protein kinase CLK2, Dual specificity protein kinase CLK3, Dual specificity protein kinase CLK4, Dual specificity tyrosine-phosphorylation-regulated kinase 1A, Dual specificity tyrosine-phosphorylation-regulated kinase 1B, Dual specificity tyrosine-phosphorylation-regulated kinase 3, Dual specificity tyrosine-phosphorylation-regulated kinase 4, Glycogen synthase kinase-3 beta	CHEMBL5438852	6.98	6.73	6.06	6.23	5.83	5.82		5.38	5.06	5.17		
CHEMBL5439185	Cc1ccc(CNC2=N/C(=C\\c3ccc4ncsc4c3)C(=O)N2)o1		CHEMBL5360622	Dual specificity protein kinase CLK1, Dual specificity protein kinase CLK2, Dual specificity protein kinase CLK3, Dual specificity protein kinase CLK4, Dual specificity tyrosine-phosphorylation-regulated kinase 1A, Dual specificity tyrosine-phosphorylation-regulated kinase 1B, Dual specificity tyrosine-phosphorylation-regulated kinase 2, Dual specificity tyrosine-phosphorylation-regulated kinase 3, Dual specificity tyrosine-phosphorylation-regulated kinase 4, Glycogen synthase kinase-3 beta	CHEMBL5439185	7.62	7.24	6.67	6.9	6.58	5.75	5.72	6.14	5.79	5.55		
CHEMBL5439392	COC[C@H](NC1=N/C(=C\\c2ccc3ncsc3c2)C(=O)N1)c1ccccc1		CHEMBL5360622	Dual specificity protein kinase CLK1, Dual specificity protein kinase CLK2, Dual specificity protein kinase CLK3, Dual specificity protein kinase CLK4, Dual specificity tyrosine-phosphorylation-regulated kinase 1A, Dual specificity tyrosine-phosphorylation-regulated kinase 1B, Dual specificity tyrosine-phosphorylation-regulated kinase 2, Dual specificity tyrosine-phosphorylation-regulated kinase 3, Dual specificity tyrosine-phosphorylation-regulated kinase 4, Glycogen synthase kinase-3 beta	CHEMBL5439392	8.4	8.3	8.4	7.82	8.1	5.97	6.8	6.9	6.47	5.29		
CHEMBL5439694	O=C1NC(NC2CCCC2)=N/C1=C\\c1ccc2ncsc2c1		CHEMBL5360622	Dual specificity protein kinase CLK1, Dual specificity protein kinase CLK2, Dual specificity protein kinase CLK3, Dual specificity protein kinase CLK4, Dual specificity tyrosine-phosphorylation-regulated kinase 1A, Dual specificity tyrosine-phosphorylation-regulated kinase 1B, Dual specificity tyrosine-phosphorylation-regulated kinase 2, Dual specificity tyrosine-phosphorylation-regulated kinase 3, Dual specificity tyrosine-phosphorylation-regulated kinase 4, Glycogen synthase kinase-3 beta	CHEMBL5439694	7.64	7.3	6.98	6.29	6.79	6.15	6.06	5.77	6	5.08		
CHEMBL5439952	O=C1NC(N[C@@H]2CCCCC[C@H]2O)=N/C1=C\\c1ccc2ncsc2c1		CHEMBL5360622	Dual specificity protein kinase CLK1, Dual specificity protein kinase CLK2, Dual specificity protein kinase CLK3, Dual specificity protein kinase CLK4, Dual specificity tyrosine-phosphorylation-regulated kinase 1A, Dual specificity tyrosine-phosphorylation-regulated kinase 1B, Dual specificity tyrosine-phosphorylation-regulated kinase 2, Dual specificity tyrosine-phosphorylation-regulated kinase 3, Dual specificity tyrosine-phosphorylation-regulated kinase 4, Glycogen synthase kinase-3 beta	CHEMBL5439952	8.05	8	7.72	7.12	7.21	6.2	6.19	6.86	6.45	5.16		
CHEMBL5439972	CN1CCC(CNC2=N/C(=C\\c3ccc4ncsc4c3)C(=O)N2)CC1		CHEMBL5360622	Dual specificity protein kinase CLK1, Dual specificity protein kinase CLK2, Dual specificity protein kinase CLK4, Dual specificity tyrosine-phosphorylation-regulated kinase 1A, Dual specificity tyrosine-phosphorylation-regulated kinase 1B, Dual specificity tyrosine-phosphorylation-regulated kinase 3	CHEMBL5439972	5.82	5.98	5.35	5.44	5.42	5.8						
CHEMBL5440139	CO[C@@H]1CCC[C@@H](NC2=N/C(=C\\c3ccc4ncsc4c3)C(=O)N2)C1		CHEMBL5360622	Dual specificity protein kinase CLK1, Dual specificity protein kinase CLK2, Dual specificity protein kinase CLK3, Dual specificity protein kinase CLK4, Dual specificity tyrosine-phosphorylation-regulated kinase 1A, Dual specificity tyrosine-phosphorylation-regulated kinase 1B, Dual specificity tyrosine-phosphorylation-regulated kinase 2, Dual specificity tyrosine-phosphorylation-regulated kinase 3, Dual specificity tyrosine-phosphorylation-regulated kinase 4, Glycogen synthase kinase-3 beta	CHEMBL5440139	8.4	8.05	7.85	7.48	7.47	6.87	6.96	6.24	6.92	5.24		
CHEMBL5440511	CO[C@@H]1CCCC[C@@H](NC2=N/C(=C\\c3ccc4ncsc4c3)C(=O)N2)C1		CHEMBL5360622	Dual specificity protein kinase CLK1, Dual specificity protein kinase CLK2, Dual specificity protein kinase CLK3, Dual specificity protein kinase CLK4, Dual specificity tyrosine-phosphorylation-regulated kinase 1A, Dual specificity tyrosine-phosphorylation-regulated kinase 1B, Dual specificity tyrosine-phosphorylation-regulated kinase 2, Dual specificity tyrosine-phosphorylation-regulated kinase 3, Dual specificity tyrosine-phosphorylation-regulated kinase 4, Glycogen synthase kinase-3 beta	CHEMBL5440511	8.52	7.89	7.68	7.62	7.46	6.57	6.96	6.4	6.39	5.3		
CHEMBL5499285	NC[C@H](NC1=N/C(=C\\c2ccc3ncsc3c2)C(=O)N1)c1ccccc1		CHEMBL5360622	Casein kinase I isoform epsilon, Cyclin-dependent kinase 5/CDK5 activator 1, Dual specificity protein kinase CLK1, Dual specificity protein kinase CLK2, Dual specificity protein kinase CLK3, Dual specificity protein kinase CLK4, Dual specificity tyrosine-phosphorylation-regulated kinase 1A, Dual specificity tyrosine-phosphorylation-regulated kinase 1B, Dual specificity tyrosine-phosphorylation-regulated kinase 2, Dual specificity tyrosine-phosphorylation-regulated kinase 3, Dual specificity tyro	CHEMBL5406081	8.05	7.8	7.92	7.8	7.75	6.94	6.29	6.43	6.76	5.95	5.63	5.56
CHEMBL5500103	CNCC(NC1=N/C(=C\\c2ccc3ncsc3c2)C(=O)N1)c1ccccc1		CHEMBL5360622	Casein kinase I isoform epsilon, Cyclin-dependent kinase 5/CDK5 activator 1, Dual specificity protein kinase CLK1, Dual specificity protein kinase CLK2, Dual specificity protein kinase CLK3, Dual specificity protein kinase CLK4, Dual specificity tyrosine-phosphorylation-regulated kinase 1A, Dual specificity tyrosine-phosphorylation-regulated kinase 1B, Dual specificity tyrosine-phosphorylation-regulated kinase 2, Dual specificity tyrosine-phosphorylation-regulated kinase 3, Dual specificity tyro	CHEMBL5439276	8.1	7.46	7.58	7.52	6.62	7.35	7.21	7.52	6.56	6.64	5.7	5.2
CHEMBL5500171	NCC(NC1=N/C(=C\\c2ccc3ncsc3c2)C(=O)N1)c1ccccc1		CHEMBL5360622	Casein kinase I isoform epsilon, Cyclin-dependent kinase 5/CDK5 activator 1, Dual specificity protein kinase CLK1, Dual specificity protein kinase CLK2, Dual specificity protein kinase CLK3, Dual specificity protein kinase CLK4, Dual specificity tyrosine-phosphorylation-regulated kinase 1A, Dual specificity tyrosine-phosphorylation-regulated kinase 1B, Dual specificity tyrosine-phosphorylation-regulated kinase 2, Dual specificity tyrosine-phosphorylation-regulated kinase 3, Dual specificity tyro	CHEMBL5438728	8.3	7.77	8.3	8.15	7.51	7.42	7.02	7.64	6.5	6.21	6.03	5.71
CHEMBL5500244	NC[C@@H](NC1=N/C(=C\\c2ccc3ncsc3c2)C(=O)N1)c1ccccc1		CHEMBL5360622	Casein kinase I isoform epsilon, Cyclin-dependent kinase 5/CDK5 activator 1, Dual specificity protein kinase CLK1, Dual specificity protein kinase CLK2, Dual specificity protein kinase CLK3, Dual specificity protein kinase CLK4, Dual specificity tyrosine-phosphorylation-regulated kinase 1A, Dual specificity tyrosine-phosphorylation-regulated kinase 1B, Dual specificity tyrosine-phosphorylation-regulated kinase 2, Dual specificity tyrosine-phosphorylation-regulated kinase 3, Dual specificity tyro	CHEMBL5441121	8.05	7.58	7.77	8.15	7.36	7.55	6.96	8	6.86	6.99	5.6	5.39
