compound_id	smiles	series	batch_id	source_id	synonyms	spark_achaogen_lpxc_pic50	spark_achaogen_lpxc_ic50_um	spark_achaogen_primary_mic_pseudomonas_aeruginosa_pmic	spark_achaogen_primary_mic_pseudomonas_aeruginosa_mic_um	spark_achaogen_primary_mic_escherichia_coli_pmic	spark_achaogen_primary_mic_escherichia_coli_mic_um	spark_achaogen_primary_mic_klebsiella_pneumoniae_pmic	spark_achaogen_primary_mic_klebsiella_pneumoniae_mic_um	spark_achaogen_primary_mic_staphylococcus_aureus_pmic	spark_achaogen_primary_mic_staphylococcus_aureus_mic_um	spark_achaogen_primary_mic_acinetobacter_baumannii_pmic	spark_achaogen_primary_mic_acinetobacter_baumannii_mic_um	spark_achaogen_primary_mic_yersinia_enterocolitica_pmic	spark_achaogen_primary_mic_yersinia_enterocolitica_mic_um	spark_achaogen_primary_mic_burkholderia_thailandensis_pmic	spark_achaogen_primary_mic_burkholderia_thailandensis_mic_um	spark_achaogen_lpxc_mic_acinetobacter_baumannii_pmic	spark_achaogen_lpxc_mic_acinetobacter_baumannii_mic_um	spark_achaogen_lpxc_mic_escherichia_coli_pmic	spark_achaogen_lpxc_mic_escherichia_coli_mic_um	spark_achaogen_lpxc_mic_burkholderia_cepacia_pmic	spark_achaogen_lpxc_mic_burkholderia_cepacia_mic_um	spark_achaogen_lpxc_mic_pseudomonas_aeruginosa_pmic	spark_achaogen_lpxc_mic_pseudomonas_aeruginosa_mic_um	spark_achaogen_lpxc_mic_klebsiella_pneumoniae_pmic	spark_achaogen_lpxc_mic_klebsiella_pneumoniae_mic_um	spark_achaogen_lpxc_mic_klebsiella_oxytoca_pmic	spark_achaogen_lpxc_mic_klebsiella_oxytoca_mic_um	spark_achaogen_lpxc_mic_achromobacter_spp_pmic	spark_achaogen_lpxc_mic_achromobacter_spp_mic_um	spark_achaogen_lpxc_mic_achromobacter_xylosoxidans_pmic	spark_achaogen_lpxc_mic_achromobacter_xylosoxidans_mic_um	spark_achaogen_lpxc_mic_ralstonia_mannitolytica_pmic	spark_achaogen_lpxc_mic_ralstonia_mannitolytica_mic_um	spark_achaogen_lpxc_mic_stenotrophomonas_spp_pmic	spark_achaogen_lpxc_mic_stenotrophomonas_spp_mic_um	spark_achaogen_lpxc_mic_stenotrophomonas_maltophilia_pmic	spark_achaogen_lpxc_mic_stenotrophomonas_maltophilia_mic_um	spark_achaogen_protein_binding_human_fraction_free_pct	spark_achaogen_protein_binding_rat_fraction_free_pct	spark_achaogen_protein_binding_mouse_fraction_free_pct	spark_achaogen_protein_binding_dog_fraction_free_pct	spark_achaogen_protein_binding_nhp_fraction_free_pct	spark_achaogen_cytotox_ic50_um	spark_achaogen_cytotox_r_squared	spark_achaogen_mic_population_mic50_ug_ml	spark_achaogen_mic_population_mic90_ug_ml	spark_achaogen_mic_population_min_mic_ug_ml	spark_achaogen_mic_population_max_mic_ug_ml	spark_achaogen_pae_clinical_isolate_mic5_ug_ml	spark_achaogen_pk_rat_iv_auc_0_inf_hr_ug_ml	spark_achaogen_pk_rat_iv_auc_0_t_hr_ug_ml	spark_achaogen_pk_rat_iv_cmax_ug_ml	spark_achaogen_pk_rat_iv_c0_ug_ml	spark_achaogen_pk_rat_iv_cl_l_hr_kg	spark_achaogen_pk_rat_iv_vss_l_kg	spark_achaogen_pk_rat_iv_free_auc_0_t_hr_ug_ml	spark_achaogen_pk_rat_iv_free_cmax_ug_ml	spark_achaogen_pk_rat_iv_free_cl_l_hr_kg
SPK-0125763	CC(C)(N)[C@H](NC(=O)C1=CC=C(C=C1)C#CC#CC1C[C@@H]1CO)C(N)=O	LpxC inhibitors	SPK-0125763-001																																																					6.1	6.1	31	62	1.6	0.84	1.2	5.8	8.6
SPK-0125762	CC(C)(O)[C@H](NC(=O)C1=CC=C(C=C1)C#C)C(N)=O	LpxC inhibitors	SPK-0125762-001																																																					47	38	13	15	0.21	1	16	5.7	0.62
SPK-0125761	CC(C)(O)[C@H](NC(=O)C1=CC=C(C=C1)C#CC#CC1CN(CCO)C1)C(N)=O	LpxC inhibitors	SPK-0125761-001																																																					2.2	2.2	8	13	4.6	2.3	1.1	4.1	8.7
SPK-0125717	COC1(CS(=O)(=O)C1)C(NC(=O)C1=CC=C(C=C1)C#C\\C=C/CCO)C(=O)NO	LpxC inhibitors	SPK-0125717-001	1	C000050563	8.57	0.0027	4.7	18.9	4.7	18.9	4.1	75.7																																										12.1									
SPK-0125716	COC1(CS(=O)(=O)C1)C(NC(=O)C1CCC(=CC1)C1=CC=CC=C1)C(=O)NO	LpxC inhibitors	SPK-0125716-001	1	C000050548	7.8	0.016	4.1	78.3	4	111	3.8	157																																										39.4									
SPK-0125715	COC1(CS(=O)(=O)C1)[C@@H](NC(=O)C1=CC=C(C=C1)C#CC#CCCO)C(=O)NO	LpxC inhibitors	SPK-0125715-001	1	C000050515	8.09	0.0081	4.5	35	4.9	12.4	4.2	70																																										18.4									
SPK-0125714	ONC(=O)[C@@H](NC(=O)C1=CC=C(C=C1)S(F)(F)(F)(F)F)C1(CNC1)C#C	LpxC inhibitors	SPK-0125714-001	1	C000050511	7.26	0.055	5.7	1.95	3.9	125	3.9	125																															42	42.4										1.15									
SPK-0125713	ONC(=O)[C@@H](NC(=O)C1=CC=C(C=C1)S(F)(F)(F)(F)F)C1(CNC1)C=C	LpxC inhibitors	SPK-0125713-001	1	C000050506	7.39	0.041	5.9	1.37	3.9	124	3.9	124																															48.6	41.8										1.07	5	4.9	23	40	2	2.2	2	9.8	4.9
SPK-0125712	CC#CC1=CC=C(C=C1)C(=O)N[C@H](C(=O)NO)C(C)(C)NS(=O)(=O)C1COC1	LpxC inhibitors	SPK-0125712-001	1	C000050500	8.85	0.0014	5.3	4.88	4.7	19.5	3.8	156																															34.9	34										4									
SPK-0125711	COC1(CNC1)C(NC(=O)C1=CC=C(C=C1)C(F)(F)F)C(=O)NO	LpxC inhibitors	SPK-0125711-001	1	C000050480			5.1	8.67	3.9	139	4.2	69.4																															64.2	66.9										6.96									
SPK-0125710	CCCC(=O)N[C@H](C(=O)NO)C(C)(C)N	LpxC inhibitors	SPK-0125710-001	1	C000050474			3.1	773	3.1	773	3.1	773																																										256									
SPK-0125709	CCOC1(CNC1)C(NC(=O)C1=CC=C(C=C1)S(F)(F)(F)(F)F)C(=O)NO	LpxC inhibitors	SPK-0125709-001	1	C000050470	6.89	0.13	5.1	8.78	3.9	140	3.9	140																															47.8	46.8										6.06									
SPK-0125708	CC1(CNC1)[C@H](NC(=O)C1=CC=C(C=C1)S(F)(F)(F)(F)F)C(=O)NO	LpxC inhibitors	SPK-0125708-001	1	C000050437	6.74	0.18	5.4	3.975	3.85	138.5	3.85	138.5																															56.1	51.4										2.415									
SPK-0125707	CC(C)(N)[C@H](NC(=O)C1=CC=C(C=C1)C#CC#CC1CC2(CNC2)C1)C(=O)NO	LpxC inhibitors	SPK-0125707-001	1	C000050435	8.54	0.0029	4.4	44.5	4.4	44.5	4.2	62.9																																										42.2									
SPK-0125706	CC(C)(O)[C@H](NC(=O)C1=CC=C(C=C1)C#CC#CC1CC2(C1)CN(C2)C=O)C(=O)NO	LpxC inhibitors	SPK-0125706-001	1	C000050424	9	0.001	5.3	4.72	6.1	0.835	5.6	2.36																															21.6	13.4										3.48									
SPK-0125705	[H]C(=O)N1CC(C1)(OC)C(NC(=O)C1=CC=C(C=C1)C#CC#CCCO)C(=O)NO	LpxC inhibitors	SPK-0125705-001	1	C000050412	8.15	0.007	4.1	80.1	3.9	113	3.8	160																																										48.5									
SPK-0125704	CC#CC1=CC=C(C=C1)C(=O)N[C@H](C(=O)NO)[C@](C)(O)C1CN(C)C1	LpxC inhibitors	SPK-0125704-001	1	C000050368			3.9	139	3.3	557	3.3	557																																										97									
SPK-0125703	CC#CC1=CC=C(C=C1)C(=O)N[C@H](C(=O)NO)[C@](C)(O)C1CNC1	LpxC inhibitors	SPK-0125703-001	1	C000050361			3.7	203	3.2	575	3.2	575																																										181									
SPK-0125702	ONC(=O)[C@@H](NC(=O)C1=CC=C(C=C1)S(F)(F)(F)(F)F)[C@H]1COCCN1	LpxC inhibitors	SPK-0125702-001	1	C000050355	7.32	0.048	4.7	19.7	3.2	632	3.2	632																																										9.85									
SPK-0125701	COC1(CNC1)C(NC(=O)C1=CC=C(C=C1)C#CC#CCCO)C(=O)NO	LpxC inhibitors	SPK-0125701-001	1	C000050344	7.25	0.056	4.5	33	3.9	132	3.6	264																																										19.7									
SPK-0125700	CC#CC1=CC=C(C=C1)C(=O)N[C@@H]([C@H]1COCCN1)C(=O)NO	LpxC inhibitors	SPK-0125700-001	1	C000050337	6.96	0.11	5	9.27	3.8	148	3.2	593																															39.1	55.9										8									
SPK-0125699	OCCC#CC#CC1=CC=C(C=C1)C(=O)N[C@@H](C(=O)NO)C1(O)CNC1	LpxC inhibitors	SPK-0125699-001	1	C000050333			3.3	543	3.3	543	3.3	543																																										256									
SPK-0125698	CC#CC1=CC=C(C=C1)C(=O)N[C@H](C(=O)NO)C(C)(C)NCC[N+](C)(C)C	LpxC inhibitors	SPK-0125698-001	1	C000050303	6.28	0.53	3.6	262	3.3	524	3.3	524																																										194									
SPK-0125697	CN1C(N)=NC(C)=C1C(NC(=O)C1=CC=C(I)C=C1)C(=O)NO	LpxC inhibitors	SPK-0125697-001	1	C000050298	4.3	50	3.3	471	3.3	471	3.3	471																																										256									
SPK-0125696	NC1CC(F)(C1)C(NC(=O)C1=CC=C(C=C1)C#CC#CCCO)C(=O)NO	LpxC inhibitors	SPK-0125696-001	1	C000050296	6.72	0.19	4.7	19.5	3.5	312	3.2	625																																										26									
SPK-0125695	CC(C)(NCC(F)F)[C@H](NC(=O)C1=CC=C(C=C1)C#CC#C[C@@H]1C[C@H]1CO)C(=O)NO	LpxC inhibitors	SPK-0125695-001	1	C000050294	8.66	0.0022	5.4	3.65	6.6	0.228	6.3	0.457															5.7	1.83															4.73	6.19						1	2	0.25	4	2.73									
SPK-0125694	CC#CC1=CCC(CC1)C(=O)N[C@H](C(=O)NO)C(C)(C)N	LpxC inhibitors	SPK-0125694-001	1	C000050284	6.23	0.59	4.9	12.4	3.4	444	3.2	628															5.3	4.91															62.6	56.9						4	16	2	16	7.29	2.8	2.8	8.3	15	3.6	3	1.6	4.7	6.2
SPK-0125693	CC#CC1=CC=C(C=C1)C(=O)N[C@H](C(=O)NO)C(C)(C)NCC(C)C	LpxC inhibitors	SPK-0125693-001	1	C000050279	7.06	0.088	4.9	12.3	4.9	12.3	4.8	17.4																																										9.19									
SPK-0125692	CC(C)(N)[C@H](NC(=O)C1=CC=C(OC(F)(F)F)N=C1)C(=O)NO	LpxC inhibitors	SPK-0125692-001	1	C000050273	6.27	0.54	4.9	12.6	3.5	284	3.2	569																																										8.78									
SPK-0125691	CC(C)([C@H](NC(=O)C1=CC=C(C=C1)C#CC#CCCO)C(=O)NO)S(=O)(=O)C1CNC1	LpxC inhibitors	SPK-0125691-001	1	C000050265	8.4	0.004	4.5	31.5	4.5	31.5	4.5	31.5																																										32	9.2	9.2	46	64	1.1	0.21			
SPK-0125690	CC(C)(N)[C@H](NC(=O)N1CCC[C@@H](F)C1)C(=O)NO	LpxC inhibitors	SPK-0125690-001	1	C000050259	4.2	63	3.3	463	3	926	3	926																																										104									
SPK-0125689	COC1CCCN(CC1)C(=O)N[C@H](C(=O)NO)C(C)(C)N	LpxC inhibitors	SPK-0125689-001	1	C000050253	4.46	35	3.2	615	3.2	615	3.2	615																																										256									
SPK-0125688	CC(C)(N)[C@H](NC(=O)C1CCN(CC(F)(F)F)CC1)C(=O)NO	LpxC inhibitors	SPK-0125688-001	1	C000050246	4.46	35	3.2	563	3.2	563	3.2	563																																										256									
SPK-0125687	CC(C)(N)[C@H](NC(=O)C1=CC=C(OC(F)F)N=C1)C(=O)NO	LpxC inhibitors	SPK-0125687-001	1	C000050238	5.735	4.735	5	9.25	3.8	148	3.2	592															5.3	4.63															70.6	64.5						2	8	1	16	6.06	2.8	2.7	11	18	3.7	2.6	1.7	7.4	5.7
SPK-0125686	C[C@@H](N)[C@H](NC(=O)C1=CC=C(OC(F)(F)F)C=C1)C(=O)NO	LpxC inhibitors	SPK-0125686-001	1	C000050232	5.885	5.085	5.4	4.43	3.2	566	3.2	566															5.6	2.62															33.7	9.96						1	4	0.5	4	2.04									
SPK-0125685	CC(C)(NCCO)[C@H](NC(=O)C1=CC=C(C=C1)C#C)C(=O)NO	LpxC inhibitors	SPK-0125685-001	1	C000050224	7.12	0.076	5	10.5	3.9	119	3.2	675																															62.1	67.1										6.96									
SPK-0125684	CC(C)(N)[C@H](NC(=O)N1CCC2(CC2)CC1)C(=O)NO	LpxC inhibitors	SPK-0125684-001	1	C000050221	5.72	1.9	4.5	28.4	3.3	454	3.2	643																															87.3	93.5										16									
SPK-0125683	CC(C)(N)[C@H](NC(=O)N1CC2(C1)CCCC2)C(=O)NO	LpxC inhibitors	SPK-0125683-001	1	C000050220	5.48	3.3	3.8	161	3.2	643	3.2	643																															93.5	91.8										59.7									
SPK-0125682	CC(C)(N)[C@H](NC(=O)N1CC2CC(C2)C1)C(=O)NO	LpxC inhibitors	SPK-0125682-001	1	C000050219	5.16	6.9	4.4	41.6	3.2	666	3.2	666																																										19.7									
SPK-0125681	COC1=CC=C(C(F)=C1)C1=CC=CN(CCC(C)(C(=O)NO)S(C)(=O)=O)C1=O	LpxC inhibitors	SPK-0125681-001	1	C000050218			3.8	155	3.8	155	3.8	155																																										64									
SPK-0125679	CC(C)(O)[C@H](NC(=O)C1=CC=C(C=C1)C#CC#CC1CN(C1)C(=O)C1CCC1)C(=O)NO	LpxC inhibitors	SPK-0125679-001	1	C000050192	8.89	0.0013	5.2	6.46	6.2	0.571	5.3	4.57																															9.01	8.77										3.48									
SPK-0125678	CC(C)(O)[C@H](NC(=O)C1=CC=C(C=C1)C#CC#CCCS(C)(=O)=O)C(=O)NO	LpxC inhibitors	SPK-0125678-001	1	C000050183	8.12	0.0075	4.7	19.7	5.3	4.92	4.6	27.8																																										10.6									
SPK-0125677	CC(C)([C@H](NCC1=NOC(=C1)C1=CC=CC=C1)C(=O)NO)S(C)(=O)=O	LpxC inhibitors	SPK-0125677-001	1	C000050169	7.57	0.027	4.5	30.8	4.1	87.1	3.8	174																																										13.9									
SPK-0125676	CN1C=NC(CS(=O)(=O)C(C)(C)[C@H](NC(=O)C2=CC=C(C=C2)C#CC#CCCO)C(=O)NO)=C1	LpxC inhibitors	SPK-0125676-001	1	C000050159	8.28	0.0053	5.1	8.22	4.9	11.6	4.8	16.4																															26.1	14.8										6.5									
SPK-0125675	CN1C=CN=C1CS(=O)(=O)C(C)(C)[C@H](NC(=O)C1=CC=C(C=C1)C#CC#CCCO)C(=O)NO	LpxC inhibitors	SPK-0125675-001	1	C000050157	8.44	0.0036	5.1	7.32	5.7	1.83	5.1	7.32																															27.3	19.2										4									
SPK-0125674	OCCC#CC#CC1=CC=C(C=C1)C(=O)N[C@H]([C@H]1COC(=O)N1)C(=O)NO	LpxC inhibitors	SPK-0125674-001	1	C000050153	5.7	2	3.8	172	3.8	172	3.8	172																																										64									
SPK-0125673	CC(C)([C@H](NC(=O)C1=CC=C(C=C1)C#CC#CCCO)C(=O)NO)S(=O)(=O)CC(O)CO	LpxC inhibitors	SPK-0125673-001	1	C000050141	8.62	0.0024	3.9	137	3.9	137	3.9	137																																										64									
SPK-0125672	CC(C)(NCCS(C)(=O)=O)[C@H](NC(=O)C1=CC=C(C=C1)C#CC#C[C@@H]1C[C@H]1CO)C(=O)NO	LpxC inhibitors	SPK-0125672-001	1	C000050122	7.2	0.063	4.6	23.8	4.6	23.8	4.5	33.6																																										16									
SPK-0125671	CC(C)S(=O)(=O)C(C)(C)[C@H](NC(=O)C1=CC=C(C=C1)C#CC#CCCO)C(=O)NO	LpxC inhibitors	SPK-0125671-001	1	C000050119	8.24	0.00575	5.6	2.3	5.9	1.15	5.3	4.6																															18.2	19.6										1.52	3.9	3.9	17	27	2.6	0.78	0.76	3.3	13
SPK-0125670	CC(C)(NS(N)(=O)=O)[C@H](NC(=O)C1=CC=C(C=C1)C#CC#CCCO)C(=O)NO	LpxC inhibitors	SPK-0125670-001	1	C000050118	8.52	0.003	4.1	75.7	5	9.47	4.3	53.6																																										29.9									
SPK-0125669	CN1C=NC=C1C(NC(=O)C1=CC=C(C=C1)C#CC#CCCO)C(=O)NO	LpxC inhibitors	SPK-0125669-001	1	C000050116	6.88	0.132	3.8	175	3.8	175	3.8	175																															35.4	28.5										64									
SPK-0125668	CC(C)(O)[C@H](NC(=O)C1=CC=C(C=C1)C#CC#CCOCCO)C(=O)NO	LpxC inhibitors	SPK-0125668-001	1	C000050065	6.7	0.2	3.8	171	3.8	171	3.8	171																																										64									
SPK-0125667	CNC(=O)C(C)(CCN1C=CC(=CC1=O)C1=C(F)C=C(OC)C=C1)C(=O)NO	LpxC inhibitors	SPK-0125667-001	1	C000050053			3.8	164	3.8	164	3.8	164															4.1	102.45																										64									
SPK-0125666	C[C@@H](O)[C@H](NC(=O)C1=CC=C(C=C1)C#C)C(=O)NO	LpxC inhibitors	SPK-0125666-001	1	C000050036	6.79	0.163	4.7	21.3	3.8	170	3.8	170																																										14.9									
SPK-0125665	C[C@@](O)(C(NC(=O)C1=CC=C(OC(F)(F)F)C=C1)C(=O)NO)C1=CNN=N1	LpxC inhibitors	SPK-0125665-001	1	C000050034	7.31	0.0485	3.9	127	3.9	127	3.9	127																																										64									
SPK-0125664	CC(C)(O)[C@H](NC(=O)C1=CC=C(C=C1)C#C)C(=O)NO	LpxC inhibitors	SPK-0125664-001	1	C000050030	6.24	2.0905	4.35	41.25	3.75	174	3.15	695																															29.3	29.8										18.195	5.1	4.8	16	23	2	2.8	1.4	4.7	6.9
SPK-0125663	COC1=CC=C(C(F)=C1)C1=CC(=O)N(CCC(C)(C(=O)NO)S(C)(=O)=O)C=C1	LpxC inhibitors	SPK-0125663-001	1	C000050000	8.685	0.0091175	5.6	2.42	6.5	0.303	6.1	0.857																															19.5	20.4				220	0.939					1.62									
SPK-0125662	CN(C)C1CN(C1)C1CC(C1)C#CC#CC1=CC=C(C=C1)C(=O)N[C@H](C(=O)NO)C(C)(C)O	LpxC inhibitors	SPK-0125662-001	1	C000049984	8.8	0.0016	4.9	14.1	5.3	4.99	4.9	14.1																															41.4	39.3										10.6									
SPK-0125661	CC(C)(O)[C@H](NC(=O)C1=CC=C(C=C1)C#CC#CC1CN(C1)C(=O)[C@@H]1CCN1)C(=O)NO	LpxC inhibitors	SPK-0125661-001	1	C000049969	8.47	0.0034	4.8	14.5	4.5	29	4.2	57.9																															57.1	35.3										16									
SPK-0125660	CC(C)([C@H](NC(=O)C1=CC=C(C=C1)C#CC#CC1CN(CCO)C1)C(=O)NO)S(C)(=O)=O	LpxC inhibitors	SPK-0125660-001	1	C000049958	9.2	0.00063	5.35	4.875	5.7	1.92	5.4	4.33					5.1	7.67	4.8	15.3					4.5	30.7	5.7	1.92									5.7	1.92					39.1	41.7				436	0.91	1	4	0.25	8	4.49	4.8	4.8	29	43	2.1	0.46	2	12	5
SPK-0125658	COC1=NC=CC(=C1)C1=CC=C(C=C1)C(=O)N[C@H](C(=O)NO)C(C)(C)N	LpxC inhibitors	SPK-0125658-001	1	C000049929			4.8	16.9																			4.5	33.9																																			
SPK-0125657	COC1=CC=C(C(F)=C1)C1=CC=C(C=C1)C(=O)N[C@H](C(=O)NO)C(C)(C)N	LpxC inhibitors	SPK-0125657-001	1	C000049927	9	0.001	5.8	1.62	5.1	8.17	4.5	32.7															5.4	4.53																				3	0.985					1									
SPK-0125656	CC(C)(O)[C@H](NC(=O)C1=CC=C(C=C1)C#CC#CC1CC(C1)N1CC(F)C1)C(=O)NO	LpxC inhibitors	SPK-0125656-001	1	C000049910	9.55	0.00028	5.7	1.85	6.9	0.115	6.3	0.462															5.35	4.5																				39.5	0.93					1.15									
SPK-0125655	C[C@H](O)\\C=C\\C#CC1=CC=C(C=C1)C(=O)N[C@@H]([C@@H](C)N)C(=O)NO	LpxC inhibitors	SPK-0125655-001	1	C000005402			5.2	6.04																			4.6	24.1																						8	16	1	16										
SPK-0125654	CC(C)(N)[C@H](NC(=O)C1=CC=C(C=C1)C#CC#CCOCCO)C(=O)NO	LpxC inhibitors	SPK-0125654-001	1	C000005378	8.24	0.0058	5.6	2.68	5.95	2.0625	5.3	5.36	4.1	85.7													6.2	0.67																				520	0.96	0.25	2	0.063	8	1.52									
SPK-0125653	CN1C=C(C=CC1=O)C#CC#CC1=CC=C(C=C1)C(=O)N[C@H](C(=O)NO)C(C)(C)N	LpxC inhibitors	SPK-0125653-001	1	C000005376			5	9.84	6.2	1.304			4.1	78.7																																																	
SPK-0125652	CN1C=CC(=CC1=O)C#CC#CC1=CC=C(C=C1)C(=O)N[C@H](C(=O)NO)C(C)(C)N	LpxC inhibitors	SPK-0125652-001	1	C000005368	8.85	0.0014	5.6	2.46	6.2	1.304			4.1	78.7													4.7	19.7																																			
SPK-0125651	CC(C)(N)[C@H](NC(=O)C1=CC=C(C=C1)C#CC#CC(C)(O)CO)C(=O)NO	LpxC inhibitors	SPK-0125651-001	1	C000005355	7.4	0.04	5.3	5.36	4.4	53.55			4.1	85.7													4.4	42.8																																			
SPK-0125650	CNC[C@@H]1C[C@H]1C#CC#CC1=CC=C(C=C1)C(=O)N[C@H](C(=O)NO)C(C)(C)O	LpxC inhibitors	SPK-0125650-001	1	C000005351			5	10.4	5	13.06			4.1	83.5																																																	
SPK-0125649	CC(C)(N)[C@H](NC(=O)C1=CC=C(C=C1)C#CC#C[C@@H](O)CO)C(=O)NO	LpxC inhibitors	SPK-0125649-001	2	C000005331	7.885	0.01295	5.3	5.57	4.7	27.8	4.1	89	4.1	89			4.4	44.5	4.4	44.5					4.4	44.5	5	11.1									4.7	22.3												2	8	0.5	16	8.78									
SPK-0125648	C[C@@H](NC(=O)[C@H](N)CO)[C@H](NC(=O)C1=CC=C(C=C1)C#CC#CCCO)C(=O)NO	LpxC inhibitors	SPK-0125648-001	1	C000005321			4.1	76.8	4.1	76.8			4.1	76.8			4.1	76.8	4.1	76.8					4.1	76.8																																					
SPK-0125647	CC(O)CC#CC#CC1=CC=C(C=C1)C(=O)N[C@H](C(=O)NO)C(C)(C)N	LpxC inhibitors	SPK-0125647-001	1	C000005277			5.75	1.87	5.4	3.96	5	11.2	4.15	67.15			4.4	38.2	5.3	5.6					4.3	44.8	5.6	2.8															41	55										0.871									
SPK-0125646	CC(=O)N[C@H]1C[C@@H]1C#CC#CC1=CC=C(C=C1)C(=O)N[C@H](C(=O)NO)C(C)(C)N	LpxC inhibitors	SPK-0125646-001	1	C000005275			5.3	5.04	5	10.1			4.1	80.7			4.4	40.4	4.8	16					4.1	80.7																																					
SPK-0125645	[H]C(=O)N1CC(C1)C#CC#CC1=CC=C(C=C1)C(=O)N[C@H](C(=O)NO)C(C)(C)NC	LpxC inhibitors	SPK-0125645-001	2	C000005273			5.9	1.26	5.7	2.055			4.25	60.55			4.9	12.2	5.25	5.7					5	10.1	5.6	2.52															52.5	32.7																			
SPK-0125644	CNC(C)(C)[C@H](NC(=O)C1=CC=C(C=C1)C#CC#C[C@H]1C[C@H](O)C1)C(=O)NO	LpxC inhibitors	SPK-0125644-001	1	C000005269			6.5	0.326	6.25	0.5565			4.4	41.7			5.6	2.61	5.7	1.84					5.3	5.22																																					
SPK-0125643	CC1=CC(CNC(C)(C)[C@H](NC(=O)C2=CC=C(C=C2)C#CC#CCCO)C(=O)NO)=NO1	LpxC inhibitors	SPK-0125643-001	1	C000005261			5	9.12	6.05	1.2825			4.4	36.5			4.4	36.5	4.7	18.2					4.4	36.5																																					
SPK-0125642	CC1=CC(=NO1)[C@@H](N)[C@@H](NC(=O)C1=CC=C(C=C1)C#CC#C[C@@H]1C[C@H]1CO)C(=O)NO	LpxC inhibitors	SPK-0125642-001	1	C000005260			4.4	37.9	4.55	28.4			4.4	37.9			4.4	37.9	4.4	37.9					4.4	37.9																																					
SPK-0125641	CC1=CC(=NO1)C(O)C(NC(=O)C1=CC=C(C=C1)C#CC#C[C@@H]1C[C@H]1CO)C(=O)NO	LpxC inhibitors	SPK-0125641-001	1	C000005254			4.7	18.9	5.15	10.63			4.7	18.9			4.7	18.9	4.7	18.9					4.7	18.9																																					
SPK-0125640	CC(C)(N)[C@H](NC(=O)C1=CC=C(C=C1)C#CC#CCC(O)CO)C(=O)NO	LpxC inhibitors	SPK-0125640-001	1	C000005233			5.4	4.25	4.6	29.9			3.8	171			4.1	85.7	4.4	42.8					3.8	171	5	10.7															53.8		79.6																		
SPK-0125639	CC(C)(N)[C@H](NC(=O)C1=CC=C(C=C1)C#CC#C[C@H]1[C@@H](CO)[C@H]1CO)C(=O)NO	LpxC inhibitors	SPK-0125639-001	1	C000005231			5.3	5.01	5.45	5.625			4.7	20			4.7	20	4.7	20					4.7	20																																					
SPK-0125638	C[C@@H](O)C#CC#CC1=CC=C(C=C1)C(=O)N[C@H](C(=O)NO)C(C)(C)N	LpxC inhibitors	SPK-0125638-001	2	C000005212			5.95	1.094	5.8	1.819			4.6	23.3			4.6	23.3	5.35	4.365					4.75	17.45	5.6	2.45															48.7	52.7																			
SPK-0125637	ONC(=O)C(CC1=CNC2=C1C=CC=C2)NC(=O)C1=CC=C(C=C1)C#CC#CC1CC1	LpxC inhibitors	SPK-0125637-001	1	C000005104			4.4	38.9	4.4	38.9	4.4	38.9	4.4	38.9	4.4	38.9	4.4	38.9	4.4	38.9																																											
SPK-0125636	NC(CC1=CNC2=CC=CC=C12)C(=O)NO	LpxC inhibitors	SPK-0125636-001	1	C000005079			3.5	292	3.5	292	3.5	292	3.5	292	3.5	292	3.5	292	3.5	292																																											
SPK-0125635	CCNC(C)(C)[C@H](NC(=O)C1=CC=C(C=C1)C#CC#C[C@@H]1CC1CO)C(=O)NO	LpxC inhibitors	SPK-0125635-001	1	C000005061			6.4	0.391	6.1	0.8795	5.8	1.59	4.4	40.3	5.4	3.99	5.8	1.59	6.1	0.793																																											
SPK-0125634	CC(C)(N)[C@H](NC(=O)C1=CC=C(C=C1)C#CC#C[C@@H]1C[C@H]2OCO[C@H]2C1)C(=O)NO	LpxC inhibitors	SPK-0125634-001	1	C000005032			6.2	0.608	6.2	0.608	5.45	10.004	4.4	38.9	5.3	4.86	5.3	4.86	5.6	2.43																																											
SPK-0125633	ONC(=O)C(NC(=O)C1=CC=C(C=C1)C#CC#CC1CC1)C12CCCN1CCC2	LpxC inhibitors	SPK-0125633-001	1	C000005025			5.6	2.55	5.9	1.5945	5.45	10.5195	4.4	40.9	4.4	40.9	5.3	5.11	6.2	0.639																																											
SPK-0125632	CC(C)(N)[C@H](NC(=O)C1=CC=C(C=C1)C#CC#CC1CCC(C)(C)O1)C(=O)NO	LpxC inhibitors	SPK-0125632-001	1	C000004994			5.9	1.26	6.2	0.629	5.45	5.68	4.4	40.3	4.7	20.1	5.6	2.52	6.5	0.314																																											
SPK-0125631	CC(C)(N)[C@H](NC(=O)C1=CC=C(C=C1)C#CC#CC1CCC(=O)C1)C(=O)NO	LpxC inhibitors	SPK-0125631-001	1	C000004965			5.9	1.31	5.75	1.965	5.3	11.155	4.4	41.9	4.7	21	5	10.5	5.9	1.31																																											
SPK-0125630	CC(C)(N)[C@H](NC(=O)C1=CC=C(C=C1)C#CC#CC1COCCO1)C(=O)NO	LpxC inhibitors	SPK-0125630-001	1	C000004919			6	0.917	5.75	1.945	5.6	2.59	4.4	41.5	4.4	41.5	5.1	7.34	5.9	1.3					5.3	5.19	6.2	0.649	5.3	5.19	5.3	5.19																															
SPK-0125629	CCNC(C)(C)[C@H](NC(=O)C1=CC=C(C=C1)C#CC#CC1=CN(CCO)N=C1)C(=O)NO	LpxC inhibitors	SPK-0125629-001	1	C000004900			6.2	0.6255	6.05	0.91	5.45	3.43	4.4	36.6	6.2	0.571	5.7	1.92	5.1	7.69					4.7	18.3	5.9	1.14	5.6	2.29	5.6	2.855																															
SPK-0125628	CC(C)(N)[C@H](NC(=O)C1=CC=C(C=C1)C#CC#CC1=CN=C(NCCO)N=C1)C(=O)NO	LpxC inhibitors	SPK-0125628-001	1	C000004894			6.2	0.573	5.6	2.29	5	19.495	4.4	36.7	5.9	1.15	5.3	4.58	5.6	2.29																																											
SPK-0125627	CC(C)(N)[C@H](NC(=O)C1=CC=C(C=C1)C#CC#CC1=CN=C(N=C1)N1CCC(O)CC1)C(=O)NO	LpxC inhibitors	SPK-0125627-001	1	C000004882			5.7	2.1	5.7	2.625	5.4	8.925	4.5	33.6	6	1.05	6	1.05	5.7	2.1																																											
SPK-0125626	CC(C)(N)[C@H](NC(=O)C1=CC=C(C=C1)C#CC#C[C@H]1C[C@H](O)C1)C(=O)NO	LpxC inhibitors	SPK-0125626-001	2	C000004876			6.5	0.332	6.2	0.677	5.7	2.05	4.7	21.7	5	10.8	5.9	1.35	5.9	1.35	4.1	86.6	6.2	0.677	4.85	16.25	6.5	0.338	5.3	5.41	5.6	2.71	5	10.8	5	10.8	6.5	0.338	5	10.8	4.7	21.7						53.5	0.965														
SPK-0125625	CC(C)(N)[C@H](NC(=O)C1=CC=C(C=C1)C#CC#CC1CC(C1)=NO)C(=O)NO	LpxC inhibitors	SPK-0125625-001	2	C000004848			6.5	0.327	6.2	0.654	5.9	1.31	4.55	31.35	4.85	15.7	5.6	2.61	6.3	0.462	4.1	83.7	6.2	0.654	5.9	1.31	6.5	0.327	5.6	2.61	5.9	1.31	5.9	1.31	5.6	2.61	6.8	0.157	5.9	1.31	4.7	20.9																					
SPK-0125624	CC(C)(N)[C@H](NC(=O)C1=CC=C(C=C1)C#CC#C[C@H]1C[C@H](O)[C@H](O)C1)C(=O)NO	LpxC inhibitors	SPK-0125624-001	2	C000004820			5.9	1.25	5.3	5.01	4.7	25.05	4.25	90	4.4	40.1	5.05	8.975	4.85	15					4.25	90																																					
SPK-0125623	CCC(O)C(NC(=O)C1=CC=C(C=C1)C#CC#CC1CC1)C(=O)NO	LpxC inhibitors	SPK-0125623-001	1	C000004818			5.5	2.94	5.5	2.94	5.2	23.867	4.3	47	4.3	47	5.5	2.94	7.4	0.0441																																											
SPK-0125622	CN(C)C(C)(C)[C@H](NC(=O)C1=CC=C(C=C1)C#CC#CC1(O)CCC1)C(=O)NO	LpxC inhibitors	SPK-0125622-001	1	C000004784			5.9	1.26	5.8	1.52	5.45	3.775	4.4	40.3	5.3	5.03	5.9	1.26	6.2	0.629			5.9	1.26	5.9	1.26	5.6	2.52	5.3	5.03	5.45	3.775	5.9	1.26	5	10.1	7.1	0.0755	5.9	1.26	4.85	15.1																					
SPK-0125621	CC(C)(N)[C@H](NC(=O)C1=NC=C(C=N1)C#CC#CC1CC1)C(=O)NO	LpxC inhibitors	SPK-0125621-001	1	C000004768			5.5	2.93	5.05	8.78	4.75	26.38	4	93.7	4.3	46.9	4.3	46.9	5.2	5.86																																											
SPK-0125620	CC(C)(N)[C@H](NC(=O)C1=NN=C(C=C1)C#CC#CC1CC1)C(=O)NO	LpxC inhibitors	SPK-0125620-001	1	C000004760			4.6	23.4	4.6	23.4	4.6	23.4	4.6	23.4	4.6	23.4	4.6	23.4	4.6	23.4																																											
SPK-0125619	CC(C)(N)[C@H](NC(=O)C1=CC=C(C=C1)C#CC#CC1CC1C(=O)NO)C(=O)NO	LpxC inhibitors	SPK-0125619-001	2	C000004748			5.85	1.51	5.15	7.51	4.6	27.2	4.4	40.2	4.7	20.1	4.85	15.05	5	10																																											
SPK-0125618	CC(C)NC1(CCC1)[C@H](NC(=O)C1=CC=C(C=C1)C#CC#CC1CC1)C(=O)NO	LpxC inhibitors	SPK-0125618-001	1	C000004742			5.9	1.27	6.5	0.3935	5.9	1.5875	4.4	40.7	5.6	2.54	6.5	0.318	7.1	0.0762																																											
SPK-0125617	NC1(CCC1)[C@H](NC(=O)C1=CC=C(C=C1)C#C\\C=C\\C1CC1)C(=O)NO	LpxC inhibitors	SPK-0125617-001	1	C000004734			6.2	0.707	6.9	0.135	6.05	1.8935	4.3	45.3	6.2	0.707	6.3	0.561	7	0.108																																											
SPK-0125616	CN(C)C(=O)C1CC1C#CC#CC1=CC=C(C=C1)C(=O)N[C@H](C(=O)NO)C(C)(C)N	LpxC inhibitors	SPK-0125616-001	1	C000004720			5.55	3.295	5.7	2.08	5.3	6.09	4.4	39	4.4	39	4.9	13.8	5.3	4.87					4.4	39																																					
SPK-0125615	C[N+](C)(C)CCNC[C@H](NC(=O)C1=CC=C(C=C1)C#CC#CC1CC1)C(=O)NO	LpxC inhibitors	SPK-0125615-001	1	C000004664			4.4	40.3	4.4	40.3	4.4	40.3	4.4	40.3	4.4	40.3	4.4	40.3	4.4	40.3																																											
SPK-0125614	ONC(=O)[C@H](CNC1COC1)NC(=O)C1=CC=C(C=C1)C#CC#CC1CC1	LpxC inhibitors	SPK-0125614-001	1	C000004658			4.8	15.4	4.85	16.35	4.55	32.65	4.4	43.5	4.4	43.5	4.5	30.8	5.7	1.92																																											
SPK-0125613	CN(C)CC(C)(C)CNC[C@H](NC(=O)C1=CC=C(C=C1)C#CC#CC1CC1)C(=O)NO	LpxC inhibitors	SPK-0125613-001	1	C000004657			4.7	18.8	4.4	37.7	4.4	37.7	4.4	37.7	4.4	37.7	4.4	37.7	4.7	18.8																																											
SPK-0125612	CC(C)(N)[C@H](NC(=O)C1=CC=C(C=C1)C#CC#CCN1CC(C1)C(O)=O)C(=O)NO	LpxC inhibitors	SPK-0125612-001	1	C000004650			4.4	38.8	4.4	38.8	4.4	38.8	4.4	38.8	4.4	38.8	4.4	38.8	4.4	38.8																																											
SPK-0125611	CC(C)(NCC1=CC=CC=C1)[C@H](NC(=O)C1=CC=C(C=C1)C#C\\C=C\\C1CC1)C(=O)NO	LpxC inhibitors	SPK-0125611-001	1	C000004649			5.15	6.95	6.05	0.8695	5.9	1.16	4.4	37.1	5.6	2.32	6.9	0.139	7.2	0.0695																																											
SPK-0125610	CCNC[C@H](NC(=O)C1=CC=C(C=C1)C#CC#CC1CC1)C(=O)NO	LpxC inhibitors	SPK-0125610-001	1	C000004641			5.35	4.42	5.5	2.95	4.75	26.495	4.3	47.1	4.6	23.6	4.9	11.8	5.8	1.47																																											
SPK-0125609	CCCNC(C)(C)[C@H](NC(=O)C1=CC=C(C=C1)C#C\\C=C\\C1CC1)C(=O)NO	LpxC inhibitors	SPK-0125609-001	1	C000004638			6.05	0.976	6.95	0.1171	6.5	0.326	4.4	41.7	6.2	0.652	6.5	0.326	7.4	0.0391																																											
SPK-0125608	CC(C)CNC(C)(C)[C@H](NC(=O)C1=CC=C(C=C1)C#C\\C=C\\C1CC1)C(=O)NO	LpxC inhibitors	SPK-0125608-001	1	C000004637			5.75	1.89	6.65	0.2325	6.2	0.629	4.4	40.2	5.9	1.26	6.5	0.314	7.4	0.0377																																											
SPK-0125607	CC(C)(N)[C@H](NC(=O)C1=CC=C(C=C1)C#CC#CC1=CC=C(C=C1)C(=O)NCCO)C(=O)NO	LpxC inhibitors	SPK-0125607-001	1	C000004612			5.7	2.16	5.25	6.485	4.95	19.46	4.5	34.6	5.7	2.16	5.1	8.65			4.5	34.6																																									
SPK-0125606	CC(C)(N)[C@H](NC(=O)C1=CC=C(C=C1)C#CC#CCN1CCOC1=O)C(=O)NO	LpxC inhibitors	SPK-0125606-001	1	C000004606			5.6	3.135	4.7	20.1	4.55	30.15	4.4	40.2	4.4	40.2	5	10			4.4	40.2																																									
SPK-0125605	COC1=CC=C(NS(=O)(=O)C2=CC=C(S2)C#CC#CC2=CC=C(C=C2)C(=O)N[C@H](C(=O)NO)C(C)(C)N)C=C1	LpxC inhibitors	SPK-0125605-001	1	C000004602			4.9	14.1	5.2	7.06	4.7	21.15	4.5	28.2	4.9	14.1	5.9	1.25	4.9	14.1	4.5	28.2			4.9	14.1																																					
SPK-0125604	NC1(CCOCC1)C(NC(=O)C1=CC=C(C=C1)C#CC#CC1CC1)C(=O)NO	LpxC inhibitors	SPK-0125604-001	1	C000004594			5.05	8.955	5.3	6.56	4.6	28.35	4.4	41.9	4.4	41.9	4.7	21	6.2	0.655	4.7	21																																									
SPK-0125603	CC(C)(N)[C@H](NC(=O)C1=CC=C(C=C1)C#CC#CC1=CN(CCC(O)=O)N=C1)C(=O)NO	LpxC inhibitors	SPK-0125603-001	1	C000004568			4.4	36.6	4.4	36.6	4.4	36.6	4.4	36.6	4.4	36.6	4.4	36.6			4.4	36.6																																									
SPK-0125602	CC1(C)N=C(N[C@@H]1C(=O)NO)C1=CC=C(C=C1)C#CC#CC1CC1	LpxC inhibitors	SPK-0125602-001	1	C000004544			4.3	49.8	5.05	9.31	4.45	56	4.3	49.8	4.3	49.8	4.9	12.4			4.3	49.8																																									
SPK-0125601	CC(C)(N)[C@H](NC(=O)C1=CC=C(C=C1)C#C\\C=C\\C1=CSN=C1)C(=O)NO	LpxC inhibitors	SPK-0125601-001	1	C000004480			5.95	1.11	6	0.92	4.95	16.54	4.4	41.6	5.3	5.2	5	10.4			4.4	41.6																																									
SPK-0125600	CC(C)(N)[C@H](NC(=O)C1=CC=C(C=C1)C#CC#CC=C1CCS(=O)(=O)CC1)C(=O)NO	LpxC inhibitors	SPK-0125600-001	1	C000004464			5.75	1.69	5.45	3.38	5.15	6.765	4.4	36.1	4.4	36.1	5	9.02			4.4	36.1																																									
SPK-0125599	CC(C)(O)[C@@H](NC(=O)C1=CC=C(C=C1)C#CC#CC1CC1)C(=O)NO	LpxC inhibitors	SPK-0125599-001	1	C000004416			4.45	35.25	5.05	8.84	4.9	14.69	4.3	47	4.3	47	4.9	11.8			4.3	47																																									
SPK-0125598	CC(C)(N)[C@H](NC(=O)C1=CC=C(\\C=C\\C=C\\CC2CC2)C=C1)C(=O)NO	LpxC inhibitors	SPK-0125598-001	1	C000004405			5.3	5.6	5.75	2.1	5.1	23.1	4.3	44.8	6.2	0.699	5.3	5.6			4.3	44.8																																									
SPK-0125597	COCCN1C=C(C=N1)C#CC#CC1=CC=C(C=C1)C(=O)N[C@H](C(=O)NO)C(C)(C)N	LpxC inhibitors	SPK-0125597-001	1	C000004389			6.1	0.744	6.5	0.326	5.5	13.536	4.4	37.8	5.5	2.98	5.8	1.49	5.3	4.72	4.4	37.8																																									
SPK-0125596	CC(C)(NC=O)[C@H](NC(=O)C1=CC=C(C=C1)C#C\\C=C\\CNCC(F)(F)F)C(=O)NO	LpxC inhibitors	SPK-0125596-001	1	C000004359			4.7	18.2	4.85	13.64	4.55	27.25	4.4	36.3	4.4	36.3	4.4	36.3																																													
SPK-0125595	CC(C)(N)[C@H](NC(=O)C1=CC=C(C=C1)C#C\\C=C\\CC1CC1)C(=O)NO	LpxC inhibitors	SPK-0125595-001	1	C000004348			6.3	0.492	6.8	0.1705	6.2	1.4895	4.6	22.5	6.3	0.497	6.5	0.345			4.3	45																																									
SPK-0125594	CC(C)(N)[C@H](NC(=O)C1=CC=C(C=C1)C#CC=C1CCOCC1)C(=O)NO	LpxC inhibitors	SPK-0125594-001	1	C000004327			5.3	5.38	4.4	43.1	4.4	43.1	4.4	43.1	5	10.8	4.4	43.1			4.4	43.1																																									
SPK-0125593	CC(C)(N)[C@H](NC(=O)C1=CC=C(C=C1)C#C\\C=C\\CN(CC(F)(F)F)C=O)C(=O)NO	LpxC inhibitors	SPK-0125593-001	1	C000004310			5	9.08	4.4	36.3	4.4	36.3	4.4	36.3	4.4	36.3	4.4	36.3			4.4	36.3																																									
SPK-0125592	CC(C)(N)[C@H](NC(=O)C1=CC=C(C=C1)C#C\\C=C\\CNCC(F)(F)F)C(=O)NO	LpxC inhibitors	SPK-0125592-001	1	C000004308			5.45	3.635	4.7	19.4	4.7	24.25	4.4	38.8	4.4	38.8	4.4	38.8			4.4	38.8																																									
SPK-0125591	CCOC\\C=C\\C#CC1=CC=C(C=C1)C(=O)N[C@H](C(=O)NO)C(C)(C)N	LpxC inhibitors	SPK-0125591-001	1	C000004290			6.2	0.696	6.05	1.043	5.3	11.845	4.4	44.5	5	11.1	4.4	44.5			4.1	89																																									
SPK-0125590	CC(C)(N)[C@H](NC(=O)C1=CC=C(C=C1)C#C\\C=C(\\CNO)NO)C(=O)NO	LpxC inhibitors	SPK-0125590-001	1	C000004239			4.4	42.4	4.4	42.4	4.4	42.4	4.4	42.4	4.1	84.8	4.4	42.4			4.4	42.4																																									
SPK-0125589	CC(C)(O)[C@H](NC(=O)C1=CC=C(C=C1)C#CC#CCNC1CC1)C(=O)NO	LpxC inhibitors	SPK-0125589-001	1	C000004222			5.45	4.06	5.45	4.06	4.85	24.355	4.4	43.3	4.4	43.3	4.4	43.3			4.4	43.3																																									
SPK-0125588	C[C@@H](O)C(NC(=O)C1=CC=C(C=C1)C#CC#CC1=CC=C(C=C1)C(=O)N[C@@H]([C@@H](C)O)C(=O)NO)C(=O)NO	LpxC inhibitors	SPK-0125588-001	1	C000004188			5.1	7.66	4.5	30.6	4.5	30.6	4.8	15.3	4.8	15.3	4.8	15.3			4.5	30.6																																									
SPK-0125587	CC(C)(O)[C@H](NC(=O)C1=CC=C(C=C1)C#CC#CCN1C=CN=C1)C(=O)NO	LpxC inhibitors	SPK-0125587-001	1	C000004175			5.6	2.63	5	10.5	4.7	26.3	4.1	84.1	4.4	42.1	4.4	42.1			4.4	42.1																																									
SPK-0125586	CC(C)(N)[C@H](NC(=O)C1=CC=C(C=C1)C#CC#CC1=CN=C(N)N=C1)C(=O)NO	LpxC inhibitors	SPK-0125586-001	2	C000004127			6.5	0.319	5.6	2.55	5	12.75	4.55	30.6	5.2	6.155	4.9	13.2	5.6	2.55	4.55	30.6	5.9	1.27	4.7	20.4	6.2	0.637					4.7	20.4	4.7	20.4	5.9	1.27	4.7	20.4	4.7	20.4	11.3	9.93	20.1	19.5																	
SPK-0125585	CCCC#C\\C=C\\C1=CC=C(C=C1)C(=O)N[C@H](C(=O)NO)C(C)(C)N	LpxC inhibitors	SPK-0125585-001	1	C000004121			6.1	0.728	6.1	0.728	5.65	2.185	4.6	23.3	5.75	1.645	5.35	4.64	7.1	0.0874	4.3	46.6	6.4	0.364	6.4	0.364	6.4	0.364	5.5	2.91	5.65	2.185	6.1	0.728	5.2	5.82	7.1	0.0874	6.1	0.728	4.9	11.6																					
SPK-0125584	CCC\\C=C\\C#CC1=CC=C(C=C1)C(=O)N[C@H](C(=O)NO)C(C)(C)N	LpxC inhibitors	SPK-0125584-001	1	C000004106			6.4	0.364	6.95	0.1312	6.1	0.912	4.45	34.95	5.95	1.094	5.9	1.245	7.1	0.0874	4.45	34.95	7.1	0.0874	6.1	0.728	6.1	0.728					5.5	2.91	5.5	2.91	7.1	0.0874	6.1	0.728	5.05	8.71	2.96	3.08	4.14	3.2																	
SPK-0125583	CC(C)(N)[C@H](NC(=O)C1=CC=C(C=C1)C#CC#CC1CCOCC1)C(=O)NO	LpxC inhibitors	SPK-0125583-001	1	C000004089			6.2	0.652	6.25	0.5565	5.9	1.3	4.4	41.7	5	10.4	5.3	5.22			4.4	41.7	6.5	0.326			5.9	1.3	5.6	2.61	6.2	0.652									4.7	20.9																					
SPK-0125582	CC(C)(C)C#CC#CC1=CC=C(C=C1)C(=O)N[C@H](C(=O)NO)C(C)(C)N	LpxC inhibitors	SPK-0125582-001	1	C000004085			5.2	5.63	6.2	0.703	5.6	2.81	4.3	45	5.2	5.63	5.6	2.81			4.3	45																																									
SPK-0125581	CC(C)(N)[C@H](NC(=O)C1=CC=C(C=C1)C#CC#C[C@@H]1CC[C@H](O)CC1)C(=O)NO	LpxC inhibitors	SPK-0125581-001	1	C000004079			5.75	1.89	5.3	5.03	5	12.565	4.4	40.3	4.4	40.3	4.7	20.1			4.4	40.3																																									
SPK-0125580	NC1(CC1)C(NC(=O)C1=CC=C(C=C1)C#CC1=CC=C(CN2CCOCC2)C=C1)C(=O)NO	LpxC inhibitors	SPK-0125580-001	1	C000004077			5.4	4.46	6	1.11	5.2	18.405	4.4	35.7	4.7	17.8	5	8.92			4.4	35.7																																									
SPK-0125579	CC(C)(N)[C@H](NC(=O)C1=CC=C(\\C=C\\C#CC2CCCC2)C=C1)C(=O)NO	LpxC inhibitors	SPK-0125579-001	1	C000004047			5.6	2.71	6.05	1.0135	5.45	6.075	4.7	21.7	5.6	2.71	5.6	2.71			4.4	43.3																																									
SPK-0125578	CC(C)(O)[C@H](NC(=O)C1=CC=C(C=C1)C#CC#CC1=CN=CN=C1)C(=O)NO	LpxC inhibitors	SPK-0125578-001	1	C000004045			5.3	5.29	4.85	15.85	4.4	42.3	4.4	42.3	4.4	42.3	4.4	42.3			4.4	42.3																																									
SPK-0125577	CC(C)CCC#CC#CC1=CC=C(C=C1)C(=O)N[C@H](C(=O)NO)C(C)(C)O	LpxC inhibitors	SPK-0125577-001	1	C000004041			5.15	8.1	5.9	1.6875	5.45	4.05	4.4	43.2	4.7	21.6	6	0.955	6.7	0.216	4.7	21.6			6.8	0.162																																					
SPK-0125576	CC(C)(N)[C@H](NC(=O)C1=CC=C(C=C1)C#CC#CC1=CN=CS1)C(=O)NO	LpxC inhibitors	SPK-0125576-001	1	C000004036			6.55	0.287	6.5	0.316	6.15	0.7155	4.4	41.8	5.5	3.29	5.8	1.65			4.4	41.8	6.8	0.157					6.2	0.654	6.35	0.4905											7.51		7.93	10.7																	
SPK-0125575	CC(C)(N)[C@H](NC(=O)C1=CC=C(C=C1)C#CC#CCC1CCCC1)C(=O)NO	LpxC inhibitors	SPK-0125575-001	1	C000004026			5.15	7.87	6.2	0.655	5.45	5.905	4.7	21	5	10.5	6.2	0.655			4.7	21																																									
SPK-0125574	CCOCC1=CC=C(C=C1)C#CC1=CC=C(C=C1)C(=O)N[C@H](C(=O)NO)C(C)(C)N	LpxC inhibitors	SPK-0125574-001	1	C000004005			5.9	1.22	6.65	0.226	5.75	5.0375	4.4	39.1	5.9	1.22	6.2	0.611			4.4	39.1																																									
SPK-0125573	CCCC#CC#CC1=CC=C(C=C1)C(=O)N[C@H](C(=O)NO)C(C)(C)N	LpxC inhibitors	SPK-0125573-001	1	C000003987			6.1	0.752	6.4	0.374	5.8	3.113	4.6	23.4	5.5	2.93	5.9	1.16			4.3	46.9																																									
SPK-0125572	C[C@@H](N)[C@H](NC(=O)C1=CC=C(C=C1)C#CC1=CC=C(OC2CC2)C=C1)C(=O)NO	LpxC inhibitors	SPK-0125572-001	1	C000003976			5.15	7.64	5.75	1.905	5.15	20.985	4.4	40.7	5.6	2.54	5.3	5.08			4.4	40.7																																									
SPK-0125571	CC(C)(N)[C@H](NC(=O)C1=CC=C(C=C1)C#CC1=CC=C(CN2CCCOCC2)C=C1)C(=O)NO	LpxC inhibitors	SPK-0125571-001	1	C000003972			5.9	1.28	6.15	0.809	5.7	2.695	4.5	34.4	5.5	3.42	5.6	2.56	4.8	17.2	4.5	34.4	6.3	0.538	4.8	17.2	5.4	4.31	5.7	2.15	5.85	1.615	5.1	8.61	4.8	17.2	5.4	4.31	5.1	8.61	4.8	17.2	8.04	12.4	18.2																		
SPK-0125570	CC(C)(O)[C@H](NC(=O)C1=CC=C(C=C1)C#C\\C=C\\C1=CC=NC=C1)C(=O)NO	LpxC inhibitors	SPK-0125570-001	1	C000003964			5.45	3.955	5.9	1.6495	5.6	2.64	4.4	42.2	5.3	5.27	5	10.5			4.4	42.2	5	10.5																																							
SPK-0125569	CCC#CC#CC1=CC=C(C=C1)C(=O)N[C@H](C(=O)NO)C(C)(C)N	LpxC inhibitors	SPK-0125569-001	1	C000003963			6.4	0.377	6.45	0.35	6.05	0.836	4.5	32.75	5.65	2.29	5.75	1.675	7	0.0916	4.45	36.65	6.4	0.382	6.1	0.764	6.4	0.382	6.1	0.764	5.95	1.147	6.4	0.382	6.1	0.764	7.3	0.0458	6.4	0.382	4.9	12.2	22.2	11.7	13.7																		
SPK-0125568	CC(C)(N)[C@H](NC(=O)C1=CC=C(C=C1)C#CC1=CC=CC=C1)C(=O)NO	LpxC inhibitors	SPK-0125568-001	2	C000003959			6.3	0.448	6.1	0.711	5.95	1.0655	4.6	22.8	6.15	0.638	5.65	2.27	6.4	0.356	4.45	34.15	6.25	0.5335	5.5	2.85	6.1	0.711	5.8	1.42	5.8	1.42	6.4	0.356	6.1	0.711	6.4	0.356	6.4	0.356	5.05	8.545	8.65	9.16	10.4																		
SPK-0125567	C[C@@H](O)[C@H](NC(=O)C1=CC=C(C=C1)C#C\\C=C\\C1CC1)C(=O)NO	LpxC inhibitors	SPK-0125567-001	1	C000003953			5.8	1.52	5.95	1.1405	5.5	3.05	4.3	48.7	4.6	24.4	4.9	12.2			4.3	48.7	4.9	12.2																																							
SPK-0125566	C[C@@H](N)[C@H](NC(=O)C1=CC=C(C=C1)C#CC1=CC=C(COCC(F)F)C=C1)C(=O)NO	LpxC inhibitors	SPK-0125566-001	1	C000003938			5.6	2.32	5.75	1.74	5.9	1.16	4.4	37.1	4.7	18.5	5	9.27			4.4	37.1	5	9.27																																							
SPK-0125564	ONC(=O)[C@H](CNC(=O)CNC1CC1)NC(=O)C1=CC=C(C=C1)C#CC1=CC=CC=C1	LpxC inhibitors	SPK-0125564-001	1	C000003893			5.5	3.36	5.85	1.435	5.6	2.38	4.4	38.1	4.7	19	4.9	13.5			4.4	38.1	5.2	6.73																																							
SPK-0125563	C[C@@H](O)[C@H](NC(=O)C1=CC=C(\\C=C\\C#CC2=CC=CC(F)=C2)C=C1)C(=O)NO	LpxC inhibitors	SPK-0125563-001	1	C000003887			5.3	5.23	5.75	1.965	5.6	2.62	4.4	41.8	5.3	5.23	5.3	5.23			4.4	41.8	5	10.5																																							
SPK-0125562	CC(C)(O)[C@H](NC(=O)C1=CC=C(C=C1)C#CC#CC1=CC=C(F)C=C1)C(=O)NO	LpxC inhibitors	SPK-0125562-001	1	C000003884			5.3	6.32	6.6	0.2525	6.5	0.311	4.4	40.6	5.6	2.54	6.2	0.634			4.4	40.6	6	0.897																																							
SPK-0125561	C[C@@H](O)[C@H](NC(=O)C1=CC=C(C=C1)C#CC1=CC=C(CNCC(F)F)C=C1)C(=O)NO	LpxC inhibitors	SPK-0125561-001	1	C000003867			5.7	1.98	6.25	0.615	6.1	0.82	4.4	37.1	4.7	18.5	5.5	3.28			4.4	37.1	5.5	3.28																																							
SPK-0125560	CC(C)(O)[C@H](NC(=O)C1=CC=C(C=C1)C#CC#CC1=CC=C(N)C=C1)C(=O)NO	LpxC inhibitors	SPK-0125560-001	1	C000003866			6.2	0.656	6.9	0.1554	6.8	0.155	5	10.2	6.1	0.805	6.7	0.198			5	10.2	6.3	0.507																																							
SPK-0125559	C[C@@H](N)[C@H](NC(=O)C1=CC=C(\\C=C\\C#CC2=CC=C(Cl)C=C2)C=C1)C(=O)NO	LpxC inhibitors	SPK-0125559-001	1	C000003847			5.3	5.03	5.75	1.885	5.9	1.26	4.4	40.2	5.3	5.03	5.3	5.03			4.4	40.2	5	10.1																																							
SPK-0125558	C[C@@H](O)[C@H](NC(=O)C1=CC=C(C=C1)C#CC#CC1=CN=CN1C)C(=O)NO	LpxC inhibitors	SPK-0125558-001	1	C000003839			5.45	4.095	5.45	4.095	5	10.9	4.4	43.7	4.4	43.7	4.4	43.7			4.4	43.7	4.4	43.7																																							
SPK-0125557	C[C@@H](N)[C@H](NC(=O)C1=CC=C(\\C=C\\C#CC2=CC=C(C=C2)C(F)(F)F)C=C1)C(=O)NO	LpxC inhibitors	SPK-0125557-001	1	C000003834			4.85	13.885	5.3	4.64	5.3	4.64	4.7	18.5	4.7	18.5	5.3	4.64			4.4	37.1	4.7	18.5																																							
SPK-0125556	C[C@@H](O)[C@H](NC(=O)C1=CC=C(C=C1)C#C\\C(F)=C\\C1=CC=C(CN2CCOCC2)C=C1)C(=O)NO	LpxC inhibitors	SPK-0125556-001	1	C000003814			5.3	5.01	6	1.2995	6.3	0.519	4.5	33.2	5.1	8.31	5.7	2.08			4.5	33.2	5.4	4.15																																							
SPK-0125555	C[C@H](N)[C@H](NC(=O)C1=CC=C(C=C1)C#CC1=CC=CC=C1)C(=O)NO	LpxC inhibitors	SPK-0125555-001	1	C000003798			5.85	1.33	5.6	2.415	5.4	3.73	4.3	47.4	5.4	3.73	5.1	7.47			4.3	47.4	4.9	11.9																																							
SPK-0125554	ONC(=O)[C@H](CNC(=O)CNC1CC1)NC(=O)C1=CC=C(C=C1)C#CC#CC1=CC=CC=C1	LpxC inhibitors	SPK-0125554-001	1	C000003794			5.6	2.25	6.75	0.208	6.4	0.398	3.8	144	4.4	36	5.6	2.25			3.8	144	5.9	1.12																																							
SPK-0125553	C[C@@H](N)[C@H](NC(=O)C1=CC=C(C=C1)C#CC1=CC=C(CNCC(C)(C)C)C=C1)C(=O)NO	LpxC inhibitors	SPK-0125553-001	1	C000003789			5.9	1.15	5.6	2.29	5.6	2.29	3.8	147	4.1	73.3	5	9.16			3.8	147	5	9.16																																							
SPK-0125552	C[C@H](N)[C@H](NC(=O)C1=CC=C(C=C1)C#CC1=CC=C(CN2CCOCC2)C=C1)C(=O)NO	LpxC inhibitors	SPK-0125552-001	2	C000003777			5.6	2.29	5.9	1.15	5.9	1.15	3.8	147	4.4	36.7	5	9.16			3.8	147	5.6	2.29																																							
SPK-0125551	C[C@@H](N)[C@H](NC(=O)C1=CC=C(C=C1)C#CC#CC1=CN=CC=C1)C(=O)NO	LpxC inhibitors	SPK-0125551-001	1	C000003769			6.2	0.69	5.6	2.76	5.6	2.76	3.8	177	5	11	4.7	22.1			3.8	177	5.6	2.76			5.6	2.76																																			
SPK-0125550	C[C@@H](N)[C@H](NC(=O)C1=CC=C(C=C1)C#CC#CC1=C(F)C=CC=C1)C(=O)NO	LpxC inhibitors	SPK-0125550-001	1	C000003763			5.75	2.09	6.65	0.245	5.3	21.4295	4.6	25.1	5.6	2.64	5.7	2.09			4.5	33.5	6.05	0.9895																																							
SPK-0125549	CO[C@H](C)[C@H](NC(=O)C1=CC=C(\\C=C\\C#CC2=CC=C(CNC3CC3)C=C2)C=C1)C(=O)NO	LpxC inhibitors	SPK-0125549-001	1	C000003759			5.3	4.47	6.3	0.559	6.3	0.559	3.8	143	4.7	17.9	5.3	4.47			3.8	143	6.3	0.559																																							
SPK-0125548	CC(C)(O)[C@H](NC(=O)C1=CC=C(C=C1)C#C\\C=C\\C1=CC=CC=C1)C(=O)NO	LpxC inhibitors	SPK-0125548-001	1	C000003757			5.4	3.74	6.65	0.246	6.8	0.159	4.4	42.3	5.4	3.74	5.9	1.32			4.4	42.3	5.9	1.6505																																							
SPK-0125547	C[C@@H](N)[C@H](NC(=O)C1=CC=C(\\C=C\\C#CC2=CC=C(CN3CCS(=O)(=O)CC3)C=C2)C=C1)C(=O)NO	LpxC inhibitors	SPK-0125547-001	1	C000003754			5.55	2.94	5.85	1.4695	5.4	3.92	4.2	62.7	5.7	1.96	5.1	7.83			4.2	62.7	5.7	1.96																																							
SPK-0125546	C[C@@H](N)[C@H](NC(=O)C1=CC=C(C=C1)C#CC1=CC=C(CCO)C=C1)C(=O)NO	LpxC inhibitors	SPK-0125546-001	1	C000003753			5.6	2.62	5.6	2.62	5.3	5.24	3.8	168	4.7	21	5	10.5			3.8	168	5.6	2.62																																							
SPK-0125545	OCC1=CC=C(\\C=C\\C#CC2=CC=C(C=C2)C(=O)N[C@@H](CNC(=O)CNC2CC2)C(=O)NO)C=C1	LpxC inhibitors	SPK-0125545-001	1	C000003749			5.4	4.2	6	1.3125	6	1.05	3.9	134	3.9	134	5.1	8.39			3.9	134	6	1.05																																							
SPK-0125544	CCOCC1=CC=C(C=C1)C#C\\C=C\\C1=CC=C(C=C1)C(=O)N[C@@H]([C@@H](C)N)C(=O)NO	LpxC inhibitors	SPK-0125544-001	1	C000003748			5	9.49	6.35	0.445	5.9	1.19	4.1	75.9	5	9.49	5	9.49			3.8	152	6.2	0.593																																							
SPK-0125543	COCC1=CC=C(C=C1)C#C\\C=C\\C1=CC=C(C=C1)C(=O)N[C@@H]([C@@H](C)N)C(=O)NO	LpxC inhibitors	SPK-0125543-001	2	C000003747			5.6	2.45	6.2	0.614	6.05	0.922	4.25	58.9	5.45	3.68	5.45	3.68			4.25	58.9	5.75	1.84																																							
SPK-0125542	[H]C(N)C(=O)NC1=C(C=CC=C1)C#CC1=CC=C(C=C1)C(=O)N[C@@H]([C@H](C)O)C(=O)NO	LpxC inhibitors	SPK-0125542-001	1	C000002910			4.1	78	4.1	78	4.1	78	4.1	78	4.1	78	4.1	78			4.1	78	4.1	78																																							
SPK-0125541	C[C@@H](N)[C@H](NC(=O)C1=CC=C(C=C1)C#CC#CC1=CC=C(CN2CCOCC2)C=C1)C(=O)NO	LpxC inhibitors	SPK-0125541-001	1	C000002894			5.4	4.34	6.45	0.407	6	1.09	4.2	69.5	5.4	4.34	5.7	2.17			4.2	69.5	5.7	2.17																																							
SPK-0125540	C[C@@H](N)[C@H](NC(=O)C1=CC=C(C=C1)C#CC#CC1=CC=C(CO)C=C1)C(=O)NO	LpxC inhibitors	SPK-0125540-001	1	C000002893			6	1.0065	6.4	0.428	6	1.07	4.4	40.9	5.3	5.11	5.6	2.55			4.4	40.9	5.65	2.29			5.6	2.55																																			
SPK-0125539	C[C@@H](N)[C@H](NC(=O)C1=CC=C(C=C1)C#CC1=CC=C(CNC(N)=N)C=C1)C(=O)NO	LpxC inhibitors	SPK-0125539-001	1	C000002891			4.7	19.6	4.1	78.3	4.1	78.3	4.1	78.3	4.1	78.3	4.1	78.3			4.1	78.3	4.1	78.3																																							
SPK-0125538	OCC1=CC=C(C=C1)C#C\\C=C\\C1=CC=C(C=C1)C(=O)N[C@@H](CNC(=O)CNC1CC1)C(=O)NO	LpxC inhibitors	SPK-0125538-001	1	C000002769			5.55	3.15	5.85	1.575	5.4	4.2	3.9	134	4.5	33.6	5.1	8.39			3.9	134	5.4	4.2																																							
SPK-0125537	C[C@@H](N)[C@H](NC(=O)C1=CC=C(C=C1)C#CC1=CC=C(CN2CCC3=C(C2)C=NN3)C=C1)C(=O)NO	LpxC inhibitors	SPK-0125537-001	1	C000002766			5.7	2.12	5.55	3.175	5.4	4.23	4.2	67.7	4.8	16.9	5.1	8.46			4.2	67.7	5.4	4.23																																							
SPK-0125536	ONC(=O)[C@H](CNC(=O)CN1CCC(O)C1)NC(=O)C1=CC=C(C=C1)C#CC1=CC=C(CN2CCOCC2)C=C1	LpxC inhibitors	SPK-0125536-001	1	C000002735			5.1	7.28	4.95	10.94	5.1	7.28	3.9	116	3.9	116	3.9	116			3.9	116	4.5	29.1																																							
SPK-0125535	C[C@H](O)[C@H](NC(=O)C1=CC=C(\\C=C\\C#CC2=CC=C(CNC3CC3)C=C2)C=C1)C(=O)NO	LpxC inhibitors	SPK-0125535-001	1	C000002723			5.3	4.61	5.6	2.88	5.3	4.61	3.8	148	5	9.23	5	9.23			3.8	148	5.3	4.61																																							
SPK-0125534	NC[C@H](NC(=O)C1=CC=C(C=C1)C#CC#CC1=CC(NC(=O)CN)=CC=C1)C(=O)NO	LpxC inhibitors	SPK-0125534-001	1	C000002699			5.3	4.77	4.55	28.6	4.4	38.1	4.4	38.1	4.4	38.1	4.4	38.1			4.4	38.1	5	9.54																																							
SPK-0125533	CC1=CC(=CC=C1NC(=O)CN)C#CC1=CC=C(C=C1)C(=O)N[C@@H](CN)C(=O)NO	LpxC inhibitors	SPK-0125533-001	1	C000002686			4.85	14.635	4.1	78.2	4.1	78.2	4.1	78.2	4.1	78.2	4.1	78.2			4.1	78.2	4.1	78.2																																							
SPK-0125532	ONC(=O)[C@H](CNC(=O)CN1CCOCC1)NC(=O)C1=CC=C(C=C1)C#CC1=CC=CC=C1	LpxC inhibitors	SPK-0125532-001	1	C000002668			4.8	17.8	4.75	22.19	4.1	71	3.8	142	4.4	35.5	4.1	71			3.8	142	4.8	17.8																																							
SPK-0125531	[H][C@](C)(O)[C@H](NCC1=CC=C(C=C1)C#CC#CC1=CC=CC=C1)C(=O)NO	LpxC inhibitors	SPK-0125531-001	1	C000002656			4.3	45.9	6.35	0.4835	6	1.01	4.3	45.9	4.3	45.9	5.7	2.03			4.3	45.9	5.5	3.59																																							
SPK-0125530	NC[C@H](NC(=O)C1=CC=C(C=C1)C#C)C(=O)NO	LpxC inhibitors	SPK-0125530-001	1	C000002647			4.5	32.4	3.6	259	3.6	259	3.6	259	3.6	259	3.6	259			3.6	259	3.6	259																																							
SPK-0125529	[H][C@](C)(O)[C@]([H])(NC(=O)C1=CC=C(I)C=C1)C(=O)NO	LpxC inhibitors	SPK-0125529-001	1	C000002645			4.1	87.9	3.8	176	3.8	176	3.8	176	3.8	176	3.8	176			3.8	176	3.8	176																																							
SPK-0125528	ONC(=O)[C@H](CNC(=O)CNC1CC1)NC(=O)C1=CC=C(C=C1)C#CC1=CC=C(CN2CCOCC2)C=C1	LpxC inhibitors	SPK-0125528-001	1	C000002641			5.4	3.85	5.85	1.441	6.3	0.481	3.9	123	4.2	61.6	5.2	6.11	4.8	15.4	3.9	123	6.3	0.481	3.9	123	4.8	15.4	5.4	4.81																																	
SPK-0125527	CN(C)CC(=O)NC[C@H](NC(=O)C1=CC=C(\\C=C\\C#CC2=CC=C(CN3CCOCC3)C=C2)C=C1)C(=O)NO	LpxC inhibitors	SPK-0125527-001	1	C000002620			5.4	3.75	5.4	3.75	5.1	7.5	4.2	60	4.8	15	4.8	15			4.2	60	5.1	7.5																																							
SPK-0125526	CC(C)(O)[C@H](NC(=O)C1=CC=C(\\C=C\\C#CC2=CC=C(CN3CCOCC3)C=C2)C=C1)C(=O)NO	LpxC inhibitors	SPK-0125526-001	1	C000002619			5.4	4.19	6	1.3065	6	1.05	3.9	134	5.7	2.09	5.7	2.09			3.9	134	5.7	2.09																																							
SPK-0125525	CO[C@H](C)[C@H](NC(=O)C1=CC=C(\\C=C\\C#CC2=CC=C(CN3CCOCC3)C=C2)C=C1)C(=O)NO	LpxC inhibitors	SPK-0125525-001	1	C000002617			4.8	16.8	5.7	2.62	5.7	2.09	3.9	134	5.4	4.19	5.1	8.38			4.2	67	5.1	8.38																																							
SPK-0125524	C[C@@H](O)[C@H](NS(=O)C1=CC=C(C=C1)C#CC1=CC=C(CN2CCOCC2)C=C1)C(=O)NO	LpxC inhibitors	SPK-0125524-001	1	C000002606			3.9	140	4.2	87.5	3.9	140	3.9	140	3.9	140	3.9	140			3.9	140	3.9	140																																							
SPK-0125523	C[C@@H](N)[C@H](NC(=O)C1=CC=C(C=C1)C#CC1=CC=C(CN2CCN(C)CC2)C=C1)C(=O)NO	LpxC inhibitors	SPK-0125523-001	1	C000002603			5.4	4.45	4.7	17.8	4.4	35.6	3.8	142	4.1	71.2	4.1	71.2			3.8	142	5.1	8.9																																							
SPK-0125522	[H]\\C(C#CC1=CC=C(CN2CCOCC2)C=C1)=C(/[H])C1=CC=C(C=C1)C(=O)N[C@@H]([C@@H](C)O)C(=O)NO	LpxC inhibitors	SPK-0125522-001	1	C000002582			4.65	25.9	5.25	6.47	5.4	4.31	3.9	138	3.9	138	4.5	34.5			4.5	34.5	5.1	8.63																																							
SPK-0125521	ONC(=O)[C@@H](NC(=O)C1=CC=C(C=C1)C#CC1=CC=C(CN2CCOCC2)C=C1)C1CC1	LpxC inhibitors	SPK-0125521-001	1	C000002575			5	9.23	5.6	2.31	5.6	2.31	3.5	295	4.4	36.9							5.6	2.31																																							
SPK-0125520	CNC[C@H](NC(=O)C1=CC=C(C=C1)C#CC1=CC=C(CN2CCOCC2)C=C1)C(=O)NO	LpxC inhibitors	SPK-0125520-001	1	C000002572			5.3	4.58	5.3	4.58	5.3	4.58	3.8	147	4.1	73.3							5.3	4.58																																							
SPK-0125519	NC[C@H](N1C=NC2=CC(=CC=C2C1=O)C#CC1=CC=C(CN2CCOCC2)C=C1)C(=O)NO	LpxC inhibitors	SPK-0125519-001	1	C000002568			3.8	143	3.8	143	3.8	143	3.8	143	3.8	143	3.8	143			3.8	143	3.8	143																																							
SPK-0125518	NC[C@H](NC(=O)C1=CC=C(C=C1)C#CC1=CC=C(CNCC2CC2)C=C1)C(=O)NO	LpxC inhibitors	SPK-0125518-001	1	C000002560			4.85	14.77	4.1	78.7	4.4	39.4	3.8	157	3.8	157							3.8	157																																							
SPK-0125517	ONC(=O)C(CC(F)(F)F)NC(=O)C1=CC=C(C=C1)C#CC1=CC=C(CN2CCOCC2)C=C1	LpxC inhibitors	SPK-0125517-001	1	C000002556			4.65	25.25	5.55	3.155	5.4	4.21	3.9	135	4.5	33.7							5.4	4.21																																							
SPK-0125516	ONC(=O)[C@H](CCC#N)NC(=O)C1=CC=C(C=C1)C#CC1=CC=C(CN2CCOCC2)C=C1	LpxC inhibitors	SPK-0125516-001	1	C000002538			3.8	143	3.8	143	3.8	143	3.8	143	3.8	143							3.8	143																																							
SPK-0125515	ONC(=O)C(CC1CCOCC1)NC(=O)C1=CC=C(C=C1)C#CC1=CC=C(CN2CCOCC2)C=C1	LpxC inhibitors	SPK-0125515-001	1	C000002537			4.35	48.8	4.95	12.22	5.1	8.14	3.9	130	3.9	130							5.1	8.14																																							
SPK-0125514	C[C@@H](N)[C@H](NC(=O)C1=CC=C(C=C1)C#CC1=CC=C(CO)C=C1)C(=O)NO	LpxC inhibitors	SPK-0125514-001	1	C000002531			6.1	0.857	5.3	5.44	5.2	6.57	3.8	174	4.45	39.05	4.25	65.3	5	10.9	3.8	174	5.35	4.645	3.95	130.55	5.9	1.36	4.7	27.2																																	
SPK-0125513	CN(C)CC(=O)NC[C@H](NC(=O)C1=CC=C(C=C1)C#CC1=CC=C(CN2CCOCC2)C=C1)C(=O)NO	LpxC inhibitors	SPK-0125513-001	2	C000002519			5.65	2.38	5.4	3.94	5.1	7.88	4.05	94.5	4.1	76.05	4.2	63	3.9	126	3.9	126	5.55	2.955	3.9	126	4.8	15.8	4.95	17.72																																	
SPK-0125512	CC(=O)NC[C@H](NC(=O)C1=CC=C(C=C1)C#CC1=CC=C(CN2CCOCC2)C=C1)C(=O)NO	LpxC inhibitors	SPK-0125512-001	1	C000002516			5.4	4.31	5.7	2.695	5.7	2.15	3.9	138	4.2	68.9							5.7	2.15																																							
SPK-0125511	NC[C@H](NC(=O)C1=CC(F)=C(C=C1)C#CC1=CC=C(CNC2CC2)C=C1)C(=O)NO	LpxC inhibitors	SPK-0125511-001	2	C000002457			5.3	4.87	5.3	4.87	5.3	4.87	4.25	58.5	4.1	78	4.4	39	3.8	156	3.8	156	5.15	7.31	3.8	156	5.2	6.89	4.85	14.625																																	
SPK-0125510	NC[C@H](NC(=O)C1=CN=C(C=C1)C#CC1=CC=C(CN2CCC3(CC2)OCCO3)C=C1)C(=O)NO	LpxC inhibitors	SPK-0125510-001	1	C000002446			4.8	16.7	4.2	66.7	4.2	66.7	3.9	133	4.2	83.2							4.2	66.7																																							
SPK-0125509	ONC(=O)[C@@H](NC(=O)C1=CC=C(C=C1)C#CC1=CC=C(CN2CCOCC2)C=C1)C1CCCCC1	LpxC inhibitors	SPK-0125509-001	1	C000002431			4.5	33.6	5.15	7.18	5	11.375	3.6	269	3.9	135	5.1	8.41	4.8	16.8			4.5	33.6																																							
SPK-0125508	C[C@@H](O)[C@H](NC(=O)C1=CC=C(C=C1)C1CC1C1=CC=C(CN2CCOCC2)C=C1)C(=O)NO	LpxC inhibitors	SPK-0125508-001	1	C000002417			4.2	70.6	3.9	141	3.9	141	3.9	141	3.9	141							3.9	141																																							
SPK-0125507	NC[C@H](NC(=O)C1=CN=C(C=C1)C#CC1=CC=C(CN2CCC(F)(F)CC2)C=C1)C(=O)NO	LpxC inhibitors	SPK-0125507-001	1	C000002409			4.3	49.5	4.55	29.85	4.5	35	3.9	140	3.95	119.45							4	98.9																																							
SPK-0125506	CS(=O)(=O)N1CCN(CC2=CC=C(C=C2)C#CC2=NC=C(C=C2)C(=O)N[C@@H](CN)C(=O)NO)CC1	LpxC inhibitors	SPK-0125506-001	1	C000002408			5.05	8.475	4.6	22.6	4.6	22.6	3.9	128	4.65	24							4.6	22.6																																							
SPK-0125505	OC[C@@H](O)[C@@H](O)[C@H](O)[C@@H](NC(=O)C1=CC=C(C=C1)C#CC1=CC=C(CN2CCOCC2)C=C1)C(=O)NO	LpxC inhibitors	SPK-0125505-001	1	C000002398			3.9	125	3.9	125	3.9	125	3.9	125	3.9	125							3.9	125																																							
SPK-0125504	NC[C@H](NC(=O)C1=CC(F)=C(C=C1)C#CC1=CC=C(CN2CCOCC2)C=C1)C(=O)NO	LpxC inhibitors	SPK-0125504-001	1	C000002390			5.3	4.54	5.75	1.705	5.6	2.27	4.1	72.6	4.55	27.25							5.3	4.54																																							
SPK-0125503	CN(CC1=CC=C(C=C1)C#CC1=CC=C(C=C1)C(=O)N[C@@H](CN)C(=O)NO)CC1=CN=CC=C1	LpxC inhibitors	SPK-0125503-001	1	C000002384			5.25	6.555	5.3	5.275	5.2	6.18	3.9	140	4.1	84.4							5.1	8.74																																							
SPK-0125502	CC(C)(NC(=O)C1=CC=C(C=C1)C#CC1=CC=C(CN2CCOCC2)C=C1)C(=O)NO	LpxC inhibitors	SPK-0125502-001	1	C000002289			3.8	152	4.1	75.9	4.1	75.9	3.8	152	3.8	152							3.8	152																																							
SPK-0125501	C[C@@H](O)[C@H](NC(=O)C1=CC=C(\\C=C/C2=CC=C(CN3CCOCC3)C=C2)C=C1)C(=O)NO	LpxC inhibitors	SPK-0125501-001	1	C000002278			3.8	146	4.1	72.8	3.8	146	3.8	146	3.8	146							3.8	146																																							
SPK-0125500	C[C@@H](O)[C@H](NC(=O)C1=CC=C(C=C1)C#CC1=CC=C(CN2CCC(CC2)C2=CC(O)=CC=C2)C=C1)C(=O)NO	LpxC inhibitors	SPK-0125500-001	1	C000002212			5.1	7.58	5.4	3.79	6	0.948	3.9	121	4.2	60.6							6.6	0.294																																							
SPK-0125499	C[C@@H](O)[C@H](NC(=O)C1=CC=C(C=C1)C#CC1=CC=C(CN2CCC(CC2)C2=CC=C(F)C=C2)C=C1)C(=O)NO	LpxC inhibitors	SPK-0125499-001	1	C000002191			4.5	30.2	6	0.944	6	0.944	3.9	121	4.2	60.4					3.9	121	6	0.944			4.5	30.2	5.7	1.89	5.55	2.835	4.2	60.4	4.2	60.4			4.5	30.2	4.05	90.7																					
SPK-0125498	C[C@@H](O)[C@H](NC(=O)C1=NC=C(C=C1)C#CC1=CC=C(CN2CCOCC2)C=C1)C(=O)NO	LpxC inhibitors	SPK-0125498-001	1	C000002186			4.1	73	5.15	6.84	5	9.12	3.8	146	3.8	146							5.3	4.56			4.4	36.5	6.2	0.57																																	
SPK-0125497	C[C@@H](O)[C@H](NC(=O)C1=CC=C(C=C1)C#CC1=CC=C(CN2CCC(CC2)C(F)(F)F)C=C1)C(=O)NO	LpxC inhibitors	SPK-0125497-001	1	C000002161			4.8	15.9	6.35	0.518	6.6	0.248	3.9	127	4.8	15.9							6.6	0.248					6.9	0.119																																	
SPK-0125496	CCOC(=O)C1CCCN(CC2=CC=C(C=C2)C#CC2=CC=C(C=C2)C(=O)N[C@@H]([C@@H](C)O)C(=O)NO)C1	LpxC inhibitors	SPK-0125496-001	1	C000002145			4.8	15.8	5.25	5.91			3.9	126	4.8	15.8							6.45	0.5515					6.9	0.118																																	
SPK-0125495	CCN(CC)C(=O)C1CCCN(CC2=CC=C(C=C2)C#CC2=CC=C(C=C2)C(=O)N[C@@H]([C@@H](C)O)C(=O)NO)C1	LpxC inhibitors	SPK-0125495-001	1	C000002129			4.5	29.9	4.5	29.9			3.9	120	4.2	59.9							5.55	4.2075					6	0.935																																	
SPK-0125494	CCOC(=O)C1CCCCN1CC1=CC=C(C=C1)C#CC1=CC=C(C=C1)C(=O)N[C@@H]([C@@H](C)O)C(=O)NO	LpxC inhibitors	SPK-0125494-001	1	C000002128			4.2	63	4.5	31.5			3.6	252	3.9	126							6.15	2.0315					6.6	0.246																																	
SPK-0125493	C[C@@H](O)[C@H](NC(=O)C1=CN=C(C=C1)C#CC1=CC=C(CN2CCOCC2)C=C1)C(=O)NO	LpxC inhibitors	SPK-0125493-001	1	C000002091			4.1	73	4.7	18.2	4.4	36.5	3.8	146	3.8	146							4.1	73																																							
SPK-0125492	C[C@H](O)[C@@H](NC(=O)C1=CC=C(C=C1)C#CC1=CC=C(CN2CC3CC2CN3)C=C1)C(=O)NO	LpxC inhibitors	SPK-0125492-001	1	C000002014			3.8	143	3.8	143			3.8	143			3.5	285	3.8	143	3.8	143	3.8	143	3.8	143			3.8	143																																	
SPK-0125491	C[C@H](O)[C@@H](NC(=O)C1=CC=C(C=C1)C#CC1=CC=C(CN2CCNC(=O)C2)C=C1)C(=O)NO	LpxC inhibitors	SPK-0125491-001	1	C000002006			3.8	142	3.8	142			3.8	142			3.5	284	3.8	142	3.8	142	3.8	142	3.8	142			4.1	71																																	
SPK-0125490	C[C@H](O)[C@@H](NC(=O)C1=CC=C(C=C1)C#CC1=CC=C(CN(C)CCCN(C)C)C=C1)C(=O)NO	LpxC inhibitors	SPK-0125490-001	1	C000001993			3.9	137	3.9	137			3.9	137			3.6	274	3.9	137	3.9	137	3.9	137	3.9	137			3.9	137																																	
SPK-0125489	C[C@H](O)[C@@H](NC(=O)C1=CC=C(C=C1)C#CC1=CC=C(CNCCC2=CNC=N2)C=C1)C(=O)NO	LpxC inhibitors	SPK-0125489-001	1	C000001988			3.9	139	3.9	139			3.9	139			3.6	277	3.9	139	3.9	139	3.9	139	3.9	139			3.9	139																																	
SPK-0125488	C[C@H](O)[C@@H](NS(=O)(=O)C1=CC=C(C=C1)C#CC1=CC=C(CN2CCOCC2)C=C1)C(=O)NO	LpxC inhibitors	SPK-0125488-001	1	C000001980			3.9	135	3.75	202.5			3.9	135			3.9	135	3.9	135	3.9	135	4.2	67.6	3.9	135			4.2	67.6																																	
SPK-0125487	C[C@@H](O)[C@H](NC(=O)C1=CC=C(C=C1)C#CC1=CC=C(CN(C)CCN(C)C)C=C1)C(=O)NO	LpxC inhibitors	SPK-0125487-001	1	C000001951			4.8	17.7	4.5	44.2			3.8	141			3.8	141	3.8	141	3.8	141	5.4	4.42	3.8	141			6	1.1																																	
SPK-0125486	C[C@@H](O)[C@H](NC(=O)C1=CC=C(C=C1)C#CC1=CC=C(CN2CCN(C)CC2)C=C1)C(=O)NO	LpxC inhibitors	SPK-0125486-001	1	C000001943			5.4	4.44	4.6	73.22			3.8	142			4.4	35.5	3.8	142	3.8	142	6	1.11	3.8	142			6.6	0.277																																	
SPK-0125485	C[C@@H](O)[C@H](NC(=O)C1=CC=C(C=C1)C#CC1=CC=C(CNC2CC2)C=C1)C(=O)NO	LpxC inhibitors	SPK-0125485-001	3	C000001941			5.6	2.45	5.7	2.06	5.6	2.45	3.65	235.5	4.3	55.5	4.95	13.27	4.55	29.45	3.8	157	5.9	1.23	3.8	157	5.4	4.19	5.3	4.91	5.3	4.91	3.8	157	3.8	157			3.8	157	3.8	157																					
SPK-0125484	CCCC1=CC(=CC(OC)=C1OC)C1=N[C@@H](CO1)C(=O)NO	LpxC inhibitors	SPK-0125484-001	1	C000001645			3.7	208	4.65	24.85	3.7	208	3.7	208	3.7	208	4.3	51.9			3.7	208	3.7	208																																							
SPK-0125483	CC(C)(N)[C@H](NC(=O)C12CC(C1)(C2)C#CC#CC1CC1)C(=O)NO	LpxC inhibitors	SPK-0125483-001	1	C000010812	7.13	0.0735	6.4	0.379																			4.9	12.1																						4	16	0.5	32										
SPK-0125482	[H]C(=O)N1CC(C1)C#CC#CC1=CC=C(C=C1)C(=O)N[C@H](C(=O)NO)C(C)(C)OCOP([O-])([O-])=O	LpxC inhibitors	SPK-0125482-001	1	C000050716																																																			3.45	3.4	22.5	75	3.9	0.11	1.2	6.1	
SPK-0125481	CO[C@@]1(CCS(=O)(=O)C1)[C@@H](NC(=O)C1=CC=C(C=C1)C#CC#CCCO)C(=O)NO	LpxC inhibitors	SPK-0125481-001	1	C000050569	7.25	0.056	3.8	147	3.8	147	3.8	147																																										64									
SPK-0125480	COC1(CS(=O)(=O)C1)C(NC(=O)C1=CC=C(C=C1)C#CC#CC[C@H](O)CO)C(=O)NO	LpxC inhibitors	SPK-0125480-001	1	C000050556	8.64	0.0023	4.4	35.5	3.8	142	4.1	71																																										26									
SPK-0125479	COC1(CS(=O)(=O)C1)C(NC(=O)C1=CC=C(C=C1)C#CC#CC1CN(C1)C(C)=O)C(=O)NO	LpxC inhibitors	SPK-0125479-001	1	C000050527	9.05	0.0009	4.8	16.9	5.1	8.45	4.8	16.9																																										11.3									
SPK-0125478	COC1(CCNCC1)C(NC(=O)C1=CC=C(C=C1)S(F)(F)(F)(F)F)C(=O)NO	LpxC inhibitors	SPK-0125478-001	1	C000050520	5.46	3.5	3.9	128	3.9	141	3.9	141																																										72.8									
SPK-0125477	COC1(CS(=O)(=O)C1)C(NC(=O)C1=CC=C(C=C1)C#CC#C[C@@H]1C[C@H]1CO)C(=O)NO	LpxC inhibitors	SPK-0125477-001	1	C000050519	9.11	0.00077	5.3	4.6	5.9	1.15	5.6	2.3																															7.28	4.53										2.93									
SPK-0125476	COC1(CS(=O)(=O)C1)[C@H](NC(=O)C1=CC=C(C=C1)C#CC#CCCO)C(=O)NO	LpxC inhibitors	SPK-0125476-001	1	C000050516	9.145	0.00075	5.3	4.76	5.8	1.76	5	9.51	3.8	152									5.6	2.38			5.6	2.38	5.3	4.76	4.7	19											31.05	25.1	23.85	34.7	32.1			1	2	0.25	8	2.3	7.95	7.95	46	76.5	1.3	0.325	2.05	12	5.1
SPK-0125475	ONC(=O)[C@@H](NC(=O)C1=CC=C(C=C1)S(F)(F)(F)(F)F)C1(O)CCNC1	LpxC inhibitors	SPK-0125475-001	1	C000050503	6.05	0.9	5.1	7.7	3.9	123	3.9	123																															46.5	45.6										6.06									
SPK-0125474	C[C@H]1NC[C@]1(O)[C@@H](NC(=O)C1=CC=C(C=C1)S(F)(F)(F)(F)F)C(=O)NO	LpxC inhibitors	SPK-0125474-001	1	C000050487			3.9	123	3.9	123	3.9	123																																										64									
SPK-0125473	CCC(=O)N[C@H](C(=O)NO)C(C)(C)N	LpxC inhibitors	SPK-0125473-001	1	C000050473			3.1	807	3.1	807	3.1	807																																										256									
SPK-0125472	CNC1(CNC1)C(NC(=O)C1=CC=C(C=C1)S(F)(F)(F)(F)F)C(=O)NO	LpxC inhibitors	SPK-0125472-001	1	C000050472	6.8	0.16	5.3	4.54	3.8	145	3.8	145																															49.2	47										2.64	7	6.9	32	42	1.4	0.61	3.2	15	3.1
SPK-0125471	CC(C)(NC1CC(O)C1)[C@H](NC(=O)C1=CC=C(C=C1)S(F)(F)(F)(F)F)C(=O)NO	LpxC inhibitors	SPK-0125471-001	1	C000050465	8.1	0.0079	5.4	3.56	3.9	114	3.9	114																															51.4	45.5										3.48									
SPK-0125470	CC(C)(N)[C@H](NC(=O)C#CC1=CC=CC=C1)C(=O)NO	LpxC inhibitors	SPK-0125470-001	1	C000050463	6.41	0.39	5	10.3	3.2	658	3.2	658																																										8									
SPK-0125469	CCC#CC(=O)N[C@H](C(=O)NO)C(C)(C)N	LpxC inhibitors	SPK-0125469-001	1	C000050462			2.9	1130	2.9	1130	2.9	1130																																										256									
SPK-0125468	ONC(=O)C(NC(=O)C1=CC=C(C=C1)S(F)(F)(F)(F)F)C1CNC1	LpxC inhibitors	SPK-0125468-001	1	C000050461	5.66	2.2	4.8	16.3	3.9	131	3.9	131																																										9.19									
SPK-0125467	C\\C=C\\C#CC1=CC=C(C=C1)C(=O)N[C@H](C(=O)NO)C(C)(C)NC=O	LpxC inhibitors	SPK-0125467-001	1	C000050455	8.47	0.0034	5.7	2.19	5.8	1.55	5.1	8.74																															12.9	14.5										0.933									
SPK-0125466	COC1(CC(O)C1)C(NC(=O)C1=CC=C(C=C1)C#CC#CCCO)C(=O)NO	LpxC inhibitors	SPK-0125466-001	1	C000050447	7.6	0.025	4.2	58.6	4.1	82.8	3.8	166																																										27.9									
SPK-0125465	CC#CC#CC1=CC=C(C=C1)C(=O)NC(C(=O)NO)C1(O)CNC1	LpxC inhibitors	SPK-0125465-001	1	C000050446	7.74	0.018	5.5	3.2	4.7	18.1	4.4	36.3																																										1.87									
SPK-0125464	CC#CC1=CC=C(C=C1)C(=O)N[C@H](C(=O)NO)C(C)(C)NC(=O)[C@@H]1CCOC1	LpxC inhibitors	SPK-0125464-001	1	C000050440	6.82	0.15	3.9	117	3.8	165	3.8	165																																										52									
SPK-0125463	CN(C(=O)C1=CC=C(C=C1)C#CC#CCCO)C1(CCC1)C(=O)NO	LpxC inhibitors	SPK-0125463-001	1	C000050434			3.1	752	3.1	752	3.1	752																																										256									
SPK-0125462	CC(C[C@H]1CN(C(=O)O1)C1=CC=C(C=C1)S(F)(F)(F)(F)F)(C(=O)NO)S(C)(=O)=O	LpxC inhibitors	SPK-0125462-001	1	C000050411			5.5	3.43	4.4	38.9	4	110																																										3.48									
SPK-0125461	CC#CC1=CC=C(C=C1)N1C[C@H](C[C@@](C)(C(=O)NO)S(C)(=O)=O)OC1=O	LpxC inhibitors	SPK-0125461-001	1	C000050380			3.8	168	3.8	168	3.8	168																																										64									
SPK-0125460	OCCC#CC#CC1=CC=C(C=C1)C(=O)N[C@H](C(=O)NO)[C@@]1(O)CCNC1	LpxC inhibitors	SPK-0125460-001	1	C000050365			4.6	23.3	4.5	33	3.6	264																															46.1	44.8										26	7.3	7.3	28	37	0.69	0.22	3.3	13	1.5
SPK-0125459	CC#CC1=CC=C(C=C1)C(=O)N[C@@H](C(=O)NO)[C@](C)(O)C1CNC1	LpxC inhibitors	SPK-0125459-001	1	C000050360			3.2	575	3.2	575	3.2	575																																										256									
SPK-0125458	CC1(CNC1)[C@H](NC(=O)C1=CC=C(C=C1)C#CC#CCCO)C(=O)NO	LpxC inhibitors	SPK-0125458-001	1	C000050354	7.72	0.019	4.6	22.5	4	90	3.1	720																																										16									
SPK-0125457	CC(C)([C@H](NC(=O)C1=CC=C(C=C1)C#CC#CCCO)C(=O)NO)S(=O)(=O)[C@H]1CCNC1	LpxC inhibitors	SPK-0125457-001	1	C000050350	8.02	0.0096	4.6	27.8	3.4	445	3.4	445																																										22.6									
SPK-0125456	CC(C)(SC1CNC1)[C@H](NC(=O)C1=CC=C(C=C1)C#CC#CCCO)C(=O)NO	LpxC inhibitors	SPK-0125456-001	1	C000050349	7.35	0.045	4.2	60.4	3.3	483	3.3	483																																										39.4									
SPK-0125454	COC1(CNC1)C(NC(=O)C1=CC=C(C=C1)S(F)(F)(F)(F)F)C(=O)NO	LpxC inhibitors	SPK-0125454-001	1	C000050345	6.85	0.14	5.4	3.85	3.8	145	3.8	145															4.8	15.4															50.25	50.2										2	8.7	8.6	16	16	1.2	1.1	4.3	8	2.3
SPK-0125453	CC#CC1=CC=C(C=C1)C(=O)N[C@@H](C(=O)NO)[C@](C)(O)CN(C)C	LpxC inhibitors	SPK-0125453-001	1	C000050339			4.7	17.9	3.5	286	3.2	572																															44	42.8										11.3									
SPK-0125452	CN1CC(C1)(C(NC(=O)C1=CC=C(C=C1)C#CC#CCCO)C(=O)NO)S(C)(=O)=O	LpxC inhibitors	SPK-0125452-001	1	C000050330	7.52	0.03	4.8	16.2	3.6	259	3.3	519																															27.7	25.5										13									
SPK-0125451	OCCC#CC#CC1=CC=C(C=C1)C(=O)N[C@@H]([C@H]1COCCN1)C(=O)NO	LpxC inhibitors	SPK-0125451-001	1	C000050329	8.18	0.0066	5.6	2.69	4.8	15.2	4.1	86.2																															46.9	43.2										1.74									
SPK-0125450	OC[C@@H]1C[C@H]1C#CC#CC1=CC=C(C=C1)C(=O)NC(C(=O)NO)C1(O)CNC1	LpxC inhibitors	SPK-0125450-001	1	C000050327	8.12	0.0075	4.5	32.2	4.5	32.2	3.9	129																															15.2	14										24.2									
SPK-0125449	CS(=O)(=O)C1(CNC1)C(NC(=O)C1=CC=C(Br)C=C1)C(=O)NO	LpxC inhibitors	SPK-0125449-001	1	C000050318	6.47	0.34	4.2	61.5	3.3	492	3.3	492																																										55.7									
SPK-0125448	CC(C)(N)[C@H](NC(=O)C1=CC=C(C=C1)S(F)(F)(F)(F)F)C(=O)NO	LpxC inhibitors	SPK-0125448-001	1	C000050312	7.82	0.015	6.15	0.646	4.15	69.15	3.7	203.5															6.2	0.572															41.2	43.9						0.13	0.5	0.063	2	0.4545	2.5	2.5	8.15	16.5	4.6	4.3	1.095	3.6	10.35
SPK-0125447	CC(C)(N)[C@H](NC(=O)C1=CC=C(F)C=C1)C(=O)NO	LpxC inhibitors	SPK-0125447-001	1	C000050295	5.82	1.5	4.7	21	3.6	238	3	951																																										8.57									
SPK-0125446	CC(C)(N)[C@H](NC(=O)C1=CC=NC(F)=C1)C(=O)NO	LpxC inhibitors	SPK-0125446-001	1	C000050285	4.96	11	3.9	118	3.2	666	3.2	666																																										70.2									
SPK-0125445	CC(C)(N)[C@H](NC(=O)C1=CC=C(Cl)C=C1)C(=O)NO	LpxC inhibitors	SPK-0125445-001	1	C000050275	6.51	0.31	5.3	5	4.4	40	3.3	453																															50.7	54.5										2.64									
SPK-0125444	CC1=C(C(NC(=O)C2=CC=C(C=C2)C#CC#CCCO)C(=O)NO)C(O)=NO1	LpxC inhibitors	SPK-0125444-001	1	C000050270	7.15	0.07	3.3	515	3.3	515	3.3	515																																										256									
SPK-0125443	CC(C)(N)[C@H](NC(=O)N1CCC(CC1)OCC1CC1)C(=O)NO	LpxC inhibitors	SPK-0125443-001	1	C000050268	5.09	8.2	3.5	289	3.2	579	3.2	579																																										194									
SPK-0125442	CC1=NC=NC(C)=C1C(NC(=O)C1=CC=C(C=C1)C#CC#CCCO)C(=O)NO	LpxC inhibitors	SPK-0125442-001	1	C000050244	6	1	4.2	63.2	4.2	63.2	4.2	63.2																															19.6	20.1										32									
SPK-0125441	CC(C)(N)[C@H](NC(=O)N1CCCC(F)(F)C1)C(=O)NO	LpxC inhibitors	SPK-0125441-001	1	C000050241	4.36	59.5	3.7	222	3.2	627	3.2	627																																										104									
SPK-0125440	CC(C)(N)[C@H](NC(=O)N1CCN(CC(F)F)CC1)C(=O)NO	LpxC inhibitors	SPK-0125440-001	1	C000050240	4.25	90	3.5	293	3.2	585	3.2	585																																										158									
SPK-0125439	CC(C)(N)[C@H](NC(=O)C1CCC2(CC2)CC1)C(=O)NO	LpxC inhibitors	SPK-0125439-001	1	C000050235	4.935	17.25	4.3	50.7	3.2	644	3.2	644															4.4	40.3																						16	64	8	130	32.4									
SPK-0125438	CC(C)(N)[C@H](NC(=O)C1CC2(CCC2)C1)C(=O)NO	LpxC inhibitors	SPK-0125438-001	1	C000050234	4.83	28.6	4.2	59.4	3	950	3	950																																										19.7									
SPK-0125437	CC(C)(N)[C@H](NC(=O)C1CC(C)(C)C1)C(=O)NO	LpxC inhibitors	SPK-0125437-001	1	C000050230	4.33	91.5	4.2	56.3	3.8	172	3.4	385															4.1	86.2																						32	64	16	130	32.9									
SPK-0125436	CNC(C)(C)[C@H](NC(=O)C1=CC=C(C=C1)C#C)C(=O)NO	LpxC inhibitors	SPK-0125436-001	1	C000050225	7.08	0.083	5.7	2.02	4.5	32.4	3.9	130																															66.5	73.9										0.87									
SPK-0125435	CNS(=O)(=O)CCC#CC#CC1=CC=C(C=C1)C(=O)N[C@H](C(=O)NO)C(C)(C)O	LpxC inhibitors	SPK-0125435-001	1	C000050184	8.44	0.0036	5	9.49	5.3	4.75	4.7	19																																										6.06									
SPK-0125434	CC(C)([C@H](NCC1=CC=C(OC(F)(F)F)C=C1)C(=O)NO)S(C)(=O)=O	LpxC inhibitors	SPK-0125434-001	1	C000050182	6.18	0.66	3.8	167	4.2	58.9	3.8	167																																										64									
SPK-0125433	OCCC#CC#CC1=CC=C(C=C1)C(=O)N[C@@H]([C@H]1COC(=O)N1)C(=O)NO	LpxC inhibitors	SPK-0125433-001	1	C000050167	8.8	0.0016	4.2	60.9	4.7	21.5	3.8	172																																										23.7									
SPK-0125432	COC1=CC=C(C(F)=C1)C1=CC(=O)N(CCC(C)(N2C=NN=C2C)C(=O)NO)C=C1	LpxC inhibitors	SPK-0125432-001	1	C000050156	7.29	0.051	3.9	121	3.9	121	3.9	121																																										64									
SPK-0125431	CC(C)([C@H](NC(=O)C1=CC=C(C=C1)C#CC#CCCO)C(=O)NO)S(=O)(=O)CC1=NOC=C1	LpxC inhibitors	SPK-0125431-001	1	C000050117	8.52	0.003	5.4	4.22	5.7	2.11	5.2	5.97																															16.4	8.42										3.25									
SPK-0125430	CC(O)[C@H](NC(=O)C1=CC=C(C=C1)C#CC#CC1C[C@@](O)(CO)C1)C(=O)NO	LpxC inhibitors	SPK-0125430-001	1	C000050073	8.1	0.0079	5.3	5.18	5.3	5.18	4.8	14.6																															18.7	24										3.03									
SPK-0125429	NC1(COC1)[C@H](NC(=O)C1=CC=C(OC(F)(F)F)C=C1)C(=O)NO	LpxC inhibitors	SPK-0125429-001	1	C000050061	7.6	0.025	5.1	8.63	3.9	138	3.9	138															5.7	2.16															44.8	30.4										6.5									
SPK-0125428	CC(C)S(=O)(=O)C(C)(C)[C@H](NC(=O)C1=CC=C(OC(F)(F)F)C=C1)C(=O)NO	LpxC inhibitors	SPK-0125428-001	1	C000050051			4.4	37.5	4.7	18.8	3.8	150															4.55	28.15																										32									
SPK-0125427	CC(CCN1C=CC(=CC1=O)C(F)(F)F)(C(=O)NO)S(C)(=O)=O	LpxC inhibitors	SPK-0125427-001	1	C000050045	7.21	0.061	4.3	44.9	4.3	44.9	3.7	180																																										29.9									
SPK-0125426	CC(C)([C@H](NC(=O)C1=CC=C(OC(F)(F)F)C=C1)C(=O)NO)S(C)(=O)=O	LpxC inhibitors	SPK-0125426-001	1	C000050038	7.17	0.0675	4.5	31.2	4.2	62.5	3.9	125																																										24.2									
SPK-0125425	CCC1=CC=C(C=C1)C(=O)N[C@H](C(=O)NO)C(C)(C)O	LpxC inhibitors	SPK-0125425-001	1	C000050033	6.61	0.243	3.9	114	3.6	228	3.6	228																																										48.5									
SPK-0125424	CC(C)(O)[C@H](NC(=O)C1=CC=C(OC(F)(F)F)C=C1)C(=O)NO	LpxC inhibitors	SPK-0125424-001	1	C000050032	7.11	0.077	4.3	47.6	3.7	190	3.7	190																																										27.9									
SPK-0125423	COC1=CC=C(C=C1)C(=O)N[C@H](C(=O)NO)C(C)(C)O	LpxC inhibitors	SPK-0125423-001	1	C000050031	6.4	0.401	4.2	56.7	3.6	227	3.6	227																																										32									
SPK-0125421	CC(C)(O)[C@H](NC(=O)C1=CC=C(C=C1)C#CC#CC1CC(C1)NC1COC1)C(=O)NO	LpxC inhibitors	SPK-0125421-001	1	C000049980	9.18	0.00066	5.4	3.71	6.2	0.655	5.7	1.85																															26.2	24.1				381						2.83									
SPK-0125420	CC(C)(O)[C@H](NC(=O)C1=CC=C(C=C1)C#CC#CC1CN(CC(F)F)C1)C(=O)NO	LpxC inhibitors	SPK-0125420-001	1	C000049971	9.42	0.00038	5.4	3.75	6.8	0.166	5.9	1.33																															17.3	16.8				178	0.96					3.03									
SPK-0125419	CN[C@@H](C)C(=O)N1CC(C1)C#CC#CC1=CC=C(C=C1)C(=O)N[C@H](C(=O)NO)C(C)(C)O	LpxC inhibitors	SPK-0125419-001	1	C000049966	8.66	0.0022	4.5	28.9	4.7	20.4	4.5	28.9																															70.8	58.4										18.4									
SPK-0125418	C[C@H](N)C(=O)N1CC(C1)C#CC#CC1=CC=C(C=C1)C(=O)N[C@H](C(=O)NO)C(C)(C)O	LpxC inhibitors	SPK-0125418-001	1	C000049964	8.77	0.0017	5	10.5	4.8	14.8	4.5	29.6																															59.4	41.1										8.57									
SPK-0125417	CC1=NC=C(S1)C1=CC=C(C=C1)C(=O)N[C@H](C(=O)NO)C(C)(C)N	LpxC inhibitors	SPK-0125417-001	1	C000049931	6.92	0.12	4.8	17.3																			4.5	34.6																																			
SPK-0125416	C[C@H](O)\\C=C\\C#CC1=CC=C(C=C1)C(=O)N[C@H](C(=O)NO)C(C)(C)N	LpxC inhibitors	SPK-0125416-001	1	C000005393			5.5	2.9																			5.2	5.79																						2	8	0.5	8										
SPK-0125414	CC(C)(N)[C@H](NC(=O)C1=CC=C(C=C1)C#C\\C=C\\C(O)CO)C(=O)NO	LpxC inhibitors	SPK-0125414-001	1	C000005361			5.3	5.53	4.55	33.2			4.1	88.5																																																	
SPK-0125413	CC(C)(N)[C@H](NC(=O)C1=CC=C(C=C1)C#CC#CC1=CC(=O)NC=C1)C(=O)NO	LpxC inhibitors	SPK-0125413-001	1	C000005360	8.89	0.0013	5.9	1.27	6.2	1.3515			4.1	81.5													4.7	20.4																																			
SPK-0125412	CC(C)(N)[C@H](NC(=O)C1=CC=C(C=C1)C#CC1=CCC(O)CC1)C(=O)NO	LpxC inhibitors	SPK-0125412-001	1	C000005358			5.3	5.38	5.45	5.005			4.1	86.2																																																	
SPK-0125411	CN[C@H](C)[C@H](NC(=O)C1=CC=C(C=C1)C#CC#CCCO)C(=O)NO	LpxC inhibitors	SPK-0125411-001	1	C000005356	6.77	0.17	5.8	1.46	5.2	7.255			4	93.2													4.75	17.45																																			
SPK-0125410	CC(C)(O)[C@H](NC(=O)C1=CC=C(C=C1)C#CC#C[C@@H]1CCN(C1)C1COC1)C(=O)NO	LpxC inhibitors	SPK-0125410-001	2	C000005343			5	9.4	5.9	2.497			4.1	75.2																																																	
SPK-0125409	[H]C(=O)N1CC(C1)C#CC#CC1=CC=C(C=C1)C(=O)N[C@H](C(=O)NO)C(C)(C)O	LpxC inhibitors	SPK-0125409-001	1	C000005313	8.32	0.0048	5.3	5.22	5.6	2.61	4.9	12.6	3.8	167			4.7	20.9	5.3	5.22			5.3	5.22	4.4	41.7	5.7	1.84	5	10.4	4.4	41.7											37.2	29.7	30.5	40.9	42.6	411	0.96	0.5	2	0.13	8	2.505	5.8	5.7	26	45	1.8	0.56	1.6	7	6.4
SPK-0125408	CNC(=O)C(C)(NC(=O)C1=CC=C(C=C1)C#CC#CCCO)C(=O)NO	LpxC inhibitors	SPK-0125408-001	1	C000005302			4.7	22.4	4	89.5	3.7	179	4	89.5			4	89.5	4	89.5					4	89.5																	47.3	41										16	7.2	7.2	28	42	1.4	0.63	2.9	11	3.4
SPK-0125407	CNC(=O)C(NC(=O)C1=CC=C(C=C1)C#CC#CCCO)C(=O)NO	LpxC inhibitors	SPK-0125407-001	1	C000005300			5.2	5.83	5.5	3.645			4	93.2			4	93.2	5.2	5.83					4	93.2																	33.7	19											5.2	5.2	27	41	1.5	0.35	0.99	5.1	7.9
SPK-0125406	CC(C)(O)[C@H](NC(=O)C1=CC=C(C=C1)C#CC#CCCO)C(=O)NO	LpxC inhibitors	SPK-0125406-001	1	C000005289	7.87	0.0135	5.5	2.9	5.2	5.81	4.6	23.2	3.7	186			4	92.9	5.5	2.9			5.35	4.355	4	92.9	5.7	1.83	4.9	11.6	4.3	46.5											34.4	32.3	29.9	38.6	34.75	1540	0.95	0.5	2	0.063	4	1.885	3.6	3.6	16	25	2.8	0.73	1	4.6	9.9
SPK-0125405	CC(=O)NCCC#CC#CC1=CC=C(C=C1)C(=O)N[C@H](C(=O)NO)C(C)(C)N	LpxC inhibitors	SPK-0125405-001	1	C000005281			5.1	7.36	5.15	11.7			4.1	83.2			4.1	83.2	4.4	41.6					4.1	83.2	4.7	20.8															65	48																			
SPK-0125404	CNC(C)(C)[C@H](NC(=O)C1=CC=C(C=C1)C#CC#CC1CN(C1)C(C)=O)C(=O)NO	LpxC inhibitors	SPK-0125404-001	1	C000005274			5.9	1.22	5.4	4.155			4.25	58.5			5	9.74	5.3	4.87					5.1	8.315	5.3	4.87															48.6	32.9																			
SPK-0125403	CC(C)(N)[C@H](NC(=O)C1=CC=C(C=C1)C#CC#C[C@H]1CC[C@](O)(CO)CC1)C(=O)NO	LpxC inhibitors	SPK-0125403-001	1	C000005271			5.3	4.68	5	9.36			4.4	37.4			4.7	18.7	4.4	37.4					4.4	37.4																																					
SPK-0125402	CNC(C)(C)[C@H](NC(=O)C1=CC=C(C=C1)C#CC#C[C@H](C)O)C(=O)NO	LpxC inhibitors	SPK-0125402-004	1	C000005270			6	0.989	5.3	5.6			4.3	44.8			4.3	44.8	5.7	1.98					4.8	15.8	5.6	2.8															59	47																			
SPK-0125401	CC1=CC(=NO1)[C@@H](N)[C@H](NC(=O)C1=CC=C(C=C1)C#CC#C[C@@H]1C[C@H]1CO)C(=O)NO	LpxC inhibitors	SPK-0125401-001	1	C000005267			4.4	37.9	4.4	37.9			4.4	37.9			4.4	37.9	4.4	37.9					4.4	37.9																																					
SPK-0125400	CN[C@H]1[C@H](O)[C@H](O[C@@H]2[C@H](C[C@@H](N)[C@H](O[C@@H]3OC(CNC[C@@H]4C[C@H]4C#CC#CC4=CC=C(C=C4)C(=O)N[C@H](C(=O)NO)C(C)(C)N)=CC[C@@H]3N)[C@H]2O)NC(=O)[C@@H](O)CCN)OC[C@@]1(C)O	LpxC inhibitors	SPK-0125400-001	1	C000005257	7.965	0.021	4.4	35.6	5.4	4.44	5.1	8.89	5.4	4.44			5.1	8.89	4.4	35.6																																		16									
SPK-0125399	CNC(=O)C(NC(=O)C1=CC=C(C=C1)C#CC#C[C@@H]1C[C@H]1CO)C(=O)NO	LpxC inhibitors	SPK-0125399-001	1	C000005250			5.4	3.83	6.35	0.5045			4.1	86.6			5.3	5.41	5.7	1.91					5	10.8																																					
SPK-0125398	CC(C)(N)[C@H](NC(=O)C1=CC=C(C=C1)C#CC#CC1CN(C1)C(=O)CO)C(=O)NO	LpxC inhibitors	SPK-0125398-001	2	C000005232			5.55	2.925	5.7	2.8535			4.1	77.6			4.9	13.7	4.7	19.4					4.1	77.6	4.9	11.5																																			
SPK-0125397	CSC(C)(C)[C@H](NC(=O)C1=CC=C(C=C1)C#CC#CC1CC1CO)C(=O)NO	LpxC inhibitors	SPK-0125397-001	1	C000005225			5.6	2.5	6.95	0.17475			4.7	20			5.6	2.5	5.6	2.5					5	9.99																																					
SPK-0125396	CNC(C)(C)C(NC(=O)C1=CC=C(C=C1)C#CC#CCO)C(=O)NO	LpxC inhibitors	SPK-0125396-001	1	C000005215			6.1	0.728	5.65	3.274			4.6	23.3			4.6	23.3	5.2	5.82					4.6	23.3	5.8	1.46																																			
SPK-0125395	CC(C)(NCCO)[C@H](NC(=O)C1=CC=C(C=C1)C#CC#CCCO)C(=O)NO	LpxC inhibitors	SPK-0125395-001	1	C000005214			5.8	1.63	5.9	1.426			4.7	20.6			4.7	20.6	5.3	5.16					5	10.3	5.4	4.1															57	46																			
SPK-0125394	OC[C@@H]1CC1C#CC#CC1=CC=C(C=C1)C1=CC(C(=O)NO)=C2C=NC=CC2=N1	LpxC inhibitors	SPK-0125394-001	1	C000005205			4.7	20.9	7.35	0.06595			4.4	41.7			4.8	14.8	5.1	7.38					4.4	41.7																																					
SPK-0125393	CC(C)(O)C#CC1=CC=C(C=C1)C(=O)N[C@H](C(=O)NO)C(C)(C)N	LpxC inhibitors	SPK-0125393-001	1	C000005201			4.6	24	4.6	24			4.6	24			4.6	24	4.6	24					4.6	24																																					
SPK-0125392	CC(C)(N)[C@H](NC(=O)C1=CC=C(\\C=C\\C#CC2C[C@@H]2CO)C=C1)C(=O)NO	LpxC inhibitors	SPK-0125392-001	1	C000005133			6	0.952	5.45	4.035	5	10.8	4.55	32.3	4.7	21.5	4.75	18.35	5.3	5.38					5	10.8																																					
SPK-0125389	CCC(=O)OC[C@@H]1CC1C#CC#CC1=CC=C(C=C1)C(=O)N[C@H](C(=O)NO)C(C)(C)N	LpxC inhibitors	SPK-0125389-001	1	C000005088			5.9	1.18	6.7	0.2175	6.2	0.588	4.1	75.2	5	9.4	6.2	0.588	6.9	0.141																																											
SPK-0125388	CS(=O)(=O)NC(CC1=CNC2=CC=CC=C12)C(=O)NO	LpxC inhibitors	SPK-0125388-001	1	C000005082			3.7	215	3.7	215	3.7	215	3.7	215	3.7	215	3.7	215	3.7	215																																											
SPK-0125387	CC(C)(N)[C@H](NC(=O)C1=CC=C(C=C1)C#CC#CC1CCC(CO)C1)C(=O)NO	LpxC inhibitors	SPK-0125387-001	1	C000005078			6.2	0.629	6.15	0.749	5.9	1.26	4.4	40.3	5.1	7.11	5.6	2.52	5.9	1.26																																											
SPK-0125386	CC(C)(N)[C@H](NC(=O)C1=CC=C(C=C1)C#CC#CC1CNC(=O)C1)C(=O)NO	LpxC inhibitors	SPK-0125386-001	1	C000005077			5.65	2.23	5.05	8.95	4.7	20.9	4.4	41.8	4.4	41.8	4.8	14.8	5	10.5					4.7	20.9	5.1	8.3															40	33																			
SPK-0125385	CC(C)(N)[C@H](NC(=O)C1=CC=C(C=C1)C#CC#CC1CCC(C1)=NOCCO)C(=O)NO	LpxC inhibitors	SPK-0125385-001	1	C000005058			5.6	2.27	5.6	2.27	5.3	4.54	4.4	36.3	4.4	36.3	4.7	18.2	5.3	4.54																																											
SPK-0125384	CCN[C@H](C)[C@H](NC(=O)C1=CC=C(C=C1)C#CC#CC1CC1)C(=O)NO	LpxC inhibitors	SPK-0125384-001	1	C000005043			6.4	0.446	6.75	0.206	6.55	0.3655	4.3	45.3	5.3	4.49	6	0.891	7.2	0.06									6.2	0.707	6.5	0.354																															
SPK-0125383	C[C@H]([C@H](NC(=O)C1=CC=C(C=C1)C#CC#CC1CC1)C(=O)NO)N(C)C	LpxC inhibitors	SPK-0125383-001	1	C000005042			6.2	0.707	6.3	0.5765	6.2	0.707	4.3	45.3	4.9	11.3	5.7	1.78	6.7	0.217																																											
SPK-0125382	[H][C@@]1(CC1C#CC#CC1=CC=C(C=C1)C(=O)N[C@H](C(=O)NO)C(C)(C)N)[C@H](C)O	LpxC inhibitors	SPK-0125382-001	1	C000005027			6.3	0.517	5.95	1.2305	5.6	2.61	4.4	41.7	4.8	16.6	5.3	5.22	5.7	2.07																																											
SPK-0125381	CC(C)(N)[C@H](NC(=O)C1=CC=C(C=C1)C#CC#C[C@H]1C[C@](C)(O)C1)C(=O)NO	LpxC inhibitors	SPK-0125381-001	1	C000005020			6.4	0.411	5.7	2.125	5.6	2.61	5.7	1.84	4.9	13.1	5.6	2.61	5.5	3.29			4.1	83.5			4.1	83.5	5.3	5.22																																	
SPK-0125380	CC(C)(N)[C@H](NC(=O)C1=CC=C(C=C1)C#CC#C[C@H]1C[C@@](C)(O)C1)C(=O)NO	LpxC inhibitors	SPK-0125380-001	1	C000005019			6.2	0.652	5.6	2.61	5.15	11.755	4.4	41.7	4.7	20.9	5	10.4	5	10.4																																											
SPK-0125379	CC(C)(N)[C@H](NC(=O)C1=CC=C(C=C1)C#CC#CC1CC(C)(O)C1)C(=O)NO	LpxC inhibitors	SPK-0125379-001	1	C000005018			6.2	0.652	5.6	2.61	5	22.155	4.4	41.7	5	10.4	5	10.4	5	10.4																																											
SPK-0125378	CC(C)(N)[C@H](NC(=O)C1=CC=C(C=C1)C#CC#C[C@H]1C[C@@H]1C(C)(C)O)C(=O)NO	LpxC inhibitors	SPK-0125378-001	1	C000005017			6.2	0.629	6.2	0.629	5.75	2.8295	4.4	40.3	5	10.1	5.9	1.26	5.6	2.52																																											
SPK-0125377	CCNC1=NC=C(S1)C#CC#CC1=CC=C(C=C1)C(=O)N[C@H](C(=O)NO)C(C)(C)N	LpxC inhibitors	SPK-0125377-001	1	C000004962			6.1	0.831	6.8	0.1725	5.75	13.3705	4.4	37.6	5.9	1.18	6.4	0.416	6.5	0.294																																											
SPK-0125376	CCON=C1CC(C1)C#CC#CC1=CC=C(C=C1)C(=O)N[C@H](C(=O)NO)C(C)(C)N	LpxC inhibitors	SPK-0125376-001	1	C000004956			6.3	0.507	7.05	0.0826	6.05	2.5235	4.4	39	5.2	5.79	6.4	0.358	7	0.0921																																											
SPK-0125375	CC(C)(N)[C@H](NC(=O)C1=CC=C(C=C1)C#CC#CC1CC\\C(C1)=N\\O)C(=O)NO	LpxC inhibitors	SPK-0125375-001	1	C000004955			6.2	0.631	5.95	1.13	5.2	20.7	4.4	40.4	5	10.1	5.4	4	6.1	0.795																																											
SPK-0125374	[H][C@@]1(COCCN1C)[C@H](NC(=O)C1=CC=C(C=C1)C#CC#C[C@H]1C[C@@H]1CO)C(=O)NO	LpxC inhibitors	SPK-0125374-001	1	C000004936	7.55	0.028	5	9.72	5.15	7.29	5	9.72	4.4	38.9	4.4	38.9	5	9.72	4.7	19.4																																		6.96									
SPK-0125373	CN(C)C(C)(C)[C@H](NC(=O)C1=CC=C(C=C1)C#CC#CC1CN(C1)C(C)=O)C(=O)NO	LpxC inhibitors	SPK-0125373-001	1	C000004934			6.2	0.589	5.75	1.77	5.45	5.3	4.4	37.7	5	9.42	5.6	2.36	5.9	1.18																																											
SPK-0125372	CN(C)C(C)(C)[C@H](NC(=O)C1=CC=C(C=C1)C#CC#C[C@H]1C[C@H](O)C1)C(=O)NO	LpxC inhibitors	SPK-0125372-001	1	C000004925			6.4	0.4095	6.35	0.4715	6.2	0.787	4.4	40.3	5.8	1.59	6.3	0.499	5.9	1.26							6.5	0.314	5.9	1.26	6.2	0.629																															
SPK-0125371	CN(C)C(C)(C)[C@H](NC(=O)C1=CC=C(C=C1)C#CC#CC1=CN(CCO)N=C1)C(=O)NO	LpxC inhibitors	SPK-0125371-001	1	C000004899			6.2	0.6255	6.45	0.394	6.05	0.8555	4.4	36.6	6.4	0.36	6.3	0.447	5.5	2.88							6.2	0.571	5.9	1.14	6.2	0.571																															
SPK-0125370	NC1(CCC1)[C@H](NC(=O)C1=CC=C(C=C1)C#CC#CC1C[C@@H]1CO)C(=O)NO	LpxC inhibitors	SPK-0125370-001	1	C000004897			6.55	0.3005	6.15	0.7405	5.95	1.1185	4.4	41.9	5.1	8.32	5.8	1.65	5.9	1.31							6.5	0.328	5.6	2.62	5.7	1.85																															
SPK-0125369	CN1CCN(CC1)C1=NC=C(C=N1)C#CC#CC1=CC=C(C=C1)C(=O)N[C@H](C(=O)NO)C(C)(C)N	LpxC inhibitors	SPK-0125369-001	1	C000004895			5.7	2.1	6	1.05	5.25	9.45	4.5	33.6	6	1.05	5.7	2.1	4.8	16.8																																											
SPK-0125368	CC(C)(N)[C@H](NC(=O)C1=CC=C(C=C1)C#CC#CC1=CN=C(S1)N1CCC(O)C1)C(=O)NO	LpxC inhibitors	SPK-0125368-001	1	C000004879			5.7	2.14	5.85	1.605	5.1	18.17	4.5	34.2	6	1.07	6	1.07	5.7	2.14																																											
SPK-0125367	CC(C)(N)[C@H](NC(=O)C1=CC=C(C=C1)C#CC#CC1(O)CCOC1)C(=O)NO	LpxC inhibitors	SPK-0125367-001	1	C000004878	7.9	0.0125	5.6	2.59	4.85	15.6	4.7	25.95	4.4	41.5	4.4	41.5	4.4	41.5	5.3	5.19							4.4	41.5															63	59																			
SPK-0125366	CC(C)(N)[C@H](NC(=O)C1=CC=C(C=C1)C#CC#CC1CNC1)C(=O)NO	LpxC inhibitors	SPK-0125366-001	1	C000004869			4.9	11.3	4.3	45.1	4.45	33.85	4.45	33.85	4.3	45.1	4.45	33.85	4.45	33.85					4.6	22.6																																					
SPK-0125365	CNC(=O)N1CC(C1)C#CC#CC1=CC=C(C=C1)C(=O)N[C@H](C(=O)NO)C(C)(C)N	LpxC inhibitors	SPK-0125365-001	1	C000004812			5.6	2.43	5.1	9.28	5	12.13	4.4	38.9	4.4	38.9	4.7	19.4	4.9	13.7																																											
SPK-0125364	CCNC(C)(C)[C@H](NC(=O)C1=CC=C(C=C1)C#CC#CC1(O)CCC1)C(=O)NO	LpxC inhibitors	SPK-0125364-001	1	C000004770			5.9	1.26	5.75	1.89	5.45	5.68	4.4	40.3	5	10.1	5.6	2.52	6.5	0.314																																											
SPK-0125363	CC(C)(N)[C@H](NC(=O)C1=CC=C(C=C1)C#CC#CC1=CCCC1)C(=O)NO	LpxC inhibitors	SPK-0125363-001	1	C000004766			5.3	5.47	7.1	0.0821	5.6	11.121	4.7	21.9	5.9	1.37	6.8	0.164	6.8	0.164																																											
SPK-0125362	CC(C)(N)[C@H](NC(=O)C1=CC=C(C=C1)C#CC#CC1(O)CCCC1)C(=O)NO	LpxC inhibitors	SPK-0125362-001	1	C000004764			5.75	1.955	5.6	2.61	5.3	5.22	4.7	20.9	4.7	20.9	4.7	20.9	6.2	0.652			5.6	2.61	5.3	5.22	5.9	1.3	5	10.4	5.45	3.915	5.3	5.22	5	10.4	6.5	0.326	5.3	5.22	4.7	20.9																					
SPK-0125361	CC(C)(N)C(NC(=O)C1=CC=C(C=C1)C#CC#CC1(O)COC1)C(=O)NO	LpxC inhibitors	SPK-0125361-001	3	C000004763			5.9	1.35	5	10.8	5	10.8	4.7	21.5	4.7	21.5	4.7	21.5	5.6	2.69			5.3	5.39	4.7	21.5	5.6	2.69	5	10.8	5	10.8	5	10.8	5	10.8	6.2	0.673	5.3	5.39	4.7	21.5																					
SPK-0125360	CS(=O)C\\C(NO)=C\\C#CC1=CC=C(C=C1)C(=O)N[C@H](C(=O)NO)C(C)(C)N	LpxC inhibitors	SPK-0125360-001	1	C000004754, C000004755			4.4	39.2	4.4	39.2	4.4	39.2	4.4	39.2	4.4	39.2	4.4	39.2	4.4	39.2																																											
SPK-0125359	CC(C)(N)[C@H](NC(=O)C1=CC=C(C=C1F)C#CC#CC1CC1)C(=O)NO	LpxC inhibitors	SPK-0125359-001	1	C000004752			6.3	0.555	6.7	0.221	5.9	3.662	4.3	44.8	5.3	5.6	6.2	0.7	6.6	0.274																																											
SPK-0125358	OCCNC1(CCC1)[C@H](NC(=O)C1=CC=C(C=C1)C#CC#CC1CC1)C(=O)NO	LpxC inhibitors	SPK-0125358-001	1	C000004741			6	1	6.65	0.259	5.95	2.163	4.4	40.5	5.6	2.53	6.1	0.797	6.9	0.12																																											
SPK-0125357	CN(C)C1(CCC1)[C@H](NC(=O)C1=CC=C(C=C1)C#CC#CC1CC1)C(=O)NO	LpxC inhibitors	SPK-0125357-001	1	C000004739			5.6	2.64	6.65	0.36905	6.35	0.494	4.4	42.2	5.6	2.64	6.5	0.329	7.1	0.0791																																											
SPK-0125356	NC1(CCC1)[C@H](NC(=O)C1=CC=C(\\C=C\\C#CC2=CNN=C2)C=C1)C(=O)NO	LpxC inhibitors	SPK-0125356-001	1	C000004731			6.3	0.5325	5.75	1.875	5.1	12.21	4.4	42.2	5.5	3.41	5.05	9.435	5.5	3.41																																											
SPK-0125355	CCN(C)C(C)(C)[C@H](NC(=O)C1=CC=C(C=C1)C#C\\C=C\\C1CC1)C(=O)NO	LpxC inhibitors	SPK-0125355-001	1	C000004725			5.9	1.3	6.8	0.156	6.65	0.241	4.4	41.7	5.9	1.3	6.2	0.652	6.8	0.156																																											
SPK-0125354	CCN(CC)C(C)(C)[C@H](NC(=O)C1=CC=C(C=C1)C#CC#CC1CC1)C(=O)NO	LpxC inhibitors	SPK-0125354-001	1	C000004717			5.6	2.53	6.5	0.316	5.6	3.16	4.4	40.5	5.3	5.06	5.9	1.26	6.5	0.316																																											
SPK-0125353	C[N+]1=C(C=CC=C1)C(NC(=O)C1=CC=C(C=C1)C#CC#CC1CC1)C(=O)NO	LpxC inhibitors	SPK-0125353-001	1	C000004691			4.7	21.4	5	10.7	4.4	42.7	4.4	42.7	4.4	42.7	4.4	42.7	5.3	5.34																																											
SPK-0125352	CCNC(C)(C)[C@H](NC(=O)C1=CC=C(C=C1)C#CC#CC1=CN(C)N=C1)C(=O)NO	LpxC inhibitors	SPK-0125352-001	1	C000004690			6.2	0.614	6.55	0.318	5.95	1.4685	4.4	39.3	6.2	0.614	6.3	0.487	6.1	0.773																																											
SPK-0125351	CC(C)(NCC(O)CO)[C@H](NC(=O)C1=CC=C(C=C1)C#C\\C=C\\C1CC1)C(=O)NO	LpxC inhibitors	SPK-0125351-001	1	C000004687			5.45	3.61	5.75	1.805	5.15	7.22	4.4	38.5	5	9.63	4.7	19.3	6.2	0.602																																											
SPK-0125350	ONC(=O)C(NC(=O)C1=CC=C(C=C1)C#CC#CC1CC1)C1=NC=CC=C1	LpxC inhibitors	SPK-0125350-001	1	C000004686			4.85	16.7	5.9	1.39	5.45	6.245	4.4	44.5	4.4	44.5	5.6	2.78	7.1	0.0835																																											
SPK-0125349	CC(C)NC(C)(C)[C@H](NC(=O)C1=CC=C(C=C1)C#CC#CC1CC1)C(=O)NO	LpxC inhibitors	SPK-0125349-001	1	C000004682			6.2	0.655	6.95	0.1178	6.3	0.577	4.4	41.9	5.7	1.85	6.9	0.125	6	0.908					5.9	1.28	6.2	0.655					6	0.927	4.7	21	6.6	0.227	6	0.927	5.5	3.39																					
SPK-0125347	CC(C)(NCC[N+](C)(C)C)[C@H](NC(=O)C1=CC=C(C=C1)C#C\\C=C\\C1CC1)C(=O)NO	LpxC inhibitors	SPK-0125347-001	1	C000004661			4.4	37.4	4.4	37.4	4.55	28.05	4.4	37.4	4.4	37.4	4.4	37.4	4.7	18.7																																											
SPK-0125346	CC(C)NC[C@H](NC(=O)C1=CC=C(C=C1)C#CC#CC1CC1)C(=O)NO	LpxC inhibitors	SPK-0125346-001	1	C000004643			5.05	8.48	5.35	4.245	4.75	25.48	4.3	45.3	4.6	22.6	4.9	11.3	6.2	0.707																																											
SPK-0125345	CC(C)(N)[C@H](NC(=O)C1=CC=C(C=C1)C#CC#CCN1CCCC1=O)C(=O)NO	LpxC inhibitors	SPK-0125345-001	1	C000004631			5	10.1	5.15	7.57	4.7	20.2	4.4	40.4	4.4	40.4	4.7	20.2	5.3	5.04																																											
SPK-0125344	CC(C)(N)[C@H](NC(=O)C1=CC=C(C=C1)C#CC#CC1=NNN=C1)C(=O)NO	LpxC inhibitors	SPK-0125344-001	1	C000004615			5.45	4.095	5.05	9.31	4.7	27.3	4.4	43.7	4.4	43.7	4.7	21.8	4.7	21.8	4.4	43.7			4.4	43.7	5.6	2.73					4.7	21.8	4.4	43.7	4.4	43.7	4.7	21.8	4.4	43.7																					
SPK-0125343	CC(C)(N)[C@H](NC(=O)C1=CC=C(C=C1)C#CC#CC1=CC=C(S1)S(=O)(=O)NC1CC1)C(=O)NO	LpxC inhibitors	SPK-0125343-001	1	C000004609			5.7	2	6.3	0.499	5.4	32.075	4.5	32	5.4	4	6	0.999			4.5	32																																									
SPK-0125342	CC(C)(N)[C@H](NC(=O)C1=CC=C(\\C=C\\C#CC2=CSC=C2)C=C1)C(=O)NO	LpxC inhibitors	SPK-0125342-001	1	C000004426			6.2	0.652	6.95	0.1171	5.9	2.773	4.4	41.7	6.2	0.652	6.2	0.652			4.4	41.7																																									
SPK-0125341	CC(C)(N)[C@H](NC(=O)C1=CC=C(\\C=C\\C#CC2=CN=CS2)C=C1)C(=O)NO	LpxC inhibitors	SPK-0125341-001	1	C000004420			6.15	0.69	5.95	1.11	5.3	5.2	4.4	41.6	5.3	5.2	5.1	7.36			4.4	41.6																																									
SPK-0125340	CC(C)(N)[C@H](NC(=O)C1=CC=C(C=C1)C#CC#CC1=CN(CC(O)=O)N=C1)C(=O)NO	LpxC inhibitors	SPK-0125340-001	1	C000004415			4.7	18.9	4.7	18.9	4.4	37.8	4.4	37.8	4.4	37.8	4.4	37.8			4.4	37.8																																27.9									
SPK-0125339	ONC(=O)[C@@H](NC(=O)C1=CC=C(C=C1)C#CC#CC1CC1)C(F)(F)F	LpxC inhibitors	SPK-0125339-001	1	C000004347			5.7	2.02	6.45	0.4425	6	1.6	4.3	45.7	5.2	5.71	6.1	0.714			4.3	45.7																																									
SPK-0125338	CC(C)(N)[C@H](NC(=O)C1=CC=C(C=C1)C#C\\C=C\\C1=CC=CC(F)=C1)C(=O)NO	LpxC inhibitors	SPK-0125338-001	1	C000004313			5.6	2.53	6.6	0.275	5.65	3.5835	4.6	25.5	5.6	2.53	5.8	1.59			4.4	40.5																																									
SPK-0125337	CC(C)(O)[C@H](NC(=O)C1=CC=C(C=C1)C#C\\C=C\\C1=CN=CO1)C(=O)NO	LpxC inhibitors	SPK-0125337-001	1	C000004297			5.75	2.03	6.05	1.0135	5.15	12.205	4.4	43.3	5	10.8	4.4	43.3			4.4	43.3																																									
SPK-0125336	NC1(CC1)C(NC(=O)C1=CC=C(C=C1)C#C\\C=C\\C1CC1)C(=O)NO	LpxC inhibitors	SPK-0125336-001	1	C000004286			5.2	7.375	5.35	4.42	4.9	25.025	4.3	47.1	4.6	23.6	5.2	5.89			4.3	47.1																																									
SPK-0125335	CC(C)(NC=O)[C@H](NC(=O)C1=CC=C(C=C1)C#CC#CC1=CNN=C1)C(=O)NO	LpxC inhibitors	SPK-0125335-001	1	C000004282			5.9	1.27	6.05	0.9525	5.9	1.27	4.4	40.7	5	10.2	5.3	5.08			4.4	40.7																																0.66									
SPK-0125334	CC(C)(N)[C@@H](NC(=O)C1=CC=C(C=C1)C#CC1=CC=C(CN2CCOCC2)C=C1)C(=O)NO	LpxC inhibitors	SPK-0125334-001	1	C000004281			4.4	35.5	4.4	35.5	4.4	35.5	4.4	35.5	4.4	35.5	4.4	35.5			4.4	35.5																																									
SPK-0125333	CCCC#CC#C\\C=C\\C1=CC=C(C=C1)C(=O)NC(C(=O)NO)C(C)(C)N	LpxC inhibitors	SPK-0125333-001	1	C000004275			5.6	2.72	6.8	0.163	6.5	0.34	4.7	21.8	5.9	1.36	5.9	1.36			4.4	43.5																																									
SPK-0125332	CC(C)=CC#CC1=CC=C(C=C1)C(=O)N[C@H](C(=O)NO)C(C)(C)O	LpxC inhibitors	SPK-0125332-001	1	C000004194			5.35	4.54	5.05	9.075	4.6	30.25	4.3	48.4	5.8	1.51	4.3	48.4			4.3	48.4																																									
SPK-0125331	CCC#C\\C=C\\C1=CC=C(C=C1)C(=O)N[C@H](C(=O)NO)C(C)(C)O	LpxC inhibitors	SPK-0125331-001	1	C000004172			6.1	0.757	5.35	4.54	4.9	15.125	4.6	24.2	5.5	3.03	4.9	12.1			4.6	24.2																																									
SPK-0125330	ONC(=O)CC1=NC2=CC=CC=C2N1CCCC1=CC(=CC=C1)C(O)=O	LpxC inhibitors	SPK-0125330-001	1	C000004171			4	90.6	4	90.6	4	90.6	4	90.6	4	90.6	4	90.6			4	90.6																																									
SPK-0125329	CC(C)(N)[C@H](NC(=O)C1=CC=C(C=C1)C#CC#CC=C1CCOCC1)C(=O)NO	LpxC inhibitors	SPK-0125329-001	1	C000004158			6.3	0.502	6.9	0.13495	6.65	0.234	4.4	40.5	5.7	2.01	6.5	0.316	6.2	0.632	4.4	40.5	7.1	0.0759	4.7	20.2	6.2	0.632	6.5	0.316	6.8	0.152	5.6	2.53	5	10.1	6.5	0.316	5.6	2.53	4.7	20.2																					
SPK-0125328	CNCC1=CC=C(S1)C#CC#CC1=CC=C(C=C1)C(=O)N[C@H](C(=O)NO)C(C)(C)N	LpxC inhibitors	SPK-0125328-001	1	C000004155			6.05	0.8845	5.9	1.18	5.15	19.44	4.4	37.7	4.7	18.8	5.6	2.36			4.1	75.4																																									
SPK-0125327	CC(C)(N)[C@H](NC(=O)C1=CC=C(\\C=C(/Cl)\\C=C\\C2=CC=CS2)C=C1)C(=O)NO	LpxC inhibitors	SPK-0125327-001	1	C000004154			5.3	4.76	6.2	0.744	6.2	0.595	4.9	13.5	5.9	1.19	5.9	1.19			4.7	19.1																					0.437	0.827	1.1	0.787																	
SPK-0125324	CC(C)(N)[C@H](NC(=O)C1=CC=C(C=C1)C#CC#CC1=CN=CO1)C(=O)NO	LpxC inhibitors	SPK-0125324-001	1	C000004108			6.1	0.856	6.45	0.382	5.9	1.706	4.4	43.7	5.1	7.72	5.6	2.38	6	0.965	4.4	43.7	6.65	0.2525	4.7	21.8	6.5	0.341	5.9	1.36	6.2	0.682	5	10.9	4.7	21.8	5.9	1.36	5	10.9	4.7	21.8	7.97	7.09																			
SPK-0125323	CC\\C=C\\C#CC1=CC=C(C=C1)C(=O)N[C@H](C(=O)NO)C(C)(C)N	LpxC inhibitors	SPK-0125323-001	1	C000004105			6.3	0.472	6.4	0.379	5.4	5.58	4.5	31.45	5.95	1.1395	5.55	2.795	7.3	0.0455	4.45	36.45	6.4	0.379	6.1	0.759	6.4	0.379					6.4	0.379	5.8	1.52	7	0.0911	6.7	0.182	4.75	18.2	10.1	11.3	13.9	12.2																	
SPK-0125322	CC(C)(N)[C@H](NC(=O)C1=CC=C(C=C1)C#CC#CCNC1CC1)C(=O)NO	LpxC inhibitors	SPK-0125322-001	1	C000004094			6.2	0.679	5.75	2.035	5	13.565	4.4	43.4	4.1	86.9	4.7	21.7			4.4	43.4																																									
SPK-0125321	CC(C)(N)[C@H](NC(=O)C1=CC=C(C=C1)C#CC#CCN1CCCCC1)C(=O)NO	LpxC inhibitors	SPK-0125321-001	1	C000004080			6.2	0.631	5.75	1.89	5.15	11.36	4.4	40.4	4.4	40.4	5	10.1			4.4	40.4					5.9	1.26															12.7	16.8	18.8	18																	
SPK-0125320	NC1(CC1)C(NC(=O)C1=CC=C(C=C1)C#CC#CC1CC1)C(=O)NO	LpxC inhibitors	SPK-0125320-001	1	C000004078			5.8	1.48	5.95	1.1105	5.8	1.48	4.6	23.7	4.95	10.655	5.95	1.1805	6.4	0.371	4.45	35.55	6.4	0.371	5.2	5.93	5.8	1.48	5.5	2.96	5.95	1.1105	5.5	2.96	5.2	5.93	6.7	0.178	5.8	1.48	4.9	11.9	4.41	4.59	8.97	6.69																	
SPK-0125319	CC(C)(N)[C@H](NC(=O)C1=CC=C(C=C1)C#CC#CCF)C(=O)NO	LpxC inhibitors	SPK-0125319-001	1	C000004073			6.7	0.181	5.6	2.575	5.15	7.285	4.45	36.2	4.6	24.1	4.6	24.1			4.45	36.2					6.7	0.181	4.9	12.1	5.05	9.07																															
SPK-0125318	C[C@@H](N)[C@H](NC(=O)C1=CC=C(C=C1)C#CC#CCC1CC1)C(=O)NO	LpxC inhibitors	SPK-0125318-001	1	C000004061			6.35	0.416	6.4	0.368	5.5	7.6925	4.5	29.7	5.3	4.68	5.5	2.95			4.3	47.1																					3.26		2.64	6.48																	
SPK-0125317	CC(C)(N)[C@H](NC(=O)C1=CC=C(C=C1)C#CC#CCC1CC1)C(=O)NO	LpxC inhibitors	SPK-0125317-001	1	C000004060			6.2	0.707	7.05	0.09595	6.65	0.263	4.7	19.3	5.65	2.12	6.35	0.5305			4.45	33.95					6.8	0.17	6.5	0.354	6.8	0.17											2.95		3.08	6.11																	
SPK-0125316	CN1C=C(C=N1)C#CC#CC1=CC=C(C=C1)C(=O)N[C@H](C(=O)NO)C(C)(C)O	LpxC inhibitors	SPK-0125316-001	1	C000004023			5.6	2.63	5.9	1.31	5.9	1.31	4.4	42.1	5.3	5.26	5.6	2.63			4.1	84.1																																1.32									
SPK-0125315	CC(C)(N)[C@H](NC(=O)C1=CC=C(C=C1)C#C\\C=C\\C1=CC=C(CNC2CC2)C=C1)C(=O)NO	LpxC inhibitors	SPK-0125315-001	1	C000004022			6	1.12	6	1.12	5.5	5.04	4.4	35.8	4.7	17.9	5.6	2.24			4.4	35.8																																									
SPK-0125314	CC(C)(N)[C@H](NC(=O)C1=CC=C(\\C=C\\C#CC2CC2)C=C1)C(=O)NO	LpxC inhibitors	SPK-0125314-001	1	C000004016			6.6	0.228	6.1	0.727	5.5	2.93	4.6	23.4	5.5	2.93	5.2	5.86	7.1	0.0879	4.6	23.4	6.1	0.732	6.1	0.732	6.25	0.549	5.2	5.86	5.35	4.395	6.1	0.732	5.5	2.93	7.1	0.0879	6.1	0.732	4.6	23.4																					
SPK-0125313	C[C@@H](N)[C@H](NC(=O)C1=CC=C(C=C1)C#CC#CC1=CC2=C(NN=C2)C=C1)C(=O)NO	LpxC inhibitors	SPK-0125313-001	2	C000004013			5.3	4.98	6.2	0.623	5	9.96	4.55	29.9	4.55	29.9	4.55	29.9			4.55	29.9																																									
SPK-0125312	CC(C)(O)[C@H](NC(=O)C1=CC=C(C=C1)C#CC1=CC=C(CN2CCCOCC2)C=C1)C(=O)NO	LpxC inhibitors	SPK-0125312-001	1	C000004004			5.85	1.61	6	1.3435	6.15	0.8035	4.5	34.4	5.4	4.3	5.5	3.04	4.8	17.2	4.5	34.4	6.3	0.537	4.8	17.2			5.7	2.15	6.15	0.8035	4.8	17.2	4.8	17.2	5.4	4.3	4.8	17.2	4.8	17.2																					
SPK-0125311	C[C@@H](N)[C@H](NC(=O)C1=CC=C(\\C=C\\C#CC2CCCCC2)C=C1)C(=O)NO	LpxC inhibitors	SPK-0125311-001	1	C000003986			4.85	16.25	5.3	5.41	4.85	24.355	4.7	21.7	4.7	21.7	5.3	5.41			4.4	43.3																																									
SPK-0125310	ONC(=O)C(NC(=O)C1=CC=C(C=C1)C#CC1=CC=C(CN2CCOCC2)C=C1)C1(O)CC1	LpxC inhibitors	SPK-0125310-001	1	C000003981			5.4	4.45	5.7	2.78	5.7	2.22	4.4	35.6	5.1	8.9	5.4	4.45			4.4	35.6																																									
SPK-0125309	CC(C)(N)[C@H](NC(=O)C1=CC=C(C=C1)C#CC#CC1CCNCC1)C(=O)NO	LpxC inhibitors	SPK-0125309-001	1	C000003979			4.7	20.9	4.4	41.8	4.4	41.8	4.4	41.8	4.4	41.8	4.4	41.8			4.4	41.8																																									
SPK-0125308	CC(C)(N)[C@H](NC(=O)C1=CC=C(C=C1)C#CC1=CC=C(CNCCF)C=C1)C(=O)NO	LpxC inhibitors	SPK-0125308-001	1	C000003974			5.9	1.17	6.05	0.9075	5.6	2.34	4.55	28.15	5.05	8.41	5.3	5.04	4.7	18.8	4.55	28.15	5.9	1.17	4.7	18.8	5.6	2.34	5.3	4.69	5.6	2.34	4.7	18.8	4.7	18.8	5	9.38	4.7	18.8	4.7	18.8	16.2	23.4	25.3																		
SPK-0125307	CC(C)(N)[C@H](NC(=O)C1=CC=C(C=C1)C#CC#CC1=CC=C(N)C=C1)C(=O)NO	LpxC inhibitors	SPK-0125307-001	1	C000003961			5.9	1.28	6.75	0.1865	6.3	0.5105	4.4	41	6.2	0.64	6.4	0.377	6.5	0.32	4.4	41	6.8	0.154	5.6	2.56	6.2	0.64	6.2	0.64	6.5	0.32	5	10.2	5	10.2	6.8	0.154	5.3	5.12	4.4	41	6.5	3.31	2.64																		
SPK-0125306	CC(C)(O)[C@H](NC(=O)C1=CC=C(C=C1)C#C\\C=C\\C1=CN=CC=C1)C(=O)NO	LpxC inhibitors	SPK-0125306-001	1	C000003954			5.3	5.27	5.45	3.955	5.3	5.27	4.4	42.2	4.7	21.1	4.4	42.2			4.4	42.2	4.7	21.1																																							
SPK-0125305	C[C@@H](N)[C@H](NC(=O)C1=CC=C(\\C=C\\C#CC2CC2)C=C1)C(=O)NO	LpxC inhibitors	SPK-0125305-001	1	C000003948			6.1	0.764	5.2	6.11	4.9	12.2	4.3	48.9	4.9	12.2	4.6	24.4			4.3	48.9	4.3	48.9																																							
SPK-0125304	C[C@@H](O)[C@H](NC(=O)C1=CC=C(C=C1)C#CC#CC1=CC=NC=C1)C(=O)NO	LpxC inhibitors	SPK-0125304-001	1	C000003926			5.15	12.375	6.35	0.516	5.6	2.75	4.4	44	4.4	44	5.6	2.75			4.4	44	4.7	22																																							
SPK-0125303	C[C@@H](N)[C@H](NC(=O)C1=CC=C(C=C1)C#CC#CC(C)(C)O)C(=O)NO	LpxC inhibitors	SPK-0125303-001	1	C000003881			5.25	5.22	4.45	34.95	4.3	46.6	4.3	46.6	4.3	46.6	4.3	46.6	4.9	11.6	4.3	46.6	4.3	46.6	4.6	23.3																																					
SPK-0125302	CC(C)(O)[C@H](NC(=O)C1=CC=C(C=C1)C#CC1=CC=NC=C1)C(=O)NO	LpxC inhibitors	SPK-0125302-001	1	C000003870			4.9	11.3	4.6	22.6	4.3	45.3	4.3	45.3	4.6	22.6	4.3	45.3			4.3	45.3	4.3	45.3																																							
SPK-0125301	CC(C)(O)[C@H](NC(=O)C1=CC=C(C=C1)C#CC1=CC=C(CNCC(F)F)C=C1)C(=O)NO	LpxC inhibitors	SPK-0125301-001	1	C000003868			5.5	2.83	6.5	0.3775	6.3	0.561	4.4	35.9	5.6	2.24	5.8	1.41	5.3	4.49	4.4	35.9	6.6	0.281	4.4	35.9	5.6	2.24	5.9	1.12	6.3	0.561	4.7	18	4.4	35.9	5.9	1.12	4.7	18	4.4	35.9																					
SPK-0125300	C[C@H](NCC(=O)NC[C@H](NC(=O)C1=CC=C(C=C1)C#C\\C=C\\C1=CC=CC=C1)C(=O)NO)C1=CC=CC=C1	LpxC inhibitors	SPK-0125300-001	1	C000003862			5.1	7.83	6.05	1.0365	6.1	0.935	4.5	31.3	4.5	31.3	6	0.979			4.5	31.3	5.6	2.77																																							
SPK-0125299	CC(C)(O)[C@H](NC(=O)C1=CC=C(C=C1)C#CC#CC1=CN=CC=C1)C(=O)NO	LpxC inhibitors	SPK-0125299-001	1	C000003856			6.2	0.662	6.2	0.8255	6.2	0.662	4.4	42.4	5.9	1.32	5.9	1.32			4.4	42.4	4.7	21.2																																							
SPK-0125298	C[C@@H](N)[C@H](NC(=O)C1=CC=C(\\C=C\\C#CC2=CC=CC(Cl)=C2)C=C1)C(=O)NO	LpxC inhibitors	SPK-0125298-001	1	C000003832			5.1	7.11	5.5	3.03	5.4	3.55	4.7	20.1	4.8	14.2	4.9	12.7			4.4	40.2	4.8	14.2																																							
SPK-0125297	C[C@@H](N)[C@H](NC(=O)C1=CC=C(C=C1)C#CC1=CC=C(CNCCF)C=C1)C(=O)NO	LpxC inhibitors	SPK-0125297-001	1	C000003829			5.9	1.21	5.6	2.42	5	9.7	4.4	38.8	4.6	25.1	4.65	21.9			4.4	38.8	4.95	10.95																																							
SPK-0125296	C[C@H](N)[C@H](NC(=O)C1=CC=C(C=C1)C#CC1=CC=C(CNC2CC2)C=C1)C(=O)NO	LpxC inhibitors	SPK-0125296-001	1	C000003797			5.75	1.845	5.9	1.23	5.6	2.46	3.8	157	4.4	39.4	5.3	4.92			3.8	157	5	9.84																																							
SPK-0125295	C[C@@H](N)[C@H](NC(=O)C1=CC=C(C=C1)C#CC1=CC=C(CNC2CCCC2)C=C1)C(=O)NO	LpxC inhibitors	SPK-0125295-001	1	C000003791			5.3	4.6	5	9.21	5	9.21	4.4	36.8	4.4	36.8	4.4	36.8			4.4	36.8	4.4	36.8																																							
SPK-0125294	C[C@@H](N)[C@H](NC(=O)C1=CC=C(CCC2=CC=C(CN3CCOCC3)C=C2)C=C1)C(=O)NO	LpxC inhibitors	SPK-0125294-001	1	C000003786			5.3	4.54	4.55	27.25	4.4	36.3	4.4	36.3	4.4	36.3	4.4	36.3			4.4	36.3	4.4	36.3																																							
SPK-0125293	C[C@@H](N)[C@H](NC(=O)C1=CC=C(C=C1)C#CC1=CC=C(CCN)C=C1)C(=O)NO	LpxC inhibitors	SPK-0125293-001	1	C000003762			3.8	168	3.8	168	3.8	168	3.8	168	3.8	168	3.8	168			3.8	168	3.8	168																																							
SPK-0125292	C[C@@H](N)[C@H](NC(=O)C1=CC=C(C=C1)C#CC1=CN=CN=C1)C(=O)NO	LpxC inhibitors	SPK-0125292-001	1	C000002905			5.2	5.89	3.7	189	3.7	189	3.7	189	4	94.3	3.7	189			3.7	189	4.6	23.6																																							
SPK-0125291	C[C@@H](N)[C@H](NC(=O)C1=CC=C(C=C1)C#C\\C=C\\C1=CC=C(CNC2CC2)C=C1)C(=O)NO	LpxC inhibitors	SPK-0125291-001	1	C000002901			5.45	3.465	5.6	2.31	5.3	4.62	3.8	148	4.7	18.5	5	9.25			3.8	148	5	9.25																																							
SPK-0125290	C[C@H](O)[C@H](NC(=O)C1=CC=C(C=C1)C#C\\C=C\\C1=CC=C(CO)C=C1)C(=O)NO	LpxC inhibitors	SPK-0125290-001	1	C000002900			5.5	3.06	6.2	0.7935	5.7	1.79	4.4	40.6	4.4	40.6	5.1	7.17			4.4	40.6	5.15	7.585																																							
SPK-0125289	C[C@@H](N)[C@H](NC(=O)C1=CC=C(C=C1)C#CC#CC1=CC=CC=C1)C(=O)NO	LpxC inhibitors	SPK-0125289-001	1	C000002895			5.45	3.93	6.35	0.435	6.1	0.814	4.5	31.3	5.2	6.36	5.7	1.96			4.4	37.2	5.6	2.77																																							
SPK-0125288	C[C@@H](N)[C@H](NC(=O)C1=CC=C(C=C1)C#CC1=CC=C(CNC2CCC2)C=C1)C(=O)NO	LpxC inhibitors	SPK-0125288-001	1	C000002887			5	9.51	4.7	19	5	9.51	3.8	152	3.8	152	4.1	76.1			3.8	152	4.4	38																																							
SPK-0125287	CO[C@H](C)[C@H](NC(=O)C1=CC=C(\\C=C\\C#CC2=CC=C(CO)C=C2)C=C1)C(=O)NO	LpxC inhibitors	SPK-0125287-001	1	C000002749			5.5	3.46	6.3	0.586	6.1	0.866	4.4	39.2	5.8	1.73	5.3	4.9			4.4	39.2	5.6	2.45																																							
SPK-0125286	ONC(=O)[C@H](CNC(=O)CN1CCCC1)NC(=O)C1=CC=C(C=C1)C#CC1=CC=C(CN2CCOCC2)C=C1	LpxC inhibitors	SPK-0125286-001	1	C000002737			5.1	7.5	5.25	5.625	4.8	15	3.9	120	3.9	120	3.9	120			3.9	120	5.1	7.5																																							
SPK-0125285	NC[C@H](NC(=O)C1=CC=C(\\C=C\\C#CC2=CC=C(CO)C=C2)C=C1)C(=O)NO	LpxC inhibitors	SPK-0125285-001	1	C000002732			5.3	5.27	4.4	42.2	4.1	84.3	3.8	169	3.8	169	3.8	169			3.8	169	4.1	84.3																																							
SPK-0125284	[H][C@](C)(O)[C@]([H])(NC(=O)C1=CC=C(C=C1)C#CC1=CC(OC)=CC=C1)C(=O)NO	LpxC inhibitors	SPK-0125284-001	1	C000002728			3.95	130.45	4.7	21.7	4.7	21.7	3.8	174	3.8	174	3.8	174			3.8	174	4.7	21.7																																							
SPK-0125283	C[C@@H](O)[C@H](NC(=O)C1=CC=C(\\C=C\\C#CC2=CC=C(CNC3CC3)C=C2)C=C1)C(=O)NO	LpxC inhibitors	SPK-0125283-001	1	C000002722			5.6	2.31	5.75	2.5935	5.6	2.31	3.8	148	5	9.23	5.3	4.61			3.8	148	5.3	4.61																																							
SPK-0125282	NC[C@H](NC(=O)C1=CC=C(\\C=C\\C#CC2=CC=C(CNC3CC3)C=C2)C=C1)C(=O)NO	LpxC inhibitors	SPK-0125282-001	1	C000002721			5.45	3.585	5.15	7.17	5	9.56	3.8	153	4.4	38.2	4.7	19.1			3.8	153	4.4	38.2																																							
SPK-0125281	C[C@@H](O)[C@H](NC(=O)C1=CC=C(C=C1)C#CC#CC1=CC(NS(C)(=O)=O)=CC=C1)C(=O)NO	LpxC inhibitors	SPK-0125281-001	1	C000002698			5.1	8.78	5.4	5.49	5.1	8.78	5.1	8.78	5.1	8.78	5.1	8.78			5.1	8.78	5.1	8.78																																							
SPK-0125280	NC[C@H](NC(=O)C1=CC=C(C=C1)C#CC#CC1=CC(=CC=C1)C(F)(F)F)C(=O)NO	LpxC inhibitors	SPK-0125280-001	1	C000002694			4.7	19.3	4.85	14.465	4.7	19.3	4.7	19.3	4.7	19.3	4.7	19.3			4.7	19.3	4.7	19.3																																							
SPK-0125279	[H][C@](C)(O)[C@]([H])(NC(=O)C1=CC=C(C#CC2=CC=C(NC(=O)CN)C=C2)C(OC)=C1)C(=O)NO	LpxC inhibitors	SPK-0125279-001	1	C000002679			3.8	145	3.8	145	3.8	145	3.8	145	3.8	145	3.8	145			3.8	145	3.8	145																																							
SPK-0125278	[H][C@](C)(O)[C@]([H])(NC(=O)C1=CC=C(C=C1)C#CC1=CC=C(NC(=O)[C@@H](N)CC2=CC=C(N)C=C2)C=C1)C(=O)NO	LpxC inhibitors	SPK-0125278-001	1	C000002676			5.25	5.82	5.1	9.69	5.1	7.76	3.9	124	4.5	31	4.5	31			3.9	124	5.1	7.76																																							
SPK-0125277	C[C@H](NCC(=O)NC[C@H](NC(=O)C1=CC=C(C=C1)C#CC1=CC=CC=C1)C(=O)NO)C1=CC=CC=C1	LpxC inhibitors	SPK-0125277-001	1	C000002670			5.7	2.06	5.85	1.545	5.7	2.06	4.5	33	5.1	8.25	5.55	3.095			4.5	33	5.7	2.06																																							
SPK-0125276	CC(C)(C)OC(=O)NCCCNCC(=O)NC[C@H](NC(=O)C1=CC=C(C=C1)C#CC1=CC=CC=C1)C(=O)NO	LpxC inhibitors	SPK-0125276-001	1	C000002667			4.8	14.9	4.95	11.17	4.8	14.9	4.8	14.9	4.8	14.9	4.8	14.9			4.8	14.9	4.8	14.9																																							
SPK-0125275	NC[C@H](NCC1=CC=C(\\C=C\\C2=CC=CC=C2)C=C1)C(=O)NO	LpxC inhibitors	SPK-0125275-001	1	C000002665			3.7	206	3.7	206	3.7	206	3.7	206	3.7	206	3.7	206			3.7	206	3.7	206																																							
SPK-0125274	NC[C@H](NC(=O)C1=CC=C(C#CC2=CC=C(NC(=O)CN)C=C2)C(F)=C1)C(=O)NO	LpxC inhibitors	SPK-0125274-001	1	C000002653			5.3	4.84	4.25	58.05	4.1	77.4	3.8	155	3.8	155	4.1	77.4			3.8	155	4.1	77.4																																							
SPK-0125273	[H][C@](C)(O)[C@]([H])(NCC1=CC=C(C=C1)C#CC1=CC=CC=C1)C(=O)NO	LpxC inhibitors	SPK-0125273-001	1	C000002652			4.3	49.3	4.45	37	4.3	49.3	4.3	49.3	5.2	6.17	4.3	49.3			4.3	49.3	5.5	3.08																																							
SPK-0125272	[H][C@](C)(O)[C@]([H])(NC(=O)C1=CC=C(C=C1)C1=CC=C(C)C=N1)C(=O)NO	LpxC inhibitors	SPK-0125272-001	1	C000002646			4.15	72.9	3.7	194	3.7	194	3.7	194	3.7	194	3.7	194			3.7	194	3.7	194																																							
SPK-0125271	COC1CCN(CC(=O)NC[C@H](NC(=O)C2=CC=C(C=C2)C#CC2=CC=C(CN3CCOCC3)C=C2)C(=O)NO)CC1	LpxC inhibitors	SPK-0125271-001	1	C000002631			5.2	6.92	5.5	4.325	5.8	1.73	4	111	4	111	4.9	13.8			4	111	5.8	1.73																																							
SPK-0125270	NC[C@H](NC(=O)C1=CC=C(C=C1)C#CC1=CC=C(NC(=O)N2CCOCC2)C=C1)C(=O)NO	LpxC inhibitors	SPK-0125270-001	1	C000002629			4.8	17.7	3.8	142	3.8	142	3.8	142	3.8	142	3.8	142			3.8	142	3.8	142																																							
SPK-0125269	CC(=O)NC[C@H](NC(=O)C1=CC=C(\\C=C\\C#CC2=CC=C(CN3CCOCC3)C=C2)C=C1)C(=O)NO	LpxC inhibitors	SPK-0125269-001	1	C000002618			5.1	8.15	5.6	2.46	5.7	2.04	4.05	97.6	4.8	16.3	4.85	13.9			4.05	97.6	5.2	5.76																																							
SPK-0125268	C[C@@H](N)[C@H](NC(=O)C1=CC=C(\\C=C\\C#CC2=CC=C(CN3CCOCC3)C=C2)C=C1)C(=O)NO	LpxC inhibitors	SPK-0125268-001	2	C000002616			5.7	2.16	5.85	1.62	6	1.08	3.9	138	5.4	4.32	5.25	6.485	5.4	4.32	3.9	138	6.15	0.81	4.5	34.6	5.25	6.485	5.4	5.405																																	
SPK-0125267	C[C@@H](N)[C@H](NC(=O)C1=CC=C(C=C1)C#CC1=CC=C(CN2CCN(CC2)S(C)(=O)=O)C=C1)C(=O)NO	LpxC inhibitors	SPK-0125267-001	1	C000002609			5.4	3.89	5.55	2.92	5.4	3.89	3.9	125	5.1	7.79	5.1	7.79			3.9	125	5.4	3.89																																							
SPK-0125266	ONC(=O)[C@H](CC1CCNCC1)NC(=O)C1=CC=C(C=C1)C#CC1=CC=C(CN2CCOCC2)C=C1	LpxC inhibitors	SPK-0125266-001	1	C000002607			4.5	32.6	4.05	97.6	4.5	32.6	3.9	130	3.9	130	3.9	130			3.9	130	3.9	130																																							
SPK-0125265	NC[C@H](NC(=O)C1=CC=C(C=C1)C#CC1=CC=C(C=C1)S(=O)(=O)N1CCOCC1)C(=O)NO	LpxC inhibitors	SPK-0125265-001	1	C000002595			4.8	16.9	4.65	25.4	4.5	33.9	3.9	135	3.9	135	3.9	135			3.9	135	4.5	33.9																																							
SPK-0125263	CC(C)(O)[C@H](NC(=O)C1=CC=C(C=C1)C#CC1=CC=C(CN2CCOCC2)C=C1)C(=O)NO	LpxC inhibitors	SPK-0125263-001	1	C000002570			5.7	2.21	6.15	0.832	6.3	0.554	4.15	88.7	5.6	2.67	5.7	2.21			4.65	26.55	6.3	0.554			5.4	4.43	6	1.11	6	1.11																															
SPK-0125262	ONC(=O)C(NC(=O)C1=CC=C(C=C1)C#CC1=CC=C(CN2CCOCC2)C=C1)C(O)C(F)(F)F	LpxC inhibitors	SPK-0125262-001	1	C000002555			4.9	11.5	5.35	4.315	5.4	4.07	3.9	130	4.5	32.6							5.5	2.88																																							
SPK-0125261	CS(=O)(=O)CC[C@H](NC(=O)C1=CC=C(C=C1)C#CC1=CC=C(CN2CCOCC2)C=C1)C(=O)NO	LpxC inhibitors	SPK-0125261-001	1	C000002550			4.8	16	5.25	6.005	5.1	8.01	3.9	128	3.9	128							5.1	8.01																																							
SPK-0125260	ONC(=O)[C@@H](NC(=O)C1=CC=C(C=C1)C#CC1=CC=C(CN2CCOCC2)C=C1)C1=CC=CS1	LpxC inhibitors	SPK-0125260-001	1	C000002541			4.95	12.605	5.55	3.155	5.7	2.1	3.9	135	4.8	16.8							5.7	2.1																																							
SPK-0125259	NC[C@H](NC(=O)C1=CC=C(C=C1)C#CC1=CC=C(CNC2CC2)C(F)=C1)C(=O)NO	LpxC inhibitors	SPK-0125259-001	1	C000002513			5.3	4.87	5.3	4.87	5	9.75	3.8	156	4.7	19.5							5	9.75																																							
SPK-0125258	NC[C@H](NC(=O)C1=CC=C(C=C1)C#CC1=CC=C(CN2CCC(CC2)C2=CC=C(F)C=C2)C(F)=C1)C(=O)NO	LpxC inhibitors	SPK-0125258-001	1	C000002512			4.5	30	4.8	15	4.8	15	4.5	30	4.5	30							4.8	15																																							
SPK-0125257	C[C@@H](O)[C@H](NC(=O)C1=CC=C(C=C1)N1CCC(CC1)C1=CC=C(CN2CCOCC2)C=C1)C(=O)NO	LpxC inhibitors	SPK-0125257-001	1	C000002493			4.05	96.7	3.9	129	3.9	129	3.9	129	4.05	96.7							4.2	64.4																																							
SPK-0125256	NCCNC[C@H](NC(=O)C1=CC=C(C=C1)C#CC1=CC=C(CN2CCOCC2)C=C1)C(=O)NO	LpxC inhibitors	SPK-0125256-001	1	C000002487			4.05	102.85	4.05	102.85	4.2	68.7	3.9	137	3.9	137							4.2	68.7																																							
SPK-0125255	ONC(=O)[C@H](CN1CCC(O)C1)NC(=O)C1=CC=C(C=C1)C#CC1=CC=C(CN2CCOCC2)C=C1	LpxC inhibitors	SPK-0125255-001	1	C000002486			4.8	16.2	4.95	12.16	5.1	8.12	3.9	130	3.9	130							4.8	16.2																																							
SPK-0125254	NC[C@H](NC(=O)C1=CC=C(N=C1)C#CC1=CC=C(CO)C=C1)C(=O)NO	LpxC inhibitors	SPK-0125254-001	1	C000002447			3.85	135.65	3.7	181	3.7	181	3.7	181	3.7	181							3.7	181																																							
SPK-0125253	ONC(=O)[C@@H](NC(=O)C1=CC=C(C=C1)C#CC1=CC=C(CN2CCOCC2)C=C1)C1CC2=C(C1)C=CC=C2	LpxC inhibitors	SPK-0125253-001	1	C000002439			3.9	126	4.2	78.7	4.5	31.4	3.9	126	3.9	126							4.5	31.4																																							
SPK-0125252	CC(C)(C)[C@H](NC(=O)C1=CC=C(C=C1)C#CC1=CC=C(CN2CCOCC2)C=C1)C(=O)NO	LpxC inhibitors	SPK-0125252-001	1	C000002429			4.1	71.2	5.25	6.675	5.4	4.45	3.5	285	4.4	35.6							5.1	8.9																																							
SPK-0125251	ONC(=O)C(NC(=O)C1=CC=C(C=C1)C#CC1=CC=C(CN2CCOCC2)C=C1)C(C(F)(F)F)C(F)(F)F	LpxC inhibitors	SPK-0125251-001	1	C000002428			5	9.27	5.35	4.16	5.6	2.32	4.1	74.2	4.95	11.03	5.4	3.68			5.1	7.36	5.5	2.92																																							
SPK-0125250	NC[C@H](NC(=O)C1=CC(F)=C(C=C1)C#CC1=CC=C(CN2CCC3(CC2)OCCO3)C=C1)C(=O)NO	LpxC inhibitors	SPK-0125250-001	1	C000002416			5.7	2.01	5.45	3.44	5.4	4.03	3.9	129	4.65	24.15							5.4	4.03																																							
SPK-0125249	CO[C@H](C)[C@H](NC(=O)C1=CC=C(C=C1)C#CC1=CC=C(CN2CCOCC2)C=C1)C(=O)NO	LpxC inhibitors	SPK-0125249-001	1	C000002371			5.1	8.86	5.85	2.492	6	1.11	4.1	70.9	5.1	8.86							5.4	4.43																																							
SPK-0125248	C[C@@H](O)[C@H](NC(=O)C1=CC=C(C=C1)C#CC1=CC=C(CN2CCOCC2)C(Cl)=C1)C(=O)NO	LpxC inhibitors	SPK-0125248-001	1	C000002342			4.8	17	5.75	2.03	5.7	2.12	3.9	136	4.7	22.95							5.5	3																																							
SPK-0125247	C[C@@H](O)[C@H](NC(=O)C1=CC=C(OCC2=CC=C(CN3CCOCC3)C=C2)C=C1)C(=O)NO	LpxC inhibitors	SPK-0125247-001	1	C000002284			4.3	51	4.35	43.55	4.1	72.2	3.8	144	3.8	144							4.3	51																																							
SPK-0125246	C[C@@H](O)[C@H](NC(=O)C1=CC=C(NC(=O)C2=CC=C(CN3CCOCC3)C=C2)C=C1)C(=O)NO	LpxC inhibitors	SPK-0125246-001	1	C000002204			3.9	140	3.9	140	3.9	140	3.9	140	3.9	140							3.9	140																																							
SPK-0125245	C[C@@H](O)[C@H](NC(=O)C1=CC=C(C=C1)C#CC1=CC=C(CN2CCC(CC2)C(C)(C)C)C=C1)C(=O)NO	LpxC inhibitors	SPK-0125245-001	1	C000002192			4.8	16.3	5.7	2.03	6	1.02	3.6	260	4.2	65.1							6.45	0.3815					6.9	0.122																																	
SPK-0125244	C[C@@H](O)[C@H](NC(=O)C1=CC=C(C=C1)C#CC1=CC=C(CN2CCC(CCO)CC2)C=C1)C(=O)NO	LpxC inhibitors	SPK-0125244-001	1	C000002158			5.4	4.17	5.1	8.34			3.9	133	4.05	99.85							6	2.2155					6.6	0.261																																	
SPK-0125243	CCC1CCCCN1CC1=CC=C(C=C1)C#CC1=CC=C(C=C1)C(=O)N[C@@H]([C@@H](C)O)C(=O)NO	LpxC inhibitors	SPK-0125243-001	1	C000002151			4.8	17.3	4.8	17.3			3.9	138	3.9	138							5.85	2.4245					6.3	0.539																																	
SPK-0125242	C[C@@H](O)[C@H](NC(=O)C1=CC=C(C=C1)C#CC1=CC=C(CN2CC(C)CC(C)C2)C=C1)C(=O)NO	LpxC inhibitors	SPK-0125242-001	1	C000002150			4.8	17.3	5.1	8.63			3.9	138	4.05	103.5							6.15	1.215					6.6	0.27																																	
SPK-0125241	C[C@@H](O)[C@H](NC(=O)C1=CC(C)=C(C=C1)C#CC1=CC=C(CN2CCOCC2)C=C1)C(=O)NO	LpxC inhibitors	SPK-0125241-001	1	C000002122			4.8	17.7	5.4	4.43	5.7	2.21	3.8	142	4.5	35.4							6	1.11					6.6	0.277																																	
SPK-0125240	C[C@@H](O)[C@H](NC(=O)C1=C(C)C=C(C=C1)C#CC1=CC=C(CN2CCOCC2)C=C1)C(=O)NO	LpxC inhibitors	SPK-0125240-001	1	C000002088			4.5	35.4	5.7	2.77	5.4	4.43	3.8	142	3.8	142							5.1	8.86																																							
SPK-0125239	C[C@H](O)[C@@H](NC(=O)C1=CC=C(C=C1)C#CC1=CC=C(CN(C)CCN(C)C)C=C1)C(=O)NO	LpxC inhibitors	SPK-0125239-001	1	C000001999			3.8	141	3.8	141			3.8	141			3.5	283	3.8	141	3.8	141	3.8	141	3.8	141			3.8	141																																	
SPK-0125238	C[C@H](O)[C@@H](NC(=O)C1=CC=C(C=C1)C#CC1=CC=C(CN2CCSCC2)C=C1)C(=O)NO	LpxC inhibitors	SPK-0125238-001	1	C000001992			3.9	141	3.9	141			3.9	141			3.9	141	3.9	141	3.9	141	4.8	17.6	3.9	141			4.8	17.6																																	
SPK-0125237	C[C@H](O)[C@@H](NC(=O)C1=CC=C(C=C1)C#CC1=CC=C(CNC2CC2)C=C1)C(=O)NO	LpxC inhibitors	SPK-0125237-001	1	C000001989			3.8	157	3.8	157			3.8	157			3.5	314	3.8	157	3.8	157	3.8	157	3.8	157			3.8	157																																	
SPK-0125236	NC[C@@H](NS(=O)(=O)C1=CC=C(C=C1)C#CC1=CC=C(CN2CCOCC2)C=C1)C(=O)NO	LpxC inhibitors	SPK-0125236-001	1	C000001985			3.9	140	3.9	140			3.9	140			3.6	279	3.9	140	3.9	140	3.9	140	3.9	140			3.9	140																																	
SPK-0125235	ONC(=O)[C@@H]1CCCN1S(=O)(=O)C1=CC=C(C=C1)C#CC1=CC=C(CN2CCOCC2)C=C1	LpxC inhibitors	SPK-0125235-001	1	C000001972			4.2	68.1	4.35	76.5			3.9	136			4.5	34.1	3.9	136	3.9	136	6	1.06	3.9	136			5.7	2.13																																	
SPK-0125234	C[C@@H](O)[C@H](NC(=O)C1=CC=C(C=C1)C#CC1=CC=C(CN(C)CC(=O)N(C)C)C=C1)C(=O)NO	LpxC inhibitors	SPK-0125234-001	1	C000001964			4.8	17.1	4.65	70.645			3.9	137			4.2	68.6	3.9	137	3.9	137	6.3	0.536	3.9	137			6.9	0.129																																	
SPK-0125233	C[C@@H](O)[C@H](NC(=O)C1=CC=C(C=C1)C#CC1=CC=C(CN(C)CC2=CN=CC=C2)C=C1)C(=O)NO	LpxC inhibitors	SPK-0125233-001	1	C000001963			5.4	4.23	5.55	17.0825			3.9	135			5.4	4.23	5.1	8.46	3.9	135	6.9	0.127	4.2	67.7			6.9	0.127																																	
SPK-0125232	C[C@@H](O)[C@H](NC(=O)C1=CC=C(C=C1)C#CC1=CC=C(CN2CCNC(=O)C2)C=C1)C(=O)NO	LpxC inhibitors	SPK-0125232-001	1	C000001958			5.1	8.88	4.6	73.22			3.8	142			4.4	35.5	4.1	71	3.8	142	6	1.11	3.8	142			6.9	0.133																																	
SPK-0125231	C[C@@H](O)[C@H](NC(=O)C1=CC=C(C=C1)C#CC1=CC=C(CN(C)CCO)C=C1)C(=O)NO	LpxC inhibitors	SPK-0125231-001	1	C000001946			5.3	4.7	4.55	77.35			3.8	150			4.1	75.2	3.8	150	3.8	150	5.9	1.18	3.8	150			6.5	0.294																																	
SPK-0125230	ONC(=O)[C@@H](CC1=CNC=N1)NC(=O)C1=CC=C(C=C1)C#CC1=CC=C(CN2CCOCC2)C=C1	LpxC inhibitors	SPK-0125230-001	1	C000001939			4.8	16.9	4.65	69.61			3.9	135			3.9	135	3.9	135	3.9	135	5.7	2.11	3.9	135			6.3	0.528																																	
SPK-0125229	ONC(=O)[C@H](CC1=CNC=N1)NC(=O)C1=CC=C(C=C1)C#CC1=CC=C(CN2CCOCC2)C=C1	LpxC inhibitors	SPK-0125229-001	1	C000001927			4.5	33.8	5.1	8.45	5.4	4.22	3.9	135	3.9	135	3.9	135	3.9	135	3.9	135	5.7	2.11	3.9	135			6.6	0.264																																	
SPK-0125228	CSCC[C@H](NC(=O)C1=CC=C(C=C1)C#CC1=CC=C(CN2CCOCC2)C=C1)C(=O)NO	LpxC inhibitors	SPK-0125228-001	1	C000001920			5.1	8.55	5.1	34.735			3.9	137			4.8	17.1	4.2	68.4	3.9	137	6.3	0.535	3.9	137			6.9	0.128																																	
SPK-0125225	CC(C)(N)[C@H](NC(=O)C12CC(C1)(C2)C#CC#CCO)C(=O)NO	LpxC inhibitors	SPK-0125225-001	1	C000010815	5.82	1.5	4.6	25.1																			4	100																						32	32	8	32										
SPK-0125224	CC(C)(N)[C@H](NC(=O)C12CC(C1)(C2)C#CC#CC1CNC1)C(=O)NO	LpxC inhibitors	SPK-0125224-001	1	C000010813			4	92.9																			4	92.9																						32	32	16	32										
SPK-0125223	CO[C@@]1(CCS(=O)(=O)C1)[C@H](NC(=O)C1=CC=C(C=C1)C#CC#CCCO)C(=O)NO	LpxC inhibitors	SPK-0125223-001	1	C000050565	8.66	0.0022	5	9.21	5	9.21	4.1	73.7																															33.3	25.2										5.28									
SPK-0125222	COC1(CS(=O)(=O)C1)C(NC(=O)C1=CC=C(C=C1)C#CC#CC[C@@H](O)CO)C(=O)NO	LpxC inhibitors	SPK-0125222-001	1	C000050555	8.68	0.0021	4.4	35.5	4.6	25.1	4.1	71																																										19.7									
SPK-0125221	CNC1(CS(=O)(=O)C1)C(NC(=O)C1=CC=C(C=C1)C#CC#CCCO)C(=O)NO	LpxC inhibitors	SPK-0125221-001	1	C000050551	8.72	0.0019	4.7	19.1	5.2	6.74	4.6	27																																										9.19									
SPK-0125220	COC1(CS(=O)(=O)C1)C(NC(=O)N1CCN(CC1)C1=CC=CC=C1)C(=O)NO	LpxC inhibitors	SPK-0125220-001	1	C000050547	6.57	0.27	3.8	155	3.8	155	3.8	155																																										64									
SPK-0125219	COC1(CNC1)C(NC(=O)C1=CC=C(C=C1)C#CC#CC1CN(C)C1)C(=O)NO	LpxC inhibitors	SPK-0125219-001	1	C000050543	5.89	1.3	4.5	31.3	4.5	31.3	4.5	31.3																																										36.8									
SPK-0125218	CCC1(CS(=O)(=O)C1)[C@H](NC(=O)C1=CC=C(C=C1)C#CC#CCCO)C(=O)NO	LpxC inhibitors	SPK-0125218-001	1	C000050528	8.37	0.0043	5.3	4.78	5.3	4.78	4.6	27																															24.2	19.5										2.46	4.6	4.6	22	32	2.2	0.68	0.9	4.2	11
SPK-0125217	COC1(CS(=O)(=O)C1)C(NC(=O)C1=CC=C(C=C1)C#CC#CCC(C)O)C(=O)NO	LpxC inhibitors	SPK-0125217-001	1	C000050518	8.72	0.0019	5	10.4	5.7	1.84	5	10.4																															13.9	15.9										5.63									
SPK-0125216	CO[C@]1(CN[C@@H]1C)[C@H](NC(=O)C1=CC=C(C=C1)S(F)(F)(F)(F)F)C(=O)NO	LpxC inhibitors	SPK-0125216-001	1	C000050510	6.46	0.35	5.5	3.31	3.8	160	3.8	160																															54.7	51.4										1.86									
SPK-0125215	COC1(CN(C)C1)C(NC(=O)C1=CC=C(C=C1)C#CC)C(=O)NO	LpxC inhibitors	SPK-0125215-001	1	C000050477	5.77	1.7	4.1	71.8	3.8	144	3.8	144																																										48.5									
SPK-0125214	COC1(CNC1)C(NC(=O)C1=CC=C(C=C1)C#CC)C(=O)NO	LpxC inhibitors	SPK-0125214-001	1	C000050466			4.7	18.5	3.8	148	3.8	148																																										9.19									
SPK-0125213	CC(C)(N)[C@H](NC(=O)CCC1=CC=CC=C1Cl)C(=O)NO	LpxC inhibitors	SPK-0125213-001	1	C000050464	6.26	0.55	4.1	74.8	3.2	598	3.2	598																																										34.3									
SPK-0125212	CC(C)(N)[C@H](NC(=O)C1=CC=C(C=C1)C#CC#CC1CC2(C1)CN(CCO)C2)C(=O)NO	LpxC inhibitors	SPK-0125212-001	1	C000050457	8.62	0.0024	4.7	20.5	4.5	29	3.9	116																																										29.9									
SPK-0125211	COC1(CS(=O)C1)C(NC(=O)C1=CC=C(C=C1)C#CC#CCCO)C(=O)NO	LpxC inhibitors	SPK-0125211-001	1	C000050430, C000050431	8.42	0.0038	4.7	19.8	4.65	23.9	4.05	95.55																															33.1	26.4										10.23									
SPK-0125210	CC(C)(C)C(=O)N[C@H](C(=O)NO)C(C)(C)N	LpxC inhibitors	SPK-0125210-001	1	C000050429	3.96	110	3	1110	3	1110	3	1110																																										256									
SPK-0125209	OCCC#CC#CC1=CC=C(C=C1)C(=O)NC(C(=O)NO)C1(O)CS(=O)C1	LpxC inhibitors	SPK-0125209-001	1	C000050426, C000050427	8.38	0.0046	3.9	116	4.4	41	3.8	164																																										53.1									
SPK-0125208	CS(=O)(=O)C1(COC1)C(NC(=O)C1=CC=C(C=C1)C#CC#CCCO)C(=O)NO	LpxC inhibitors	SPK-0125208-001	1	C000050416	8.59	0.0026	5	9.51	5.3	4.76	4.6	26.9																																										6.06									
SPK-0125207	CC#CC#CC1=CC=C(C=C1)C(=O)N[C@H](C(=O)NO)C(C)(C)O	LpxC inhibitors	SPK-0125207-001	1	C000050414	8.7	0.002	5.8	1.59	6.1	0.795	5.2	6.36																															12.8	14.3										0.758	1.7	1.7	5.8	6.9	6	2.1	0.24	0.83	42
SPK-0125206	C[C@@](O)([C@H](NC(=O)C1=CC=C(C=C1)C#CC#CCCO)C(=O)NO)C1CNC1	LpxC inhibitors	SPK-0125206-001	1	C000050377			3.3	513	3.3	513	3.3	513																																										256									
SPK-0125205	OCCC#CC#CC1=CC=C(C=C1)C(=O)N[C@@H](C(=O)NO)[C@@]1(O)CCNC1	LpxC inhibitors	SPK-0125205-001	1	C000050373			3.3	527	3.3	527	3.3	527																																										256									
SPK-0125204	CC#CC1=CC=C(C=C1)C(=O)N[C@H](C(=O)NO)[C@@](C)(O)CN(C)C	LpxC inhibitors	SPK-0125204-001	1	C000050338			3.2	572	3.2	572	3.2	572																															52.9	59.8										256									
SPK-0125203	CS(=O)(=O)C1(CCC1)C(NC(=O)C1=CC=C(C=C1)C#CC#CCCO)C(=O)NO	LpxC inhibitors	SPK-0125203-001	1	C000050328	8.51	0.0031	5.6	2.39	5.8	1.69	5	9.56																															14.7	16.8										1.74	5.1	5.1	28	47	2	0.5	0.86	4.7	12
SPK-0125202	CC#CC1=CC=C(C=C1)C(=O)NC(C(=O)NO)C1(O)CN(CCO)C1	LpxC inhibitors	SPK-0125202-001	1	C000050326	6.6	0.25	4.2	69.4	3.3	555	3.3	555																																										39.4									
SPK-0125201	CC#CC1=CC=C(C=C1)C(=O)N[C@H](C(=O)NO)C(C)(C)S(=O)(=O)CC1COC1	LpxC inhibitors	SPK-0125201-001	1	C000050314	9	0.001	5.5	3.04	5.1	7.66	4.7	21.6															5.7	1.91															23.3	44.2						1	4	0.13	8	2.93									
SPK-0125200	CC(C)(N)[C@H](NC(=O)C1CCC(=CC1)C#CC#CCCO)C(=O)NO	LpxC inhibitors	SPK-0125200-001	1	C000050313	7.28	0.053	5.4	4.33	4.5	34.7	3.7	196																															45.8	43.6										2.46									
SPK-0125199	CC(C)(N)[C@H](NC(=O)C1CCC(=CC1)C1=CC=CC=C1)C(=O)NO	LpxC inhibitors	SPK-0125199-001	1	C000050309	7.3	0.05	5.1	7.13	4.1	71.8	3.5	287															5.6	2.24															31.7	26.6						1	8	0.5	32	4									
SPK-0125198	CC(C)(N)[C@H](NC(=O)C1=CC=C(OC2CC2)N=C1)C(=O)NO	LpxC inhibitors	SPK-0125198-001	1	C000050302	5.89	1.3	4.7	18.9	3.2	606	3.2	606																																										11.3									
SPK-0125197	CC(C)(N)[C@H](NC(=O)C1=CC=C(OCC2CC2)N=C1)C(=O)NO	LpxC inhibitors	SPK-0125197-001	1	C000050289	6.05	0.89	4.3	49.6	3.1	794	3.1	794																																										22.6									
SPK-0125196	CC#CC1=CC=C(C=C1)C(=O)N[C@H](C(=O)NO)C(C)(C)NCC1CC1	LpxC inhibitors	SPK-0125196-001	1	C000050274	7.22	0.06	5.4	4.37	5.2	6.18	4.8	17.5																															21.4	48										2.64									
SPK-0125195	CC#CCOC1CCN(CC1)C(=O)N[C@H](C(=O)NO)C(C)(C)N	LpxC inhibitors	SPK-0125195-001	1	C000050261	5.28	5.2	3.5	291	3.2	581	3.2	581																																										169									
SPK-0125194	CC(C)(N)[C@H](NC(=O)N1CCCC(F)(F)CC1)C(=O)NO	LpxC inhibitors	SPK-0125194-001	1	C000050258	5.12	7.5	4.1	75.8	3.2	606	3.2	606															4.1	75.8																						32	130	8	260	48.5									
SPK-0125193	CN1CC(CS(=O)(=O)C(C)(C)[C@H](NC(=O)C2=CC=C(C=C2)C#CC#CCCO)C(=O)NO)C1	LpxC inhibitors	SPK-0125193-001	1	C000050250	7.55	0.028	4.3	47.6	3.6	269	3.6	269																															41.8	45.1										55.7									
SPK-0125192	CC(C)(N)[C@H](NC(=O)C1CCCCCC1)C(=O)NO	LpxC inhibitors	SPK-0125192-001	1	C000050237	4.8	19.55	4.1	83	3.2	664	3.2	664																																										48.5									
SPK-0125191	CC(C)([C@H](NC(=O)C1=CC=C(C=C1)C#CC#CCCO)C(=O)NO)S(=O)(=O)CC1COC1	LpxC inhibitors	SPK-0125191-001	1	C000050228	9.075	0.001305	4.8	14.7	5.6	2.5	5.3	5.01															5.1	8.65															20.8	23.3						4	16	1	16	9.55									
SPK-0125190	CC(C)=C(NC(=O)C1=CC=C(C=C1)C#CC#CCCO)C(=O)NO	LpxC inhibitors	SPK-0125190-001	1	C000050227	4.755	51.55	3.1	784	3.1	784	3.1	784																															15.8	15.1										256									
SPK-0125189	CC(C)(N)[C@H](NC(=O)C1CCC(=C)CC1)C(=O)NO	LpxC inhibitors	SPK-0125189-001	1	C000050217	5.62	2.4	4.5	29.5	3.8	167	3.8	167																															80.9	71.9										13.9									
SPK-0125188	CC(C)(O)[C@H](NC(=O)C1=CC=C(C=C1)C#CC#CCCS(N)(=O)=O)C(=O)NO	LpxC inhibitors	SPK-0125188-001	1	C000050193	8.36	0.0044	5	9.82	5.3	4.91	4.7	19.6																															14.7	19										5.79									
SPK-0125187	CN1N=C(C)C(C(NC(=O)C2=CC=C(C=C2)C#CC#CCCO)C(=O)NO)=C1C	LpxC inhibitors	SPK-0125187-001	1	C000050175	6.49	0.32	3.8	162	3.8	162	3.8	162																																										64									
SPK-0125186	CC(C)(N)[C@H](NC(=O)C1=CC=C(C=C1)C#CC1CC1)C(=O)NO	LpxC inhibitors	SPK-0125186-001	1	C000050163	7.6	0.025	5.9	1.33	4.7	21.3	3.8	170																															27.2	35.9										0.758									
SPK-0125185	CC(C)(N)[C@H](NC(=O)N1CCCC1)C(=O)NO	LpxC inhibitors	SPK-0125185-001	1	C000050162	4.3	50	3.7	210	3.1	841	3.1	841																																										84.4									
SPK-0125184	CC1=C(C(NC(=O)C2=CC=C(C=C2)C#CC#CCCO)C(=O)NO)C(C)=NN1	LpxC inhibitors	SPK-0125184-001	1	C000050160	6.93	0.117	3.8	168	3.8	168	3.8	168																															24	24.7										64									
SPK-0125183	CC1=C(C(NC(=O)C2=CC=C(C=C2)C#CC#CCCO)C(=O)NO)C(C)=NO1	LpxC inhibitors	SPK-0125183-001	1	C000050158	8.04	0.0092	5.3	5.24	5.3	5.24	4.4	42															5.6	2.62															19.6	14.7						1	4	0.25	8	3.25	9.9	9.8	35	47	1	0.45	1.4	5.1	6.9
SPK-0125182	CC(C)(O)[C@@H](NC(=O)C1=CC=C(C=C1)C#CC#CCCO)C(=O)NO	LpxC inhibitors	SPK-0125182-001	1	C000050140	5.7	2	3.7	186	3.7	186	3.7	186																																										64									
SPK-0125181	CCS(=O)(=O)C(C)(C)[C@H](NC(=O)C1=CC=C(C=C1)C#CC#CCCO)C(=O)NO	LpxC inhibitors	SPK-0125181-001	1	C000050074	8.38	0.0042	5.4	3.77	5.6	2.38	5	9.51															5.6	2.38															30.4	23.7						1	2	0.25	8	2.46									
SPK-0125180	CC1=NOC(=C1)[C@](C)(O)[C@H](NC(=O)C1=CC=C(C=C1)C#CC#CCCO)C(=O)NO	LpxC inhibitors	SPK-0125180-001	1	C000050066	7.74	0.018	5.2	6.87	4.9	13.8	4.1	77.8																															21.3	18										3.73	3.2	3.2	16	24	1.4	0.42	0.58	2.8	7.9
SPK-0125179	CN(C)CCS(=O)(=O)C(C)(C)[C@H](NC(=O)C1=CC=C(OC(F)(F)F)C=C1)C(=O)NO	LpxC inhibitors	SPK-0125179-001	1	C000050063	7.3	0.05	4.3	56.2	3.9	112	3.9	112															4.9	14																										42.2									
SPK-0125178	COC1=CC=C(C=N1)C(=O)N[C@H](C(=O)NO)C(C)(C)N	LpxC inhibitors	SPK-0125178-001	1	C000050059	5.57	2.7	4.7	20.2	3.8	161	3.8	161															5	10.1															86.9	83.9										11.3									
SPK-0125177	CC(C)(O)[C@H](NC(=O)C1=CC=C(C=C1)C#CC#CC1CC(C1)NC1CNC1)C(=O)NO	LpxC inhibitors	SPK-0125177-001	1	C000049985	8.77	0.0017	4.7	21	4.5	29.7	4.5	29.7																															19.2	40.7										14.9									
SPK-0125176	CC(C)(O)[C@H](NC(=O)C1=CC=C(C=C1)C#CC#CC1CNCCO1)C(=O)NO	LpxC inhibitors	SPK-0125176-001	1	C000049959			5.1	8.01	5.1	8.01	4.5	32															5.7	2																				146	0.96					6.96									
SPK-0125175	[H][C@]12CNC[C@@]1([H])[C@@]2(C)C#CC#CC1=CC=C(C=C1)C(=O)N[C@H](C(=O)NO)C(C)(C)O	LpxC inhibitors	SPK-0125175-001	1	C000049955			6	0.981	5.4	3.93							4.8	15.7	4.5	31.4					4.5	31.4	4.8	15.7									4.8	15.7																									
SPK-0125174	[H][C@@]12CN(C[C@]1([H])[C@H]2C#CC#CC1=CC=C(C=C1)C(=O)N[C@H](C(=O)NO)C(C)(C)N)C1COC1	LpxC inhibitors	SPK-0125174-001	1	C000049953			6	0.908	6.9	0.135	6.4	0.36															6.6	0.227																						0.25	1	0.031	2	0.671									
SPK-0125173	CC(C)([NH3+])[C@H](NC(=O)C1=CC=C(C=C1)C#CC#CC#CC(O)CO)C(=O)NO	LpxC inhibitors	SPK-0125173-001	1	C000049939	8.86	0.00137	6.3	0.503	5.2	6.38	5.1	8.04					4.5	32.2	4.8	16.1					4.5	32.2	5	10.42									5.4	4.02										110	0.96														
SPK-0125172	CC(C)(O)[C@H](NC(=O)C1=CC=C(C=C1)C#CC#CC1CN(CCS(C)(=O)=O)C1)C(=O)NO	LpxC inhibitors	SPK-0125172-001	1	C000049936	8.87	0.00135	4.8	15.3	5.7	1.92	5.7	1.92															4.65	23																										9.19									
SPK-0125171	CC(C)(N)[C@H](NC(=O)C1=CC=C(C=C1)C1=NOC(CO)=C1)C(=O)NO	LpxC inhibitors	SPK-0125171-001	1	C000049924	6.37	0.425	4.4	39.2																			4.4	39.2																																			
SPK-0125170	CC(C)(N)[C@H](NC(=O)C1=CC=C(C=C1)C#CC#CC1CC[C@H](CO)CC1)C(=O)NO	LpxC inhibitors	SPK-0125170-001	1	C000005100, C000005101			5.6	2.43	5.75	1.825	5.15	7.29	4.4	38.9	4.55	29.15	5	9.72	5.6	2.43																																											
SPK-0125169	CC(CF)N1CC(C1)C#CC#CC1=CC=C(C=C1)C(=O)N[C@H](C(=O)NO)C(C)(C)O	LpxC inhibitors	SPK-0125169-001	1	C000049905	9.12	0.00075	5.1	7.55	6.9	0.118	6	0.944															5.7	1.89																				169	0.94	1	4	0.25	16	6.06									
SPK-0125168	C[C@@H](N)[C@H](NC(=O)C1=CC=C(C=C1)C#CC#CCOCCO)C(=O)NO	LpxC inhibitors	SPK-0125168-001	1	C000005392	7.47	0.0335	5.9	1.39																			5.3	5.57																						2	8	0.5	8										
SPK-0125167	CC(C)(N)[C@H](NC(=O)C12CC(C1)(C2)C#CC#CCCO)C(=O)NO	LpxC inhibitors	SPK-0125167-001	1	C000005391	5.92	1.2	4.3	48																			4.3	48																						16	32	2	32										
SPK-0125166	CC(C)(N)[C@H](NC(=O)C1=CC=C(C=C1)C#C\\C=C\\C1CN(C1)S(C)(=O)=O)C(=O)NO	LpxC inhibitors	SPK-0125166-001	1	C000005374	8.58	0.00265	5.6	2.3	5.9	2.444			4.1	73.6													4.4	36.8																																			
SPK-0125165	CC#CCOC1=CC=C(C=C1)C(=O)N[C@H](C(=O)NO)C(C)(C)N	LpxC inhibitors	SPK-0125165-001	1	C000005370	7.41	0.039	5.5	3.13	4.6	31.3	3.7	200	4	100													5.05	9.38																										1.15									
SPK-0125164	[H]C(=O)N1CC(C1)\\C=C\\C#CC1=CC=C(C=C1)C(=O)N[C@H](C(=O)NO)C(C)(C)N	LpxC inhibitors	SPK-0125164-001	1	C000005365			5	10.4	5.45	5.85			4.1	83.2																																																	
SPK-0125163	CC(C)(O)[C@H](NC(=O)C1=CC=C(C=C1)C#CC#C[C@@H]1CCN(CCO)C1)C(=O)NO	LpxC inhibitors	SPK-0125163-001	1	C000005344			5.3	4.84	5.3	6.045			4.1	77.4																																																	
SPK-0125162	C[C@@H](CO)[C@H](O)C#CC#CC1=CC=C(C=C1)C(=O)N[C@H](C(=O)NO)C(C)(C)N	LpxC inhibitors	SPK-0125162-001	1	C000005338			5	10.3	4.7	25.8			4.1	82.6																																																	
SPK-0125161	C[C@@H](NC(=O)CCN)[C@H](NC(=O)C1=CC=C(C=C1)C#CC#CCCO)C(=O)NO	LpxC inhibitors	SPK-0125161-001	1	C000005320			4.1	79.9	4.1	79.9			4.1	79.9			4.1	79.9	4.1	79.9					4.1	79.9																																					
SPK-0125160	CNCC(=O)N[C@H](C)[C@H](NC(=O)C1=CC=C(C=C1)C#CC#CCCO)C(=O)NO	LpxC inhibitors	SPK-0125160-001	1	C000005319			4.4	40	4.1	79.9			4.1	79.9			4.1	79.9	4.1	79.9					4.1	79.9																																					
SPK-0125159	C[C@@H](NC(=O)CN)[C@H](NC(=O)C1=CC=C(C=C1)C#CC#CCCO)C(=O)NO	LpxC inhibitors	SPK-0125159-001	1	C000005318			4.4	41.4	4.1	82.8			4.1	82.8			4.1	82.8	4.1	82.8					4.1	82.8																																					
SPK-0125158	C[C@H](O)C#CC#CC1=CC=C(C=C1)C(=O)N[C@@H]([C@@H](C)O)C(=O)NO	LpxC inhibitors	SPK-0125158-001	1	C000005314			4.8	17.1	5	11.575	4.3	48.4	4	96.9			4	96.9	5.5	3.03					4	96.9	5.05	13.615																										9.19									
SPK-0125157	C[C@H](O)C#CC#CC1=CC=C(C=C1)C(=O)N[C@H](C(=O)NO)C(C)(C)O	LpxC inhibitors	SPK-0125157-001	1	C000005305			4.9	11.6	5.15	9.65	4.3	46.5	4	92.9			4	92.9	5.5	2.9					4.3	46.5	4.9	11.6															42	42										6.96									
SPK-0125156	C[C@@H](N)[C@H](NC(=O)C1=CC=C(C=C1)C#CC#CCCO)C(=O)NO	LpxC inhibitors	SPK-0125156-001	1	C000005290	7.13	0.0745	5.8	1.52	5	11.635			4	97.2			4	97.2	4.9	12.1					4	97.2	6.1	0.759															56	60				780	0.925	0.13	1	0.063	2	0.758									
SPK-0125155	CC(C)(N)C(NC(=O)C1=CC=C(C=C1)C#CC#C[C@H]1C[C@@](O)(CO)C1)C(=O)NO	LpxC inhibitors	SPK-0125155-001	1	C000005279	8.82	0.00153	5.8	1.77	5.45	5.625			4.4	40.1			4.7	20	4.4	40.1					4.4	40.1																						666	0.905														
SPK-0125154	CC(C)(NCC1=CNC=N1)[C@H](NC(=O)C1=CC=C(C=C1)C#CC#CCCO)C(=O)NO	LpxC inhibitors	SPK-0125154-001	1	C000005262			5.5	3.34	5	20.08			4.1	75.6			4.1	75.6	4.7	18.9					4.1	75.6																																					
SPK-0125153	CC(C)(N)[C@H](NC(=O)C1=CC=C(C=C1)C#CC#CC1CC1(CO)CO)C(=O)NO	LpxC inhibitors	SPK-0125153-001	1	C000005249			5.3	5.01	5.1	11.77			4.1	80.1			4.1	80.1	4.4	40.1					4.1	80.1																																					
SPK-0125152	CC(C)(N)[C@H](NC(=O)C1=CC2=CC=C(C=C2C=C1)C#CC1C[C@@H]1CO)C(=O)NO	LpxC inhibitors	SPK-0125152-001	1	C000005227			5.6	2.53	5.6	5.366			4.7	20.2			4.7	20.2	5.3	5.06					5.3	5.06																																					
SPK-0125151	C[S]([O-])C(C)(C)[C@H](NC(=O)C1=CC=C(C=C1)C#CC#CC1CC1CO)C(=O)NO	LpxC inhibitors	SPK-0125151-001	1	C000005226			5.6	2.4	6.65	0.61795			4.7	19.2			5.3	4.79	5.6	2.4					5	9.58																																					
SPK-0125150	CNC(C)(C)[C@H](NC(=O)C1=CC=C(C=C1)C#CC#CCCO)C(=O)NO	LpxC inhibitors	SPK-0125150-001	2	C000005213			6.5	0.35	6	1.121			4.5	33.6			4.8	18.25	5.7	2.23					5	14	6.1	0.881															52.8		66.9			513	0.895														
SPK-0125149	CC(C)(N)[C@H](NC(=O)C1=CC=C(C=C1)C#CC#CC(O)(CO)CCl)C(=O)NO	LpxC inhibitors	SPK-0125149-001	1	C000005204			5.3	4.9	5.15	11.025			4.7	19.6			4.7	19.6	4.7	19.6					4.7	19.6	4.4	39.2																																			
SPK-0125148	CC(C)(N)[C@H](NC(=O)C1=CC=C(C=C1)C#CCO)C(=O)NO	LpxC inhibitors	SPK-0125148-001	1	C000005200			4.9	13.1	4.45	39.3			4.6	26.2			4.6	26.2	5.2	6.55					4.6	26.2																																					
SPK-0125147	CC(C)(N)[C@H](NC(=O)C1=CC=C(C=C1)C#CC#C[C@@H]1C[C@H]1C(O)=O)C(=O)NO	LpxC inhibitors	SPK-0125147-001	1	C000005140			5	10.4	4.55	31.3	4.4	41.7	4.1	83.5	4.4	41.7	4.7	20.9	4.4	41.7																																											
SPK-0125146	CC(C)(N)[C@H](NC(=O)C1=CC=C(C=C1)C#C\\C=C\\C1C[C@@H]1CO)C(=O)NO	LpxC inhibitors	SPK-0125146-001	1	C000005134			5.85	1.525	5.75	2.02	5.3	5.38	4.4	43.1	5	10.8	5	10.8	5.1	8.55					4.7	21.5	5.6	2.69																						0.13	4	0.13	4										
SPK-0125145	CCCC(=O)OC[C@@H]1CC1C#CC#CC1=CC=C(C=C1)C(=O)N[C@H](C(=O)NO)C(C)(C)N	LpxC inhibitors	SPK-0125145-001	1	C000005106			5.9	1.14	6.7	0.2105	5.9	1.14	4.4	36.4	5.3	4.55	6.2	0.569	6.5	0.284																																											
SPK-0125144	CC(C)C(=O)OC[C@@H]1CC1C#CC#CC1=CC=C(C=C1)C(=O)N[C@H](C(=O)NO)C(C)(C)N	LpxC inhibitors	SPK-0125144-001	1	C000005105			5.9	1.14	6.7	0.2105	5.6	2.28	4.4	36.4	5.3	4.55	6.2	0.569	6.2	0.569																																											
SPK-0125143	NC(CC(=O)NO)C1=CC=CC=C1	LpxC inhibitors	SPK-0125143-001	1	C000005095			3.4	355	3.4	355	3.4	355	3.4	355	3.4	355	3.4	355	3.4	355																																											
SPK-0125142	N[C@H](CC1=CC=CC=C1)C(=O)NO	LpxC inhibitors	SPK-0125142-001	1	C000005067			3.4	355	3.4	355	3.4	355	3.1	710	3.4	355	3.4	355	3.4	355																																											
SPK-0125141	N[C@H](CC1=CC=C(O)C=C1)C(=O)NO	LpxC inhibitors	SPK-0125141-001	1	C000005062			4.1	81.5	4.1	81.5	4.1	81.5	4.1	81.5	4.1	81.5	4.1	81.5	4.1	81.5																																											
SPK-0125140	CC(C)(N)[C@H](NC(=O)C1=CC=C(C=C1)C#CC#C[C@H]1C[C@H](CO)C1)C(=O)NO	LpxC inhibitors	SPK-0125140-001	1	C000005035	9.33	0.000473	6.2	0.6095	6.35	0.4525	5.9	1.3	4.4	41.7	5.3	5.22	5.8	1.55	5.7	2.19					5	10.4																																					
SPK-0125139	CC(C)(N)[C@H](NC(=O)C1=CC=C(C=C1)C#CC#C[C@@H]1C[C@H](CO)C1)C(=O)NO	LpxC inhibitors	SPK-0125139-001	1	C000005034	9.25	0.000565	6.3	0.52	6.25	0.5565	5.9	1.3	4.4	41.7	4.9	13.1	5.7	2.19	5.7	1.84					5.3	5.22																																					
SPK-0125138	CC(C)(C)ON=C1CC(C1)C#CC#CC1=CC=C(C=C1)C(=O)N[C@H](C(=O)NO)C(C)(C)N	LpxC inhibitors	SPK-0125138-001	1	C000004957			5.3	4.56	6.05	0.855	5.75	2.565	4.4	36.5	4.7	18.2	5.9	1.14	6.5	0.285																																											
SPK-0125137	OC[C@H]1C[C@@H]1C#CC#CC1=CC=C(C=C1)C(=O)N[C@@H]([C@H]1COCCN1)C(=O)NO	LpxC inhibitors	SPK-0125137-001	1	C000004917	8.28	0.0052	5.8	1.63	5.75	1.89	5.3	5.03	4.4	40.3	4.4	40.3	5.1	7.12	5.1	7.12					4.7	20.1	6.2	0.629															12.9	12.6				278	0.96	0.25	1	0.063	2	0.812	13	13	48	69	0.79	0.29	1.6	6	6.3
SPK-0125136	NC1(CCC1)[C@H](NC(=O)C1=CC=C(C=C1)C#CC#CC1C[C@H]1CO)C(=O)NO	LpxC inhibitors	SPK-0125136-001	1	C000004916			6.2	0.655	5.6	2.62	5	22.26	4.4	41.9	4.4	41.9	4.7	21	5.9	1.31																																											
SPK-0125135	CC(C)(N)[C@H](NC(=O)C1=CC=C(C=C1)C#CC#CC1CC(C1)(OCCO)OCCO)C(=O)NO	LpxC inhibitors	SPK-0125135-001	1	C000004914			5.7	2.11	5.55	3.165	4.95	19.01	4.5	33.8	4.5	33.8	4.5	33.8	5.4	4.22																																											
SPK-0125134	[H][C@@]12CN(C[C@]1([H])[C@H]2C#CC#CC1=CC=C(C=C1)C(=O)N[C@H](C(=O)NO)C(C)(C)N)C(C)=O	LpxC inhibitors	SPK-0125134-001	1	C000004912			5.9	1.18	5.45	3.55	5	11.815	4.4	37.9	5	9.47	5	9.47	4.7	18.9																																											
SPK-0125133	CN(C)C(C)(C)[C@H](NC(=O)C1=CC=C(C=C1)C#CC#C[C@H]1C[C@@H]1CO)C(=O)NO	LpxC inhibitors	SPK-0125133-001	2	C000004896			6.5	0.314	6.35	0.4715	6.05	1.1125	4.4	40.3	5.9	1.26	6.3	0.5125	6.15	0.711							6.2	0.629	5.7	1.78	5.9	1.26																															
SPK-0125132	CC(C)(N)[C@H](NC(=O)C1=CC=C(C=C1)C#CC#CC1(O)COCOC1)C(=O)NO	LpxC inhibitors	SPK-0125132-001	1	C000004851	7.5	0.0315	5.35	4.71	4.4	39.9	4.4	39.9	4.4	39.9	4.4	39.9	4.4	39.9	5	9.96					5	9.96	5	9.96																																			
SPK-0125131	[H][C@@]12CNC[C@]1([H])[C@H]2C#CC#CC1=CC=C(C=C1)C(=O)N[C@H](C(=O)NO)C(C)(C)N	LpxC inhibitors	SPK-0125131-001	1	C000004847	8.37	0.0043	5.4	3.72	5.3	5.26	4.85	23.68	4.4	42.1	4.7	21	5.3	5.26	4.4	42.1							4.4	42.1																																			
SPK-0125130	CC(C)(N)[C@H](NC(=O)C1=CC=C(C=C1)C#CC#CC1=CN(CC(O)CO)N=C1)C(=O)NO	LpxC inhibitors	SPK-0125130-001	1	C000004829			5.3	4.55	5	9.1	4.4	36.4	4.4	36.4	5.3	4.55	4.7	18.2	4.4	36.4																																											
SPK-0125129	CC(C)(NCCO)[C@H](NC(=O)C1=CC=C(C=C1)C#CC#CC1(O)CCC1)C(=O)NO	LpxC inhibitors	SPK-0125129-001	1	C000004771			5.6	2.42	5.45	3.63	5.15	10.86	4.4	38.7	4.4	38.7	5	9.67	6.2	0.605					5.9	1.21	4.7	19.3															31	34																			
SPK-0125128	CC(C)(NCCF)[C@H](NC(=O)C1=CC=C(C=C1)C#CC#CC1CC1)C(=O)NO	LpxC inhibitors	SPK-0125128-001	2	C000004757			6.05	0.9745	7.05	0.0939	6.6	0.3795	4.55	31.15	6.05	0.9745	6.8	0.156	7.7	0.0208																																											
SPK-0125127	NC1(CCC1)[C@H](NC(=O)C1=CC=C(C=C1)C#CC#CC1=CNN=C1)C(=O)NO	LpxC inhibitors	SPK-0125127-001	1	C000004751			6.4	0.417	6.45	0.372	5.6	10.7635	4.7	21.2	5.7	2.1	5.9	1.32	5.9	1.32																																											
SPK-0125126	CC(C)(N)[C@H](NC(=O)C1=CC=C(C=C1)C#CC#C[C@H]1C[C@@H]1CO)C(=O)NO	LpxC inhibitors	SPK-0125126-003	16	C000004716	9.21	0.00062	6.5	0.338	6.15	0.7085	5.6	2.71	4.7	21.7	5	10.8	5.6	2.71	5.7	2	4.1	86.6	6.2	0.677	4.7	21.7	6.2	0.677	5.6	2.71	5.6	2.71	5	10.8	4.7	21.7	6.5	0.338	5	10.8	4.7	21.7								1	4	0.031	8										
SPK-0125125	CCOC(=O)C1CC1C#CC#CC1=CC=C(C=C1)C(=O)N[C@H](C(=O)NO)C(C)(C)N	LpxC inhibitors	SPK-0125125-001	1	C000004711			5.6	2.43	6.5	0.304	5.75	2.734	4.4	38.9	5.3	4.86	5.9	1.22	6.5	0.304																																											
SPK-0125124	CC(C)(NCC1CNC1)[C@H](NC(=O)C1=CC=C(C=C1)C#C\\C=C\\C1CC1)C(=O)NO	LpxC inhibitors	SPK-0125124-001	1	C000004684			4.85	14.62	4.7	19.5	4.55	29.25	4.4	39	4.4	39	4.4	39	5.6	2.44																																											
SPK-0125123	CC(CO)NC(C)(C)[C@H](NC(=O)C1=CC=C(C=C1)C#C\\C=C\\C1CC1)C(=O)NO	LpxC inhibitors	SPK-0125123-001	1	C000004683			5.75	1.875	6.35	0.4695	5.9	2.6615	4.4	40.1	5.3	5.01	5.9	1.25	6.8	0.15																																											
SPK-0125122	ONC(=O)[C@H](CNCC1=CN=CC=C1)NC(=O)C1=CC=C(C=C1)C#CC#CC1CC1	LpxC inhibitors	SPK-0125122-001	1	C000004663			4.7	24.87	5.15	7.455	4.85	22.385	4.4	39.8	4.4	39.8	5	9.94	5.9	1.24																																											
SPK-0125121	CC(C)CNC[C@H](NC(=O)C1=CC=C(C=C1)C#CC#CC1CC1)C(=O)NO	LpxC inhibitors	SPK-0125121-001	1	C000004644			5	10.9	5.3	5.44	4.85	24.47	4.4	43.5	4.4	43.5	5.3	5.44	5.6	2.72																																											
SPK-0125120	CC(C)NC(C)(C)[C@H](NC(=O)C1=CC=C(C=C1)C#C\\C=C\\C1CC1)C(=O)NO	LpxC inhibitors	SPK-0125120-001	1	C000004636			5.9	1.3	6.95	0.1171	6.5	0.326	4.4	41.7	6.2	0.652	6.5	0.326	7.4	0.0391																																											
SPK-0125119	CCNC(C)(C)[C@H](NC(=O)C1=CC=C(C=C1)C#C\\C=C\\C1CC1)C(=O)NO	LpxC inhibitors	SPK-0125119-001	1	C000004635			6.25	0.607	6.9	0.132	6.35	0.559	4.7	21.7	6.45	0.382	6.45	0.382	7	0.1097																																											
SPK-0125118	CC(C)(N)[C@H](NC(=O)C1=CC=C(C=C1)C#CC#CC1=CC=C(S1)C(=O)NC1CC1)C(=O)NO	LpxC inhibitors	SPK-0125118-001	1	C000004622			5.7	2.15	5.85	1.615	5.25	17.74	4.5	34.4	5.4	4.31	5.4	4.31	6.3	0.538																																											
SPK-0125117	CC(C)(N)[C@H](NC(=O)C1=CC=C(C=C1)C#CC#CCOCC(O)=O)C(=O)NO	LpxC inhibitors	SPK-0125117-001	1	C000004589			4.4	41.3	4.4	41.3	4.4	41.3	4.4	41.3	4.4	41.3	4.4	41.3			4.4	41.3																																									
SPK-0125116	NC1(CCCCC1)C(NC(=O)C1=CC=C(C=C1)C#CC#CC1CC1)C(=O)NO	LpxC inhibitors	SPK-0125116-001	1	C000004582			5.3	5.27	5.45	3.955	4.85	23.735	4.4	42.2	4.4	42.2	5.3	5.27			4.4	42.2																																									
SPK-0125115	CC(C)(N)[C@H](NC(=O)C1=CC=C(C=C1)C#CC#CC1=CN(CC2=NNN=N2)N=C1)C(=O)NO	LpxC inhibitors	SPK-0125115-001	1	C000004551			5	8.94	5	8.94																																																					
SPK-0125114	CC(C)(N)C(NCC1=CC=C(C=C1)C#CC#CC1CC1)C(=O)NO	LpxC inhibitors	SPK-0125114-001	1	C000004492			5.35	4.61	5.65	2.305	4.75	27.675	4.3	49.2	4.9	12.3	5.2	6.15			4.3	49.2																																									
SPK-0125113	CN(C)S(=O)(=O)CCN1C=C(C=N1)C#CC#CC1=CC=C(C=C1)C(=O)N[C@H](C(=O)NO)C(C)(C)N	LpxC inhibitors	SPK-0125113-001	1	C000004490			5.85	1.335	5.85	1.4995	5.3	5.405	4.5	32	5.4	4	5.4	4			4.5	32					5.7	2																																			
SPK-0125112	CC(C)(N)[C@H](NC(=O)C1=CC=CC=C1)C(=O)NO	LpxC inhibitors	SPK-0125112-001	1	C000004428	4.25	56	4.2	63.7	3.9	159.35	3.6	255	3.9	159.35	3.9	159.35	3.9	159.35	3.9	127	4.2	63.7					3.75	191																										21.1									
SPK-0125110	CC(C)(N)[C@H](NC(=O)C1=CC=C(C=C1)C#C\\C=C\\C#CC1CC1)C(=O)NO	LpxC inhibitors	SPK-0125110-001	1	C000004412			5.9	1.37	6.95	0.12305	5.9	5.532	5	10.9	6.2	0.684	6.5	0.342			5	10.9																																									
SPK-0125109	CC(C)(F)[C@H](NC(=O)C1=CC=C(C=C1)C#CC#CC1CC1)C(=O)NO	LpxC inhibitors	SPK-0125109-001	1	C000004336			5.95	1.095	6.6	0.27	5.95	1.6425	4.3	46.7	5.2	5.84	6.1	0.73			4.3	46.7																																									
SPK-0125108	CC\\C=C(/F)C#CC1=CC=C(C=C1)C(=O)N[C@H](C(=O)NO)C(C)(C)N	LpxC inhibitors	SPK-0125108-001	1	C000004312			6.1	0.72	5.95	1.08	5.2	7.19	4.3	46.1	5.8	1.44	5.2	5.76			4.3	46.1																																									
SPK-0125107	CC(C)(N)[C@H](NC(=O)C1=CC=C(C=C1)C#CC1=CC=C(CN2CCOC2=O)C=C1)C(=O)NO	LpxC inhibitors	SPK-0125107-001	1	C000004306			5.7	2.22	6	1.11	5.2	18.305	4.4	35.5	5.1	8.88	5.1	8.88			4.4	35.5																																									
SPK-0125106	CC(C)(N)[C@H](NC(=O)C1=CC=C(C=C1)C#C\\C=C\\COCC(F)(F)F)C(=O)NO	LpxC inhibitors	SPK-0125106-001	1	C000004302			5.9	1.21	5.75	1.815	5	20.56	4.4	38.7	5	9.68	4.4	38.7			4.4	38.7																																									
SPK-0125105	CC(C)(N)[C@H](NC(=O)C1=CC=C(C=C1)C#C\\C=C\\CN1CCS(=O)(=O)CC1)C(=O)NO	LpxC inhibitors	SPK-0125105-001	1	C000004300			4.7	17.8	4.55	26.75	4.55	26.75	4.4	35.7	4.4	35.7	4.4	35.7			4.4	35.7																																									
SPK-0125104	CC(C)(NC=O)[C@H](NC(=O)C1=CC=C(C=C1)C#C\\C=C\\CN1CCC(F)(F)CC1)C(=O)NO	LpxC inhibitors	SPK-0125104-001	1	C000004298			4.95	12.975	5.4	5.405	4.95	19.46	4.5	34.6	4.5	34.6	4.5	34.6			4.5	34.6																																									
SPK-0125103	CC(C)(N)[C@H](NC(=O)C1=CC=C(C=C1)C#C\\C=C\\C1=CN=C(N)N=C1)C(=O)NO	LpxC inhibitors	SPK-0125103-001	1	C000004289			5.75	1.905	5.15	7.585	4.7	25.35	4.4	40.6	4.4	40.6	4.4	40.6			4.4	40.6																																									
SPK-0125102	CC(C)(NC=O)[C@H](NC(=O)C1=CC=C(C=C1)C#C\\C=C\\C1CCC1)C(=O)NO	LpxC inhibitors	SPK-0125102-001	1	C000004284			5.3	5.22	6.2	0.652	5.3	21.176	4.4	41.7	5.3	5.22	5.6	2.61			4.4	41.7																																									
SPK-0125101	CC(C)(O)[C@H](NC(=O)C1=CC=C(C=C1)C#C\\C=C\\C1CCC1)C(=O)NO	LpxC inhibitors	SPK-0125101-001	1	C000004280			5.3	5.61	6.35	0.526	5.9	2.9805	4.3	44.9	5.6	2.81	5.9	1.4			4.6	22.4																																									
SPK-0125100	CC(C)(N)[C@H](NC(=O)C1=CC=C(C=C1)C#C\\C=C\\CF)C(=O)NO	LpxC inhibitors	SPK-0125100-001	1	C000004278			6.25	0.5625	5.2	6	4.9	15	4.3	48	4.9	12	4.8	17	5.2	6	4.3	48			4.6	24	6.1	0.75					4.6	24	4.6	24	5.5	3	4.6	24	4.6	24																					
SPK-0125099	CCCC#C\\C=C\\C#CC1=CC=C(C=C1)C(=O)NC(C(=O)NO)C(C)(C)N	LpxC inhibitors	SPK-0125099-001	1	C000004274			5.45	4.08	7.1	0.0816	6.2	2.7608	4.4	43.5	5.9	1.36	6.5	0.34			4.4	43.5																																									
SPK-0125098	CC(C)(O)[C@H](NC(=O)C1=CC=C(C=C1)C#C\\C=C\\CF)C(=O)NO	LpxC inhibitors	SPK-0125098-001	1	C000004272			5.65	2.245	4.9	12	4.15	71.8	4.3	47.9	4.6	23.9	4.3	47.9			4.3	47.9																																									
SPK-0125097	CC(C)(NC=O)[C@H](NC(=O)C1=CC=C(C=C1)C#C\\C=C\\C1CC1)C(=O)NO	LpxC inhibitors	SPK-0125097-001	1	C000004241			5.6	2.71	6.2	0.844	5.75	3.0435	4.4	43.3	5	10.8	5.6	2.71	6.8	0.162	4.4	43.3	6.5	0.338	5.9	1.35	5.6	2.71	5.6	2.71	6.05	1.0135	5.3	5.41	5.3	5.41	6.2	0.677	4.7	21.7	4.7	21.7																					
SPK-0125096	CC(C)(N)[C@H](NC(=O)C1=CC=C(C=C1)C#CC1=CC=C(CN2CCOCC2)C=C1)C(=O)NO	LpxC inhibitors	SPK-0125096-001	1	C000004231			6.2	0.67	6.5	0.3345	5.7	4.7175	4.6	26.65	5.55	3.33	5.85	1.665			4.6	26.65																																									
SPK-0125095	CC(C)(O)[C@H](NC(=O)C1=CC=C(C=C1)C#CC#C[C@H]1CC[C@H](O)CC1)C(=O)NO	LpxC inhibitors	SPK-0125095-001	1	C000004227			5.75	1.88	6.2	0.627	5.6	3.135	4.4	40.2	4.7	20.1	5.6	2.51			4.4	40.2																																									
SPK-0125094	CC(C)(O)[C@H](NC(=O)C1=CC=C(C=C1)C#C\\C=C\\C1=CNN=C1)C(=O)NO	LpxC inhibitors	SPK-0125094-001	1	C000004224			5.6	2.71	5.45	4.07	5.3	5.43	4.4	43.4	5.3	5.43	4.7	21.7			4.4	43.4																					10	9.53										1.87									
SPK-0125093	CC(C)(N)[C@@H](NC(=O)C1=CC=C(C=C1)C#C\\C=C\\C1CC1)C(=O)NO	LpxC inhibitors	SPK-0125093-001	1	C000004219			4.3	46.9	4.9	14.63	4.6	29.3	4.3	46.9	4.6	23.4	4.6	23.4			4.3	46.9																																									
SPK-0125092	CC(C)(N)[C@H](NC(=O)C1=CC=C(C=C1)C#CC#CCN1C=CN=C1)C(=O)NO	LpxC inhibitors	SPK-0125092-001	1	C000004195			5.6	2.64	5.3	5.27	4.85	23.735	4.55	31.65	4.55	31.65	4.55	31.65			4.55	31.65																																									
SPK-0125091	CC(C)(NC=O)[C@H](NC(=O)C1=CC=C(C=C1)C#CC#CC1CC1)C(=O)NO	LpxC inhibitors	SPK-0125091-001	1	C000004189			5.9	1.36	6.6	0.2745	6.5	0.34	4.55	32.65	5.15	8.17	5.95	1.22	7.1	0.0817	4.55	32.65	6.8	0.163	5.9	1.36	6.2	0.68	6.2	0.68	6.5	0.34	5.6	2.72	5.6	2.72	6.8	0.163	5	10.9	4.7	21.8	1.9	1.94										0.617	5	5	17	26	2.1	1.2	0.096	0.33	100
SPK-0125090	COCC#CC#CC1=CC=C(C=C1)C(=O)N[C@H](C(=O)NO)C(C)(C)O	LpxC inhibitors	SPK-0125090-001	1	C000004187			5.65	2.175	5.65	2.175	4.9	14.505	4.3	46.5	4.6	23.2	4.6	23.2			4.3	46.5																																									
SPK-0125089	CC(C)(O)[C@H](NC(=O)C1=CC=C(C=C1)C#CC#CC1CC1(F)F)C(=O)NO	LpxC inhibitors	SPK-0125089-001	1	C000004167			5.9	1.33	6.2	0.831	6.2	0.664	4.4	42.5	5	10.6	5.6	2.66			4.4	42.5																																									
SPK-0125088	CC(C)(N)[C@H](NC(=O)C1=CC=C(C=C1)C#CC#CC1=CNN=C1)C(=O)NO	LpxC inhibitors	SPK-0125088-001	3	C000004122	9.33	0.00047	6.5	0.342	6.45	0.392	5.9	1.37	4.7	21.9	5.6	2.74	5.6	2.74	5.8	1.655	4.7	21.9	6.8	0.164	4.7	21.9	6.5	0.335					5.2	7.385	4.9	14.82	6.2	0.856	5.05	9.32	4.7	21.9												0.203									
SPK-0125084	CC(C)(N)[C@H](NC(=O)C1=CC=C(C=C1)C#CC#CC1=CC=C(S1)S(N)(=O)=O)C(=O)NO	LpxC inhibitors	SPK-0125084-001	1	C000004098			6.15	0.8165	6.6	0.271	5.25	17.895	4.5	34.7	5.7	2.17	6	1.09			4.5	34.7																																									
SPK-0125083	CC(C)(N)[C@H](NC(=O)C1=CC=C(C=C1)C#CC#CC1=CC=C(S1)C1=CN=CO1)C(=O)NO	LpxC inhibitors	SPK-0125083-001	1	C000004095			5	8.92	7.2	0.0837	5.65	17.917	4.4	35.7	5.4	4.46	6.9	0.134			4.4	35.7																																									
SPK-0125082	CC(C)=CC#CC1=CC=C(C=C1)C(=O)N[C@H](C(=O)NO)C(C)(C)N	LpxC inhibitors	SPK-0125082-001	1	C000004087			6.4	0.379	5.8	1.52	4.9	15.185	4.3	48.6	5.8	1.52	4.9	12.1			4.3	48.6																																									
SPK-0125081	C[C@@H](N)[C@H](NC(=O)C1=CC=C(C=C1)C#CC#CC1=CC=C(CN2CCS(=O)(=O)CC2)C=C1)C(=O)NO	LpxC inhibitors	SPK-0125081-001	1	C000004056			5.4	3.93	6	0.983	5.55	4.4215	4.65	23.6	5.4	4.915	5.85	1.4765			4.65	23.6																																									
SPK-0125080	CC(C)(N)[C@H](NC(=O)C1=CC=C(C=C1)C#CC#CC1=CC=C(CNC2CC2)C=C1)C(=O)NO	LpxC inhibitors	SPK-0125080-001	1	C000004035			5.75	1.685	6.2	0.562	5.45	9.281	4.4	36	5.6	2.25	5	9			4.4	36																																									
SPK-0125079	CC(C)(N)[C@H](NC(=O)C1=CC=C(\\C=C\\C#CC2=CC=CC=C2)C=C1)C(=O)NO	LpxC inhibitors	SPK-0125079-001	1	C000003970			5.9	1.32	6.7	0.2215	6.1	0.894	4.4	42.4	5.9	1.32	5.9	1.32	6.8	0.159	4.4	42.4	6.8	0.159	5.6	2.65	5.9	1.32	5.9	1.32	6.2	0.662	5	10.6	4.7	21.2	6.5	0.331	5	10.6	4.85	15.9	0.994	1.23	2.15	1.26																	
SPK-0125078	C[C@@H](N)[C@H](NC(=O)C1=CC=C(C=C1)C#CC1CC1)C(=O)NO	LpxC inhibitors	SPK-0125078-001	1	C000003969			5.35	4.98	4.3	53.1	4.3	53.1	4.3	53.1	5.2	6.64	4	106			4.3	53.1	4.3	53.1																																							
SPK-0125077	CC(C)(O)[C@H](NC(=O)C1=CC=C(C=C1)C#C\\C=C\\C1=CC=C(F)C=C1)C(=O)NO	LpxC inhibitors	SPK-0125077-001	1	C000003923			5	10.1	6.35	0.473	5.6	2.52	4.4	40.4	5.3	5.05	5.6	2.52			4.1	80.7	5.6	2.52																																							
SPK-0125076	C[C@@H](N)[C@H](NC(=O)C1=CC=C(C=C1)C#CC1=CC=C(COC2CC2)C=C1)C(=O)NO	LpxC inhibitors	SPK-0125076-001	1	C000003920			5.45	3.68	5.9	1.23	5.9	1.23	4.4	39.3	5	9.82	5.3	4.91			4.4	39.3	5.3	4.91																																							
SPK-0125075	CC(C)(N)C(NC(=O)C1=CC=C(C=C1)C#CC#CC1=CC=C(CNC2CC2)C=C1)C(=O)NO	LpxC inhibitors	SPK-0125075-001	1	C000003909			5.75	1.605	6.55	0.3175	5.55	9.223	4.4	36	5.5	2.83	6.1	0.709			4.4	36	5.9	1.12																																							
SPK-0125074	C[C@@H](NCC(=O)NC[C@H](NC(=O)C1=CC=C(C=C1)C#CC1=CC=CC=C1)C(=O)NO)C1=CC=CC=C1	LpxC inhibitors	SPK-0125074-001	1	C000003894			4.8	16.5	5.55	3.095	5.1	8.25	4.5	33	5.1	8.25	5.4	4.13			4.5	33	4.8	16.5																																							
SPK-0125073	C[C@@H](O)[C@H](NC(=O)C1=CC=C(\\C=C\\C#CC2=CC=CC=C2F)C=C1)C(=O)NO	LpxC inhibitors	SPK-0125073-001	1	C000003888			5.5	3.54	6.55	0.273	6.5	0.32	4.4	41.8	5.7	1.85	5.7	1.85			4.4	41.8	5.7	1.85																																							
SPK-0125072	CC(C)(O)[C@H](NC(=O)C1=CC=C(C=C1)C#CC#CC1CC1)C(=O)NO	LpxC inhibitors	SPK-0125072-001	1	C000003885			6	0.987	6.7	0.179	6.6	0.245	4	117.5	5.4	4.105	5.95	1.1715	7.4	0.0441	4.6	23.5	6.8	0.176	6.1	0.734	6.1	0.734	6.4	0.367	6.4	0.367	6.4	0.367	5.5	2.94	7.4	0.0441	6.4	0.367	4.6	29.4	6.79	2.77	6.38	7.66								0.466									
SPK-0125071	C[C@@H](NC(=O)CN[C@H](C)C1=CC=CC=C1)[C@H](NC(=O)C1=CC=C(C=C1)C#C\\C=C\\C1=CC=CC=C1)C(=O)NO	LpxC inhibitors	SPK-0125071-001	1	C000003864			4.5	30.5	5.25	5.715	5.4	3.81	4.5	30.5	4.5	30.5	5.1	7.62			4.5	30.5	4.5	30.5																																							
SPK-0125070	C[C@@H](O)[C@H](NC(=O)C1=CC=C(C=C1)C#CC1=CC=C(O)C=C1)C(=O)NO	LpxC inhibitors	SPK-0125070-001	1	C000003827			5.7	2.115	5.55	3.525	5.2	5.64	4.3	45.2	4.3	45.2	4.3	45.2			4.3	45.2	4.6	22.6																																							
SPK-0125069	C[C@@H](N)[C@H](NC(=O)C1=CC=C(\\C=C\\C#CC2=CC=C(F)C=C2)C=C1)C(=O)NO	LpxC inhibitors	SPK-0125069-001	1	C000003806			5.6	2.62	5.65	2.51	5.4	3.71	4.4	41.9	5.3	5.24	5	10.5			4.4	41.9	4.8	14.8																																							
SPK-0125068	CC(C)(O)[C@H](NC(=O)C1=CC=C(C=C1)C#CC#CC1=CC=C(CNC2CC2)C=C1)C(=O)NO	LpxC inhibitors	SPK-0125068-001	1	C000003796			5.7	1.915	6.35	0.4995	5.9	1.12	4.25	81	5.45	3.58	6.4	0.4455			4.55	26.95	6.2	0.667																			2.04	3.8	1.93																		
SPK-0125067	C[C@@H](NC(=O)CNC1CC1)[C@H](NC(=O)C1=CC=C(C=C1)C#CC#CC1=CC=CC=C1)C(=O)NO	LpxC inhibitors	SPK-0125067-001	1	C000003793			5.6	2.63	6.35	0.519	6.4	0.386	4.5	34.9	4.5	34.9	6	1.09			4.5	34.9	5.8	1.54																																							
SPK-0125066	C[C@@H](N)[C@H](NC(=O)C1=CC=C(C=C1)C#CC1=CC=C(CN2CCCOCC2)C=C1)C(=O)NO	LpxC inhibitors	SPK-0125066-001	1	C000003792			6.15	0.7225	5.85	1.445	5.7	1.87	3.8	142	4.8	17.8	4.9	12.6			3.8	142	5.3	5.28																																							
SPK-0125065	C[C@@H](O)[C@H](NC(=O)C1=CC=C(CCC2=CC=C(C)C=C2)C=C1)C(=O)NO	LpxC inhibitors	SPK-0125065-001	1	C000003788			5.25	7.005	5.45	4.21	5.3	5.61	4.3	44.9	5.3	5.61	4.3	44.9			4.3	44.9	4.6	22.4																																							
SPK-0125064	CC(C)(N)C(NC(=O)C1=CC=C(C=C1)C#CC1=CC=C(CNCC(F)F)C=C1)C(=O)NO	LpxC inhibitors	SPK-0125064-001	2	C000003782			5.9	1.12	6.2	0.562	6.05	0.8945	4.25	54	5.15	6.75	5.3	5.625			4.25	54	5.6	2.25																																							
SPK-0125063	C[C@@H](N)[C@H](NC(=O)C1=CC=C(C=C1)C#CC#CC1=CC=NC=C1)C(=O)NO	LpxC inhibitors	SPK-0125063-001	1	C000003776			6.05	0.98	5.95	1.068	5.8	1.64	4.4	44.2	4.7	22.1	5	11			4.4	44.2	5.3	5.52			5.6	2.76																																			
SPK-0125062	C[C@@H](N)[C@H](NC(=O)C1=CC=C(C=C1)C#CC#CC1=CC(Cl)=CC=C1)C(=O)NO	LpxC inhibitors	SPK-0125062-001	1	C000003765			5.15	7.575	6.05	0.946	5.3	5.05	4.7	20.2	4.7	20.2	5.3	5.05			4.4	40.4	5.9	1.26																																							
SPK-0125061	CC(C)(O)[C@H](NC(=O)C1=CC=C(C=C1)C#C\\C=C\\C1=CC=C(CO)C=C1)C(=O)NO	LpxC inhibitors	SPK-0125061-001	1	C000003761			5.8	1.58	6.6	0.2665	6.5	0.302	3.8	157	6.1	0.771	6.1	0.771			3.8	157	6.25	0.6495																																							
SPK-0125060	CN(C)CC(=O)NC[C@H](NC(=O)C1=CC=C(C=C1)C#C\\C=C\\C1=CC=C(CN2CCOCC2)C=C1)C(=O)NO	LpxC inhibitors	SPK-0125060-001	1	C000002773			5.4	3.75	5.85	1.4035	5.4	3.75	4.2	60	4.5	30	4.8	15			4.2	60	5.7	1.87																																							
SPK-0125059	ONC(=O)[C@H](CNC(=O)CN1CCOCC1)NC(=O)C1=CC=C(C=C1)C#CC1=CC=C(CN2CCOCC2)C=C1	LpxC inhibitors	SPK-0125059-001	1	C000002736			5.1	7.28	5.4	4.55	5.4	3.64	3.9	116	3.9	116	4.2	58.2			3.9	116	5.4	3.64																																							
SPK-0125058	C[C@@H](N)[C@H](NC(=O)C1=CC=C(\\C=C\\C#CC2=CC=C(CNC3CC3)C=C2)C=C1)C(=O)NO	LpxC inhibitors	SPK-0125058-001	1	C000002720			5.9	1.16	5.75	1.735	5.6	2.31	3.8	148	5	9.25	5	9.25			3.8	148	5	9.25																																							
SPK-0125057	NC[C@H](NC(=O)C1=CC=C(C=C1)C#CC#CC1=CC=C(NC(=O)CN)C=C1)C(=O)NO	LpxC inhibitors	SPK-0125057-001	1	C000002696			5.6	2.38	4.7	19.1	4.4	38.1	4.4	38.1	4.4	38.1	4.4	38.1			4.4	38.1	4.4	38.1																																							
SPK-0125056	[H][C@](C)(O)[C@H](NC(=O)C1=CC=C(C=C1)C#CC#CC1=CC=C(NCCCN2CCOCC2)C=C1)C(=O)NO	LpxC inhibitors	SPK-0125056-001	1	C000002693			5.1	7.93	6.3	0.6195	5.7	1.98	4.8	15.9	5.1	7.93	6	0.991			4.8	15.9	6.3	0.495																																							
SPK-0125055	C[C@@H](O)[C@H](NC(=O)C1=CC=C(C=C1)C#CC1=CCCCC1)C(=O)NO	LpxC inhibitors	SPK-0125055-001	1	C000002690			5.05	8.77	5.2	7.31	4.9	11.7	4.3	46.7	5.2	5.84	4.6	23.4			4.3	46.7	5.2	5.84																																							
SPK-0125054	CC(C)C(CO)NCC1=CC=C(C=C1)C#CC1=CC=C(C=C1)C(=O)N[C@@H](CN)C(=O)NO	LpxC inhibitors	SPK-0125054-001	1	C000002685			5.3	4.56	4.1	73	4.4	36.5	3.8	146	3.8	146	3.8	146			3.8	146	4.4	36.5																																							
SPK-0125053	[H][C@](C)(O)[C@]([H])(NC(=O)C1=CC=C(C=C1)C#CC1=CC=C(NC(=O)[C@@H](N)CC2=CC=C(C=C2)C(O)=O)C=C1)C(=O)NO	LpxC inhibitors	SPK-0125053-001	1	C000002677			4.5	29.4	4.2	73.7	4.5	29.4	3.9	118	3.9	118	4.2	58.8			3.9	118	4.2	58.8																																							
SPK-0125052	CC(C)[C@H](N)C(=O)NC1=CC=C(C=C1)C#CC1=CC=C(C=C1)C(=O)N[C@@H]([C@@H](C)O)C(=O)NO	LpxC inhibitors	SPK-0125052-001	1	C000002675			5.7	2.21	4.95	13.27	4.8	17.7	3.8	141	4.5	35.4	4.2	70.7			3.8	141	4.8	17.7																																							
SPK-0125050	[H][C@@](C)(O)[C@H](NC(=O)C1=CC=C(C=C1)C#CC1=C(F)C=C(F)C=C1)C(=O)NO	LpxC inhibitors	SPK-0125050-001	1	C000002671			5.3	5.34	4.55	48.1	3.8	171	3.8	171	5	10.7	3.8	171			3.8	171	5	10.7																																							
SPK-0125049	[H][C@@](C)(O)[C@]([H])(NCC1=CC=C(C=C1)C1=CC=CC=C1)C(=O)NO	LpxC inhibitors	SPK-0125049-001	1	C000002664			4.45	39.95	3.7	213	3.7	213	3.7	213	3.7	213	3.7	213			3.7	213	3.7	213																																							
SPK-0125048	[H][C@](C)(O)[C@]([H])(NC(=O)C1=CC=C(C(OC)=C1)C1=CC=C(CC)C=C1)C(=O)NO	LpxC inhibitors	SPK-0125048-001	1	C000002663			3.8	172	4.55	32.25	4.4	43	3.8	172	4.1	85.9	4.4	43			3.8	172	4.4	43																																							
SPK-0125047	C[C@@H](O)[C@H](NC(=O)C1=CC=C(C=C1)C1=CC=C(Br)C=C1)C(=O)NO	LpxC inhibitors	SPK-0125047-001	1	C000002662			5.45	3.815	4.4	50.85	3.8	163	3.8	163	5	10.2	3.8	163			3.8	163	5	10.2																																							
SPK-0125046	C[C@H](O)[C@H](NC(=O)C1=CC=C(OC(F)(F)F)C=C1)C(=O)NO	LpxC inhibitors	SPK-0125046-001	1	C000002658			4.15	74.5	3.7	199	3.7	199	3.7	199	3.7	199	3.7	199			3.7	199	3.7	199																																							
SPK-0125045	[H][C@](C)(O)[C@]([H])(NC(=O)C1=CC=C(N=C1)C(F)(F)F)C(=O)NO	LpxC inhibitors	SPK-0125045-001	1	C000002648			3.7	208	3.7	208	3.7	208	3.7	208	3.7	208	3.7	208			3.7	208	3.7	208																																							
SPK-0125044	CN(C)CCC(=O)NC[C@H](NC(=O)C1=CC=C(C=C1)C#CC1=CC=C(CN2CCOCC2)C=C1)C(=O)NO	LpxC inhibitors	SPK-0125044-001	1	C000002640			4.8	15.3	4.8	15.3	4.8	15.3	3.9	123	3.9	123	3.9	123			3.9	123	4.8	15.3																																							
SPK-0125043	C[C@@H](N)[C@H](NC(=O)C1=CC=C(C=C1)C#C\\C=C\\C1=CC=C(CN2CCOCC2)C=C1)C(=O)NO	LpxC inhibitors	SPK-0125043-001	1	C000002636			5.9	1.305	6.1	0.764	6	1.08	3.9	138	5.1	8.65	5.2	6.11			3.9	138	6.3	0.54																																							
SPK-0125042	OCC(=O)NC[C@H](NC(=O)C1=CC=C(C=C1)C#CC1=CC=C(CN2CCOCC2)C=C1)C(=O)NO	LpxC inhibitors	SPK-0125042-001	1	C000002632			4.65	24.95	4.65	37.46	5.1	8.32	3.9	133	3.9	133	3.9	133			3.9	133	4.8	16.6																																							
SPK-0125041	CC(C(NC(=O)C1=CC=C(C=C1)C#CC1=CC=C(CN2CCOCC2)C=C1)C(=O)NO)C(F)(F)F	LpxC inhibitors	SPK-0125041-001	1	C000002626			4.8	16.3	5.4	5.105	5.4	4.09	3.9	131	4.8	16.3	5.4	4.09	4.8	16.3	4.2	65.4	5.7	2.04	4.8	16.3																																					
SPK-0125040	CNC[C@H](NC(=O)C1=CC=C(\\C=C\\C#CC2=CC=C(CN3CCOCC3)C=C2)C=C1)C(=O)NO	LpxC inhibitors	SPK-0125040-001	1	C000002621			5.1	8.65	5.3	5.215	5.3	5.215	3.9	173.1	4.5	34.6	4.8	17.3			4.05	103.6	4.85	14.75																																							
SPK-0125039	C[C@@H](O)[C@H](NC(=O)C1=CC=C(C=C1)C#C\\C=C\\C1=CC=C(CN2CCOCC2)C=C1)C(=O)NO	LpxC inhibitors	SPK-0125039-001	1	C000002615			5.7	2.16	6.15	0.8095	6.15	0.8095	4.05	103.5	4.95	12.965	5.8	1.76	5.4	4.31	4.05	103.5	6	1.08	3.9	138	5.1	8.63	5.7	2.16	6	1.08																															
SPK-0125038	C[C@@H](N)[C@H](NC(=O)C1=CC=C(C=C1)C#CC1=CC=C(CN2CCC(O)C2)C=C1)C(=O)NO	LpxC inhibitors	SPK-0125038-001	1	C000002608			5.3	4.58	4.7	18.3	4.7	18.3	3.8	147	4.1	73.3	4.1	73.3			3.8	147	5	9.16																																							
SPK-0125037	NC[C@H](NC(=O)C1=CC=C(C=C1)C#CC1=CC=C(CNC2CCC3=C2C=CC=C3)C=C1)C(=O)NO	LpxC inhibitors	SPK-0125037-001	1	C000002562			5.1	8.54	5.1	8.54	4.8	17.1	3.9	137	4.5	34.1							5.1	8.54																																							
SPK-0125036	NC[C@H](NC(=O)C1=CC=C(C=C1)C#CC1=CC=C(CNCC2OCCO2)C=C1)C(=O)NO	LpxC inhibitors	SPK-0125036-001	1	C000002561			5.45	3.42	4.85	13.66	4.7	18.2	3.8	146	4.1	73							4.7	18.2																																							
SPK-0125035	ONC(=O)C(NC(=O)C1=CC=C(C=C1)C#CC1=CC=C(CN2CCOCC2)C=C1)C1CCNC1	LpxC inhibitors	SPK-0125035-001	1	C000002548			4.8	17.3	4.8	21.625	4.8	17.3	3.9	138	3.9	138							4.5	34.6																																							
SPK-0125034	C[C@@H](N)[C@H](NC(=O)C1=CC=C(C=C1)C#CC1=CC=C(CN2CCC(F)(F)CC2)C=C1)C(=O)NO	LpxC inhibitors	SPK-0125034-001	1	C000002530			5.25	6.375	6.3	0.531	6	1.06	3.9	136	5.1	8.5							6	1.06																																							
SPK-0125033	C[C@@H](N)[C@H](NC(=O)C1=CC=C(C#CC2=CC=C(CN3CCOCC3)C=C2)C(F)=C1)C(=O)NO	LpxC inhibitors	SPK-0125033-001	1	C000002527			5.9	1.33	5.85	1.65	5.7	2.2	3.9	141	4.9	12.4	5.5	3.11	4.8	17.6	3.9	141	6.3	0.55	3.9	141	5.8	1.795	5.75	3.385																																	
SPK-0125032	C[C@@H](N)[C@H](NC(=O)C1=CC=C(C=C1)C#CC1=CC=C(CNC2CC2)C=C1)C(=O)NO	LpxC inhibitors	SPK-0125032-001	3	C000002525			6.15	0.673	5.6	2.46	5.6	2.46	3.95	117.85	4.7	19.7	5	9.84	4.1	98.2	3.8	157	5.6	2.46	3.8	157	5.9	1.23	5.3	4.92	5.3	4.92																															
SPK-0125031	C[C@@H](O)[C@H](NC(=O)C1=CC=C(C=C1)C#CC1=CC=C(CN2CCOCC2)S1)C(=O)NO	LpxC inhibitors	SPK-0125031-001	1	C000002494			5.3	4.51	5.6	2.25	5.6	2.25	3.8	144	4.4	36.1							5.6	2.25																																							
SPK-0125030	ONC(=O)CNC(=O)C1=CC=C(C=C1)C#CC1=CC=C(CN2CCOCC2)C=C1	LpxC inhibitors	SPK-0125030-001	1	C000002444			4.25	61	4.25	61	4.4	40.7	3.8	163	3.8	163							4.4	40.7																																							
SPK-0125029	C[C@@H](O)[C@H](NC(=O)C1=CC=C(C=C1)C1CCN(CC1)C1=CC=C(CN2CCOCC2)C=C1)C(=O)NO	LpxC inhibitors	SPK-0125029-001	1	C000002442			4.2	64.4	3.9	129	3.9	129	3.9	129	3.9	129							3.9	129																																							
SPK-0125028	NC[C@H](NC(=O)C1=CN=C(C=C1)C#CC1=CC=C(CN2CCC(CC2)C2=CC=C(F)C=C2)C=C1)C(=O)NO	LpxC inhibitors	SPK-0125028-001	1	C000002410			4.6	26.45	5	11	4.8	15.5	3.9	124	4.05	93.05							4.8	15.5																																							
SPK-0125027	COCCN(C)CC1=CC=C(C=C1)C#CC1=CC=C(C=C1)C(=O)N[C@@H](CN)C(=O)NO	LpxC inhibitors	SPK-0125027-001	1	C000002381			4.95	11.36	4.9	13.3	4.7	18.8	3.8	151	4.05	102.15							4.7	18.8																																							
SPK-0125026	CC1CN(CC2=CC=C(C=C2)C#CC2=CC=C(C=C2)C(=O)N[C@@H](CN)C(=O)NO)CC(C)O1	LpxC inhibitors	SPK-0125026-001	1	C000002378			4.8	17.8	5.55	3.33	5.4	4.44	3.8	142	4.25	53.25							5.1	8.88																																							
SPK-0125025	NC[C@H](NC(=O)C1=CC=C(C=C1)C#CC1=CC=C(CN2CCC(O)CC2)C=C1)C(=O)NO	LpxC inhibitors	SPK-0125025-001	1	C000002377			5.3	4.58	4.7	18.3	4.1	73.3	4.1	73.3	4.1	73.3							4.4	36.7																																							
SPK-0125024	NC[C@H](NC(=O)C1=CC=C(C=C1)C#CC1=CC=C(CN2CCC(CC2)C(N)=O)C=C1)C(=O)NO	LpxC inhibitors	SPK-0125024-001	1	C000002374			5.1	8.63	4.65	25.9	4.5	43.15	4.2	69	4.2	69							4.2	69																																							
SPK-0125023	NCC[C@H](NC(=O)C1=CC=C(C=C1)C#CC1=CC=C(CN2CCOCC2)C=C1)C(=O)NO	LpxC inhibitors	SPK-0125023-001	1	C000002373			4.4	36.7	4.8	15.65	4.6	25.9	3.8	147	4.1	73.3							3.8	147																																							
SPK-0125022	ONC(=O)[C@H](CC(O)=O)NC(=O)C1=CC=C(C=C1)C#CC1=CC=C(CN2CCOCC2)C=C1	LpxC inhibitors	SPK-0125022-001	1	C000002372			3.8	142	3.8	142	3.8	142	3.8	142	3.65	213							3.8	142																																							
SPK-0125021	CCCCC1=CC=C(C=C1)C(=O)N[C@@H]([C@@H](C)O)C(=O)NO	LpxC inhibitors	SPK-0125021-001	1	C000002215			4	109	3.7	217	3.7	217	3.7	217	4.6	27.2							3.7	217																																							
SPK-0125020	C[C@@H](O)[C@H](NC(=O)C1=CC=C(C=C1)C#CC1=CC=C(CN2CCC(CC2)C(=O)N2CCOCC2)C=C1)C(=O)NO	LpxC inhibitors	SPK-0125020-001	1	C000002210			4.8	14.6	4.8	14.6	4.7	20.6	3.9	117	4.05	87.65							4.8	14.6																																							
SPK-0125019	CCN(CC)C1CCN(CC2=CC=C(C=C2)C#CC2=CC=C(C=C2)C(=O)N[C@@H]([C@@H](C)O)C(=O)NO)CC1	LpxC inhibitors	SPK-0125019-001	1	C000002189			4.5	31.6	4.2	63.2	3.9	126	3.9	126	4.2	78.8							4.95	17.775					5.7	1.97																																	
SPK-0125018	COC1=C(C=CC=C1)C1CCN(CC2=CC=C(C=C2)C#CC2=CC=C(C=C2)C(=O)N[C@@H]([C@@H](C)O)C(=O)NO)CC1	LpxC inhibitors	SPK-0125018-001	1	C000002165			4.5	29.5	5.25	5.535			3.9	118	4.05	88.55							6.15	1.0405					6.6	0.231																																	
SPK-0125017	C[C@@H](O)[C@H](NC(=O)C1=CC=C(C=C1)C#CC1=CC=C(CN2CCC3CCCCC3C2)C=C1)C(=O)NO	LpxC inhibitors	SPK-0125017-001	1	C000002164			4.8	16.3	5.4	4.08			3.9	131	4.05	98.2							6.6	0.317					6.9	0.123																																	
SPK-0125016	C[C@@H](O)[C@H](NC(=O)C1=CC=C(C=C1)C#CC1=CC(CN2CCOCC2)=CC=C1)C(=O)NO	LpxC inhibitors	SPK-0125016-001	1	C000002156			4.4	36.6	4.7	22.87			4.1	73.1	4.1	73.1							5.75	2.5705					6.2	0.571																																	
SPK-0125015	C[C@@H](O)[C@H](NC(=O)C1=CC=C(C=C1)C#CC1=CC=C(CN2CCCC(C)C2)C=C1)C(=O)NO	LpxC inhibitors	SPK-0125015-001	1	C000002152			5.1	8.9	5.1	8.9			3.8	142	3.95	106.6							6	1.388					6.6	0.278																																	
SPK-0125014	C[C@@H](O)[C@H](NC(=O)C1=CC=C(C=C1)C#CC1=CC=C(CN2CCCCC2)C=C1)C(=O)NO	LpxC inhibitors	SPK-0125014-001	1	C000002127			5	9.18	5	9.18	5	9.18	3.8	147	4.1	73.5							5.3	4.59					6.2	0.574																																	
SPK-0125013	C[C@@H](O)[C@H](NC(=O)C1=CC=C(C=C1)C#CC1=CC=C(CN2CCC(CC3=CC=CC=C3)CC2)C=C1)C(=O)NO	LpxC inhibitors	SPK-0125013-001	1	C000002125			4.7	21.5	5.7	1.9	5.7	1.9	3.9	122	4.2	60.9							6	0.951					6.6	0.238																																	
SPK-0125012	C[C@H](O)[C@@H](NC(=O)C1=CC=C(C=C1)C#CC1=CC=C(CN(C)CC(=O)N(C)C)C=C1)C(=O)NO	LpxC inhibitors	SPK-0125012-001	1	C000002012			3.9	137	3.9	137			3.9	137			3.6	274	3.9	137	3.9	137	3.9	137	3.9	137			3.9	137																																	
SPK-0125011	COCCN(C)CC1=CC=C(C=C1)C#CC1=CC=C(C=C1)C(=O)N[C@H]([C@H](C)O)C(=O)NO	LpxC inhibitors	SPK-0125011-001	1	C000002008			3.8	146	3.8	146			3.8	146			3.5	291	3.8	146	3.8	146	3.8	146	3.8	146			3.8	146																																	
SPK-0125010	C[C@H](O)[C@@H](NC(=O)C1=CC=C(C=C1)C#CC1=CC=C(CN2CCC(O)CC2)C=C1)C(=O)NO	LpxC inhibitors	SPK-0125010-001	1	C000001997			3.8	142	3.8	142			3.8	142			3.5	283	3.8	142	3.8	142	3.8	142	3.8	142			3.8	142																																	
SPK-0125009	C[C@H](O)[C@@H](NC(=O)C1=CC=C(C=C1)C#CC1=CC=C(CN(CCO)CCO)C=C1)C(=O)NO	LpxC inhibitors	SPK-0125009-001	1	C000001996			3.9	141	3.75	211			3.9	141			3.9	141	3.9	141	3.9	141	3.9	141	3.9	141			3.9	141																																	
SPK-0125008	CCN(CCO)CC1=CC=C(C=C1)C#CC1=CC=C(C=C1)C(=O)N[C@H]([C@H](C)O)C(=O)NO	LpxC inhibitors	SPK-0125008-001	1	C000001995			3.8	146	3.8	146			3.8	146			3.5	291	3.8	146	3.8	146	3.8	146	3.8	146			3.8	146																																	
SPK-0125007	ONC(=O)C1CCCCN1S(=O)(=O)C1=CC=C(C=C1)C#CC1=CC=C(CN2CCOCC2)C=C1	LpxC inhibitors	SPK-0125007-001	1	C000001978			3.9	132	3.9	132			3.9	132			3.9	132	3.9	132	3.9	132	4.5	33.1	3.9	132			4.8	16.5																																	
SPK-0125006	ONC(=O)C1CNCCN1S(=O)(=O)C1=CC=C(C=C1)C#CC1=CC=C(CN2CCOCC2)C=C1	LpxC inhibitors	SPK-0125006-001	1	C000001977			3.9	132	3.9	132			3.9	132			3.6	264	3.9	132	3.9	132	3.9	132	3.9	132			3.9	132																																	
SPK-0125005	ONC(=O)[C@@H]1CCN1S(=O)(=O)C1=CC=C(C=C1)C#CC1=CC=C(CN2CCOCC2)C=C1	LpxC inhibitors	SPK-0125005-001	1	C000001975			4.2	70.2	4.35	78.8			3.9	140			4.2	70.2	3.9	140	3.9	140	5.4	4.39	3.9	140			5.4	4.39																																	
SPK-0125004	CC(O)[C@H](NS(=O)(=O)C1=CC=C(C=C1)C#CC1=CC=C(CN2CCOCC2)C=C1)C(=O)NO	LpxC inhibitors	SPK-0125004-001	1	C000001970			4.2	67.6	4.2	67.6	4.2	67.6	3.9	135	4.2	67.6	3.9	135	3.9	135	3.9	135	4.65	25.35	3.9	135			5.1	8.45																																	
SPK-0125003	C[C@@H](O)[C@H](NC(=O)C1=CC=C(C=C1)C#CC1=CC=C(CN(C)C2CCN(C)C2)C=C1)C(=O)NO	LpxC inhibitors	SPK-0125003-001	1	C000001962			4.5	34.4	3.9	138			3.9	138			3.6	276	3.9	138	3.9	138	5.1	8.61	3.9	138			5.1	8.61																																	
SPK-0125002	OC[C@@H](NC(=O)C1=CC=C(C=C1)C#CC1=CC=C(CN2CCOCC2)C=C1)C(=O)NO	LpxC inhibitors	SPK-0125002-001	1	C000001934			4.4	37.8	4.4	80.225			3.8	151			3.8	151	3.8	151	3.8	151	5.6	2.36	3.8	151			5.6	2.36																																	
SPK-0125001	ONC(=O)[C@H](CC1=CC=C(O)C=C1)NC(=O)C1=CC=C(C=C1)C#CC1=CC=C(CN2CCOCC2)C=C1	LpxC inhibitors	SPK-0125001-001	1	C000001923			4.5	32	4.8	34.05			3.9	128			4.5	32	3.9	128	3.9	128	5.7	2	3.9	128			6.3	0.5																																	
SPK-0125000	CC(C)(N)[C@H](NC(=O)C1=CC=C(C=C1)C#CBr)C(=O)NO	LpxC inhibitors	SPK-0125000-002	1	C000018576, C000049941	6.795	0.508	6.4	0.378	4.8	17.1	4.2	68.3															5.4	4.27																																			
SPK-0124998	COC1(CS(=O)(=O)C1)[C@H](NC(=O)C1=CC=C(C=C1)C#CC#CCCOP(O)(O)=O)C(=O)NO	LpxC inhibitors	SPK-0124998-001	1	C000050701																																																			4.5	4.5	31	95	4.3	0.11	1.4	8.3	
SPK-0124997	CC(C)(OCOP(O)(O)=O)[C@@H](NC(=O)C1=CC=CC=C1)C(=O)NO	LpxC inhibitors	SPK-0124997-001	1	C000050615																																																			1.035	1.05	5	18	15	2.1			
SPK-0124996	CO[C@]1(CCS(=O)(=O)C1)[C@@H](NC(=O)C1=CC=C(C=C1)C#CC#CCCO)C(=O)NO	LpxC inhibitors	SPK-0124996-001	1	C000050570	7.39	0.041	4.1	73.7	3.8	147	3.8	147																																										42.2									
SPK-0124995	COC1(CS(=O)(=O)C1)C(NC(=O)C1=CC=C(C=C1)C#CC#CCCOP(O)(O)=O)C(=O)NO	LpxC inhibitors	SPK-0124995-001	1	C000050550																																																			2.75	2.75	18.5	52.5	4.3	0.41	1.35	6.4	
SPK-0124994	COCCC#CC#CC1=CC=C(C=C1)C(=O)NC(C(=O)NO)C1(CS(=O)(=O)C1)OC	LpxC inhibitors	SPK-0124994-001	1	C000050546	9.25	0.00056	5.3	4.6	6.2	0.575	5.5	3.25																															8.22	7.49										2.14									
SPK-0124993	CN(C)C1(CS(=O)(=O)C1)C(NC(=O)C1=CC=C(C=C1)C#CC#CCCO)C(=O)NO	LpxC inhibitors	SPK-0124993-001	1	C000050545	8.11	0.0077	5	9.23	5	9.23	4.4	36.9																															25.3	21.4										6.06									
SPK-0124992	NC1(CS(=O)(=O)C1)C(NC(=O)C1=CC=C(C=C1)C#CC#CCCO)C(=O)NO	LpxC inhibitors	SPK-0124992-001	1	C000050542	8.77	0.0017	4.4	39.5	5	9.87	4.4	39.5																																										24.2									
SPK-0124991	COC(C)(C)[C@H](NC(=O)C1=CC=C(C=C1)C#CC#CC1CN(C1)C=O)C(=O)NO	LpxC inhibitors	SPK-0124991-001	1	C000050536	8.27	0.0054	5.45	3.775	5.9	1.26	5.3	5.03																																										2.64									
SPK-0124990	COC1(CS(=O)(=O)C1)C(NC(=O)C1=CC=C(C=C1)S(F)(F)(F)(F)F)C(=O)NO	LpxC inhibitors	SPK-0124990-001	1	C000050525	8.74	0.0018	5.1	8.8	3.9	141	3.9	141																															19.9	29.9										6.5									
SPK-0124989	ONC(=O)C(NC(=O)C1=CC=C(C=C1)S(F)(F)(F)(F)F)C1(CNC1)OCC1CC1	LpxC inhibitors	SPK-0124989-001	1	C000050512	6.8	0.16	4.8	14.3	3.9	114	3.9	114																																										9.85									
SPK-0124988	CCN1CC(C1)C#CC#CC1=CC=C(C=C1)C(=O)N[C@H](C(=O)NO)C(C)(C)N	LpxC inhibitors	SPK-0124988-001	1	C000050505	7.48	0.033	6	1.07	5.7	2.14	5.7	2.14																															46.4	54.2										1.98	2.7	2.7	13	25	3.6	5.4	1.5	6.9	6.8
SPK-0124987	ONC(=O)[C@@H](NC(=O)C1=CC=C(C=C1)S(F)(F)(F)(F)F)[C@@]1(O)CCNC1	LpxC inhibitors	SPK-0124987-001	1	C000050504	7.31	0.049	5.4	3.85	3.9	123	3.9	123																															43.5	43.3										2.3									
SPK-0124986	CCC1(CNC1)[C@H](NC(=O)C1=CC=C(C=C1)S(F)(F)(F)(F)F)C(=O)NO	LpxC inhibitors	SPK-0124986-001	1	C000050492	6.68	0.21	5.4	3.87	3.9	124	3.9	124																															42.9	34.3										2.64									
SPK-0124985	CSC1(CNC1)C(NC(=O)C1=CC=C(C=C1)S(F)(F)(F)(F)F)C(=O)NO	LpxC inhibitors	SPK-0124985-001	1	C000050488	6.68	0.21	5.4	3.74	3.9	120	3.9	120																															34.5	31.3										2.3									
SPK-0124984	COC1(CNC1)C(NC(=O)C1=C(F)C=C(C=C1)C(F)(F)F)C(=O)NO	LpxC inhibitors	SPK-0124984-001	1	C000050483			4.2	66.8	3.9	134	3.9	134																																										42.2									
SPK-0124983	CC#CC1=CC=C(C=C1)C(=O)N[C@H](C(=O)NO)C(C)(C)NC1CC(O)C1	LpxC inhibitors	SPK-0124983-001	1	C000050460	7.66	0.022	5.7	2.11	4.5	33.8	3.9	135																															57.3	65.1										1.41									
SPK-0124982	COC1(CN(C)C1)C(NC(=O)C1=CC=C(C=C1)C#CC#CC)C(=O)NO	LpxC inhibitors	SPK-0124982-001	1	C000050456	7.12	0.076	5.2	5.63	4.2	63.7	3.7	180																															23.7	22.4										4.29									
SPK-0124980	CC#CC#CC1=CC=C(C=C1)C(=O)N[C@H](C(=O)NO)C(C)(C)NC=O	LpxC inhibitors	SPK-0124980-001	1	C000050421	8.48	0.0033	5.5	2.93	6	1.04	4.9	11.7																															12.4	11.6										1.23	2.7	2.7	12	22	3.8	1.1	0.31	1.5	32
SPK-0124979	CC#CC#CC1=CC=C(C=C1)C(=O)N[C@H](C(=O)NO)C(C)(C)N	LpxC inhibitors	SPK-0124979-001	1	C000050417	8.8	0.0016	6.8	0.167	6.2	0.6275	5.6	2.51																															20.5	14.7										0.10985	3.2	3.2	9.8	17	3.2	2.7	0.47	1.4	21
SPK-0124978	OCCC#CC#CC1=CC=C(C=C1)C(=O)NC(C(=O)NO)C1(O)CS(=O)(=O)C1	LpxC inhibitors	SPK-0124978-001	1	C000050415	8.89	0.0013	4.1	78.7	4.7	19.7	4.1	78.7																																										34.3									
SPK-0124977	OCCC#CC#CC1=CC=C(C=C1)C(=O)NC(C(=O)NO)C1(O)COC1	LpxC inhibitors	SPK-0124977-001	1	C000050386	8.13	0.0074	4.9	12.3	4.8	17.4	4.2	69.4																															33.5	25.9										5.41	4.6	4.6	21.5	33	2.8	0.85	1.08	5.1	12
SPK-0124976	CC#CC1=CC=C(C=C1)N1C[C@H](C[C@](C)(C(=O)NO)S(C)(=O)=O)OC1=O	LpxC inhibitors	SPK-0124976-001	1	C000050381	8.1	0.0079	5.5	3.03	5.2	6.07	4.5	34.3																															25.8	23.3										1.75	2.1	2.1	11	19	4.9	0.8	0.48	2.6	21
SPK-0124975	CN(C)CCC(C)(O)[C@@H](NC(=O)C1=CC=C(C=C1)C#CC#CCCO)C(=O)NO	LpxC inhibitors	SPK-0124975-001	1	C000050372, C000050379			3.7	292.4	3.45	372.5	3.3	497																															56.8	53.6										132.595	7.2	7.1	30	43	0.69	0.52	3.8	16	1.3
SPK-0124974	CC#CC1=CC=C(C=C1)C(=O)NC(C(=O)NO)C1(O)CNC1	LpxC inhibitors	SPK-0124974-001	1	C000050367	6.25	0.56	4.4	38.3	3.8	153	3.8	153																																										16									
SPK-0124973	COC1(CN(C)C1)C(NC(=O)C1=CC=C(C=C1)C#CC#CCCO)C(=O)NO	LpxC inhibitors	SPK-0124973-001	1	C000050351	6.82	0.15	5.1	8.01	3.9	128	3.3	513																																										6.96									
SPK-0124972	OCCC#CC#CC1=CC=C(C=C1)C(=O)N[C@H](C(=O)NO)C1(O)CNC1	LpxC inhibitors	SPK-0124972-001	1	C000050332			4.9	12	4.3	48	3.6	272																																										13.9									
SPK-0124971	CC#CC1=CCN(CC1)C(=O)N[C@H](C(=O)NO)C(C)(C)N	LpxC inhibitors	SPK-0124971-001	1	C000050308	6.26	0.55	5	9.79	3.2	627	3.2	627															5.3	4.9															75.7	88.2						2	16	1	32	6.28									
SPK-0124970	CC(C)(N)[C@H](NC(=O)C1=CC(F)=C(F)C=C1)C(=O)NO	LpxC inhibitors	SPK-0124970-001	1	C000050304	6.06	0.87	5	9.97	3.8	159	3.2	638																																										7.46									
SPK-0124969	CCC(C)NC(C)(C)[C@H](NC(=O)C1=CC=C(C=C1)C#CC)C(=O)NO	LpxC inhibitors	SPK-0124969-001	1	C000050291	6.82	0.15	4.8	17.4	4.8	17.4	4.3	49.3																																										13									
SPK-0124968	CC(C)(N)[C@H](NC(=O)C1CCC(Cl)=CC1)C(=O)NO	LpxC inhibitors	SPK-0124968-001	1	C000050283	5.77	1.7	4.7	19.8	3.6	224	3.2	634																																										13.9									
SPK-0124967	CC(C)(N)[C@H](NC(=O)C1CCC(Cl)(Cl)CC1)C(=O)NO	LpxC inhibitors	SPK-0124967-001	1	C000050282	6	1	4.7	18.2	3.4	411	3.2	581																																										12.1									
SPK-0124966	ONC(=O)C(NC(=O)C1=CC=C(Br)C=C1)C1(O)CNC1	LpxC inhibitors	SPK-0124966-001	1	C000050277	5.43	3.7	4.2	65.8	3.1	744	3.1	744																															42	48.8										27.2									
SPK-0124965	CN1N=NC(C)=C1C(NC(=O)C1=CC=C(C=C1)C#CC#CCCO)C(=O)NO	LpxC inhibitors	SPK-0124965-001	1	C000050251	8.26	0.0055	4.6	22.8	5.1	8.07	4.5	32.3																																										13.9									
SPK-0124964	CC(C)(N)[C@H](NC(=O)N1CCCCCC1)C(=O)NO	LpxC inhibitors	SPK-0124964-001	1	C000050248	4.8	16	3.7	193	3.1	770	3.1	770																																										88.4									
SPK-0124963	CC(C)(N)[C@H](NC(=O)N1CCN(CC(F)(F)F)CC1)C(=O)NO	LpxC inhibitors	SPK-0124963-001	1	C000050239	4.405	71	3.6	281	3.3	562	3.3	562																																										128									
SPK-0124962	CC[C@H]1CC[C@@H](CC1)C(=O)N[C@H](C(=O)NO)C(C)(C)N	LpxC inhibitors	SPK-0124962-001	1	C000050223	6.23	0.59	4.3	46.3	3.3	524	3.1	741																															58.3	55.7										18.4									
SPK-0124961	CC(C)(N)[C@H](NC(=O)C1CCC2(CCC2)CC1)C(=O)NO	LpxC inhibitors	SPK-0124961-001	1	C000050222	5.72	1.9	4.1	77.8	3.4	440	3.2	622																															41.9	49.9										61.1									
SPK-0124960	CC(C)([C@H](NC(=O)C1=CC=C(C=C1)C#CC#CCCO)C(=O)NO)S(=O)(=O)C1CCC1	LpxC inhibitors	SPK-0124960-001	1	C000050212	8.35	0.0045	5.5	3.17	5.6	2.24	4.9	12.7																															14.9	15										1.87									
SPK-0124959	CC(C)(NS(C)(=O)=O)[C@H](NC(=O)C1=CC=C(C=C1)C#CC#C[C@H]1C[C@@H]1CO)C(=O)NO	LpxC inhibitors	SPK-0124959-001	1	C000050205	8.83	0.0016	5.7	2.23	6.4	0.395	6	1.12																															5.77	6.52										1.52									
SPK-0124958	CCC(=O)N1CC(C1)C#CC#CC1=CC=C(C=C1)C(=O)N[C@H](C(=O)NO)C(C)(C)O	LpxC inhibitors	SPK-0124958-001	1	C000050189	9	0.00099	5.4	3.86	6.1	0.859	5.3	4.86															5.6	2.43															20.6	19.4						1	4	0.25	4	2.55									
SPK-0124957	OCCC#CC#CC1=CC=C(C=C1)C(=O)N[C@@H]([C@H]1COCC(=O)N1)C(=O)NO	LpxC inhibitors	SPK-0124957-001	1	C000050174	7.48	0.033	3.8	166	3.8	166	3.8	166																																										64									
SPK-0124956	CN1N=CC(C)=C1C(NC(=O)C1=CC=C(C=C1)C#CC#CCCO)C(=O)NO	LpxC inhibitors	SPK-0124956-001	1	C000050166	7.54	0.029	5	10.5	4.8	14.9	3.8	168																															17.5	12.8										6.06									
SPK-0124955	CC(C)(N)[C@H](NC(=O)C1CCCCC1)C(=O)NO	LpxC inhibitors	SPK-0124955-001	1	C000050165	4.72	19	4	101	3.1	807	3.1	807																															82.7	90.5										46.8									
SPK-0124954	CC(C)([C@H](NC(=O)C1=CC=C(C=C1)C#CC#CCCO)C(=O)NO)S(=O)(=O)C1=NC=CC=C1	LpxC inhibitors	SPK-0124954-001	1	C000050144	6.97	0.106	4.3	48.2	4.6	24.1	3.9	136																																										34.3									
SPK-0124953	CC(C)(O)[C@H](NC(=O)C1=CC=C(C=C1)C#CC#CC1CN(C1)S(N)(=O)=O)C(=O)NO	LpxC inhibitors	SPK-0124953-001	1	C000050071	8.18	0.0066	5.4	3.65	5.9	1.29	5.3	5.16																															16.6	24.8										3.73									
SPK-0124952	CN1C=C(N=N1)[C@](C)(O)[C@H](NC(=O)C1=CC=C(C=C1)C#CC#CC1CN(CCO)C1)C(=O)NO	LpxC inhibitors	SPK-0124952-001	1	C000050060	8.92	0.0012	4.7	19.5	4.9	13.8	4.7	19.5															5.5	3.45															49	52.7										17.2									
SPK-0124951	CC(C)S(=O)(=O)C(C)(C)[C@H](NC(=O)C1=CC=C(C=C1)C#CC#CC1CN(CCO)C1)C(=O)NO	LpxC inhibitors	SPK-0124951-001	1	C000050052			5.5	3.31	5.8	1.66	5.3	4.69															5.35	13.664															24.2	28.9										3.48									
SPK-0124950	CC(C)([C@H](NC(=O)C1=CC=C(C=C1)C#CC#CC1CN(CCO)C1)C(=O)NO)S(N)(=O)=O	LpxC inhibitors	SPK-0124950-001	1	C000050042	5.3	5	4	111	4	111	4	111																																										64									
SPK-0124949	CCC1=CC=C(C=C1)C(=O)N[C@H](C(=O)NO)C(C)(C)S(C)(=O)=O	LpxC inhibitors	SPK-0124949-001	1	C000050039	6.67	0.214	4.2	70.1	3.9	140	3.9	140																																										42.2									
SPK-0124948	C[C@@H](O)[C@H](NC(=O)C1=CC=C(OC(F)(F)F)C=C1)C(=O)NO	LpxC inhibitors	SPK-0124948-001	1	C000002657, C000050037	6.85	0.141	4.3	49.7	3.7	199	3.75	173	3.7	199	3.7	199	3.7	199			3.7	199	3.7	199																														27.9									
SPK-0124947	CC(C)(N)[C@H](NC(=O)C1=CN(CC2=CC=CC=C2)N=C1)C(=O)NO	LpxC inhibitors	SPK-0124947-001	1	C000050028			3.8	144	3.8	144	3.8	144																																										64									
SPK-0124946	NC1(COC1)[C@@H](NC(=O)C1=CC=C(C=C1)C#CC#CC1CN(CCO)C1)C(=O)NO	LpxC inhibitors	SPK-0124946-001	1	C000050025	7.7	0.02	3.9	122	4.2	60.8	3.9	122																																										64									
SPK-0124945	CC(C)(N)[C@H](NC(=O)C1=CC=C(C=C1)N1C=CC=N1)C(=O)NO	LpxC inhibitors	SPK-0124945-001	1	C000050019	6.68	0.21	5	9.27	3.8	148	3.8	148																															58.3	69.1										5.66									
SPK-0124944	CC(C)(N)[C@H](NC(=O)C1=CC2=C(OCC2)C=C1)C(=O)NO	LpxC inhibitors	SPK-0124944-001	1	C000050016	6	1	4.1	78.6	3.8	157	3.8	157																																										48.5									
SPK-0124942	CCC1=CC=C(C=C1)C(=O)N[C@H](C(=O)NO)C(C)(C)N	LpxC inhibitors	SPK-0124942-001	1	C000049996	5.87	2.775	5.6	2.54	3.8	163	3.8	163																															55.9	46.9				934	0.98					1.62									
SPK-0124941	CC(C)(O)[C@H](NC(=O)C1CC1C1=CC=C(C=C1)C#CC#CC1CN(CCO)C1)C(=O)NO	LpxC inhibitors	SPK-0124941-001	1	C000049979, C000049986	7.925	0.012	4.5	28.9	4.5	28.9	4.5	28.9																															11.115	8.145										16									
SPK-0124940	CC1=CC(=NO1)[C@H](O)[C@H](NC(=O)C1=CC=C(C=C1)C#CC#CC1CN(CCO)C1)C(=O)NO	LpxC inhibitors	SPK-0124940-001	1	C000049978	8.09	0.0082	4.5	28.2	4.5	28.2	4.5	28.2																																										16									
SPK-0124939	CC(C)(O)[C@H](NC(=O)C1=CC=C(C=C1)C#CC#CC1CN(C1)C(=O)C1(N)CC1)C(=O)NO	LpxC inhibitors	SPK-0124939-001	1	C000049970	8.68	0.0021	4.8	14.5	5	10.2	4.7	20.5																															40.9	21.1										13.9									
SPK-0124938	CC(C)(NC1COC1)[C@H](NC(=O)C1=CC=C(C=C1)C#C)C(=O)NO	LpxC inhibitors	SPK-0124938-001	1	C000049961			4.1	81.8	3.8	164	3.8	164															4.7	20.4																				2180						42.2									
SPK-0124937	CC(C)(NC1COC1)[C@H](NC(=O)C1=CC=C(C=C1)C#CC#CC1CN(CCO)C1)C(=O)NO	LpxC inhibitors	SPK-0124937-002	2	C000049957			5	9.95	5.5	3.52	5.2	7.04																																										8.57									
SPK-0124936	[H][C@@]12CN(CCO)C[C@]1([H])[C@H]2C#CC#CC1=CC=C(C=C1)C(=O)N[C@H](C(=O)NO)C(C)(C)O	LpxC inhibitors	SPK-0124936-001	1	C000049952			5.6	2.45	6.3	0.515	5.7	2.06					5.7	2.06	4.5	33					4.5	33	6	1.03									5.7	2.06					9.78	8.77						0.5	2	0.063	4	2									
SPK-0124935	CC(C)(O)[C@H](NC(=O)C1=CC=C(C=C1)C#CC#CC1CN(C1)C1CC(O)C1)C(=O)NO	LpxC inhibitors	SPK-0124935-001	1	C000049946			5.4	4.12	5.9	1.3	5.5	2.91					5.4	4.12	4.5	33					4.5	33	6	1.03									5.7	2.06					35.7	33.1				123	0.95	0.5	2	0.13	4	2.68	3.9	3.9	21	39	2.7	0.74	1.3	6.9	7.8
SPK-0124934	CC(C)(N)[C@@H](NC(=O)C1=CC=C(C=C1)C#CC#C[C@H]1C[C@@H]1CO)C(=O)NO	LpxC inhibitors	SPK-0124934-001	1	C000049932			4.7	21.7																			3.8	173																14.5				64.3	0.97														
SPK-0124933	CC1=CC=C(C=N1)C1=CC=C(C=C1)C(=O)N[C@H](C(=O)NO)C(C)(C)N	LpxC inhibitors	SPK-0124933-001	1	C000049928	6.87	0.135	4.5	35.1																			4.5	35.1																																			
SPK-0124932	CC(C)(N)[C@H](NC(=O)C1=CC=C(C=C1)C1=CC=C(C=C1)C#N)C(=O)NO	LpxC inhibitors	SPK-0124932-001	1	C000049926	8.26	0.0055	5.8	1.7																			5.05	10.205																																			
SPK-0124931	CC(CCN1C=CC(=CC1=O)C#CC#C[C@H]1C[C@@H]1CO)(C(=O)NO)S(C)(=O)=O	LpxC inhibitors	SPK-0124931-001	1	C000049923	8.72	0.0019	5.9	1.23																			4.95	12.44																				336	0.59														
SPK-0124930	CC(N)([C@H](NC(=O)C1=CC=C(C=C1)C#CC#C[C@@H]1C[C@H]1CO)C(=O)NO)C(F)(F)F	LpxC inhibitors	SPK-0124930-001	1	C000005242, C000005243			5	9.45	6.15	0.8925	5.15	7.085	4.7	18.9			4.7	18.9	5	9.45					4.7	18.9																												4									
SPK-0124929	CC(N[C@H](C(=O)NO)C(C)(C)N)C1=CC=C(C=C1)C#CC#CC1CC1	LpxC inhibitors	SPK-0124929-001	1	C000004703, C000004706			4.9	11.8	5.35	4.42	4.6	29.45	4.6	23.6	4.45	35.35	5.2	5.89	5.2	5.89																																											
SPK-0124928	CC(C)(O)[C@H](NC(=O)C1=CC=C(C=C1)C#CC#CC1CC(C1)N1CC[C@H](O)C1)C(=O)NO	LpxC inhibitors	SPK-0124928-001	1	C000049908	8.36	0.00435	5.7	2.03																			4.5	28.9																				329	0.95														
SPK-0124927	CC(C)(N)[C@H](NC(=O)C1=CC=C(C=C1)C#CC#CC1=CNC(=O)C=C1)C(=O)NO	LpxC inhibitors	SPK-0124927-001	1	C000005375			5.3	5.1	6.2	1.3515			4.1	81.5																																																	
SPK-0124926	CN[C@H](C)[C@H](NC(=O)C1=CC=C(C=C1)C#CC#CCO)C(=O)NO	LpxC inhibitors	SPK-0124926-002	2	C000005373			5.5	3.04	4.6	30.35			4	97.2																																																	
SPK-0124925	CC(C)(N)[C@H](NC(=O)C1=CC=C(C=C1)C#CC#CC1CN(C1)C1COC1)C(=O)NO	LpxC inhibitors	SPK-0124925-001	1	C000005347	8.73	0.00185	5.3	4.87	6	1.8725	5.3	4.87	4.1	78													4.7	19.5															49.4	47.4										2.64									
SPK-0124924	CC(=O)N1CC(C1)C#CC#CC1=CC=C(C=C1)C(=O)N[C@H](C(=O)NO)C(C)(C)O	LpxC inhibitors	SPK-0124924-001	1	C000005336	8.15	0.0071	5.4	3.99	6.05	1.4175	5.2	6.34	4.1	80.5													5.3	5.03															48.4	27.9		44.8	37.5	481	0.971					2.64	5.9	5.9	32	52	1.7	0.43	1.7	8.8	6.1
SPK-0124923	CC(C)(O)[C@H](NC(=O)C1=CC=C(C=C1)C#CC#CC1CN(C1)C(=O)CN)C(=O)NO	LpxC inhibitors	SPK-0124923-001	1	C000005334	8.08	0.0084	5.4	3.85	5.1	14.91	4.4	38.8	4.1	77.6													4.7	19.4																										5.28									
SPK-0124922	CNC(C)(C)[C@H](NC(=O)C1=CC=C(C=C1)C#CC#CC[C@H](O)CO)C(=O)NO	LpxC inhibitors	SPK-0124922-001	1	C000005329	8.12	0.00755	5.9	1.29	4.7	25.8			4.1	82.6			4.1	82.6	4.7	20.6					4.1	82.6	4.55	30.95															69	70				1960	0.96														
SPK-0124921	CC(C)(O)[C@H](NC(=O)C1=CC=C(C=C1)C#CC#CC(O)CO)C(=O)NO	LpxC inhibitors	SPK-0124921-001	1	C000005326	7.84	0.0143	5.1	7.85	4.5	31.4	4.4	44.4															5.6	2.77															54.9	60.8			57.8	2540		1	4	0.25	8	4.22	4	4	30	70	2.5	0.32	2.5	18	4.1
SPK-0124920	CNC(C)(C)[C@H](NC(=O)C1=CC=C(C=C1)C#CC#CC(O)CO)C(=O)NO	LpxC inhibitors	SPK-0124920-002	1	C000005295			5.7	1.89	4.9	14.485			4.1	85.7			4.1	85.7	4.5	30.3					4.1	85.7	5	10.7															76	81																			
SPK-0124919	CNC(C)(C)C(NC(=O)C1=CC=C(C=C1)C#CC#CCC(O)CO)C(=O)NO	LpxC inhibitors	SPK-0124919-001	1	C000005287			5.6	2.58	4.7	25.8			4.1	82.6			4.1	82.6	4.7	20.6					4.1	82.6	5	10.3															56	67																			
SPK-0124918	CC(C)(N)C(NC(=O)C1=CC=C(C=C1)C#CC#CC1C[C@H](O)[C@H]1CO)C(=O)NO	LpxC inhibitors	SPK-0124918-001	1	C000005286			5.3	5.01	5.25	10.885			4.1	80.1			4.1	80.1	4.4	40.1					4.1	80.1																																					
SPK-0124917	CC(=O)N1CC(O)(C1)C#CC#CC1=CC=C(C=C1)C(=O)N[C@H](C(=O)NO)C(C)(C)N	LpxC inhibitors	SPK-0124917-001	1	C000005276	7.8	0.016	4.95	11.7	4.7	24.25			4.4	38.8			4.4	38.8	4.4	38.8					4.4	38.8																																					
SPK-0124916	CC(C)(N)[C@H](NC(=O)C1=CC=C(C=C1)C#CC#C[C@H]1CC[C@@](O)(CO)CC1)C(=O)NO	LpxC inhibitors	SPK-0124916-001	1	C000005272			5.3	4.68	5.15	7.02			4.4	37.4			4.7	18.7	4.4	37.4					4.4	37.4																																					
SPK-0124915	C[C@@H](C#CC#CC1=CC=C(C=C1)C(=O)N[C@H](C(=O)NO)C(C)(C)N)[C@@H](O)CO	LpxC inhibitors	SPK-0124915-001	1	C000005266	7.57	0.027	5.3	5.16	4.7	25.8			4.4	41.3			4.4	41.3	4.4	41.3					4.4	41.3	4.1	82.6																				442	0.93														
SPK-0124914	CC(C)(N)[C@H](NC(=O)C1=CC=C(C=C1)C#CC#C[C@@H]1C[C@H]1CNO)C(=O)NO	LpxC inhibitors	SPK-0124914-001	2	C000005258			5.9	1.3	6.25	0.998			4.4	41.6			4.9	12.55	5.6	3.25					4.9	12.55																																					
SPK-0124913	CC(C)(N)[C@H](NC(=O)C1=CC=C(C=C1)C#CC#C[C@@]1(O)C[C@H](CO)C1)C(=O)NO	LpxC inhibitors	SPK-0124913-001	1	C000005251	7.92	0.012	5.5	3.54	5.05	8.54			4.1	80.1			4.7	20	4.5	28.3					4.1	80.1																																					
SPK-0124912	CC(C)(N)[C@H](NC(=O)C1=CC=C(C=C1)C#CC#CCC1CNC1)C(=O)NO	LpxC inhibitors	SPK-0124912-001	1	C000005247			4.7	21.7	4.7	21.7			4.7	21.7			4.7	21.7	4.7	21.7					4.7	21.7																																					
SPK-0124911	[H]C(=O)N1CC(C1)C#CC#CC1=CC=C(C=C1)C(=O)N[C@H](C(=O)NO)C(C)(C)N	LpxC inhibitors	SPK-0124911-001	1	C000005246	8.45	0.00355	5.6	2.61	5.6	2.61			4.1	83.7			4.9	12.65	5	10.5					4.55	31.35	5.6	2.61															60	43				505	0.96	0.5	4	0.13	16	2.52									
SPK-0124910	CC(C)(N)[C@H](NC(=O)C1=CC=C(C=C1)C#CC#CC1CN(CCO)C1)C(=O)NO	LpxC inhibitors	SPK-0124910-001	1	C000005244	8.63	0.00237	5.8	1.58	5.7	2.065	5.55	3.155	4.1	80.3			5	10	4.1	80.3					4.1	80.3	6	1.09															41.4	50.6						0.5	4	0.13	8	2.005	2.1	2	9.1	13	2.4	1.7	1	4.6	4.9
SPK-0124909	CC(C)(C)OC[C@@H]1C[C@H]1C#CC#CC1=CC=C(C=C1)C(=O)N[C@H](C(=O)NO)C(C)(C)N	LpxC inhibitors	SPK-0124909-001	1	C000005238			5.3	4.7	7.05	0.10575			4.7	18.8			5.9	1.18	5.3	4.7					5	9.4																																					
SPK-0124908	CC(C)(N)[C@H](NC(=O)C1=CC=C(C=C1)C#C\\C=C\\CO)C(=O)NO	LpxC inhibitors	SPK-0124908-001	2	C000005224			5.8	1.51	4.95	10.84			4.45	36.2			4.45	36.2	5.2	6.04					4.45	36.2	5.4	3.8															72.8	71.6				879	0.945														
SPK-0124907	N[C@H]([C@H](NC(=O)C1=CC=C(C=C1)C#CC#C[C@@H]1C[C@H]1CO)C(=O)NO)C(F)(F)F	LpxC inhibitors	SPK-0124907-001	2	C000005223			5.7	1.99	6.8	0.18915	5.6	2.44	4.55	29.3			5.4	4.17	5.55	2.945					4.7	19.5																	6.25	3.81										0.871									
SPK-0124906	CC(C)(N)[C@H](NC(=O)C1=CC=C(C=C1)C#CC#CCN)C(=O)NO	LpxC inhibitors	SPK-0124906-001	1	C000005220			4.6	24.4	4.45	36.55			4.6	24.4			4.6	24.4	4.6	24.4					4.6	24.4																																					
SPK-0124905	C[C@@H](N)[C@H](NC(=O)C1=CC=C(C=C1)C#CC#C[C@@H]1C[C@H]1CO)C(=O)NO	LpxC inhibitors	SPK-0124905-001	1	C000005219			6.1	0.837	6.2	0.881			4.6	22.5			4.6	22.5	4.9	11.3					4.6	22.5	5.8	1.77															13	12																			
SPK-0124904	CC(C)(N)[C@H](NC(=O)C1=CC=C(C=C1)C#CCCO)C(=O)NO	LpxC inhibitors	SPK-0124904-001	1	C000005202			4.9	12.5	4	100			4	100			4	100	4.7	19.9					4	100	4.9	12.5															84	84																			
SPK-0124902	N[C@H](CCC1=CC=CC=C1)C(=O)NO	LpxC inhibitors	SPK-0124902-001	1	C000005085			3.5	329	3.5	329	3.5	329	3.5	329	4.1	82.4	3.5	329	3.5	329																																											
SPK-0124901	CS(=O)(=O)N[C@H](CC1=CC=CC=C1)C(=O)NO	LpxC inhibitors	SPK-0124901-001	1	C000005066			3.6	248	3.6	248	3.6	248	3.6	248	3.6	248	3.6	248	3.6	248																																											
SPK-0124900	C[C@@H](NCCO)[C@H](NC(=O)C1=CC=C(C=C1)C#CC#CC1CC1)C(=O)NO	LpxC inhibitors	SPK-0124900-001	1	C000005044			6.4	0.426	6.4	0.426	6.2	0.677	4.4	43.3	5.2	6.82	5.5	3.41	7	0.102																																											
SPK-0124899	CC(C)(N)[C@H](NC(=O)C1=CC=C(C=C1)C#CC#CC1COCOC1)C(=O)NO	LpxC inhibitors	SPK-0124899-001	1	C000005021	8.19	0.0065	5.95	1.1085	5.5	3.13	5	22.045	4.4	41.5	4.7	20.8	4.8	14.7	5.6	2.59					5.3	5.19	5	10.4															33	34																			
SPK-0124898	CC(C)(N)[C@H](NC(=O)C1=CC=C(C=C1)C#CC#C[C@@H]1C[C@H]1C(C)(C)O)C(=O)NO	LpxC inhibitors	SPK-0124898-001	1	C000005016			6.2	0.629	6.2	0.629	5.45	10.3645	4.4	40.3	5.3	5.03	5.3	5.03	5.6	2.52																																											
SPK-0124897	CC(=O)OC[C@H]1CC1C#CC#CC1=CC=C(C=C1)C(=O)N[C@H](C(=O)NO)C(C)(C)N	LpxC inhibitors	SPK-0124897-001	1	C000004985			6.7	0.189	7	0.09845	6.2	0.608	4.4	38.9	5.7	1.93	6.7	0.189	6.7	0.213			7.1	0.0729	5.6	2.43	6.5	0.304	6.35	0.456	6.65	0.225	5.9	1.22	5.9	1.22	7.1	0.0729	5.9	1.22	4.7	19.4																					
SPK-0124896	CC(C)NC1=NC=C(S1)C#CC#CC1=CC=C(C=C1)C(=O)N[C@H](C(=O)NO)C(C)(C)N	LpxC inhibitors	SPK-0124896-001	1	C000004963			5.9	1.14	6.7	0.2105	5.65	18.2685	4.4	36.4	5.6	2.28	6.2	0.569	5.6	2.28																																											
SPK-0124895	CC(C)(N)[C@H](NC(=O)C1=CC=C(C=C1)C#CC#CC1CNCCO1)C(=O)NO	LpxC inhibitors	SPK-0124895-001	1	C000004943	7.94	0.0115	5.65	2.22	5	10.4	4.85	23.4	4.4	41.6	4.4	41.6	4.7	20.8	4.4	41.6							4.4	41.6																																			
SPK-0124894	CN(C)C(C)(C)[C@H](NC(=O)C1=CC=C(C=C1)C#CC#CC1=CN(C)N=C1)C(=O)NO	LpxC inhibitors	SPK-0124894-001	1	C000004926			6.1	0.822	6.7	0.212	6.35	0.7035	4.4	39.3	6.5	0.303	6.4	0.387	6	0.974							6.2	0.614	6.2	0.614	6.65	0.227																															
SPK-0124893	CN1C=C(C=N1)C#CC#CC1=CC=C(C=C1)C(=O)N[C@H](C(=O)NO)C1(N)CCC1	LpxC inhibitors	SPK-0124893-001	1	C000004918			5.9	1.3075	6.5	0.326	6.05	0.9595	4.4	40.9	5.6	2.55	5.7	2.03	5.6	2.55							6.2	0.639	5.9	1.28	6.05	0.9595																															
SPK-0124892	CC(C)(N)[C@H](NC(=O)C1=CC=C(C=C1)C#CC#CC1=CN(N=C1)C1CC1)C(=O)NO	LpxC inhibitors	SPK-0124892-001	2	C000004911			6.2	0.617	6.6	0.2485	5.5	8.1585	4.55	29.6	5.75	1.85	5.9	1.23	5.85	1.39																																											
SPK-0124891	CC(C)(N)[C@H](NC(=O)C1=CC=C(C=C1)C#CC#CC1=CN=C(N=C1)N1CCOCC1)C(=O)NO	LpxC inhibitors	SPK-0124891-001	1	C000004881			5.7	2.16	6.3	0.675	5.4	17.5705	4.5	34.6	6	1.08	5.7	2.16	6.3	0.541																																											
SPK-0124890	CC(C)(N)[C@H](NC(=O)C1=CC=C(C=C1)C#CC#CC1(O)CCOCC1)C(=O)NO	LpxC inhibitors	SPK-0124890-001	3	C000004875			5.6	2.5	4.7	20	4.7	20	4.7	20	4.7	20	4.7	20	4.7	20																																											
SPK-0124889	CNC(C)(C)[C@H](NC(=O)C1=CC=C(C=C1)C#CC#CC1=CNN=C1)C(=O)NO	LpxC inhibitors	SPK-0124889-001	1	C000004817			6.7	0.202	6.35	0.469	5.5	15.0645	4.4	42.2	6.1	0.83	6	1.05	6	1.05																																											
SPK-0124888	CC(C)(NCCF)[C@H](NC(=O)C1=CC=C(C=C1)C#CC#CC1(O)CCC1)C(=O)NO	LpxC inhibitors	SPK-0124888-001	1	C000004774			5.45	3.61	6.05	0.901	5.6	3.005	4.4	38.5	4.7	19.3	5.6	2.41	6.8	0.144																							24	13																			
SPK-0124887	CC(C)(O)[C@H](NC(=O)C1=CC=C(C=C1)C#CC#CCO)C(=O)NO	LpxC inhibitors	SPK-0124887-001	1	C000004772			5.7	2.14	4.6	24.2	4.45	36.3	4	96.9	4.3	48.4	4	96.9	5.7	2.14					4	96.9																																					
SPK-0124886	CC(C)(NCCO)[C@H](NC(=O)C1=CC=C(C=C1)C#CC#CC1=CNN=C1)C(=O)NO	LpxC inhibitors	SPK-0124886-001	1	C000004744			6.4	0.385	6.05	0.9155	5.55	7.2055	4.4	39.1	5.3	4.88	5.4	3.88	5.7	1.94																																											
SPK-0124885	CCNC1(CCC1)[C@H](NC(=O)C1=CC=C(C=C1)C#CC#CC1CC1)C(=O)NO	LpxC inhibitors	SPK-0124885-001	1	C000004740			6.2	0.659	7	0.12895	6.5	0.4775	4.4	42.2	6.3	0.523	7.1	0.0791	7.4	0.0395																																											
SPK-0124884	CC(C)(NCC(O)CO)[C@H](NC(=O)C1=CC=C(C=C1)C#CC#CC1CC1)C(=O)NO	LpxC inhibitors	SPK-0124884-001	1	C000004714			5.6	2.42	5.75	1.815	5.15	10.86	4.4	38.7	4.7	19.3	5	9.67	5.6	2.42																																											
SPK-0124883	CC(C)(N)[C@H](NC(=O)C1=CC=C(C=C1)C#CC#CC1(O)CCC1)C(=O)NO	LpxC inhibitors	SPK-0124883-001	1	C000004700			5.95	1.2935	5.5	3.27	5.3	5.41	4.4	43.3	4.4	43.3	4.4	43.3	6.2	0.677			5.6	2.71	5.3	5.41	5.9	1.35	5	10.8	5.3	5.41	5.3	5.41	5	10.8	6.2	0.677	5.4	3.83	4.7	21.7																					
SPK-0124882	CC(C)(N)[C@H](NC(=O)C1=CC=C(C=C1)C#CC#CC1=CC=C(CNC(=O)CO)S1)C(=O)NO	LpxC inhibitors	SPK-0124882-001	1	C000004699			5.7	2.13	6.45	0.4005	5.4	17.317	4.5	34.1	6	1.07	6	1.07	5.2	6.04					5.1	8.54	6	1.07					5.1	8.54	5.1	8.54	5.4	4.27	5.1	8.54	5.1	8.54																					
SPK-0124881	CC(C)(N)[C@H](NC(=O)C1=CC=C(C=C1)C#CC#CC1=CC=C(C=C1)S(=O)(=O)NC1CC1)C(=O)NO	LpxC inhibitors	SPK-0124881-001	1	C000004695			5.4	4.04	6.3	0.6315	5.4	16.4525	4.5	32.4	6	1.01	6	1.01	4.8	16.2																																											
SPK-0124880	CC(C)(NCCN)[C@H](NC(=O)C1=CC=C(C=C1)C#C\\C=C\\C1CC1)C(=O)NO	LpxC inhibitors	SPK-0124880-001	1	C000004685			5.45	3.9	5	10.4	4.7	26	4.4	41.6	4.7	20.8	5	10.4	6.2	0.65																																											
SPK-0124879	CCNC(C)(C)[C@H](NC(=O)C1=CC=C(C=C1)C#CC#CC1CC1)C(=O)NO	LpxC inhibitors	SPK-0124879-001	1	C000004680			6.3	0.54	7.1	0.0816	6.55	0.4085	4.4	43.5	6.3	0.54	6.4	0.392	7.2	0.0577					6.8	0.163	6.5	0.34	6.8	0.163	7.1	0.0816	6.5	0.34	5.3	5.44	6	0.943	6.5	0.34	5.6	3.4																					
SPK-0124878	CC(C)(N)C(NC(=O)C1=CC=C(C=C1)C#CC#CCO)C(=O)NO	LpxC inhibitors	SPK-0124878-001	1	C000004668	8.42	0.0038	6.1	0.759	4.9	12.1	4.75	18.2	4.3	48.6	4.3	48.6	4.6	24.3	5.2	6.07			4.9	12.1	4.6	24.3	5.8	1.52	4.9	12.1	5.05	9.085	5.2	6.07	4.9	12.1	5.2	6.07	5.2	6.07	4.6	24.3	60.5	63.8				246	0.975														
SPK-0124877	CC(C)(N)[C@H](NC(=O)C1=CC=C(C=C1)C#CC#CC1=CC=C(C=C1)S(=O)(=O)NCCO)C(=O)NO	LpxC inhibitors	SPK-0124877-001	1	C000004667			5.55	3.01	5.85	1.505	5.25	16.55	4.5	32.1	6	1	5.7	2.01	4.5	32.1																																											
SPK-0124876	CC(C)(NCCO)[C@H](NC(=O)C1=CC=C(C=C1)C#C\\C=C\\C1CC1)C(=O)NO	LpxC inhibitors	SPK-0124876-001	1	C000004640			6.1	0.817	6.55	0.304	5.85	2.3175	4.4	41.5	5.4	4.12	5.7	2.06	6.9	0.124																																											
SPK-0124875	CNC(C)(C)[C@H](NC(=O)C1=CC=C(C=C1)C#C\\C=C\\C1CC1)C(=O)NO	LpxC inhibitors	SPK-0124875-001	1	C000004634			6.4	0.443	6.7	0.243	6.1	1.291	4.6	22.5	6.3	0.558	6.1	0.886	7.1	0.0844																																											
SPK-0124874	CC(C)(N)[C@H](NC(=O)C1=CC=C(C=C1)C#C\\C=C(\\CN1CCNC1=O)NO)C(=O)NO	LpxC inhibitors	SPK-0124874-001	1	C000004630			4.4	37.2	4.4	37.2	4.4	37.2	4.4	37.2	4.4	37.2	4.4	37.2	4.4	37.2																																											
SPK-0124873	CNC(C)(C)[C@H](NC(=O)C1=CC=C(C=C1)C#CC#CC1CC1)C(=O)NO	LpxC inhibitors	SPK-0124873-001	1	C000004552			6.5	0.354	7.05	0.0975	6.65	0.263	4.3	45.3	6	0.891	6.5	0.347	7	0.102	4.3	45.3			5.9	1.39	6.8	0.17	6.8	0.17	6.8	0.17	5.8	1.41	5.2	5.66	6.9	0.12	6.2	0.707	4.75	16.95																					
SPK-0124872	CC(=O)N[C@H](C(=O)NO)C(C)(C)N	LpxC inhibitors	SPK-0124872-001	1	C000004508			3.3	537	4.1	84.6	4.1	84.6	4.1	84.6	4.1	84.6	4.1	84.6			4.1	84.6																																134									
SPK-0124871	CC(C)(N)[C@H](NC(=O)C1=CC=C(C=C1)C#CC#CC1=CN(CCS(=O)(=O)N2CCOCC2)N=C1)C(=O)NO	LpxC inhibitors	SPK-0124871-001	1	C000004491			5.4	3.69	5.55	2.765	5.1	9.195	4.5	29.5	5.4	3.69	5.1	7.37			4.5	29.5																																									
SPK-0124870	CC(C)[C@H](NC(=O)C1=CC=C(C=C1)C#CC#CC1=CNN=C1)C(=O)NO	LpxC inhibitors	SPK-0124870-001	2	C000004482			5.35	4.28	5.65	2.14	5.05	23.565	4.3	45.7	4.3	45.7	5.2	5.71			4.3	45.7																																									
SPK-0124869	CC(C)(N)[C@H](NC(=O)C1=CC=C(C=C1)C#C\\C=C\\C1CC2(C1)OCCO2)C(=O)NO	LpxC inhibitors	SPK-0124869-001	1	C000004465			5.75	1.815	6.5	0.302	5.75	2.7225	4.4	38.7	5	9.67	5.6	2.42			4.4	38.7																																									
SPK-0124868	CC(C)(N)[C@H](NC(=O)C1=CC=C(C=C1)C#CC1=CC=C(CN2CCN(CC2)S(C)(=O)=O)C=C1)C(=O)NO	LpxC inhibitors	SPK-0124868-001	1	C000004422			5.1	7.58	5.7	1.9	5.55	4.264	4.5	30.3	5.4	3.79	6.3	0.474			4.5	30.3																																									
SPK-0124867	CC(C)(N)[C@H](NC(=O)C1=CC=C(C=C1)C#C\\C=C/C#CC1CC1)C(=O)NO	LpxC inhibitors	SPK-0124867-001	1	C000004408			5.3	5.47	5.6	2.74	4.85	24.635	4.4	43.8	5	10.9	5.3	5.47			4.4	43.8																																									
SPK-0124866	CC(C)(N)[C@H](NC(=O)C1=CC=C(\\C=C\\C#CC#CC2CC2)C=C1)C(=O)NO	LpxC inhibitors	SPK-0124866-001	1	C000004406			5.95	1.169	6.75	0.1905	5.65	7.9175	4.4	43.8	6.3	0.484	6	0.968			4.4	43.8																																									
SPK-0124865	CC(C)(N)[C@H](NC(=O)C1=CC=C(C=C1)C#C\\C=C\\C1=CC=NO1)C(=O)NO	LpxC inhibitors	SPK-0124865-001	1	C000004370			6.3	0.475	6	0.96	5	23.055	4.4	43.4	5.3	5.43	5.1	7.68			4.7	21.7																																									
SPK-0124864	CC(C)(N)[C@H](NC(=O)C1=CC=C(C=C1)C#C\\C=C\\C1CCOC1)C(=O)NO	LpxC inhibitors	SPK-0124864-001	1	C000004368			5.95	1.151	5.7	1.9	5.05	12.655	4.4	43.1	5.1	7.61	5.1	7.61			4.7	21.5					5	10.8															37	27																			
SPK-0124863	CC(C)(N)[C@H](NC(=O)C1=CC=C(C=C1)C#CC#CC1=CN(CC(=O)NO)N=C1)C(=O)NO	LpxC inhibitors	SPK-0124863-001	1	C000004363			5.3	4.56	4.85	13.66	4.55	27.35	4.4	36.5	5.6	2.28	4.7	18.2																																													
SPK-0124862	CC(C)(N)[C@H](NC(=O)C1=CC=C(C=C1)C#C\\C=C\\C1=CC=CC=C1F)C(=O)NO	LpxC inhibitors	SPK-0124862-001	1	C000004358			5.6	2.53	6.95	0.11395	5.9	2.688	4.7	20.2	6.5	0.316	6.5	0.316																																													
SPK-0124861	CC(C)(O)[C@H](NC(=O)C1=CC=C(C=C1)C#C\\C=C\\C1=CC=CC=C1F)C(=O)NO	LpxC inhibitors	SPK-0124861-001	1	C000004338			5	10.1	6.65	0.35335	5.75	1.89	4.4	40.4	5.3	5.05	6.2	0.631			4.4	40.4																																									
SPK-0124860	CC(C)(N)[C@H](NC(=O)C1=CC=C(\\C=C\\C#CCCC2CC2)C=C1)C(=O)NO	LpxC inhibitors	SPK-0124860-001	1	C000004331			5.6	2.71	6.2	0.844	5.6	5.7385	4.4	43.3	5.6	2.71	5.6	2.71			4.4	43.3																																									
SPK-0124859	CC(C)(N)[C@H](NC(=O)C1=CC=C(C=C1)C#C\\C(F)=C\\CC1CC1)C(=O)NO	LpxC inhibitors	SPK-0124859-001	1	C000004328			5.6	3.35	6.7	0.1965	5.75	5.5175	4.4	42.8	5.9	1.34	5.9	1.34			4.4	42.8																																									
SPK-0124858	CC(C)(N)[C@H](NC(=O)C1=CC=C(C=C1)C#C\\C(F)=C\\C1CCC1)C(=O)NO	LpxC inhibitors	SPK-0124858-001	1	C000004326			5.3	5.36	6.65	0.248	5.75	5.5175	4.4	42.8	6.2	0.669	5.9	1.34			4.4	42.8																																									
SPK-0124857	CC(C)(N)[C@H](NC(=O)C1=CC=C(\\C=C\\C#CCC2CC2)C=C1)C(=O)NO	LpxC inhibitors	SPK-0124857-001	1	C000004315			5.9	1.41	6.05	1.0565	5.4	6.355	4.9	11.3	5.2	5.63	5.2	5.63			4.9	11.3																																									
SPK-0124856	CCOC\\C=C\\C#CC1=CC=C(C=C1)C(=O)N[C@H](C(=O)NO)C(C)(C)NC=O	LpxC inhibitors	SPK-0124856-001	1	C000004292			5.15	7.73	5.6	3.225	4.85	23.23	4.4	41.3	4.4	41.3	4.4	41.3			4.4	41.3																																									
SPK-0124855	CC(C)(N)[C@H](NC(=O)C1=CC=C(C=C1)C#C\\C=C\\C1CCC1)C(=O)NO	LpxC inhibitors	SPK-0124855-001	1	C000004277			5.9	1.41	6.8	0.169	6	2.8995	4.6	22.5	5.9	1.41	6.2	0.703			4.3	45																																									
SPK-0124854	CC(C)(N)[C@H](NC(=O)C1=CC=C(C=C1)C#CC#CCN1CCC1)C(=O)NO	LpxC inhibitors	SPK-0124854-001	1	C000004238			6.2	0.679	5.45	4.07	5.3	6.805	4.4	43.4	4.4	43.4	4.4	43.4			4.4	43.4																																									
SPK-0124853	CCC\\C(F)=C\\C#CC1=CC=C(C=C1)C(=O)N[C@H](C(=O)NO)C(C)(C)N	LpxC inhibitors	SPK-0124853-001	2	C000004232			6.2	0.692	6.6	0.2845	6.05	1.036	4.6	26.7	5.75	2.075	5.5	3.21	6.8	0.166	4.55	33.2	6.5	0.346	6.5	0.346	6.2	0.692	5.9	1.38	6.05	1.036	5.6	2.77	5.6	2.77	6.8	0.166	5	11.1	4.7	22.1																					
SPK-0124852	CC(C)(N)[C@H](NC(=O)C1=CC=C(C=C1)C#C\\C=C\\C1=CNN=C1)C(=O)NO	LpxC inhibitors	SPK-0124852-001	1	C000004229			6.4	0.429	6.1	0.857	5.35	6.53	4.55	32.65	5.35	5.68	5.3	6.81	5.6	2.72	4.4	43.5			4.7	21.8	6.2	0.68					5	10.9	5	10.9	6.2	0.68	4.7	21.8	4.7	21.8																					
SPK-0124851	CC(C)(N)[C@H](NC(=O)C1=CC=C(\\C=C\\C#CC2=CNN=C2)C=C1)C(=O)NO	LpxC inhibitors	SPK-0124851-001	1	C000004228			6.35	0.51	5.6	2.72	5.45	4.08	4.55	32.65	5.4	4.485	4.9	14.1	5.5	3.24	4.55	32.65	5.9	1.36	4.7	21.8	6.2	0.68	5.3	5.44	5.45	4.08	5.3	5.44	4.8	17.3	6	0.962	5	10.9	4.7	21.8																					
SPK-0124850	CNCC#CC#CC1=CC=C(C=C1)C(=O)N[C@H](C(=O)NO)C(C)(C)N	LpxC inhibitors	SPK-0124850-001	1	C000004220			5.8	1.46	4.9	11.7	4.6	29.2	4.3	46.7	4.3	46.7	4.6	23.4			4.3	46.7																																									
SPK-0124849	CC(C)(O)[C@H](NC(=O)C1=CC=C(C=C1)C#CC#CC1CCOCC1)C(=O)NO	LpxC inhibitors	SPK-0124849-001	1	C000004168			5.6	2.6	5.9	1.625	5.6	5.525	4.4	41.6	4.7	20.8	5.3	5.2			4.4	41.6																																									
SPK-0124848	CC(C)(N)[C@H](NC(=O)C1=CC=C(C=C1)C#CC#CC1=CC=C(S1)C(\\N)=N/O)C(=O)NO	LpxC inhibitors	SPK-0124848-001	1	C000004166			6.2	0.569	6.45	0.343	6	0.9725	4.55	27.3	5.9	1.14	5.9	1.14	6.4	0.358	4.55	27.3	6.5	0.284	5	9.1	6.2	0.569	5.9	1.14	6.2	0.569	5.3	4.55	5	9.1	6.4	0.402	5.3	4.55																							
SPK-0124847	C[C@H](O)C#CC#CC1=CC=C(C=C1)C(=O)N[C@H](C(=O)NO)C(C)(C)N	LpxC inhibitors	SPK-0124847-001	5	C000004129	8.48	0.0033	5.8	1.46	5.2	5.82	4.7	27.42	4.15	69.9	4.3	46.6	4.45	34.95	5.35	4.365	4.3	46.6			4.6	23.3	5.6	2.31					4.9	11.6	4.6	23.3	5.5	2.91	4.6	23.3	4.6	23.3	51.4	47.25	54.9																		
SPK-0124846	C[C@H](N)[C@@H](NC(=O)C1=CC=C(C=C1)C#CC1=CC=C(CN2CCOCC2)C=C1)C(=O)NO	LpxC inhibitors	SPK-0124846-001	1	C000004126			4.4	36.7	4.4	36.7	4.4	36.7	4.4	36.7	4.4	36.7	4.4	36.7			4.4	36.7																																									
SPK-0124844	CCC#C\\C=C\\C1=CC=C(C=C1)C(=O)N[C@H](C(=O)NO)C(C)(C)N	LpxC inhibitors	SPK-0124844-002	1	C000004120			6.25	0.569	5.8	1.52	4.9	15.185	4.3	48.6	5.2	6.07	4.9	12.1			4.3	48.6																																									
SPK-0124843	CC(C)(N)[C@H](NC(=O)C1=CC=C(C=C1)C#CC#CC1=CC=NS1)C(=O)NO	LpxC inhibitors	SPK-0124843-001	1	C000004112			6.1	0.847	7.1	0.0784	6.5	0.327	4.4	41.8	5.7	1.85	6.1	0.824	6.6	0.226	4.4	41.8	7.1	0.0784	5.3	5.23	6.5	0.327	6.2	0.654	6.5	0.327	5.3	5.23	4.7	20.9	6.2	0.654	5	10.5	4.7	20.9																					
SPK-0124842	CN(C)CC#CC#CC1=CC=C(C=C1)C(=O)N[C@H](C(=O)NO)C(C)(C)N	LpxC inhibitors	SPK-0124842-001	1	C000004088			6	1.11	5.65	2.395	5.3	5.61	4.45	33.65	4.6	22.4	4.9	11.2	5.3	5.61	4.3	44.9	5.6	2.81	4.6	22.4	5.9	1.4	4.9	11.2	5.3	5.61	4.6	22.4	4.6	22.4	5.6	2.81	4.6	22.4	4.6	22.4	50.8	46.7	46.9	57.5																	
SPK-0124841	CC(C)CCC#CC#CC1=CC=C(C=C1)C(=O)N[C@@H]([C@@H](C)N)C(=O)NO	LpxC inhibitors	SPK-0124841-001	1	C000004062			5.4	4.22	6.2	0.703	5.55	6.0015	4.6	22.5	4.6	22.5	5.6	2.81			4.3	45																					0.489		0.328	1.95																	
SPK-0124840	CC(C)CC#CC#CC1=CC=C(C=C1)C(=O)N[C@@H]([C@@H](C)N)C(=O)NO	LpxC inhibitors	SPK-0124840-001	1	C000004058			5.8	1.46	6.25	0.549	5.2	12.43	4.6	23.4	5.2	5.86	5.5	2.93			4.3	46.9																					1.69		1.5	1.89																	
SPK-0124839	CC(C)(N)[C@H](NC(=O)C1=CC=C(C=C1)C#CC#CC1=CC=C(CN2CCS(=O)(=O)CC2)C=C1)C(=O)NO	LpxC inhibitors	SPK-0124839-001	1	C000004057			5.4	3.83	6	0.957	5.55	4.3035	4.65	22.95	6	0.957	6	0.957			4.65	22.95																																									
SPK-0124838	CC(C)(N)[C@H](NC(=O)C1=CC=C(C=C1)C#CC#CC1=CC=C(F)C=C1)C(=O)NO	LpxC inhibitors	SPK-0124838-001	1	C000004039			5.3	5.08	6.95	0.11465	6.75	0.213	4.5	28.7	5.9	1.27	6.7	0.22	6.8	0.153	4.4	40.7	7.4	0.0381	5.3	5.08	5.9	1.27	6.8	0.153	6.95	0.11465	4.7	20.3	4.7	20.3	6.8	0.153	4.7	20.3																							
SPK-0124837	CC(C)CCC#CC#CC1=CC=C(C=C1)C(=O)N[C@H](C(=O)NO)C(C)(C)N	LpxC inhibitors	SPK-0124837-001	1	C000004024			5.3	5.41	6.5	0.4195	5.9	1.6935	4.7	21.7	5	10.8	6.5	0.338			4.7	21.7																																									
SPK-0124836	CC(C)(C)CNCC1=CC=C(C=C1)C#CC1=CC=C(C=C1)C(=O)N[C@H](C(=O)NO)C(C)(C)N	LpxC inhibitors	SPK-0124836-001	1	C000004017			5.7	2.22	5.7	2.22	5.05	18.86	4.4	35.5	4.8	17.8	5.4	4.44			4.4	35.5																																									
SPK-0124835	C[C@@H](N)[C@H](NC(=O)C1=CC=C(C=C1)C#CC1CC1C1=CC=CC=C1)C(=O)NO	LpxC inhibitors	SPK-0124835-001	1	C000004003			4.85	15.9	4.4	42.4	4.7	21.2	4.4	42.4	5.3	5.3	4.4	42.4			4.4	42.4																																									
SPK-0124834	C[C@@H](N)[C@H](NC(=O)C1=CC=C(C=C1)C#CC#CCCCO)C(=O)NO	LpxC inhibitors	SPK-0124834-001	1	C000003988, C000050806			4.6	23.3	4.3	46.6	4.3	46.6	4.3	46.6	4.3	46.6	4.3	46.6			4.3	46.6																																									
SPK-0124833	COC1=CC=C(C=C1)C#CC#CC1=CC=C(C=C1)C(=O)N[C@@H]([C@@H](C)N)C(=O)NO	LpxC inhibitors	SPK-0124833-001	1	C000003983			5.3	5.11	6.05	0.9595	5.15	21.09	4.4	40.9	4.7	20.4	5.6	2.55			4.4	40.9																																									
SPK-0124832	ONC(=O)C(NC(=O)C1=CC=C(C=C1)C#CC#CC1CC1)C1(O)CC1	LpxC inhibitors	SPK-0124832-001	1	C000003982			5.65	2.22	5.65	2.22	5.2	12.54	4.3	47.3	4.9	11.8	5.2	5.91			4.3	47.3																																									
SPK-0124831	CC(C)C#CC#CC1=CC=C(C=C1)C(=O)N[C@H](C(=O)NO)C(C)(C)N	LpxC inhibitors	SPK-0124831-001	1	C000003975			5.9	1.16	6.55	0.3195	6.2	0.625	4.6	23.4	5.6	2.32	5.8	1.46	7.1	0.0879	4.3	46.9	6.8	0.176	6.1	0.732	6.1	0.732	5.95	1.096	6.25	0.549	6.1	0.732	5.5	2.93	7.4	0.0439	6.1	0.732	4.9	11.7																					
SPK-0124830	CC(C)(N)[C@H](NC(=O)C1=CC=C(C=C1)C#CC#CC1=CN=CC=C1)C(=O)NO	LpxC inhibitors	SPK-0124830-001	1	C000003973			5.9	1.33	6.15	0.76	5.75	1.995	3.8	170	5.3	5.31	5.5	3.16	5.9	1.33	4.4	42.5	6.2	0.664	4.7	21.3	6.2	0.664	5.6	2.66	5.9	1.33	4.7	21.3	4.7	21.3	5.9	1.33	5	10.6	4.7	21.3																					
SPK-0124829	CCCC#CC#CC1=CC=C(C=C1)C(=O)N[C@@H]([C@@H](C)N)C(=O)NO	LpxC inhibitors	SPK-0124829-001	1	C000003966			6.05	0.908	5.9	1.246	5.15	13.16	4.3	48.9	5.2	6.11	5.2	6.11			4.3	48.9	5.2	6.11																																							
SPK-0124828	C[C@@H](N)[C@H](NC(=O)C1=CC=C(C=C1)C#C\\C=C\\C1CC1)C(=O)NO	LpxC inhibitors	SPK-0124828-001	1	C000003951			6.1	0.764	5.75	1.725	5.05	9.155	4.5	34.5	5.5	3.05	5	10.3	6.4	0.382	4.3	48.9	5.8	1.53	5.5	3.05	6.1	0.764	5.2	6.11	5.2	6.11	5.5	3.05	4.9	12.2	6.4	0.382	5.5	3.05	4.75	18.3																					
SPK-0124827	CC(C)C#CC#CC1=CC=C(C=C1)C(=O)N[C@@H]([C@@H](C)N)C(=O)NO	LpxC inhibitors	SPK-0124827-001	1	C000003943			5.9	1.21	5.75	1.815	5.7	2.16	4.6	24.4	5.1	7.7	5.1	7.7			4.3	48.9	5.2	6.11																																							
SPK-0124826	C[C@@H](NC(=O)CN[C@@H](C)C1=CC=CC=C1)[C@H](NC(=O)C1=CC=C(C=C1)C#CC1=CC=CC=C1)C(=O)NO	LpxC inhibitors	SPK-0124826-001	1	C000003939			4.5	32.1	4.5	32.1	4.5	32.1	4.5	32.1	4.5	32.1	4.5	32.1			4.5	32.1	4.5	32.1																																							
SPK-0124825	CC(C)(N)[C@H](NC(=O)C1=CC=C(C=C1)C#CC#CC1CC1)C(=O)NO	LpxC inhibitors	SPK-0124825-001	13	C000003936	9.06	0.000875	6.6	0.241	7.1	0.0884	6.55	0.277	4.6	23.6	5.7	2.08	6.2	0.5975	7.2	0.0625	4.6	23.6	7.1	0.0884	6.1	0.737	6.8	0.177	6.4	0.368	6.8	0.177	6.3	0.464	6	1.04	7.4	0.0442	6	0.928	4.75	17.7	7.01		6.27	6.43		4	0.975	0.25	1	0.016	4	0.165									
SPK-0124824	CC(C)(O)[C@H](NC(=O)C1=CC=C(C=C1)C#CC#CC1=NC=CC=C1)C(=O)NO	LpxC inhibitors	SPK-0124824-001	1	C000003935			5.3	6.625	5.75	1.985	5.6	2.65	4.4	42.4	4.7	21.2	4.7	21.2			4.4	42.4	5	10.6																																							
SPK-0124823	C[C@@H](N)[C@H](NC(=O)C1=CC=C(C=C1)C#CC(O)C1=CC=C(CN2CCOCC2)C=C1)C(=O)NO	LpxC inhibitors	SPK-0124823-001	1	C000003924			4.5	34.3	4.5	34.3	4.5	34.3	4.5	34.3	4.5	34.3	4.5	34.3			4.5	34.3	4.5	34.3																																							
SPK-0124822	CC(C)(N)[C@H](NC(=O)C1=CC=C(C=C1)C#CC1=CC=C(CNC2CC2)C=C1)C(=O)NO	LpxC inhibitors	SPK-0124822-001	4	C000003913			5.9	1.19	6.05	0.8465	5.9	1.19	4.4	38	5.3	4.76	5.5	2.83	5	9.51	4.4	38	5.9	1.19	4.4	38	5.3	4.76	5.6	2.38	5.75	1.785	5	9.51	4.4	38	5.3	4.76	5	9.51	4.4	38																					
SPK-0124821	CCOCC1=CC=C(C=C1)C#CC1=CC=C(C=C1)C(=O)NC(C(=O)NO)C(C)(C)N	LpxC inhibitors	SPK-0124821-001	1	C000003912			5.75	1.83	6.65	0.226	6.2	0.611	4.4	39.1	5.6	2.44	6.2	0.611			4.4	39.1	5.9	1.22																																							
SPK-0124820	CC(C)(N)C(NC(=O)C1=CC=C(C=C1)C#C\\C=C\\C1=CC=CC=C1)C(=O)NO	LpxC inhibitors	SPK-0124820-001	1	C000003911			5.45	3.975	6.35	0.4965	6.5	0.331	4.7	21.2	5.6	2.65	6.2	0.662			4.4	42.4	5.9	1.32																																							
SPK-0124819	C[C@@H](N)[C@H](NC(=O)C1=CC=C(C=C1)C#CC#CC1=CC=CS1)C(=O)NO	LpxC inhibitors	SPK-0124819-001	1	C000003903			6	1.08	6.4	0.44	6.2	0.68	4.6	27.4	5.4	4.32	5.9	1.36			4.7	21.8	5.9	1.36																																							
SPK-0124818	C[C@@H](O)[C@H](NC(=O)C1=CC=C(C=C1)C#CC#CC1CC1)C(=O)NO	LpxC inhibitors	SPK-0124818-001	1	C000003865			6.05	0.8385	6.25	0.5745	6.1	0.766	4.45	36.75	4.75	18.4	5.65	2.295			4.45	36.75	5.6	2.58																																							
SPK-0124817	C[C@@H](N)[C@H](NC(=O)C1=CC=C(C=C1)C#CC#CC1=CC=C(N)C=C1)C(=O)NO	LpxC inhibitors	SPK-0124817-001	1	C000003861			6.25	0.611	6.55	0.2795	6.3	0.558	4.4	42.5	5.3	4.47	5.7	2.23			4.4	42.5	5.9	1.33																																							
SPK-0124816	C[C@@H](N)[C@H](NC(=O)C1=CC=C(C=C1)C#CC#CC1CCCCC1)C(=O)NO	LpxC inhibitors	SPK-0124816-001	1	C000003859			5.05	9.3	6.2	0.68	5.6	2.72	4.7	21.8	5	10.9	5.7	1.92	6.2	0.68	4.7	21.8	5.6	2.72	5.6	2.72																																					
SPK-0124815	C[C@@H](N)[C@H](NC(=O)C1=CC=C(\\C=C\\C#CC2=CC=CC=C2)C=C1)C(=O)NO	LpxC inhibitors	SPK-0124815-001	1	C000003838			5.75	1.955	6	1.1235	5.7	2.18	4.5	31.1	5.6	2.75	5.4	4.37			4.4	44	5.2	6.93																																							
SPK-0124814	C[C@@H](O)[C@H](NC(=O)C1=CC=C(C=C1)C#CC1=CC(C)=NC=C1)C(=O)NO	LpxC inhibitors	SPK-0124814-001	1	C000003828			4.9	11.3	4.75	16.95	4.3	45.3	4.3	45.3	4.3	45.3	4.3	45.3			4.3	45.3	4.3	45.3																																							
SPK-0124813	ONC(=O)[C@H](CNC(=O)CNC1CC1)NC(=O)C1=CC=C(C=C1)C#C\\C=C\\C1=CC=CC=C1	LpxC inhibitors	SPK-0124813-001	1	C000003807			5.3	4.48	6.1	0.988	6	1.12	4.4	35.8	4.4	35.8	5.3	4.48			4.1	71.7	5.5	3.17																																							
SPK-0124812	CC(C)(O)[C@H](NC(=O)C1=CC=C(\\C=C\\C#CC2=CC=C(CNC3CC3)C=C2)C=C1)C(=O)NO	LpxC inhibitors	SPK-0124812-001	2	C000003760			5.8	1.77	6.3	0.559	6	1.12	4.1	89.4	5.7	2.23	5.9	1.445	5.7	2.23	4.1	89.4	6.6	0.279	4.4	35.8	5.3	4.47	5.7	2.23	6.3	0.559	4.4	35.8	4.4	35.8	5.3	4.47	4.4	35.8	4.4	35.8	1.82	6.04	5.06																		
SPK-0124811	NC[C@H](NC(=O)C1=CC=C(C=C1)C#C\\C=C\\C1=CC=CC=C1)C(=O)NO	LpxC inhibitors	SPK-0124811-001	1	C000003755			5.05	8.56	5.5	2.86	5.2	5.72	4	91.6	4.3	45.8	4.6	22.9			3.7	183	5.5	2.86																																							
SPK-0124810	C[C@@H](N)[C@H](NC(=O)C1=CC=C(C=C1)C#CC#CC1=CC=C(C=C1)C(F)(F)F)C(=O)NO	LpxC inhibitors	SPK-0124810-001	1	C000003746			4.7	23.31	5.6	2.33	5.3	4.66	4.4	37.3	4.4	37.3	5.3	4.66			4.4	37.3	5.3	4.66																																							
SPK-0124809	C[C@@H](N)[C@H](NC(=O)C1=CC=C(C=C1)C#CC1=CN=CC=C1)C(=O)NO	LpxC inhibitors	SPK-0124809-001	1	C000002907			5.65	2.22	3.7	189	3.7	189	3.7	189	4.3	47.3	3.7	189			3.7	189	4.6	23.6																																							
SPK-0124808	ONC(=O)[C@H](CNC(=O)CNC1CC1)NC(=O)C1=CC=C(C=C1)C#C\\C=C\\C1=CC=C(CN2CCOCC2)C=C1	LpxC inhibitors	SPK-0124808-001	1	C000002884			5.4	3.67	6.15	0.687	6	0.916	4.2	58.6	4.2	58.6	5.4	3.67			4.2	58.6	6	0.916																																							
SPK-0124807	CNC[C@H](NC(=O)C1=CC=C(C=C1)C#C\\C=C\\C1=CC=C(CN2CCOCC2)C=C1)C(=O)NO	LpxC inhibitors	SPK-0124807-001	1	C000002883			5.1	8.65	5.55	3.24	5.1	8.65	4.2	69.2	4.2	69.2	5.1	8.65			4.2	69.2	5.1	8.65																																							
SPK-0124806	NC[C@H](NC(=O)C1=CC=C(C=C1)C#C\\C=C\\C1=CC=C(CN2CCOCC2)C=C1)C(=O)NO	LpxC inhibitors	SPK-0124806-001	1	C000002755			5.7	2.23	5.95	1.184	6	1.11	3.8	143	4.1	71.3	5.2	6.31			3.8	143	5.4	4.46																																							
SPK-0124805	ONC(=O)[C@@H](NC(=O)C1=CC=C(\\C=C\\C#CC2=CC=C(CN3CCOCC3)C=C2)C=C1)C1=CC=CC=C1	LpxC inhibitors	SPK-0124805-001	1	C000002743			4.65	24.2	5.85	1.515	5.7	2.02	4.2	64.6	4.2	64.6	5.4	4.04			4.2	64.6	6	1.01																																							
SPK-0124804	ONC(=O)[C@@H](NC(=O)C1=CC=C(\\C=C\\C#CC2=CC=C(CN3CCOCC3)C=C2)C=C1)C1CC1	LpxC inhibitors	SPK-0124804-001	1	C000002741			5.1	8.7	6	1.09	6	1.09	3.9	139	5.1	8.7	5.1	8.7			4.2	69.6	5.7	2.18																																							
SPK-0124803	NCCCC[C@H](N)C(=O)NCC1=CC=C(C=C1)C#CC1=CC=C(C=C1)C(=O)N[C@@H](CN)C(=O)NO	LpxC inhibitors	SPK-0124803-001	1	C000002739			4.2	66.6	3.9	133	3.9	133	3.9	133	3.9	133	3.9	133			3.9	133	3.9	133																																							
SPK-0124802	ONC(=O)[C@H](CNC(=O)CN1CCNCC1)NC(=O)C1=CC=C(C=C1)C#CC1=CC=C(CN2CCOCC2)C=C1	LpxC inhibitors	SPK-0124802-001	1	C000002738			4.2	58.3	3.9	117	3.9	117	3.9	117	3.9	117	3.9	117			3.9	117	3.9	117																																							
SPK-0124801	C[C@@H](O)[C@H](NC(=O)C1=CC=C(\\C=C\\C#CC2=CC=C(CO)C=C2)C=C1)C(=O)NO	LpxC inhibitors	SPK-0124801-001	1	C000002733			5.45	3.805	5.85	1.343	5.7	1.79	3.8	162	4.4	40.6	5	10.1			3.8	162	6	0.896																																							
SPK-0124800	[H][C@@](C)(O)[C@H](NC(=O)C1=CC=C(C=C1)C#CC1=CC=C(N)C=C1)C(=O)NO	LpxC inhibitors	SPK-0124800-001	1	C000002709			4	90.6	3.7	181	3.7	181	3.7	181	3.7	181	3.7	181			3.7	181	3.7	181																																							
SPK-0124799	C[C@@H](O)[C@H](NC(=O)C1=CC=C(C=C1)C1=CC=C(C=C1)C(=O)NCCCN)C(=O)NO	LpxC inhibitors	SPK-0124799-001	1	C000002708			4.1	77.2	4.1	77.2	4.1	77.2	4.1	77.2	4.1	77.2	4.1	77.2			4.1	77.2	4.1	77.2																																							
SPK-0124798	[H][C@@](C)(O)[C@H](NC(=O)C1=CC=C(C=C1)C#CC1=CC=C(CN(C)C)C=C1)C(=O)NO	LpxC inhibitors	SPK-0124798-001	1	C000002689			5.15	7.58	4.55	30.35	4.4	40.5	3.8	162	3.8	162	3.8	162			3.8	162	4.4	40.5																																							
SPK-0124797	C[C@@H](O)[C@H](NC(=O)C1=CC=C(C=C1)C#CC1=CC=C(CN(C)C)C=C1)C(=O)NO	LpxC inhibitors	SPK-0124797-001	1	C000002684			5.15	7.58	4.7	20.2	4.7	20.2	3.8	162	3.8	162	3.8	162			3.8	162	5	10.1																																							
SPK-0124796	[H][C@](C)(O)[C@]([H])(NC(=O)C1=CC=C(C=C1)C#CC1=CC=C(CNC(=O)CN)C=C1)C(=O)NO	LpxC inhibitors	SPK-0124796-001	1	C000002681			4.85	14.11	4.1	75.4	4.1	75.4	4.1	75.4	4.1	75.4	4.1	75.4			4.1	75.4	5	9.42																																							
SPK-0124795	C[C@H](O)[C@H](NC(=O)C1=CC=C(C=C1)C#CC1=CC=C(NC(=O)[C@H](C)N)C=C1)C(=O)NO	LpxC inhibitors	SPK-0124795-001	1	C000002654			5.6	2.36	4.7	18.8	4.4	37.7	3.8	151	4.4	37.7	4.1	75.4			3.8	151	5	9.42																																							
SPK-0124794	NC[C@H](NC(=O)C#CC1=CC=C(C=C1)C#CCN1CCOCC1)C(=O)NO	LpxC inhibitors	SPK-0124794-001	1	C000002644			3.8	173	3.8	173	3.8	173	3.8	173	3.8	173	3.8	173			3.8	173	3.8	173																																							
SPK-0124793	ONC(=O)[C@H](CNC(=O)CCC(O)=O)NC(=O)C1=CC=C(C=C1)C#CC1=CC=C(CNC(=O)CCC(O)=O)C=C1	LpxC inhibitors	SPK-0124793-001	1	C000002637			3.9	116	3.9	116	3.9	116	3.9	116	3.9	116	3.9	116			3.9	116	3.9	116																																							
SPK-0124792	NC[C@H](NC(=O)C1=CC=C(C=C1)C#CC1=CC=C(CC(O)=O)C=C1)C(=O)NO	LpxC inhibitors	SPK-0124792-001	1	C000002628			4.4	42	4.4	42	4.4	42	4.4	42	4.4	42	4.4	42			4.4	42	4.4	42																																							
SPK-0124791	COC1CCN(CC2=CC=C(C=C2)C#CC2=CC=C(C=C2)C(=O)N[C@@H]([C@@H](C)N)C(=O)NO)CC1	LpxC inhibitors	SPK-0124791-001	1	C000002610			5.7	2.15	5.55	3.23	5.4	4.31	3.9	138	4.8	17.2	5.1	8.61			3.9	138	5.4	4.31																																							
SPK-0124790	C[C@@H](N)[C@H](NC(=O)C1=CC=C(C=C1)C#CC1=CC=C(CN(C)CC2=CN=CC=C2)C=C1)C(=O)NO	LpxC inhibitors	SPK-0124790-001	1	C000002605			5.7	2.12	6	1.06	6	1.06	3.9	136	5.1	8.48	5.4	4.24			3.9	136	6	1.06																																							
SPK-0124789	C[C@@H](N)[C@H](NC(=O)C1=CC=C(C=C1)C#CC1=CC=C(CN2CCS(=O)(=O)CC2)C=C1)C(=O)NO	LpxC inhibitors	SPK-0124789-001	1	C000002599			5.55	3.095	5.55	3.095	5.4	4.13	3.9	132	4.8	16.5	4.5	33			4.5	33	5.4	4.13																																							
SPK-0124788	C[C@@H](O)[C@H](NC(=O)C1=CC=C(S1)C#CC1=CC=C(CN2CCOCC2)C=C1)C(=O)NO	LpxC inhibitors	SPK-0124788-001	1	C000002594			4.7	18	4.85	13.51	4.7	18	3.8	144	3.8	144	3.8	144			3.8	144	5	9.02																																							
SPK-0124787	ONC(=O)[C@H](CC1=CC=NC=C1)NC(=O)C1=CC=C(C=C1)C#CC1=CC=C(CN2CCOCC2)C=C1	LpxC inhibitors	SPK-0124787-001	1	C000002563			4.2	82.5	4.8	20.625	4.8	16.5	3.9	132	3.9	132							4.8	16.5																																							
SPK-0124786	NC[C@H](NC(=O)C1=CC=C(C=C1)C#CC1=CC=C(CNC2CCCCC2)C=C1)C(=O)NO	LpxC inhibitors	SPK-0124786-001	1	C000002559			4.7	18.4	4.4	36.8	4.4	36.8	3.8	147	3.8	147							4.1	73.6																																							
SPK-0124785	NC1CCN(C[C@H](NC(=O)C2=CC=C(C=C2)C#CC2=CC=C(CN3CCOCC3)C=C2)C(=O)NO)CC1	LpxC inhibitors	SPK-0124785-001	1	C000002554			3.9	127	4.05	95.15	4.2	63.3	3.9	127	3.9	127							3.9	127																																							
SPK-0124784	ONC(=O)[C@@H](NC(=O)C1=CC=C(C=C1)C#CC1=CC=C(CN2CCOCC2)C=C1)C1=CC=CC=C1	LpxC inhibitors	SPK-0124784-001	1	C000002536			4.95	12.76	5.85	1.595	5.4	4.26	3.9	136	4.8	17							5.7	2.13																																							
SPK-0124783	CC(C)C(C(=O)NO)C(=O)NC1=CC=C(C=C1)C#CC1=CC=C(CN2CCOCC2)C=C1	LpxC inhibitors	SPK-0124783-001	1	C000002524			3.8	147	3.8	147	3.8	147	3.8	147	3.8	147							3.8	147																																							
SPK-0124782	NC[C@H](NC(=O)C1=CC=C(C=C1)C#CC1=CC=C(CO)C(F)=C1)C(=O)NO	LpxC inhibitors	SPK-0124782-001	1	C000002515			5.15	8.095	4.25	64.65	4.4	43.1	3.8	172	3.8	172							4.1	86.2																																							
SPK-0124781	ONC(=O)[C@H](CC1=CC=C2C=CC=CC2=C1)NC(=O)C1=CC=C(C=C1)C#CC1=CC=C(CN2CCOCC2)C=C1	LpxC inhibitors	SPK-0124781-001	1	C000002514			3.9	120	4.05	90	4.2	60	3.6	240	3.9	120							4.2	60																																							
SPK-0124780	NC[C@H](NC(=O)C1=CC=C(C#CC2=CC=C(CO)C=C2)C(F)=C1)C(=O)NO	LpxC inhibitors	SPK-0124780-001	1	C000002456			5.3	5.39	4.7	21.5	4.4	43.1	3.8	172	4.25	96.75							4.4	43.1																																							
SPK-0124779	NC[C@H](NC(=O)C1=CC=C(C=C1)C1=CC=C(CN2CCOCC2)C=C1)C(=O)NO	LpxC inhibitors	SPK-0124779-001	1	C000002455			3.8	161	3.8	161	3.8	161	3.8	161	3.8	161							3.8	161																																							
SPK-0124778	NC[C@H](NC(=O)C1=CC=C(C=C1)C#CC#CC1=CC=C(CN2CCOCC2)C=C1)C(=O)NO	LpxC inhibitors	SPK-0124778-001	1	C000002438			5.25	5.405	6.15	0.84	6	1.12	3.8	143	4.55	26.85							5.5	3.17																																							
SPK-0124777	NC[C@H](NC(=O)C1=CC=C(\\C=C\\C2=CC=C(CN3CCC(F)(F)CC3)C=C2)C=C1)C(=O)NO	LpxC inhibitors	SPK-0124777-001	1	C000002432			5	11.26	5.45	3.72	5.4	4.36	3.9	140	4.3	49.4							5.2	6.17																																							
SPK-0124776	NC[C@H](NC(=O)C1=CC=C(C=C1)C#CC1=CC=C(CN2CCOCC2)C(F)=C1)C(=O)NO	LpxC inhibitors	SPK-0124776-001	1	C000002388			5.3	4.54	5.3	4.54	5.5	3.21	3.8	145	4.25	54.45							5.3	4.54																																							
SPK-0124775	CS(=O)(=O)N1CCN(CC2=CC=C(C=C2)C#CC2=CC=C(C=C2)C(=O)N[C@@H](CN)C(=O)NO)CC1	LpxC inhibitors	SPK-0124775-001	1	C000002380			5.1	8.01	5.25	6.005	5.2	5.66	3.9	128	4.2	65.5							4.9	11.3																																							
SPK-0124774	C[C@@H](O)[C@H](NC(=O)C1=CC=C(C=C1)C#CC1=C(F)C=C(CN2CCOCC2)C=C1)C(=O)NO	LpxC inhibitors	SPK-0124774-001	1	C000002341			5.4	4.39	6	1.0905	6	1.1	3.9	141	4.7	22.75	5.1	8.78			4.5	35.1	5.7	1.85																																							
SPK-0124773	C[C@@H](O)[C@H](NC(=O)C1=CC=C(C=C1)N(C)C(=O)C1=CC=C(CN2CCOCC2)C=C1)C(=O)NO	LpxC inhibitors	SPK-0124773-001	1	C000002332			3.9	136	3.9	136	3.9	136	3.9	136	3.9	136							3.9	136																																							
SPK-0124772	C[C@@H](O)[C@H](NC(=O)C1=CC=C(C=C1)C(=O)NC1=CC=C(CN2CCOCC2)C=C1)C(=O)NO	LpxC inhibitors	SPK-0124772-001	1	C000002330			3.9	140	3.9	140	3.9	140	3.9	140	3.9	140							3.9	140																																							
SPK-0124771	CC(CNC(=O)C1=CC=C(C=C1)C#CC1=CC=C(CN2CCOCC2)C=C1)C(=O)NO	LpxC inhibitors	SPK-0124771-001	1	C000002287			3.8	152	3.95	113.95	4.1	75.9	3.8	152	3.8	152							3.8	152																																							
SPK-0124770	CCC(C)[C@H](NC(=O)C1=CC=C(C=C1)C#CC1=CC=C(CN2CCOCC2)C=C1)C(=O)NO	LpxC inhibitors	SPK-0124770-001	1	C000002286			4.1	71.2	5.4	5.56	5.7	2.22	3.8	142	3.95	106.6							4.7	17.8																																							
SPK-0124769	C[C@@H](O)[C@H](NC(=O)C1=CC=C(CNC2=CC=C(CN3CCOCC3)C=C2)C=C1)C(=O)NO	LpxC inhibitors	SPK-0124769-001	1	C000002281			3.8	145	3.8	145	3.8	145	3.8	145	3.8	145							3.8	145																																							
SPK-0124768	C[C@@H](O)[C@H](NC(=O)C1=CC=C(C=C1)N1CCOCC1)C(=O)NO	LpxC inhibitors	SPK-0124768-001	1	C000002214			3.7	198	3.7	198	3.4	396	3.7	198	3.7	198							3.7	198																																							
SPK-0124767	C[C@@H](O)[C@H](NC(=O)C1=CC=C(C=C1)C#CC1=CC=C(CN2CCC(N)CC2)C=C1)C(=O)NO	LpxC inhibitors	SPK-0124767-001	1	C000002209			5.4	4.44	4.2	60.6	3.8	142	3.8	142	4.35	48.05							4.4	35.5																																							
SPK-0124766	CCCCCC1=CC=C(C=C1)C(=O)N[C@@H]([C@@H](C)O)C(=O)NO	LpxC inhibitors	SPK-0124766-001	1	C000002197			4.3	51.9	3.7	208	3.7	208	3.7	208	5.2	6.49	3.7	208			3.7	208	3.85	156					4	104																																	
SPK-0124765	C[C@@H](O)[C@H](NC(=O)C1=CC=C(C=C1)C#CC1=CC=C(CO)C=C1)C(=O)NO	LpxC inhibitors	SPK-0124765-001	1	C000002193			5.75	1.82	5.2	6.46	5.2	6.09	3.8	174	4.3	49.9	4.4	43.4	4.1	86.9	3.8	174	5.6	2.495	3.8	174	5.6	2.71	5	10.9	4.85	16.3	3.8	174	3.8	174			3.8	174	3.8	174																					
SPK-0124764	C[C@@H](O)[C@H](NC(=O)C1=CC=C(C=C1)C#CC1=CC=C(CN2CCC(CC2)N2CCOCC2)C=C1)C(=O)NO	LpxC inhibitors	SPK-0124764-001	1	C000002188			4.8	15.4	5.4	3.84	5.4	3.84	3.9	123	4.35	46.1							6	2.04					6.6	0.24																																	
SPK-0124763	C[C@@H](O)[C@H](NC(=O)C1=CC=C(C=C1)C#CC1=CC=C(CN2CCC(CC2)C2=CC=CC=C2)C=C1)C(=O)NO	LpxC inhibitors	SPK-0124763-001	1	C000002143			5.1	7.82	5.55	2.93			3.9	125	4.2	62.5							6.6	0.303					6.9	0.117																																	
SPK-0124762	C[C@@H](O)[C@H](NC(=O)C1=CC=C(C=C1)C#CC1=CC=C(CN2CCC(C)CC2)C=C1)C(=O)NO	LpxC inhibitors	SPK-0124762-001	1	C000002142			5.1	8.9	5.1	8.9			3.8	142	4.1	71.2							6.15	1.249					6.6	0.278																																	
SPK-0124761	C[C@@H](O)[C@H](NC(=O)C1=CC=C(C=C1)C#CC1=CC=C(CN2CCCC(O)C2)C=C1)C(=O)NO	LpxC inhibitors	SPK-0124761-001	1	C000002137			5.4	4.43	5.1	8.86			3.8	142	4.3	53.15							6	2.3535					6.6	0.277																																	
SPK-0124760	C[C@H](O)[C@@H](NC(=O)C1=CC=C(C=C1)C#CC1=CC=C(CN(C)C2CCN(C)C2)C=C1)C(=O)NO	LpxC inhibitors	SPK-0124760-001	1	C000002010			3.9	138	3.9	138			3.9	138			3.6	276	3.9	138	3.9	138	3.9	138	3.9	138			3.9	138																																	
SPK-0124759	C[C@H](O)[C@@H](NC(=O)C1=CC=C(C=C1)C#CC1=CC=C(CN2CCN(CC2)S(C)(=O)=O)C=C1)C(=O)NO	LpxC inhibitors	SPK-0124759-001	1	C000002004			3.9	124	3.9	124			3.6	249			3.9	124	3.9	124	3.9	124	3.9	124	3.9	124			4.5	31.1																																	
SPK-0124758	C[C@H](O)[C@@H](NC(=O)C1=CC=C(C=C1)C#CC1=CC=C(CN2CCN(CC2)S(=O)(=O)N(C)C)C=C1)C(=O)NO	LpxC inhibitors	SPK-0124758-001	1	C000002003			3.9	118	3.9	118			3.9	118			3.6	235	3.9	118	3.9	118	4.2	58.9	3.9	118			4.8	14.7																																	
SPK-0124757	C[C@H](O)[C@@H](NC(=O)C1=CC=C(C=C1)C#CC1=CC=C(CN2CCC(N)C2)C=C1)C(=O)NO	LpxC inhibitors	SPK-0124757-001	1	C000002002			3.8	147	3.8	147			3.8	147			3.5	293	3.8	147	3.8	147	3.8	147	3.8	147			3.8	147																																	
SPK-0124756	C[C@H](O)[C@@H](NC(=O)C1=CC=C(C=C1)C#CC1=CC=C(CN2CCNCC2)C=C1)C(=O)NO	LpxC inhibitors	SPK-0124756-001	1	C000001998			3.8	147	3.8	147			3.8	147			3.8	147	3.8	147	3.8	147	3.8	147	3.8	147			3.8	147																																	
SPK-0124755	CC(C)(C)[C@H](NS(=O)(=O)C1=CC=C(C=C1)C#CC1=CC=C(CN2CCOCC2)C=C1)C(=O)NO	LpxC inhibitors	SPK-0124755-001	1	C000001976			3.9	132	3.9	132			3.9	132			3.9	132	3.9	132	3.9	132	4.8	16.5	3.9	132			4.8	16.5																																	
SPK-0124754	ONC(=O)C1(CCCC1)NS(=O)(=O)C1=CC=C(C=C1)C#CC1=CC=C(CN2CCOCC2)C=C1	LpxC inhibitors	SPK-0124754-001	1	C000001974			3.9	132	4.2	82.55			3.9	132			4.5	33.1	3.9	132	3.9	132	5.1	8.27	3.9	132			4.8	16.5																																	
SPK-0124753	CSCC[C@H](NS(=O)(=O)C1=CC=C(C=C1)C#CC1=CC=C(CN2CCOCC2)C=C1)C(=O)NO	LpxC inhibitors	SPK-0124753-001	1	C000001968			3.9	127	4.05	95.25			3.9	127			3.9	127	3.9	127	3.9	127	4.5	31.8	3.9	127			4.8	15.9																																	
SPK-0124752	ONC(=O)[C@H](CC1=CC=CC=C1)NS(=O)(=O)C1=CC=C(C=C1)C#CC1=CC=C(CN2CCOCC2)C=C1	LpxC inhibitors	SPK-0124752-001	1	C000001967			3.9	123	4.2	76.9			3.9	123			4.5	30.8	3.9	123	3.9	123	5.4	3.85	3.9	123			5.4	3.85																																	
SPK-0124751	C[C@@H](O)[C@H](NC(=O)C1=CC=C(C=C1)C#CC1=CC=C(CN2CC3CC2CN3)C=C1)C(=O)NO	LpxC inhibitors	SPK-0124751-001	1	C000001966			5.4	4.46	4.1	89.35			3.8	143			3.5	285	3.8	143	3.8	143	4.7	17.8	3.8	143			5.4	4.46																																	
SPK-0124750	C[C@@H](O)[C@H](NC(=O)C1=CC=C(C=C1)C#CC1=CC=C(CN2CCC(F)CC2)C=C1)C(=O)NO	LpxC inhibitors	SPK-0124750-001	1	C000001965			5.1	8.82	5.7	2.21	6	1.1	3.5	282	4.5	35.3	5.1	8.82	4.2	70.6	3.9	141	6.6	0.276	3.9	141	5.1	8.82	5.7	2.21	5.55	3.31	4.5	35.3	4.5	35.3			4.5	35.3	4.5	35.3																					
SPK-0124749	C[C@@H](O)[C@H](NC(=O)C1=CC=C(C=C1)C#CC1=CC=C(CN2CCC(O)C2)C=C1)C(=O)NO	LpxC inhibitors	SPK-0124749-001	1	C000001952			5.6	2.29	4.7	38.835			3.8	146			4.1	73.1	3.8	146	3.8	146	5.6	2.29	3.8	146			6.2	0.571																																	
SPK-0124748	CSC[C@H](NC(=O)C1=CC=C(C=C1)C#CC1=CC=C(CN2CCOCC2)C=C1)C(=O)NO	LpxC inhibitors	SPK-0124748-001	1	C000001933			4.5	35.3	5.1	18.75			3.9	141			4.5	35.3	3.9	141	3.9	141	6	1.1	3.9	141			6.6	0.276																																	
SPK-0124747	ONC(=O)C1(CCCNC1)NC(=O)C1=CC=C(C=C1)C#CC1=CC=C(CN2CCOCC2)C=C1	LpxC inhibitors	SPK-0124747-001	1	C000001932			4.2	69.2	3.9	138			3.9	138			3.9	138	3.9	138	3.9	138	4.5	34.6	3.9	138			4.8	17.3																																	
SPK-0124746	CC(C)(N)[C@H](NC(=O)C12CC(C1)(C2)C#CC#C[C@H]1C[C@@H]1CO)C(=O)NO	LpxC inhibitors	SPK-0124746-001	1	C000010816	6.85	0.14	5.6	2.78																			5	11.1																						4	32	1	32										
SPK-0124744	CO[C@]1(CCS(=O)(=O)C1)[C@H](NC(=O)C1=CC=C(C=C1)C#CC#CCCO)C(=O)NO	LpxC inhibitors	SPK-0124744-001	1	C000050564	8.85	0.0014	5.3	4.6	4.7	18.4	3.8	147															5.6	2.3															34.8	29						1	4	0.5	16	2.14									
SPK-0124743	CCOC1(CS(=O)(=O)C1)C(NC(=O)C1=CC=C(C=C1)C#CC#CCCO)C(=O)NO	LpxC inhibitors	SPK-0124743-001	1	C000050552	9.17	0.00067	5.4	3.65	5.7	1.82	5.1	7.29																															20.4	15.3										2.64									
SPK-0124742	OCCC#CC#CC1=CC=C(C=C1)C(=O)N[C@H](C(=O)NO)C1(CS(=O)(=O)C1)C1CC1	LpxC inhibitors	SPK-0124742-001	1	C000050534			5.3	4.65	5.3	4.65	4.4	37.2																															21.2	14.1										2.64									
SPK-0124741	ONC(=O)[C@H](NC(=O)C1=CC=C(C=C1)S(F)(F)(F)(F)F)[C@]1(O)CCNC1	LpxC inhibitors	SPK-0124741-001	1	C000050502			3.9	123	3.9	123	3.9	123																																										64									
SPK-0124740	C[C@@H]1NC[C@@]1(O)[C@@H](NC(=O)C1=CC=C(C=C1)S(F)(F)(F)(F)F)C(=O)NO	LpxC inhibitors	SPK-0124740-001	1	C000050494			3.8	145	3.8	145	3.8	145																																										64									
SPK-0124739	CNC(=O)C(NC(=O)C1=CC=C(I)C=C1)C(=O)NO	LpxC inhibitors	SPK-0124739-001	1	C000050468			4.4	42.4	3.8	170	3.8	170																															9.46	7.39										18.4	5.1	5.1	18	24	0.99	0.58	0.37	1.3	13
SPK-0124738	CNC(=O)C(C)(NC(=O)C1=CC=C(I)C=C1)C(=O)NO	LpxC inhibitors	SPK-0124738-001	1	C000050467			3.8	164	3.8	164	3.8	164																															13	9.59										64	8.3	8.1	17	22	0.6	0.66	0.78	1.7	6.4
SPK-0124737	C\\C=C\\C#CC1=CC=C(C=C1)C(=O)N[C@H](C(=O)NO)C(C)(C)NS(C)(=O)=O	LpxC inhibitors	SPK-0124737-001	1	C000050454	8.47	0.0034	5.4	3.94	6	0.985	5.4	3.94																															11	10.7										2.14									
SPK-0124736	C\\C=C\\C#CC1=CC=C(C=C1)C(=O)N[C@H](C(=O)NO)C(C)(C)N	LpxC inhibitors	SPK-0124736-001	1	C000050449			6.4	0.412	5.8	1.65	5.3	4.66																															20.5	22.3										0.218									
SPK-0124735	CC(C)([C@H](NC(=O)C1=CC=C(C=C1)C#C)C(=O)NO)S(=O)(=O)CC1COC1	LpxC inhibitors	SPK-0124735-001	1	C000050444	8.7	0.002	5	10.1	3.9	115	3.8	162																															24.9	38										6.06									
SPK-0124734	CC#CC1=CC=C(C=C1)C(=O)N[C@H](C(=O)NO)C(C)(C)NC(=O)[C@H]1CCOC1	LpxC inhibitors	SPK-0124734-001	1	C000050441	6.85	0.14	3.8	165	3.8	165	3.8	165																																										64									
SPK-0124733	CC(C)(N)[C@H](NC(=O)C1CC1)C(=O)NO	LpxC inhibitors	SPK-0124733-001	1	C000050428	4	100	2.9	1190	2.9	1190	2.9	1190																																										256									
SPK-0124732	CS(=O)(=O)C1(CNC1)C(NC(=O)C1=CC=C(C=C1)S(F)(F)(F)(F)F)C(=O)NO	LpxC inhibitors	SPK-0124732-001	1	C000050413	7.52	0.03	4.5	28.2	3.9	113	3.9	113																																										14.9									
SPK-0124731	CC(=O)N1CC(O)(C1)C(NC(=O)C1=CC=C(C=C1)C#CC#CCCO)C(=O)NO	LpxC inhibitors	SPK-0124731-001	1	C000050406	7.92	0.012	3.5	320	3.5	320	3.2	641																																										169									
SPK-0124730	CC(C)(C)OC(=O)N1CC(C1)(C(NC(=O)C1=CC=C(C=C1)S(F)(F)(F)(F)F)C(=O)NO)S(C)(=O)=O	LpxC inhibitors	SPK-0124730-001	1	C000050384			3.3	462	3.3	462	3.3	462																																										256									
SPK-0124729	OCCC#CC#CC1=CC=C(C=C1)C(=O)N[C@@H](C(=O)NO)[C@]1(O)CCNC1	LpxC inhibitors	SPK-0124729-001	1	C000050364			3.3	527	3.3	527	3.3	527																																										256									
SPK-0124728	CC#CC1=CC=C(C=C1)C(=O)N[C@H](C(=O)NO)[C@@](C)(O)C1CNC1	LpxC inhibitors	SPK-0124728-001	1	C000050359			3.2	575	3.2	575	3.2	575																																										256									
SPK-0124727	CC(C)([C@H](NC(=O)C1=CC=C(C=C1)C#CC#CCCO)C(=O)NO)S(=O)(=O)[C@@H]1CCNC1	LpxC inhibitors	SPK-0124727-001	1	C000050358			4.7	19.7	3.8	157	3.4	445																																										21.1									
SPK-0124726	COC1(CN(C)C1)C(NC(=O)C1=CC=C(C=C1)S(F)(F)(F)(F)F)C(=O)NO	LpxC inhibitors	SPK-0124726-001	1	C000050347	6.17	0.68	4.5	30	3.3	480	3.3	480																																										22.6									
SPK-0124725	CC#CC1=CC=C(C=C1)C(=O)N[C@@]1(C[C@H](N)C1)C(=O)NO	LpxC inhibitors	SPK-0124725-001	1	C000050343			3.2	638	3.2	638	3.2	638																																										256									
SPK-0124724	ONC(=O)C(NC(=O)C1=CC=C(C=C1)S(F)(F)(F)(F)F)C1(O)CNC1	LpxC inhibitors	SPK-0124724-001	1	C000050336	6.47	0.34	5.3	5.6	3.3	507	3.3	507																															40.4	45										4									
SPK-0124723	CC#CC1=CC=C(C=C1)C(=O)NC1(CN(C1)S(C)(=O)=O)C(=O)NO	LpxC inhibitors	SPK-0124723-001	1	C000050331	5	10	3.1	729	3.1	729	3.1	729																																										256									
SPK-0124722	CC#CC1=CC=C(C=C1)C(=O)NC(C(=O)NO)C1(O)CN(C)C1	LpxC inhibitors	SPK-0124722-001	1	C000050321	5.7	2	4.4	37.1	3.2	593	3.2	593																															48.7	53.9										27.9									
SPK-0124721	CC(C)(N)[C@H](NC(=O)C1CCC(=CC1)C#C)C(=O)NO	LpxC inhibitors	SPK-0124721-001	1	C000050319	5.8	1.6	4.8	14.3	3.3	458	3	916																															66.6	75.4										8									
SPK-0124720	CS(=O)(=O)C1(CNC1)C(NC(=O)C1=CC=C(C=C1)C#CC#CCCO)C(=O)NO	LpxC inhibitors	SPK-0124720-001	1	C000050317	8.42	0.0038	4.2	60	3.6	240	3.3	480																															34.4	22.3										48.5									
SPK-0124719	CC#CC1=CC=C(C=C1)C(=O)N[C@H](C(=O)NO)C(C)(C)NC(C)C	LpxC inhibitors	SPK-0124719-001	1	C000050307	7.1	0.079																																																									
SPK-0124718	C[C@@H](OCC1CNC1)[C@H](NC(=O)C1=CC=C(OC(F)(F)F)C=C1)C(=O)NO	LpxC inhibitors	SPK-0124718-001	1	C000050306	5.31	4.9	3.2	567	3.2	567	3.2	567																																										256									
SPK-0124717	CC(C)(N)[C@H](NC(=O)C1(C)CCC(=C)CC1)C(=O)NO	LpxC inhibitors	SPK-0124717-001	1	C000050299	5.29	5.1	4.1	80.5	3.5	322	3.2	644																																										48.5									
SPK-0124716	CC(C)(N)[C@H](NC(=O)N1CCC(=CC1)C1=CC=CC=C1)C(=O)NO	LpxC inhibitors	SPK-0124716-001	1	C000050293	7.55	0.028	5.4	3.55	3.8	143	3.5	287															6	1.12															32	43.7						0.5	2	0.13	16	2.22	1.8	1.8	8.2	19	5.5	3	0.79	3.6	13
SPK-0124715	CC#CC1=CC=C(C=C1)C(=O)N[C@H](C(=O)NO)C(C)(C)NCCN(C)C	LpxC inhibitors	SPK-0124715-001	1	C000050290	6.72	0.19	4.5	33.7	3.3	540	3.3	540																																										29.9									
SPK-0124714	CN1C(N)=NC(C)=C1C(NC(=O)C1=CC=C(C=C1)C#CC#CCCO)C(=O)NO	LpxC inhibitors	SPK-0124714-001	1	C000050288	4.34	46	3.3	503	3.3	503	3.3	503																																										256									
SPK-0124713	NC1CC(O)(C1)C(NC(=O)C1=CC=C(Br)C=C1)C(=O)NO	LpxC inhibitors	SPK-0124713-001	1	C000050286	4.85	14	3.6	271	3.3	542	3.3	542																																										223									
SPK-0124712	CC(C)(N)[C@H](NC(=O)C1=CC=C(N=C1)C(F)(F)F)C(=O)NO	LpxC inhibitors	SPK-0124712-001	1	C000050281	6.16	0.69	4.7	18.4	3.5	295	3.2	589																																										13									
SPK-0124711	OCCC#CC#CC1=CC=C(C=C1)C(=O)NC(C(=O)NO)C1(O)CNC1	LpxC inhibitors	SPK-0124711-001	1	C000050278	7.28	0.053	4.3	44.8	3.9	127	3.4	358																															37	40.3										30.6	16	16	41	47	0.63	0.27	6.4	17	1.6
SPK-0124710	CC1=CCC(CC1)C(=O)N[C@H](C(=O)NO)C(C)(C)N	LpxC inhibitors	SPK-0124710-001	1	C000050271	5.46	3.5	4.5	33.1	3.5	334	3.2	668															4.7	20.9																						8	64	8	130	19.9									
SPK-0124709	CC(C)(N)[C@H](NC(=O)C1=CC=C(Br)C=C1)C(=O)NO	LpxC inhibitors	SPK-0124709-001	1	C000050269	6.74	0.18	5.3	4.5	4.4	36	3.5	288															5.6	2.25																						1	4	0.5	8	2.46									
SPK-0124708	CC(C)(N)[C@H](NC(=O)C1(F)CCCCC1)C(=O)NO	LpxC inhibitors	SPK-0124708-001	1	C000050266	4.36	44	3.3	465	3.2	658	3.2	658																																										208									
SPK-0124707	CC(C)(N)[C@H](NC(=O)N1CCC[C@H](F)C1)C(=O)NO	LpxC inhibitors	SPK-0124707-001	1	C000050254	4.1	80	3.3	463	3	926	3	926															3.3	463																						130	260	130	260	163									
SPK-0124706	CC(C)(N)[C@H](NC(=O)C1CCN(CC(F)F)CC1)C(=O)NO	LpxC inhibitors	SPK-0124706-001	1	C000050252	3.85	140	3.2	587	3.2	587	3.2	587																																										256									
SPK-0124705	CC1=CCN(CC1)C(=O)N[C@H](C(=O)NO)C(C)(C)N	LpxC inhibitors	SPK-0124705-001	1	C000050229	4.86	29.25	4.7	20.8	3.2	666	3.2	666																																										14.9									
SPK-0124704	CC(C)([C@H](NC(=O)C1=CC=C(C=C1)C#CC#C[C@H]1C[C@H](O)C1)C(=O)NO)S(C)(=O)=O	LpxC inhibitors	SPK-0124704-001	1	C000050213	9.37	0.00043	5.6	2.31	6.5	0.289	6.1	0.818															5.9	1.16															6.97	8.87						0.5	2	0.13	2	1.37									
SPK-0124703	CCC#CC1=CC=C(C=C1)C(=O)N[C@H](C(=O)NO)C(C)(C)N	LpxC inhibitors	SPK-0124703-001	1	C000050198	6.96	0.262	5.9	1.2	4.4	38.3	3.8	153																															32.9	42										1.07									
SPK-0124702	CC(C)(N)[C@H](NCC1CCCCC1)C(=O)NO	LpxC inhibitors	SPK-0124702-001	1	C000050195	4.17	67	3.6	263	3.6	263	3.6	263																																										64									
SPK-0124701	CC(C)(O)[C@H](NCC1=CC=C(C=C1)C#CC#CCCO)C(=O)NO	LpxC inhibitors	SPK-0124701-001	1	C000050188	7.12	0.075	4.4	36	4.6	25.4	3.8	144																															21.2	22.2										24.2									
SPK-0124700	CC1=C(C(NC(=O)C2=CC=C(C=C2)C#CC#CC2CN(C2)C=O)C(=O)NO)C(C)=NO1	LpxC inhibitors	SPK-0124700-001	1	C000050178	8.38	0.0042	5	9.51	5.6	2.38	4.7	19																															17.4	11.5										4									
SPK-0124699	CN1C=NC(C)=C1C(NC(=O)C1=CC=C(OC(F)(F)F)C=C1)C(=O)NO	LpxC inhibitors	SPK-0124699-001	1	C000050176	5.85	1.4	3.8	172	3.8	172	3.8	172																																										64									
SPK-0124698	CC(C)(N)[C@H](NC(=O)N1CCC(CC1)C1=CC=CC=C1)C(=O)NO	LpxC inhibitors	SPK-0124698-001	1	C000050171	6.74	0.18	5	10.1	3.8	162	3.8	162																															50.3	52.5										8.78									
SPK-0124697	CC(=O)N1CC(C1)C#CC#CC1=CC=C(C=C1)C(=O)N[C@H](C(=O)NO)C(C)(C)S(C)(=O)=O	LpxC inhibitors	SPK-0124697-001	1	C000050168	8.77	0.0017	5.1	8.7	5.8	1.54	5.4	4.35																															37.5	23.9										4.6									
SPK-0124696	CC#CC1=CC=C(C=C1)C(=O)N[C@H](C(=O)NO)C(C)(C)N	LpxC inhibitors	SPK-0124696-001	1	C000050164	6.86	0.33	6.05	0.809	4.55	27.65	3.7	183															6.4	0.358															44.7	53.8						0.19	0.75	0.0965	1	0.436	2.3	2.3	8.5	17	4.5	2.8	1.2	4.6	8.2
SPK-0124695	CC(C)(O)[C@H](NCC1=NOC(=C1)C1=CC=CC=C1)C(=O)NO	LpxC inhibitors	SPK-0124695-001	1	C000050154	7.54	0.029	4.7	21.9	3.8	175	3.8	175																																										13									
SPK-0124694	COC1=CC=C(C(F)=C1)C1=CC(=O)N(CCC(C)(C(=O)NO)C2=NC=CN2C)C=C1	LpxC inhibitors	SPK-0124694-001	1	C000050143	6.7	0.2	3.9	121	3.9	121	3.9	121																																										64									
SPK-0124693	CC(C)(O)[C@H](NC(=O)C1=CC=C(C=C1)C#CC#CC1C[C@@](O)(CO)C1)C(=O)NO	LpxC inhibitors	SPK-0124693-001	1	C000050072	8.16	0.0069	5.5	3.53	5.5	3.53	5	9.99																															21.3	28.5										3.25									
SPK-0124692	CC(C)([C@H](NC(=O)C1=CC=C(C=C1)C#CC#CCCO)C(=O)NO)S(C)(=O)=O	LpxC inhibitors	SPK-0124692-001	1	C000050067	8.34	0.0046	5.35	4.41	5.7	2.1	5.1	8.4															5.6	2.46															30.9	28.6		36.7	28.2	740	0.976	1	2	0.13	8	2.485	4.2	4.2	21	31	1.9	0.52	1.2	5.9	6.5
SPK-0124691	CC(C)(N)[C@H](NC(=O)C1=CN=C(C=C1)N1CCCC1)C(=O)NO	LpxC inhibitors	SPK-0124691-001	1	C000050029			3.8	147	3.8	147	3.8	147																																										64									
SPK-0124690	CC(C)(N)[C@H](NC(=O)C1=CC=C(OC(F)F)C=C1)C(=O)NO	LpxC inhibitors	SPK-0124690-001	1	C000050020	6.35	0.45	5.3	4.64	3.8	148	3.8	148																															59.4	52.4				426	0.89					3.73									
SPK-0124689	CC1=NC(=CS1)C(=O)N[C@H](C(=O)NO)C(C)(C)N	LpxC inhibitors	SPK-0124689-001	1	C000050018	6	1	3.8	166	3.8	166	3.8	166																																										64									
SPK-0124688	CC(C)(N)[C@H](NC(=O)C1=CN2N=C(Cl)C=CC2=N1)C(=O)NO	LpxC inhibitors	SPK-0124688-001	1	C000050017	6	1	3.8	145	3.8	145	3.8	145																																										64									
SPK-0124687	CN1C=C(C(=O)N[C@H](C(=O)NO)C(C)(C)N)C(C)=N1	LpxC inhibitors	SPK-0124687-001	1	C000050014			3.8	167	3.8	167	3.8	167																																										64									
SPK-0124686	CN1N=NC2=C1C=CC(=C2)C(=O)N[C@H](C(=O)NO)C(C)(C)N	LpxC inhibitors	SPK-0124686-001	1	C000050010			3.8	152	3.8	152	3.8	152																																										64									
SPK-0124685	CC1=C(Cl)C=C(C=C1)C(=O)N[C@H](C(=O)NO)C(C)(C)N	LpxC inhibitors	SPK-0124685-001	1	C000050007			4.7	19.3	4.1	77.3	3.8	155																																										12.1									
SPK-0124684	CC(C)(N)[C@H](NC(=O)C1=CC=C(C=C1)C(F)(F)F)C(=O)NO	LpxC inhibitors	SPK-0124684-001	1	C000050002	6.03	2.015	5.5	3.26	4.1	73.9	3.8	148																															63.4	51.9				268	0.975					1.74									
SPK-0124683	CC(C)(N)[C@H](NC(=O)C1=CC=C(OC(F)(F)F)C=C1)C(=O)NO	LpxC inhibitors	SPK-0124683-001	1	C000049995	7.24	0.057	5.9	1.4	4.1	71.2	3.8	142															6.3	0.556															50.8	36.7				456	0.96	0.25	2	0.13	4	1	3.5	3.5	13	20	2.9	1.5	1.3	4.6	7.9
SPK-0124682	CC(C)(O)[C@H](NC(=O)C1=CC=C(C=C1)C#CC#C[C@@H]1C[C@H]1CNC1COC1)C(=O)NO	LpxC inhibitors	SPK-0124682-001	1	C000049994	8.59	0.0026	5.4	3.71	6.2	0.655	5.6	2.62																															32.5	23.7										2.64									
SPK-0124681	CC(C)(O)[C@H](NC(=O)C1=CC=C(C=C1)C#CC#CC1CC(O)(CN)C1)C(=O)NO	LpxC inhibitors	SPK-0124681-001	1	C000049991	8.74	0.0018	5.3	5.51	4.7	22	3.9	125															5.4	3.9															51.9	51.1										6.5									
SPK-0124680	CC(C)(O)[C@H](NC(=O)C1=CC=C(C=C1)C#CC#CC1CC(C1)NC1CCS(=O)(=O)C1)C(=O)NO	LpxC inhibitors	SPK-0124680-001	1	C000049981	9.44	0.00036	4.9	13.3	5.8	1.66	5.3	4.7																															38.4	29.8										12.1									
SPK-0124679	CC(C)(O)[C@H](NC(=O)C1CC1C1=CC=C(C=C1)C#CC1CN(CCO)C1)C(=O)NO	LpxC inhibitors	SPK-0124679-001	1	C000049973, C000049975			3.9	121	3.9	121	3.9	121																															66.3	55.7										64									
SPK-0124678	CNCC(=O)N1CC(C1)C#CC#CC1=CC=C(C=C1)C(=O)N[C@H](C(=O)NO)C(C)(C)O	LpxC inhibitors	SPK-0124678-001	1	C000049968	8.52	0.003	4.8	14.8	4.8	14.8	4.5	29.6																															52.2	51.7										13									
SPK-0124677	CN(C)CC(=O)N1CC(C1)C#CC#CC1=CC=C(C=C1)C(=O)N[C@H](C(=O)NO)C(C)(C)O	LpxC inhibitors	SPK-0124677-001	1	C000049965	8.85	0.0014	4.8	14.4	5	10.2	4.7	20.4																															67.1	55.6										13									
SPK-0124676	CC(C)(N)[C@H](NC(=O)C1=CC=C(I)C=C1)C(=O)NO	LpxC inhibitors	SPK-0124676-001	1	C000049951	5.85	1.4	5.4	4.07	4.2	65.1	4.2	65.1															4.8	16.3																				43	0.96					3.25									
SPK-0124675	COCC1=CC(=NO1)C1=CC=C(C=C1)C(=O)N[C@H](C(=O)NO)C(C)(C)N	LpxC inhibitors	SPK-0124675-001	1	C000049938	6.73	0.185	4.4	37.9																			4.4	37.9																																			
SPK-0124674	CC(C)(O)[C@H](NC(=O)C1=CC=C(C=C1)C#CC#C[C@@H]1C[C@@H](C1)NCCO)C(=O)NO	LpxC inhibitors	SPK-0124674-001	1	C000049935	8.11	0.00785	5.2	5.97	5.1	8.45	4.8	16.9					4.5	33.8	4.5	33.8					4.5	33.8	4.65	25.35									4.8	16.9																4.6									
SPK-0124673	CC(CCN1C=CC(=CC1=O)C#CC#C[C@@H]1C[C@H]1CO)(C(=O)NO)S(C)(=O)=O	LpxC inhibitors	SPK-0124673-001	1	C000049922	8.57	0.0027	5.9	1.23																			4.85	14.15																																			
SPK-0124672	CC(C)(O)[C@H](NC(=O)C1=CC=C(C=C1)C#CC#CC1CN(CCC#N)C1)C(=O)NO	LpxC inhibitors	SPK-0124672-001	1	C000049921	8.87	0.00135	5.2	6.08	6.3	0.478	5.6	2.41															6	0.957															29.5	27.9				318	0.935	0.5	2	0.13	8	3.14									
SPK-0124671	NC1=NC2=C(C=N1)C=C(C1=CC=CC=C1)C(NC(=O)N[C@@H](CO)C(=O)NO)=N2	LpxC inhibitors	SPK-0124671-001	1	C000028934			3.9	129	3.9	129	3.9	129	3.9	129							3.9	129	3.9	129																																							
SPK-0124670	CC(C)(N)[C@H](NC(=O)C1=CC=C(C=C1)C#CC#CC1=CC(=O)N(CCO)C=C1)C(=O)NO	LpxC inhibitors	SPK-0124670-001	1	C000005371			5.3	4.58	5.75	2.5765	4.7	18.3	4.1	73.3																													19.9	14.5										5.28									
SPK-0124669	CC(C)(O)[C@H](NC(=O)C1=CC=C(C=C1)C#CC#CCCN1CCOCC1)C(=O)NO	LpxC inhibitors	SPK-0124669-001	1	C000005346			5	9.67	5.9	1.5125			4.1	77.4																																																	
SPK-0124668	CC(C)(O)[C@H](NC(=O)C1=CC=C(C=C1)C#CC#CC1CN(CCO)C1)C(=O)NO	LpxC inhibitors	SPK-0124668-001	1	C000005339	8.53	0.00298	5.6	2.5	5.6	2.5	4.9	12.1	4.1	80.1			4.7	20	4.4	40.1					4.4	40.1	5.6	2.5									5.3	5.01					48.5	49				217	0.975	0.5	2	0.13	4	2.03	2.6	2.6	16	31	3.5	0.95	1.3	7.7	7.2
SPK-0124667	CNC(C)(C)[C@H](NC(=O)C1=CC=C(C=C1)C#CC#CC[C@@H](O)CO)C(=O)NO	LpxC inhibitors	SPK-0124667-001	1	C000005337	8.21	0.00615	5.65	2.205	5.3	6.44			4.1	82.6													5	10.3																				2340	0.89														
SPK-0124666	CC(C)(O)[C@H](NC(=O)C1=CC=C(C=C1)C#CC#CC1CN(C1)C(=O)C(N)CO)C(=O)NO	LpxC inhibitors	SPK-0124666-001	1	C000005335			5	9.04	4.85	20.36			4.1	72.3																																																	
SPK-0124665	CC(C)(N)[C@H](NC(=O)C1=CC=C(C=C1)C#C\\C=C\\CC(O)CO)C(=O)NO	LpxC inhibitors	SPK-0124665-001	1	C000005333			5	10.7	4.4	53.25			4.1	85.2													4.7	21.3																																			
SPK-0124664	CC(C)(N)[C@H](NC(=O)C1=CC=C(C=C1)C#CC#CC(CO)CC(=O)NO)C(=O)NO	LpxC inhibitors	SPK-0124664-001	1	C000005328			4.7	19.2	4.4	48			4.1	76.8			4.1	76.8	4.4	38.4					4.1	76.8																																					
SPK-0124663	CC(C)(N)[C@H](NC(=O)C1=CC=C(C=C1)C#CC#CC1COC(=O)C1)C(=O)NO	LpxC inhibitors	SPK-0124663-001	1	C000005327			5.6	2.61	5.6	5.526			4.1	83.5			4.1	83.5	5.3	5.22					5	10.4																																					
SPK-0124662	C[C@@H](NC(=O)[C@@H](N)CO)[C@H](NC(=O)C1=CC=C(C=C1)C#CC#CCCO)C(=O)NO	LpxC inhibitors	SPK-0124662-001	1	C000005325			4.1	76.8	4.1	76.8			4.1	76.8			4.1	76.8	4.1	76.8					4.1	76.8																																					
SPK-0124661	C[C@H](O)C#CC#CC1=CC=C(C=C1)C(=O)N[C@@H]([C@@H](C)N)C(=O)NO	LpxC inhibitors	SPK-0124661-001	1	C000005312			5.2	6.07	4.9	15.185			4	97.2													5.5	3.04															66	49																			
SPK-0124660	C[C@@H](NC=O)[C@H](NC(=O)C1=CC=C(C=C1)C#CC#CC1CN(C1)C=O)C(=O)NO	LpxC inhibitors	SPK-0124660-001	1	C000005311	8.05	0.0089	4.1	80.7	5.15	11.36	4.1	80.7	4.1	80.7			4.1	80.7	4.4	40.4					4.1	80.7																												32									
SPK-0124659	C[C@@H](C#CC#CC1=CC=C(C=C1)C(=O)N[C@H](C(=O)NO)C(C)(C)N)[C@H](O)CO	LpxC inhibitors	SPK-0124659-001	1	C000005265			5.15	7.73	4.55	46.45			4.4	41.3			4.4	41.3	4.4	41.3					4.4	41.3																						649	0.88														
SPK-0124658	CC(CCC1=CC=C(C=C1)C#CC#CC1C[C@@H]1CO)(C(=O)NO)S(C)(=O)=O	LpxC inhibitors	SPK-0124658-001	1	C000005255	8.76	0.00175	5.6	2.57	6.65	0.65925			4.7	20.5			4.7	20.5	5.3	5.14					5	10.3	5.6	2.57															1.37	2.12						0.5	1	0.25	1										
SPK-0124657	CC(C)([C@H](NC(=O)C1=CC=C(C=C1)C#CC#CC1CC1CO)C(=O)NO)S(C)(=O)=O	LpxC inhibitors	SPK-0124657-001	1	C000005229	9.22	0.000607	5.45	3.47	6.85	0.30635			4.7	18.5			5.3	4.62	5.9	1.16					5.3	4.62	5.9	1.16															8.5	7.5				214	0.965	0.5	2	0.13	4	1.82									
SPK-0124656	CC(C)(N)C(NC(=O)C1=CC=C(C=C1)C#CC1(O)COC1)C(=O)NO	LpxC inhibitors	SPK-0124656-001	1	C000005208			4.6	23	4.6	23			4.6	23			4.6	23	4.6	23					4.6	23																																					
SPK-0124654	CS(=O)(=O)N[C@H](CCC1=CC=CC=C1)C(=O)NO	LpxC inhibitors	SPK-0124654-001	1	C000005081			3.6	235	3.6	235	3.6	235	3.6	235	3.6	235	3.6	235	3.6	235																																											
SPK-0124653	CC(C)(N)[C@H](NC(=O)C1=CC=C(C=C1)C1=CC=C(C=C1)C#CC1C[C@@H]1CO)C(=O)NO	LpxC inhibitors	SPK-0124653-001	1	C000005059			6	0.942	5.95	1.066	5.6	2.37	4.4	38	5.8	1.49	5.4	3.77	5.9	1.19																																											
SPK-0124652	[H][C@]1(C[C@@]1(C)CO)C#CC#CC1=CC=C(C=C1)C(=O)N[C@H](C(=O)NO)C(C)(C)N	LpxC inhibitors	SPK-0124652-001	1	C000005033			6.2	0.652	6	1.04	5.6	2.61	4.4	41.7	4.9	13.1	5.4	4.14	6	1.04																																											
SPK-0124651	CC(C)(N)[C@H](NC(=O)C1=CC=C(C=C1)C#CC#C[C@H]1C[C@@H](C1)OC(=O)C1=CC=CC=C1)C(=O)NO	LpxC inhibitors	SPK-0124651-001	1	C000004998			4.5	33.8	5.4	5.28	4.95	12.675	4.5	33.8	4.5	33.8	5.7	2.11	6.3	0.528																																											
SPK-0124650	CNC(C)(C)[C@H](NC(=O)C1=CC=C(C=C1)C#CC#CC1=CN=C(N)S1)C(=O)NO	LpxC inhibitors	SPK-0124650-001	1	C000004951			5.9	1.22	5.75	1.825	5.15	20.06	4.4	38.9	4.7	19.4	5.3	4.86	4.4	38.9																																											
SPK-0124649	CCN1C=C(C=N1)C#CC#CC1=CC=C(C=C1)C(=O)N[C@H](C(=O)NO)C1(N)CCC1	LpxC inhibitors	SPK-0124649-001	1	C000004949			5.9	1.23	6.65	0.228	5.75	2.7735	4.4	39.5	5.6	2.47	5.9	1.23	5.9	1.23																																											
SPK-0124648	CNC1=NC=C(S1)C#CC#CC1=CC=C(C=C1)C(=O)N[C@H](C(=O)NO)C(C)(C)N	LpxC inhibitors	SPK-0124648-001	2	C000004942			6.2	0.608	6.5	0.304	5.6	9.852	4.55	29.15	5.65	2.235	5.95	1.0925	6.1	0.851																																											
SPK-0124647	CN(C)C(C)(C)[C@H](NC(=O)C1=CC=C(C=C1)C#CC#CC1(O)COC1)C(=O)NO	LpxC inhibitors	SPK-0124647-001	1	C000004913			5.85	1.51	5.4	4.275	4.7	25.05	4.4	40.1	4.4	40.1	5	10	5.8	1.77					5.6	2.5																																					
SPK-0124646	CC(C)(N)[C@H](NC(=O)C1=CC=C(C=C1)C#CC#CC1=CN=C(S1)N1CCNCC1)C(=O)NO	LpxC inhibitors	SPK-0124646-001	1	C000004870			5.7	2.14	5.7	2.14	4.95	19.295	4.5	34.3	5.7	2.14	5.4	4.29	5.1	8.57																																											
SPK-0124645	[H][C@]1(COCCN1)[C@@H](NC(=O)C1=CC=C(C=C1)C#CC#CC1CC1)C(=O)NO	LpxC inhibitors	SPK-0124645-001	1	C000004855			4.4	43.5	4.4	43.5	4.4	43.5	4.4	43.5	4.4	43.5	4.4	43.5	4.7	21.8																																											
SPK-0124644	[H][C@]1(COCCN1)[C@H](NC(=O)C1=CC=C(C=C1)C#CC#CC1CC1)C(=O)NO	LpxC inhibitors	SPK-0124644-001	1	C000004854			5.6	2.72	5.8	1.841	5	23.11	4.4	43.5	4.7	21.8	5	10.9	6.3	0.481																																											
SPK-0124643	[H][C@@]1(COCCN1)[C@@H](NC(=O)C1=CC=C(C=C1)C#CC#CC1CC1)C(=O)NO	LpxC inhibitors	SPK-0124643-001	1	C000004853			4.4	43.5	4.55	32.65	4.55	32.65	4.4	43.5	4.4	43.5	4.4	43.5	5	10.9																																											
SPK-0124642	[H][C@@]1(COCCN1)[C@H](NC(=O)C1=CC=C(C=C1)C#CC#CC1CC1)C(=O)NO	LpxC inhibitors	SPK-0124642-001	1	C000004852			6.2	0.68	6.4	0.473	5.45	11.24	4.4	43.5	4.8	17.3	5.6	2.72	7	0.103																																											
SPK-0124641	CC(C)(N)[C@H](NC(=O)C1=CC=C(C=C1)C#CC#C[C@@H]1C[C@H](O)C1)C(=O)NO	LpxC inhibitors	SPK-0124641-001	2	C000004832			6.5	0.338	5.9	1.35	5.7	2.21	4.7	21.7	4.7	21.7	5.4	3.83	5.6	2.71							6.2	0.677	5.3	5.41	5.6	2.71																															
SPK-0124640	CC(C)(N)[C@H](NC(=O)C1=CC=C(C=C1)C#CC#CC1CN(C1)C(N)=O)C(=O)NO	LpxC inhibitors	SPK-0124640-001	1	C000004813			5.6	2.52	5.05	9.615	4.85	15.1	4.1	80.5	4.4	40.3	4.7	20.1	4.7	20.1																																											
SPK-0124639	CC(C)(O)[C@H](NC(=O)C1=CC=C(C=C1)C#CC#CC1=CNN=C1)C(=O)NO	LpxC inhibitors	SPK-0124639-001	1	C000004781			5.8	1.765	6.3	0.6735	6	0.965	4.4	43.7	5.6	2.73	5.8	1.72	5.8	1.72																							1.64	3.32				75	0.984					0.758									
SPK-0124638	CNC(C)(C)[C@H](NC(=O)C1=CC=C(C=C1)C#CC#CC1(O)CCC1)C(=O)NO	LpxC inhibitors	SPK-0124638-001	1	C000004769			6.1	0.876	5.6	2.565	5.25	7.855	4.4	41.7	4.9	13.1	5.3	5.22	6.4	0.388					6.2	0.652	5	10.4															37	32																			
SPK-0124637	CC(C)(O)C#CC#CC1=CC=C(C=C1)C(=O)NC(C(=O)NO)C(C)(C)N	LpxC inhibitors	SPK-0124637-001	1	C000004759			5.9	1.4	5	11.2	4.65	28	4.5	33.6	4.3	44.8	4.5	33.6	5.65	2.39					5	11.2																																					
SPK-0124636	CCN(C)C(C)(C)[C@H](NC(=O)C1=CC=C(C=C1)C#CC#CC1CC1)C(=O)NO	LpxC inhibitors	SPK-0124636-001	1	C000004719			6.1	0.826	6.95	0.1188	6.5	0.332	4.4	41.9	6.2	0.655	6.7	0.201	7.1	0.0786																																											
SPK-0124635	CC(C)(N)[C@H](NCC1=CC=C(C=C1)C#CC#CC1CC1)C(=O)NO	LpxC inhibitors	SPK-0124635-001	1	C000004702			5.5	3.07	5.5	3.07	4.75	27.675	4.6	24.6	4.9	12.3	5.2	6.15	5.2	6.15																																											
SPK-0124634	CC(C)(N)[C@H](NC(=O)C1=CC=C(C=C1)C#CC#CC1=CC=C(CNCCO)S1)C(=O)NO	LpxC inhibitors	SPK-0124634-001	2	C000004698			6.15	0.825	6.3	0.55	5.9	1.33	4.8	17.6	6	1.1	6	1.1	5.1	8.8			6.6	0.275	4.8	17.6	5.7	2.2	5.7	2.2	6.3	0.55	5.1	8.8	4.8	17.6	5.2	6.22	5.1	8.8	4.8	17.6																					
SPK-0124633	CC(C)(N)[C@H](NC(=O)C1=CC=C(C=C1)C#CC#CC1=CC=C(C=C1)S(N)(=O)=O)C(=O)NO	LpxC inhibitors	SPK-0124633-001	1	C000004694			5.7	2.75	6	1.375	5.25	18.15	4.5	35.2	6.3	0.55	5.7	2.2	5.7	2.2																																											
SPK-0124632	CCNC(C)(C)[C@H](NC(=O)C1=CC=C(C=C1)C#CC#CC1=CNN=C1)C(=O)NO	LpxC inhibitors	SPK-0124632-001	1	C000004689			6.7	0.195	6.65	0.2605	5.9	2.699	4.4	40.7	6.2	0.635	6.4	0.4	6.3	0.504																																											
SPK-0124631	CC(C)(NCC1=CN=CC=C1)[C@H](NC(=O)C1=CC=C(C=C1)C#C\\C=C\\C1CC1)C(=O)NO	LpxC inhibitors	SPK-0124631-001	1	C000004660			5.45	3.465	6.9	0.139	6.05	0.869	4.4	37	6.2	0.578	6.5	0.289	7.2	0.0694																																											
SPK-0124630	CC(C)(NC1COC1)[C@H](NC(=O)C1=CC=C(C=C1)C#C\\C=C\\C1CC1)C(=O)NO	LpxC inhibitors	SPK-0124630-001	1	C000004656			5.6	2.52	6.35	0.4715	6	1.4825	4.4	40.3	5.6	2.52	5.7	1.78	6.7	0.218																																											
SPK-0124629	CC(C)(NCC(O)=O)[C@H](NC(=O)C1=CC=C(C=C1)C#C\\C=C\\C1CC1)C(=O)NO	LpxC inhibitors	SPK-0124629-001	1	C000004655			4.7	20	5	10	4.55	30.05	4.4	40.1	4.7	20	4.4	40.1	5.3	5.01																																											
SPK-0124628	OCCNC[C@H](NC(=O)C1=CC=C(C=C1)C#CC#CC1CC1)C(=O)NO	LpxC inhibitors	SPK-0124628-001	1	C000004647			5.4	4.22	5.2	5.63	4.6	28.15	4.3	45	4.3	45	4.6	22.5	5.9	1.41																																											
SPK-0124627	ONC(=O)[C@H](CNCC1CC1)NC(=O)C1=CC=C(C=C1)C#CC#CC1CC1	LpxC inhibitors	SPK-0124627-001	1	C000004646			5.3	5.47	5.45	4.105	4.85	24.635	4.4	43.8	4.7	21.9	5.3	5.47	5.9	1.37																																											
SPK-0124626	CCN(CC)C[C@H](NC(=O)C1=CC=C(C=C1)C#CC#CC1CC1)C(=O)NO	LpxC inhibitors	SPK-0124626-001	1	C000004642			4.7	21.8	5.3	6.81	4.85	24.47	4.4	43.5	4.4	43.5	5	10.9	5.9	1.36																																											
SPK-0124625	CC(C)(N)[C@H](NC(=O)C1=CC=C(C=C1)C#CC#CC1=CC=C(C=C1)C(O)=O)C(=O)NO	LpxC inhibitors	SPK-0124625-001	1	C000004586			5	9.54	4.7	23.82	4.7	23.82	4.1	76.3	4.4	38.1	4.7	19.1			4.4	38.1																																									
SPK-0124624	CC(C)(N)[C@H](NC(=O)C1=CC=C(C=C1)C#C\\C=C\\C1CC1(F)F)C(=O)NO	LpxC inhibitors	SPK-0124624-001	1	C000004410			5.6	2.65	6.2	0.8255	5.15	21.86	4.4	42.4	5.3	5.3	5.3	5.3			4.4	42.4																																									
SPK-0124623	CCCCCCCC1=CC=C(C=C1)C(=O)N[C@H](C(=O)NO)C(C)(C)N	LpxC inhibitors	SPK-0124623-001	1	C000004388			4.9	11.4	4.75	17.15	4.6	28.6	4.3	45.8	6.4	0.358	5.2	5.72			5.2	5.72																																									
SPK-0124622	CC(C)[C@H](NC(=O)C1=CC=C(C=C1)C#CC#CC1CC1)C(=O)NO	LpxC inhibitors	SPK-0124622-001	1	C000004364			5.5	3.08	6.05	1.013	5.15	25.1355	4.3	49.3	4.3	49.3	5.9	1.22			4.6	24.7																																									
SPK-0124621	CC(C)(N)[C@H](NC(=O)C1=CC=C(C=C1)C#C\\C=C\\C(F)(F)F)C(=O)NO	LpxC inhibitors	SPK-0124621-001	1	C000004354			5.95	1.1535	5.65	2.31	4.95	17.215	4.4	43.3	5.6	2.71	5.1	7.66			4.7	21.7																																									
SPK-0124620	CC(C)(N)[C@H](NC(=O)C1=CC=C(C=C1)C#C\\C(F)=C/CC1CC1)C(=O)NO	LpxC inhibitors	SPK-0124620-001	1	C000004329			5.15	8.03	4.55	32.1	4.7	26.75	4.4	42.8	5.6	2.68	5	10.7			4.4	42.8																																									
SPK-0124619	CC(C)(N)[C@H](NC(=O)C1=CC=C(C=C1)C#C\\C=C\\CN1CCC(F)(F)CC1)C(=O)NO	LpxC inhibitors	SPK-0124619-001	1	C000004288			5.6	2.3	5.45	3.45	4.85	13.805	4.4	36.8	4.4	36.8	4.4	36.8			4.4	36.8																																									
SPK-0124618	CC(C)(O)[C@H](NC(=O)C1=CC=C(C=C1)C#C\\C=C\\C1=CN=C(N)S1)C(=O)NO	LpxC inhibitors	SPK-0124618-001	1	C000004236			5.6	2.5	5.45	3.745	5.15	11.25	4.4	40	4.7	20	4.7	20			4.4	40																																									
SPK-0124617	C[C@@H](N)[C@H](NC(=O)C1=CC=C(C=C1)C#CC=C(C)C)C(=O)NO	LpxC inhibitors	SPK-0124617-001	1	C000004193			6.1	0.793	4.9	12.7	4.45	38.05	4.3	50.7	5.5	3.17	4.3	50.7			4.3	50.7																																									
SPK-0124616	CC(C)(O)[C@H](NC(=O)C1=CC=C(\\C=C\\C#CCF)C=C1)C(=O)NO	LpxC inhibitors	SPK-0124616-001	1	C000004192			5.35	4.485	4.6	23.9	4.3	47.9	4.3	47.9	4.3	47.9	4.3	47.9			4.3	47.9																																									
SPK-0124615	CC(C)(O)[C@H](NC(=O)C1=CC=C(C=C1)C#CC#CCOC1CC1)C(=O)NO	LpxC inhibitors	SPK-0124615-001	1	C000004165			5.6	2.7	5.9	1.6875	5.45	11.1375	4.4	43.2	5	10.8	5.3	5.4			4.4	43.2																																									
SPK-0124614	C[C@H](NC(=O)C1=CC=C(C=C1)C#CC1=CC=C(CN2CCOCC2)C=C1)[C@@H](N)C(=O)NO	LpxC inhibitors	SPK-0124614-001	1	C000004163			4.4	36.7	4.4	36.7	4.4	36.7	4.4	36.7	4.4	36.7	4.4	36.7			4.4	36.7																																									
SPK-0124613	C[C@@H](N)[C@H](NC(=O)C1=CC=C(C=C1)C#CC#CC1=CC=C(C=C1)N1CCN(C)CC1)C(=O)NO	LpxC inhibitors	SPK-0124613-001	1	C000004157			5.4	5.44	5.85	1.635	4.95	19.575	4.5	34.8	4.5	34.8	5.1	8.7			4.5	34.8																																									
SPK-0124612	C[C@@H](N)[C@H](NC(=O)C1=CC=C(C=C1)C#CC#CC1=CC=C(S1)S(N)(=O)=O)C(=O)NO	LpxC inhibitors	SPK-0124612-001	1	C000004156			6.6	0.28	5.8	1.68	5	19.02	4.1	71.7	5	8.96	5	8.96			4.4	35.8																																									
SPK-0124611	C[C@@H](N)[C@@H](NC(=O)C1=CC=C(C=C1)C#CC#CC1CC1)C(=O)NO	LpxC inhibitors	SPK-0124611-001	1	C000004142			4.6	24.6	4.3	49.2	4.45	36.9	4.3	49.2	4.3	49.2	4.6	24.6			4.3	49.2																																									
SPK-0124610	C[C@@H](N)[C@@H](NC(=O)C1=CC=C(C=C1)C#CC1=CC=C(CN2CCOCC2)C=C1)C(=O)NO	LpxC inhibitors	SPK-0124610-001	1	C000004125			4.4	36.7	4.4	36.7	4.4	36.7	4.4	36.7	4.4	36.7	4.4	36.7			4.4	36.7																																									
SPK-0124609	CCOCC#CC#CC1=CC=C(C=C1)C(=O)N[C@H](C(=O)NO)C(C)(C)N	LpxC inhibitors	SPK-0124609-001	1	C000004119			6.35	0.5245	6.2	0.699	5.45	6.3	4.3	44.8	4.3	44.8	5	11.2			4.3	44.8																																									
SPK-0124608	COCC#CC#CC1=CC=C(C=C1)C(=O)N[C@H](C(=O)NO)C(C)(C)N	LpxC inhibitors	SPK-0124608-001	1	C000004118			6.55	0.2685	5.9	1.1885	5.3	8.08	4.3	46.6	4.5	29.4	4.8	16.5			4.3	46.6																																									
SPK-0124605	CC(C)(N)[C@H](NC(=O)C1=CC=C(C=C1)C#CC#CC1=CC=C(C=C1)N1CCNCC1)C(=O)NO	LpxC inhibitors	SPK-0124605-001	1	C000004091			5.25	6.525	5.55	3.265	5.1	8.7	4.5	34.8	6	1.09	5.7	2.18			4.5	34.8																																									
SPK-0124604	CC(C)(N)[C@H](NC(=O)C1=CC=C(C=C1)C#CC#CCN1CCCC1)C(=O)NO	LpxC inhibitors	SPK-0124604-001	1	C000004082			6	1.04	5.65	2.47	5.45	4.975	4.4	41.8	4.4	41.8	5	10.5	4.7	20.9	4.4	41.8			4.7	20.9	5.7	1.85					4.7	20.9	4.7	20.9	4.7	20.9	4.7	20.9	4.7	20.9																					
SPK-0124603	CC(C)(O)[C@H](NC(=O)C1=CC=C(C=C1)C#CC#CCC1CCCC1)C(=O)NO	LpxC inhibitors	SPK-0124603-001	1	C000004043			4.85	15.7	5.6	3.27	5.9	1.31	4.4	41.8	4.7	20.9	5.7	1.85	7.4	0.0392	4.4	41.8			6.5	0.327																																					
SPK-0124602	CC(C)(N)[C@H](NC(=O)C1=CC=C(\\C=C\\C#CC2=CC=C(CNC3CC3)C=C2)C=C1)C(=O)NO	LpxC inhibitors	SPK-0124602-001	1	C000004040			6.1	0.9125	6.4	0.4465	6	1.0305	4.4	35.8	5.6	2.24	5.8	1.58	5	8.96	4.4	35.8	6.6	0.28	4.7	17.9			6	1.12	5.65	2.8	4.7	17.9	4.7	17.9	5.3	4.48	4.7	17.9	4.7	17.9	1.68		4.68	3.32																	
SPK-0124601	CC(C)(N)[C@H](NC(=O)C1=CC=C(C=C1)C#CC1=CC=C(CNCC(F)F)C=C1)C(=O)NO	LpxC inhibitors	SPK-0124601-001	2	C000004018			6.2	0.562	6.75	0.208	5.9	1.406	4.55	27	5.45	3.375	5.75	1.685			4.55	27					5.9	1.12	5.9	1.12	5.9	1.12											6.33	6.46	10.6	12.4																	
SPK-0124600	CC(C)(N)[C@H](NC(=O)C1=CC=C(C=C1)C#CC#CC1=CC(F)=CC=C1)C(=O)NO	LpxC inhibitors	SPK-0124600-001	1	C000004014			5.45	3.81	6.35	0.4765	5.45	10.4675	4.4	40.7	5.3	5.08	6.2	0.635			4.7	20.3																																									
SPK-0124599	CC(C)(O)[C@H](NC(=O)C1=CC=C(C=C1)C#CC#CC1=CSC=C1)C(=O)NO	LpxC inhibitors	SPK-0124599-001	1	C000004000			5.75	1.96	6.35	0.4905	5.9	2.7785	4.4	41.8	5.6	2.61	6.2	0.654			5	10.5																																									
SPK-0124598	CC(C)\\C=C\\C#CC1=CC=C(C=C1)C(=O)N[C@@H]([C@@H](C)N)C(=O)NO	LpxC inhibitors	SPK-0124598-001	1	C000003993			5.5	3.04	5.2	6.07	4.75	27.335	4.6	24.3	5.5	3.04	5.2	6.07			4.3	48.6																																									
SPK-0124597	NS(=O)(=O)C1=CC=C(C=C1)C1=C(CCC(=O)NO)C2=CC=CC=C2N1	LpxC inhibitors	SPK-0124597-001	1	C000003980			3.4	356	3.4	356	3.4	356	3.4	356	3.4	356	3.4	356			3.4	356																																									
SPK-0124596	C[C@@H](N)[C@H](NC(=O)C1=CC=C(C=C1)C#CC#CC1=CC=C(NS(C)(=O)=O)C=C1)C(=O)NO	LpxC inhibitors	SPK-0124596-001	1	C000003968			5.7	2.2	6.15	0.825	6	1.1	4.5	35.2	6	1.1	5.7	2.2			4.5	35.2	5.4	4.4																																							
SPK-0124595	C[C@@H](N)[C@H](NC(=O)C1=CC=C(C=C1)C#CC(O)C1=CC=CC=C1)C(=O)NO	LpxC inhibitors	SPK-0124595-001	1	C000003957			4.4	43.5	4.4	43.5	4.4	43.5	4.4	43.5	4.7	21.8	4.4	43.5			4.4	43.5	4.4	43.5																																							
SPK-0124594	C[C@@H](N)[C@H](NC(=O)C1=CC=C(C=C1)C#C\\C=C\\C1=CC=NC=C1)C(=O)NO	LpxC inhibitors	SPK-0124594-001	1	C000003956			5.9	1.37	5.45	4.115	5	11	4.4	43.9	4.4	43.9	4.4	43.9			4.4	43.9	4.4	43.9																																							
SPK-0124593	C[C@@H](NC(=O)CN[C@H](C)C1=CC=CC=C1)[C@H](NC(=O)C1=CC=C(C=C1)C#CC1=CC=CC=C1)C(=O)NO	LpxC inhibitors	SPK-0124593-001	1	C000003941			4.5	32.1	4.95	12.01	5.1	8.02	4.5	32.1	4.5	32.1	4.5	32.1			4.5	32.1	5.4	4.01																																							
SPK-0124592	C[C@@H](N)[C@H](NC(=O)C1=CC=C(C=C1)C#CC1=CC=C(COCC(F)(F)F)C=C1)C(=O)NO	LpxC inhibitors	SPK-0124592-001	1	C000003933			5.1	8.9	5.85	1.67	6	1.11	4.4	35.6	4.4	35.6	5.1	8.9			4.4	35.6	5.1	8.9																																							
SPK-0124591	C[C@@H](N)[C@H](NC(=O)C1=CC=C(C=C1)C#CC#C[C@@H](C)N1CCOCC1)C(=O)NO	LpxC inhibitors	SPK-0124591-001	1	C000003916			4.85	15.05	4.55	30.15	4.7	20.1	4.4	40.2	4.4	40.2	4.4	40.2			4.1	80.3	4.4	40.2																																							
SPK-0124590	CC(C)(N)C(NC(=O)C1=CC=C(C=C1)C#C\\C=C\\C1=CC=C(CO)C=C1)C(=O)NO	LpxC inhibitors	SPK-0124590-001	1	C000003915			5.6	2.45	6.2	0.614	5.9	1.23	4.4	39.3	5.3	4.91	5.9	1.23			4.4	39.3	5.6	2.45																																							
SPK-0124589	C[C@@H](O)[C@H](NC(=O)C1=CC=C(C=C1)C#CC#CC1=CC=C(C=C1)C(F)(F)F)C(=O)NO	LpxC inhibitors	SPK-0124589-001	1	C000003907			4.4	37.2	6.05	0.8705	5.6	2.32	4.4	37.2	4.4	37.2	5.6	2.32			4.4	37.2	4.4	37.2			4.4	37.2																																			
SPK-0124588	C[C@@H](N)[C@H](NC(=O)C1=CC=C(C=C1)C#CC#C[C@H](C)N1CCOCC1)C(=O)NO	LpxC inhibitors	SPK-0124588-001	1	C000003905			4.4	40.2	4.4	40.2	4.4	40.2	4.4	40.2	4.4	40.2	4.4	40.2			4.4	40.2	4.4	40.2																																							
SPK-0124587	C[C@@H](N)[C@H](NC(=O)C1=CC=C(C=C1)C#CC1=CC=C(CNCCC#N)C=C1)C(=O)NO	LpxC inhibitors	SPK-0124587-001	1	C000003803			6	0.9705	5.45	3.575	5.5	3.37	4.4	38.1	4.7	19.1	4.6	27			4.4	38.1	4.9	13.5																																							
SPK-0124586	C[C@H](N)[C@H](NC(=O)C1=CC=C(C=C1)C#CC1=CC=C(CO)C=C1)C(=O)NO	LpxC inhibitors	SPK-0124586-001	1	C000003785			5.9	1.36	5	10.9	5.3	5.44	3.8	174	3.8	174	5	10.9			3.8	174	4.7	21.8																																							
SPK-0124585	CC(C)(O)[C@H](NC(=O)C1=CC=C(C=C1)C#CC#CC1=CC=CC=C1)C(=O)NO	LpxC inhibitors	SPK-0124585-001	1	C000003784			5.6	2.695	6.85	0.16985	6.7	0.204	4.1	85	5.6	2.66	6.5	0.332			5	8.94	5.9	1.33																																							
SPK-0124584	CCOCC1=CC=C(C=C1)C#CC1=CC=C(C=C1)C(=O)N[C@@H]([C@@H](C)N)C(=O)NO	LpxC inhibitors	SPK-0124584-001	1	C000003783			5.8	1.5	6.1	0.846	6	0.894	4.1	80.9	5.3	5.06	5.4	4.25			4.1	80.9	5.4	4.25																																							
SPK-0124583	C[C@@H](N)[C@H](NC(=O)C1=CC=C(C=C1)C#CC#CC1=CC=C(F)C=C1)C(=O)NO	LpxC inhibitors	SPK-0124583-001	1	C000003772			5.3	5.27	6.2	0.659	6.2	0.659	4.1	84.3	5	10.5	5.6	2.64			3.8	169	6.2	0.659																																							
SPK-0124582	C[C@@H](N)[C@H](NC(=O)C1=CC=C(C=C1)C#CC#CC1=C(Cl)C=CC=C1)C(=O)NO	LpxC inhibitors	SPK-0124582-001	1	C000003766			5.25	5.355	6.35	0.474	6	0.893	4.8	14.3	5.3	5.05	5.7	1.79			4.7	20.2	5.75	1.895																																							
SPK-0124581	C[C@@H](N)[C@H](NC(=O)C1=CC=C(C=C1)C#CC#CC1=CC=C(Cl)C=C1)C(=O)NO	LpxC inhibitors	SPK-0124581-001	1	C000003764			4.4	40.4	6.35	0.474	5.9	1.26	3.8	162	3.8	162	4.7	20.2			3.8	162	6.2	0.632																																							
SPK-0124580	C[C@@H](O)[C@H](NC(=O)C1=CC=C(C=C1)C#C\\C=C\\C1=CC=CC=C1)C(=O)NO	LpxC inhibitors	SPK-0124580-001	1	C000003756			5.35	4.925	6.5	0.3505	6.5	0.343	4.4	43.9	4.5	31	5.8	1.73			4.4	43.9	5.8	1.655																																							
SPK-0124579	C[C@@H](NC(=O)CNC1CC1)[C@H](NC(=O)C1=CC=C(C=C1)C#CC1=CC=C(CN2CCOCC2)C=C1)C(=O)NO	LpxC inhibitors	SPK-0124579-001	1	C000003751			5.4	3.75	5.85	2.109	5.7	1.87	3.9	120	4.2	60	5.1	7.5			3.9	120	6	0.937																																							
SPK-0124578	C[C@@H](N)[C@H](NC(=O)C1=CC=C(C=C1)C#CC1=CC=NC=C1)C(=O)NO	LpxC inhibitors	SPK-0124578-001	1	C000002906			5.65	2.22	4.3	47.3	4.3	47.3	3.7	189	4.3	47.3	3.7	189			3.7	189	4.6	23.6																																							
SPK-0124577	C[C@@H](O)[C@H](NC(=O)C1=CC=C(C=C1)C#C\\C=C\\C1=CC=C(CNC2CC2)C=C1)C(=O)NO	LpxC inhibitors	SPK-0124577-001	1	C000002902			5.45	3.46	5.75	1.73	5.6	2.31	4.1	73.8	4.4	36.9	5.3	4.61			4.1	73.8	5.3	4.61																																							
SPK-0124576	NC[C@H](NC(=O)C1=CC=C(C=C1)C#C\\C=C\\C1=CC=C(CO)C=C1)C(=O)NO	LpxC inhibitors	SPK-0124576-001	1	C000002896			5	10.5	5.45	3.955	4.7	21.1	4.1	84.3	4.1	84.3	4.1	84.3			4.1	84.3	4.1	84.3																																							
SPK-0124575	NC[C@H](NC(=O)C1=CC=C(C=C1)C#CC#CC1=CC=C(CO)C=C1)C(=O)NO	LpxC inhibitors	SPK-0124575-001	1	C000002892			5.6	2.65	5.6	3.31	5.3	5.3	4.4	42.4	4.4	42.4	5	10.6			4.4	42.4	4.7	21.2																																							
SPK-0124574	NC[C@H](NC(=O)C1=CC=C(C=C1)C#CC1=CC=C(CN)C=C1)C(=O)NO	LpxC inhibitors	SPK-0124574-001	1	C000002760			4.75	17.05	3.7	182	3.7	182	3.7	182	3.7	182	3.7	182			3.7	182	4	90.8																																							
SPK-0124573	CN(C)C(=O)NC[C@H](NC(=O)C1=CC=C(C=C1)C#CC1=CC=C(CN2CCOCC2)C=C1)C(=O)NO	LpxC inhibitors	SPK-0124573-001	1	C000002757			5.1	8.1	5.7	2.53	6	1.01	3.9	130	4.5	32.4	4.5	32.4			3.9	130	6	1.01																																							
SPK-0124572	CC(C)(O)[C@H](NC(=O)C1=CC=C(\\C=C\\C#CC2=CC=C(CO)C=C2)C=C1)C(=O)NO	LpxC inhibitors	SPK-0124572-001	1	C000002750			5.9	1.403	6.45	0.3695	6.2	0.612	4.4	39.2	6.2	0.612	5.8	1.73			4.4	39.2	6.5	0.306			5.6	2.45	5.6	2.45	5.9	1.22																															
SPK-0124571	ONC(=O)[C@H](CN1C=NC=N1)NC(=O)C1=CC=C(\\C=C\\C#CC2=CC=C(CN3CCOCC3)C=C2)C=C1	LpxC inhibitors	SPK-0124571-001	1	C000002742			5.1	7.99	5.85	1.4995	5.85	1.4995	4.2	63.9	4.2	63.9	4.5	32			4.2	63.9	6	0.999																																							
SPK-0124570	CN(C)CC(=O)NC[C@H](NC(=O)C1=CC=C(C=C1)C#CC1=CC=C(CNC2CC2)C=C1)C(=O)NO	LpxC inhibitors	SPK-0124570-001	1	C000002730			5.1	8.38	4.95	12.59	4.5	33.5	3.9	134	3.9	134	3.9	134	4.8	16.8	3.9	134	4.5	33.5	4.8	16.8																																					
SPK-0124569	C[C@@H](O)[C@H](NC(=O)C1=CC=C(C=C1)C#CC#CC1=CC=CN=C1)C(=O)NO	LpxC inhibitors	SPK-0124569-001	2	C000002707			5.6	2.75	5.6	2.75	5.3	6.875	4.55	33	4.55	33	4.55	33			4.55	33	5	11																																							
SPK-0124568	NC[C@H](NC(=O)C1=CC=C(C=C1)C#CC1=CC=C(NC(=O)CN)C=C1)C(=O)NO	LpxC inhibitors	SPK-0124568-001	1	C000002705			5.6	2.53	4.25	60.7	4.1	80.9	3.8	162	3.8	162	4.1	80.9			3.8	162	4.4	40.5																																							
SPK-0124567	C[C@@H](O)[C@H](NC(=O)C1=CC=C(C=C1)C#CC#CC1=CC(=CC=C1)[N+]([O-])=O)C(=O)NO	LpxC inhibitors	SPK-0124567-001	1	C000002700			5	9.82	6.05	0.922	5.9	1.23	4.1	78.6	4.1	78.6	5	9.82			4.1	78.6	6.5	0.307																																							
SPK-0124566	[H][C@](C)(O)[C@]([H])(NC(=O)C1=CC=C(S1)C1=CC=C(SC)C=C1)C(=O)NO	LpxC inhibitors	SPK-0124566-001	1	C000002666			3.8	175	3.8	175	3.8	175	3.8	175	3.8	175	3.8	175			3.8	175	3.8	175																																							
SPK-0124565	[H][C@](C)(O)[C@]([H])(NC(=O)C1=CC=C(C=C1)C1=CC=C(OCC(=O)NO)C=C1)C(=O)NO	LpxC inhibitors	SPK-0124565-001	1	C000002651			4.1	79.3	4.1	79.3	4.1	79.3	4.1	79.3	4.1	79.3	4.1	79.3			4.1	79.3	4.1	79.3																																							
SPK-0124564	CNCC(=O)NC[C@H](NC(=O)C1=CC=C(C=C1)C#CC1=CC=C(CN2CCOCC2)C=C1)C(=O)NO	LpxC inhibitors	SPK-0124564-001	1	C000002634			4.8	16.2	4.5	32.4	4.5	32.4	3.9	130	3.9	130	3.9	130			3.9	130	4.8	16.2																																							
SPK-0124563	NC[C@H](NC(=O)C1=CC=C(C=C1)C#CC1=CC=C(C=C1)S(=O)(=O)NC1CC1)C(=O)NO	LpxC inhibitors	SPK-0124563-001	1	C000002598			5	9.04	4.55	27.15	4.4	36.2	3.8	145	3.8	145	3.8	145			3.8	145	4.4	36.2																																							
SPK-0124562	NC[C@H](NC(=O)C1=CC=C(C=C1)C#CC1=CC=C(C=C1)S(=O)(=O)N1CCC(F)CC1)C(=O)NO	LpxC inhibitors	SPK-0124562-001	1	C000002596			4.95	12.295	4.8	16.4	4.8	16.4	3.9	131	3.9	131	3.9	131			3.9	131	4.5	32.8																																							
SPK-0124561	ONC(=O)[C@H](CC1CC1)NC(=O)C1=CC=C(C=C1)C#CC1=CC=C(CN2CCOCC2)C=C1	LpxC inhibitors	SPK-0124561-001	1	C000002576			4.55	26.85	5.15	6.705	5.3	4.47	3.8	143	4.1	71.5							5.3	4.47																																							
SPK-0124560	ONC(=O)[C@H](CC1CCCN1)NC(=O)C1=CC=C(C=C1)C#CC1=CC=C(CN2CCOCC2)C=C1	LpxC inhibitors	SPK-0124560-001	1	C000002552			4.35	50.35	4.5	33.6	4.5	33.6	3.9	134	3.9	134							4.5	33.6																																							
SPK-0124559	C[C@@H](N)[C@H](NC(=O)C1=CC=C(C=C1)C#CC1=CC=C(CN2CCC(F)CC2)C=C1)C(=O)NO	LpxC inhibitors	SPK-0124559-001	1	C000002549			5.55	3.315	6	1.1	5.7	2.21	3.8	141	5.1	8.84							6	1.1																																							
SPK-0124558	OCCNC[C@H](NC(=O)C1=CC=C(C=C1)C#CC1=CC=C(CN2CCOCC2)C=C1)C(=O)NO	LpxC inhibitors	SPK-0124558-001	1	C000002546			4.65	25.7	4.8	17.1	4.8	17.1	3.9	137	3.9	137							4.5	34.3																																							
SPK-0124557	C[C@@H](O)[C@H](NCC1=CC=C(C=C1)C#CC1=CC=C(CN2CCOCC2)C=C1)C(=O)NO	LpxC inhibitors	SPK-0124557-001	1	C000002544			4.7	18.9	5	9.44	5.3	4.72	3.8	151	4.7	18.9							5.3	4.72																																							
SPK-0124556	ONC(=O)C(NC(=O)C1=CC=C(C=C1)C#CC1=CC=C(CN2CCOCC2)C=C1)C1CCS(=O)(=O)CC1	LpxC inhibitors	SPK-0124556-001	1	C000002540			4.5	30.4	4.65	34.255	4.8	15.2	3.9	122	3.9	122							5.1	7.61																																							
SPK-0124555	ONC(=O)[C@H](CCC1CCCCC1)NC(=O)C1=CC=C(C=C1)C#CC1=CC=C(CN2CCOCC2)C=C1	LpxC inhibitors	SPK-0124555-001	1	C000002539			3.9	127	3.9	127	3.9	127	3.9	127	3.9	127							3.9	127																																							
SPK-0124554	CC(C)(F)C(NC(=O)C1=CC=C(C=C1)C#CC1=CC=C(CN2CCOCC2)C=C1)C(=O)NO	LpxC inhibitors	SPK-0124554-001	1	C000002529			5.1	8.82	5.7	2.755	6	1.1	4.8	17.6	5.4	4.41							6	1.1																																							
SPK-0124553	ONC(=O)[C@H](CNC(=O)N1CCOCC1)NC(=O)C1=CC=C(C=C1)C#CC1=CC=C(CN2CCOCC2)C=C1	LpxC inhibitors	SPK-0124553-001	1	C000002520			4.95	11.185	5.1	9.315	5.4	3.73	3.9	119	4.2	59.7							5.4	3.73																																							
SPK-0124552	ONC(=O)[C@@H]1CNCCN1C(=O)C1=CC=C(C=C1)C#CC1=CC=C(CN2CCOCC2)C=C1	LpxC inhibitors	SPK-0124552-001	1	C000002495			3.8	143	3.8	143	3.8	143	3.8	143	3.8	143							3.8	143																																							
SPK-0124551	CC(C)[C@H](N(C)C(=O)C1=CC=C(C=C1)C#CC1=CC=C(CN2CCOCC2)C=C1)C(=O)NO	LpxC inhibitors	SPK-0124551-001	1	C000002440			3.8	142	3.8	142	3.8	142	3.8	142	3.8	142							3.8	142																																							
SPK-0124550	C[C@@H](O)[C@H](NC(=O)C1=CC=C(C=C1)C#CC#CC1=CC=C(CN2CCOCC2)C=C1)C(=O)NO	LpxC inhibitors	SPK-0124550-002	1	C000002418			5.4	3.985	6.2	0.7295	6.3	0.455	3.9	139	4.7	20.9							5.7	1.82																																							
SPK-0124549	NC[C@H](NC(=O)C1=CN=C(C=C1)C#CC1=CC=C(CNC2CC2)C=C1)C(=O)NO	LpxC inhibitors	SPK-0124549-001	1	C000002415			4.15	69.4	3.8	163	3.8	163	3.8	163	3.95	122.15							3.8	163																																							
SPK-0124548	CC(C)[C@@H](O)[C@H](NC(=O)C1=CC=C(C=C1)C#CC1=CC=C(CN2CCOCC2)C=C1)C(=O)NO	LpxC inhibitors	SPK-0124548-001	1	C000002387			4.6	24.3	5.6	3.57	5.5	3.04	3.9	137	5.4	34.484							4.9	12.2																																							
SPK-0124547	NC[C@H](NC(=O)C1=CC=C(C=C1)C#CC1=CC=C(CN2CCC(F)CC2)C=C1)C(=O)NO	LpxC inhibitors	SPK-0124547-001	1	C000002386			5.4	3.89	5.55	2.75	5.3	4.56	3.8	146	4.5	31.15							5.2	5.75																																							
SPK-0124546	C[C@@H](O)[C@H](NC(=O)C1=CC=C(C=C1)C#CC1=CN=C(CN2CCOCC2)C=C1)C(=O)NO	LpxC inhibitors	SPK-0124546-001	1	C000002337			4.9	12.9	4.95	11.01	4.6	25.8	3.8	146	3.8	146							4.7	18.2																																							
SPK-0124545	C[C@@H](O)[C@H](NC(=O)C1=CC=C(SC2=CC=C(CN3CCOCC3)C=C2)C=C1)C(=O)NO	LpxC inhibitors	SPK-0124545-001	1	C000002334			3.8	144	3.8	144	3.8	144	3.8	144	3.8	144							3.8	144																																							
SPK-0124544	C[C@@H](O)[C@H](NC(=O)C1=CC=C(C=C1)N(C)CC1=CC=C(CN2CCOCC2)C=C1)C(=O)NO	LpxC inhibitors	SPK-0124544-001	1	C000002329			3.9	140	3.9	140	3.9	140	3.9	140	3.9	140							3.9	140																																							
SPK-0124543	CC(CC(=O)NO)NC(=O)C1=CC=C(C=C1)C#CC1=CC=C(CN2CCOCC2)C=C1	LpxC inhibitors	SPK-0124543-001	1	C000002288			3.8	152	3.8	152	3.8	152	3.8	152	3.8	152							3.8	152																																							
SPK-0124542	C[C@@H](O)[C@H](NC(=O)C1=CC=C(COC2=CC=C(CN3CCOCC3)C=C2)C=C1)C(=O)NO	LpxC inhibitors	SPK-0124542-001	1	C000002280			3.8	144	3.8	144	3.8	144	3.8	144	3.8	144							3.8	144																																							
SPK-0124541	CC(C)(C)C(CC(=O)NO)NC(=O)C1=CC=C(C=C1)C#CC1=CC=C(CN2CCOCC2)C=C1	LpxC inhibitors	SPK-0124541-001	1	C000002205			3.9	138	3.9	138	3.9	138	3.9	138	3.9	138							3.9	138																																							
SPK-0124540	C[C@@H](O)[C@H](NC(=O)C1=CC=C(C)C=C1)C(=O)NO	LpxC inhibitors	SPK-0124540-001	1	C000002194			3.7	179	3.6	254	3.6	254	3.6	254	3.6	254	3.6	254			3.6	254	3.6	254					3.6	254																																	
SPK-0124539	C[C@@H](O)[C@H](NC(=O)C1=CC=C(C=C1)C#CC1=CC=C(CN2CCCCC2C)C=C1)C(=O)NO	LpxC inhibitors	SPK-0124539-001	1	C000002163			4.7	17.8	4.9	13.35			3.8	142	3.95	106.6							5.7	4.728					6.3	0.556																																	
SPK-0124538	C[C@@H](O)[C@H](NC(=O)C1=CC=C(C=C1)C#CC1=CC=C(CN2CC(C)OC(C)C2)C=C1)C(=O)NO	LpxC inhibitors	SPK-0124538-001	1	C000002144			5.1	8.59	5.6	2.78	5.7	2.15	3.9	137	4.8	17.2							6	1.07					6.9	0.129																																	
SPK-0124537	C[C@@H](O)[C@H](NC(=O)C1=CC=C(C=C1)C#CC1=CC=C(CN2CCCCC2C(O)=O)C=C1)C(=O)NO	LpxC inhibitors	SPK-0124537-001	1	C000002140			4.2	66.7	3.9	133			3.9	133	3.9	133							4.5	70.67					4.8	16.7																																	
SPK-0124536	C[C@@H](O)[C@H](NC(=O)C1=CC=C(C=C1)C#CC1=CC=C(CN2CCC(O)(CC2)C2=CC=CC=C2)C=C1)C(=O)NO	LpxC inhibitors	SPK-0124536-001	1	C000002138			4.8	15.2	5.4	3.79	5.7	1.9	3.9	121	4.5	37.9					3.9	121	6	0.948			4.8	15.2	5.4	3.79	5.25	5.685	3.9	121	3.9	121			3.9	121	3.9	121																					
SPK-0124535	C[C@@H](O)[C@H](NC(=O)C1=CC(O)=C(C=C1)C#CC1=CC=C(CN2CCOCC2)C=C1)C(=O)NO	LpxC inhibitors	SPK-0124535-001	1	C000002123			3.9	141	3.9	141			3.5	282	3.9	141							3.9	141					3.9	141																																	
SPK-0124534	C[C@@H](O)[C@H](NC(=O)C1=C(Cl)C=C(C=C1)C#CC1=CC=C(CN2CCOCC2)C=C1)C(=O)NO	LpxC inhibitors	SPK-0124534-001	1	C000002121			4.3	48	5.4	4.24	5.7	2.12	3.9	136	4.4	40.95							5.7	2.12					6.6	0.265																																	
SPK-0124533	C[C@@H](O)[C@H](NC(=O)C1=CC(F)=C(C=C1)C#CC1=CC=C(CN2CCOCC2)C=C1)C(=O)NO	LpxC inhibitors	SPK-0124533-001	1	C000002090			4.8	17.6	5.7	2.2	6	1.1	3.9	141	4.6	24.8							6.15	0.8245			4.8	17.6	6.9	0.137			3.9	141	3.9	141			3.9	141	3.9	141																					
SPK-0124532	C[C@H](O)[C@@H](NC(=O)C1=CC=C(C=C1)C#CC1=CC=C(CN2CCC(F)CC2)C=C1)C(=O)NO	LpxC inhibitors	SPK-0124532-001	1	C000002013			3.9	141	3.9	141			3.9	141			3.9	141	3.9	141	3.9	141	4.2	70.6	3.9	141			4.2	70.6																																	
SPK-0124531	ONC(=O)[C@H](CC1=CC=C(O)C=C1)NS(=O)(=O)C1=CC=C(C=C1)C#CC1=CC=C(CN2CCOCC2)C=C1	LpxC inhibitors	SPK-0124531-001	1	C000001969			3.9	119	3.9	119			3.9	119			3.6	239	3.9	119	3.9	119	5.1	7.47	3.9	119			4.8	14.9																																	
SPK-0124530	C[C@@H](O)[C@H](NC(=O)C1=CC=C(C=C1)C#CC1=CC=C(CN2CCC(F)(F)CC2)C=C1)C(=O)NO	LpxC inhibitors	SPK-0124530-001	1	C000001961			5.7	2.12	5.55	34.0135			3.9	136			6	1.06	5.7	2.12	3.9	136	6.9	0.127	3.9	136			6.9	0.127																																	
SPK-0124529	COC1CCN(CC2=CC=C(C=C2)C#CC2=CC=C(C=C2)C(=O)N[C@@H]([C@@H](C)O)C(=O)NO)CC1	LpxC inhibitors	SPK-0124529-001	1	C000001959			5.7	2.15	4.95	69.035			3.9	137			4.8	17.2	3.9	137	3.9	137	6.6	0.268	3.9	137			6.9	0.129																																	
SPK-0124528	NC[C@H](NC(=O)C1=CC=C(C=C1)C#CC1=CC=C(CN2CCOCC2)C=C1)C(=O)NO	LpxC inhibitors	SPK-0124528-001	1	C000001936			5.5	3.35	5.4	4.115	5.3	4.73	3.95	113.35	4.4	37.9	4.6	25.5	3.95	113.35	3.8	151	5.3	4.73	3.8	151	5	9.47	5.3	4.73	4.85	14.185	3.8	151	3.8	151			3.8	151	3.8	151																					
SPK-0124527	N[C@H]1C[C@H](N(C1)C(=O)C1=CC=C(C=C1)C#CC1=CC=C(CN2CCOCC2)C=C1)C(=O)NO	LpxC inhibitors	SPK-0124527-001	1	C000001931			3.8	143	3.8	143			3.8	143			3.5	285	3.8	143	3.8	143	3.8	143	3.8	143			4.1	71.3																																	
SPK-0124526	C[C@H](O)[C@@H](NC(=O)C1=CC=C(C=C1)C#CC1=CC=C(CN2CCOCC2)C=C1)C(=O)NO	LpxC inhibitors	SPK-0124526-001	1	C000001930			3.8	146	4.1	91.3			3.8	146			3.5	293	3.8	146	3.8	146	4.4	36.6	3.8	146			5	9.14																																	
SPK-0124525	ONC(=O)[C@@H]1C[C@@H](O)CN1C(=O)C1=CC=C(C=C1)C#CC1=CC=C(CN2CCOCC2)C=C1	LpxC inhibitors	SPK-0124525-001	1	C000001929			3.8	142	3.8	142			3.8	142			3.8	142	3.8	142	3.8	142	4.1	71.2	3.8	142			4.4	35.6																																	
SPK-0124524	ONC(=O)[C@@H]1CCCN1C(=O)C1=CC=C(C=C1)C#CC1=CC=C(CN2CCOCC2)C=C1	LpxC inhibitors	SPK-0124524-001	1	C000001926			3.8	148	3.95	110.9			3.8	148			3.5	295	3.8	148	3.8	148	4.4	36.9	3.8	148			4.7	18.5																																	
SPK-0124523	CC(C)[C@H](NC(=O)C1=CC=C(C=C1)C#CC1=CC=C(CN2CCOCC2)C=C1)C(=O)NO	LpxC inhibitors	SPK-0124523-001	1	C000001922			4.7	18.4	5.5	3.25	5.75	1.725	3.8	147	4.7	18.4	5.9	1.15	4.4	36.7	3.95	110.25	5.9	1.15	3.8	147	4.4	36.7	5.6	2.3	5.6	2.3	3.8	147	3.8	147			3.8	147	3.8	147																					
SPK-0124522	CC(C)(N)[C@H](NC(=O)C1=CC=C(C=C1)C#C\\C=C\\C1(O)CCOC1)C(=O)NO	LpxC inhibitors	SPK-0124522-001	1	C000010810			5.3	5.16																			4.7	20.6																						8	16	1	32										
SPK-0124520	CC(C)(O)[C@H](NC(=O)C1=CC=C(C=C1)C#CC#CCCOP(O)(O)=O)C(=O)NO	LpxC inhibitors	SPK-0124520-001	1	C000050702																																																			3.45	3.45	21.5	78	4.2	0.11	1.2	6	
SPK-0124519	CC(C)(O)[C@@H](NC(=O)C1=CC=CC=C1)C(=O)NO	LpxC inhibitors	SPK-0124519-001	1	C000050617																																																			1.8	1.8	3.9	4.5	2.8	1.2			
SPK-0124518	OCCC#CC#CC1=CC=C(C=C1)C(=O)N[C@H](C(=O)NO)C1(CS(=O)(=O)C1)C#C	LpxC inhibitors	SPK-0124518-001	1	C000050549	8.74	0.0018	5	9.65	5.3	4.83	4.4	38.6																															18.9	13.7										5.28									
SPK-0124517	CSC1(CS(=O)(=O)C1)C(NC(=O)C1=CC=C(C=C1)C#CC#CCCO)C(=O)NO	LpxC inhibitors	SPK-0124517-001	1	C000050522			5.3	4.58	5.2	6.48	4.4	36.7																															13.5	13.9										3.48									
SPK-0124516	CC1(CCNCC1)[C@H](NC(=O)C1=CC=C(C=C1)S(F)(F)(F)(F)F)C(=O)NO	LpxC inhibitors	SPK-0124516-001	1	C000050521	6.62	0.24	4.4	41.8	3.9	141	3.9	141																																										31.9									
SPK-0124515	COC(C)(C)[C@H](NC(=O)C1=CC=C(C=C1)C#CC#CCCO)C(=O)NO	LpxC inhibitors	SPK-0124515-001	1	C000050517	8	0.01	5.5	2.98	5.7	2.18	4.8	17.4															5.9	1.4															33.6	30.8						0.5	2	0.031	4	1.89	1.4	1.4	5.6	9.5	3.6	0.91	0.44	1.7	11
SPK-0124514	COC1(CNC1)[C@@H](NC(=O)C1=CC=C(C=C1)S(F)(F)(F)(F)F)C(=O)NO	LpxC inhibitors	SPK-0124514-001	1	C000050499	6.35	0.45	4.4	36.2	3.8	145	3.8	145																																										18.545									
SPK-0124513	COC1(CNC1)C(NC(=O)C1=CC=C(SC(F)(F)F)C=C1)C(=O)NO	LpxC inhibitors	SPK-0124513-001	1	C000050484	6.19	0.65	5.1	8.11	3.9	130	3.9	130																															45.6	42.2										4.6									
SPK-0124512	COC1(CNC1)C(NC(=O)C1=CC=C(OC(F)(F)F)C=C1)C(=O)NO	LpxC inhibitors	SPK-0124512-001	1	C000050479	5.85	1.4	4.8	16.8	3.9	134	3.9	134																																										10.6									
SPK-0124511	CCCCCCCC(=O)N[C@H](C(=O)NO)C(C)(C)N	LpxC inhibitors	SPK-0124511-001	1	C000050476	6.1	0.8	4.1	82.6	3.2	661	3.2	661																																										29.9									
SPK-0124510	C\\C=C\\C#CC1=CC=C(C=C1)C(=O)N[C@H](C(=O)NO)C(C)(C)O	LpxC inhibitors	SPK-0124510-001	1	C000050448			5.3	4.65	5.8	1.64	5.2	6.57																															16.7	17.1										2.46									
SPK-0124509	CC#CC1=CC=C(C=C1)C(=O)N[C@H](C(=O)NO)C(C)(C)NC(=O)C1COC1	LpxC inhibitors	SPK-0124509-001	1	C000050445	6.82	0.15	3.8	171	4.1	85.7	3.8	171																																										64									
SPK-0124508	CC(C)([C@H](NC(=O)C1=CC=C(Cl)C=C1)C(=O)NO)S(=O)(=O)CC1COC1	LpxC inhibitors	SPK-0124508-001	1	C000050439	8	0.01	4.7	19.8	3.8	158	3.8	158																																										13.9									
SPK-0124507	COC1(CNC1)C(NC(=O)C1=CC=C(C=C1)C#CC#CC)C(=O)NO	LpxC inhibitors	SPK-0124507-001	1	C000050438	7.52	0.03	5.9	1.29	4.4	41.2	3.9	141																															25.5	22.2										0.774									
SPK-0124506	CC(C)(O)[C@H](NC(=O)C1=CC=C(C=C1)C#CC#CC1CC2(CNC2)C1)C(=O)NO	LpxC inhibitors	SPK-0124506-001	1	C000050423	8.57	0.0027	4.7	22.2	3.9	126	3.9	126																																										45.2									
SPK-0124505	COC1(CN(C1)C(C)=O)C(NC(=O)C1=CC=C(C=C1)C#CC#CCCO)C(=O)NO	LpxC inhibitors	SPK-0124505-001	1	C000050409	8.85	0.0014	4.1	77.4	4	109	3.2	619																																										52									
SPK-0124504	[H]C(=O)N1CC(O)(C1)C(NC(=O)C1=CC=C(C=C1)C#CC#CCCO)C(=O)NO	LpxC inhibitors	SPK-0124504-001	1	C000050408	8.34	0.0046	3.5	332	3.8	166	3.2	664																																										147									
SPK-0124503	CS(=O)(=O)N1CC(O)(C1)C(NC(=O)C1=CC=C(C=C1)C#CC#CCCO)C(=O)NO	LpxC inhibitors	SPK-0124503-001	1	C000050407	7.59	0.026	3.5	294	3.2	588	3.2	588																																										169									
SPK-0124502	CC(C)([C@H](NC(=O)C1=CC=C(C=C1)C#CC#CC1CN(CCO)C1)C(=O)NO)S(=O)(=O)CC1=CN=CS1	LpxC inhibitors	SPK-0124502-001	1	C000050382	8.59	0.0026	4.9	12.1	5.5	3.04	5.2	6.07																																										9.19									
SPK-0124501	OCCC#CC#CC1=CC=C(C=C1)C(=O)N[C@H](C(=O)NO)[C@]1(O)CCNC1	LpxC inhibitors	SPK-0124501-001	1	C000050374			4.8	16.5	3.6	264	3.3	527																																										27.9									
SPK-0124500	CC#CC1=CC=C(C=C1)C(=O)N[C@@H](C(=O)NO)[C@](C)(O)C1CN(C)C1	LpxC inhibitors	SPK-0124500-001	1	C000050370			3.3	557	3.3	557	3.3	557																																										256									
SPK-0124499	CC#CC1=CC=C(C=C1)C(=O)N[C@H](C(=O)NO)[C@@](C)(O)C1CN(C)C1	LpxC inhibitors	SPK-0124499-001	1	C000050369			3.3	557	3.3	557	3.3	557																																										256									
SPK-0124498	CN1CC(O)(C1)C(NC(=O)C1=CC=C(C=C1)C#CC#C[C@@H]1C[C@H]1CO)C(=O)NO	LpxC inhibitors	SPK-0124498-001	1	C000050366	8.36	0.0044	5.4	3.91	5.1	7.82	4.5	31.3																															13	10.7										3.03									
SPK-0124497	CC#CC1=CC=C(C=C1)C(=O)N[C@@H](C(=O)NO)[C@@](C)(O)C1CN(C)C1	LpxC inhibitors	SPK-0124497-001	1	C000050363			3.3	557	3.3	557	3.3	557																																										256									
SPK-0124496	CC#CC1=CC=C(C=C1)C(=O)N[C@@H](C(=O)NO)[C@@](C)(O)C1CNC1	LpxC inhibitors	SPK-0124496-001	1	C000050362			3.5	287	3.2	575	3.2	575																																										138.3									
SPK-0124495	CN1CC(C1)SC(C)(C)[C@H](NC(=O)C1=CC=C(C=C1)C#CC#CCCO)C(=O)NO	LpxC inhibitors	SPK-0124495-001	1	C000050357			5	9.31	4.1	74.5	3.5	298																															27.7	32.6										5.66									
SPK-0124494	CC(C)(O)[C@H](NC(=O)C1=CC=C(C=C1)C#CC#C[C@@H]1C[C@H](O)C1)C(=O)NO	LpxC inhibitors	SPK-0124494-001	1	C000050353	8.77	0.0017	5.6	2.7	6.2	0.675	5.3	5.4																															12.6	14.2										1.32	3.3	3.3	16	23	3.1	0.65	0.46	2.3	22
SPK-0124493	OCCC#CC#CC1=CC=C(C=C1)C(=O)NC1(CCC1)C(=O)NO	LpxC inhibitors	SPK-0124493-001	1	C000050335	5.3	5	3.2	581	3.2	581	3.2	581																																										256									
SPK-0124492	CC(C)[C@H](NC(=O)C1=CC=C(C=C1)C#CC#CCCO)C(=O)NO	LpxC inhibitors	SPK-0124492-001	1	C000050334	7.52	0.03	4.9	12.2	4.9	12.2	4.2	68.9																																										5.66									
SPK-0124491	OCCC#CC#CC1=CC=C(C=C1)C(=O)NC(C(=O)NO)C1(O)CN(CCO)C1	LpxC inhibitors	SPK-0124491-001	1	C000050325	7.77	0.017	3.9	124	3.6	248	3.3	497																																										104									
SPK-0124490	CN1CC(O)(C1)C(NC(=O)C1=CC=C(C=C1)C#CC#CCCO)C(=O)NO	LpxC inhibitors	SPK-0124490-001	1	C000050320	6.8	0.16	4.8	16.5	4	93.2	3.3	527																															40.9	36.7										9.19	9.9	9.8	40	54	1	0.52	3.6	15	2.8
SPK-0124489	CN(C)C1=CC=C(C=N1)C(=O)N[C@H](C(=O)NO)C(C)(C)N	LpxC inhibitors	SPK-0124489-001	1	C000050311	5.09	8.1	3.7	193	3.1	772	3.1	772																																										111									
SPK-0124488	OCCC#CC#CC1=CC=C(C=C1)C(=O)NC(C(=O)NO)C1=CC=CNC1=O	LpxC inhibitors	SPK-0124488-001	1	C000050301	6.59	0.26	4.4	42.2	4.5	29.8	4.1	84.3																																										24.2									
SPK-0124487	OC[C@@H]1C[C@H]1C#CC#CC1=CC=C(C=C1)C(=O)N[C@@H]([C@H]1COCCN1)C(=O)NO	LpxC inhibitors	SPK-0124487-001	1	C000050297	8.74	0.0018	5.7	1.96	5.95	1.119	5.3	5.28															6.3	0.489															14.6	14						0.5	1.5	0.063	2	1.13									
SPK-0124486	NC1CC(O)(C1)C(NC(=O)C1=CC=C(C=C1)C#CC#CCCO)C(=O)NO	LpxC inhibitors	SPK-0124486-001	1	C000050287	6.64	0.23	3.9	132	3.3	527	3.3	527																																										102									
SPK-0124485	CC#CC1=CC=C(C=C1)C(=O)N[C@H](C(=O)NO)C(C)(C)NC1CCC1	LpxC inhibitors	SPK-0124485-001	1	C000050280	7.21	0.062	5.4	4.37	5.1	8.74	4.9	12.4																															5.37	30.1										3.18									
SPK-0124484	CCC1=CCC(CC1)C(=O)N[C@H](C(=O)NO)C(C)(C)N	LpxC inhibitors	SPK-0124484-001	1	C000050272	5.85	1.4	4.8	14.2	3.2	644	3.2	644																																										11.3									
SPK-0124483	CC(C)(N)[C@H](NC(=O)N1CCC(CC1)C(F)(F)F)C(=O)NO	LpxC inhibitors	SPK-0124483-001	1	C000050249	5.57	2.7	4.2	65.7	3.2	663	3.2	663															4.4	41.4																						16	130	8	130	38									
SPK-0124482	CC(C)(N)[C@H](NC(=O)N1CC2(CCC2)C1)C(=O)NO	LpxC inhibitors	SPK-0124482-001	1	C000050215	5.03	9.4	3.9	118	3.6	237	3.6	237																															92.4	95.9										42.2									
SPK-0124481	CC(C)(N)[C@H](NC(=O)[C@H]1CC[C@@H](CC1)C1=CC=CC=C1)C(=O)NO	LpxC inhibitors	SPK-0124481-001	1	C000050207	6.975	0.156	5.1	7.19	4.7	20.3	3.8	163																															36.4	24.5										4.29									
SPK-0124480	COC1=CC(F)=C(C=C1)C1=CC(=O)N(CCC(C)(NS(C)(=O)=O)C(=O)NO)C=C1	LpxC inhibitors	SPK-0124480-001	1	C000050180	8.365	0.009985	4.7	18.7	4.4	37.4	4.1	74.9																																										8.57									
SPK-0124479	CN1C=NC(C)=C1C(NC(=O)C1=CC=C(C=C1)C#CC#CCCO)C(=O)NO	LpxC inhibitors	SPK-0124479-001	1	C000050173	7.3	0.05	4.4	42.1	4.1	84.1	3.8	168																																										23.7									
SPK-0124478	CC(C)(N)[C@H](NC(=O)N1CC2CC2C1)C(=O)NO	LpxC inhibitors	SPK-0124478-001	1	C000050170	4.77	17	3.7	202	3.7	202	3.7	202																																										61.1									
SPK-0124477	CC(C)(NCCC#N)[C@H](NC(=O)C1=CC=C(C=C1)C#CC#C[C@@H]1C[C@H]1CO)C(=O)NO	LpxC inhibitors	SPK-0124477-001	1	C000050121	6.38	0.42	3.9	133	4.8	16.6	4.2	66.3																																										64									
SPK-0124476	CC(C)([C@H](NC(=O)C1=CC=C(C=C1)C#CC#CCOCCO)C(=O)NO)S(C)(=O)=O	LpxC inhibitors	SPK-0124476-001	1	C000050068	8.01	0.0097	5	9.16	5.8	1.62	5	9.16																															36.6	30.7										5.66									
SPK-0124475	CC(C)([C@H](NC(=O)C1=CC=C(C=C1)C#CC#CC1CN(CCO)C1)C(=O)NO)S(=O)(=O)CCO	LpxC inhibitors	SPK-0124475-001	1	C000050064	8.28	0.0053	4.6	26.4	5.2	6.61	4.9	13.2																																										24.2									
SPK-0124474	CC1=NOC(=C1)[C@](C)(O)[C@H](NC(=O)C1=CC=C(C=C1)C#CC#CC1CN(CCO)C1)C(=O)NO	LpxC inhibitors	SPK-0124474-001	1	C000050062	7.89	0.013	5.3	4.87	5.5	3.45	4.9	13.8															6.1	0.861															30.1	20			20.9							4.6									
SPK-0124473	NC1(COC1)[C@H](NC(=O)C1=CC=C(C=C1)C#CC#CC(O)CO)C(=O)NO	LpxC inhibitors	SPK-0124473-001	1	C000050046	8.32	0.0048	5.1	8.21	4.8	16.4	3.9	131																															63.4	60.5				1410	0.951					6.5									
SPK-0124472	NC1(COC1)[C@H](NC(=O)C1=CC=C(C=C1)C#CC#CC1CN(CCO)C1)C(=O)NO	LpxC inhibitors	SPK-0124472-001	1	C000050026	9.12	0.00076	5.4	3.8	5.4	3.8	5.4	3.8																															51.4	53.6				512	0.945					3.73									
SPK-0124471	CC1=CC=CN2C=C(N=C12)C(=O)N[C@H](C(=O)NO)C(C)(C)N	LpxC inhibitors	SPK-0124471-001	1	C000050021			3.8	153	3.8	153	3.8	153																																										64									
SPK-0124470	CN1N=CC(C(=O)N[C@H](C(=O)NO)C(C)(C)N)=C1Cl	LpxC inhibitors	SPK-0124470-001	1	C000050015			3.8	159	3.8	159	3.8	159																																										64									
SPK-0124468	CC(C)(N)[C@H](NC(=O)CC1=CC=C(Cl)C=C1)C(=O)NO	LpxC inhibitors	SPK-0124468-001	1	C000049998	6	1	3.8	155	3.8	155	3.8	155																																										64									
SPK-0124467	COC1=CC=C(C=C1)C(=O)N[C@H](C(=O)NO)C(C)(C)N	LpxC inhibitors	SPK-0124467-001	1	C000049997	6.35	0.45	5.5	3.19	3.8	162	3.8	162															5.6	2.53															69.2	68.2				799		1	4	0.5	8	2.38	4	4	16	27	2.5	1.4	2.7	11	3.7
SPK-0124466	CC(C)(O)[C@H](NC(=O)C1=CC=C(C=C1)C#CC#C[C@@H]1C[C@H]1CNCCO)C(=O)NO	LpxC inhibitors	SPK-0124466-001	1	C000049993	8.42	0.0038	4.8	15.2	4.7	21.4	3.9	121																															57	55										16									
SPK-0124465	CC(C)(O)[C@H](NC(=O)C1=CC=C(C=C1)C#CC#CC1CC(C1)N1CC(O)C1)C(=O)NO	LpxC inhibitors	SPK-0124465-001	1	C000049906, C000049990	8.85	0.0014	5.7	1.85	5.6	2.395	5.2	7.105					5.1	7.41	4.5	29.7					4.5	29.7	5.7	1.85									5.4	3.71					31.2	33.3				150	0.92	1	4	0.063	4	2.31	2.9	2.9	18	30	3.5	1.3	0.97	5.9	10
SPK-0124464	C[C@H](N(C)C)C(=O)N1CC(C1)C#CC#CC1=CC=C(C=C1)C(=O)N[C@H](C(=O)NO)C(C)(C)O	LpxC inhibitors	SPK-0124464-001	1	C000049967	8.72	0.0019	4.6	28.1	4.9	14.1	4.6	28.1																															71.6	54										21.1									
SPK-0124463	CC1=CC=C(C=C1)C1=CC(=NO1)C(=O)N[C@H](C(=O)NO)C(C)(C)N	LpxC inhibitors	SPK-0124463-001	1	C000049956	6.92	0.12	4.7	17.9	3.8	143	3.8	143															5.3	4.48																										13									
SPK-0124462	CC(C)(N)[C@H](NC(=O)C1=CC=C(C=C1)C#C)C(=O)NO	LpxC inhibitors	SPK-0124462-001	1	C000049942	6.94	0.114	5.7	2.11	4.3	47.7	3.9	116					4.2	58.1	4.8	14.5					4.2	58.1	6	0.908									4.8	14.5					59.9	55.9	63.8	66.6	61.5	754	0.965	0.25	1	0.13	4	1	2.8	2.8	11	22	3.7	1.8	1.5	6	6.5
SPK-0124461	COCC#CC1=CC=C(C=C1)C(=O)N[C@H](C(=O)NO)C(C)(C)N	LpxC inhibitors	SPK-0124461-001	1	C000049937	7.01	0.098	5.3	5.27																			4.55	31.65																																			
SPK-0124460	COC1=CC=C(C=N1)C1=CC=C(C=C1)C(=O)N[C@H](C(=O)NO)C(C)(C)N	LpxC inhibitors	SPK-0124460-001	1	C000049925	7.53	0.0295	5.4	4.23	4.2	67.7	4.2	67.7															5.9	1.33																				28.5	0.95	1	2	0.25	16	2.7									
SPK-0124459	[H]C(=O)N1CC(C1)C#CC#CC1=CC=C(C=C1)C(=O)N[C@@H]([C@@H](C)NC)C(=O)NO	LpxC inhibitors	SPK-0124459-001	1	C000005372			5.3	5.23	5.45	5.905			4.1	83.7																																																	
SPK-0124458	CC(C)(N)[C@H](NC(=O)C1=CC=C(C=C1)C#CC#C[C@H]1CO[C@@H]1CO)C(=O)NO	LpxC inhibitors	SPK-0124458-001	1	C000005369	7.56	0.0277	5	10.4	5	12.995			4.1	83																																																	
SPK-0124457	CC(C)(N)[C@H](NC(=O)C1=CC=C(C=C1)C#CC#C[C@H](O)CO)C(=O)NO	LpxC inhibitors	SPK-0124457-001	1	C000005364	7.71	0.0195	5.3	5.57	4.7	27.8	4.4	44.5	4.1	89													4.4	44.5																				5000						3.48									
SPK-0124456	CN[C@H](C)[C@H](NC(=O)C1=CC=C(C=C1)C#CC#C[C@@H]1C[C@H]1CO)C(=O)NO	LpxC inhibitors	SPK-0124456-001	1	C000005359			5.9	1.35	5.9	1.6935			4.1	86.6													6.2	0.677																																			
SPK-0124455	CN[C@H](C)[C@H](NC(=O)C1=CC=C(C=C1)C#CC#C[C@H](C)O)C(=O)NO	LpxC inhibitors	SPK-0124455-001	1	C000005357			5.2	5.82	4.6	29.1			4	93.2													4.3	46.6																																			
SPK-0124454	COC(CO)C#CC#CC1=CC=C(C=C1)C(=O)N[C@H](C(=O)NO)C(C)(C)N	LpxC inhibitors	SPK-0124454-001	1	C000005354	7.96	0.011	5.5	3.18	5.45	6.02			4.1	85.7													4.4	42.8																																			
SPK-0124453	CN1CC(C1)C#CC#CC1=CC=C(C=C1)C(=O)N[C@H](C(=O)NO)C(C)(C)O	LpxC inhibitors	SPK-0124453-001	1	C000005341	7.72	0.0286	5.65	2.12	5.6	2.71	5	9.31	4.1	86.6			4.7	18.6	4.7	18.6					4.4	37.3	5.9	1.16									5.6	2.33					41.8	39.2				118	0.935	0.5	2	0.13	4	1.87									
SPK-0124452	C[C@@H](N)[C@H](NC(=O)C1=CC=C(C=C1)C#CC#CC(O)CO)C(=O)NO	LpxC inhibitors	SPK-0124452-001	1	C000005323	6.47	0.335	5.2	5.79	4	92.7			4	92.7			4	92.7	4.3	46.3					4	92.7	4.3	46.3															76	81																			
SPK-0124451	CC(C)(O)[C@H](NC(=O)C1=CC=C(C=C1)C#CC#CC1CNC1)C(=O)NO	LpxC inhibitors	SPK-0124451-001	1	C000005308	8.04	0.0091	5.6	2.81	4.2	63.7	4.4	38.5	4	90			4	90	4	90					4	90																	74	51.05		59.7	46.9							4	4.8	4.8	32	61	2.1	0.31	2.1	14	4.9
SPK-0124450	CC(C)(N)[C@H](NC(=O)C1=CC=C(C=C1)C#CC#CC[C@H](O)CO)C(=O)NO	LpxC inhibitors	SPK-0124450-001	2	C000005288	8.15	0.0071	5.3	5.36	4.9	17.83			4.1	85.7			4.1	85.7	4.4	42.8					4.1	85.7	5.3	5.36															67	66				6630		1.5	6	0.25	12	4.38									
SPK-0124449	CC(C)(N)C(NC(=O)C1=CC=C(C=C1)C#CC#CC1C[C@@H](O)[C@H]1CO)C(=O)NO	LpxC inhibitors	SPK-0124449-001	1	C000005285			5	10	4.7	25.05			4.1	80.1			4.1	80.1	4.1	80.1					4.1	80.1																																					
SPK-0124448	CC1=CC(=NO1)[C@H](N)[C@H](NC(=O)C1=CC=C(C=C1)C#CC#C[C@@H]1C[C@H]1CO)C(=O)NO	LpxC inhibitors	SPK-0124448-001	1	C000005268			5	11.815	4.7	23.685			4.4	37.9			4.4	37.9	4.7	18.9					4.4	37.9																																					
SPK-0124447	CC(C)(N)[C@H](NC(=O)C1=CC=C(C=C1)C#CC#CC(O)C1CC1CO)C(=O)NO	LpxC inhibitors	SPK-0124447-001	1	C000005263			5.6	2.5	5.6	5.313			4.4	40.1			4.7	20	4.4	40.1					4.4	40.1																																					
SPK-0124446	CC(C)(N)[C@H](NC(=O)C1=CC=C(C=C1)C#CC#CC[C@@]1(O)C[C@H](CO)C1)C(=O)NO	LpxC inhibitors	SPK-0124446-001	1	C000005252			5	9.67	5.05	15.41			4.1	77.4			4.1	77.4	4.1	77.4					4.1	77.4																																					
SPK-0124445	CC(C)(N)[C@H](NC(=O)C1=CC=C(C=C1)C#CC#C[C@@H]1[C@@H](CO)[C@H]1CO)C(=O)NO	LpxC inhibitors	SPK-0124445-001	1	C000005230			5.2	6.045	5.15	11.25			4.55	30.05			4.4	50.05	4.55	30.05					4.25	90																																					
SPK-0124444	CC(C)(N)[C@H](NC(=O)C1=CC2=C(S1)C=C(C=C2)C#CC1C[C@H]1CO)C(=O)NO	LpxC inhibitors	SPK-0124444-001	1	C000005228			5.3	4.98	5.45	5.605			4.7	19.9			4.7	19.9	4.7	19.9					5.3	4.98																																					
SPK-0124443	CC(C)(N)[C@H](NC(=O)C1=CC=C(C=C1)C#CC#CCCN)C(=O)NO	LpxC inhibitors	SPK-0124443-001	1	C000005221			4.9	11.7	4.75	17.55			4.6	23.4			4.6	23.4	4.6	23.4					4.3	46.7																																					
SPK-0124442	CN[C@H](C)[C@H](NC(=O)C1=CC=C(C=C1)C#CC#CC1CC1)C(=O)NO	LpxC inhibitors	SPK-0124442-001	1	C000005041			6.5	0.288	6.3	0.458	5.7	1.86	4.3	47.1	5	9.35	5.5	2.95	6.8	0.177																																											
SPK-0124441	CC(C)(N)[C@H](NC(=O)C1=CC=C(C=C1)C#CC#CC1C[C@@H]1C(O)=O)C(=O)NO	LpxC inhibitors	SPK-0124441-001	2	C000005022	8.15	0.007	4.4	41.7	4.4	41.7	4.4	41.7	4.4	41.7	4.4	41.7	4.4	41.7	4.25	62.6																																											
SPK-0124440	CN(C)C1=NC=C(S1)C#CC#CC1=CC=C(C=C1)C(=O)N[C@H](C(=O)NO)C(C)(C)N	LpxC inhibitors	SPK-0124440-001	1	C000004964			5.9	1.18	7.05	0.10575	5.8	9.4705	4.4	37.6	6.2	0.588	6.2	0.588	6.9	0.141																																											
SPK-0124439	CC(C)(N)[C@H](NC(=O)C1=CC=C(C=C1)C#CC#CC1CC\\C(C1)=N/O)C(=O)NO	LpxC inhibitors	SPK-0124439-001	1	C000004954			6.2	0.631	6.05	0.9455	5.25	20.5975	4.4	40.4	5	10.1	5.4	4	6.2	0.631																																											
SPK-0124438	CCN1C=C(C=N1)C#CC#CC1=CC=C(C=C1)C(=O)N[C@H](C(=O)NO)C(C)(C)O	LpxC inhibitors	SPK-0124438-001	1	C000004948			5.6	2.54	6.5	0.317	6.5	0.317	4.4	40.6	5.9	1.27	6.2	0.634	6.2	0.634																							2.03	1.49										0.87									
SPK-0124437	CC(C)(N)[C@H](NC(=O)C1=CC=C(C=C1)C#CC#CC1=CN(CCF)N=C1)C(=O)NO	LpxC inhibitors	SPK-0124437-001	1	C000004910			6.5	0.304	6.5	0.3105	5.6	5.164	4.4	38.9	5.6	2.43	5.9	1.22	5.7	1.93																																											
SPK-0124436	CON=C1CC(C1)C#CC#CC1=CC=C(C=C1)C(=O)N[C@H](C(=O)NO)C(C)(C)N	LpxC inhibitors	SPK-0124436-001	1	C000004898			6.5	0.315	6.7	0.199	6.35	0.473	4.4	40.4	5	10.1	5.95	1.13	6.95	0.11335							6.5	0.315	6.2	0.631	6.2	0.631																															
SPK-0124435	CC(C)(N)[C@H](NC(=O)C1=CC=C(C=C1)C#CC#CC1C[C@@H]1C(C)(C)O)C(=O)NO	LpxC inhibitors	SPK-0124435-001	7	C000004877			6.2	0.629	6.3	0.537	5.9	1.26	4.7	20.1	5.2	6.34	5.9	1.26	5.7	1.78	4.4	40.3	6.5	0.314	5	10.1	6.2	0.629	5.6	2.52	5.9	1.26	5.6	2.52	5	10.1	6.5	0.314	5.6	2.52	4.7	20.1																					
SPK-0124434	CC(C)(N)[C@H](NC(=O)C1=CC=C(C=C1)C#CC#CC1=CN=C(S1)N1CCOCC1)C(=O)NO	LpxC inhibitors	SPK-0124434-001	1	C000004873			5.85	1.605	6.45	0.401	6.15	0.8025	4.5	34.2	6	1.07	6.3	0.535	6.6	0.267							5.7	2.14	5.7	2.14	6.15	0.8025																															
SPK-0124433	CC(O)CN1C=C(C=N1)C#CC#CC1=CC=C(C=C1)C(=O)N[C@H](C(=O)NO)C(C)(C)N	LpxC inhibitors	SPK-0124433-001	2	C000004825			5.9	1.18	6	1.0075	5.6	2.36	4.4	37.8	5.1	8.065	5.1	8.065	4.8	16.15							5.9	1.18	5.3	4.72	5.45	3.54																															
SPK-0124432	CC(C)(N)[C@H](NC(=O)C1=CC=C(C=C1)C#CC#CC1=CN=C(CNC2CC2)S1)C(=O)NO	LpxC inhibitors	SPK-0124432-001	1	C000004824			6	1.11	7.05	0.0997	6.15	2.2815	4.5	35.4	5.1	8.86	6.3	0.554	5.7	2.21																																											
SPK-0124431	CC(C)(N)[C@H](NC(=O)C1=CC=C(C=C1)C#CC#CC1C[C@H](O)C1)C(=O)NO	LpxC inhibitors	SPK-0124431-001	1	C000004785	9.025	0.00096	6.2	0.677	5.95	1.1215	5.75	2.03	4.4	43.3	5	10.8	5.7	2.15	5.8	1.61			6.2	0.677	4.7	21.7	6.2	0.677	5.6	2.71	6.05	1.0135	5.3	5.41	5	10.8	6.2	0.677	5.3	5.41	4.7	21.7	9.06	12.4										0.379									
SPK-0124430	CC(C)(N)[C@H](NC(=O)C1=CC=C(C=C1)C#CC#CC(CO)CO)C(=O)NO	LpxC inhibitors	SPK-0124430-001	1	C000004761			5.2	6.465	4.4	42.8	4.4	42.8	4.4	42.8	4.4	42.8	4.4	42.8	4.4	42.8					4.7	21.4																																					
SPK-0124429	CC(C)(N)[C@H](NC(=O)C1=CC=C(C=C1)C#CC#CCCO)C(=O)NO	LpxC inhibitors	SPK-0124429-001	1	C000004758	8.66	0.0022	6	1.03	5.45	3.51	5.05	8.71	4.45	34.95	4.3	46.6	4.8	15.05	5.35	4.365			5.2	5.82	4.6	23.3	6.1	0.728	4.9	11.6	5.05	8.71	4.9	11.6	4.6	23.3	5.8	1.46	4.9	11.6	4.6	23.3	53.7	49	60.9			1020	0.955	0.13	1	0.031	2	0.812									
SPK-0124428	CN(C)C1(CC1)C(NC(=O)C1=CC=C(C=C1)C#CC#CC1CC1)C(=O)NO	LpxC inhibitors	SPK-0124428-001	1	C000004756			5	10.9	5.9	1.712	5.45	4.105	4.1	87.6	5	10.9	5.9	1.37	6.5	0.342																																											
SPK-0124427	CC(C)(N)[C@H](NC(=O)C1=CC(F)=C(C=C1)C#CC#CC1CC1)C(=O)NO	LpxC inhibitors	SPK-0124427-001	1	C000004753			6.3	0.555	7	0.10845	6.05	2.884	4.3	44.8	5.7	2.22	6.4	0.441	6.9	0.135																																											
SPK-0124426	CC(C)(NC(=O)CN)[C@H](NC(=O)C1=CC=C(C=C1)C#CC#CC1CC1)C(=O)NO	LpxC inhibitors	SPK-0124426-001	1	C000004730			6	0.892	5.95	1.076	5	21.46	4.4	40.4	4.7	20.2	5.1	7.13	6.4	0.446																																											
SPK-0124425	CC(C)(N)[C@H](NC(=O)C1=CC=C(C=C1)C#CC#CC(O)CO)C(=O)NO	LpxC inhibitors	SPK-0124425-001	2	C000004726			5.3	5.57	4.4	38.1	4.4	38.1	4.05	111.25	4.4	44.5	4.05	111.25	4.4	44.5					3.7	178	5.3	5.57															72	77	59.6		65.5			2	36	1.125	40	5.175									
SPK-0124424	CC(C)N(C)C(C)(C)[C@H](NC(=O)C1=CC=C(C=C1)C#CC#CC1CC1)C(=O)NO	LpxC inhibitors	SPK-0124424-001	1	C000004722			5.6	2.53	6.5	0.316	5.75	2.846	4.4	40.5	5	10.1	5.9	1.26	6.2	0.632																																											
SPK-0124423	CC(C)(N)[C@H](NC(=O)C1=CC=C(C=C1)C#CC#CC1(F)CCC1)C(=O)NO	LpxC inhibitors	SPK-0124423-001	1	C000004701			6.2	0.673	6.95	0.1214	5.9	2.8585	4.7	21.5	5.3	5.38	6.5	0.337	6.8	0.162					6.2	0.673	6.2	0.673					5.9	1.35	5	10.8	6.5	0.337	5.9	1.35	5	10.8																					
SPK-0124422	CN(C)S(=O)(=O)C1=CC=C(C=C1)C#CC#CC1=CC=C(C=C1)C(=O)N[C@H](C(=O)NO)C(C)(C)N	LpxC inhibitors	SPK-0124422-001	1	C000004666			5.55	3.105	6.3	0.518	6.3	0.518	4.5	33.2	5.7	2.07	6.3	0.518	4.8	16.6																																											
SPK-0124421	ONC(=O)[C@H](CNC1CCC1)NC(=O)C1=CC=C(C=C1)C#CC#CC1CC1	LpxC inhibitors	SPK-0124421-001	1	C000004662			5	10.9	5.3	5.47	4.7	27.35	4.4	43.8	4.4	43.8	5.3	5.47	5.6	2.74																																											
SPK-0124420	CCCNC[C@H](NC(=O)C1=CC=C(C=C1)C#CC#CC1CC1)C(=O)NO	LpxC inhibitors	SPK-0124420-001	1	C000004645			5.05	8.48	5.35	4.245	4.75	25.48	4.3	45.3	4.6	22.6	5.2	5.66	5.5	2.83																																											
SPK-0124419	NC[C@H](NC(=O)C1=CC=C(C=C1)C#CC#CC1CC1)C(=O)NO	LpxC inhibitors	SPK-0124419-001	1	C000004627			5.7	1.94	5.45	3.515	4.75	28.91	4.3	51.4	4.6	25.7	4.9	12.8	6	0.955																																											
SPK-0124418	CC(=O)NS(=O)(=O)C1=CC=C(S1)C#CC#CC1=CC=C(C=C1)C(=O)N[C@H](C(=O)NO)C(C)(C)N	LpxC inhibitors	SPK-0124418-001	1	C000004626			4.5	31.8	4.5	31.8	4.5	31.8	4.5	31.8	4.5	31.8	4.5	31.8	4.5	31.8																																											
SPK-0124417	CC(C)(N)[C@H](NC(=O)C1=CC=C(C=C1)C#CC#CC1=CC=CC=C1)C(=O)NO	LpxC inhibitors	SPK-0124417-001	1	C000004608			5	10.7	6.8	0.16	5.45	10.983	4.7	21.3	5.3	5.33	6.5	0.333			4.4	42.6																																									
SPK-0124416	CC(C)(N)[C@H](NC(=O)C1=CC=C(C=C1)C#CC#CC=C1CCN(CC1)S(C)(=O)=O)C(=O)NO	LpxC inhibitors	SPK-0124416-001	1	C000004537			5.6	2.555	6.3	0.6625	5.25	17.48	4.5	33.9	4.5	33.9	5.7	2.12			4.5	33.9					5.7	2.12																																			
SPK-0124415	CC(C)(N)[C@H](NC(=O)C1=CC=C(C=C1)C#CC#CC1=CN(CC(=O)N2CCOCC2)N=C1)C(=O)NO	LpxC inhibitors	SPK-0124415-001	1	C000004535			5.4	4.06	5.1	8.12	4.65	24.35	4.5	32.5	5.4	4.06	4.8	16.2			4.5	32.5																																									
SPK-0124414	COC1=C(F)C=C(C=C1)C#CC#CC1=CC=C(C=C1)C(=O)N[C@H](C(=O)NO)C(C)(C)N	LpxC inhibitors	SPK-0124414-001	1	C000004481			4.85	14.175	6.5	0.366	5.9	1.18	4.4	37.8	5.3	4.72	6.5	0.295			4.4	37.8																																									
SPK-0124413	CC(C)(N)[C@H](NC(=O)C1=CC=C(C=C1)C#CC#CC=C1CCS(=O)CC1)C(=O)NO	LpxC inhibitors	SPK-0124413-001	1	C000004478			5.6	2.34	5.3	4.68	4.85	21.04	4.4	37.4	4.7	18.7	5	9.36			4.4	37.4																																									
SPK-0124412	CC(C)(N)[C@H](NC(=O)C1=CC=C(C=C1)C#CC#CC1=CN(CCO)N=C1)C(=O)NO	LpxC inhibitors	SPK-0124412-001	5	C000004462			6.2	0.611	5.9	1.22	5.3	6.105	4.7	19.5	5.6	2.44	5.3	4.88	5	9.77	4.55	29.3	5.9	1.22	4.7	19.5	5.9	1.22	5.3	4.88	5.75	1.83	4.7	19.5	4.7	19.5	5.6	2.44	5	9.77	4.7	19.5																					
SPK-0124411	CC(C)(N)[C@H](NC(=O)C1=CC=C(\\C=C\\C#CC2CC2(F)F)C=C1)C(=O)NO	LpxC inhibitors	SPK-0124411-001	1	C000004419			6.25	0.565	5.95	1.1285	5.05	16.325	4.4	42.4	5.3	5.3	5	10.6			4.4	42.4																																									
SPK-0124410	CC(C)(N)[C@H](NC(=O)C1=CC=C(C=C1)C#CC#CC1=CC=C(CN2CCN(CC2)S(C)(=O)=O)C=C1)C(=O)NO	LpxC inhibitors	SPK-0124410-001	1	C000004417			5.7	1.81	6	1.1315	5.55	4.078	4.5	29	6	0.906	5.7	1.81			4.5	29																																									
SPK-0124409	CC(C)(N)[C@H](NC(=O)C1=CC=C(C=C1)C#C\\C=C\\CC1CCOCC1)C(=O)NO	LpxC inhibitors	SPK-0124409-001	1	C000004409			5.6	2.5	6.35	0.4695	5.75	2.818	4.4	40.1	5.3	5.01	5.6	2.5			4.4	40.1																																									
SPK-0124408	CC(C)(N)[C@H](NC(=O)C1=CC=C(C=C1)C#C\\C=C\\CN1CCC(F)(F)C1)C(=O)NO	LpxC inhibitors	SPK-0124408-001	1	C000004407			5.3	4.76	5.45	3.57	4.7	23.805	4.4	38.1	4.4	38.1	4.7	19			4.4	38.1																																									
SPK-0124407	CC(C)(O)[C@H](NC(=O)C1=CC=C(C=C1)C#C\\C=C\\C(F)(F)F)C(=O)NO	LpxC inhibitors	SPK-0124407-001	1	C000004360			5.15	8.1	5.3	6.75	4.7	27	4.4	43.2	5.6	2.7	5	10.8																																													
SPK-0124406	CC(C)(N)[C@H](NC(=O)C1=CC=C(C=C1)C#C\\C=C/CC1CC1)C(=O)NO	LpxC inhibitors	SPK-0124406-001	1	C000004352			5.9	1.41	5.55	3.52	4.9	14.065	4.3	45	5.6	2.81	5.2	5.63			4.3	45																																									
SPK-0124405	CCC\\C=C(/F)C#CC1=CC=C(C=C1)C(=O)N[C@H](C(=O)NO)C(C)(C)N	LpxC inhibitors	SPK-0124405-001	1	C000004337			6.05	1.036	6.65	0.256	5.6	5.896	4.4	44.3	6.2	0.692	5.9	1.38			4.4	44.3																																									
SPK-0124404	CC(NC(N)=N)[C@H](NC(=O)C1=CC=C(C=C1)C#CC#CC1CC1)C(=O)NO	LpxC inhibitors	SPK-0124404-001	1	C000004333	7.18	0.066	4.7	21.8	4.4	43.5	4.4	43.5	4.4	43.5	4.4	43.5	4.4	43.5			4.4	43.5																																									
SPK-0124403	CC(C)(N)[C@H](NC(=O)C1=CC=C(C=C1)C#C\\C(F)=C/C1CCC1)C(=O)NO	LpxC inhibitors	SPK-0124403-001	1	C000004332			5.15	8.03	5	13.38	4.55	32.1	4.4	42.8	5.6	2.68	5.3	5.36			4.4	42.8																																									
SPK-0124402	CC(C)(N)[C@H](NC(=O)C1=CC=C(C=C1)C#C\\C=C\\CCC1CC1)C(=O)NO	LpxC inhibitors	SPK-0124402-001	1	C000004325			5.45	4.06	6.8	0.162	6.5	0.338	4.4	43.3	5.9	1.35	6.2	0.677			4.4	43.3																																									
SPK-0124401	CC(C)(NC=O)[C@H](NC(=O)C1=CC=C(C=C1)C#C\\C=C/C1CCC1)C(=O)NO	LpxC inhibitors	SPK-0124401-001	1	C000004283			4.7	20.9	5	13.06	4.7	26.05	4.4	41.7	5.3	5.22	5	10.4			4.4	41.7																																									
SPK-0124400	CC(C)(O)[C@H](NC(=O)C1=CC=C(C=C1)C#CC#CC1=CN=CS1)C(=O)NO	LpxC inhibitors	SPK-0124400-001	2	C000004234			6.2	0.652	6.2	0.652	6.05	0.976	4.7	20.9	5.6	2.61	5.9	1.3	6.5	0.326	4.55	31.3	6.65	0.241	4.7	20.9	5.9	1.3	5.9	1.3	6.5	0.404	4.7	20.9	4.7	20.9	6.2	0.652	4.7	20.9	4.7	20.9																					
SPK-0124399	CC(C)(O)[C@H](NC(=O)C1=CC=C(\\C=C\\C#CC2=CNN=C2)C=C1)C(=O)NO	LpxC inhibitors	SPK-0124399-001	1	C000004221			5.6	2.71	5.45	4.07	5.3	5.43	4.4	43.4	5.3	5.43	4.4	43.4			4.4	43.4																					10.1	10.9										1.41									
SPK-0124398	CC(C)(N)[C@H](NC(=O)C1=CC=C(C=C1)C#CC#CC=C1CCCC1)C(=O)NO	LpxC inhibitors	SPK-0124398-001	1	C000004173			5.45	3.955	6.65	0.2435	6.05	1.4845	4.7	21.1	5.6	2.64	6.8	0.158			5	10.5																																									
SPK-0124397	CNCC#CC#CC1=CC=C(C=C1)C(=O)N[C@H](C(=O)NO)C(C)(C)O	LpxC inhibitors	SPK-0124397-001	1	C000004169			5.8	1.46	4.6	23.3	4.3	46.6	4.3	46.6	4.3	46.6	4.3	46.6			4.3	46.6																																									
SPK-0124396	C[C@H](N)[C@H](NC(=O)C1=CC=C(C=C1)C#CC#CC1CC1)C(=O)NO	LpxC inhibitors	SPK-0124396-001	1	C000004144			6.05	0.868	6.25	0.547	5.55	7.992	4.3	49.2	5	9.76	5.5	3.07			4.3	49.2																																									
SPK-0124395	CC(C)(N)[C@H](NC(=O)C1=CC=C(C=C1)C#CC#CCOC1CC1)C(=O)NO	LpxC inhibitors	SPK-0124395-001	1	C000004110			6.5	0.338	6.45	0.4095	6.2	0.677	4.4	43.3	5.2	6.82	5.5	3.22	6.8	0.162	4.4	43.3	6.5	0.338	5.9	1.35	6.2	0.677	5.9	1.35	6.05	1.0135	5.6	2.71	5	10.8	7.1	0.0812	5.6	2.71	4.7	21.7																					
SPK-0124393	CC(C)(N)[C@H](NC(=O)C1=CC=C(C=C1)C#CC#C[C@H]1CC[C@H](O)CC1)C(=O)NO	LpxC inhibitors	SPK-0124393-001	1	C000004084			6	1.06	5.95	1.1915	5.35	7.73	4.4	40.3	5.3	5.03	5.5	3.17			4.4	40.3					5.9	1.26																																			
SPK-0124391	C[C@@H](N)[C@H](NC(=O)C1=CC=C(C=C1)C#CC#CC1=CN=C(N)S1)C(=O)NO	LpxC inhibitors	SPK-0124391-001	1	C000004063			6.5	0.326	5.9	1.3	5.05	21.885	4.4	41.7	4.8	16.6	5	10.4			4.4	41.7																																									
SPK-0124390	CC(C)(N)[C@H](NC(=O)C1=CC=C(C=C1)C#CC#CC1=CN=CN=C1)C(=O)NO	LpxC inhibitors	SPK-0124390-001	1	C000004044			5.9	1.32	5.15	7.95	4.55	31.8	4.4	42.4	4.7	21.2	4.4	42.4			4.4	42.4					5.3	5.3															27																				
SPK-0124389	CC(C)CC#CC#CC1=CC=C(C=C1)C(=O)N[C@H](C(=O)NO)C(C)(C)O	LpxC inhibitors	SPK-0124389-001	1	C000004042			5.45	4.21	6.05	1.5805	5.6	3.505	4.3	44.9	4.9	11.2	5.6	2.81			4.9	11.2																																									
SPK-0124388	C[C@@H](N)[C@H](NC(=O)C1=CC=C(C=C1)C#CC#CC1=CN=CN=C1)C(=O)NO	LpxC inhibitors	SPK-0124388-001	1	C000004037			5.6	2.75	4.4	44	4.4	44	4.4	44	4.4	44	4.4	44			4.4	44																																									
SPK-0124387	CC(C)(N)[C@H](NC(=O)C1=CC=C(C=C1)C#C\\C=C\\C1CCCC1)C(=O)NO	LpxC inhibitors	SPK-0124387-001	1	C000004027			5.6	2.71	6.35	0.5075	5.75	3.0435	4.7	21.7	5	10.8	6.2	0.677			4.7	21.7																																									
SPK-0124386	CC(C)(N)[C@H](NC(=O)C1=CC=C(C=C1)C#CC1=CC=C(CN2CCS(=O)(=O)CC2)C=C1)C(=O)NO	LpxC inhibitors	SPK-0124386-001	1	C000004019			5.7	2.01	5.85	1.505	5.4	5.015	4.5	32.1	5.7	2.01	5.4	4.01			4.5	32.1																																									
SPK-0124385	CC(C)(N)[C@H](NC(=O)C1=CC=C(C=C1)C#CC#CC1=CC=CS1)C(=O)NO	LpxC inhibitors	SPK-0124385-001	2	C000003994			5.95	1.238	7.1	0.0786	6.65	0.2435	4.75	19.3	6.15	0.989	6.95	0.1198	6.8	0.157	4.7	21	7.4	0.0393	5.9	1.31			6.8	0.157	6.65	0.3668	5.6	2.62	5.3	5.24	7.1	0.0786	5.6	2.62	5	13.12	1.6		0.367	0.69																	
SPK-0124384	C[C@@H](N)[C@H](NC(=O)C1=CC=C(C=C1)C#CC#CC1=CC=C(CNCCF)C=C1)C(=O)NO	LpxC inhibitors	SPK-0124384-002	2	C000003985			5.9	1.15	6.05	0.8615	5.3	9.725	4.7	18.3	5.3	4.58	5.6	2.29			4.7	18.3																																									
SPK-0124383	C[C@@H](N)[C@H](NC(=O)C1=CC=C(C=C1)C#CC#CC1CCNCC1)C(=O)NO	LpxC inhibitors	SPK-0124383-001	1	C000003978			4.7	21.7	4.4	43.4	4.4	43.4	4.4	43.4	4.4	43.4	4.4	43.4			4.4	43.4																																									
SPK-0124382	CC(C)(N)[C@H](NC(=O)C1=CC=C(C=C1)C#C\\C=C\\C1CC1)C(=O)NO	LpxC inhibitors	SPK-0124382-001	1	C000003971			6.4	0.366	6.55	0.283	6.2	0.625	4.6	23.4	5.65	2.155	5.75	1.93	7.15	0.07465	4.6	23.4	6.8	0.176	6.1	0.732	6.35	0.442	6.1	0.732	6.25	0.549	6	1.04	5.45	3.535	6.75	0.189	5.95	1.096	4.9	11.7	10.7	10.3	9.61																		
SPK-0124381	CC(C)(O)[C@H](NC(=O)C1=CC=C(C=C1)C#C\\C=C\\C1CC1)C(=O)NO	LpxC inhibitors	SPK-0124381-001	1	C000003955			5.65	2.19	5.95	1.095	6.1	0.73	4.3	46.7	5.2	5.84	5.5	2.92			4.3	46.7	5.2	5.84																																							
SPK-0124380	C[C@@H](N)[C@H](NC(=O)C1=CC=C(C=C1)C#C\\C=C\\C1=CN=CC=C1)C(=O)NO	LpxC inhibitors	SPK-0124380-001	1	C000003942			5.6	2.74	5.15	8.245	5	11	4.4	43.9	4.4	43.9	4.4	43.9			4.4	43.9	4.4	43.9																																							
SPK-0124379	C[C@@H](NC(=O)CNC1CC1)[C@H](NC(=O)C1=CC=C(C=C1)C#CC1=CC=CC=C1)C(=O)NO	LpxC inhibitors	SPK-0124379-001	1	C000003940			5.3	4.6	5.45	3.45	5.6	2.3	4.4	36.8	4.4	36.8	4.4	36.8			4.4	36.8	4.4	36.8																																							
SPK-0124378	CC(C)OCC1=CC=C(C=C1)C#CC1=CC=C(C=C1)C(=O)N[C@@H]([C@@H](C)N)C(=O)NO	LpxC inhibitors	SPK-0124378-001	1	C000003937			5.45	3.66	5.9	1.22	6.2	0.611	4.55	29.3	5.15	7.325	5.45	3.66			4.55	29.3	5.3	4.88																																							
SPK-0124377	C[C@@H](N)[C@H](NC(=O)C1=CC=C(C=C1)C#CC(O)C1=CC=C(CO)C=C1)C(=O)NO	LpxC inhibitors	SPK-0124377-001	1	C000003925			4.4	40.3	4.4	40.3	4.4	40.3	4.4	40.3	4.4	40.3	4.4	40.3			4.4	40.3	4.4	40.3																																							
SPK-0124376	C[C@@H](N)[C@H](NC(=O)C1=CC=C(C=C1)C#C\\C=C\\C1=CC=C(F)C=C1)C(=O)NO	LpxC inhibitors	SPK-0124376-001	1	C000003922			5.15	7.87	6.05	0.9825	5.6	2.62	4.4	41.9	5	10.5	5.3	5.24			4.4	41.9	5	10.5																																							
SPK-0124375	C[C@@H](N)[C@H](NC(=O)C1=CC=C(C=C1)C#CC1=CC=C(CNCC(F)(F)F)C=C1)C(=O)NO	LpxC inhibitors	SPK-0124375-001	1	C000003921			5.55	3.345	6	1.3935	5.7	2.23	4.4	35.7	5	8.92	5.4	4.46			4.1	71.4	5	8.92																																							
SPK-0124374	CC(C)(N)C(NC(=O)C1=CC=C(C=C1)C#CC#CC1=CC=NC=C1)C(=O)NO	LpxC inhibitors	SPK-0124374-001	1	C000003910			6.05	0.997	6.2	0.831	6.2	0.664	4.4	42.5	5	10.6	5.6	2.66			4.4	42.5	5.6	2.66																																							
SPK-0124373	C[C@@H](N)[C@H](NC(=O)C1=CC=C(C=C1)C#CC1=CC=C(NC(=O)CNC2CC2)C=C1)C(=O)NO	LpxC inhibitors	SPK-0124373-001	1	C000003882			5.7	2.22	4.9	13.35	4.7	17.8	4.1	71.2	4.7	17.8	4.4	35.6			4.4	35.6	4.4	35.6																																							
SPK-0124372	C[C@@H](NCC(=O)NC[C@H](NC(=O)C1=CC=C(C=C1)C#C\\C=C\\C1=CC=CC=C1)C(=O)NO)C1=CC=CC=C1	LpxC inhibitors	SPK-0124372-001	1	C000003863			4.8	15.7	5.7	2.4495	5.7	1.96	4.5	31.3	4.5	31.3	5.4	3.92	5.1	7.83	4.5	31.3	5.1	7.83	5.4	3.92																																					
SPK-0124371	C[C@@H](N)[C@H](NC(=O)C1=CC=C(C=C1)C#CC1=CC=C(CS(C)(=O)=O)C=C1)C(=O)NO	LpxC inhibitors	SPK-0124371-001	1	C000003860			5.6	2.33	4.7	18.6	5.3	4.66	4.4	37.3	4.4	37.3	4.4	37.3			4.4	37.3	4.4	37.3																																							
SPK-0124370	C[C@@H](N)[C@H](NC(=O)C1=CC=C(C=C1)C#CC1=CC=C(CNCC(O)CO)C=C1)C(=O)NO	LpxC inhibitors	SPK-0124370-001	1	C000003857			5.3	4.54	4.55	27.25	4.7	18.2	4.4	36.3	4.4	36.3	4.7	18.2			4.4	36.3	4.4	36.3																																							
SPK-0124369	C[C@@H](N)[C@H](NC(=O)C1=CC=C(\\C=C\\C#CC2=CC=NC=C2)C=C1)C(=O)NO	LpxC inhibitors	SPK-0124369-001	1	C000003836			5.75	2.055	5.3	5.49	5	11	4.4	43.9	4.7	22	4.4	43.9			4.4	43.9	4.7	22																																							
SPK-0124368	C[C@@H](N)[C@H](NC(=O)C1=CC=C(\\C=C\\C#CC2=CC=C(OC(F)(F)F)C=C2)C=C1)C(=O)NO	LpxC inhibitors	SPK-0124368-001	1	C000003835			4.7	17.9	5.3	4.47	5	8.94	4.7	17.9	4.7	17.9	4.9	12.6	4.7	17.9	4.4	35.8	4.7	17.9	4.7	17.9																																					
SPK-0124367	C[C@@H](N)[C@H](NC(=O)C1=CC=C(\\C=C\\C#CC2=CC=CC=C2Cl)C=C1)C(=O)NO	LpxC inhibitors	SPK-0124367-001	1	C000003833			5.05	8.605	6	1.0745	5.9	1.26	4.7	20.1	5.4	3.55	5.1	7.11			4.4	40.2	5.1	7.11																																							
SPK-0124366	CCNCC1=CC=C(C=C1)C#CC1=CC=C(C=C1)C(=O)N[C@@H]([C@@H](C)N)C(=O)NO	LpxC inhibitors	SPK-0124366-001	1	C000003830			5.3	5.07	4.85	15.2	5	10.1	4.4	40.6	4.4	40.6	4.4	40.6			4.4	40.6	4.4	40.6																																							
SPK-0124365	C[C@@H](NC(=O)CNC1CC1)[C@H](NC(=O)C1=CC=C(C=C1)C#C\\C=C\\C1=CC=CC=C1)C(=O)NO	LpxC inhibitors	SPK-0124365-001	1	C000003808			4.5	34.7	4.5	34.7	4.5	34.7	4.5	34.7	4.5	34.7	4.5	34.7			4.5	34.7	4.5	34.7																																							
SPK-0124364	C[C@@H](O)[C@H](NC(=O)C1=CC=C(C=C1)C#CC1=CC(OC(F)(F)F)=CC=C1)C(=O)NO	LpxC inhibitors	SPK-0124364-001	1	C000003802			4.4	37.9	4.85	21.32	4.7	18.9	4.4	37.9	4.4	37.9	4.4	37.9			4.4	37.9	4.4	37.9																																							
SPK-0124363	C[C@@H](N)[C@H](NC(=O)C1=CC=C(C=C1)C#CC1=CC=C(CNCC2CCCO2)C=C1)C(=O)NO	LpxC inhibitors	SPK-0124363-001	1	C000003790			6	1.11	5.4	4.44	5.4	4.44	3.8	142	3.8	142	4.4	35.5			3.8	142	4.8	17.8																																							
SPK-0124362	CC(C)(N)C(NC(=O)C1=CC=C(C=C1)C#CC1=CC=C(CNC2CC2)C=C1)C(=O)NO	LpxC inhibitors	SPK-0124362-001	2	C000003781			5.9	1.19	5.7	1.94	5.75	1.785	4.1	95	4.75	17.05	5.15	7.135			4.1	95	5.3	4.76																																							
SPK-0124361	CC(C)(N)C(NC(=O)C1=CC=C(C=C1)C#CC1=CC=C(CO)C=C1)C(=O)NO	LpxC inhibitors	SPK-0124361-001	1	C000003779			6.2	0.655	5.5	3.165	5.5	3.165	4.1	104.95	4.75	17.9	4.75	17.9			4.1	104.95	5	10.5																																							
SPK-0124360	C[C@@H](N)[C@H](NC(=O)C1=CC=C(C=C1)C#CC#CC1=NC=CC=C1)C(=O)NO	LpxC inhibitors	SPK-0124360-001	1	C000003770			5.9	1.38	5.3	5.52	5	11	3.8	177	4.4	44.2	4.7	22.1			3.8	177	5.3	5.52																																							
SPK-0124359	C[C@@H](N)[C@H](NC(=O)C1=CC=C(C=C1)C#CC#CC1=CC=C(CNC2CC2)C=C1)C(=O)NO	LpxC inhibitors	SPK-0124359-001	1	C000003744			6.2	0.581	6.5	0.29	6.5	0.29	3.8	149	5.3	4.65	6	0.922			4.1	74.3	6.1	0.821																																							
SPK-0124358	C[C@@H](N)[C@H](NC(=O)C1=CC=C(C=C1)C#CC1=CC=CC=C1)C(=O)NO	LpxC inhibitors	SPK-0124358-001	1	C000002904			6.1	0.741	5.35	4.445	5.2	5.93	4.6	23.7	5.8	1.48	4.9	11.9			3.7	190	5.5	2.96			5.2	5.93																																			
SPK-0124357	C[C@H](O)[C@H](NC(=O)C1=CC=C(C=C1)C#C\\C=C\\C1=CC=C(CNC2CC2)C=C1)C(=O)NO	LpxC inhibitors	SPK-0124357-001	1	C000002903			5.45	3.46	5.75	1.73	5.6	2.31	3.8	148	4.4	36.9	5.3	4.61			3.8	148	5.3	4.61																																							
SPK-0124356	C[C@@H](O)[C@H](NC(=O)C1=CC=C(C=C1)C#C\\C=C\\C1=CC=C(CO)C=C1)C(=O)NO	LpxC inhibitors	SPK-0124356-001	1	C000002899			5.9	1.27	6.7	0.26205	6.3	0.448	4.4	40.6	4.7	20.3	5.9	1.27			4.4	40.6	5.9	1.27																																							
SPK-0124355	NC[C@H](NC(=O)C1=CC=C(C=C1)C#C\\C=C\\C1=CC=C(CNC2CC2)C=C1)C(=O)NO	LpxC inhibitors	SPK-0124355-001	1	C000002897			5.6	2.39	5.45	3.585	5	9.56	3.8	153	4.1	76.5	4.7	19.1			3.8	153	4.4	38.2																																							
SPK-0124354	C[C@@H](N)[C@H](NC(=O)C1=CC=C(C=C1)C#CC1=CC=C(CNS(C)(=O)=O)C=C1)C(=O)NO	LpxC inhibitors	SPK-0124354-001	1	C000002890			5.6	2.25	5	9	5	9	3.8	144	4.4	36	4.1	72			3.8	144	5	9																																							
SPK-0124353	C[C@@H](N)[C@H](NC(=O)C1=CC=C(C=C1)C#CC1=CC=C(CN)C=C1)C(=O)NO	LpxC inhibitors	SPK-0124353-001	1	C000002889			5.3	5.46	4.1	87.3	4.1	87.3	3.8	175	3.5	349	4.1	87.3			3.8	175	4.1	87.3																																							
SPK-0124352	CNC(=O)NC[C@H](NC(=O)C1=CC=C(C=C1)C#CC1=CC=C(CN2CCOCC2)C=C1)C(=O)NO	LpxC inhibitors	SPK-0124352-001	1	C000002758			5.1	8.34	5.25	6.255	5.4	4.17	3.9	133	3.9	133	4.2	66.7			3.9	133	5.7	2.09																																							
SPK-0124351	CC(C)(O)[C@H](NC(=O)C1=CC=C(C=C1)C#C\\C=C\\C1=CC=C(CN2CCOCC2)C=C1)C(=O)NO	LpxC inhibitors	SPK-0124351-001	2	C000002754			5.7	2.09	6.45	0.3925	6.35	0.4465	4.2	83.75	5.7	2.09	6.05	0.895			4.2	83.75	6	1.05																																							
SPK-0124350	CO[C@H](C)[C@H](NC(=O)C1=CC=C(C=C1)C#C\\C=C\\C1=CC=C(CN2CCOCC2)C=C1)C(=O)NO	LpxC inhibitors	SPK-0124350-001	1	C000002753			5.4	4.19	6.3	0.656	6.1	0.74	3.9	134	5.2	5.92	5.8	1.48			3.9	134	5.7	2.09																																							
SPK-0124349	ONC(=O)C(NC(=O)C1=CC=C(\\C=C\\C#CC2=CC=C(CN3CCOCC3)C=C2)C=C1)C(F)(F)F	LpxC inhibitors	SPK-0124349-001	1	C000002748			5.4	4.1	6.45	0.4515	6.6	0.251	3.9	131	5.8	1.45	6.1	0.725			4.5	32.8	6.15	0.7715																																							
SPK-0124348	C[C@@H](N)[C@H](NC(=O)C1=CC=C(\\C=C\\C#CC2=CC=C(CO)C=C2)C=C1)C(=O)NO	LpxC inhibitors	SPK-0124348-001	1	C000002731			5.9	1.27	5.45	3.81	5.3	5.08	3.8	163	5	10.2	4.1	81.3			3.8	163	5.6	2.54																																							
SPK-0124347	C[C@@H](NC(=O)CN(C)C)[C@H](NC(=O)C1=CC=C(C=C1)C#CC1=CC=C(CN2CCOCC2)C=C1)C(=O)NO	LpxC inhibitors	SPK-0124347-001	1	C000002729			5.55	2.875	4.8	19.185	4.5	30.7	3.9	123	3.9	123	3.9	123			3.9	123	4.8	15.3																																							
SPK-0124346	ONC(=O)CC(=O)NC[C@H](NC(=O)C1=CC=C(C=C1)C#CC1=CC=C(CN2CCOCC2)C=C1)C(=O)NO	LpxC inhibitors	SPK-0124346-001	1	C000002726			3.9	122	3.9	122	3.9	122	3.9	122	3.9	122	3.9	122			3.9	122	3.9	122																																							
SPK-0124345	C[C@H](O)[C@H](NC(=O)C1=CC=C(\\C=C\\C#CC2=CC=C(CN3CCOCC3)C=C2)C=C1)C(=O)NO	LpxC inhibitors	SPK-0124345-001	1	C000002725			5.4	4.31	5.85	1.62	5.7	2.16	3.9	138	5.1	8.63	5.1	8.63			3.9	138	5.4	4.31																																							
SPK-0124344	[H][C@](C)(O)[C@]([H])(NC(=O)C1=CC=C(C=C1)C#CC#C)C(=O)NO	LpxC inhibitors	SPK-0124344-001	1	C000002704			5.35	5.24	4.6	27.9	4.6	27.9	4.6	27.9	4.6	27.9	4.6	27.9			4.6	27.9	4.6	27.9																																							
SPK-0124343	C[C@@H](O)[C@H](NC(=O)C1=CC=C(OCCC=C)C=C1)C(=O)NO	LpxC inhibitors	SPK-0124343-001	1	C000002659			3.7	208	3.7	208	3.7	208	3.7	208	4	104	3.7	208			3.7	208	4.3	51.9																																							
SPK-0124342	NC[C@H](NC(=O)C1=CC=C(C=C1)C#CC#CC1=CC=CC=C1)C(=O)NO	LpxC inhibitors	SPK-0124342-001	1	C000002655			4.9	11.5	5.8	1.44	5.5	2.88	4.6	23	4.6	23	5.2	5.76			3.85	138.05	5.65	2.16																																							
SPK-0124341	[H][C@](C)(O)[C@H](NCC1=CC=C(\\C=C\\C2=CC=CC=C2)C=C1)C(=O)NO	LpxC inhibitors	SPK-0124341-001	1	C000002650			4.3	49	4.3	49	4.15	73.5	4.3	49	4.9	12.3	4.3	49			4.3	49	4.3	49																																							
SPK-0124340	NC[C@H](NC(=O)C1=CC=C(C=C1)C#CC1=CC=C(NC(=O)NC2CC2)C=C1)C(=O)NO	LpxC inhibitors	SPK-0124340-001	1	C000002643			4.55	28.5	4.1	75.9	4.4	38	3.8	152	3.8	152	3.8	152			3.8	152	4.1	75.9																																							
SPK-0124339	ONC(=O)[C@H](CNC(=O)CNC1CCC1)NC(=O)C1=CC=C(C=C1)C#CC1=CC=C(CN2CCOCC2)C=C1	LpxC inhibitors	SPK-0124339-001	1	C000002642			5.4	3.75	5.7	1.87	5.7	1.87	3.9	120	3.9	120	4.5	30	4.5	30	3.9	120	5.4	3.75	3.9	120	4.8	15																																			
SPK-0124338	NC[C@H](NC(=O)C1=CC=C(C=C1)C#CC1=CC=C(CNC(=O)CCC(O)=O)C=C1)C(=O)NO	LpxC inhibitors	SPK-0124338-001	1	C000002627			3.8	141	3.8	141	3.8	141	3.8	141	3.8	141	3.8	141			3.8	141	3.8	141																																							
SPK-0124337	CC(C)[C@H](NC(=O)C1=CC=C(\\C=C\\C#CC2=CC=C(CN3CCOCC3)C=C2)C=C1)C(=O)NO	LpxC inhibitors	SPK-0124337-001	2	C000002625			4.8	17.3	5.45	4.15	5.45	3.695	3.75	208	4.7	20.9	5.15	7.4			4.25	59.15	5.25	6.5																																							
SPK-0124336	ONC(=O)[C@@H](NC(=O)C1=CC=C(C=C1)C#CC1=CC=C(CN2CCOCC2)C=C1)C1CCCC1	LpxC inhibitors	SPK-0124336-001	1	C000002578			4.65	26	5.6	2.93	5.4	5.42	3.9	139	4.5	34.7	5.4	4.33	4.8	17.3			5.7	2.17																																							
SPK-0124335	ONC(=O)C(CC1=CNC2=NC=CC=C12)NC(=O)C1=CC=C(C=C1)C#CC1=CC=C(CN2CCOCC2)C=C1	LpxC inhibitors	SPK-0124335-001	1	C000002573			3.9	122	4.35	45.85	4.5	30.6	3.9	122	3.9	122							4.5	30.6																																							
SPK-0124334	ONC(=O)[C@H](CN1C=NC=N1)NC(=O)C1=CC=C(C=C1)C#CC1=CC=C(CN2CCOCC2)C=C1	LpxC inhibitors	SPK-0124334-001	1	C000002551			5.1	8.43	5.55	3.16	5.4	4.21	3.9	135	3.9	135							5.4	4.21																																							
SPK-0124333	ONC(=O)[C@@H](NC(=O)C1=CC=C(C=C1)C#CC1=CC=C(CN2CCOCC2)C=C1)C1CCNCC1	LpxC inhibitors	SPK-0124333-001	1	C000002545			4.35	50.35	4.35	50.35	4.5	33.6	3.6	269	4.2	67.1							4.2	67.1																																							
SPK-0124332	C[C@@H](O)[C@@H](NC(=O)C1=CC=C(C=C1)C#CC1=CC=C(CN2CCOCC2)C=C1)C(=O)NO	LpxC inhibitors	SPK-0124332-001	1	C000002533			4.1	73.1	4.85	13.72	5	9.14	3.8	146	3.8	146							4.7	18.3																																							
SPK-0124331	ONC(=O)[C@H]1CCCN1C(=O)C1=CC=C(C=C1)C#CC1=CC=C(CN2CCOCC2)C=C1	LpxC inhibitors	SPK-0124331-001	1	C000002522			3.8	148	3.8	148	3.8	148	3.8	148	3.8	148							3.8	148																																							
SPK-0124330	ONC(=O)[C@H](CNC(=O)C1CCNCC1)NC(=O)C1=CC=C(C=C1)C#CC1=CC=C(CN2CCOCC2)C=C1	LpxC inhibitors	SPK-0124330-001	1	C000002517			3.9	120	3.9	120	3.9	120	3.9	120	3.9	120							3.9	120																																							
SPK-0124329	NC[C@H](NC(=O)C1=CC=C(C=C1)C#CC1=CC=C(CN2CCC(F)(F)CC2)C(F)=C1)C(=O)NO	LpxC inhibitors	SPK-0124329-001	1	C000002492			4.95	12.665	5.7	2.11	5.7	2.11	3.9	135	4.5	33.7							5.4	4.22																																							
SPK-0124328	CN(C)C[C@H](NC(=O)C1=CC=C(C=C1)C#CC1=CC=C(CN2CCOCC2)C=C1)C(=O)NO	LpxC inhibitors	SPK-0124328-001	1	C000002485			4.95	13.34	5.25	6.66	5.4	4.44	3.8	142	4.1	88.75							5.1	8.88																																							
SPK-0124327	C[C@H](NC(=O)C1=CC=C(C=C1)C#CC1=CC=C(CN2CCOCC2)C=C1)C(=O)NO	LpxC inhibitors	SPK-0124327-001	1	C000002445			4.4	39.3	5	12.255	5	9.82	3.8	157	3.8	157							5	9.82																																							
SPK-0124326	CC(C(NC(=O)C1=CC=C(C=C1)C#CC1=CC=C(CN2CCOCC2)C=C1)C(=O)NO)C1=CC=CC=C1	LpxC inhibitors	SPK-0124326-001	1	C000002430			3.9	129	4.95	12.07	5.1	8.04	3.9	129	3.9	129							4.5	32.2																																							
SPK-0124325	COC1CCN(CC2=CC=C(C=C2)C#CC2=CC=C(C=C2)C(=O)N[C@@H](CN)C(=O)NO)CC1	LpxC inhibitors	SPK-0124325-001	1	C000002413			5.45	3.79	5.4	4.44	5.1	8.88	3.8	142	4.35	48.05							5.1	8.88																																							
SPK-0124324	CC1CCN(CC2=CC=C(C=C2)C#CC2=CC=C(C=C2)C(=O)N[C@@H](CN)C(=O)NO)CC1	LpxC inhibitors	SPK-0124324-001	1	C000002412			5.1	7.86	5	9.21	5	9.21	4.4	36.8	4.4	46							4.7	18.4																																							
SPK-0124323	NC[C@H](NC(=O)C1=CN=C(C=C1)C#CC1=CC=C(CN2CCOCC2)C=C1)C(=O)NO	LpxC inhibitors	SPK-0124323-001	1	C000002389			4.4	37.8	4.1	75.6	4.1	75.6	4.1	75.6	4.1	75.6							4.1	75.6																																							
SPK-0124322	NC[C@H](NC(=O)C1=CC=C(C=C1)C#CC1=CC=C(CN2CCCC(C2)C(F)(F)F)C=C1)C(=O)NO	LpxC inhibitors	SPK-0124322-001	1	C000002383			4.5	32.8	5.1	8.19	4.9	11.6	4.3	46.3	4.3	46.3							5.1	8.19																																							
SPK-0124321	NC[C@H](NC(=O)C1=CC=C(C=C1)C#CC1=CC=C(CN2CCC(F)(F)CC2)C=C1)C(=O)NO	LpxC inhibitors	SPK-0124321-001	1	C000002382			5.1	8.76	5.85	1.645	5.7	2.19	3.9	140	4.15	74.35							5.2	6.2																																							
SPK-0124320	NC[C@H](NC(=O)C1=CC=C(C=C1)C#CC1=CC=C(CN2CCC3(CC2)OCCO3)C=C1)C(=O)NO	LpxC inhibitors	SPK-0124320-001	1	C000002379			5.1	8.36	5.4	4.18	5.3	5.27	3.9	134	4.25	57.1							5.1	8.36																																							
SPK-0124319	C[C@@H](O)[C@H](NC(=O)C1=CC=C(C=C1)C#CC1=C(C)C=C(CN2CCOCC2)C=C1)C(=O)NO	LpxC inhibitors	SPK-0124319-001	1	C000002340			5.1	8.86	5.7	2.77	5.7	2.21	3.8	142	4.95	13.28							5.7	2.21																																							
SPK-0124318	C[C@@H](O)[C@H](NC(=O)C1=CC=C(C=C1)C#CC1=CC=C(CN2CCOCC2)C(=C1)S(C)(=O)=O)C(=O)NO	LpxC inhibitors	SPK-0124318-001	1	C000002338			4.4	43.9	4.45	42	4.5	31	3.9	124	3.9	124							4.5	31																																							
SPK-0124317	C[C@@H](O)[C@H](NC(=O)C1=CC=C(CC2=CC=C(CN3CCOCC3)C=C2)C=C1)C(=O)NO	LpxC inhibitors	SPK-0124317-001	1	C000002283			3.8	150	3.8	150	3.8	150	3.8	150	3.65	224.5							3.8	150																																							
SPK-0124316	C[C@@H](O)[C@H](NC(=O)C1=CC=C(CN2CCOCC2)C=C1)C(=O)NO	LpxC inhibitors	SPK-0124316-001	1	C000002213			3.7	190	3.7	190	3.7	190	3.7	190	3.7	190							3.7	190																																							
SPK-0124315	C[C@@H](O)[C@H](NC(=O)C1=CC=C(C=C1)C#CC1=CC=C(CN2C(C)CCCC2C)C=C1)C(=O)NO	LpxC inhibitors	SPK-0124315-001	1	C000002208			4.8	17.3	5.1	8.63	5.1	8.63	3.9	138	4.2	69							5.85	1.62																																							
SPK-0124314	CCCCCCC1=CC=C(C=C1)C(=O)N[C@@H]([C@@H](C)O)C(=O)NO	LpxC inhibitors	SPK-0124314-001	1	C000002198			4	99.3	4	99.3	4	99.3	4	99.3	5.65	2.325					4.3	49.6	4.45	37.2					4.3	49.6																																	
SPK-0124313	CCCC1=CC=C(C=C1)C(=O)N[C@@H]([C@@H](C)O)C(=O)NO	LpxC inhibitors	SPK-0124313-001	1	C000002196			4.5	28.5	3.6	228	3.6	228	3.6	228	3.85	137.5	3.6	228			3.6	228	3.6	228					3.6	228																																	
SPK-0124312	CC[C@@H]1CN(CC2=CC=C(C=C2)C#CC2=CC=C(C=C2)C(=O)N[C@@H]([C@@H](C)O)C(=O)NO)C[C@@H](O1)N(C)C	LpxC inhibitors	SPK-0124312-001	1	C000002190			4.5	31.5	4.5	31.5	4.5	31.5	3.9	126	3.9	126							5.4	8.3415					6.3	0.492																																	
SPK-0124311	C[C@@H](O)[C@H](NC(=O)C1=CC=C(C=C1)C#CC1=CC=C(CN2CCC(CC2)(N2CCCCC2)C(N)=O)C=C1)C(=O)NO	LpxC inhibitors	SPK-0124311-001	1	C000002187			4.5	28.5	4.5	28.5	4.2	57	3.9	114	4.65	21.35							5.45	7.545					6.1	0.89																																	
SPK-0124310	C[C@@H](O)[C@H](NC(=O)C1=CC=C(C=C1)C#CC1=CC=C(CN2CCCC(CO)C2)C=C1)C(=O)NO	LpxC inhibitors	SPK-0124310-001	1	C000002159			5.4	4.3	5.1	8.59			3.6	275	4.05	102.85							5.85	2.4185					6.6	0.268																																	
SPK-0124309	COC(=O)C1CCN(CC2=CC=C(C=C2)C#CC2=CC=C(C=C2)C(=O)N[C@@H]([C@@H](C)O)C(=O)NO)CC1	LpxC inhibitors	SPK-0124309-001	1	C000002148			5.7	2.03	6	1.01			3.6	259	4.8	16.2							6.75	0.1875					6.9	0.122																																	
SPK-0124308	C[C@@H](O)[C@H](NC(=O)C1=CC=C(C=C1)C#CC1=CC=C(CN2CCCCC2CCO)C=C1)C(=O)NO	LpxC inhibitors	SPK-0124308-001	1	C000002141			4.8	16.7	4.35	50.05			3.9	133	3.9	133							5.1	17.745					5.7	2.09																																	
SPK-0124307	C[C@@H](O)[C@H](NC(=O)C1=CC=C(C=C1)C#CC1=CC=C(CN2CCC(CC2)C(O)=O)C=C1)C(=O)NO	LpxC inhibitors	SPK-0124307-001	1	C000002139			4.5	33.4	3.9	133			3.9	133	3.9	133							4.65	68.585					5.4	4.17																																	
SPK-0124306	C[C@@H](O)[C@H](NC(=O)C1=CC=C(C=C1)C#CC1=CC=C(CN2CCCC3CCCCC23)C=C1)C(=O)NO	LpxC inhibitors	SPK-0124306-001	1	C000002131			4.2	65.4	4.95	12.235			3.9	131	4.05	98.2							5.7	2.55					6	1.02																																	
SPK-0124305	C[C@@H](O)[C@H](NC(=O)C1=CC=C(C=C1)C#CC1=CC=C(CN2CCC(CC2)C(N)=O)C=C1)C(=O)NO	LpxC inhibitors	SPK-0124305-001	1	C000002130			5.4	4.18	5.1	8.36	5.1	8.36	3.9	134	4.25	57.1							5.4	4.18					6.3	0.522																																	
SPK-0124304	C[C@@H](O)[C@H](NC(=O)C1=CC=C(C=C1)C#CC1=CC=C(CN2CCCC(C2)C(N)=O)C=C1)C(=O)NO	LpxC inhibitors	SPK-0124304-001	1	C000002126			5.1	8.36	4.8	16.7			4.2	66.9	4.5	33.4							5.85	2.351					6	1.04																																	
SPK-0124303	COC1CCN(CC2=CC=C(C=C2)C#CC2=CC=C(C=C2)C(=O)N[C@H]([C@H](C)O)C(=O)NO)CC1	LpxC inhibitors	SPK-0124303-001	1	C000002007			3.9	137	3.9	137			3.9	137			3.9	137	3.9	137	3.9	137	3.9	137	3.9	137			3.9	137																																	
SPK-0124302	C[C@H](O)[C@@H](NC(=O)C1=CC=C(C=C1)C#CC1=CC=C(CN2CCN(C)CC2)C=C1)C(=O)NO	LpxC inhibitors	SPK-0124302-001	1	C000001991			3.8	142	3.8	142			3.8	142			3.5	284	3.8	142	3.8	142	3.8	142	3.8	142			3.8	142																																	
SPK-0124301	ONC(=O)[C@@H](CC1=CC=CC=C1)NS(=O)(=O)C1=CC=C(C=C1)C#CC1=CC=C(CN2CCOCC2)C=C1	LpxC inhibitors	SPK-0124301-001	1	C000001986			3.9	123	4.95	17.325			3.9	123			5.1	7.7	3.9	123	3.9	123	6.9	0.115	4.2	61.6			6.9	0.115																																	
SPK-0124300	ONC(=O)[C@@H]1C[C@@H](O)CN1S(=O)(=O)C1=CC=C(C=C1)C#CC1=CC=C(CN2CCOCC2)C=C1	LpxC inhibitors	SPK-0124300-001	1	C000001979			3.9	132	3.9	132			3.9	132			3.6	264	3.9	132	3.9	132	4.5	33	3.9	132			4.8	16.5																																	
SPK-0124299	OC[C@H](NS(=O)(=O)C1=CC=C(C=C1)C#CC1=CC=C(CN2CCOCC2)C=C1)C(=O)NO	LpxC inhibitors	SPK-0124299-001	1	C000001971			3.9	139	3.9	139			3.9	139			3.6	279	3.9	139	3.9	139	4.8	17.4	3.9	139			4.8	17.4																																	
SPK-0124298	C[C@@H](O)[C@H](NC(=O)C1=CC=C(C=C1)C#CC1=CC=C(CN2CCC(C2)N(C)C)C=C1)C(=O)NO	LpxC inhibitors	SPK-0124298-001	1	C000001953			4.8	17.2	4.5	43.05			3.9	138			3.9	138	3.9	138	3.9	138	5.4	4.31	3.9	138			6	1.08																																	
SPK-0124297	C[C@@H](O)[C@H](NC(=O)C1=CC=C(C=C1)C#CC1=CC=C(CN(CCO)CCO)C=C1)C(=O)NO	LpxC inhibitors	SPK-0124297-001	1	C000001948			5.4	4.39	4.5	35.1			3.9	141			4.2	70.3	3.9	141	3.9	141	5.4	4.39	3.6	281			6.6	0.274																																	
SPK-0124296	C[C@@H](O)[C@H](NC(=O)C1=CC=C(C=C1)C#CC1=CC=C(CN2CCCC2)C=C1)C(=O)NO	LpxC inhibitors	SPK-0124296-001	1	C000001942			4.7	19	4.7	19	4.7	19	3.8	152	4.1	75.9	4.1	75.9	3.8	152	3.8	152	5.15	7.115	3.8	152			6.2	0.593																																	
SPK-0124295	C[C@@H](O)[C@H](NC(=O)C1=CC=C(C=C1)C#CC1=CC=C(CNCCC2=CNC=N2)C=C1)C(=O)NO	LpxC inhibitors	SPK-0124295-001	1	C000001940			5.1	8.67	4.5	43.3			3.9	139			3.6	277	3.9	139	3.9	139	5.4	4.33	3.9	139			5.7	2.17																																	
SPK-0124294	ONC(=O)[C@H](COCC1=CC=CC=C1)NC(=O)C1=CC=C(C=C1)C#CC1=CC=C(CN2CCOCC2)C=C1	LpxC inhibitors	SPK-0124294-001	1	C000001938			4.2	62.3	4.8	15.6	5.1	7.79	3.9	125	4.2	62.3	3.6	249	3.9	125	3.9	125	5.4	3.89	3.9	125			6.3	0.487																																	
SPK-0124293	ONC(=O)[C@@H](CC1=CC=CC=C1)NC(=O)C1=CC=C(C=C1)C#CC1=CC=C(CN2CCOCC2)C=C1	LpxC inhibitors	SPK-0124293-001	1	C000001937			3.9	132	4.2	82.55			3.9	132			3.6	265	3.9	132	3.9	132	4.8	16.5	3.9	132			5.4	4.14																																	
SPK-0124292	NCCCC[C@H](NC(=O)C1=CC=C(C=C1)C#CC1=CC=C(CN2CCOCC2)C=C1)C(=O)NO	LpxC inhibitors	SPK-0124292-001	1	C000001921			4.2	68.9	3.9	138			3.9	138			3.6	276	3.9	138	3.9	138	4.5	34.4	3.9	138			4.8	17.2																																	
SPK-0124290	CC(C)(N)[C@@H](NC(=O)C1=CC=C(C=C1)C#CC#C[C@@H]1C[C@H]1CO)C(=O)NO	LpxC inhibitors	SPK-0124290-002	1	C000018651			6.2	0.677																																																							
SPK-0124289	CC(C)(N)[C@H](NC(=O)C1=CC=C(C=C1)C#CC#C[C@@H]1CC[C@H](CO)O1)C(=O)NO	LpxC inhibitors	SPK-0124289-001	1	C000010811	8.59	0.0026	5.9	1.25	5.6	2.5	5	10															5.6	2.5																						1	2	0.13	4										
SPK-0124285	COC1(CS(=O)(=O)C1)C(NC(=O)C1=CC=C(C=C1)C#C\\C=C\\CCO)C(=O)NO	LpxC inhibitors	SPK-0124285-001	1	C000050561	8.77	0.0017	4.6	26.8	5.2	6.69	4.6	26.8																																										14.9									
SPK-0124284	OCCC#CC#CC1=CC=C(C=C1)C(=O)N[C@H](C(=O)NO)C1(CS(=O)(=O)C1)C=C	LpxC inhibitors	SPK-0124284-001	1	C000050544	9.13	0.00074	5.3	4.8	5.6	2.4	4.9	13.6																															27.7	21.1										2.64	4.4	4.4	22	34	2.3	0.66	0.93	4.7	11
SPK-0124283	CC1(CS(=O)(=O)C1)[C@H](NC(=O)C1=CC=C(C=C1)C#CC#CCCO)C(=O)NO	LpxC inhibitors	SPK-0124283-001	1	C000050535	8.46	0.0035	5.3	4.95	5.4	3.92	4.5	31.4																															31.1	22.6		38.3	35							2.83	4.4	4.4	23	34	2.3	1	0.99	5.1	10
SPK-0124282	CN(C)CC1(CNC1)[C@H](NC(=O)C1=CC=C(C=C1)S(F)(F)(F)(F)F)C(=O)NO	LpxC inhibitors	SPK-0124282-001	1	C000050526	6	1	4.2	58.6	3.9	117	3.9	117																																										42.2									
SPK-0124281	COC1(CS(=O)(=O)C1)C(NC(=O)C1=CC=C(C=C1)C#CC)C(=O)NO	LpxC inhibitors	SPK-0124281-001	1	C000050524	8.52	0.003	4.7	21.8	4.4	43.7	3.8	175																																										9.85									
SPK-0124280	CC(C)N1CC(C1)C#CC#CC1=CC=C(C=C1)C(=O)N[C@H](C(=O)NO)C(C)(C)N	LpxC inhibitors	SPK-0124280-001	1	C000050514	7.7	0.02	5.7	1.96	5.7	1.96	5.4	3.92																															44.3	44.5										2	2.1	2.1	10	26	4.8	5.4	0.91	4.4	11
SPK-0124279	CCCOC1(CNC1)C(NC(=O)C1=CC=C(C=C1)S(F)(F)(F)(F)F)C(=O)NO	LpxC inhibitors	SPK-0124279-001	1	C000050513	6.59	0.26	4.7	20.7	3.9	117	3.9	117																																										13.9									
SPK-0124278	CO[C@]1(CN[C@H]1C)C(NC(=O)C1=CC=C(C=C1)S(F)(F)(F)(F)F)C(=O)NO	LpxC inhibitors	SPK-0124278-001	1	C000050509	7.43	0.0375	5.4	4.07	3.9	140	3.9	140																															45.9	38.6										2.81									
SPK-0124277	CO[C@]1(CN[C@H]1C)[C@@H](NC(=O)C1=CC=C(C=C1)S(F)(F)(F)(F)F)C(=O)NO	LpxC inhibitors	SPK-0124277-001	1	C000050507	4.82	15	3.9	140	3.9	140	3.9	140																																										64									
SPK-0124276	COC1(CNC1)[C@H](NC(=O)C1=CC=C(C=C1)S(F)(F)(F)(F)F)C(=O)NO	LpxC inhibitors	SPK-0124276-001	1	C000050498	7.17	0.068	5.6	2.26	3.8	145	3.8	145															6.2	0.566															51.2	46.1						0.5	4	0.25	8	1.3	6.7	6.6	33	52	1.5	0.95	3	15	3.3
SPK-0124275	C[C@@H]1NC[C@@]1(O)[C@H](NC(=O)C1=CC=C(C=C1)S(F)(F)(F)(F)F)C(=O)NO	LpxC inhibitors	SPK-0124275-001	1	C000050495	6.57	0.27	5	9.05	3.8	145	3.8	145																															46.2	46.4										4.6									
SPK-0124274	CN1CC(C1)C#CC#CC1=CC=C(C=C1)C(=O)N[C@H](C(=O)NO)C(C)(C)N	LpxC inhibitors	SPK-0124274-001	1	C000050489	7.43	0.037	6	1.04	5.7	2.07	5.4	4.15																															54.7	55.2										1.52	1.4	1.4	7.1	15	3.7	2.6	0.75	3.9	6.7
SPK-0124273	COC1(CNC1)C(NC(=O)C1=CC(F)=C(OC(F)(F)F)C=C1)C(=O)NO	LpxC inhibitors	SPK-0124273-001	1	C000050485	5.92	1.2	4.8	16.2	3.9	129	3.9	129																															54.9	49.2										9.19									
SPK-0124272	CCCCCC(=O)N[C@H](C(=O)NO)C(C)(C)N	LpxC inhibitors	SPK-0124272-001	1	C000050475			3.7	178	3.1	712	3.1	712																																										55.7									
SPK-0124271	[H]C(=O)N1CC(C1)C#CC#CC1=CC=C(C=C1)C(=O)NC(C(=O)NO)C1(CS(=O)(=O)C1)OC	LpxC inhibitors	SPK-0124271-001	1	C000050469	9.35	0.00045	4.9	12.3	5.1	8.71	4.6	24.6																															31.3	19.5										6.96	10	10	32	41	0.96	0.42	2	6.3	4.9
SPK-0124270	CC(C)(N)[C@H](NC(=O)C1=CC=C(C=C1)C#CC#CC1CC(C1)N1CC(O)C1)C(=O)NO	LpxC inhibitors	SPK-0124270-001	1	C000050453			5.7	1.86	5.1	7.43	5	10.5																															35	42.7										3.48									
SPK-0124269	OCCC#CC#CC1=CC=C(C=C1)C(=O)NC(C(=O)NO)C1(O)CC(O)C1	LpxC inhibitors	SPK-0124269-001	1	C000050436	7.59	0.026	3.9	122	3.8	172	3.8	172																																										52									
SPK-0124268	CC#CC1=CC=C(C=C1)C(=O)N[C@H](C(=O)NO)C(C)(C)NCC1COC1	LpxC inhibitors	SPK-0124268-001	1	C000050419	7.25	0.056	5	11.1	4.4	44.5	4.1	89																															49.8	58.3										5.66									
SPK-0124267	CC#CC#CC1=CC=C(C=C1)C(=O)N[C@H](C(=O)NO)C(C)(C)NS(C)(=O)=O	LpxC inhibitors	SPK-0124267-001	1	C000050418	8.82	0.0015	5.7	1.81	6.3	0.452	5.6	2.55																															10.3	8.4										0.933	4.4	4.4	20	33	2.3	0.72	0.37	1.7	27
SPK-0124266	COC1(CN(C1)S(C)(=O)=O)C(NC(=O)C1=CC=C(C=C1)C#CC#CCCO)C(=O)NO	LpxC inhibitors	SPK-0124266-001	1	C000050410	8.6	0.0025	4.4	35.6	4.1	71.2	3.2	570																															29.5	28.3										24.2	5.5	5.5	32	53	1.8	0.42	1.6	9.2	6.4
SPK-0124265	CN(C)CCC(C)(O)[C@H](NC(=O)C1=CC=C(C=C1)C#CC#CCCO)C(=O)NO	LpxC inhibitors	SPK-0124265-001	1	C000050371, C000050378			3.9	155.05	3.85	270.45	3.3	497																																										130.145									
SPK-0124264	CN1CC[C@@H](C1)S(=O)(=O)C(C)(C)[C@H](NC(=O)C1=CC=C(C=C1)C#CC#CCCO)C(=O)NO	LpxC inhibitors	SPK-0124264-001	1	C000050376	8.89	0.0013	5.5	3.39	5.3	4.8	4.7	19.2																															36.5	28										3.03									
SPK-0124263	CC(C)(O)[C@H](NC(=O)C1=CC=C(C=C1)S(F)(F)(F)(F)F)C(=O)NO	LpxC inhibitors	SPK-0124263-001	1	C000050352	7.74	0.018	4.8	15	3.8	169	3.2	677																																										9.19									
SPK-0124262	CN1CC(O)(C1)C(NC(=O)C1=CC=C(C=C1)S(F)(F)(F)(F)F)C(=O)NO	LpxC inhibitors	SPK-0124262-001	1	C000050342	6.36	0.44	4.8	15.4	3.3	493	3.3	493																															39.6	49.1										8									
SPK-0124261	CC#CC1=CC=C(C=C1)C(=O)N[C@@H](C(=O)NO)[C@@](C)(O)CN(C)C	LpxC inhibitors	SPK-0124261-001	1	C000050341	6.7	0.2	4.7	17.9	3.5	286	3.2	572																																										16									
SPK-0124260	CC#CC1=CC=C(C=C1)C(=O)N[C@H](C(=O)NO)[C@](C)(O)CN(C)C	LpxC inhibitors	SPK-0124260-001	1	C000050340			3.2	572	3.2	572	3.2	572																															48	49.7										256									
SPK-0124259	NC1CC(F)(C1)C(NC(=O)C1=CC=C(Br)C=C1)C(=O)NO	LpxC inhibitors	SPK-0124259-001	1	C000050316	4.62	24	3.9	135	3.3	540	3.3	540																																										104									
SPK-0124258	CC#CC1=CC=C(C=C1)C(=O)N[C@H](C(=O)NO)C(C)(C)O	LpxC inhibitors	SPK-0124258-001	1	C000050315	7.26	0.055	4.9	13.8	4.1	77.9	3.4	441																															31	46.5										8.57									
SPK-0124257	CC1=C(C(NC(=O)C2=CC=C(C=C2)C#CC#CCCO)C(=O)NO)C(N)=NO1	LpxC inhibitors	SPK-0124257-001	1	C000050310	8.64	0.0023	5.2	5.7	5.4	4.03	4.8	16.1																															18.8	16.4										3.25									
SPK-0124256	CC1=CCC(C)(CC1)C(=O)N[C@H](C(=O)NO)C(C)(C)N	LpxC inhibitors	SPK-0124256-001	1	C000050300	3.92	120	3.2	644	3.2	644	3.2	644																																										256									
SPK-0124255	CSC1=CC=C(C=C1)C(=O)N[C@H](C(=O)NO)C(C)(C)N	LpxC inhibitors	SPK-0124255-001	1	C000050276	6.82	0.15	5.5	3.44	3.4	440	3.2	622																															30	44.7										1.74	3.4	3.4	14	24	2.9	1.8	1.5	6.1	6.6
SPK-0124254	CC1CCCN(CC1)C(=O)N[C@H](C(=O)NO)C(C)(C)N	LpxC inhibitors	SPK-0124254-001	1	C000050257	5.11	7.7	4	101	3.2	639	3.2	639															4.1	79.9																						32	130	16	260	66.3									
SPK-0124253	CSC1=CC=C(C=N1)C(=O)N[C@H](C(=O)NO)C(C)(C)N	LpxC inhibitors	SPK-0124253-001	1	C000050256	6.02	0.96	4.7	19.4	3.2	621	3.2	621																															70.8	66.7										13									
SPK-0124252	CCC1CCN(CC1)C(=O)N[C@H](C(=O)NO)C(C)(C)N	LpxC inhibitors	SPK-0124252-001	1	C000050255	5.89	1.3	4.5	29.1	3.1	739	3.1	739															4.6	23.1																						8	32	4	64	18.6									
SPK-0124251	CC(C)(N)[C@H](NC(=O)N1CCCC(CC1)C1=CC=CC=C1)C(=O)NO	LpxC inhibitors	SPK-0124251-001	1	C000050247	6	1	3.6	277	3.3	554	3.3	554																																										147									
SPK-0124250	CC(C)(N)[C@H](NC(=O)C1(C)CCCCC1)C(=O)NO	LpxC inhibitors	SPK-0124250-001	1	C000050245	5	9.9	3.8	166	3.2	664	3.2	664																																										77									
SPK-0124249	CC(C)([C@H](NC(=O)C1=CC=C(C=C1)C#CC#CCCO)C(=O)NO)S(=O)(=O)CC1CNC1	LpxC inhibitors	SPK-0124249-001	1	C000050243	8.12	0.0075	4.2	69.3	4.2	69.3	4.2	69.3																															33	38.9										32									
SPK-0124248	CN(C)C(C)(C)[C@H](NC(=O)C1=CC=C(C=C1)C#C)C(=O)NO	LpxC inhibitors	SPK-0124248-001	1	C000050226	6.96	0.11	5.3	5.5	4.4	44	4.7	22																															40.3	60										3.03									
SPK-0124247	C[C@H]1CC[C@@H](CC1)C(=O)N[C@H](C(=O)NO)C(C)(C)N	LpxC inhibitors	SPK-0124247-001	1	C000050208	5.51	3.35	4.6	24.1	3.9	137	3.7	193																																										13									
SPK-0124246	CC(C)([C@H](NC(=O)C1=CC=C(C=C1)C#CC#CC1CN(C1)C(=O)C1CC1)C(=O)NO)S(C)(=O)=O	LpxC inhibitors	SPK-0124246-001	1	C000050197	8.89	0.0013	5.5	3.34	6.4	0.417	5.6	2.36																															9.88	7.82										3.03									
SPK-0124245	CC(C)([C@H](NC(=O)C1=CC=C(C=C1)C#CC#CCCO)C(=O)NO)S(=O)(=O)CC1CC1	LpxC inhibitors	SPK-0124245-001	1	C000050196	8.8	0.0016	5.6	2.24	6.3	0.56	5.5	3.17															6	1.12															11.5	12.8						0.5	2	0.25	4	1.68	3.6	3.6	21	40	2.8	0.53	0.45	2.6	22
SPK-0124244	CC(C)(O)[C@H](NCC1=CC=C(OC(F)(F)F)C=C1)C(=O)NO	LpxC inhibitors	SPK-0124244-001	1	C000050194	5.3	16.385	3.7	199	3.7	199	3.7	199																																										64									
SPK-0124243	[H]C(=O)NCCC#CC#CC1=CC=C(C=C1)C(=O)N[C@H](C(=O)NO)C(C)(C)O	LpxC inhibitors	SPK-0124243-001	1	C000050187	8.17	0.0067	5.3	5.39	5.4	3.81	4.8	15.2															5.6	2.69															34.6	36.8						2	8	0.5	16	3.86	4.2	4.2	23	35	2.4	0.49	1.5	8.6	6.5
SPK-0124242	CN(C)CCS(=O)(=O)C(C)(C)[C@H](NC(=O)C1=CC=C(C=C1)C#CC#CCCO)C(=O)NO	LpxC inhibitors	SPK-0124242-001	1	C000050181	8.4	0.004	5.15	6.87	5.1	8.135	4.55	27.5																															28.4	24.9										4.895	4.4	4.4	27	50	2.3	0.51	1.1	6.8	9
SPK-0124241	CC1=C(C(NC(=O)C2=CC=C(C=C2)C#CC#CC2C[C@H]2CO)C(=O)NO)C(C)=NO1	LpxC inhibitors	SPK-0124241-001	1	C000050179	8.82	0.0015	5.5	3.47	6.2	0.614	5.6	2.45																															4.16	3.55										1.87									
SPK-0124240	CN1N=CC(Cl)=C1C(NC(=O)C1=CC=C(C=C1)C#CC#CCCO)C(=O)NO	LpxC inhibitors	SPK-0124240-001	1	C000050177	7.54	0.029	5	9.98	5	9.98	3.8	160																																										9.19									
SPK-0124239	[H]C(=O)N1CC(C1)C#CC#CC1=CC=C(C=C1)C(=O)N[C@H](C(=O)NO)C(C)(C)S(C)(=O)=O	LpxC inhibitors	SPK-0124239-001	1	C000050161	8.85	0.0014	5.2	5.66	5.6	2.24	5.3	4.49															5.3	4.49															40.4	26.1						2	4	0.25	8	3.52	5.8	5.8	31	49	1.7	0.42	1.5	8	6.6
SPK-0124238	COC1=CC(=O)N(CCC(C)(C(=O)NO)S(C)(=O)=O)C=C1	LpxC inhibitors	SPK-0124238-001	1	C000050044	5.77	1.7	3.7	201	3.7	201	3.7	201																																										64									
SPK-0124237	CC(C)([C@H](NC(=O)C1=CC=C(C=C1)C#C)C(=O)NO)S(C)(=O)=O	LpxC inhibitors	SPK-0124237-001	1	C000050041	7.41	0.039	4.6	23.6	3.7	189	3.7	189																																										16									
SPK-0124236	COC1=CC=C(C=C1)C(=O)N[C@H](C(=O)NO)C(C)(C)S(C)(=O)=O	LpxC inhibitors	SPK-0124236-001	1	C000050040	6.74	0.18	4.2	65.7	3.7	186	3.7	186																															24.7	48.4										34.3									
SPK-0124235	C[C@@](O)(C(NC(=O)C1=CC=C(C=C1)C#C)C(=O)NO)C1=CNN=N1	LpxC inhibitors	SPK-0124235-001	1	C000050035	7.15	0.0705	3.8	144	3.8	144	3.8	144																																										64									
SPK-0124234	C[C@@](O)(C(NC(=O)C1=CC=C(C=C1)C#CC#CC1CN(CCO)C1)C(=O)NO)C1=CNN=N1	LpxC inhibitors	SPK-0124234-001	1	C000050024	8.64	0.0023	4.2	56.5	4.5	28.2	4.7	20																															35.7	32.6				2420						48.5									
SPK-0124233	CC1=CC(=NO1)C(=O)N[C@H](C(=O)NO)C(C)(C)N	LpxC inhibitors	SPK-0124233-001	1	C000050012			3.8	173	3.8	173	3.8	173																																										64									
SPK-0124232	CC(C)(N)[C@H](NC(=O)C1=CN2C=CN=C2C=C1)C(=O)NO	LpxC inhibitors	SPK-0124232-001	1	C000050009			3.8	158	3.8	158	3.8	158																																										64									
SPK-0124231	CC(C)(N)[C@H](NC(=O)C1=CC(F)=C(Cl)C=C1)C(=O)NO	LpxC inhibitors	SPK-0124231-001	1	C000050008	6.32	0.48	5.3	4.79	4.4	38.3	3.8	153																															47.7	35.1										3.48									
SPK-0124230	COC1=C(Cl)C=CC(=C1)C(=O)N[C@H](C(=O)NO)C(C)(C)N	LpxC inhibitors	SPK-0124230-001	1	C000050004			4.4	37.2	4.4	37.2	3.8	149																																										21.1									
SPK-0124229	CC(C)(N)[C@H](NC(=O)C1=CC(Cl)=CC(F)=C1)C(=O)NO	LpxC inhibitors	SPK-0124229-001	1	C000049999	6	1	3.8	153	3.8	153	3.8	153																																										64									
SPK-0124228	OCCN1CC(C1)C#CC#CC1=CC=C(C=C1)C(=O)NC([C@@H](O)C1=CNN=N1)C(=O)NO	LpxC inhibitors	SPK-0124228-001	1	C000049992	9	0.001	3.9	116	4.2	57.9	3.9	116																															42.7	45.9				1300						64	11	11	45	73	0.93	0.31	4.9	21	2
SPK-0124227	CC1=CC(=NO1)[C@@H](O)[C@@H](NC(=O)C1=CC=C(C=C1)C#CC#CC1CN(CCO)C1)C(=O)NO	LpxC inhibitors	SPK-0124227-001	1	C000049988	7.51	0.031	3.9	113	3.9	113	3.9	113															4.5	28.2															26.1	30.4										64									
SPK-0124226	OCCN1CC(C1)C#CC#CC1=CC=C(C=C1)C(=O)N[C@@H]([C@H](O)C1=CNN=N1)C(=O)NO	LpxC inhibitors	SPK-0124226-001	1	C000049987	8.52	0.003	3.9	116	3.9	116	3.9	116															4.2	57.9															40	41.7										64									
SPK-0124225	COC1CN(C1)C1CC(C1)C#CC#CC1=CC=C(C=C1)C(=O)N[C@H](C(=O)NO)C(C)(C)O	LpxC inhibitors	SPK-0124225-001	1	C000049983	9.3	0.0005	5.6	2.55	6	0.903	5.7	1.81																															19	20.5										2.64									
SPK-0124224	CC(C)(O)[C@H](NC(=O)C1=CC=C(C=C1)C#CC#CC1CC(C1)NC1CCN(C1)S(C)(=O)=O)C(=O)NO	LpxC inhibitors	SPK-0124224-001	1	C000049982	9.16	0.00069	4.9	12.7	5.6	2.24	5.5	3.17																															29.7	23.4										10.6									
SPK-0124223	[H][C@@]12CN(C[C@]1([H])C2C#CC#CC1=CC=C(C=C1)C(=O)N[C@H](C(=O)NO)C(C)(C)O)C1COC1	LpxC inhibitors	SPK-0124223-001	1	C000049963	8.625	0.00285	5.2	5.76	6.5	0.286	6.3	0.453															5.7	1.81															4.1	3.29				137						4.19									
SPK-0124222	COCCN1CC(C1)C#CC#CC1=CC=C(C=C1)C(=O)N[C@H](C(=O)NO)C(C)(C)O	LpxC inhibitors	SPK-0124222-001	1	C000049962	9.215	0.00072	5.7	1.9	6.2	0.67	5.7	1.9					5.4	3.79	5.7	1.9					4.5	30.3	6.3	0.5925									6.6	0.237					18.7	22.5				63.5	0.96					1.52	2.6	2.6	10	15	3.8	1.2	0.59	2.3	17
SPK-0124221	CC(C)([NH3+])[C@H](NC(=O)C1=CC=C(C=C1)C#CC#CC#CC1CC1)C(=O)NO	LpxC inhibitors	SPK-0124221-002	2	C000004096, C000049940			6.2	0.688	7.4	0.0413	6.95	0.12375	5	10.13	6.55	0.3065	6.85	0.1415	7.4	0.0413	4.8	15.6	7.7	0.022	5.9	1.38	6.2	0.688	7.1	0.0825	7.25	0.0619	5.3	5.5	5.3	5.5	7.4	0.0413	5.3	5.5	5	13.75																					
SPK-0124220	CN1C=C(C=N1)C1=CC=C(C=C1)C(=O)N[C@H](C(=O)NO)C(C)(C)N	LpxC inhibitors	SPK-0124220-001	1	C000049930	6.24	0.57	4.4	35.9																			4.4	35.9																																			
SPK-0124219	CN(C)C1CC(C1)C#CC#CC1=CC=C(C=C1)C(=O)N[C@H](C(=O)NO)C(C)(C)O	LpxC inhibitors	SPK-0124219-001	1	C000049907	8.25	0.00565	5.4	3.91																			4.5	31.3																				132	0.95														
SPK-0124218	CC(C)(C)OC[C@H](NC(=O)NC1=NC2=C(C=NC(N)=N2)C=C1C1=CC=CC=C1)C(=O)NO	LpxC inhibitors	SPK-0124218-001	1	C000028933			4.2	57.8	4.2	57.8	4.2	57.8	4.2	57.8							4.2	57.8	4.2	57.8																																							
SPK-0124217	CC(C)(N)[C@H](NC(=O)C1=CC=C(C=C1)C#CC#CC(C)(C)OCCO)C(=O)NO	LpxC inhibitors	SPK-0124217-001	1	C000005377			5	9.96	5.15	11.195			4.1	79.7																																																	
SPK-0124216	CC(C)(N)[C@H](NC(=O)C1=CC=C(C=C1)C#CC#CC1(O)CCC(CO)C1)C(=O)NO	LpxC inhibitors	SPK-0124216-001	1	C000005362			5.3	4.84	5.3	6.045			4.1	77.4																																																	
SPK-0124215	CC(C)(N)[C@H](NC(=O)C1=CC=C(C=C1)C#CC#CC(O)CCO)C(=O)NO	LpxC inhibitors	SPK-0124215-001	1	C000005349	8.11	0.0078	5.3	5.36	4.85	24.08			4.1	85.7													4.4	42.8																																			
SPK-0124214	C[C@H](O)C#CC#CC1=CC=C(C=C1)C(=O)N[C@@H]([C@@H](N)C(F)(F)F)C(=O)NO	LpxC inhibitors	SPK-0124214-001	1	C000005348			5	10.4	5.2	8.705	4.4	41.7	4.1	83.5																																								8									
SPK-0124213	CC(C)(O)[C@H](NC(=O)C1=CC=C(C=C1)C#CC#CC1CN(C1)C1COC1)C(=O)NO	LpxC inhibitors	SPK-0124213-001	1	C000005342	8.765	0.001985	5.3	5.12	6	0.952	5.6	2.69	4.1	77.8													5	9.72															40.1	40.6										4.6	3.3	3.3	18	30	3.1	0.63	1.3	7.1	7.5
SPK-0124212	CC(C)(N)[C@H](NC(=O)C1=CC=C(C=C1)C#C\\C=C\\CCO)C(=O)NO	LpxC inhibitors	SPK-0124212-001	1	C000005332	8.2	0.00625	5.7	2.05	5.65	3.257			4	92.6													5.2	5.79																																			
SPK-0124211	C[C@@H](N)C(=O)N[C@H](C)[C@H](NC(=O)C1=CC=C(C=C1)C#CC#CCCO)C(=O)NO	LpxC inhibitors	SPK-0124211-001	1	C000005316			4.4	40	4.1	79.9			4.1	79.9			4.1	79.9	4.1	79.9					4.1	79.9																																					
SPK-0124210	C[C@@H](N)[C@H](NC(=O)C1=CC=C(C=C1)C#CC#CC1CN(C1)C=O)C(=O)NO	LpxC inhibitors	SPK-0124210-002	2	C000005310	8.34	0.0046	5.6	2.71	5.5	4.52	5	10.9	4.1	86.9			4.1	86.9	4.7	21.7					4.1	86.9	5	10.9																										1.52									
SPK-0124209	C[C@@H](NC=O)[C@H](NC(=O)C1=CC=C(C=C1)C#CC#CC1CNC1)C(=O)NO	LpxC inhibitors	SPK-0124209-001	1	C000005309	8.28	0.0053																																																									
SPK-0124208	C[C@@H](O)[C@H](NC(=O)C1=CC=C(C=C1)C#CC#CCCO)C(=O)NO	LpxC inhibitors	SPK-0124208-001	2	C000005293			5.2	6.05	5.2	6.05	4.75	18.15	4	96.9			4	96.9	5.1	8.56					4	96.9	5.2	6.05															38.85	37.95				1610	0.98					2.74	4	4	25	41	2.5	0.47	1.4	8.3	7.4
SPK-0124207	CC(C)(N)[C@H](NC(=O)C1=CC=C(C=C1)C#CC#CC[C@@H](O)CO)C(=O)NO	LpxC inhibitors	SPK-0124207-001	1	C000005291	8.1	0.00793	5.3	5.36	4.4	53.55			4.1	85.7			4.1	85.7	4.4	42.8					4.1	85.7	5.3	5.36															53	61				2100		0.75	6	0.25	12	4.29									
SPK-0124206	CC(=O)NCC#CC#CC1=CC=C(C=C1)C(=O)N[C@H](C(=O)NO)C(C)(C)N	LpxC inhibitors	SPK-0124206-001	1	C000005280			5	10.8	5.05	12.71			4.1	86.4			4.1	86.4	4.7	21.6					4.1	86.4	4.7	21.6															68	51																			
SPK-0124205	CC(C)(N)[C@H](NC(=O)C1=CC=C(C=C1)C#CC#C[C@H]1C[C@@H]1CON)C(=O)NO	LpxC inhibitors	SPK-0124205-001	1	C000005278			5.6	2.6	6.8	0.1575			4.4	41.6			5.6	2.6	6.5	0.325					5.7	1.84																																					
SPK-0124204	CNC(=O)[C@H]1CC1C#CC#CC1=CC=C(C=C1)C(=O)N[C@H](C(=O)NO)C(C)(C)N	LpxC inhibitors	SPK-0124204-001	1	C000005264			5.4	3.57	5.45	3.78			4.4	40.4			4.4	40.4	4.7	20.2					4.5	28.5																																					
SPK-0124203	[H]C(=O)N1CC(CC#CC#CC2=CC=C(C=C2)C(=O)N[C@H](C(=O)NO)C(C)(C)N)C1	LpxC inhibitors	SPK-0124203-001	1	C000005248			4.7	20.2	5.15	11.36			4.7	20.2			4.7	20.2	4.7	20.2					4.7	20.2																																					
SPK-0124202	CC(C)(N)[C@H](NC(=O)C1=CC=C(C=C1)C#CC#CCC1(O)COC1)C(=O)NO	LpxC inhibitors	SPK-0124202-001	1	C000005240			5.4	4.12	5.2	8.645			4.1	83			4.1	83	4.7	20.8					4.1	83																																					
SPK-0124201	CC(C)(N)[C@H](NC(=O)C1=CC=C(C=C1)C#CC#CCCCO)C(=O)NO	LpxC inhibitors	SPK-0124201-001	1	C000005217			5.9	1.4	6.2	1.484			4.7	22.4			5	11.2	5.6	2.8					4.7	22.4																																					
SPK-0124200	CC(C)(NCCO)C(NC(=O)C1=CC=C(C=C1)C#CC#CCO)C(=O)NO	LpxC inhibitors	SPK-0124200-001	1	C000005216			5.3	5.36	5.6	3.35			4.7	21.4			4.7	21.4	5	10.7					4.7	21.4	4.7	21.4															75	62																			
SPK-0124198	OC[C@@H]1CC1C#CC#CC1=CC=C(C=C1)C1=CC(=NC=C1)C(=O)NO	LpxC inhibitors	SPK-0124198-001	1	C000005206			4.6	24.1	5.8	1.881			4.6	24.1			4.6	24.1	4.6	24.1					4.6	24.1																																					
SPK-0124197	[H]ONC(=O)C1=CC=CC(NC(=O)C2=CC=C(C=C2)C#CC#CC2CC2)=C1	LpxC inhibitors	SPK-0124197-001	1	C000005108			4.3	46.5	4.3	46.5	4.3	46.5	4.3	46.5	4.3	46.5	4.3	46.5	4.3	46.5																																											
SPK-0124196	CC(C)(O)[C@H](NC(=O)C1=CC=C(C=C1)C#CC#C[C@@H]1C[C@H]1CO)C(=O)NO	LpxC inhibitors	SPK-0124196-001	1	C000005087	8.43	0.0037	5.6	2.7	6.2	0.675	5.75	2.025	4.55	32.4	5.3	5.4	5.65	2.305	5.65	2.585					4.7	21.6	5.9	1.35															8.92	7.2				308	0.89	0.375	2.5	0.19	3	1.16	6.4	6.4	36	59	1.6	0.3	0.57	3.2	17
SPK-0124195	CNC(C)(C)[C@H](NC(=O)C1=CC=C(C=C1)C#CC#C[C@@H]1C[C@H]1CO)C(=O)NO	LpxC inhibitors	SPK-0124195-001	2	C000005076			6.5	0.326	6.1	0.8335	5.7	1.84	4.55	31.3	5.5	3.29	5.75	1.785	5.75	1.955					5.45	3.915	6.2	0.652															14.6		14.5																		
SPK-0124194	CS(=O)(=O)N[C@H](CC1=CC=C(O)C=C1)C(=O)NO	LpxC inhibitors	SPK-0124194-001	1	C000005068			3.6	233	3.6	233	3.6	233	3.6	233	3.6	233	3.6	233	3.6	233																																											
SPK-0124193	CCN1C=C(C=N1)C#CC#CC1=CC=C(C=C1)C(=O)N[C@H](C(=O)NO)C(C)(C)NCCO	LpxC inhibitors	SPK-0124193-001	1	C000004938			6.4	0.404	6.6	0.242	5.8	6.549	4.4	36.6	5.6	2.29	5.9	1.14	5.9	1.14																																											
SPK-0124192	CC(C)(N)[C@H](NC(=O)C1=CC=C(C=C1)C#CC#CC1CC2(C1)OCCO2)C(=O)NO	LpxC inhibitors	SPK-0124192-001	2	C000004915			6.2	0.608	6.55	0.2675	6.2	0.608	4.7	19.4	5.2	6.12	5.9	1.22	6.5	0.304	4.1	77.8	6.5	0.304	5.6	2.43	6.2	0.608	6.2	0.608	6.2	0.608	5.3	4.86	5.3	4.86	6.8	0.146	5.3	4.86	4.7	19.4																					
SPK-0124191	CC(C)(NCCO)[C@H](NC(=O)C1=CC=C(C=C1)C#CC#CC1(F)CCC1)C(=O)NO	LpxC inhibitors	SPK-0124191-001	1	C000004872			6.1	0.758	6.75	0.194	6.05	2.002	4.4	38.5	5.4	3.82	6.2	0.602	7	0.091																																											
SPK-0124190	CC(C)(N)[C@H](NC(=O)C1=CC=C(C=C1)C#CC#CC1=CN(CC(O)CN2CCOCC2)N=C1)C(=O)NO	LpxC inhibitors	SPK-0124190-001	1	C000004826			5.4	3.93	5.55	2.95	4.8	19.685	4.5	31.5	4.8	15.7	4.8	15.7	4.5	31.5																																											
SPK-0124189	CC(C)(N)[C@H](NC(=O)C1=CC=C(C=C1)C#CC#CC1=CN=C(CNCCO)S1)C(=O)NO	LpxC inhibitors	SPK-0124189-001	1	C000004823			6	1.1	6.15	0.8245	5.55	4.94	4.5	35.1	5.1	8.78	5.7	2.2	4.8	17.6																																											
SPK-0124188	CC(C)(N)[C@H](NC(=O)C1=CC=C(C=C1)C#CC#CC1=CN=C(CN2CCOCC2)S1)C(=O)NO	LpxC inhibitors	SPK-0124188-001	1	C000004822			6	1.04	6.6	0.322	6	2.205	4.5	33.2	5.1	8.31	6	1.04	4.8	16.6																																											
SPK-0124187	CC(C)(N)[C@H](NC(=O)C1=CC=C(C=C1)C#CC#CC1=CN=C(CO)S1)C(=O)NO	LpxC inhibitors	SPK-0124187-001	1	C000004819			6.2	0.606	6.15	0.7215	6	1.0335	4.4	38.8	5.6	2.42	5.6	2.42	5.5	3.05							6.2	0.606	5.6	2.42	5.75	1.815																															
SPK-0124186	CC(=O)N1CC(C1)C#CC#CC1=CC=C(C=C1)C(=O)N[C@H](C(=O)NO)C(C)(C)N	LpxC inhibitors	SPK-0124186-001	1	C000004811	8.6	0.0025	5.6	2.52	5.3	5.04	5.3	5.04	4.7	20.2	4.7	20.2	4.9	12.7	5.1	8.01					4.7	20.2	5.6	2.52	4.7	20.2	5	10.1											56.7		58.6			638	0.965	0.5	4	0.13	8	2.14									
SPK-0124185	NC1(CCC1)[C@H](NC(=O)C1=CC=C(C=C1)C#CC#CC1(O)CCC1)C(=O)NO	LpxC inhibitors	SPK-0124185-001	1	C000004787			6.1	0.826	5.65	2.475	5.15	11.81	4.4	41.9	4.4	41.9	5.2	6.61	6.3	0.52																																											
SPK-0124184	CC(C)(N)[C@H](NC(=O)C1=CC=C(C=C1)C#CC#CCC1COC1)C(=O)NO	LpxC inhibitors	SPK-0124184-001	1	C000004786			6.3	0.537	5.7	2.38	5.55	3.51	4.4	43.3	4.7	21.7	5.2	6.82	5.8	1.71			5.9	1.35	4.7	21.7			5.3	5.41	5.45	4.06	4.7	21.7	4.7	21.7	4.7	21.7	4.7	21.7	4.7	21.7																					
SPK-0124183	COC1(CCCC1)C#CC#CC1=CC=C(C=C1)C(=O)N[C@H](C(=O)NO)C(C)(C)N	LpxC inhibitors	SPK-0124183-001	1	C000004765			5	10.1	6.05	0.9445	5.15	11.31	4.4	40.3	5	10.1	5.6	2.52	6.5	0.314																																											
SPK-0124182	CNC1(CCC1)[C@H](NC(=O)C1=CC=C(C=C1)C#CC#CC1CC1)C(=O)NO	LpxC inhibitors	SPK-0124182-001	1	C000004738			5.9	1.37	6.95	0.1165	6.25	1.435	4.4	43.8	6.1	0.862	6.5	0.337	7	0.103																																											
SPK-0124181	CCN(CC)C(C)(C)[C@H](NC(=O)C1=CC=C(C=C1)C#C\\C=C\\C1CC1)C(=O)NO	LpxC inhibitors	SPK-0124181-001	1	C000004718			5.3	5.03	6.35	0.4715	5.9	1.26	4.4	40.2	5.6	2.52	5.6	2.52	6.2	0.629																																											
SPK-0124180	CC(C)(NC(CO)CO)[C@H](NC(=O)C1=CC=C(C=C1)C#CC#CC1CC1)C(=O)NO	LpxC inhibitors	SPK-0124180-001	2	C000004715			5.9	1.21	6.05	0.9075	5.45	5.44	4.55	29	5.15	7.255	5.75	1.815	6.2	0.756																																											
SPK-0124179	CN(C)C(=O)C1=CC=C(S1)C#CC#CC1=CC=C(C=C1)C(=O)N[C@H](C(=O)NO)C(C)(C)N	LpxC inhibitors	SPK-0124179-001	1	C000004697			5.7	2.21	6.45	0.414	5.85	4.558	4.5	35.4	5.7	2.21	6.3	0.552	6.3	0.552																																											
SPK-0124178	CC(C)(N)[C@H](NC(=O)C1=NC=C(C=C1)C#CC#CC1CC1)C(=O)NO	LpxC inhibitors	SPK-0124178-001	1	C000004696			6	1.04	6.05	0.887	5	13.825	4.3	47	4.8	16.6	5.4	4.15	6	0.925					4.9	11.8	6.1	0.734					4.9	11.8	4.9	11.8	5.8	1.47	5.2	5.88	4.9	11.8																					
SPK-0124177	CC(C)(NC1CNC1)[C@H](NC(=O)C1=CC=C(C=C1)C#C\\C=C\\C1CC1)C(=O)NO	LpxC inhibitors	SPK-0124177-001	1	C000004688			4.55	30.3	4.4	40.4	4.4	40.4	4.7	20.2	4.7	20.2	4.4	40.4	5.6	2.52																																											
SPK-0124176	CC(C)(NC1CCC1)[C@H](NC(=O)C1=CC=C(C=C1)C#C\\C=C\\C1CC1)C(=O)NO	LpxC inhibitors	SPK-0124176-001	1	C000004659			5.9	1.26	7.1	0.0759	6.65	0.234	4.4	40.5	6.2	0.632	6.5	0.316	7.4	0.0379																																											
SPK-0124175	CC(C)(NC(=O)CN)[C@H](NC(=O)C1=CC=C(C=C1)C#C\\C=C\\C1CC1)C(=O)NO	LpxC inhibitors	SPK-0124175-001	1	C000004654			5.75	1.88	5.45	3.765	4.85	22.61	4.4	40.2	4.7	20.1	5	10	6.2	0.627																																											
SPK-0124174	CC(C)(NCC1CC1)[C@H](NC(=O)C1=CC=C(C=C1)C#C\\C=C\\C1CC1)C(=O)NO	LpxC inhibitors	SPK-0124174-001	1	C000004639			6.2	0.632	6.8	0.19595	6.5	0.316	4.7	20.2	6.5	0.316	6.8	0.152	7.4	0.0379																																											
SPK-0124173	CC(C)(N)[C@H](NC(=O)C1=CC=C(C=C1)C#CC#CCN1CCNC1=O)C(=O)NO	LpxC inhibitors	SPK-0124173-001	1	C000004628			5.3	5.03	4.85	15.1	4.55	30.2	4.4	40.3	4.4	40.3	4.7	20.1	5	10.1																																											
SPK-0124172	CN(C)S(=O)(=O)C1=CC=C(S1)C#CC#CC1=CC=C(C=C1)C(=O)N[C@H](C(=O)NO)C(C)(C)N	LpxC inhibitors	SPK-0124172-001	1	C000004607			5.55	3.07	6.15	0.766	5.25	33.006	4.5	32.7	5.4	4.09	6.3	0.512			4.5	32.7																																									
SPK-0124171	CC(C)(N)[C@H](NC(=O)C1=CC=C(C=C1)C#CC#CC1=CC=C(S1)S(=O)(=O)NC1=NC=CC=N1)C(=O)NO	LpxC inhibitors	SPK-0124171-001	1	C000004604			4.8	14.9	4.5	29.7	4.5	29.7	4.5	29.7	4.8	14.9	4.8	14.9			4.5	29.7																																									
SPK-0124170	CC(C)(N)[C@H](NC(=O)C1=CC=C(C=C1)C#CC#CC1=CC2=C(NS(=O)(=O)N2)C=C1)C(=O)NO	LpxC inhibitors	SPK-0124170-001	1	C000004581			5.1	8.56	6.45	0.401	5.25	9.62	4.5	34.2	5.1	8.56	6.3	0.535			4.5	34.2																																									
SPK-0124169	CC(C)(N)[C@H](NC(=O)C1=CC=C(C=C1)C#CC#CC1=CN(CCN2CCOCC2)N=C1)C(=O)NO	LpxC inhibitors	SPK-0124169-001	1	C000004529			5.1	8.36	5.55	3.135	5.4	4.18	4.5	33.4	5.1	8.36	5.4	4.18			4.5	33.4					5.4	4.18															11.7	8.78										5.28									
SPK-0124168	CC(C)(N)[C@H](NC(=O)N1CCC(CC1)C#CC#CC1CC1)C(=O)NO	LpxC inhibitors	SPK-0124168-001	1	C000004502			5.2	5.77	4.6	23.1	4.3	46.2	4.3	46.2	4.3	46.2	4.3	46.2			4.3	46.2																																									
SPK-0124167	CS(=O)CN1C=C(C=N1)C#CC#CC1=CC=C(C=C1)C(=O)N[C@H](C(=O)NO)C(C)(C)N	LpxC inhibitors	SPK-0124167-001	1	C000004484			5.6	2.26	5.45	3.395	5	9.06	4.4	36.2	5.3	4.53	4.7	18.1			4.4	36.2																																									
SPK-0124166	CC(C)(N)[C@H](NC(=O)C1=CC=C(C=C1)C#CC#CC1=CN(CS(C)(=O)=O)N=C1)C(=O)NO	LpxC inhibitors	SPK-0124166-001	1	C000004483			6	1.09	5.7	2.19	5.4	5.465	4.5	35	5.7	2.19	5.4	4.37			4.5	35																																									
SPK-0124165	CC(C)(N)[C@H](NC(=O)C1=CC=C(C=C1)C#CC#CC=C1CCC(O)CC1)C(=O)NO	LpxC inhibitors	SPK-0124165-001	1	C000004479			5.8	1.73	6.35	0.458	5.55	7.2055	4.4	39.1	5.8	1.73	6.2	0.611			4.4	39.1																																									
SPK-0124164	CC(C)(N)[C@H](NC(=O)C1=CC=C(\\C=C/C#CC2=CN=C(N)S2)C=C1)C(=O)NO	LpxC inhibitors	SPK-0124164-001	1	C000004414			5.6	2.5	5.15	7.505	4.4	40.1	4.4	40.1	4.7	20	4.7	20			4.4	40.1																																									
SPK-0124163	CC(C)(N)[C@H](NC(=O)C1=CC=C(C=C1)C#CC#CC#CC1=CNN=C1)C(=O)NO	LpxC inhibitors	SPK-0124163-001	1	C000004411			6.7	0.197	7.05	0.093	5.7	20.6045	4.4	41.1	6.7	0.222	6.5	0.317	6.8	0.154	4.4	41.1			6.2	0.642	6.2	0.642					6.5	0.321	6.2	0.642	7.7	0.0205	5.3	5.14	5.45	3.855																					
SPK-0124162	CC(C)(N)C(NC(=O)C1=CC=C(S1)C#CC#CC1CC1)C(=O)NO	LpxC inhibitors	SPK-0124162-001	1	C000004369			5.35	4.345	5.65	2.175	4.9	24.6	4.3	46.3	5.5	2.9	5.5	2.9																																													
SPK-0124161	CC(C)(N)[C@H](NC(=O)C1=CC=C(\\C=C\\C#CC2=CN=C(N)S2)C=C1)C(=O)NO	LpxC inhibitors	SPK-0124161-001	1	C000004366			6.15	0.7555	5.65	2.655	4.8	23.59	4.4	40.1	5.6	2.5	4.8	15.9			4.7	20																																									
SPK-0124160	CN(C)C(=O)CN1C=C(C=N1)C#CC#CC1=CC=C(C=C1)C(=O)N[C@H](C(=O)NO)C(C)(C)N	LpxC inhibitors	SPK-0124160-001	1	C000004355			5.55	3.33	5.55	3.33	5.1	11.12	4.4	35.5	5.1	8.88	4.8	17.8			4.4	35.5																																									
SPK-0124159	CC(C)(N)[C@H](NC(=O)C1=CC=C(C=C1)C#C\\C(F)=C\\C1CC1)C(=O)NO	LpxC inhibitors	SPK-0124159-001	1	C000004349			6.4	0.42	6.55	0.331	5.65	5.796	4.5	31.5	6.3	0.492	6	0.984			4.4	44.5																																									
SPK-0124158	CC(C)(N)[C@H](NC(=O)C1=CC=C(C=C1)C#C\\C=C\\C1=CC=C(F)C=C1)C(=O)NO	LpxC inhibitors	SPK-0124158-001	1	C000004340			5.9	1.26	7.1	0.09495	6.05	2.606	4.7	20.2	5.6	2.53	6.5	0.316			4.4	40.5																																									
SPK-0124157	CC(C)(N)[C@H](NC(=O)C1=CC=C(C=C1)C#CCC1CC1)C(=O)NO	LpxC inhibitors	SPK-0124157-001	1	C000004330			5.8	1.52	4.3	48.6	4.3	48.6	4.3	48.6	6.1	0.759	4.3	48.6			4.3	48.6																																									
SPK-0124156	CC\\C=C(\\F)C#CC1=CC=C(C=C1)C(=O)N[C@H](C(=O)NO)C(C)(C)N	LpxC inhibitors	SPK-0124156-001	1	C000004314			5.35	4.32	4.9	11.5	4.75	17.25	4.9	11.5	5.5	2.88	4.9	11.5			4.9	11.5																																									
SPK-0124155	CC(C)(N)[C@H](NC(=O)C1=CC=C(C=C1)C#C\\C=C\\C1CCOCC1)C(=O)NO	LpxC inhibitors	SPK-0124155-001	1	C000004309			5.75	1.945	5.75	1.945	5.15	11.695	4.4	41.5	5	10.4	5	10.4			4.4	41.5																																									
SPK-0124154	CC(C)(C)NS(=O)(=O)C1=CC=C(S1)\\C=C\\C#CC1=CC=C(C=C1)C(=O)N[C@H](C(=O)NO)C(C)(C)N	LpxC inhibitors	SPK-0124154-001	1	C000004293			5.4	3.86	5.55	2.895	5.1	16.365	4.5	30.8	4.8	15.4	5.4	3.86			4.5	30.8																																									
SPK-0124153	CC(C)(N)[C@H](NC(=O)C1=CC=C(C=C1)C#C\\C=C\\C1=CC=C(S1)S(N)(=O)=O)C(=O)NO	LpxC inhibitors	SPK-0124153-001	1	C000004291			6	1.08	5.85	1.62	5.1	18.38	4.5	34.6	5.1	8.65	5.1	8.65			4.5	34.6																																									
SPK-0124152	CN(C)C\\C=C\\C#CC1=CC=C(C=C1)C(=O)N[C@H](C(=O)NO)C(C)(C)N	LpxC inhibitors	SPK-0124152-001	1	C000004279			5.15	8.39	4.4	44.6	4.4	44.6	4.4	44.6	4.4	44.6	4.4	44.6			4.4	44.6																																									
SPK-0124151	CC(C)(N)[C@H](NC(=O)C1=CC=C(C=C1)C#C\\C=C\\C1=CN=C(N)S1)C(=O)NO	LpxC inhibitors	SPK-0124151-001	1	C000004235			5.9	1.25	5.45	3.755	5	21.3	4.4	40.1	4.7	20	4.7	20			4.4	40.1																																									
SPK-0124150	CC(C)(O)[C@H](NC(=O)C1=CC=C(C=C1)C#CC#CCC1CCC1)C(=O)NO	LpxC inhibitors	SPK-0124150-001	1	C000004223			5.3	5.43	6.4	0.5615	5.75	3.0545	6.2	0.679	4.7	21.7	5.9	1.36			4.1	108.7	3.8	174			4.85	16.3																																			
SPK-0124149	CC(C)(N)[C@H](NC(=O)C1=CC=C(\\C=C\\C#CCF)C=C1)C(=O)NO	LpxC inhibitors	SPK-0124149-001	1	C000004191			6.1	0.75	4.75	18	4.3	48	4.3	48	4.6	24	4.3	48			4.3	48																																									
SPK-0124148	CC(C)(N)[C@H](NC(=O)C1=CC=C(C=C1)C#C\\C=C\\C1=CC=CC=C1)C(=O)NO	LpxC inhibitors	SPK-0124148-001	2	C000004164			5.9	1.32	7	0.10275	6.35	0.4965	5	9.755	6.15	0.7485	6.4	0.4455	7.4	0.0397	4.7	21.2	7.4	0.0397	5.9	1.32	6.2	0.662	6.5	0.331	7.1	0.0795	5.3	5.3	4.7	21.2	6.5	0.331	4.7	21.2	5.15	7.95																					
SPK-0124147	C[C@H](NC(=O)C1=CC=C(C=C1)C#CC#CC1CC1)[C@@H](N)C(=O)NO	LpxC inhibitors	SPK-0124147-001	1	C000004162			5.2	6.15	5.05	9.225	4.75	27.675	4.3	49.2	4.3	49.2	4.6	24.6			4.3	49.2																																									
SPK-0124146	CNCC1=CC=C(S1)C#CC#CC1=CC=C(C=C1)C(=O)N[C@H](C(=O)NO)C(C)(C)O	LpxC inhibitors	SPK-0124146-001	1	C000004159			5.9	1.18	6.3	0.502	5.9	1.469	4.4	37.6	5.3	4.7	5.9	1.18	5	9.4	4.4	37.6	6.5	0.294	4.7	18.8	5.3	4.7	5.6	2.35	6.2	0.588	4.7	18.8	4.7	18.8	5.6	2.35	4.7	18.8	4.7	18.8	2.12	3.64	6.97	3.03																	
SPK-0124145	C[C@H](N)[C@@H](NC(=O)C1=CC=C(C=C1)C#CC#CC1CC1)C(=O)NO	LpxC inhibitors	SPK-0124145-001	1	C000004143			4.45	36.9	4.3	49.2	4.45	36.9	4.3	49.2	4.3	49.2	4.6	24.6			4.3	49.2																																									
SPK-0124144	CN1CCN(CC1)C1=CC=C(C=C1)C#CC#CC1=CC=C(C=C1)C(=O)N[C@H](C(=O)NO)C(C)(C)N	LpxC inhibitors	SPK-0124144-001	1	C000004103			5.1	10.56	6.15	0.794	5.4	5.28	4.5	33.8	6	1.06	5.7	2.11			4.5	33.8																																									
SPK-0124142	CN1C=C(\\C=C\\C#CC2=CC=C(C=C2)C(=O)N[C@H](C(=O)NO)C(C)(C)N)C=N1	LpxC inhibitors	SPK-0124142-001	1	C000004097			6.2	0.655	6.1	0.887	5.65	2.235	4.4	41.9	5	10.5	5	10.5	5	10.5	4.4	41.9	6.2	0.655	4.7	21	5.9	1.31	5.3	5.24	5.75	1.965	4.7	21	4.7	21	5	10.5	4.7	21	4.7	21	20.2	15.3	28.3	31.1																	
SPK-0124141	CC(C)=CC#CC#CC1=CC=C(C=C1)C(=O)N[C@H](C(=O)NO)C(C)(C)N	LpxC inhibitors	SPK-0124141-001	1	C000004093			5.7	2	7.4	0.0424	6.7	0.237	4.6	22.6	5.8	1.41	6.3	0.5	7.1	0.0849	4.3	45.3	7.4	0.0424	5.5	2.83	6.2	0.707	6.5	0.354	7.1	0.0849	5.2	5.66	4.9	11.3	7.1	0.0849	5.2	5.66	4.75	16.95																					
SPK-0124140	CC(C)(N)[C@H](NC(=O)C1=CC=C(C=C1)C#CC#CCN1CCOCC1)C(=O)NO	LpxC inhibitors	SPK-0124140-001	1	C000004083			5.35	4.285	5	10	4.85	15.05	4.4	40.2	4.4	40.2	4.4	40.2	5	10	4.4	40.2			4.7	20.1																																					
SPK-0124137	C[C@@H](N)[C@H](NC(=O)C1=CC=C(C=C1)C#CC#CCC1CCCC1)C(=O)NO	LpxC inhibitors	SPK-0124137-001	1	C000004059			4.4	43.5	4.4	43.5	4.25	65.3	4.4	43.5	4.4	43.5	4.4	43.5			4.4	43.5																																									
SPK-0124136	CC(C)(N)[C@H](NC(=O)C1=CC=C(C=C1)C#CC#CC1=C(F)C=CC=C1)C(=O)NO	LpxC inhibitors	SPK-0124136-001	1	C000004055			5.7	2.02	7.1	0.0763	6.5	0.318	4.8	16.55	6.3	0.5175	6.8	0.153	7.4	0.0381	4.75	17.35	7.7	0.0203	6.2	0.635	6.2	0.635	6.8	0.153	7.25	0.0572	5	10.2	5.3	5.08	7.1	0.0763					0.458		0.334	0.762																	
SPK-0124135	CN1C=NC(=C1)C#CC#CC1=CC=C(C=C1)C(=O)N[C@H](C(=O)NO)C(C)(C)N	LpxC inhibitors	SPK-0124135-001	1	C000004038			5.6	2.64	5	10.5	4.7	26.35	4.4	42.2	4.7	21.1	4.4	42.2	4.7	21.1	4.4	42.2																																									
SPK-0124134	CN1C=C(C=N1)C#CC#CC1=CC=C(C=C1)C(=O)N[C@H](C(=O)NO)C(C)(C)N	LpxC inhibitors	SPK-0124134-001	1	C000004015			6.3	0.523	6.25	0.5625	5.75	1.98	4.55	31.65	5.35	4.725	5.65	2.43	5.6	2.64	4.55	31.65	6.35	0.494	4.7	21.1	6.2	0.659	5.6	2.64	5.9	1.32	4.7	21.1	4.7	21.1	5.9	1.32	4.7	21.1	4.7	21.1	7.59	5.72	15	12.4																	
SPK-0124133	NS(=O)(=O)C1=CC=C2CN(CC(CC3=CC=C(OC(F)(F)F)C=C3)C(=O)NO)C(=O)C2=C1	LpxC inhibitors	SPK-0124133-001	1	C000004006			3.6	270	3.6	270	3.6	270	3.6	270	3.6	270	3.6	270			3.6	270																																									
SPK-0124132	CC(C)(N)[C@H](NC(=O)C1=CC=C(C=C1)C#CC1CC1C1=CC=CC=C1)C(=O)NO	LpxC inhibitors	SPK-0124132-001	1	C000004002			5	10.2	5.15	7.655	4.7	25.55	4.4	40.9	5.9	1.28	5	10.2			4.4	40.9																																									
SPK-0124131	C[C@@H](N)[C@H](NC(=O)C1=CC=C(C=C1)C#CC#CC1=CC=C(O)C=C1)C(=O)NO	LpxC inhibitors	SPK-0124131-001	1	C000003996			6.05	0.991	6.35	0.4965	6.05	0.991	4.4	42.4	5.3	5.3	5.7	1.87	5.9	1.32	4.4	42.4	6.8	0.159	4.7	21.2			5.9	1.32	6.35	0.4965	4.7	21.2	4.7	21.2	6.5	0.331	4.7	21.2	4.7	21.2																					
SPK-0124130	CC(C)(N)[C@H](NC(=O)C1=CC=C(C=C1)C#CC#CC1=CSC=C1)C(=O)NO	LpxC inhibitors	SPK-0124130-001	1	C000003995			5.85	1.723	7.05	0.08605	6.55	0.3005	4.65	22.95	5.9	1.6375	6.6	0.2715	6.5	0.328	4.7	21	7.1	0.0786	5.3	5.24			6.5	0.328	6.65	0.2425	5.3	5.24	5.3	5.24	7.1	0.0786	5.3	5.24	4.85	15.75	0.825		0.643	0.823																	
SPK-0124129	C[C@@H](N)[C@H](NC(=O)C1=CC=C(C=C1)C#CC#CC1=CC=C(OC2CC2)C=C1)C(=O)NO	LpxC inhibitors	SPK-0124129-001	1	C000003984			4.7	19.2	5.3	5.99	4.85	21.545	4.4	38.3	4.4	38.3	5.5	3.39	5.6	2.4	4.4	38.3			4.7	19.2																																					
SPK-0124128	CCC#CC#CC1=CC=C(C=C1)C(=O)N[C@@H]([C@@H](C)N)C(=O)NO	LpxC inhibitors	SPK-0124128-001	1	C000003965			6.6	0.276	5.55	2.725	4.95	15.005	4.4	36.1	5.2	6.38	5	9.02			4.3	51.1	4.9	12.8																																							
SPK-0124127	CC(C)(N)[C@H](NC(=O)C1=CC=C(C=C1)C#CC#CC1=CC=C(C=C1)C(F)(F)F)C(=O)NO	LpxC inhibitors	SPK-0124127-001	1	C000003962			4.7	18	5.15	6.765	5.3	4.51	4.7	18	4.7	18	5.8	1.59	5	9.02	4.7	18	4.7	18	4.7	18																																					
SPK-0124126	CC(C)(N)[C@H](NC(=O)C1=CC=C(C=C1)C#CC#CC1CCCC1)C(=O)NO	LpxC inhibitors	SPK-0124126-001	1	C000003960			5.3	4.58	6.65	0.28	6.25	0.5645	4.7	21.8	5.5	3.43	6.4	0.405	6.8	0.163	5	10.9	6.8	0.163	6.5	0.34	5.6	2.72	6.2	0.68	6.35	0.51	6.2	0.68	5.6	2.72	7.4	0.0408	6.5	0.34	5.45	4.08																					
SPK-0124125	CC(C)(O)[C@H](NC(=O)C1=CC=C(C=C1)C#CC#CC1=CC(F)=CC=C1)C(=O)NO	LpxC inhibitors	SPK-0124125-001	1	C000003950			5.3	5.07	6.35	0.4755	6.5	0.317	5	10.1	5.6	2.54	5.9	1.27			5	10.1	5.6	2.54																																							
SPK-0124124	CC(C)(O)[C@H](NC(=O)C1=CC=C(C=C1)C#CC#CC1=CC=C(CN2CCOCC2)C=C1)C(=O)NO	LpxC inhibitors	SPK-0124124-001	1	C000003949			5.4	4.21	6	1.313	6.3	0.526	4.5	33.6	5.4	4.21	6	1.05			4.5	33.6	5.4	4.21																																							
SPK-0124123	C[C@@H](N)[C@H](NC(=O)C1=CC=C(C=C1)C#CC1=CC=C(CNC\\C(N)=N\\O)C=C1)C(=O)NO	LpxC inhibitors	SPK-0124123-001	1	C000003947			5.3	4.56	4.7	18.2	4.7	18.2	4.4	36.5	4.4	36.5	4.4	36.5			4.4	36.5	4.4	36.5																																							
SPK-0124122	C[C@@H](O)[C@H](NC(=O)C1=CC=C(C=C1)C#CC#CC1=CC=C(F)C=C1)C(=O)NO	LpxC inhibitors	SPK-0124122-001	1	C000003944			4.4	42.1	6.8	0.20395	6.95	0.11845	4.4	42.1	4.4	42.1	6.2	0.657			4.4	42.1	5.6	2.63																																							
SPK-0124121	COCCNCC1=CC=C(C=C1)C#CC1=CC=C(C=C1)C(=O)N[C@@H]([C@@H](C)N)C(=O)NO	LpxC inhibitors	SPK-0124121-001	1	C000003919			5.45	3.535	5.15	7.065	5	9.42	4.4	37.7	4.4	37.7	4.4	37.7			4.1	75.4	4.4	37.7																																							
SPK-0124120	CC(C)(N)[C@@H](NC(=O)C1=CC=C(C=C1)C#CC1=CC=C(CNC2CC2)C=C1)C(=O)NO	LpxC inhibitors	SPK-0124120-001	1	C000003914			4.4	38	4.7	19	4.4	38	4.4	38	4.4	38	4.4	38			4.4	38	4.4	38																																							
SPK-0124119	C[C@@H](O)[C@H](NC(=O)C1=CC=C(\\C=C\\C#CC2=CC=CC=C2)C=C1)C(=O)NO	LpxC inhibitors	SPK-0124119-001	1	C000003890			5.5	3.715	6.25	0.5855	6.3	0.485	4.4	43.9	5.7	1.94	5.7	1.94			4.4	43.9	5.7	1.94																																							
SPK-0124118	C[C@@H](N)[C@H](NC(=O)C1=CC=C(C=C1)C#CC#CC1CCCC1)C(=O)NO	LpxC inhibitors	SPK-0124118-001	1	C000003858			5.4	3.57	6.4	0.446	6.3	0.561	4.5	28.5	4.9	11.3	5.7	1.78			4.4	35.9	5.6	2.25																																							
SPK-0124117	CC(C)(O)[C@H](NC(=O)C1=CC=C(C=C1)C#CC#CC1=CC=C(CO)C=C1)C(=O)NO	LpxC inhibitors	SPK-0124117-001	1	C000003855			6.1	0.8005	6.55	0.333	6.5	0.304	4.4	39.4	5.9	1.23	6.5	0.35	7.4	0.0369	4.4	39.4	6.1	0.731	6.2	0.615							6.5	0.308	5.6	2.46	7.4	0.0369	6.5	0.308	4.7	24.62																					
SPK-0124116	C[C@@H](N)[C@H](NC(=O)C1=CC=C(\\C=C\\C#CC2=CC=CC=C2F)C=C1)C(=O)NO	LpxC inhibitors	SPK-0124116-001	1	C000003831			5.65	2.41	6.05	0.9395	5.7	1.85	4.4	41.9	5.5	3.12	5.1	8.82			4.4	41.9	5.1	7.41																																							
SPK-0124115	CC(C)(O)[C@H](NC(=O)C1=CC=C(C=C1)C#C\\C=C\\C1=CC=C(CNC2CC2)C=C1)C(=O)NO	LpxC inhibitors	SPK-0124115-001	2	C000003775			5.7	2.23	6.45	0.419	6.3	0.559	4.1	89.4	5.5	3.35	6.3	0.6995			4.1	89.4	5.7	2.23																			1.88	2.38	7.77																		
SPK-0124114	C[C@@H](N)[C@H](NC(=O)C1=CC=C(C=C1)C#CC#CC1CC1)C(=O)NO	LpxC inhibitors	SPK-0124114-001	6	C000003771			6.5	0.299	6.1	0.768	5.8	1.54	4.55	29.7	5.2	5.895	5.25	5.57	6.85	0.1381	4.6	24.6	6.1	0.768	5.5	3.07	6.4	0.384	5.8	1.54	5.8	1.54	5.35	4.61	5.15	7.42	6.95	0.1111	5.6	2.945	4.6	24.6	13.4	10.9	5.93	11.8																	
SPK-0124113	C[C@@H](N)[C@H](NC(=O)C1=CC=C(C=C1)C#C\\C=C\\C1=CC=CC=C1)C(=O)NO	LpxC inhibitors	SPK-0124113-001	2	C000003758			5.85	1.555	6.25	0.617	6.1	0.867	4.4	44	5.2	6.93	5.3	5.5			4.4	44	5.75	2.065																			4.5	4	2.54	2.8																	
SPK-0124112	C[C@@H](NC(=O)CNC1CC1)[C@H](NC(=O)C1=CC=C(C=C1)C#CC1=CC=C(CO)C=C1)C(=O)NO	LpxC inhibitors	SPK-0124112-001	1	C000003752			5.25	6.46	5.25	6.46	4.8	17.2	4.2	68.9	4.2	68.9	4.2	68.9			4.2	68.9	5.4	4.31																																							
SPK-0124111	C[C@@H](NC(=O)CNC1CC1)[C@H](NC(=O)C1=CC=C(C=C1)C#CC1=CC=C(CNC2CC2)C=C1)C(=O)NO	LpxC inhibitors	SPK-0124111-001	1	C000003750			5.55	2.98	5.85	1.4915	5.4	3.97	3.9	127	3.9	127	4.8	15.9			3.9	127	6	0.993																																							
SPK-0124110	C[C@@H](N)[C@H](NC(=O)C1=CC=C(C=C1)C#C\\C=C\\C1=CC=C(CO)C=C1)C(=O)NO	LpxC inhibitors	SPK-0124110-001	1	C000002898			5.85	1.3495	6	0.899	5.75	1.905	4.1	101.85	4.55	30.5	5	10.2			4.1	101.85	5.55	2.695			5.6	2.54															1.7	1.3	0.5	4																	
SPK-0124109	C[C@@H](N)[C@H](NC(=O)C1=CC=C(C=C1)C#CC1=CC=C(CNCC2=NC=CN2C)C=C1)C(=O)NO	LpxC inhibitors	SPK-0124109-001	1	C000002888			5.4	4.34	5.1	8.69	4.8	17.4	3.9	139	3.9	139	4.5	34.7			3.9	139	4.8	17.4																																							
SPK-0124108	C[C@@H](N)[C@H](NC(=O)C1=CC=C(C=C1)C#CC1=CC=C(CNCC(F)F)C=C1)C(=O)NO	LpxC inhibitors	SPK-0124108-001	1	C000002886			6	0.922	5.9	1.16	5.8	1.621	4.1	93.1	4.7	18.6	5.1	7.57			4.1	93.1	5.55	2.625																			14.8	17.7	15.2	17.7																	
SPK-0124107	NCCC[C@H](N)C(=O)NCC1=CC=C(C=C1)C#CC1=CC=C(C=C1)C(=O)N[C@@H](CN)C(=O)NO	LpxC inhibitors	SPK-0124107-001	1	C000002885			4.5	34.3	3.9	137	3.9	137	3.9	137	3.9	137	3.9	137			3.9	137	3.9	137																																							
SPK-0124106	CC(C)[C@H](NC(=O)C1=CC=C(C=C1)C#C\\C=C\\C1=CC=C(CN2CCOCC2)C=C1)C(=O)NO	LpxC inhibitors	SPK-0124106-001	1	C000002771			5.1	8.67	5.7	2.705	5.7	2.17	4.2	69.3	4.8	17.3	5.7	2.17			4.5	34.7	4.8	17.3																																							
SPK-0124105	C[C@@H](N)[C@H](NC(=O)C1=CC=C(C=C1)C#CC1=CC=C(CN2CCC2)C=C1)C(=O)NO	LpxC inhibitors	SPK-0124105-001	1	C000002765			5	9.84	4.4	39.4	4.4	39.4	4.1	78.7	4.1	78.7	4.1	78.7			4.1	78.7	4.4	39.4																																							
SPK-0124104	CS(=O)(=O)NC1=CC=C(C=C1)C#CC1=CC=C(C=C1)C(=O)N[C@@H](CN)C(=O)NO	LpxC inhibitors	SPK-0124104-001	1	C000002747			5.6	2.4	4.4	38.4	4.4	38.4	3.8	154	3.8	154	3.8	154			3.8	154	4.4	38.4																																							
SPK-0124103	NC(=O)CCC(=O)NC[C@H](NC(=O)C1=CC=C(C=C1)C#CC1=CC=C(CNC(=O)CCC(O)=O)C=C1)C(=O)NO	LpxC inhibitors	SPK-0124103-001	1	C000002724			3.9	116	3.9	116	3.9	116	3.9	116	3.9	116	3.9	116			3.9	116	3.9	116																																							
SPK-0124102	NC[C@H](NC(=O)C1=CC=C(C=C1)C#CC#CC1=CC=CS1)C(=O)NO	LpxC inhibitors	SPK-0124102-001	1	C000002703			5.2	5.66	5.8	1.41	5.5	2.83	4.3	45.3	4.45	33.95	5.05	8.48			4.3	45.3	5.2	5.66																																							
SPK-0124101	NCCC(=O)NC1=CC=C(C=C1)C#CC1=CC=C(C=C1)C(=O)N[C@@H](CN)C(=O)NO	LpxC inhibitors	SPK-0124101-001	1	C000002702			4.7	19.5	4.1	78.2	4.1	78.2	4.1	78.2	4.1	78.2	4.1	78.2			4.1	78.2	4.1	78.2																																							
SPK-0124100	NCC(NCC1=CC=C(C=C1)C#CC#CC1=CC=CC=C1)C(=O)NO	LpxC inhibitors	SPK-0124100-001	1	C000002701			4.3	48	4.75	18	4.9	12	4.3	48	4.3	48	4.3	48			4.3	48	4.3	48																																							
SPK-0124099	[H][C@](C)(O)[C@]([H])(NC(=O)C1=CC=C(C=C1)C#CC#CC1=CC(CNC(=O)CN)=CC=C1)C(=O)NO	LpxC inhibitors	SPK-0124099-001	1	C000002697			5.55	3.345	5.55	3.345	5.4	4.46	4.7	17.8	4.7	17.8	5	8.92			4.7	17.8	5.4	4.46																																							
SPK-0124098	C[C@@H](O)[C@H](NC(=O)C1=CC=C(C=C1)C#CC#CC1=CC(N)=C(C)C=C1)C(=O)NO	LpxC inhibitors	SPK-0124098-001	1	C000002695			5.5	3.08	6.75	0.2105	6.5	0.319	4.4	40.9	4.8	14.5	5.9	1.28			4.4	40.9	6.05	0.9595																																							
SPK-0124097	[H][C@](C)(O)[C@]([H])(NC(=O)C1=CC=C(C=C1)C#CC1=CN=C(N)N=C1)C(=O)NO	LpxC inhibitors	SPK-0124097-001	1	C000002691			4.9	11.3	4.3	45	3.7	180	3.7	180	3.7	180	3.7	180			3.7	180	3.7	180																																							
SPK-0124096	C[C@@H](O)[C@H](NC(=O)C1=CC=C(C=C1)C#CC1=CC(F)=C(C)C=C1)C(=O)NO	LpxC inhibitors	SPK-0124096-001	1	C000002687			5.4	4.775	6.15	0.7735	6	0.955	4.4	43.2	5.7	1.91	5.4	3.82			4.4	43.2	5.9	1.35																																							
SPK-0124095	[H][C@](C)(O)[C@]([H])(NC(=O)C1=CC=C(C=C1)C#CC1=CC=C(NC(=O)[C@@H](N)CC2=CC=C(O)C=C2)C=C1)C(=O)NO	LpxC inhibitors	SPK-0124095-001	1	C000002678			4.5	31	4.5	31	4.5	31	4.5	31	4.5	31	4.5	31			4.5	31	4.5	31																																							
SPK-0124094	[H][C@](C)(O)[C@]([H])(NC(=O)C1=CC=C(C=C1)C#CC1=CC(O)=CC=C1)C(=O)NO	LpxC inhibitors	SPK-0124094-001	1	C000002674			5.5	2.82	4.9	11.3	4.6	22.6	3.7	181	4.3	45.2	3.7	181			3.7	181	4.9	11.3																																							
SPK-0124093	[H][C@](C)(O)[C@]([H])(NC(=O)C1=CC=C(S1)C1=CC=C(OC)C=C1)C(=O)NO	LpxC inhibitors	SPK-0124093-001	1	C000002649			3.85	137.15	3.7	183	3.7	183	3.7	183	3.7	183	3.7	183			3.7	183	3.7	183																																							
SPK-0124092	NC[C@H](NC(=O)C1=CC=C(C=C1)C#CC1=CC=C(C=C1)S(=O)(=O)N1CCNCC1)C(=O)NO	LpxC inhibitors	SPK-0124092-001	1	C000002638			4.8	17	3.9	136	3.9	136	3.9	136	3.9	136	3.9	136			3.9	136	3.9	136																																							
SPK-0124091	COCC(=O)NC[C@H](NC(=O)C1=CC=C(C=C1)C#CC1=CC=C(CN2CCOCC2)C=C1)C(=O)NO	LpxC inhibitors	SPK-0124091-001	1	C000002633			5.1	8.09	5.4	5.055	5.7	2.02	3.9	129	3.9	129	4.8	16.2			3.9	129	5.7	2.02																																							
SPK-0124090	ONC(=O)[C@@H](NC(=O)C1=CC=C(\\C=C\\C#CC2=CC=C(CN3CCOCC3)C=C2)C=C1)C1CCOCC1	LpxC inhibitors	SPK-0124090-001	1	C000002622			4.8	15.9	5.4	3.97	5.1	7.94	4.2	63.5	4.5	31.8	5.1	7.94			4.2	63.5	4.8	15.9																																							
SPK-0124089	[H]\\C(C#CC1=CC=C(CN2CCOCC2)C=C1)=C(\\[H])C1=CC=C(C=C1)C(=O)N[C@@H](CN)C(=O)NO	LpxC inhibitors	SPK-0124089-001	3	C000002583			5.2	6.645	5	8.92	5.4	4.46	3.95	107.15	4.55	26.75	4.7	17.8			3.8	143	4.7	17.8																																							
SPK-0124088	ONC(=O)[C@H](CN1C=CC=N1)NC(=O)C1=CC=C(C=C1)C#CC1=CC=C(CN2CCOCC2)C=C1	LpxC inhibitors	SPK-0124088-001	1	C000002577			4.8	16.9	5.85	1.585	5.7	2.11	3.9	135	4.8	16.9							6	1.06																																							
SPK-0124087	ONC(=O)C(NC(=O)C1=CC=C(C=C1)C#CC1=CC=C(CN2CCOCC2)C=C1)C1CCOCC1	LpxC inhibitors	SPK-0124087-001	1	C000002574			5	10.09	5.55	3.14	5.15	9.88	3.9	134	4.5	33.5	5.1	8.38	4.8	16.8			5.7	2.09																																							
SPK-0124086	CC(C)(C)NCC1=CC=C(C=C1)C#CC1=CC=C(C=C1)C(=O)N[C@@H](CN)C(=O)NO	LpxC inhibitors	SPK-0124086-001	1	C000002558			4.4	39.2	3.8	157	3.8	157	3.8	157	3.8	157							3.8	157																																							
SPK-0124085	ONC(=O)[C@H](CN1CC(O)C1)NC(=O)C1=CC=C(C=C1)C#CC1=CC=C(CN2CCOCC2)C=C1	LpxC inhibitors	SPK-0124085-001	1	C000002553			4.5	33.4	4.8	16.7	4.5	33.4	3.9	134	3.9	134							4.8	16.7																																							
SPK-0124084	ONC(=O)[C@H](CN1CCOCC1)NC(=O)C1=CC=C(C=C1)C#CC1=CC=C(CN2CCOCC2)C=C1	LpxC inhibitors	SPK-0124084-001	1	C000002547			4.5	32.5	5.1	8.12	5.4	4.06	3.9	130	3.9	130							5.1	8.12																																							
SPK-0124083	ONC(=O)[C@@H](NC(=O)C1=CC=C(C=C1)C#CC1=CC=C(CN2CCOCC2)C=C1)C1=CSC=C1	LpxC inhibitors	SPK-0124083-001	1	C000002542			4.95	12.605	5.55	3.155	5.7	2.1	3.9	135	4.8	16.8							5.7	2.1																																							
SPK-0124082	ONC(=O)C(NC(=O)C1=CC=C(C=C1)C#CC1=CC=C(CN2CCOCC2)C=C1)C(F)(F)F	LpxC inhibitors	SPK-0124082-001	1	C000002528			5.4	4.33	5.85	1.625	6.3	0.542	4.5	34.7	5.4	4.33							6	1.08																																							
SPK-0124081	C[C@@H](N)[C@H](NC(=O)C1=CC=C(C=C1)C#CC1=CC=C(CN2CCOCC2)C=C1)C(=O)NO	LpxC inhibitors	SPK-0124081-001	12	C000002526			5.9	1.15	5.9	1.15	5.6	2.29	4.1	73.3	5	9.98	5.15	6.875	4.7	18.3	3.95	110.15	5.9	1.15	4.4	36.7	5.6	2.29	5.6	2.29	5.6	2.29	4.4	36.7	4.4	36.7	5	9.16	4.4	36.7	4.4	36.7																					
SPK-0124080	COC[C@H](NC(=O)C1=CC=C(C=C1)C#CC1=CC=C(CN2CCOCC2)C=C1)C(=O)NO	LpxC inhibitors	SPK-0124080-001	1	C000002488			4.7	18.3	5.15	6.855	5.3	4.57	3.8	146	3.95	109.55							5	9.14																																							
SPK-0124079	ONC(=O)[C@H](CN1CCNCC1)NC(=O)C1=CC=C(C=C1)C#CC1=CC=C(CN2CCOCC2)C=C1	LpxC inhibitors	SPK-0124079-001	1	C000002484			4.8	16.3	4.5	32.5	4.5	32.5	3.9	130	4.2	81.25							4.5	32.5																																							
SPK-0124078	C[C@H](O)[C@H](NC(=O)C1=CC=C(C=C1)C1=CC=C(CN2CCOCC2)C=C1)C(=O)NO	LpxC inhibitors	SPK-0124078-001	1	C000002453			3.95	116.2	3.8	155	3.8	155	3.8	155	3.8	155							3.8	155																																							
SPK-0124077	NC[C@H](NC(=O)C1=CC(F)=C(C=C1)C#CC1=CC=C(CN2CCC(F)(F)CC2)C=C1)C(=O)NO	LpxC inhibitors	SPK-0124077-001	1	C000002411			4.85	14.4	5.75	1.8	5.8	1.49	4	95.4	4.4	40.7							5.7	2.11																																							
SPK-0124076	NC[C@H](NC(=O)C1=CC=C(C=C1)C#CC1=CC=C(CN2CCC(CC2)C2=CC=C(F)C=C2)C=C1)C(=O)NO	LpxC inhibitors	SPK-0124076-001	1	C000002385			4.5	31.1	4.8	15.5	5	11	3.9	124	4.5	31.1							4.7	22																																							
SPK-0124075	C[C@@H](O)[C@H](NC(=O)C1=CC=C(C=C1)C#CC1=CC=C(CN2CCOCC2)C(C)=C1)C(=O)NO	LpxC inhibitors	SPK-0124075-001	1	C000002339			4.9	12.5	6.05	1.062	6	1.11	3.8	142	4.65	26.55							5.7	2.21																																							
SPK-0124074	C[C@@H](O)[C@H](NC(=O)C1=CC=C(SCC2=CC=C(CN3CCOCC3)C=C2)C=C1)C(=O)NO	LpxC inhibitors	SPK-0124074-001	1	C000002335			4.2	69.6	4.35	52.2	3.9	139	3.9	139	3.9	139							4.2	69.6																																							
SPK-0124073	C[C@@H](O)[C@H](NC(=O)C1=CN=C(S1)C#CC1=CC=C(CN2CCOCC2)C=C1)C(=O)NO	LpxC inhibitors	SPK-0124073-001	1	C000002333			4.1	72	4.2	61.45	3.8	144	3.8	144	3.8	144							4.1	72																																							
SPK-0124072	C[C@@H](O)[C@H](NC(=O)C1=CC=C(OC2=CC=C(CN3CCOCC3)C=C2)C=C1)C(=O)NO	LpxC inhibitors	SPK-0124072-001	1	C000002331			3.8	149	3.8	149	3.8	149	3.8	149	3.8	149							3.8	149																																							
SPK-0124071	C[C@@H](O)[C@H](NC(=O)C1=CC=C(\\C=C\\C2=CC=C(CN3CCOCC3)C=C2)C=C1)C(=O)NO	LpxC inhibitors	SPK-0124071-001	1	C000002279			5.2	5.73	5.7	2.07	5.3	4.55	3.8	146	4.85	17.315							5.3	4.55																																							
SPK-0124070	C[C@@H](O)[C@H](NC(=O)C1=CC=C(C=C1)C#CC1=CC=C(CN2CCC(CC2)N2CCCC2)C=C1)C(=O)NO	LpxC inhibitors	SPK-0124070-001	1	C000002211			4.8	15.9	4.2	63.4	3.9	127	3.9	127	3.95	108.35							4.2	63.4																																							
SPK-0124069	C[C@@H](O)[C@H](NC(=O)C1=CC=C(C=C1)C#CC1=CC=C(CN2CCCCC2C(N)=O)C=C1)C(=O)NO	LpxC inhibitors	SPK-0124069-001	1	C000002207			4.8	16.7	4.8	16.7	5.1	8.36	3.9	134	4.65	25.05							5.85	2.351																																							
SPK-0124068	CCC1=CC=C(C=C1)C(=O)N[C@@H]([C@@H](C)O)C(=O)NO	LpxC inhibitors	SPK-0124068-001	1	C000002195			4.2	60.1	3.6	240	3.3	481	3.6	240	3.6	240							3.6	240					3.6	240																																	
SPK-0124067	CCOC(=O)C1CCN(CC2=CC=C(C=C2)C#CC2=CC=C(C=C2)C(=O)N[C@@H]([C@@H](C)O)C(=O)NO)CC1	LpxC inhibitors	SPK-0124067-001	1	C000002162			5.1	7.88	5.7	1.97	6	0.985	3.9	126	4.8	15.8					3.9	126	6.3	0.493			5.4	3.94	5.7	1.97	5.7	1.97	3.9	126	3.9	126			3.9	126	3.9	126																					
SPK-0124066	ONC(=O)C1(CC1)NC(=O)C1=CC=C(C=C1)C#CC1=CC=C(CN2CCOCC2)C=C1	LpxC inhibitors	SPK-0124066-001	1	C000002157			3.8	153	3.8	153			3.8	153	3.8	153							3.8	153					4.1	76.3																																	
SPK-0124065	C[C@@H](O)[C@H](NC(=O)C1=CC=C(C=C1)C#CC1=CC=C(CN2CCOCC2)C(F)=C1)C(=O)NO	LpxC inhibitors	SPK-0124065-001	1	C000002155			5.4	4.39	5.4	5.49			3.9	141	4.8	17.6							6.75	0.30745					7.2	0.0659																																	
SPK-0124064	C[C@@H](O)[C@H](NC(=O)C1=CC=C(C=C1)C#CC1=CC=C(CN2CCC3(CC2)OCCO3)C=C1)C(=O)NO	LpxC inhibitors	SPK-0124064-001	2	C000002147			5.4	4.05	5.9	1.22	5.75	1.73	3.9	130	4.8	16.2					3.9	130	6.2	0.6795			5.1	8.1	5.7	2.03	5.7	2.03	3.9	130	3.9	130			3.9	130	3.9	130																					
SPK-0124063	C[C@@H](O)[C@H](NC(=O)C1=CC=C(C=C1)C#CC1=CC=C(CN2CCCC(C2)C(O)=O)C=C1)C(=O)NO	LpxC inhibitors	SPK-0124063-001	1	C000002146			4.5	33.4	3.9	133			3.9	133	3.9	133							4.95	34.395					5.4	4.17																																	
SPK-0124062	C[C@@H](O)[C@H](NC(=O)C1=C(C=C(C=C1)C#CC1=CC=C(CN2CCOCC2)C=C1)S(C)(=O)=O)C(=O)NO	LpxC inhibitors	SPK-0124062-001	1	C000002135			4.2	62.1	5.05	8.77	5.1	7.76	3.9	124	3.9	124							5.1	7.76					6.6	0.242																																	
SPK-0124061	C[C@@H](O)[C@H](NC(=O)C1=CSC(=N1)C#CC1=CC=C(CN2CCOCC2)C=C1)C(=O)NO	LpxC inhibitors	SPK-0124061-001	1	C000002124			3.8	144	3.8	144			3.8	144	3.8	144							4.1	90					4.4	36																																	
SPK-0124060	C[C@H](O)[C@@H](NC(=O)C1=CC=C(C=C1)C#CC1=CC=C(CN(C)CC2=CN=CC=C2)C=C1)C(=O)NO	LpxC inhibitors	SPK-0124060-001	1	C000002011			3.9	135	3.9	135			3.9	135			3.9	135	3.9	135	3.9	135	3.9	135	3.9	135			4.8	16.9																																	
SPK-0124059	C[C@H](O)[C@@H](NC(=O)C1=CC=C(C=C1)C#CC1=CC=C(CN2CCC(F)(F)CC2)C=C1)C(=O)NO	LpxC inhibitors	SPK-0124059-001	1	C000002009			3.9	136	4.05	101.95			3.9	136			3.9	136	3.9	136	3.9	136	4.8	17	3.9	136			5.1	8.48																																	
SPK-0124058	C[C@H](O)[C@@H](NC(=O)C1=CC=C(C=C1)C#CC1=CC=C(CN2CCC(CC2)N(C)C)C=C1)C(=O)NO	LpxC inhibitors	SPK-0124058-001	1	C000002005			3.9	134	3.9	134			3.9	134			3.6	267	3.9	134	3.9	134	3.9	134	3.9	134			3.9	134																																	
SPK-0124057	ONC(=O)[C@H](COCC1=CC=CC=C1)NS(=O)(=O)C1=CC=C(C=C1)C#CC1=CC=C(CN2CCOCC2)C=C1	LpxC inhibitors	SPK-0124057-001	1	C000001987			3.9	116	4.35	65.3			3.9	116			4.8	14.6	3.9	116	3.9	116	6.3	0.455	5.1	7.28			6	0.91																																	
SPK-0124056	C[C@@H](O)[C@H](N(C)S(=O)(=O)C1=CC=C(C=C1)C#CC1=CC=C(CN2CCOCC2)C=C1)C(=O)NO	LpxC inhibitors	SPK-0124056-001	1	C000001982			3.9	131	3.9	131			3.9	131			3.9	131	3.9	131	3.9	131	3.9	131	3.9	131			3.9	131																																	
SPK-0124055	CSCC[C@@H](NS(=O)(=O)C1=CC=C(C=C1)C#CC1=CC=C(CN2CCOCC2)C=C1)C(=O)NO	LpxC inhibitors	SPK-0124055-001	1	C000001981			3.9	127	3.9	127			3.9	127			3.6	254	3.9	127	3.9	127	4.5	31.8	3.9	127			4.5	31.8																																	
SPK-0124054	COCCN(C)CC1=CC=C(C=C1)C#CC1=CC=C(C=C1)C(=O)N[C@@H]([C@@H](C)O)C(=O)NO	LpxC inhibitors	SPK-0124054-001	1	C000001960			5	9.1	5.3	4.55	5.3	4.55	3.8	146	3.8	146	4.4	36.4	3.8	146	3.8	146	5.9	1.14	3.8	146	4.7	18.2	5	9.1	4.7	18.2	4.1	72.8	4.1	72.8			4.1	72.8	4.1	72.8																					
SPK-0124053	C[C@@H](O)[C@H](NC(=O)C1=CC=C(C=C1)C#CC1=CC=C(CN2CCC(CC2)N(C)C)C=C1)C(=O)NO	LpxC inhibitors	SPK-0124053-001	1	C000001957			4.8	16.7	4.5	41.8			3.9	134			3.9	134	3.9	134	3.9	134	5.1	8.36	3.9	134			5.4	4.18																																	
SPK-0124052	C[C@@H](O)[C@H](NC(=O)C1=CC=C(C=C1)C#CC1=CC=C(CN2CCN(CC2)S(=O)(=O)N(C)C)C=C1)C(=O)NO	LpxC inhibitors	SPK-0124052-001	1	C000001955			4.8	14.7	4.95	59.46			3.9	118			5.7	1.84	4.8	14.7	3.9	118	7	0.11	3.9	118			7	0.11																																	
SPK-0124051	C[C@@H](O)[C@H](NC(=O)C1=CC=C(C=C1)C#CC1=CC=C(CN2CCC(N)C2)C=C1)C(=O)NO	LpxC inhibitors	SPK-0124051-001	1	C000001954			5	9.16	4.1	73.3	4.1	73.3	3.8	147	4.1	73.3	3.8	147	3.8	147	3.8	147	4.25	55	3.8	147			5.6	2.29																																	
SPK-0124050	C[C@@H](O)[C@H](NC(=O)C1=CC=C(C=C1)C#CC1=CC=C(CN2CCC(O)CC2)C=C1)C(=O)NO	LpxC inhibitors	SPK-0124050-001	1	C000001949			5.7	2.21	4.95	19.915			3.8	142			4.5	35.4	3.8	142	3.8	142	6	1.11	3.8	142			6.6	0.277																																	
SPK-0124049	CCN(CCO)CC1=CC=C(C=C1)C#CC1=CC=C(C=C1)C(=O)N[C@@H]([C@@H](C)O)C(=O)NO	LpxC inhibitors	SPK-0124049-001	1	C000001947			5.3	4.55	4.55	40.95			3.8	146			4.1	72.8	3.8	146	3.8	146	5.6	2.28	3.8	146			6.5	0.284																																	
SPK-0124048	C[C@@H](O)[C@H](NC(=O)C1=CC=C(C=C1)C#CC1=CC=C(CN2CCSCC2)C=C1)C(=O)NO	LpxC inhibitors	SPK-0124048-001	1	C000001944			5.4	4.41	5.4	70.566			3.9	141			5.7	2.2	5.1	8.82	3.9	141	6.9	0.132	3.9	141			6.9	0.132																																	
SPK-0124047	NC[C@@H](NC(=O)C1=CC=C(C=C1)C#CC1=CC=C(CN2CCOCC2)C=C1)C(=O)NO	LpxC inhibitors	SPK-0124047-001	1	C000001935			5.3	4.73	4.4	80.235			3.8	151			4.1	75.7	3.8	151	3.8	151	5.6	2.37	3.8	151			5.9	1.18																																	
SPK-0124046	ONC(=O)[C@H](CC1=CC=CC=C1)NC(=O)C1=CC=C(C=C1)C#CC1=CC=C(CN2CCOCC2)C=C1	LpxC inhibitors	SPK-0124046-001	1	C000001919			4.2	66.2	4.65	68.07			3.9	132			4.8	16.5	3.9	132	3.9	132	6	1.03	3.9	132			6.3	0.517																																	
SPK-0124044	[H]C(=O)N1CC(C1)C#CC#CC12CC(C1)(C2)C(=O)N[C@H](C(=O)NO)C(C)(C)N	LpxC inhibitors	SPK-0124044-001	1	C000010817	6.26	0.55	4.7	21.5																			4.1	85.9																						32	32	8	32										
SPK-0124043	CC(C)(N)[C@H](NC(=O)C12CC(C1)(C2)C#C\\C=C\\CO)C(=O)NO	LpxC inhibitors	SPK-0124043-001	1	C000010814			4.3	49.8																			4	99.6																						32	32	8	32										
SPK-0124041	CC(C)(OP(O)(O)=O)[C@@H](NC(=O)C1=CC=CC=C1)C(=O)NO	LpxC inhibitors	SPK-0124041-001	1	C000050616																																																			4.7	4.7	14.8	36	0.86	0.27			
SPK-0124040	COC1(CS(=O)(=O)C1)C(NC(=O)C1=CC=C(C=C1)C#CC#C[C@H](O)CO)C(=O)NO	LpxC inhibitors	SPK-0124040-001	1	C000050557	8.33	0.0047	4.3	51.9	4.4	36.7	4.1	73.3																																										26									
SPK-0124039	COC1(CS(=O)(=O)C1)C(NC(=O)C1CCN(CC1)C1=CC=CC=C1)C(=O)NO	LpxC inhibitors	SPK-0124039-001	1	C000050554	5.96	1.1	3.9	122	3.9	122	3.9	122																																										64									
SPK-0124038	COC1(CS(=O)(=O)C1)C(NC(=O)N1CCC(CC1)C1=CC=CC=C1)C(=O)NO	LpxC inhibitors	SPK-0124038-001	1	C000050553	6.6	0.25	3.8	156	3.8	156	3.8	156																																										64									
SPK-0124037	COC1(CS(=O)(=O)C1)C(NC(=O)C1=CC=C(C=C1)C#CC#CC1CNC1)C(=O)NO	LpxC inhibitors	SPK-0124037-001	1	C000050523	7.6	0.025	4.6	24.2	4	96.7	4.3	48.4																																										32									
SPK-0124036	CC#CC1=CC=C(C=C1)C(=O)N[C@H](C(=O)NO)C1(C)CNC1	LpxC inhibitors	SPK-0124036-001	1	C000050508	6.57	0.27	4.9	13.6	3.8	154	3.8	154																															68.9	71.9										6.06									
SPK-0124035	ONC(=O)[C@H](NC(=O)C1=CC=C(C=C1)S(F)(F)(F)(F)F)C1(O)CCNC1	LpxC inhibitors	SPK-0124035-001	1	C000050501			3.9	123	3.9	123	3.9	123																																										64									
SPK-0124034	ONC(=O)[C@@H](NC(=O)C1=CC=C(C=C1)S(F)(F)(F)(F)F)C1(CNC1)C1CC1	LpxC inhibitors	SPK-0124034-001	1	C000050493	7.49	0.032	5.7	1.89	3.9	121	3.9	121																															46.6	37.9										1.15									
SPK-0124033	C[C@H]1NC[C@]1(O)[C@H](NC(=O)C1=CC=C(C=C1)S(F)(F)(F)(F)F)C(=O)NO	LpxC inhibitors	SPK-0124033-001	1	C000050490	6.89	0.13	5.3	4.53	3.8	145	3.8	145																															43.2	42										3.03									
SPK-0124032	COC1(CNC1)C(NC(=O)C1=CC(F)=C(C=C1)C(F)(F)F)C(=O)NO	LpxC inhibitors	SPK-0124032-001	1	C000050486	5.8	1.6	4.9	11.8	3.9	134	3.9	134																															63.1	54.5										8.57									
SPK-0124031	COC1(CNC1)C(NC(=O)C1=C(F)C=C(OC(F)(F)F)C=C1)C(=O)NO	LpxC inhibitors	SPK-0124031-001	1	C000050478	5.15	7	3.9	129	3.9	129	3.9	129																																										64									
SPK-0124030	CCOC1(CNC1)C(NC(=O)C1=CC=C(C=C1)C#C)C(=O)NO	LpxC inhibitors	SPK-0124030-001	1	C000050471	5.8	1.6	4	90.4	3.7	181	3.7	181																																										55.7									
SPK-0124029	CC(C)([C@H](NC(=O)C1=CC=C(C=C1)S(F)(F)(F)(F)F)C(=O)NO)S(=O)(=O)CC1COC1	LpxC inhibitors	SPK-0124029-001	1	C000050451	8.7	0.002	5.1	8.06	4.2	64.5	3.9	129																															27.5	31.3										6.5									
SPK-0124028	CC#CC#CC1=CC=C(C=C1)C(=O)NC(C(=O)NO)C1(O)CN(C)C1	LpxC inhibitors	SPK-0124028-001	1	C000050450			5.7	2.2	4.5	35.1	3.9	141																															21.8	21.8										1.52									
SPK-0124027	CC(C)(NCC1COC1)[C@H](NC(=O)C1=CC=C(C=C1)S(F)(F)(F)(F)F)C(=O)NO	LpxC inhibitors	SPK-0124027-001	1	C000050443	7.66	0.022	5	8.94	4.1	71.5	3.8	143																															45.8	47.8										4.6									
SPK-0124026	COC1(CS(=O)(=O)C1)C(NC(=O)C1=CC=C(C=C1)C#CC#CCCO)C(=O)NO	LpxC inhibitors	SPK-0124026-001	1	C000050432	9.07	0.00085	5.15	7.135	5.6	2.38	4.7	19															4.4	38.1															34	29.7	21.1	34.1	23.3							3.815	8.05	8	40	62.5	1.25	0.405	2.35	12	4.25
SPK-0124025	COC1(COC1)C(NC(=O)C1=CC=C(C=C1)C#CC#CCCO)C(=O)NO	LpxC inhibitors	SPK-0124025-001	1	C000050405	8.33	0.0047	5.1	7.59	4.7	21.5	3.9	122																															28.4	26										4.29	4.2	4.2	19	27	2.4	0.66	1.1	4.9	9.1
SPK-0124024	CN1C=C(CS(=O)(=O)C(C)(C)[C@H](NC(=O)C2=CC=C(C=C2)C#CC#CC2CN(CCO)C2)C(=O)NO)C=N1	LpxC inhibitors	SPK-0124024-001	1	C000050383	8.33	0.0047	4.6	24.4	5.2	6.1	4.9	12.2																																										19.7									
SPK-0124023	CC(C)(O)[C@H](NC1=NC=NC2=C1C=CC(Cl)=C2)C(=O)NO	LpxC inhibitors	SPK-0124023-001	1	C000050348			3.8	146	3.7	206	3.1	824																															11.1	24.3										64									
SPK-0124022	CC(C)(N)[C@H](NC(=O)C1CCCC(F)(F)C1)C(=O)NO	LpxC inhibitors	SPK-0124022-001	1	C000050267	4.8	16	3.8	157	3.2	628	3.2	628																																										90.5									
SPK-0124021	CSC1CCN(CC1)C(=O)N[C@H](C(=O)NO)C(C)(C)N	LpxC inhibitors	SPK-0124021-001	1	C000050260	5.22	6	4.1	76.5	3.2	612	3.2	612																																										48.5									
SPK-0124020	COC1=CC=C(C=C1)C(=O)N[C@H](C(=O)NO)C(C)(C)S(=O)(=O)C1CNC1	LpxC inhibitors	SPK-0124020-001	1	C000050236	5.8	5.125	3.8	144	3.2	575	3.2	575																															23.3	57.4										119									
SPK-0124019	CC(C)([C@H](NC(=O)C1=CC=C(C=C1)C#CC#CCC(O)CO)C(=O)NO)S(C)(=O)=O	LpxC inhibitors	SPK-0124019-001	1	C000050233	8.21	0.00615	4.8	14.5	4.5	29.1	4.2	58.1																															31.4	37.2										9.85									
SPK-0124018	CC(C)(N)[C@H](NC(=O)C1CC(=C)C1)C(=O)NO	LpxC inhibitors	SPK-0124018-001	1	C000050216	4.39	41	3.7	180	3.7	180	3.7	180																																										64									
SPK-0124017	CC1=C(C(NCC2=CC=C(C=C2)C#CC#CCCO)C(=O)NO)C(C)=NO1	LpxC inhibitors	SPK-0124017-001	1	C000050214	6.82	0.15	3.8	174	4.4	43.5	3.8	174																															10.7	6.26										64									
SPK-0124016	CC(C)(N)[C@H](NCC1=CC=C(OC(F)(F)F)C=C1)C(=O)NO	LpxC inhibitors	SPK-0124016-001	1	C000050211	5.68	2.1	4.6	24.9	4	99.6	4	99.6																																										13.9									
SPK-0124015	CO[C@H]1CC[C@@H](CC1)C(=O)N[C@H](C(=O)NO)C(C)(C)N	LpxC inhibitors	SPK-0124015-001	1	C000050210	4.4	40.5	3.7	184	3.7	184	3.7	184																																										64									
SPK-0124014	CC1=C(C(NCC2=CC=C(I)C=C2)C(=O)NO)C(C)=NO1	LpxC inhibitors	SPK-0124014-001	1	C000050206	5.01	17.95	3.8	160	3.8	160	3.8	160																																										64									
SPK-0124013	CC(C)CC(=O)N1CC(C1)C#CC#CC1=CC=C(C=C1)C(=O)N[C@H](C(=O)NO)C(C)(C)O	LpxC inhibitors	SPK-0124013-001	1	C000050191	8.89	0.0013	5.2	6.43	6.5	0.284	5.8	1.61																															12	10.7										3.73									
SPK-0124012	CC(C)(O)[C@H](NC(=O)C1=CC=C(C=C1)C#CC#CC1CN(C1)C(=O)C1CC1)C(=O)NO	LpxC inhibitors	SPK-0124012-001	1	C000050190	8.77	0.0017	5.5	3.34	6.2	0.59	5.6	2.36																															10.4	10.3										2.14									
SPK-0124011	CC(C)([C@H](NCC1=CC=C(C=C1)C#CC#CCCO)C(=O)NO)S(C)(=O)=O	LpxC inhibitors	SPK-0124011-001	1	C000050186	7.21	0.061	4.7	20.4	5.4	3.6	4.7	20.4																																										14.9									
SPK-0124010	CC(=O)NCCC#CC#CC1=CC=C(C=C1)C(=O)N[C@H](C(=O)NO)C(C)(C)O	LpxC inhibitors	SPK-0124010-001	1	C000050185	8.28	0.0052	5	10.4	5.1	7.34	4.7	20.8																																										4.92									
SPK-0124009	CC(C)(N)[C@H](NC(=O)C1=CC=C(C=C1)C#CC#C)C(=O)NO	LpxC inhibitors	SPK-0124009-001	1	C000050172	7.71	0.05045	6.5	0.348	5.6	2.78	4.8	15.7																															27.5	30.8										0.161									
SPK-0124008	CN1C=NC=C1C[C@H](NC(=O)C1=CC=C(OC(F)(F)F)C=C1)C(=O)NO	LpxC inhibitors	SPK-0124008-001	1	C000050155	6.18	0.66	3.8	148	3.8	148	3.8	148																															20.6	27.4										64									
SPK-0124007	CNC(=O)CS(=O)(=O)C(C)(C)[C@H](NC(=O)C1=CC=C(C=C1)C#CC#CCCO)C(=O)NO	LpxC inhibitors	SPK-0124007-001	1	C000050142	8.19	0.0064	3.9	138	4.5	34.5	4.2	69																																										64									
SPK-0124006	COC1=CC(F)=C(C=C1)C1=CC(=O)N(CCC(C)(N(C)C)C(=O)NO)C=C1	LpxC inhibitors	SPK-0124006-001	1	C000050120	7.39	0.041	4.8	16.3	5.7	2.03	4.9	11.5																																										16									
SPK-0124005	COCCS(=O)(=O)C(C)(C)[C@H](NC(=O)C1=CC=C(C=C1)C#CC#CCCO)C(=O)NO	LpxC inhibitors	SPK-0124005-001	1	C000050115	8.62	0.0024	5.2	6.28	6.1	0.785	5.7	2.22																															30.9	27.5				639	0.967					2.46	4.1	4.1	23	40	2.5	0.56	1.1	6.3	8.8
SPK-0124004	CNC(C)(CCN1C=CC(=CC1=O)C1=C(F)C=C(OC)C=C1)C(=O)NO	LpxC inhibitors	SPK-0124004-001	1	C000050070	7.82	0.015	5	9.45	5.2	5.92	4.5	33.5																															36.9	36.4										6.96									
SPK-0124003	CC1=NC2=CC(=NN2C(C)=C1)C(=O)N[C@H](C(=O)NO)C(C)(C)N	LpxC inhibitors	SPK-0124003-001	1	C000050022			4.4	36.8	4.4	36.8	4.4	36.8																																										16									
SPK-0124002	CN1CCOC2=C1C=CC(=C2)C(=O)N[C@H](C(=O)NO)C(C)(C)N	LpxC inhibitors	SPK-0124002-001	1	C000050005			3.8	147	3.8	147	3.8	147																																										64									
SPK-0124001	CC(C)C1=CC=C(C=C1)C(=O)N[C@H](C(=O)NO)C(C)(C)N	LpxC inhibitors	SPK-0124001-001	1	C000050003	6.54	0.29	5.5	3.47	3.8	157	3.8	157																															41.3	39.7										2.46									
SPK-0124000	CC1=CC(=NO1)[C@@H](O)[C@H](NC(=O)C1=CC=C(C=C1)C#CC#CC1CN(CCO)C1)C(=O)NO	LpxC inhibitors	SPK-0124000-001	1	C000049974	8.57	0.0027	4.9	14.1	4.8	17.05	4.35	42.35																																										13.9									
SPK-0123999	CC(C)(O)[C@H](NC(=O)C1=CC=C(C=C1)C#CC#CC1CC(C1)NCC1OCCO1)C(=O)NO	LpxC inhibitors	SPK-0123999-001	1	C000049972	9.4	0.0004	5.6	2.48	6.2	0.621	5.5	3.51																															30.7	24.4										2.64									
SPK-0123998	CC(C)(NC1COC1)[C@H](NC(=O)C1=CC=C(C=C1)C#CC#CC1CC1)C(=O)NO	LpxC inhibitors	SPK-0123998-001	1	C000049947					7.3	0.045	7	0.0898																																																			
SPK-0123997	ONC(=O)C(NC(=O)C1=CC=C(C=C1)C#CC#CC1CC1)C1CCCCN1	LpxC inhibitors	SPK-0123997-001	1	C000004704, C000004705			5.85	1.449	5.8	1.65	5.05	13.12	4.55	32.85	4.6	29.65	5.45	4.105	6.4	0.4605																																											
SPK-0123996	C[C@@H](O)[C@H](NC(=O)C1=CC=C(\\C=C\\C#CC2=CC=C(CN3CCOCC3)C=C2)C=C1)C(=O)NO	LpxC inhibitors	SPK-0123996-001	1	C000002505, C000002580			5.5	3.515	6	1.08	6.15	0.8095	4.05	103.5	5.15	7.74	5.45	3.865	5.1	8.63	4.2	69	6	1.08	4.2	69	4.8	17.3	5.85	1.62																																	
SPK-0123995	CC(C)(O)[C@H](NC(=O)C1=CC=C(C=C1)C#CC#CC1CC(C1)N1CC[C@@H](O)C1)C(=O)NO	LpxC inhibitors	SPK-0123995-001	1	C000049909	8.32	0.00475	5.5	3.11																			4.5	28.9																																			
SPK-0123994	CC(C)(N)[C@H](NC(=O)C1=CC=C(C=C1)C#CC#CC1CN(C1)S(C)(=O)=O)C(=O)NO	LpxC inhibitors	SPK-0123994-001	1	C000005353	9.16	0.000695	5.6	2.31	6.05	1.2995			4.1	74													4.7	18.5																																			
SPK-0123993	CN(C)C[C@@H]1C[C@H]1C#CC#CC1=CC=C(C=C1)C(=O)N[C@H](C(=O)NO)C(C)(C)O	LpxC inhibitors	SPK-0123993-001	1	C000005352			5	10.1	5.3	6.31			4.1	80.5																																																	
SPK-0123992	CC(C)(O)[C@H](NC(=O)C1=CC=C(C=C1)C#CC#C[C@@H]1C[C@H]1CN)C(=O)NO	LpxC inhibitors	SPK-0123992-001	1	C000005350	7.89	0.013	5.4	3.83	5	13.555	4.4	43.3	4.1	86.6													4.4	43.3																																			
SPK-0123991	CC(C)(O)[C@H](NC(=O)C1=CC=C(C=C1)C#CC#CC[C@H]1NCC[C@@H]1O)C(=O)NO	LpxC inhibitors	SPK-0123991-001	1	C000005345			4.7	20	4.1	80.1			4.1	80.1																																																	
SPK-0123990	CC(C)(N)[C@H](NC(=O)C1=CC=C(C=C1)C#CC#C[C@@H](O)CCO)C(=O)NO	LpxC inhibitors	SPK-0123990-001	1	C000005340	7.89	0.013	5.3	5.36	5	13.38			4.1	85.7																																																	
SPK-0123989	C[C@H](N)C(=O)N[C@H](C)[C@H](NC(=O)C1=CC=C(C=C1)C#CC#CCCO)C(=O)NO	LpxC inhibitors	SPK-0123989-001	1	C000005317			4.4	40	4.1	79.9			4.1	79.9			4.1	79.9	4.1	79.9					4.1	79.9																																					
SPK-0123988	C[C@@H](NC(=O)CN(C)C)[C@H](NC(=O)C1=CC=C(C=C1)C#CC#CCCO)C(=O)NO	LpxC inhibitors	SPK-0123988-001	1	C000005315			4.7	19.3	4.1	77.2			4.1	77.2			4.1	77.2	4.1	77.2					4.1	77.2																																					
SPK-0123987	CC(CO)C#CC#CC1=CC=C(C=C1)C(=O)N[C@H](C(=O)NO)C(C)(C)N	LpxC inhibitors	SPK-0123987-001	1	C000005299	8.11	0.0077	5.65	2.39	5.75	3.1495			4	89.5			4.3	44.8	5.3	5.6					4.7	22.4	5.6	2.8															35	27																			
SPK-0123986	CC(C)(N)[C@H](NC(=O)C1=CC=C(C=C1)C#CC#CC1=CN=C(CO)N=C1)C(=O)NO	LpxC inhibitors	SPK-0123986-001	1	C000005292			5.9	1.23	5.6	5.217			4.1	78.5			4.1	78.5	4.1	78.5					4.1	78.5																																					
SPK-0123985	CC(C)(N)C(NC(=O)C1=CC=C(C=C1)C#CC#CC1C[C@@H](O)[C@@H]1CO)C(=O)NO	LpxC inhibitors	SPK-0123985-001	1	C000005284	8.57	0.0027	5.6	2.5	5.35	7.725			4.1	80.1			4.5	28.3	4.7	20					4.1	80.1																																					
SPK-0123984	CC(C)(N)C(NC(=O)C1=CC=C(C=C1)C#CC#CC1C[C@H](O)[C@@H]1CO)C(=O)NO	LpxC inhibitors	SPK-0123984-001	1	C000005283			5.3	5.01	5.15	11.25			4.1	80.1			4.4	40.1	4.4	40.1					4.1	80.1																																					
SPK-0123983	CCNC(C)(C)[C@H](NC(=O)C1=CC=C(C=C1)C#CC#CCCO)C(=O)NO	LpxC inhibitors	SPK-0123983-001	1	C000005282			6.3	0.476	5.95	1.583			4.4	43.1			4.7	21.5	5.9	1.35					4.8	15.2																																					
SPK-0123982	CC(C)(N)[C@H](NC(=O)C1=CC=C(C=C1)C#CC1CN(C1)C(=O)C1CC1CO)C(=O)NO	LpxC inhibitors	SPK-0123982-001	1	C000005259			4.4	37.3	4.4	37.3			4.4	37.3			4.4	37.3	4.4	37.3					4.1	74.7																																					
SPK-0123981	CC1=CC(=NO1)[C@H](N)[C@@H](NC(=O)C1=CC=C(C=C1)C#CC#C[C@@H]1C[C@H]1CO)C(=O)NO	LpxC inhibitors	SPK-0123981-001	1	C000005256			4.7	18.9	4.7	23.685			4.4	37.9			4.4	37.9	4.4	37.9					4.4	37.9																																					
SPK-0123980	CC(C)(N)[C@H](NC(=O)C1=CC=C(C=C1)C#CC#C[C@@H]1C[C@H]1C(O)CO)C(=O)NO	LpxC inhibitors	SPK-0123980-001	1	C000005253	8.68	0.0021	5.8	1.77	5.45	7.5425			4.1	80.1			4.7	20	4.7	20					4.1	80.1																																					
SPK-0123979	NC1(COC1)C(NC(=O)C1=CC=C(C=C1)C#CC#C[C@@H]1C[C@H]1CO)C(=O)NO	LpxC inhibitors	SPK-0123979-001	1	C000005239	8.73	0.00185	5.4	3.69	5.95	3.768			4.7	20.9			4.8	14.8	5	10.4					4.7	20.9																																					
SPK-0123978	N[C@H](CO)[C@H](NC(=O)C1=CC=C(C=C1)C#CC#C[C@@H]1C[C@H]1CO)C(=O)NO	LpxC inhibitors	SPK-0123978-001	1	C000005222			4.7	21.5	4.55	32.3			4.7	21.5			4.7	21.5	4.7	21.5					4.7	21.5																																					
SPK-0123977	CC(C)(NCCO)[C@H](NC(=O)C1=CC=C(C=C1)C#CC#C[C@H]1C[C@H](O)C1)C(=O)NO	LpxC inhibitors	SPK-0123977-001	1	C000005218			5.9	1.21	6.65	0.50565			4.7	19.3			5.3	4.84	5.3	4.84					5	9.67																																					
SPK-0123976	CC(C)(N)[C@H](NC(=O)C1=CC=C(C=C1)C#CC#C[C@@H]1C[C@H]1CSSC[C@@H]1C[C@H]1C#CC#CC1=CC=C(C=C1)C(=O)N[C@H](C(=O)NO)C(C)(C)N)C(=O)NO	LpxC inhibitors	SPK-0123976-001	1	C000005207			5	10.4	5.6	3.25			5	10.4			5	10.4	5	10.4					5	10.4																																					
SPK-0123975	CC(C)(N)[C@H](NC(=O)C1=CC=C(C=C1)C#C[C@@H]1C[C@H]1CO)C(=O)NO	LpxC inhibitors	SPK-0123975-001	1	C000005203			4.9	11.6	4.6	23.2			4.6	23.2			4.6	23.2	4.6	23.2					4.6	23.2																																					
SPK-0123974	N[C@H](CC1=CC=C(OCC=C)C=C1)C(=O)NO	LpxC inhibitors	SPK-0123974-001	1	C000005086			3.6	271	3.6	271	3.6	271	3.6	271	5.1	8.46	3.6	271	3.6	271																																											
SPK-0123973	CN1CC(CC1=O)C#CC#CC1=CC=C(C=C1)C(=O)N[C@H](C(=O)NO)C(C)(C)N	LpxC inhibitors	SPK-0123973-001	1	C000005080			5.35	4.52	5	10.1	4.7	20.2	4.1	80.7	4.4	40.4	4.4	40.4	4.9	12.7					4.4	40.4	5	10.1															62	29																			
SPK-0123972	CC(C)(NCCO)[C@H](NC(=O)C1=CC=C(C=C1)C#CC#C[C@@H]1C[C@H]1CO)C(=O)NO	LpxC inhibitors	SPK-0123972-001	2	C000005060			5.9	1.21	6	1.0325	5.5	3.05	4.7	19.3	4.9	12.2	5.4	4.07	5.6	2.42					5	9.67	5.7	1.92															13	13				200	0.98														
SPK-0123971	[H][C@@]1(CC1C#CC#CC1=CC=C(C=C1)C(=O)N[C@H](C(=O)NO)C(C)(C)N)[C@@H](C)O	LpxC inhibitors	SPK-0123971-001	1	C000005026			6.3	0.517	6.1	0.846	5.6	2.61	4.4	41.7	5	10.4	5.6	2.61	5.6	2.61																																											
SPK-0123970	CN(C)C1(CCC1)[C@H](NC(=O)C1=CC=C(C=C1)C#CC#CC1C[C@@H]1CO)C(=O)NO	LpxC inhibitors	SPK-0123970-001	1	C000004935			5.9	1.22	6.35	0.458	6.05	0.9155	4.4	39.1	5.6	2.44	6.5	0.305	5.9	1.22									6.2	0.611	6.5	0.305																															
SPK-0123969	CCN1C=C(C=N1)C#CC#CC1=CC=C(C=C1)C(=O)N[C@H](C(=O)NO)C(C)(C)N(C)C	LpxC inhibitors	SPK-0123969-001	2	C000004901			6.2	0.593	6.65	0.221	6.5	0.3685	4.4	38	6.5	0.295	6.55	0.263	6.05	0.8915							6.2	0.593	6.2	0.593	6.8	0.142																															
SPK-0123968	CC(C)(NCCO)[C@H](NC(=O)C1=CC=C(C=C1)C#CC#CC1=CN(CCO)N=C1)C(=O)NO	LpxC inhibitors	SPK-0123968-001	1	C000004880			6.05	0.9875	5.6	3.08	5.25	9.905	4.5	35.3	5.4	4.41	5.1	8.82	4.8	17.6					4.8	17.6	5.4	4.41																																			
SPK-0123967	CC(C)(N)[C@H](NC(=O)C1=CC=C(C=C1)C#CC#CC1(O)CC=CC1)C(=O)NO	LpxC inhibitors	SPK-0123967-001	1	C000004850			5.9	1.31	5.55	2.78	5.15	11.81	4.4	41.9	4.4	41.9	4.8	14.8	6.2	0.655																																											
SPK-0123966	CC(C)(N)[C@H](NC(=O)C1=CC=C(C=C1)C#CC#CC1CC(=O)C1)C(=O)NO	LpxC inhibitors	SPK-0123966-001	3	C000004849			6.3	0.481	5.9	1.36	5.6	2.72	4.7	21.8	4.7	21.8	5.3	5.44	6.2	0.68							6.2	0.68	5.3	5.44	5.6	2.72																															
SPK-0123965	CCC(O)CN1C=C(C=N1)C#CC#CC1=CC=C(C=C1)C(=O)N[C@H](C(=O)NO)C(C)(C)N	LpxC inhibitors	SPK-0123965-001	1	C000004831			5.9	1.14	5.9	1.14	5.15	18.87	4.4	36.6	5.3	4.57	5.3	4.57	5	9.14																																											
SPK-0123964	CC(C)(O)CN1C=C(C=N1)C#CC#CC1=CC=C(C=C1)C(=O)N[C@H](C(=O)NO)C(C)(C)N	LpxC inhibitors	SPK-0123964-001	1	C000004827			5.9	1.14	5.75	1.715	5.15	10.295	4.4	36.6	5	9.14	5	9.14	4.4	36.6																																											
SPK-0123963	CN(C)C(C)(C)[C@H](NC(=O)C1=CC=C(C=C1)C#CC#CC1=CNN=C1)C(=O)NO	LpxC inhibitors	SPK-0123963-001	1	C000004747			6.3	0.504	6.6	0.3125	5.85	8.1105	4.4	40.7	6.3	0.504	6.4	0.4	5.9	1.27																																											
SPK-0123962	NC1(CCC1)[C@H](NC(=O)C1=CC=C(C=C1)C#CC#CC1CC1)C(=O)NO	LpxC inhibitors	SPK-0123962-001	1	C000004735			6.05	0.8035	7	0.1032	6.05	2.3455	4.3	45.5	5.75	1.605	6.35	0.495	7	0.1032																																											
SPK-0123961	CC(C)(N)[C@H](NC(=O)C1=CN=C(C=C1)C#CC#CC1CC1)C(=O)NO	LpxC inhibitors	SPK-0123961-001	1	C000004733			5.5	2.94	5.2	5.88	4.7	27.655	4.3	47	4.3	47	4.6	23.5	5.4	4.15																																											
SPK-0123960	CC(C)(N)[C@H](NC(=O)C1=CN=C(C=C1)C#C\\C=C(\\NO)C1CC1)C(=O)NO	LpxC inhibitors	SPK-0123960-001	1	C000004732			4.4	42.8	4.4	42.8	4.4	42.8	4.4	42.8	4.4	42.8	4.4	42.8	4.4	42.8																																											
SPK-0123959	CC(C)(NC1CC1)[C@H](NC(=O)C1=CC=C(C=C1)C#CC#CC1CC1)C(=O)NO	LpxC inhibitors	SPK-0123959-001	1	C000004724			5.9	1.32	6.95	0.11855	6.35	0.494	4.4	42.2	5.6	2.64	6.5	0.329	6.8	0.158																																											
SPK-0123958	CN(C)C(C)(C)[C@H](NC(=O)C1=CC=C(C=C1)C#CC#CC1CC1)C(=O)NO	LpxC inhibitors	SPK-0123958-001	1	C000004723			6.5	0.34	7.1	0.0816	6.7	0.1995	4.7	27.2	6.35	0.51	6.8	0.163	7.3	0.04925									6.8	0.163	7.1	0.0816																															
SPK-0123957	CN(CCO)C(C)(C)[C@H](NC(=O)C1=CC=C(C=C1)C#CC#CC1CC1)C(=O)NO	LpxC inhibitors	SPK-0123957-001	1	C000004721			5.6	2.52	6.65	0.2325	6.35	0.7055	4.4	40.3	5.3	5.03	5.9	1.26	6.2	0.629																																											
SPK-0123956	CN(C)C(C)(C)[C@H](NC(=O)C1=CC=C(C=C1)C#C\\C=C\\C1CC1)C(=O)NO	LpxC inhibitors	SPK-0123956-001	1	C000004692			6.3	0.537	6.95	0.1155	6.55	0.3165	4.4	43.3	6.7	0.207	6.5	0.338	6.9	0.131																																											
SPK-0123955	CC(C)(NCCO)[C@H](NC(=O)C1=CC=C(C=C1)C#CC#CC1CC1)C(=O)NO	LpxC inhibitors	SPK-0123955-001	1	C000004681			6.4	0.411	6.8	0.162	6.35	0.489	4.4	41.7	5.3	5.22	6	1.1	6.7	0.19					6.2	0.652	6.5	0.326	6.2	0.652	6.5	0.326	5.3	5.22	4.7	20.9	5.7	1.84	6.2	0.652	4.75	17.85																					
SPK-0123954	ONC(=O)[C@H](CNCC1=CC=CC=C1)NC(=O)C1=CC=C(C=C1)C#CC#CC1CC1	LpxC inhibitors	SPK-0123954-001	1	C000004648			4.7	19.9	5	9.96	4.85	22.44	4.4	39.9	4.4	39.9	5.3	4.98	5.5	3.52					4.7	19.9																																					
SPK-0123953	CC(C)(N)[C@H](NC(=O)C1=CC=C(C=C1)C#CC#CC1=CC=C(S1)S(=O)(=O)NS(C)(=O)=O)C(=O)NO	LpxC inhibitors	SPK-0123953-001	1	C000004625			4.5	29.7	4.5	29.7	4.5	29.7	4.5	29.7	4.5	29.7	4.5	29.7	4.5	29.7																																											
SPK-0123952	[H]C(C#CC1=CC=C(C=C1)C(=O)N[C@H](C(=O)NO)C(C)(C)N)=C(NO)C1=CC=C(S1)C(=O)NC1CC1	LpxC inhibitors	SPK-0123952-001	1	C000004624			4.5	32.2	4.5	32.2	4.5	32.2	4.5	32.2	4.5	32.2	4.5	32.2	4.5	32.2																																											
SPK-0123951	CC(C)(N)[C@H](NC(=O)C1=CC=C(C=C1)C#CC#CC1=CC=C(C=C1)C(=O)NC1CC1)C(=O)NO	LpxC inhibitors	SPK-0123951-001	1	C000004621			5.4	4.36	5.55	4.905	4.95	19.63	4.5	34.9	6	1.09	5.4	4.36	5.7	2.18																																											
SPK-0123950	CC(C)(N)[C@H](NC(=O)C1=CC=C(C=C1)C#CC#CC1=CC=C(C=C1)C(=O)N1CCC1)C(=O)NO	LpxC inhibitors	SPK-0123950-001	1	C000004614			5.7	2.18	6	1.09	5.55	8.9725	4.5	34.9	6	1.09	6	1.09			4.5	34.9																																									
SPK-0123949	CC(C)(N)[C@H](NC(=O)C1=CC=C(C=C1)C#CC#CC1=CC=C(C=C1)C(=O)N1CCOCC1)C(=O)NO	LpxC inhibitors	SPK-0123949-001	1	C000004613			5.85	1.535	5.85	1.535	5.4	8.71	4.5	32.8	5.7	2.05	5.7	2.05			4.5	32.8																																									
SPK-0123948	CC(C)(N)[C@H](NC(=O)C1=CC=C(C=C1)C#CC#CC1=CC=C(S1)S(=O)(=O)NC1=CC=CC=C1)C(=O)NO	LpxC inhibitors	SPK-0123948-001	1	C000004605			4.8	14.9	5.4	3.73	4.95	16.765	4.5	29.8	5.1	7.45	6.3	0.466	4.8	14.9	4.5	29.8			4.5	29.8	5.1	7.45					4.5	29.8	4.5	29.8	5.1	7.45	4.5	29.8	4.5	29.8																					
SPK-0123947	CC(C)(N)[C@H](NC(=O)C1=CC=C(C=C1)C#CC#CC1=CC=C(S1)S(=O)(=O)NC1=NC=CC=C1)C(=O)NO	LpxC inhibitors	SPK-0123947-001	1	C000004603			5.25	5.58	5.4	3.72	5.1	15.83	4.5	29.8	6	0.93	5.7	1.86			4.5	29.8																																									
SPK-0123946	CC(C)(N)[C@H](NC(=O)C1=CC=C(C=C1)C#CC#CC1=CC(=CC=C1)C(O)=O)C(=O)NO	LpxC inhibitors	SPK-0123946-001	1	C000004592			4.4	38.1	4.4	38.1	4.4	38.1	4.4	38.1	4.4	38.1	4.4	38.1			4.4	38.1																																									
SPK-0123945	CN(C)C(=O)C1=CC=CC(=C1)C#CC#CC1=CC=C(C=C1)C(=O)N[C@H](C(=O)NO)C(C)(C)N	LpxC inhibitors	SPK-0123945-001	1	C000004591			5.6	2.24	6	1.12	5	19.02	4.4	35.8	5	8.96	5.6	2.24			4.4	35.8																																									
SPK-0123944	CC(C)(N)[C@H](NC(=O)C1=CC=C(C=C1)C#CC#CC1=CC=C(NC(=O)[C@H](O)CO)C=C1)C(=O)NO	LpxC inhibitors	SPK-0123944-001	1	C000004588			5.4	4.18	5.1	10.44	4.65	25.05	4.5	33.4	6.3	0.522	5.4	4.18			4.5	33.4																																									
SPK-0123943	CN(C)C(=O)C1=CC=C(C=C1)C#CC#CC1=CC=C(C=C1)C(=O)N[C@H](C(=O)NO)C(C)(C)N	LpxC inhibitors	SPK-0123943-001	1	C000004587			6	1.12	6.15	0.84	5.5	5.04	4.4	35.8	6.15	0.84	6	1.12	5.6	2.24	4.1	71.7																																									
SPK-0123942	CC(C)(O)[C@@H](NC(=O)C1=CC=C(C=C1)C#CC1=CC=C(CN2CCOCC2)C=C1)C(=O)NO	LpxC inhibitors	SPK-0123942-001	1	C000004421			4.5	35.4	4.5	35.4	4.65	26.55	4.5	35.4	4.5	35.4	4.5	35.4			4.5	35.4																																									
SPK-0123941	CC(C)(N)[C@H](NC(=O)C1=CC=C(CCCCC2CC2)C=C1)C(=O)NO	LpxC inhibitors	SPK-0123941-001	1	C000004387			5.05	8.63	4.75	17.25	4.6	28.75	4.3	46	6.4	0.36	4.6	23			4.9	11.5																																									
SPK-0123940	CCCCNC(CC(=O)NO)C1=CC=C2NC(=NC2=C1)C1=CC=C(C=C1)S(C)(=O)=O	LpxC inhibitors	SPK-0123940-001	1	C000004385			3.5	297	3.5	297	3.5	297	3.5	297	3.5	297	3.5	297			3.5	297																																									
SPK-0123939	CNC(=O)N1C=C(\\C=C\\C#CC2=CC=C(C=C2)C(=O)N[C@H](C(=O)NO)C(C)(C)N)C=N1	LpxC inhibitors	SPK-0123939-001	1	C000004371			5.85	1.425	5.8	1.67	4.85	21.205	4.4	37.7	5.3	4.71	5.2	6.66			4.7	18.8																																									
SPK-0123938	CN(C)CCN1C=C(C=N1)C#CC#CC1=CC=C(C=C1)C(=O)N[C@H](C(=O)NO)C(C)(C)N	LpxC inhibitors	SPK-0123938-001	1	C000004365	8.82	0.0015	5.6	2.29	5.8	1.62	5.1	7.27	4.4	36.7	5.3	4.58	5.3	4.58			4.7	18.3																					23	27										4									
SPK-0123937	CC(C)(O)[C@H](NC(=O)C1=CC=C(C=C1)C#C\\C=C/C(F)(F)F)C(=O)NO	LpxC inhibitors	SPK-0123937-001	1	C000004362			4.55	32.4	4.4	43.2	4.4	43.2	4.4	43.2	5.6	2.7	4.4	43.2																																													
SPK-0123936	CC(C)(N)[C@H](NC(=O)C1=CC=C(C=C1)C#C\\C=C/C(F)(F)F)C(=O)NO	LpxC inhibitors	SPK-0123936-001	1	C000004361			5.75	2.03	4.55	32.5	4.4	43.3	4.4	43.3	5	10.8	4.4	43.3			4.4	43.3																																									
SPK-0123935	NC1(CCC1)C(NC(=O)C1=CC=C(C=C1)C#CC#CC1CC1)C(=O)NO	LpxC inhibitors	SPK-0123935-001	1	C000004356			6.2	0.607	7.1	0.0854	6.1	2.0955	4.3	45.5	6	1.01	6.5	0.349	6.4	0.356	4.3	45.5			5.2	5.69	6.1	0.711					6.8	0.171	6.1	0.711	6.8	0.171	6.4	0.356	4.6	22.8																					
SPK-0123934	CC(C)(N)[C@H](NC(=O)C1=CC=C(C=C1)C#C\\C=C\\CN1CC(F)(F)C1)C(=O)NO	LpxC inhibitors	SPK-0123934-001	1	C000004353			5.6	2.46	4.85	14.77	4.4	39.4	4.4	39.4	4.4	39.4	4.4	39.4			4.4	39.4																																									
SPK-0123933	CC(C)(N)[C@H](NC(=O)C1=CC=C(C=C1)C#C\\C(F)=C/C1CC1)C(=O)NO	LpxC inhibitors	SPK-0123933-001	1	C000004351			5.3	6.94	5.3	6.94	4.7	27.8	4.4	44.5	5.6	2.78	4.7	22.3			4.4	44.5																																									
SPK-0123932	CC(C)(N)[C@H](NC(=O)C1=CC=C(C=C1)C#C\\C=C\\C1=CN=CO1)C(=O)NO	LpxC inhibitors	SPK-0123932-001	1	C000004307			6.2	0.679	6.05	1.1245	5.45	4.495	4.4	43.4	5.1	8.62	5.2	6.84			4.4	43.4																																									
SPK-0123931	CC(C)OC\\C=C\\C#CC1=CC=C(C=C1)C(=O)N[C@H](C(=O)NO)C(C)(C)N	LpxC inhibitors	SPK-0123931-001	1	C000004301			5.9	1.34	5.9	1.34	5.15	12.04	4.4	42.8	5	10.7	4.4	42.8			4.4	42.8																																									
SPK-0123930	CC(C)(O)[C@H](NC(=O)C1=CC=C(C=C1)C#C\\C=C\\CN1CCC1)C(=O)NO	LpxC inhibitors	SPK-0123930-001	1	C000004296			4.4	43.1	4.4	43.1	4.4	43.1	4.4	43.1	4.4	43.1	4.4	43.1			4.4	43.1																																									
SPK-0123929	CNC(=O)NC(C)(C)[C@H](NC(=O)C1=CC=C(C=C1)C#CC#CC1CC1)C(=O)NO	LpxC inhibitors	SPK-0123929-001	1	C000004287			5.75	1.89	5.75	2.8355	5	12.62	4.4	40.4	4.4	40.4	5.3	5.04			4.4	40.4																																									
SPK-0123928	CCCC#C\\C=C/C#CC1=CC=C(C=C1)C(=O)NC(C(=O)NO)C(C)(C)N	LpxC inhibitors	SPK-0123928-001	1	C000004273			4.85	16.35	5.9	1.36	5	23.11	4.4	43.5	5.3	5.44	5.3	5.44			4.4	43.5																																									
SPK-0123927	CC(C)(N)[C@H](NC(=O)C1=CC=C(C=C1)C#C\\C=C(\\CF)NO)C(=O)NO	LpxC inhibitors	SPK-0123927-001	1	C000004240			4.4	43.9	4.4	43.9	4.4	43.9	4.4	43.9	4.4	43.9	4.4	43.9			4.4	43.9																																									
SPK-0123926	CCOCC#CC#CC1=CC=C(C=C1)C(=O)N[C@H](C(=O)NO)C(C)(C)O	LpxC inhibitors	SPK-0123926-001	1	C000004230			5.6	2.79	6.05	1.049	5.3	6.995	4.4	44.6	4.4	44.6	5	11.2			4.4	44.6																																									
SPK-0123925	CC(C)(N=C)[C@H](NC(=O)C1=CC=C(C=C1)C#CC#CC1CC1)C(=O)NO	LpxC inhibitors	SPK-0123925-001	1	C000004190			5.5	2.85	5.65	2.135	5.05	23.46	4.3	45.5	4.6	22.8	5.2	5.69			4.3	45.5																																									
SPK-0123924	CC(=O)NC(C)(C)[C@H](NC(=O)C1=CC=C(C=C1)C#CC#CC1CC1)C(=O)NO	LpxC inhibitors	SPK-0123924-001	1	C000004176			5.3	5.24	6.1	0.887	5.8	1.83	4.4	41.9	4.7	21	5.6	2.62	6.8	0.157	4.4	41.9	6.35	0.4915	5.6	2.62	5.6	2.62	5.6	2.62	5.9	1.31	5.3	5.24	5.6	2.62	6.8	0.157	4.7	21	4.7	21												2.3									
SPK-0123923	CC(C)(O)[C@H](NC(=O)C1=CC=C(C=C1)C#CC#CC=C1CCCC1)C(=O)NO	LpxC inhibitors	SPK-0123923-001	1	C000004174			5.3	5.26	6.5	0.4075	6.5	0.329	4.4	42.1	5	10.5	6.2	0.657			5	10.5																																									
SPK-0123922	CNC\\C(NO)=C\\C#CC1=CC=C(C=C1)C(=O)N[C@H](C(=O)NO)C(C)(C)O	LpxC inhibitors	SPK-0123922-001	1	C000004170			4.4	42.5	4.4	42.5	4.4	42.5	4.4	42.5	4.4	42.5	4.4	42.5			4.4	42.5																																									
SPK-0123921	CCCC#C\\C=C\\C1=CC=C(C=C1)C(=O)N[C@H](C(=O)NO)C(C)(C)O	LpxC inhibitors	SPK-0123921-001	1	C000004161			5.8	1.45	5.65	3.268	5.2	12.325	4.3	46.5	5.8	1.45	5.2	5.81			4.6	23.2																																									
SPK-0123920	CC(C)(O)[C@H](NC(=O)C1=CC=C(C=C1)C#CC#CC=C1CCOCC1)C(=O)NO	LpxC inhibitors	SPK-0123920-001	1	C000004160			6.05	0.9455	6.8	0.19535	6.35	0.7055	4.4	40.4	5.6	2.52	6.5	0.315			4.4	40.4																																									
SPK-0123919	CC(C)(N)[C@H](NC(=O)C1=CC=C(C=C1)C#CC#CCC1CCC1)C(=O)NO	LpxC inhibitors	SPK-0123919-001	2	C000004141			5.4	3.85	6.8	0.163	5.6	5.79	4.7	21.8	5.45	4.08	6.5	0.34			4.7	21.8					5.9	1.36															0.901	1.24	0.872	1.11																	
SPK-0123918	CC(C)(N)[C@H](NC(=O)C1=CC=C(C=C1)C#CC#CC1CC1(F)F)C(=O)NO	LpxC inhibitors	SPK-0123918-001	1	C000004107			6.5	0.333	6.6	0.231	5.9	2.8315	4.7	21.3	5.3	5.33	5.9	1.33	6.8	0.16	4.7	21.3					6.8	0.16															5.85	7.59	12.7	9.66																	
SPK-0123917	CC(C)(N)[C@H](NC(=O)C1=CC=C(C=C1)C#CC#CC=C1CCC1)C(=O)NO	LpxC inhibitors	SPK-0123917-001	1	C000004104			5.6	2.74	7.4	0.041	6.05	2.817	4.55	32.85	5.6	3.42	6.65	0.253			4.55	32.85																																									
SPK-0123916	CC(C)(N)[C@H](NC(=O)C1=CC=C(C=C1)C#CC#CC1=CN2C=CN=C2C=C1)C(=O)NO	LpxC inhibitors	SPK-0123916-001	1	C000004102			6.2	0.602	5.9	1.2	5.3	10.25	4.4	38.5	5	9.63	5.3	4.81			4.7	19.3																																									
SPK-0123915	CC(C)(N)[C@H](NC(=O)C1=CC=C(C=C1)C#CC#CC1=CC=C(C=C1)N1CCOCC1)C(=O)NO	LpxC inhibitors	SPK-0123915-001	1	C000004092			4.5	34.7	6.3	0.543	6.3	0.543	4.5	34.7	4.5	34.7	6.3	0.543			4.5	34.7																																									
SPK-0123914	CC(C)(N)[C@H](NC(=O)C1=CC=C(C=C1)C#CC#CC1=CC2=C(NN=C2)C=C1)C(=O)NO	LpxC inhibitors	SPK-0123914-001	1	C000004090			6.1	0.851	6.95	0.1081	5.6	19.322	4.4	38.5	5.9	1.2	6.7	0.208	6.5	0.301	4.4	38.5	7.4	0.0361	4.7	19.3	6.2	0.602					4.7	19.3	4.7	19.3	6.5	0.301	4.7	19.3	4.7	19.3																					
SPK-0123912	CC(C)(N)[C@H](NC(=O)C1=CC=C(C=C1)C#CC#CC1=CN=C(N)S1)C(=O)NO	LpxC inhibitors	SPK-0123912-001	1	C000004081			6.45	0.3755	6.2	0.629	5.9	1.26	4.7	20.1	5.4	3.56	5.6	2.52	6.2	0.629	4.55	30.2	6.5	0.315	4.7	20.1	6.2	0.629	5.9	1.26	6.2	0.629	5	10.1	4.7	20.1	6.05	0.9445	5	10.1	4.7	20.1																					
SPK-0123910	CC(C)C#C\\C=C\\C1=CC=C(C=C1)C(=O)N[C@H](C(=O)NO)C(C)(C)N	LpxC inhibitors	SPK-0123910-001	1	C000004046			5.8	1.46	5.6	2.485	5.3	5.57	4.6	23.3	5.5	2.91	5.1	8.23	6.8	0.175	4.3	46.6	6.1	0.728	6.1	0.728	5.8	1.46	5.2	5.82	5.5	2.91	5.8	1.46	4.9	11.6	6.4	0.364	5.8	1.46	4.75	17.45																					
SPK-0123909	CC(C)CC#CC#CC1=CC=C(C=C1)C(=O)N[C@H](C(=O)NO)C(C)(C)N	LpxC inhibitors	SPK-0123909-001	1	C000004025			5.75	2.11	6.35	0.5275	5.7	5.826	4.9	11.3	5.2	5.63	6.2	0.703			4.6	22.5																																									
SPK-0123908	CC(C)\\C=C\\C#CC1=CC=C(C=C1)C(=O)N[C@H](C(=O)NO)C(C)(C)N	LpxC inhibitors	SPK-0123908-001	1	C000004001			5.8	1.46	6.05	0.9875	5.9	1.245	4.3	46.6	5.5	2.91	5.5	2.91	6.4	0.364	4.3	46.6	6.1	0.728	5.8	1.46			5.8	1.46	5.5	3.64	5.8	1.46	5.2	5.82	6.8	0.175	5.8	1.46	4.9	11.6																					
SPK-0123907	CC(C)(O)[C@H](NC(=O)C1=CC=C(C=C1)C#CC#CC1=CC=CS1)C(=O)NO	LpxC inhibitors	SPK-0123907-001	1	C000003999			5.85	1.56	6.7	0.23	6.3	0.749	4.4	41.8	5.7	2.08	6.6	0.272	7.1	0.0784	5	10.5	7.1	0.0784	5.3	5.23			6.5	0.327	6.8	0.157	4.7	20.9	4.7	20.9	7.7	0.0209	4.7	20.9	4.85	15.7																					
SPK-0123906	CC(C)(N)[C@H](NC(=O)C1=CC=C(C=C1)C#CC#CC1=CC=C(O)C=C1)C(=O)NO	LpxC inhibitors	SPK-0123906-001	1	C000003998			6.2	0.639	6.9	0.1866	6.6	0.27	4.4	40.9	6.2	0.639	6.7	0.221	6.5	0.319	4.4	40.9	7.25	0.05745	5.6	2.55			6.5	0.319	6.65	0.236	5.3	5.11	5	10.2	6.8	0.153	5.6	2.55	4.7	20.4																					
SPK-0123905	CC(C)(N)[C@H](NC(=O)C1=CC=C(C=C1)C#CC#CC1CCC1)C(=O)NO	LpxC inhibitors	SPK-0123905-001	1	C000003997			6.05	0.9135	6.85	0.145	6.65	0.263	4.6	22.6	5.7	1.83	6.5	0.352	7.1	0.0849	4.45	33.95	7.4	0.0424	6.8	0.17			6.8	0.17	6.65	0.262	6.5	0.354	6.2	0.707	7.6	0.0226	6.5	0.354	5.35	4.245	1.87		2.17	2.71																	
SPK-0123904	C[C@@H](N)[C@H](NC(=O)C1=CC=C(C=C1)C#CC#CC1=CC=C(CNCC(F)F)C=C1)C(=O)NO	LpxC inhibitors	SPK-0123904-001	1	C000003977			5.7	2.2	6.3	0.6875	5.7	8.9375	4.5	35.2	5.4	4.4	6	1.1			4.5	35.2																																									
SPK-0123903	C[C@@H](N)[C@H](NC(=O)C1=CC=C(C=C1)C#CC#CC1=CN(C)N=C1)C(=O)NO	LpxC inhibitors	SPK-0123903-001	1	C000003967			6.25	0.6135	5.75	1.945	5.3	5.47	4.4	43.8	4.9	13.8	5	10.9			4.4	43.8	5	10.9																																							
SPK-0123902	C[C@@H](O)[C@H](NC(=O)C1=CC=C(C=C1)C#C\\C=C\\C1=CC=NC=C1)C(=O)NO	LpxC inhibitors	SPK-0123902-001	1	C000003952			4.7	21.9	5.45	4.105	5.3	5.47	4.4	43.8	4.4	43.8	4.4	43.8			4.4	43.8	4.4	43.8																																							
SPK-0123901	CC(C)(N)[C@@H](NC(=O)C1=CC=C(C=C1)C#CC#CC1CC1)C(=O)NO	LpxC inhibitors	SPK-0123901-001	1	C000003934			4.6	23.6	5.2	5.89	4.9	11.8	4.3	47.1	4.3	47.1	4.8	16.7	4.6	23.6	4.3	47.1	4.6	23.6	4.6	23.6																																					
SPK-0123900	CC(C)(N)C(NC(=O)C1=CC=C(C=C1)C#CC#CC1CC1)C(=O)NO	LpxC inhibitors	SPK-0123900-001	1	C000003908			5.9	1.17	6.45	0.3225	6.1	0.737	4.3	47.1	5.3	4.68	5.9	1.24	6.8	0.177	4.3	47.1	6.6	0.2725	5.8	1.47	6.1	0.737	6.1	0.737	6.1	0.737	6.1	0.737	5.8	1.47	7.1	0.0884	6.1	0.737	4.75	17.7	4.7		4.66	6.98																	
SPK-0123899	C[C@@H](N)[C@H](NC(=O)C1=CC=C(C=C1)C#CC#CC1CCC1)C(=O)NO	LpxC inhibitors	SPK-0123899-001	1	C000003906			5.7	1.86	6.3	0.458	6.1	0.737	4.3	47.1	5.1	8.33	5.5	3.5	6.8	0.177	4.3	47.1	6.1	0.737	5.8	1.47	6.1	0.737	5.8	1.47	5.8	1.8435	5.5	2.95	5.2	5.89	7.1	0.0884	5.5	2.95	4.6	29.45																					
SPK-0123898	CCOCC1=CC=C(C=C1)C#CC#CC1=CC=C(C=C1)C(=O)N[C@H](C(=O)NO)C(C)(C)O	LpxC inhibitors	SPK-0123898-001	1	C000003892			5.35	4.88	6.45	0.387	6.4	0.407	4.4	36.8	5.5	3.25	6.5	0.288			4.7	18.4	5.6	2.3																																							
SPK-0123897	CCOCC1=CC=C(C=C1)C#CC#CC1=CC=C(C=C1)C(=O)N[C@@H]([C@@H](C)O)C(=O)NO	LpxC inhibitors	SPK-0123897-001	1	C000003891			5.5	4.205	6.95	0.10865	7	0.101	4.4	38.1	4.9	13.5	6.5	0.297			4.4	38.1	6.1	0.841																																							
SPK-0123896	C[C@@H](O)[C@H](NC(=O)C1=CC=C(\\C=C\\C#CC2=CC=CN=C2)C=C1)C(=O)NO	LpxC inhibitors	SPK-0123896-001	1	C000003889			5.3	5.47	5.3	6.82	4.7	21.9	4.4	43.8	4.7	21.9	4.4	43.8			4.4	43.8	4.4	43.8																																							
SPK-0123895	C[C@@H](O)[C@H](NC(=O)C1=CC=C(\\C=C\\C#CC2=CC=C(F)C=C2)C=C1)C(=O)NO	LpxC inhibitors	SPK-0123895-001	1	C000003886			5.3	5.23	5.9	1.31	5.9	1.31	4.4	41.8	5	10.5	5.3	5.23			4.4	41.8	5.3	5.23																																							
SPK-0123894	C[C@@H](O)[C@H](NC(=O)C1=CC=C(C=C1)C#CC#CC1=CC(F)=CC=C1)C(=O)NO	LpxC inhibitors	SPK-0123894-001	1	C000003883			5.45	3.945	6.55	0.275	6.5	0.322	4.4	42.1	4.7	21	5.9	1.31			4.4	42.1	5.6	2.63																																							
SPK-0123893	CC(C)(O)[C@H](NC(=O)C1=CC=C(C=C1)C#CC1=CC=CC=C1)C(=O)NO	LpxC inhibitors	SPK-0123893-001	1	C000003872			5.7	1.79	6	0.9915	5.8	1.7745	4.3	45.4	6.2	0.563	5.4	4.01	6.5	0.355	4.3	45.4	6.1	0.709	5.5	2.84	5.5	2.84	5.5	2.84	5.8	1.7745	6.5	0.355	5.5	2.84	6.8	0.17	6.5	0.355	4.45	34.05	14.8	8.09	12.9																		
SPK-0123892	C[C@@H](O)[C@H](NC(=O)C1=CC=C(C=C1)C#CC1=CC=NC=C1)C(=O)NO	LpxC inhibitors	SPK-0123892-001	1	C000003869			4.6	23.6	4.3	47.1	4.3	47.1	4.3	47.1	4	94.3	4.3	47.1			4.3	47.1	4.3	47.1																																							
SPK-0123891	C[C@@H](O)[C@H](NC(=O)C1=CC=C(C=C1)C#CC#CC1=CC=C(CO)C=C1)C(=O)NO	LpxC inhibitors	SPK-0123891-001	1	C000003854			5.9	1.27	6.6	0.277	6.4	0.401	4.4	40.8	5.4	4.04	6.1	0.803			4.4	40.8	6	1.01																																							
SPK-0123890	CN1C=NC=C1C#CC#CC1=CC=C(C=C1)C(=O)N[C@H](C(=O)NO)C(C)(C)O	LpxC inhibitors	SPK-0123890-001	1	C000003840			5.45	3.945	5.6	3.285	5.3	5.26	4.4	42.1	5	10.5	5	10.5			4.4	42.1	4.7	21																																							
SPK-0123889	C[C@@H](N)[C@H](NC(=O)C1=CC=C(\\C=C\\C#CC2=CC=CN=C2)C=C1)C(=O)NO	LpxC inhibitors	SPK-0123889-001	1	C000003837			6.2	0.686	5.3	5.49	4.7	22	4.4	43.9	5	11	4.4	43.9			4.4	43.9	4.7	22																																							
SPK-0123888	C[C@H](NC(=O)CNC1CC1)[C@H](NC(=O)C1=CC=C(C=C1)C#CC1=CC=CC=C1)C(=O)NO	LpxC inhibitors	SPK-0123888-001	1	C000003805			5.45	3.45	5.75	1.725	5.6	2.3	4.4	36.8	5.6	2.3	4.4	36.8			4.4	36.8	4.4	36.8																																							
SPK-0123887	C[C@@H](N)[C@H](NC(=O)C1=CC=C(C=C1)C#CC#CC1=CN=CN1C)C(=O)NO	LpxC inhibitors	SPK-0123887-001	1	C000003804			5.9	1.37	5.3	6.82	5	10.9	4.4	43.8	4.4	43.8	4.7	21.9			4.4	43.8	4.7	21.9																																							
SPK-0123886	C[C@@H](O)[C@H](NC(=O)C1=CC=C(C=C1)C#CC1=CC=C(N=C1)C(F)(F)F)C(=O)NO	LpxC inhibitors	SPK-0123886-001	1	C000003800			4.7	24.56	4.7	19.6	4.4	39.3	4.4	39.3	4.4	39.3	4.4	39.3			4.4	39.3	4.4	39.3																																							
SPK-0123885	C[C@@H](O)[C@H](NC(=O)C1=CC=C(C=C1)C#CC#CC1=CC=C(CNC2CC2)C=C1)C(=O)NO	LpxC inhibitors	SPK-0123885-001	1	C000003795			5.7	1.98	6.5	0.29	6.9	0.139	4.4	37.1	4.7	18.5	6.1	0.819			4.4	37.1	6.1	0.819																																							
SPK-0123884	C[C@@H](O)[C@H](NC(=O)C1=CC=C(CCC2=CC=C(CN3CCOCC3)C=C2)C=C1)C(=O)NO	LpxC inhibitors	SPK-0123884-001	1	C000003787			4.7	18.1	4.55	27.15	4.4	36.2	4.4	36.2	4.4	36.2	4.4	36.2			4.4	36.2	4.4	36.2																																							
SPK-0123883	CC(C)(N)C(NC(=O)C1=CC=C(C=C1)C#CC1=CC=C(CN2CCOCC2)C=C1)C(=O)NO	LpxC inhibitors	SPK-0123883-001	1	C000003780			6	1.11	6.45	0.416	6.3	0.555	3.8	142	5.4	4.44	5.7	2.22			3.8	142	5.7	2.22																																							
SPK-0123882	C[C@@H](O)[C@H](NC(=O)C1=CC=C(C=C(F)C#CC2=CC=C(CN3CCOCC3)C=C2)C=C1)C(=O)NO	LpxC inhibitors	SPK-0123882-001	1	C000003778			5.25	6.23	6.3	0.65	6.6	0.26	3.9	133	5.1	8.31	6	1.04			3.9	133	5.7	2.08																																							
SPK-0123881	C[C@@H](N)[C@H](NC(=O)C1=CC=C(C=C1)C#CC#CC1=CC=C(OC(F)(F)F)C=C1)C(=O)NO	LpxC inhibitors	SPK-0123881-001	1	C000003767			4.55	26.95	5.3	4.49	4.7	18	4.4	35.9	4.4	35.9	5.3	4.49			4.1	71.8	5	8.98																																							
SPK-0123880	C[C@@H](N)[C@H](NC(=O)C1=CC=C(C=C1)C#CC#CC1=CC(F)=CC=C1)C(=O)NO	LpxC inhibitors	SPK-0123880-001	1	C000003745			5.65	2.25	6.4	0.3975	6	0.932	4.5	29.8	5	10.5	5.6	2.64			4.2	59.6	5.6	2.64																																							
SPK-0123879	CC(=O)NC[C@H](NC(=O)C1=CC=C(C=C1)C#C\\C=C\\C1=CC=C(CN2CCOCC2)C=C1)C(=O)NO	LpxC inhibitors	SPK-0123879-001	1	C000002772			5.4	4.08	6.15	0.765	6	1.02	3.9	130	4.5	32.6	5.4	4.08			3.9	130	6.3	0.51																																							
SPK-0123878	C[C@H](O)[C@H](NC(=O)C1=CC=C(C=C1)C#C\\C=C\\C1=CC=C(CN2CCOCC2)C=C1)C(=O)NO	LpxC inhibitors	SPK-0123878-001	1	C000002770			5.4	4.31	6	1.3495	6	1.08	4.2	69	5.1	8.63	5.7	2.16			4.2	69	5.7	2.16																																							
SPK-0123877	C[C@@H](N)[C@H](NC(=O)C1=CC=C(C=C1)C#CC1=CC=C(CN2CCC(F)(F)C2)C=C1)C(=O)NO	LpxC inhibitors	SPK-0123877-001	1	C000002767			5.4	4.38	5.85	1.645	6	1.1	4.2	70.1	5.1	8.76	5.4	4.38			4.2	70.1	5.7	2.19																																							
SPK-0123876	NC[C@H](NC(=O)C1=CC=C(C=C1)C#CC1=CC=C(CNC(=O)CN)C=C1)C(=O)NO	LpxC inhibitors	SPK-0123876-001	1	C000002761			4.85	14.635	4.1	78.2	4.1	78.2	4.1	78.2	4.1	78.2	4.1	78.2			4.1	78.2	4.1	78.2																																							
SPK-0123875	NC[C@H](NC(=O)C1=CC=C(C=C1)C#CC1=CC=C(CNC(=O)[C@@H](N)CCCNC(N)=N)C=C1)C(=O)NO	LpxC inhibitors	SPK-0123875-001	1	C000002759			4.65	23.6	3.9	126	3.9	126	3.9	126	3.9	126	3.9	126			3.9	126	4.2	62.9																																							
SPK-0123874	NC1CCN(CC(=O)NC[C@H](NC(=O)C2=CC=C(C=C2)C#CC2=CC=C(CN3CCOCC3)C=C2)C(=O)NO)C1	LpxC inhibitors	SPK-0123874-001	1	C000002751			4.65	21.9	4.35	43.75	4.2	58.3	4.2	58.3	4.2	58.3	4.2	58.3			4.2	58.3	4.5	29.2																																							
SPK-0123873	ONC(=O)[C@@H](NC(=O)C1=CC=C(\\C=C\\C#CC2=CC=C(CN3CCOCC3)C=C2)C=C1)C1CCS(=O)(=O)CC1	LpxC inhibitors	SPK-0123873-001	1	C000002740			5.1	7.25	5.4	4.53	5.55	2.72	3.9	116	4.2	58	4.5	29			3.9	116	5.7	1.81																																							
SPK-0123872	ONC(=O)[C@H](CNC(=O)CN1CCC1)NC(=O)C1=CC=C(C=C1)C#CC1=CC=C(CN2CCOCC2)C=C1	LpxC inhibitors	SPK-0123872-001	1	C000002734			5.1	7.7	4.95	11.55	4.8	15.4	3.9	123	3.9	123	3.9	123			3.9	123	4.8	15.4																																							
SPK-0123871	C[C@@H](O)[C@H](NC(=O)C1=CC=C(C=C1)C#CC1=CC=CC=C1)C(=O)NO	LpxC inhibitors	SPK-0123871-001	1	C000002710			5.5	2.96	5.65	2.22	5.35	4.435	4	118.15	5.2	5.91	4.75	17.7			4	118.15	5.05	8.855																																							
SPK-0123869	[H][C@](C)(O)[C@]([H])(NC(=O)C1=CC=C(C=C1)C#CC1=CC=C(NC(=O)CN)C=C1)C(=O)NO	LpxC inhibitors	SPK-0123869-001	1	C000002688			5.3	4.87	4.7	24.375	4.4	39	4.1	78	4.1	78	4.1	78			4.1	78	4.7	19.5																																							
SPK-0123867	CCC1=CC=C(C=C1)C#CC1=CC=C(C=C1)C(=O)N[C@@H](CN)C(=O)NO	LpxC inhibitors	SPK-0123867-001	1	C000002682			4.6	22.8	5.2	5.69	4.9	11.4	4.6	22.8	4.6	22.8	4.6	22.8			4.6	22.8	5.2	5.69																																							
SPK-0123866	[H][C@](C)(O)[C@]([H])(NC(=O)C1=CC=C(C=C1)C#CC1=C(C)C=CC=C1)C(=O)NO	LpxC inhibitors	SPK-0123866-001	1	C000002680			4.75	17.05	4.9	11.4	4.9	11.4	3.7	182	4.9	11.4	4.3	45.4			3.7	182	5.2	5.68																																							
SPK-0123865	COC1=CC=CC=C1CNCC(=O)NC[C@H](NC(=O)C1=CC=C(C=C1)C#CC1=CC=CC=C1)C(=O)NO	LpxC inhibitors	SPK-0123865-001	1	C000002669			4.8	16	4.95	11.995	4.8	16	4.2	63.9	4.8	16	4.2	63.9			4.2	63.9	5.1	7.99																																							
SPK-0123864	[H][C@](C)(O)[C@]([H])(NC(=O)C1=CC=C(C=C1)C1=CC=C(OC)C=C1)C(=O)NO	LpxC inhibitors	SPK-0123864-001	1	C000002661			4.9	11.6	4.6	23.2	4.6	23.2	4.6	23.2	4.6	23.2	4.6	23.2			4.6	23.2	4.6	23.2																																							
SPK-0123863	C[C@H](O)[C@H](NC(=O)C1=CC=C(OC(F)(F)F)C(Cl)=C1)C(=O)NO	LpxC inhibitors	SPK-0123863-001	1	C000002660			3.7	179	3.7	179	3.7	179	3.7	179	3.4	359	3.7	179			3.7	179	3.7	179																																							
SPK-0123862	CS(=O)(=O)NC[C@H](NC(=O)C1=CC=C(C=C1)C#CC1=CC=C(CN2CCOCC2)C=C1)C(=O)NO	LpxC inhibitors	SPK-0123862-001	1	C000002639			4.35	47.95	4.95	11.995	5.1	7.99	3.9	128	3.9	128	3.9	128			3.9	128	4.5	32																																							
SPK-0123861	NCC(=O)NC[C@H](NC(=O)C1=CC=C(C=C1)C#CC1=CC=C(CN2CCOCC2)C=C1)C(=O)NO	LpxC inhibitors	SPK-0123861-001	1	C000002635			4.8	16.7	4.35	50.05	4.5	33.4	3.9	133	3.9	133	3.9	133			3.9	133	4.5	33.4																																							
SPK-0123860	NC[C@H](NC(=O)C1=CC=C(C=C1)C#CC1=CC=C(N)C=C1)C(=O)NO	LpxC inhibitors	SPK-0123860-001	2	C000002630			4.9	11.8	4.3	47.3	4	118.15	3.85	141.8	3.85	141.8	3.85	141.8			3.85	141.8	3.85	141.8																																							
SPK-0123859	[H]\\C(C#CC1=CC=C(C=C1)C(=O)N[C@@H]([C@@H](C)O)C(=O)NO)=C(/[H])C1=CC=C(CN2CCOCC2)C=C1	LpxC inhibitors	SPK-0123859-001	1	C000002611			4.2	86.25	5.1	10.805	5.1	8.63	3.9	138	3.9	138	4.8	17.3			3.9	138	4.8	17.3																																							
SPK-0123858	C[C@@H](N)[C@H](NC(=O)C1=CC=C(C=C1)C#CC1=CC=C(CN2CCC3(CC2)OCCO3)C=C1)C(=O)NO	LpxC inhibitors	SPK-0123858-001	1	C000002604			6	1.02	5.85	1.525	5.7	2.03	4.05	97.5	5.1	8.12	5.35	4.59	4.2	65	3.9	130	6	1.02	3.9	130	5.4	4.06	5.4	5.075																																	
SPK-0123857	NC[C@H](NC(=O)C1=CC=C(C=C1)C#CC1=CC=C(C=C1)S(=O)(=O)N1CCC(F)(F)CC1)C(=O)NO	LpxC inhibitors	SPK-0123857-001	1	C000002597			4.2	63.2	4.95	11.85	4.8	15.8	3.9	126	3.9	126	3.9	126			3.9	126	4.2	63.2																																							
SPK-0123856	CS(=O)CC[C@H](NC(=O)C1=CC=C(C=C1)C#CC1=CC=C(CN2CCOCC2)C=C1)C(=O)NO	LpxC inhibitors	SPK-0123856-001	1	C000002579			5.1	10.32	5.25	6.205	5.4	4.14	3.9	132	3.9	132							5.7	2.07																																							
SPK-0123855	CC(CC(NC(=O)C1=CC=C(C=C1)C#CC1=CC=C(CN2CCOCC2)C=C1)C(=O)NO)C(F)(F)F	LpxC inhibitors	SPK-0123855-001	1	C000002569			4.15	67.4	4.85	13.55	4.9	11.2	3.9	127	3.9	127							4.9	11.2																																							
SPK-0123854	CC(C)NCC1=CC=C(C=C1)C#CC1=CC=C(C=C1)C(=O)N[C@@H](CN)C(=O)NO	LpxC inhibitors	SPK-0123854-001	1	C000002557			4.4	40.6	3.95	121.55	4.1	81.1	3.8	162	3.8	162							3.8	162																																							
SPK-0123853	ONC(=O)[C@H](CC1CCCCC1)NC(=O)C1=CC=C(C=C1)C#CC1=CC=C(CN2CCOCC2)C=C1	LpxC inhibitors	SPK-0123853-001	1	C000002543			3.9	131	4.65	24.5	4.8	16.3	3.9	131	3.9	131							4.5	32.7																																							
SPK-0123852	C[C@@H](N)[C@H](NC(=O)C1=CC=C(C=C1)C#CC1=CC(F)=C(CN2CCOCC2)C=C1)C(=O)NO	LpxC inhibitors	SPK-0123852-001	1	C000002532			5.85	1.53	5.85	1.65	6	1.1	3.9	141	4.8	17.6	5.4	4.4	5.1	8.8	3.9	141	6.3	0.55	3.9	141	5.65	2.62	5.5	3.89																																	
SPK-0123851	NC[C@H](NC(=O)C1=CC=C(C=C1)C#CC1=CC=C(CN2CCC3(CC2)OCCO3)C(F)=C1)C(=O)NO	LpxC inhibitors	SPK-0123851-001	1	C000002511			5.7	2.01	5.4	5.035	5.4	4.03	3.9	129	4.5	32.2	4.8	16.1	4.2	64.4	3.9	129	5.4	4.03	3.9	129	4.9	11.4	4.95	18.115																																	
SPK-0123850	CS(=O)(=O)N1CCN(CC2=CC=C(C=C2F)C#CC2=CC=C(C=C2)C(=O)N[C@@H](CN)C(=O)NO)CC1	LpxC inhibitors	SPK-0123850-001	1	C000002491			5.25	5.795	5.1	7.73	5.4	3.86	3.9	124	4.65	23.2							5.1	7.73																																							
SPK-0123849	C[C@@H](O)[C@H](NC(=O)C1=CC=C(C=C1)C1=CC=C(CN2CCOCC2)C=C1)C(=O)NO	LpxC inhibitors	SPK-0123849-001	1	C000002454			3.8	155	4.1	77.4	3.8	155	3.8	155	3.8	155							3.8	155																																							
SPK-0123848	C[C@@H](O)[C@H](NC(=O)C1=CC=C(C=C1)N1CCN(CC1)C1=CC=C(CN2CCOCC2)C=C1)C(=O)NO	LpxC inhibitors	SPK-0123848-001	1	C000002443			4.5	32.2	3.9	129	3.9	129	3.9	129	3.9	129							3.9	129																																							
SPK-0123847	C[C@@H](O)[C@H](N(C)C(=O)C1=CC=C(C=C1)C#CC1=CC=C(CN2CCOCC2)C=C1)C(=O)NO	LpxC inhibitors	SPK-0123847-001	1	C000002441			3.8	142	3.8	142	3.8	142	3.8	142	3.8	142							3.8	142																																							
SPK-0123846	NC[C@H](NC(=O)C1=CC=C(C=C1)C#CC1=CC=C(CO)C=C1)C(=O)NO	LpxC inhibitors	SPK-0123846-001	1	C000002433			5.6	2.415	4.7	19.3	4.5	32	3.7	181	3.95	122.5							4.6	22.6																																							
SPK-0123845	ONC(=O)[C@@H](CC(O)=O)NC(=O)C1=CC=C(C=C1)C#CC1=CC=C(CN2CCOCC2)C=C1	LpxC inhibitors	SPK-0123845-001	1	C000002399			3.8	142	3.8	142	3.8	142	3.8	142	3.65	213							3.8	142																																							
SPK-0123844	NC[C@H](NC(=O)C1=CC=C(C=C1)C#CC1=CC=C(CN2CCSCC2)C=C1)C(=O)NO	LpxC inhibitors	SPK-0123844-001	1	C000002376			5	9.12	5.7	1.945	5	9.12	3.8	146	4.3	51.6							5.2	6.45																																							
SPK-0123843	NC[C@H](NC(=O)C1=CC=C(C=C1)C#CC1=CC=C(CNC2CC2)C=C1)C(=O)NO	LpxC inhibitors	SPK-0123843-001	1	C000002375			5.3	5.1	5	10.2	5	10.2	3.8	163	3.8	163							4.7	20.4																																							
SPK-0123842	C[C@@H](O)[C@H](NC(=O)C1=CC=C(C=C1)C#CC1=CC=C(CN2CCOCC2)C=C1O)C(=O)NO	LpxC inhibitors	SPK-0123842-001	1	C000002336			4.2	70.6	4.95	13.21	4.5	35.3	3.9	141	3.9	141							4.8	17.6																																							
SPK-0123841	C[C@@H](O)[C@H](NC(=O)C1=CC=C(NCC2=CC=C(CN3CCOCC3)C=C2)C=C1)C(=O)NO	LpxC inhibitors	SPK-0123841-001	1	C000002285			3.8	145	3.8	145	3.8	145	3.8	145	3.8	145							3.8	145																																							
SPK-0123840	C[C@@H](O)[C@H](NC(=O)C1=CC=C(CN(C)C2=CC=C(CN3CCOCC3)C=C2)C=C1)C(=O)NO	LpxC inhibitors	SPK-0123840-001	1	C000002282			3.9	140	3.9	140	3.9	140	3.9	140	3.9	140							3.9	140																																							
SPK-0123839	C[C@@H](O)[C@H](NC(=O)C1=CC=C(C=C1)C#CC1=CC=C(CN2CCC(CO)CC2)C=C1)C(=O)NO	LpxC inhibitors	SPK-0123839-001	1	C000002206			5.4	4.3	5.1	8.59	4.9	12.2	4.2	68.7	4.2	68.7							5.4	4.3																																							
SPK-0123838	C[C@@H](O)[C@H](NC(=O)C1=CC=C(C=C1)C#CC1=NC=C(CN2CCOCC2)C=C1)C(=O)NO	LpxC inhibitors	SPK-0123838-001	1	C000002203			4.1	73	4.1	73	4.1	73	3.8	146	3.8	146							4.7	22.81																																							
SPK-0123837	CNC(=O)C1CCN(CC2=CC=C(C=C2)C#CC2=CC=C(C=C2)C(=O)N[C@@H]([C@@H](C)O)C(=O)NO)CC1	LpxC inhibitors	SPK-0123837-001	1	C000002160			5.1	8.12	5.1	8.12			3.9	130	4.2	65							6	2.157					6.6	0.254																																	
SPK-0123836	C[C@@H](O)[C@H](NC(=O)C1=CC=C(C=C1)C#CC1=CC=C(CN2CCCC(C2)C(F)(F)F)C=C1)C(=O)NO	LpxC inhibitors	SPK-0123836-001	1	C000002153			4.5	31.8	5.6	2.57	6	0.993	3.9	127	4.55	30							6.3	0.497					6.9	0.119																																	
SPK-0123835	COC(=O)C1CCCCN1CC1=CC=C(C=C1)C#CC1=CC=C(C=C1)C(=O)N[C@@H]([C@@H](C)O)C(=O)NO	LpxC inhibitors	SPK-0123835-001	1	C000002149			4.65	24.3	4.65	24.3			3.9	130	4.05	97.4							6.15	2.086					6.9	0.122																																	
SPK-0123834	C[C@@H](O)[C@H](NC(=O)C1=C(F)C=C(C=C1)C#CC1=CC=C(CN2CCOCC2)C=C1)C(=O)NO	LpxC inhibitors	SPK-0123834-001	2	C000002089			4.8	17.6	5.8	1.55	5.55	3.295	3.9	141	4.5	35.1					3.9	141	5.8	1.74					5.1	8.78	5.1	8.78																															
SPK-0123833	C[C@H](O)[C@@H](NC(=O)C1=CC=C(C=C1)C#CC1=CC=C(CN2CCC(C2)N(C)C)C=C1)C(=O)NO	LpxC inhibitors	SPK-0123833-001	1	C000002001			3.9	138	3.75	207			3.9	138			3.9	138	3.9	138	3.9	138	3.9	138	3.9	138			3.9	138																																	
SPK-0123832	C[C@H](O)[C@@H](NC(=O)C1=CC=C(C=C1)C#CC1=CC=C(CN2CCC(O)C2)C=C1)C(=O)NO	LpxC inhibitors	SPK-0123832-001	1	C000002000			3.8	146	3.8	146			3.8	146			3.5	293	3.8	146	3.8	146	3.8	146	3.8	146			3.8	146																																	
SPK-0123831	C[C@H](O)[C@@H](NC(=O)C1=CC=C(C=C1)C#CC1=CC=C(CN(C)CCO)C=C1)C(=O)NO	LpxC inhibitors	SPK-0123831-001	1	C000001994			3.8	150	3.8	150			3.8	150			3.8	150	3.8	150	3.8	150	3.8	150	3.8	150			3.8	150																																	
SPK-0123830	C[C@H](O)[C@@H](NC(=O)C1=CC=C(C=C1)C#CC1=CC=C(CN2CCCC2)C=C1)C(=O)NO	LpxC inhibitors	SPK-0123830-001	1	C000001990			3.8	152	3.8	152			3.8	152			3.8	152	3.8	152	3.8	152	3.8	152	3.8	152			3.8	152																																	
SPK-0123829	OC[C@@H](NS(=O)(=O)C1=CC=C(C=C1)C#CC1=CC=C(CN2CCOCC2)C=C1)C(=O)NO	LpxC inhibitors	SPK-0123829-001	1	C000001984			3.9	139	3.9	139			3.9	139			3.9	139	3.6	279	3.9	139	4.5	34.8	3.9	139			4.5	34.8																																	
SPK-0123828	CSC[C@H](NS(=O)(=O)C1=CC=C(C=C1)C#CC1=CC=C(CN2CCOCC2)C=C1)C(=O)NO	LpxC inhibitors	SPK-0123828-001	1	C000001983			3.9	131	4.2	81.85			3.9	131			3.6	261	3.9	131	3.9	131	5.1	8.17	3.9	131			5.1	8.17																																	
SPK-0123827	ONC(=O)[C@H](CC1=CNC=N1)NS(=O)(=O)C1=CC=C(C=C1)C#CC1=CC=C(CN2CCOCC2)C=C1	LpxC inhibitors	SPK-0123827-001	1	C000001973			3.9	126	3.9	126			3.6	251			3.9	126	3.9	126	3.9	126	3.9	126	3.9	126			4.2	62.8																																	
SPK-0123826	C[C@@H](O)[C@H](NC(=O)C1=CC=C(C=C1)C#CC1=CC=C(CN2CCN(CC2)S(C)(=O)=O)C=C1)C(=O)NO	LpxC inhibitors	SPK-0123826-001	1	C000001956			5.1	7.77	5.55	2.915	5.6	2.45	3.9	124	4.7	19.6	5.55	2.915	4.5	31.1	3.9	124	6	0.972	3.9	124	4.5	31.1	5.7	1.94	5.7	1.94	3.9	124	3.9	124			3.9	124	3.9	124																					
SPK-0123825	C[C@@H](O)[C@H](NC(=O)C1=CC=C(C=C1)C#CC1=CC=C(CN2CCNCC2)C=C1)C(=O)NO	LpxC inhibitors	SPK-0123825-001	1	C000001950			4.9	13	4.1	73.3	4.4	36.7	3.8	147	4.25	55	3.8	147	3.8	147	3.8	147	4.7	18.3	3.8	147			5.9	1.15																																	
SPK-0123824	C[C@@H](O)[C@H](NC(=O)C1=CC=C(C=C1)C#CC1=CC=C(CN(C)CCCN(C)C)C=C1)C(=O)NO	LpxC inhibitors	SPK-0123824-001	1	C000001945			4.5	34.3	4.35	77.05			3.9	137			3.9	137	3.9	137	3.9	137	5.4	4.29	3.9	137			5.1	8.57																																	
SPK-0123823	ONC(=O)[C@@H]1CCN1C(=O)C1=CC=C(C=C1)C#CC1=CC=C(CN2CCOCC2)C=C1	LpxC inhibitors	SPK-0123823-001	1	C000001928			3.8	153	3.95	114.65			3.8	153			3.5	305	3.8	153	3.8	153	4.7	19.1	3.8	153			4.1	76.3																																	
SPK-0123822	OC[C@H](NC(=O)C1=CC=C(C=C1)C#CC1=CC=C(CN2CCOCC2)C=C1)C(=O)NO	LpxC inhibitors	SPK-0123822-001	1	C000001925			4.6	26.7	5.3	4.72	5	9.45	3.8	151	4.1	75.6	4.1	75.6	3.8	151	3.8	151	5.3	4.72	3.8	151			6.2	0.59																																	
SPK-0123623	C[C@H](O)[C@H](NC(=O)c1ccc(cc1)C#Cc1ccc(CN2CCOCC2)cc1)C(=O)NO	LpxC inhibitors	SPK-0123623-001	CH-90	C000002534			5.45	3.43	5.9	1.14	5.75	1.715	3.65	219.5	4.55	27.45	4.7	18.3			3.8	146	5.3	5.715																																							
SPK-0123569	COc1ccc(C2=CC(=O)N(CC[C@](C)(C(=O)NO)S(C)(=O)=O)C=C2)c(F)c1	LpxC inhibitors	SPK-0123569-001	17v	C000049904	9.42	0.00038	5.8	1.71	6.8	0.152	6.2	0.606															6.2	0.606															20.4	23.4				309		0.25	1	0.063	4	1.02									
SPK-0123490	C[C@H](O)[C@H](NC(=O)c1ccc(cc1)C#CC#Cc1ccc(N)cc1)C(=O)NO	LpxC inhibitors	SPK-0123490-001	LPC-053	C000002672			5.95	1.1285	6.55	0.3135	6.5	0.331	4.1	84.8	5.4	3.75	5.9	1.32			4.1	84.8	6.8	0.159			5.9	1.32	5.9	1.32	6.2	0.662																															
SPK-0123487	C[C@@H](O)[C@H](NC(=O)c1ccc(cc1)C#CC#Cc1ccc(N)cc1)C(=O)NO	LpxC inhibitors	SPK-0123487-001	LPC-011	C000002868			5.9	1.32	6.65	0.245	6.55	0.3135	4.25	63.6	5.2	6.395	6.05	0.991			4.25	63.6	6.2	0.662																																							
SPK-0123486	C[C@@H](O)[C@H](NC(=O)c1ccc(cc1)C#CC#Cc1ccccc1)C(=O)NO	LpxC inhibitors	SPK-0123486-001	LPC-009	C000002706			5.4	4.14	6.65	0.253	6.6	0.278	4.4	44.2	4.65	23.4	6.1	0.833			4.55	33.15	6.2	0.69																			1.5	1.8	5.7	1.4																	
SPK-0123455	COc1ccc(cc1)C1=N[C@H](CO1)C(=O)NO	LpxC inhibitors	SPK-0123455-001	L-159692	C000001571			3.6	271	3.6	271	3.6	271	3.6	271	3.6	271	3.6	271			3.3	542	3.6	271																																							
SPK-0005273	CCC(C)CCCCC(=O)N[C@@H](CCN)C(=O)N[C@@H]([C@@H](C)O)C(=O)N[C@@H](CCN)C(=O)N[C@H]1CCNC(=O)[C@@H](NC(=O)[C@H](CCN)NC(=O)[C@H](CCN)NC(=O)[C@H](CC(C)C)NC(=O)[C@@H](Cc2ccccc2)NC(=O)[C@@H](CCN)NC1=O)[C@@H](C)O	LpxC inhibitors	SPK-0005273-002		C000002860, Polymyxin B, SPK-0125756, SPK-0244724			6.7	0.192	6.7	0.187	6.6	0.264	5.5	3.07																																																	
SPK-0005182	OC[C@@H](NC(=O)C(Cl)Cl)[C@H](O)c1ccc(cc1)[N+]([O-])=O	LpxC inhibitors	SPK-0005182-006		C000002836, Chloramphenicol, SPK-0003965, SPK-0125755, SPK-0244718			3.7	198	4.65	23.25	4.65	23.25	4	102.1																																																	
SPK-0005039	CC(C)(N)[C@H](NC(=O)C1=CC=C(C=C1)C#CC#C[C@@H]1C[C@H]1CO)C(=O)NO	LpxC inhibitors	SPK-0005039-001		C000004975	9.12	0.000764	6.2	0.677	6	0.957	5.6	2.71	4.4	43.3	5	10.8	5.3	5.41	5.6	2.71	4.4	43.3	6.2	0.677	4.7	21.7	6.4	0.399	5.6	2.71	5.6	2.52	5	10.8	5	10.8	6.35	0.5075	5	10.8	4.7	21.7	13.4	14.7	10.755	19.4	9.6	47.2	0.967	0.13	0.5	0.031	2	0.392									
SPK-0005023	C[C@@H](O)[C@H](NC(=O)C1=CC=C(C=C1)C#CC1=CC=C(CN2CCOCC2)C=C1)C(=O)NO	LpxC inhibitors	SPK-0005023-001		C000001560, CHIR-090			5.3	4.57	5.8	1.67	5.9	1.24	3.95	109.55	4.65	22.85	5.3	4.57	4.45	33.65	3.8	146	6.2	0.571	3.8	146	5.3	4.57	5.6	2.29	5.75	1.715	3.8	146	3.8	146			3.8	146	3.8	146																					
SPK-0004996	ONC(=O)C1COC(=N1)C1=CC=CC=C1	LpxC inhibitors	SPK-0004996-001		C000001561			3.8	155	3.8	155	3.8	155	3.5	310	3.8	155	3.8	155			3.8	155	3.8	155																																							
SPK-0004577	NCC[C@H](O)C(=O)N[C@@H]1C[C@H](N)[C@@H](O[C@H]2O[C@H](CN)[C@@H](O)[C@H](O)[C@H]2O)[C@H](O)[C@H]1O[C@H]1O[C@H](CO)[C@@H](O)[C@H](N)[C@H]1O	LpxC inhibitors	SPK-0004577-001		Amikacin, C000001284, SPK-0125751			5.45	3.66	5.4	3.91	4.4	42.7	5.3	5.19			5.55	2.815	4	109																																											
SPK-0004003	CO\\N=C(/C(=O)N[C@H]1[C@H]2SCC(C[N+]3(C)CCCC3)=C(N2C1=O)C([O-])=O)C1=CSC(N)=N1	LpxC inhibitors	SPK-0004003-001		C000002779, Cefepime			5.2	6.24	6.9	0.1275	5.7	2.08	5.3	4.85			6.9	0.125	4.2	66.6																																											
SPK-0003992	CC(C)(O\\N=C(/C(=O)N[C@H]1[C@H]2SCC(C[N+]3=CC=CC=C3)=C(N2C1=O)C([O-])=O)C1=CSC(N)=N1)C(O)=O	LpxC inhibitors	SPK-0003992-001		"Ceftazidime", C000002588, Ceftazidime, SPK-0005240			5.5	3.2	6.3	0.457	5.2	6.1	4.7	22			4.8	14.6	4.8	14.6																																											
SPK-0003846	OC(=O)C1=CN(C2CC2)C2=CC(N3CCNCC3)=C(F)C=C2C1=O	LpxC inhibitors	SPK-0003846-001		C000001288, Ciprofloxacin			6	0.9435	7	0.0949	4.3	48.3	6.05	0.95			7.2	0.0679	5	9.05																																											
SPK-0003354	C[C@@H](O)[C@@H]1[C@H]2[C@@H](C)C(S[C@@H]3CN[C@H](CNS(N)(=O)=O)C3)=C(N2C1=O)C(O)=O	LpxC inhibitors	SPK-0003354-001		C000004028, Doripenem, SPK-0125758			5	9.51	7.4	0.0357																																																					
SPK-0002738	CN[C@H](C)[C@@H]1CC[C@@H](N)[C@@H](O[C@@H]2[C@@H](N)C[C@@H](N)[C@H](O[C@H]3OC[C@](C)(O)[C@H](NC)[C@H]3O)[C@H]2O)O1	LpxC inhibitors	SPK-0002738-001		Gentamicin C1			5.5	3.47	5.95	1.12	5.5	3.47	6	0.9985			6.25	0.587	3.95	122.5																																											
SPK-0002537	C[C@@H](O)[C@@H]1[C@H]2CC(SCCNC=N)=C(N2C1=O)C(O)=O	LpxC inhibitors	SPK-0002537-001		C000002589, Imipenem, SPK-0125754			5.2	5.85	6.1	0.783	6.1	0.835	7	0.1			5.9	1.25	5.3	8.035																																											
SPK-0002337	C[C@H]1COC2=C(N3CCN(C)CC3)C(F)=CC3=C2N1C=C(C(O)=O)C3=O	LpxC inhibitors	SPK-0002337-001		C000001294, Levofloxacin, SPK-0125752			5.6	2.77	7.1	0.083	4.5	30.25	6.3	0.489			7	0.0922	5	11.1																																											
SPK-0002101	C[C@@H](O)[C@@H]1[C@H]2[C@@H](C)C(S[C@@H]3CN[C@@H](C3)C(=O)N(C)C)=C(N2C1=O)C(O)=O	LpxC inhibitors	SPK-0002101-001		C000004233, Meropenem, SPK-0125759			5.4	3.91	7.1	0.0782	7.1	0.0815	6.65	0.36675																																																	
