compound_id	smiles	target	target_abbreviation	assay_type	receptor_class	split	activity_cliff	p_activity	activity_nm	moleculeace_y
CHEMBL1862_Ki-0001	Nc1[nH]cnc2nnc(-c3ccc(Cl)cc3)c1-2	Tyrosine-protein kinase ABL1	ABL1	Ki	Kinase	train	non-cliff	6.30103	500	-2.69897
CHEMBL1862_Ki-0002	Cc1ccc(N2NC(=O)/C(=C/c3ccc(-c4ccc(C)c(Cl)c4)o3)C2=O)cc1C	Tyrosine-protein kinase ABL1	ABL1	Ki	Kinase	test	non-cliff	5.30103	5000	-3.69897
CHEMBL1862_Ki-0003	O=C1NN(c2ccc(Cl)c(Cl)c2)C(=O)/C1=C\\c1cccc(OCc2ccccc2)c1	Tyrosine-protein kinase ABL1	ABL1	Ki	Kinase	train	non-cliff	6	1000	-3
CHEMBL1862_Ki-0004	O=C1NN(c2ccc(I)cc2)C(=O)/C1=C\\c1cc2c(cc1Br)OCO2	Tyrosine-protein kinase ABL1	ABL1	Ki	Kinase	train	non-cliff	5.60206	2500	-3.39794
CHEMBL1862_Ki-0005	O=C1NN(c2ccc(I)cc2)C(=O)/C1=C\\c1ccc(N2CCOCC2)cc1	Tyrosine-protein kinase ABL1	ABL1	Ki	Kinase	train	non-cliff	4.69897	20000	-4.30103
CHEMBL1862_Ki-0006	O=C1NN(c2ccc(I)cc2)C(=O)/C1=C\\c1ccc(I)cc1	Tyrosine-protein kinase ABL1	ABL1	Ki	Kinase	train	non-cliff	6.09691	800	-2.90309
CHEMBL1862_Ki-0007	O=C1NN(c2ccc(I)cc2)C(=O)/C1=C\\c1ccccc1	Tyrosine-protein kinase ABL1	ABL1	Ki	Kinase	train	non-cliff	6.22185	600	-2.77815
CHEMBL1862_Ki-0008	O=C(Nc1ccccc1)Nc1nnc(Cc2ccccc2)s1	Tyrosine-protein kinase ABL1	ABL1	Ki	Kinase	train	non-cliff	4.23657	58000	-4.76343
CHEMBL1862_Ki-0009	COc1cc(SC)ccc1C(=O)Nc1nnc(CCc2ccccc2)s1	Tyrosine-protein kinase ABL1	ABL1	Ki	Kinase	train	non-cliff	5.69897	2000	-3.30103
CHEMBL1862_Ki-0010	O=C(Nc1nnc(CCc2ccccc2)s1)c1ccccc1I	Tyrosine-protein kinase ABL1	ABL1	Ki	Kinase	train	non-cliff	5.88606	1300	-3.11394
CHEMBL1862_Ki-0011	O=C(Nc1nnc(CCc2ccccc2)s1)c1ccc(I)cc1	Tyrosine-protein kinase ABL1	ABL1	Ki	Kinase	train	non-cliff	6.39794	400	-2.60206
CHEMBL1862_Ki-0012	Cc1cc(-c2c(Cl)cccc2Cl)cc2nnc(Nc3ccc(OCCN4CCCC4)cc3)nc12	Tyrosine-protein kinase ABL1	ABL1	Ki	Kinase	train	non-cliff	7.70774	19.6	-1.29226
CHEMBL1862_Ki-0013	COc1cc2ncc(C#N)c(N[C@@H]3C[C@H]3c3ccccc3)c2cc1OC	Tyrosine-protein kinase ABL1	ABL1	Ki	Kinase	train	non-cliff	6.02228	950	-2.97772
CHEMBL1862_Ki-0014	N#Cc1cnc2cc(-c3ccc(CN4CCOCC4)cc3)ccc2c1N[C@@H]1C[C@H]1c1ccccc1	Tyrosine-protein kinase ABL1	ABL1	Ki	Kinase	train	non-cliff	6.52288	300	-2.47712
CHEMBL1862_Ki-0015	N#Cc1cnc2ccc(-c3ccc(CN)cc3)cc2c1N[C@@H]1C[C@H]1c1ccccc1	Tyrosine-protein kinase ABL1	ABL1	Ki	Kinase	train	non-cliff	6.11351	770	-2.88649
CHEMBL1862_Ki-0016	COc1cc2c(N[C@@H]3C[C@H]3c3ccccc3)c(C#N)cnc2cc1OCCCN1CCN(C)CC1	Tyrosine-protein kinase ABL1	ABL1	Ki	Kinase	train	non-cliff	7.35655	44	-1.64345
CHEMBL1862_Ki-0017	COc1cc2c(N[C@@H]3C[C@H]3c3ccccc3)c(C#N)cnc2cc1OCCCN1CCOCC1	Tyrosine-protein kinase ABL1	ABL1	Ki	Kinase	train	non-cliff	6.69897	200	-2.30103
CHEMBL1862_Ki-0018	COCCOc1cc2ncc(C#N)c(N[C@@H]3C[C@H]3c3ccccc3)c2cc1OC	Tyrosine-protein kinase ABL1	ABL1	Ki	Kinase	train	non-cliff	6.40894	390	-2.59106
CHEMBL1862_Ki-0019	COc1cc2c(N[C@@H]3C[C@H]3c3ccccc3)c(C#N)cnc2cc1OCCCc1cccnc1	Tyrosine-protein kinase ABL1	ABL1	Ki	Kinase	test	non-cliff	6.52288	300	-2.47712
CHEMBL1862_Ki-0020	COc1cc2ncc(C#N)c(N[C@@H]3C[C@H]3c3ccccc3)c2cc1OCCCc1cccnc1	Tyrosine-protein kinase ABL1	ABL1	Ki	Kinase	train	non-cliff	5.74473	1800	-3.25527
CHEMBL1862_Ki-0021	COc1cc2ncc(C#N)c(N[C@@H]3C[C@H]3c3ccccc3)c2cc1OCCCN1CCOCC1	Tyrosine-protein kinase ABL1	ABL1	Ki	Kinase	train	non-cliff	5.74473	1800	-3.25527
CHEMBL1862_Ki-0022	Cc1cc(-c2cc(N)ccc2Cl)cc2nnc(Nc3ccc(S(=O)(=O)NCCN4CCCC4)cc3)nc12	Tyrosine-protein kinase ABL1	ABL1	Ki	Kinase	train	cliff	7.79588	16	-1.20412
CHEMBL1862_Ki-0023	Cc1cc(-c2cc(O)ccc2Cl)cc2nnc(Nc3ccc(S(=O)(=O)C4CCNCC4)cc3)nc12	Tyrosine-protein kinase ABL1	ABL1	Ki	Kinase	train	non-cliff	8.38722	4.1	-0.612784
CHEMBL1862_Ki-0024	Cc1cc(-c2cc(O)ccc2Cl)cc2nnc(Nc3ccc(S(=O)(=O)CCCN4CCCC4)cc3)nc12	Tyrosine-protein kinase ABL1	ABL1	Ki	Kinase	train	cliff	8.05306	8.85	-0.946943
CHEMBL1862_Ki-0025	Cc1cc(-c2cc(O)ccc2Cl)cc2nnc(Nc3ccc(S(=O)(=O)N(C)CCN4CCCC4)cc3)nc12	Tyrosine-protein kinase ABL1	ABL1	Ki	Kinase	train	cliff	9.12494	0.75	0.124939
CHEMBL1862_Ki-0026	Cc1cc(-c2cc(O)ccc2Cl)cc2nnc(Nc3ccc(S(=O)(=O)NCCN4CCCC4)cc3)nc12	Tyrosine-protein kinase ABL1	ABL1	Ki	Kinase	train	non-cliff	8.49485	3.2	-0.50515
CHEMBL1862_Ki-0027	Cc1cc(-c2cc(O)ccc2Cl)cc2nnc(Nc3ccc(C(=O)N4CCNCC4)cc3)nc12	Tyrosine-protein kinase ABL1	ABL1	Ki	Kinase	train	non-cliff	8.07831	8.35	-0.921686
CHEMBL1862_Ki-0028	COc1ccc(CSc2nnc(NC(=O)c3ccccc3Cl)s2)cc1	Tyrosine-protein kinase ABL1	ABL1	Ki	Kinase	train	non-cliff	5.89963	1260	-3.10037
CHEMBL1862_Ki-0029	O=C(Nc1nnc(SCc2ccccc2)s1)c1ccccc1Cl	Tyrosine-protein kinase ABL1	ABL1	Ki	Kinase	train	non-cliff	6.03621	920	-2.96379
CHEMBL1862_Ki-0030	O=C(Nc1nnc(SCc2cccc(Cl)c2)s1)c1ccccc1Cl	Tyrosine-protein kinase ABL1	ABL1	Ki	Kinase	test	non-cliff	6.11919	760	-2.88081
CHEMBL1862_Ki-0031	O=C(Nc1nnc(SCc2ccc(F)cc2)s1)c1ccccc1Cl	Tyrosine-protein kinase ABL1	ABL1	Ki	Kinase	test	non-cliff	6.39147	406	-2.60853
CHEMBL1862_Ki-0032	O=C(Nc1nnc(SCc2ccccc2)s1)c1ccc(Cl)cc1	Tyrosine-protein kinase ABL1	ABL1	Ki	Kinase	train	non-cliff	6.39794	400	-2.60206
CHEMBL1862_Ki-0033	O=C(Nc1nnc(SCc2cccc(Cl)c2)s1)c1ccc(F)cc1	Tyrosine-protein kinase ABL1	ABL1	Ki	Kinase	train	non-cliff	6.43297	369	-2.56703
CHEMBL1862_Ki-0034	O=C(Nc1nnc(SCc2cccc(F)c2)s1)c1ccccc1Cl	Tyrosine-protein kinase ABL1	ABL1	Ki	Kinase	train	non-cliff	6.56543	272	-2.43457
CHEMBL1862_Ki-0035	O=C(Nc1nnc(SCc2ccc(Br)cc2)s1)c1ccccc1Cl	Tyrosine-protein kinase ABL1	ABL1	Ki	Kinase	train	non-cliff	6.64782	225	-2.35218
CHEMBL1862_Ki-0036	O=C(Nc1nnc(SCc2cccc(F)c2)s1)c1ccc(Cl)cc1	Tyrosine-protein kinase ABL1	ABL1	Ki	Kinase	train	non-cliff	6.66354	217	-2.33646
CHEMBL1862_Ki-0037	O=C(Nc1nnc(SCc2ccc([N+](=O)[O-])cc2)s1)c1ccc(F)cc1	Tyrosine-protein kinase ABL1	ABL1	Ki	Kinase	train	non-cliff	6.67778	210	-2.32222
CHEMBL1862_Ki-0038	COc1ccc(CSc2nnc(NC(=O)c3ccc(F)cc3)s2)cc1	Tyrosine-protein kinase ABL1	ABL1	Ki	Kinase	test	non-cliff	6.70997	195	-2.29003
CHEMBL1862_Ki-0039	COc1ccc(CSc2nnc(NC(=O)c3ccc(Cl)cc3)s2)cc1	Tyrosine-protein kinase ABL1	ABL1	Ki	Kinase	train	non-cliff	6.72354	189	-2.27646
CHEMBL1862_Ki-0040	O=C(Nc1nnc(SCc2cccc(F)c2)s1)c1ccc(F)cc1	Tyrosine-protein kinase ABL1	ABL1	Ki	Kinase	train	non-cliff	6.77728	167	-2.22272
CHEMBL1862_Ki-0041	O=C(Nc1nnc(SCc2ccc(F)cc2)s1)c1ccc(Cl)cc1	Tyrosine-protein kinase ABL1	ABL1	Ki	Kinase	train	non-cliff	6.98297	104	-2.01703
CHEMBL1862_Ki-0042	O=C(Nc1nnc(SCc2ccc([N+](=O)[O-])cc2)s1)c1ccc(Cl)cc1	Tyrosine-protein kinase ABL1	ABL1	Ki	Kinase	test	non-cliff	7.03621	92	-1.96379
CHEMBL1862_Ki-0043	O=C(Nc1nnc(SCc2ccc(Br)cc2)s1)c1ccc(F)cc1	Tyrosine-protein kinase ABL1	ABL1	Ki	Kinase	train	non-cliff	7.05061	89	-1.94939
CHEMBL1862_Ki-0044	O=C(Nc1nnc(SCc2ccc([N+](=O)[O-])cc2)s1)c1ccccc1Cl	Tyrosine-protein kinase ABL1	ABL1	Ki	Kinase	test	non-cliff	7.08092	83	-1.91908
CHEMBL1862_Ki-0045	O=C(Nc1nnc(SCc2cccc(Cl)c2)s1)c1ccc(Cl)cc1	Tyrosine-protein kinase ABL1	ABL1	Ki	Kinase	train	non-cliff	7.13668	73	-1.86332
CHEMBL1862_Ki-0046	O=C(Nc1nnc(SCc2ccccc2)s1)c1ccc(F)cc1	Tyrosine-protein kinase ABL1	ABL1	Ki	Kinase	train	non-cliff	7.1549	70	-1.8451
CHEMBL1862_Ki-0047	O=C(Nc1nnc(SCc2ccc(Br)cc2)s1)c1ccc(Cl)cc1	Tyrosine-protein kinase ABL1	ABL1	Ki	Kinase	train	non-cliff	7.3279	47	-1.6721
CHEMBL1862_Ki-0048	Fc1ccc(C(Cl)Cn2ncc3c(NCc4cccc(Cl)c4)ncnc32)cc1	Tyrosine-protein kinase ABL1	ABL1	Ki	Kinase	train	non-cliff	6.92082	120	-2.07918
CHEMBL1862_Ki-0049	Fc1ccc(C(Cl)Cn2ncc3c(NCc4ccccc4F)ncnc32)cc1	Tyrosine-protein kinase ABL1	ABL1	Ki	Kinase	train	cliff	7.69897	20	-1.30103
CHEMBL1862_Ki-0050	Fc1ccc(C(Cl)Cn2ncc3c(NCc4cccc(F)c4)ncnc32)cc1	Tyrosine-protein kinase ABL1	ABL1	Ki	Kinase	test	cliff	7	100	-2
CHEMBL1862_Ki-0051	Fc1ccc(CNc2ncnc3c2cnn3CC(Cl)c2ccc(F)cc2)cc1	Tyrosine-protein kinase ABL1	ABL1	Ki	Kinase	train	cliff	6.69897	200	-2.30103
CHEMBL1862_Ki-0052	Fc1ccc(C(Cl)Cn2ncc3c(NCc4ccccc4)ncnc32)cc1	Tyrosine-protein kinase ABL1	ABL1	Ki	Kinase	test	cliff	6.35655	440	-2.64345
CHEMBL1862_Ki-0053	Fc1ccccc1CNc1ncnc2c1cnn2CC(Cl)c1ccccc1	Tyrosine-protein kinase ABL1	ABL1	Ki	Kinase	train	non-cliff	6.13668	730	-2.86332
CHEMBL1862_Ki-0054	Fc1cccc(CNc2ncnc3c2cnn3CC(Cl)c2ccccc2)c1	Tyrosine-protein kinase ABL1	ABL1	Ki	Kinase	train	cliff	7.39794	40	-1.60206
CHEMBL1862_Ki-0055	Fc1ccc(CNc2ncnc3c2cnn3CC(Cl)c2ccccc2)cc1	Tyrosine-protein kinase ABL1	ABL1	Ki	Kinase	train	cliff	5.69897	2000	-3.30103
CHEMBL1862_Ki-0056	Fc1ccc(C(Cl)Cn2ncc3c(NCc4ccccc4Cl)ncnc32)cc1	Tyrosine-protein kinase ABL1	ABL1	Ki	Kinase	test	cliff	6.69897	200	-2.30103
CHEMBL1862_Ki-0057	Fc1ccc(CNc2ncnc3c2cnn3CC(Cl)c2ccc(Cl)cc2)cc1	Tyrosine-protein kinase ABL1	ABL1	Ki	Kinase	test	cliff	7.09691	80	-1.90309
CHEMBL1862_Ki-0058	Clc1ccc(C(Cl)Cn2ncc3c(NCc4cccc(Cl)c4)ncnc32)cc1	Tyrosine-protein kinase ABL1	ABL1	Ki	Kinase	train	non-cliff	7.09691	80	-1.90309
CHEMBL1862_Ki-0059	Cc1nc(N)sc1-c1ccnc(Nc2cccc([N+](=O)[O-])c2)n1	Tyrosine-protein kinase ABL1	ABL1	Ki	Kinase	test	non-cliff	6.79588	160	-2.20412
CHEMBL1862_Ki-0060	Cc1cc(-c2c(Cl)cccc2Cl)cc2nnc(Nc3ccc(OCC[N+]4([O-])CCCC4)cc3)nc12	Tyrosine-protein kinase ABL1	ABL1	Ki	Kinase	test	non-cliff	8.69037	2.04	-0.30963
CHEMBL1862_Ki-0061	CSc1nc(NCCc2ccccc2)c2cnn(CC(Cl)c3ccccc3)c2n1	Tyrosine-protein kinase ABL1	ABL1	Ki	Kinase	test	cliff	5.13668	7300	-3.86332
CHEMBL1862_Ki-0062	CSc1nc(NCc2ccccc2)c2cnn(CC(Cl)c3ccccc3)c2n1	Tyrosine-protein kinase ABL1	ABL1	Ki	Kinase	train	cliff	6.58503	260	-2.41497
CHEMBL1862_Ki-0063	CCCNc1nc(SC)nc2c1cnn2CC(Cl)c1ccccc1	Tyrosine-protein kinase ABL1	ABL1	Ki	Kinase	train	cliff	5.31876	4800	-3.68124
CHEMBL1862_Ki-0064	CCCCNc1nc(SC)nc2c1cnn2CC(Cl)c1ccccc1	Tyrosine-protein kinase ABL1	ABL1	Ki	Kinase	train	cliff	5.92082	1200	-3.07918
CHEMBL1862_Ki-0065	CCOCCNc1nc(SC)nc2c1cnn2CC(Cl)c1ccccc1	Tyrosine-protein kinase ABL1	ABL1	Ki	Kinase	train	non-cliff	5.82391	1500	-3.17609
CHEMBL1862_Ki-0066	CCN(CC)c1nc(SC)nc2c1cnn2CC(Cl)c1ccccc1	Tyrosine-protein kinase ABL1	ABL1	Ki	Kinase	train	non-cliff	6.39794	400	-2.60206
CHEMBL1862_Ki-0067	CSc1nc(Nc2ccccc2)c2cnn(CC(Cl)c3ccccc3)c2n1	Tyrosine-protein kinase ABL1	ABL1	Ki	Kinase	train	cliff	6.39794	400	-2.60206
CHEMBL1862_Ki-0068	CSc1nc(Nc2cccc(F)c2)c2cnn(CC(Cl)c3ccccc3)c2n1	Tyrosine-protein kinase ABL1	ABL1	Ki	Kinase	train	non-cliff	6.39794	400	-2.60206
CHEMBL1862_Ki-0069	CSc1nc(NCCc2ccccc2F)c2cnn(CC(Cl)c3ccccc3)c2n1	Tyrosine-protein kinase ABL1	ABL1	Ki	Kinase	test	cliff	6.39794	400	-2.60206
CHEMBL1862_Ki-0070	CCCNc1nc(SC)nc2c1cnn2CC(Cl)c1ccc(F)cc1	Tyrosine-protein kinase ABL1	ABL1	Ki	Kinase	train	non-cliff	6.24413	570	-2.75587
CHEMBL1862_Ki-0071	CCCCNc1nc(SC)nc2c1cnn2CC(Cl)c1ccc(F)cc1	Tyrosine-protein kinase ABL1	ABL1	Ki	Kinase	train	cliff	6.95861	110	-2.04139
CHEMBL1862_Ki-0072	CSc1nc(N2CCOCC2)c2cnn(CC(Cl)c3ccc(F)cc3)c2n1	Tyrosine-protein kinase ABL1	ABL1	Ki	Kinase	test	non-cliff	6.01323	970	-2.98677
CHEMBL1862_Ki-0073	CSc1nc(NCc2ccc(F)cc2)c2cnn(CC(Cl)c3ccc(F)cc3)c2n1	Tyrosine-protein kinase ABL1	ABL1	Ki	Kinase	train	non-cliff	6.65758	220	-2.34242
CHEMBL1862_Ki-0074	CSc1nc(NCc2ccccc2F)c2cnn(CC(Cl)c3ccc(F)cc3)c2n1	Tyrosine-protein kinase ABL1	ABL1	Ki	Kinase	train	non-cliff	6.46852	340	-2.53148
CHEMBL1862_Ki-0075	CSc1nc(NCCc2ccccc2)c2cnn(CC(Cl)c3ccc(F)cc3)c2n1	Tyrosine-protein kinase ABL1	ABL1	Ki	Kinase	train	cliff	6.69897	200	-2.30103
CHEMBL1862_Ki-0076	CSc1nc(Nc2cccc(F)c2)c2cnn(CC(Cl)c3ccc(F)cc3)c2n1	Tyrosine-protein kinase ABL1	ABL1	Ki	Kinase	test	non-cliff	6.65758	220	-2.34242
CHEMBL1862_Ki-0077	CCCNc1nc(SC)nc2c1cnn2CC(Cl)c1ccc(Cl)cc1	Tyrosine-protein kinase ABL1	ABL1	Ki	Kinase	train	non-cliff	6.39794	400	-2.60206
CHEMBL1862_Ki-0078	CCCCNc1nc(SC)nc2c1cnn2CC(Cl)c1ccc(Cl)cc1	Tyrosine-protein kinase ABL1	ABL1	Ki	Kinase	train	non-cliff	6.40894	390	-2.59106
CHEMBL1862_Ki-0079	CCN(CC)c1nc(SC)nc2c1cnn2CC(Cl)c1ccc(Cl)cc1	Tyrosine-protein kinase ABL1	ABL1	Ki	Kinase	train	non-cliff	6.52288	300	-2.47712
CHEMBL1862_Ki-0080	CSc1nc(N2CCOCC2)c2cnn(CC(Cl)c3ccc(Cl)cc3)c2n1	Tyrosine-protein kinase ABL1	ABL1	Ki	Kinase	test	non-cliff	6.30103	500	-2.69897
CHEMBL1862_Ki-0081	CCSc1nc(N(CC)CC)c2cnn(CC(Cl)c3ccccc3)c2n1	Tyrosine-protein kinase ABL1	ABL1	Ki	Kinase	train	non-cliff	6.48149	330	-2.51851
CHEMBL1862_Ki-0082	CCCNc1nc(SCCC)nc2c1cnn2CC(Cl)c1ccccc1	Tyrosine-protein kinase ABL1	ABL1	Ki	Kinase	train	cliff	6.60206	250	-2.39794
CHEMBL1862_Ki-0083	CCCCNc1nc(SCCC)nc2c1cnn2CC(Cl)c1ccccc1	Tyrosine-protein kinase ABL1	ABL1	Ki	Kinase	train	non-cliff	6.28199	522.405	-2.71801
CHEMBL1862_Ki-0084	CCCSc1nc(N(CC)CC)c2cnn(CC(Cl)c3ccccc3)c2n1	Tyrosine-protein kinase ABL1	ABL1	Ki	Kinase	train	non-cliff	6.55284	280	-2.44716
CHEMBL1862_Ki-0085	CCCSc1nc(NCc2ccccc2)c2cnn(CC(Cl)c3ccccc3)c2n1	Tyrosine-protein kinase ABL1	ABL1	Ki	Kinase	train	cliff	7	100	-2
CHEMBL1862_Ki-0086	CCCNc1nc(SC)nc2c1cnn2CC(Br)c1ccccc1	Tyrosine-protein kinase ABL1	ABL1	Ki	Kinase	test	non-cliff	6.05552	880	-2.94448
CHEMBL1862_Ki-0087	CCCCNc1nc(SC)nc2c1cnn2CC(Br)c1ccccc1	Tyrosine-protein kinase ABL1	ABL1	Ki	Kinase	train	cliff	6.49485	320	-2.50515
CHEMBL1862_Ki-0088	CCOCCNc1nc(SC)nc2c1cnn2CC(Br)c1ccccc1	Tyrosine-protein kinase ABL1	ABL1	Ki	Kinase	train	non-cliff	6.25964	550	-2.74036
CHEMBL1862_Ki-0089	CSc1nc(N2CCCC2)c2cnn(CC(Br)c3ccccc3)c2n1	Tyrosine-protein kinase ABL1	ABL1	Ki	Kinase	test	non-cliff	5.85387	1400	-3.14613
CHEMBL1862_Ki-0090	CSc1nc(N2CCCCC2)c2cnn(CC(Br)c3ccccc3)c2n1	Tyrosine-protein kinase ABL1	ABL1	Ki	Kinase	train	non-cliff	6.05552	880	-2.94448
CHEMBL1862_Ki-0091	CSc1nc(N2CCOCC2)c2cnn(CC(Br)c3ccccc3)c2n1	Tyrosine-protein kinase ABL1	ABL1	Ki	Kinase	test	non-cliff	6.01323	970	-2.98677
CHEMBL1862_Ki-0092	CSc1nc(NCc2ccccc2)c2cnn(CC(Br)c3ccccc3)c2n1	Tyrosine-protein kinase ABL1	ABL1	Ki	Kinase	test	cliff	6.72125	190	-2.27875
CHEMBL1862_Ki-0093	CSc1nc(NCCc2ccccc2)c2cnn(CC(Br)c3ccccc3)c2n1	Tyrosine-protein kinase ABL1	ABL1	Ki	Kinase	train	cliff	6.56864	270	-2.43136
CHEMBL1862_Ki-0094	CCCNc1nc(N(C)C)nc2c1cnn2CC(Cl)c1ccccc1	Tyrosine-protein kinase ABL1	ABL1	Ki	Kinase	train	non-cliff	6.49485	320	-2.50515
CHEMBL1862_Ki-0095	CN(C)c1nc(N2CCOCC2)c2cnn(CC(Cl)c3ccccc3)c2n1	Tyrosine-protein kinase ABL1	ABL1	Ki	Kinase	train	non-cliff	6.55284	280	-2.44716
CHEMBL1862_Ki-0096	CN(C)c1nc(NCc2ccccc2)c2cnn(CC(Cl)c3ccccc3)c2n1	Tyrosine-protein kinase ABL1	ABL1	Ki	Kinase	train	non-cliff	6.79588	160	-2.20412
CHEMBL1862_Ki-0097	CC(C)(C)N1CN(c2ccc(Cl)cc2)C(N)=C2C=NN=C21	Tyrosine-protein kinase ABL1	ABL1	Ki	Kinase	train	non-cliff	6.284	520	-2.716
CHEMBL1862_Ki-0098	O=C(Nc1ncc(Cc2ccccc2)s1)c1cccs1	Tyrosine-protein kinase ABL1	ABL1	Ki	Kinase	train	non-cliff	7.04576	90	-1.95424
CHEMBL1862_Ki-0099	O=C(Nc1nnc(COc2ccccc2)s1)c1cccs1	Tyrosine-protein kinase ABL1	ABL1	Ki	Kinase	test	non-cliff	6.55596	278	-2.44404
CHEMBL1862_Ki-0100	O=C(Nc1nnc(Cc2ccccc2)s1)c1cccs1	Tyrosine-protein kinase ABL1	ABL1	Ki	Kinase	train	non-cliff	6.4437	360	-2.5563
CHEMBL1862_Ki-0101	COc1ccc2c(c1)Cc1sc(NC(=O)c3cccs3)nc1-2	Tyrosine-protein kinase ABL1	ABL1	Ki	Kinase	train	non-cliff	7.16749	68	-1.83251
CHEMBL1862_Ki-0102	Cc1ccc(Cc2cnc(NC(=O)c3cccs3)s2)cc1	Tyrosine-protein kinase ABL1	ABL1	Ki	Kinase	train	cliff	6.6038	249	-2.3962
CHEMBL1862_Ki-0103	COc1ccc(Cc2cnc(NC(=O)c3cccs3)s2)cc1	Tyrosine-protein kinase ABL1	ABL1	Ki	Kinase	train	cliff	7.79588	16	-1.20412
CHEMBL1862_Ki-0104	O=C(Nc1ncc(Cc2ccc(Cl)cc2Cl)s1)c1cccs1	Tyrosine-protein kinase ABL1	ABL1	Ki	Kinase	train	cliff	5.45917	3474	-3.54083
CHEMBL1862_Ki-0105	O=C(Nc1ncc(Cc2cc(Cl)ccc2Cl)s1)c1cccs1	Tyrosine-protein kinase ABL1	ABL1	Ki	Kinase	train	cliff	7.30103	50	-1.69897
CHEMBL1862_Ki-0106	O=C(Nc1ncc(Cc2cc(C(F)(F)F)ccc2Cl)s1)c1cccs1	Tyrosine-protein kinase ABL1	ABL1	Ki	Kinase	train	non-cliff	6.07314	845	-2.92686
CHEMBL1862_Ki-0107	O=C(Nc1ncc(Cc2cccc(C(F)(F)F)c2)s1)c1cccs1	Tyrosine-protein kinase ABL1	ABL1	Ki	Kinase	test	non-cliff	6.86646	136	-2.13354
CHEMBL1862_Ki-0108	Cc1cccc(Cc2cnc(NC(=O)c3cccs3)s2)c1	Tyrosine-protein kinase ABL1	ABL1	Ki	Kinase	train	non-cliff	7.22915	59	-1.77085
CHEMBL1862_Ki-0109	O=C(Nc1ncc(-c2ccc(Cl)cc2)s1)c1cccs1	Tyrosine-protein kinase ABL1	ABL1	Ki	Kinase	train	non-cliff	6.10182	791	-2.89818
CHEMBL1862_Ki-0110	O=C(Nc1ncc(-c2ccc(F)cc2)s1)c1cccs1	Tyrosine-protein kinase ABL1	ABL1	Ki	Kinase	train	cliff	5.78357	1646	-3.21643
CHEMBL1862_Ki-0111	O=C(Nc1ncc(Cc2ccccc2F)s1)c1cccs1	Tyrosine-protein kinase ABL1	ABL1	Ki	Kinase	train	non-cliff	6.76955	170	-2.23045
CHEMBL1862_Ki-0112	O=C(Nc1ncc(Cc2ccccc2Cl)s1)c1cccs1	Tyrosine-protein kinase ABL1	ABL1	Ki	Kinase	train	non-cliff	6.61083	245	-2.38917
CHEMBL1862_Ki-0113	O=C(Nc1ncc(Cc2cccc(Cl)c2)s1)c1cccs1	Tyrosine-protein kinase ABL1	ABL1	Ki	Kinase	train	non-cliff	7.01323	97	-1.98677
CHEMBL1862_Ki-0114	O=C(Nc1ncc(Cc2ccc(Cl)cc2)s1)c1cccs1	Tyrosine-protein kinase ABL1	ABL1	Ki	Kinase	test	non-cliff	6.20482	624	-2.79518
CHEMBL1862_Ki-0115	O=C(Nc1ncc(Cc2ccc(F)cc2)s1)c1cccs1	Tyrosine-protein kinase ABL1	ABL1	Ki	Kinase	test	cliff	6.88606	130	-2.11394
CHEMBL1862_Ki-0116	CCSc1nc(Nc2cccc(Cl)c2)c2cnn(CC(Cl)c3ccccc3)c2n1	Tyrosine-protein kinase ABL1	ABL1	Ki	Kinase	train	cliff	7.39794	40	-1.60206
CHEMBL1862_Ki-0117	CCCSc1nc(Nc2cccc(Cl)c2)c2cnn(CC(Cl)c3ccccc3)c2n1	Tyrosine-protein kinase ABL1	ABL1	Ki	Kinase	train	non-cliff	6.82391	150	-2.17609
CHEMBL1862_Ki-0118	CSc1nc(NCCc2cccc(Cl)c2)c2cnn(CC(Cl)c3ccccc3)c2n1	Tyrosine-protein kinase ABL1	ABL1	Ki	Kinase	train	cliff	6.69897	200	-2.30103
CHEMBL1862_Ki-0119	CSc1nc(Nc2cccc(Br)c2)c2cnn(CC(Cl)c3ccccc3)c2n1	Tyrosine-protein kinase ABL1	ABL1	Ki	Kinase	train	cliff	7.22185	60	-1.77815
CHEMBL1862_Ki-0120	CSc1nc(NCCc2ccc(Cl)cc2)c2cnn(CC(Cl)c3ccccc3)c2n1	Tyrosine-protein kinase ABL1	ABL1	Ki	Kinase	test	cliff	6.45593	350	-2.54407
CHEMBL1862_Ki-0121	CSc1nc(Nc2cccc(Br)c2)c2cnn(CC(Cl)c3ccc(F)cc3)c2n1	Tyrosine-protein kinase ABL1	ABL1	Ki	Kinase	train	non-cliff	6.82391	150	-2.17609
CHEMBL1862_Ki-0122	CSc1nc(NCCc2ccc(C)cc2)c2cnn(CC(Cl)c3ccccc3)c2n1	Tyrosine-protein kinase ABL1	ABL1	Ki	Kinase	test	cliff	6.4318	370	-2.5682
CHEMBL1862_Ki-0123	CSc1nc(Nc2cccc(Cl)c2)c2cnn(CC(Cl)c3ccccc3)c2n1	Tyrosine-protein kinase ABL1	ABL1	Ki	Kinase	train	cliff	6.22185	600	-2.77815
CHEMBL1862_Ki-0124	CSc1nc(NCCc2ccccc2)c2cnn(CC(Cl)c3ccc(Cl)cc3)c2n1	Tyrosine-protein kinase ABL1	ABL1	Ki	Kinase	test	cliff	6.95861	110	-2.04139
CHEMBL1862_Ki-0125	CSc1nc(NCCc2ccccc2Cl)c2cnn(CC(Cl)c3ccccc3)c2n1	Tyrosine-protein kinase ABL1	ABL1	Ki	Kinase	train	cliff	6.49485	320	-2.50515
CHEMBL1862_Ki-0126	CSc1nc(NCc2cccc(F)c2)c2cnn(CC(Cl)c3ccccc3)c2n1	Tyrosine-protein kinase ABL1	ABL1	Ki	Kinase	train	cliff	6.49485	320	-2.50515
CHEMBL1862_Ki-0127	CSc1nc(NCc2ccccc2F)c2cnn(CC(Cl)c3ccccc3)c2n1	Tyrosine-protein kinase ABL1	ABL1	Ki	Kinase	train	cliff	7.09691	80	-1.90309
CHEMBL1862_Ki-0128	CSc1nc(NCc2ccccc2)c2cnn(CC(Cl)c3ccc(F)cc3)c2n1	Tyrosine-protein kinase ABL1	ABL1	Ki	Kinase	train	cliff	6.60206	250	-2.39794
CHEMBL1862_Ki-0129	CSc1nc(NCc2ccc(F)cc2)c2cnn(CC(Cl)c3ccccc3)c2n1	Tyrosine-protein kinase ABL1	ABL1	Ki	Kinase	train	cliff	7	100	-2
CHEMBL1862_Ki-0130	COc1ccc(CNc2nc(SC)nc3c2cnn3CC(Cl)c2ccccc2)cc1	Tyrosine-protein kinase ABL1	ABL1	Ki	Kinase	test	non-cliff	6.52288	300	-2.47712
CHEMBL1862_Ki-0131	CSc1nc(NCc2ccccc2Cl)c2cnn(CC(Cl)c3ccccc3)c2n1	Tyrosine-protein kinase ABL1	ABL1	Ki	Kinase	train	cliff	7.04818	89.5	-1.95182
CHEMBL1862_Ki-0132	CSc1nc(NCc2ccccc2)c2cnn(CC(Cl)c3ccc(Cl)cc3)c2n1	Tyrosine-protein kinase ABL1	ABL1	Ki	Kinase	test	cliff	6.95861	110	-2.04139
CHEMBL1862_Ki-0133	CCSc1nc(NCCc2ccccc2)c2cnn(CC(Cl)c3ccccc3)c2n1	Tyrosine-protein kinase ABL1	ABL1	Ki	Kinase	train	cliff	6.88606	130	-2.11394
CHEMBL1862_Ki-0134	CSc1nc(NCCc2cccc(F)c2)c2cnn(CC(Cl)c3ccccc3)c2n1	Tyrosine-protein kinase ABL1	ABL1	Ki	Kinase	train	cliff	6.63827	230	-2.36173
CHEMBL1862_Ki-0135	Cn1c(=O)c(-c2c(Cl)cccc2Cl)cc2cnc(NCc3cccc(N)c3)nc21	Tyrosine-protein kinase ABL1	ABL1	Ki	Kinase	test	cliff	8.09691	8	-0.90309
CHEMBL1862_Ki-0136	Cn1c(=O)c(-c2ccccc2Cl)cc2cnc(NCc3cccc(N)c3)nc21	Tyrosine-protein kinase ABL1	ABL1	Ki	Kinase	train	cliff	7.22185	60	-1.77815
CHEMBL1862_Ki-0137	Cn1c(=O)c(-c2ccccc2)cc2cnc(NCc3cccc(N)c3)nc21	Tyrosine-protein kinase ABL1	ABL1	Ki	Kinase	test	cliff	5.69897	2000	-3.30103
CHEMBL1862_Ki-0138	Cn1c(=O)c(-c2c(F)cccc2F)cc2cnc(NCc3cccc(N)c3)nc21	Tyrosine-protein kinase ABL1	ABL1	Ki	Kinase	test	cliff	7.39794	40	-1.60206
CHEMBL1862_Ki-0139	Cn1c(=O)c(-c2ccccc2Br)cc2cnc(NCc3cccc(N)c3)nc21	Tyrosine-protein kinase ABL1	ABL1	Ki	Kinase	train	cliff	7.39794	40	-1.60206
CHEMBL1862_Ki-0140	CSc1cccc(CNc2ncc3cc(-c4c(Cl)cccc4Cl)c(=O)n(C)c3n2)c1	Tyrosine-protein kinase ABL1	ABL1	Ki	Kinase	train	cliff	7.1549	70	-1.8451
CHEMBL1862_Ki-0141	CCCCCCNc1cccc(CNc2ncc3cc(-c4c(Cl)cccc4Cl)c(=O)n(C)c3n2)c1	Tyrosine-protein kinase ABL1	ABL1	Ki	Kinase	train	non-cliff	6.04576	900	-2.95424
CHEMBL1862_Ki-0142	Cn1c(=O)c(-c2c(Cl)cccc2Cl)cc2cnc(NCc3cccc(NC(=O)CN)c3)nc21	Tyrosine-protein kinase ABL1	ABL1	Ki	Kinase	train	cliff	7.69897	20	-1.30103
CHEMBL1862_Ki-0143	Cn1c(=O)c(-c2c(Cl)cccc2Cl)cc2cnc(NCc3cccc(C(=O)CCCC[C@@H]4SC[C@@H]5NC(=O)N[C@H]45)c3)nc21	Tyrosine-protein kinase ABL1	ABL1	Ki	Kinase	train	non-cliff	7.69897	20	-1.30103
CHEMBL1862_Ki-0144	CSc1cccc(Nc2ncc3cc(-c4c(Cl)cccc4Cl)c(=O)n(C)c3n2)c1	Tyrosine-protein kinase ABL1	ABL1	Ki	Kinase	train	cliff	9.69897	0.2	0.69897
CHEMBL1862_Ki-0145	Cn1c(=O)c(-c2c(Cl)cccc2Cl)cc2cnc(Nc3cccc(N)c3)nc21	Tyrosine-protein kinase ABL1	ABL1	Ki	Kinase	test	cliff	10.699	0.02	1.69897
CHEMBL1862_Ki-0146	Cn1c(=O)c(-c2c(Cl)cccc2Cl)cc2cnc(Nc3cccc(NC(=O)CN)c3)nc21	Tyrosine-protein kinase ABL1	ABL1	Ki	Kinase	train	cliff	10.699	0.02	1.69897
CHEMBL1862_Ki-0147	Clc1cccc(Nc2nc(N3CCOCC3)nc3c2cnn3CC(Cl)c2ccccc2)c1	Tyrosine-protein kinase ABL1	ABL1	Ki	Kinase	train	non-cliff	6.40894	390	-2.59106
CHEMBL1862_Ki-0148	CCCNc1nc(SCCN2CCOCC2)nc2c1cnn2CC(Cl)c1ccccc1	Tyrosine-protein kinase ABL1	ABL1	Ki	Kinase	train	non-cliff	6.46852	340	-2.53148
CHEMBL1862_Ki-0149	ClC(Cn1ncc2c(NCc3ccccc3)nc(SCCN3CCOCC3)nc21)c1ccccc1	Tyrosine-protein kinase ABL1	ABL1	Ki	Kinase	train	non-cliff	7.04576	90	-1.95424
CHEMBL1862_Ki-0150	Fc1ccc(CNc2nc(SCCN3CCOCC3)nc3c2cnn3CC(Cl)c2ccccc2)cc1	Tyrosine-protein kinase ABL1	ABL1	Ki	Kinase	train	non-cliff	6.23657	580	-2.76343
CHEMBL1862_Ki-0151	ClC(Cn1ncc2c(NCCc3ccccc3)nc(SCCN3CCOCC3)nc21)c1ccccc1	Tyrosine-protein kinase ABL1	ABL1	Ki	Kinase	train	non-cliff	6.56864	270	-2.43136
CHEMBL1862_Ki-0152	Clc1cccc(Nc2nc(SCCN3CCOCC3)nc3c2cnn3CC(Cl)c2ccccc2)c1	Tyrosine-protein kinase ABL1	ABL1	Ki	Kinase	train	non-cliff	6.92082	120	-2.07918
CHEMBL1862_Ki-0153	ClC(Cn1ncc2c(Nc3ccccc3)nc(SCCN3CCOCC3)nc21)c1ccccc1	Tyrosine-protein kinase ABL1	ABL1	Ki	Kinase	train	non-cliff	6.82391	150	-2.17609
CHEMBL1862_Ki-0154	Fc1ccc(C(Cl)Cn2ncc3c(NCc4ccncc4)ncnc32)cc1	Tyrosine-protein kinase ABL1	ABL1	Ki	Kinase	train	cliff	5.79588	1600	-3.20412
CHEMBL1862_Ki-0155	Fc1ccc(C(Cl)Cn2ncc3c(NCc4ccccn4)ncnc32)cc1	Tyrosine-protein kinase ABL1	ABL1	Ki	Kinase	train	cliff	5.67778	2100	-3.32222
CHEMBL1862_Ki-0156	Clc1ccc(C(Cl)Cn2ncc3c(NCc4ccncc4)ncnc32)cc1	Tyrosine-protein kinase ABL1	ABL1	Ki	Kinase	train	cliff	6.18046	660	-2.81954
CHEMBL1862_Ki-0157	Clc1ccc(C(Cl)Cn2ncc3c(NCc4ccccn4)ncnc32)cc1	Tyrosine-protein kinase ABL1	ABL1	Ki	Kinase	train	cliff	5.92082	1200	-3.07918
CHEMBL1862_Ki-0158	CS(=O)(=O)c1nc(NCc2ccccc2)c2cnn(CC(Cl)c3ccccc3)c2n1	Tyrosine-protein kinase ABL1	ABL1	Ki	Kinase	train	non-cliff	5.69897	2000	-3.30103
CHEMBL1862_Ki-0159	CCCNc1nc(S(C)(=O)=O)nc2c1cnn2/C=C\\c1ccccc1	Tyrosine-protein kinase ABL1	ABL1	Ki	Kinase	train	non-cliff	6.14267	720	-2.85733
CHEMBL1862_Ki-0160	OCCNc1nc(NCCc2ccccc2)c2cnn(/C=C\\c3ccccc3)c2n1	Tyrosine-protein kinase ABL1	ABL1	Ki	Kinase	train	non-cliff	6.65758	220	-2.34242
CHEMBL1862_Ki-0161	CSc1nc(NCc2ccccc2F)c2cnn(CC(C)c3ccccc3)c2n1	Tyrosine-protein kinase ABL1	ABL1	Ki	Kinase	train	cliff	6	1000	-3
CHEMBL1862_Ki-0162	CSc1nc(NCc2ccc(F)cc2)c2cnn(CC(C)c3ccccc3)c2n1	Tyrosine-protein kinase ABL1	ABL1	Ki	Kinase	train	cliff	5.73049	1860	-3.26951
CHEMBL1862_Ki-0163	CSc1nc(NCc2ccccc2Cl)c2cnn(CC(C)c3ccccc3)c2n1	Tyrosine-protein kinase ABL1	ABL1	Ki	Kinase	train	non-cliff	6.11351	770	-2.88649
CHEMBL1862_Ki-0164	CSc1nc(Nc2cccc(Br)c2)c2cnn(CC(C)c3ccccc3)c2n1	Tyrosine-protein kinase ABL1	ABL1	Ki	Kinase	train	cliff	5.97062	1070	-3.02938
CHEMBL1862_Ki-0165	Fc1cccc(CNc2ncnc3c2cnn3CCc2ccccc2)c1	Tyrosine-protein kinase ABL1	ABL1	Ki	Kinase	train	cliff	5.30803	4920	-3.69197
CHEMBL1862_Ki-0166	CSc1nc(NCc2cccc(Br)c2)c2cnn(CC(Cl)c3ccccc3)c2n1	Tyrosine-protein kinase ABL1	ABL1	Ki	Kinase	train	cliff	7.19382	64	-1.80618
CHEMBL1862_Ki-0167	Clc1cccc(Nc2ncnc3c2cnn3CC(Cl)c2ccccc2)c1	Tyrosine-protein kinase ABL1	ABL1	Ki	Kinase	test	non-cliff	6.61979	240	-2.38021
CHEMBL1862_Ki-0168	Nc1nc(Nc2ccc([C@H]3CC[C@H](N4CCOCC4)CC3)cc2)nn1-c1ccccn1	Tyrosine-protein kinase ABL1	ABL1	Ki	Kinase	train	non-cliff	6.39794	400	-2.60206
CHEMBL1862_Ki-0169	N#CCOc1ccc(Nc2nc(Nc3cccc(S(N)(=O)=O)c3)ncc2Br)cc1	Tyrosine-protein kinase ABL1	ABL1	Ki	Kinase	train	non-cliff	7	100	-2
CHEMBL1862_Ki-0170	CCCn1cc(-c2cnc(N)c3c(-c4ccc(NC(=O)Nc5cccc(F)c5)cc4)csc23)cn1	Tyrosine-protein kinase ABL1	ABL1	Ki	Kinase	train	cliff	8.89997	1.259	-0.100026
CHEMBL1862_Ki-0171	Cc1cc(N2CCOCC2)cc2[nH]c(-c3c(NCC(O)c4cccc(Cl)c4)cc[nH]c3=O)nc12	Tyrosine-protein kinase ABL1	ABL1	Ki	Kinase	train	non-cliff	6.6	251.19	-2.4
CHEMBL1862_Ki-0172	NC(COc1cncc(-c2ccc3c(c2)C(=Cc2ccc[nH]2)C(=O)N3)c1)Cc1ccccc1	Tyrosine-protein kinase ABL1	ABL1	Ki	Kinase	train	non-cliff	7.19997	63.1	-1.80003
CHEMBL1862_Ki-0173	COc1ccc(-c2ccc(NC(=O)Nc3ccc(OC(F)(F)F)cc3)cc2)c2c(N)noc12	Tyrosine-protein kinase ABL1	ABL1	Ki	Kinase	train	non-cliff	6.69999	199.53	-2.30001
CHEMBL1862_Ki-0174	OC1CCC(Nc2nc(Cl)cc(-c3c[nH]c4ncccc34)n2)CC1	Tyrosine-protein kinase ABL1	ABL1	Ki	Kinase	train	non-cliff	6.2	630.96	-2.8
CHEMBL1862_Ki-0175	c1ccc(Nc2ncnc3ccccc23)cc1	Tyrosine-protein kinase ABL1	ABL1	Ki	Kinase	train	non-cliff	4.4	39810.7	-4.6
CHEMBL1862_Ki-0176	CN1c2ccc(N)cc2C(c2ccccc2)c2cc(N)ccc21	Tyrosine-protein kinase ABL1	ABL1	Ki	Kinase	train	non-cliff	6.2	630.96	-2.8
CHEMBL1862_Ki-0177	CNC(=O)C(C)n1cc(-c2cnc(N)c3c(-c4ccc(NC(=O)Nc5ccc(C)cc5)cc4)csc23)cn1	Tyrosine-protein kinase ABL1	ABL1	Ki	Kinase	train	non-cliff	8.40001	3.981	-0.599992
CHEMBL1862_Ki-0178	Nc1n[nH]c2ncc(Br)cc12	Tyrosine-protein kinase ABL1	ABL1	Ki	Kinase	train	non-cliff	4.1	79432.8	-4.9
CHEMBL1862_Ki-0179	CCCCN(CCC#N)C(=O)c1ccc2nc(-c3n[nH]c4ccccc34)[nH]c2c1	Tyrosine-protein kinase ABL1	ABL1	Ki	Kinase	train	non-cliff	5.7	1995.26	-3.3
CHEMBL1862_Ki-0180	C=CCn1c(=O)c2cnc(Nc3ccc(N4CCN(C)CC4)cc3)nc2n1-c1cccc(C(C)(C)O)n1	Tyrosine-protein kinase ABL1	ABL1	Ki	Kinase	test	non-cliff	6.5	316.23	-2.5
CHEMBL1862_Ki-0181	Nc1ncnc2c1C(=O)Nc1ccccc1N2	Tyrosine-protein kinase ABL1	ABL1	Ki	Kinase	train	non-cliff	5.7	1995.26	-3.3
CHEMBL1862_Ki-0182	Cc1ccnc(Nc2cc(C)nc(-c3ccccc3)n2)c1	Tyrosine-protein kinase ABL1	ABL1	Ki	Kinase	train	non-cliff	6	1000	-3
CHEMBL1862_Ki-0183	Cc1cccc(NC(=O)Nc2ccc(-c3csc4c(C#CCNS(C)(=O)=O)cnc(N)c34)cc2)c1	Tyrosine-protein kinase ABL1	ABL1	Ki	Kinase	train	non-cliff	7.10002	79.43	-1.89998
CHEMBL1862_Ki-0184	Cn1cc(-c2cc3nc(Br)cnc3[nH]2)c2cc(C#N)ccc21	Tyrosine-protein kinase ABL1	ABL1	Ki	Kinase	train	non-cliff	6.1	794.33	-2.9
CHEMBL1862_Ki-0185	O=C1NCCc2[nH]c(-c3ccnc(C=Cc4ccccc4)c3)cc21	Tyrosine-protein kinase ABL1	ABL1	Ki	Kinase	train	non-cliff	6.3	501.19	-2.7
CHEMBL1862_Ki-0186	O=C(O)c1csc2c1NCCNC2=O	Tyrosine-protein kinase ABL1	ABL1	Ki	Kinase	train	non-cliff	4.2	63095.7	-4.8
CHEMBL1862_Ki-0187	Cc1ccnc2[nH]c3cc(C(C)C)ccc3c(=O)c12	Tyrosine-protein kinase ABL1	ABL1	Ki	Kinase	train	non-cliff	6.6	251.19	-2.4
CHEMBL1862_Ki-0188	N#CCC(C1CCCC1)n1cc(-c2ncnc3[nH]ccc23)cn1	Tyrosine-protein kinase ABL1	ABL1	Ki	Kinase	train	non-cliff	5.5	3162.28	-3.5
CHEMBL1862_Ki-0189	N#Cc1cnc2c(Br)cnn2c1N	Tyrosine-protein kinase ABL1	ABL1	Ki	Kinase	train	non-cliff	4.1	79432.8	-4.9
CHEMBL1862_Ki-0190	C#Cc1cccc(Nc2ncnc3cc(OCCOC)c(OCCOC)cc23)c1	Tyrosine-protein kinase ABL1	ABL1	Ki	Kinase	train	non-cliff	6.4	398.11	-2.6
CHEMBL1862_Ki-0191	COc1ccc(NC(=O)Nc2ccc(-c3csc4c(-c5cnn(CCO)c5)cnc(N)c34)cc2)cc1	Tyrosine-protein kinase ABL1	ABL1	Ki	Kinase	train	cliff	9.59998	0.2512	0.59998
CHEMBL1862_Ki-0192	COc1ccc(CN(C)C)cc1Nc1nccc(-c2c(-c3cccc(NC(=O)Cc4ccccc4)c3)nc3sccn23)n1	Tyrosine-protein kinase ABL1	ABL1	Ki	Kinase	train	non-cliff	5.7	1995.26	-3.3
CHEMBL1862_Ki-0193	CNC(=O)c1cc(Oc2ccc(NC(=O)Nc3cccc(C(F)(F)F)c3)cc2)ccn1	Tyrosine-protein kinase ABL1	ABL1	Ki	Kinase	train	non-cliff	6.2	630.96	-2.8
CHEMBL1862_Ki-0194	Nc1ncnc2scc(-c3ccc(NC(=O)Nc4cc(C(F)(F)F)ccc4F)cc3)c12	Tyrosine-protein kinase ABL1	ABL1	Ki	Kinase	train	non-cliff	7.50004	31.62	-1.49996
CHEMBL1862_Ki-0195	Nc1n[nH]c2cccc(-c3ccc(NC(=O)Nc4cccc(Cl)c4)c(F)c3)c12	Tyrosine-protein kinase ABL1	ABL1	Ki	Kinase	train	non-cliff	6.3	501.19	-2.7
CHEMBL1862_Ki-0196	COCOc1cccc(OCOC)c1-c1ccc(NS(C)(=O)=O)cc1C(=O)OC	Tyrosine-protein kinase ABL1	ABL1	Ki	Kinase	test	non-cliff	5.7	1995.26	-3.3
CHEMBL1862_Ki-0197	Cc1ccc(-c2cc3c(NCCN)ccc(C(N)=O)c3[nH]2)cc1	Tyrosine-protein kinase ABL1	ABL1	Ki	Kinase	train	non-cliff	5.7	1995.26	-3.3
CHEMBL1862_Ki-0198	Cc1ccc(NC(=O)Nc2ccc(-c3csc4c(-c5cnn(C(C)C(=O)N(C)C)c5)cnc(N)c34)cc2)cc1	Tyrosine-protein kinase ABL1	ABL1	Ki	Kinase	train	non-cliff	7.59998	25.12	-1.40002
CHEMBL1862_Ki-0199	COc1cc2c(Oc3ccc4[nH]c(C)cc4c3F)ncnc2cc1OCCCN1CCCC1	Tyrosine-protein kinase ABL1	ABL1	Ki	Kinase	test	non-cliff	7	100	-2
CHEMBL1862_Ki-0200	Nc1n[nH]c2cccc(-c3ccc(F)cc3)c12	Tyrosine-protein kinase ABL1	ABL1	Ki	Kinase	test	non-cliff	4.8	15848.9	-4.2
CHEMBL1862_Ki-0201	COC(=O)c1c(-c2ccc(NC(=O)Nc3ccccc3)cc2)c2c(N)ncnn2c1C	Tyrosine-protein kinase ABL1	ABL1	Ki	Kinase	train	non-cliff	6.90001	125.89	-2.09999
CHEMBL1862_Ki-0202	Cc1nnc(-c2ccccc2)c(C#N)n1	Tyrosine-protein kinase ABL1	ABL1	Ki	Kinase	train	non-cliff	4	100000	-5
CHEMBL1862_Ki-0203	Cn1cc(-c2cnc(N)c3c(-c4ccc(NC(=O)Nc5ccc(OC(F)F)cc5)cc4)csc23)cn1	Tyrosine-protein kinase ABL1	ABL1	Ki	Kinase	train	non-cliff	8.59998	2.512	-0.40002
CHEMBL1862_Ki-0204	COc1cc2c(Nc3ccc(Br)cc3F)ncnc2cc1OCC1CCN(C)CC1	Tyrosine-protein kinase ABL1	ABL1	Ki	Kinase	test	non-cliff	7.50004	31.62	-1.49996
CHEMBL1862_Ki-0205	Cc1ccc(Nc2nccc(N(C)c3ccc4c(C)n(C)nc4c3)n2)cc1S(N)(=O)=O	Tyrosine-protein kinase ABL1	ABL1	Ki	Kinase	train	non-cliff	6.5	316.23	-2.5
CHEMBL1862_Ki-0206	CC(=O)Nc1cc2ccccn2n1	Tyrosine-protein kinase ABL1	ABL1	Ki	Kinase	test	non-cliff	4.2	63095.7	-4.8
CHEMBL1862_Ki-0207	Nc1nccc2cnc(-c3ccccc3)n12	Tyrosine-protein kinase ABL1	ABL1	Ki	Kinase	train	non-cliff	4.6	25118.9	-4.4
CHEMBL1862_Ki-0208	Cc1cccc(NC(=O)Nc2ccc(-c3csc4c(C#CCN5CCCC5)cnc(N)c34)cc2)c1	Tyrosine-protein kinase ABL1	ABL1	Ki	Kinase	test	non-cliff	6.6	251.19	-2.4
CHEMBL1862_Ki-0209	CC(C)c1cc(=O)[nH]c2[nH][nH]c(=O)c12	Tyrosine-protein kinase ABL1	ABL1	Ki	Kinase	train	non-cliff	4.2	63095.7	-4.8
CHEMBL1862_Ki-0210	c1cc2cc(-c3ccc4cn[nH]c4c3)cnc2[nH]1	Tyrosine-protein kinase ABL1	ABL1	Ki	Kinase	test	non-cliff	7.29999	50.12	-1.70001
CHEMBL1862_Ki-0211	CCN(CC)CCCNC(=O)c1cnc(N)c2c(-c3ccc(NC(=O)Nc4cccc(C)c4)cc3)csc12	Tyrosine-protein kinase ABL1	ABL1	Ki	Kinase	train	cliff	8.10002	7.943	-0.899985
CHEMBL1862_Ki-0212	O=C(Nc1cccc(-c2nc3sccn3c2-c2ccnc(Nc3cccc(N4CCOCC4)c3)n2)c1Cl)c1ccccc1F	Tyrosine-protein kinase ABL1	ABL1	Ki	Kinase	test	non-cliff	5.9	1258.93	-3.1
CHEMBL1862_Ki-0213	CCN1CCN(Cc2ccc(NC(=O)Nc3ccc(Oc4cc(NC)ncn4)cc3)cc2C(F)(F)F)CC1	Tyrosine-protein kinase ABL1	ABL1	Ki	Kinase	train	non-cliff	7.59998	25.12	-1.40002
CHEMBL1862_Ki-0214	CCc1c(-c2ccc(C(C)=O)cc2)[nH]c2nccnc12	Tyrosine-protein kinase ABL1	ABL1	Ki	Kinase	train	non-cliff	5.7	1995.26	-3.3
CHEMBL1862_Ki-0215	Cc1ccc(F)c(NC(=O)Nc2ccc(-c3coc4c(C#CCN5CCOCC5)cnc(N)c34)cc2)c1	Tyrosine-protein kinase ABL1	ABL1	Ki	Kinase	train	cliff	6.4	398.11	-2.6
CHEMBL1862_Ki-0216	CCOc1ccc(NC(=O)Nc2ccc(-c3csc4c(-c5cnn(C)c5)cnc(N)c34)cc2)cc1	Tyrosine-protein kinase ABL1	ABL1	Ki	Kinase	train	non-cliff	9.19997	0.631	0.199971
CHEMBL1862_Ki-0217	c1ccc(CNc2nc(Nc3cc(C4CC4)[nH]n3)c3sccc3n2)cc1	Tyrosine-protein kinase ABL1	ABL1	Ki	Kinase	train	non-cliff	8	10	-1
CHEMBL1862_Ki-0218	CNC(=O)c1cc(Oc2ccc(NC(=O)Nc3ccc(Cl)c(C(F)(F)F)c3)cc2)ccn1	Tyrosine-protein kinase ABL1	ABL1	Ki	Kinase	train	non-cliff	6.8	158.49	-2.2
CHEMBL1862_Ki-0219	CNC(=O)C=Cc1cnc(N)c2c(-c3cc(F)c4[nH]c(C)cc4c3)csc12	Tyrosine-protein kinase ABL1	ABL1	Ki	Kinase	train	non-cliff	8.70006	1.995	-0.299943
CHEMBL1862_Ki-0220	O=C(Nc1cnc2[nH]cc(-c3ccccc3)c2c1)c1c(F)cccc1F	Tyrosine-protein kinase ABL1	ABL1	Ki	Kinase	test	non-cliff	8	10	-1
CHEMBL1862_Ki-0221	O=c1[nH]c2cc(Br)cnc2[nH]1	Tyrosine-protein kinase ABL1	ABL1	Ki	Kinase	train	non-cliff	4.8	15848.9	-4.2
CHEMBL1862_Ki-0222	CNC(=O)c1cnc(N)c2c(-c3ccc(NC(=O)Nc4cccc(Cl)c4)cc3)csc12	Tyrosine-protein kinase ABL1	ABL1	Ki	Kinase	train	cliff	9.29999	0.5012	0.299989
CHEMBL1862_Ki-0223	Cc1cc(Nc2nc(Cl)cc(NCc3ccccc3)n2)n[nH]1	Tyrosine-protein kinase ABL1	ABL1	Ki	Kinase	train	non-cliff	6.1	794.33	-2.9
CHEMBL1862_Ki-0224	NC(=O)c1cc2ccncc2s1	Tyrosine-protein kinase ABL1	ABL1	Ki	Kinase	train	non-cliff	4.1	79432.8	-4.9
CHEMBL1862_Ki-0225	O=C(O)c1ccccc1Nc1ccnc(Nc2ccc([N+](=O)[O-])cc2)n1	Tyrosine-protein kinase ABL1	ABL1	Ki	Kinase	train	non-cliff	6.1	794.33	-2.9
CHEMBL1862_Ki-0226	Cc1cc(-c2ccccc2)n(-c2cc(NN=Cc3ccco3)ncn2)n1	Tyrosine-protein kinase ABL1	ABL1	Ki	Kinase	train	non-cliff	6.3	501.19	-2.7
CHEMBL1862_Ki-0227	Cc1cccc(NC(=O)Nc2ccc(-c3csc4c(C#CCCCCCCCCN)cnc(N)c34)cc2)c1	Tyrosine-protein kinase ABL1	ABL1	Ki	Kinase	train	non-cliff	6.90001	125.89	-2.09999
CHEMBL1862_Ki-0228	Cc1cccc(NC(=O)Nc2ccc(-c3csc4c(-c5cnn(C)c5)cnc(N)c34)cc2)c1	Tyrosine-protein kinase ABL1	ABL1	Ki	Kinase	train	cliff	8.79997	1.585	-0.200029
CHEMBL1862_Ki-0229	COc1cc(Nc2ncnc(N3CCCc4cc(C)ccc43)n2)cc(OC)c1OC	Tyrosine-protein kinase ABL1	ABL1	Ki	Kinase	train	non-cliff	5.7	1995.26	-3.3
CHEMBL1862_Ki-0230	CC(C)(C)c1ccc2nc(-c3n[nH]c4ccccc34)[nH]c2c1	Tyrosine-protein kinase ABL1	ABL1	Ki	Kinase	train	non-cliff	6.8	158.49	-2.2
CHEMBL1862_Ki-0231	CNC1CC2OC(C)(C1OC)n1c3ccccc3c3c4c(c5c6ccccc6n2c5c31)C(=O)NC4	Tyrosine-protein kinase ABL1	ABL1	Ki	Kinase	test	non-cliff	7	100	-2
CHEMBL1862_Ki-0232	CCN(CC)CCNC(=O)C=Cc1cnc(N)c2c(-c3ccc(NC(=O)Nc4cccc(C)c4)cc3)csc12	Tyrosine-protein kinase ABL1	ABL1	Ki	Kinase	test	non-cliff	8.59998	2.512	-0.40002
CHEMBL1862_Ki-0233	Nc1nnc2cncc(Cl)n12	Tyrosine-protein kinase ABL1	ABL1	Ki	Kinase	train	non-cliff	4.6	25118.9	-4.4
CHEMBL1862_Ki-0234	S=c1[nH]nc2c3c4c(sc3n3c(=S)[nH]nc3n12)CCC4	Tyrosine-protein kinase ABL1	ABL1	Ki	Kinase	train	non-cliff	7.10002	79.43	-1.89998
CHEMBL1862_Ki-0235	Cc1cccc(NC(=O)Nc2ccc(-c3cnc4c(-c5cnn(C)c5)cnn4c3N)cc2)c1	Tyrosine-protein kinase ABL1	ABL1	Ki	Kinase	train	non-cliff	7.59998	25.12	-1.40002
CHEMBL1862_Ki-0236	O=c1[nH]cnc2c(Cl)cccc12	Tyrosine-protein kinase ABL1	ABL1	Ki	Kinase	test	non-cliff	4.4	39810.7	-4.6
CHEMBL1862_Ki-0237	CN(C)CC(O)COc1ccc(Nc2nccc(Nc3cc(Cl)ccc3Cl)n2)cc1	Tyrosine-protein kinase ABL1	ABL1	Ki	Kinase	train	non-cliff	6.69999	199.53	-2.30001
CHEMBL1862_Ki-0238	Nc1n[nH]c2cccc(-c3ccc(NC(=O)Nc4cccc(F)c4)cc3)c12	Tyrosine-protein kinase ABL1	ABL1	Ki	Kinase	train	non-cliff	6.5	316.23	-2.5
CHEMBL1862_Ki-0239	Cc1ccc(-c2nn(C(C)(C)C)c3ncnc(N)c23)cc1	Tyrosine-protein kinase ABL1	ABL1	Ki	Kinase	train	non-cliff	6.6	251.19	-2.4
CHEMBL1862_Ki-0240	Cc1cc(=O)n2ccc(CN(C)C)c(O)c2n1	Tyrosine-protein kinase ABL1	ABL1	Ki	Kinase	train	non-cliff	7.10002	79.43	-1.89998
CHEMBL1862_Ki-0241	Cc1cccc(NC(=O)Nc2ccc(-c3csc4ccnc(N)c34)cc2)c1	Tyrosine-protein kinase ABL1	ABL1	Ki	Kinase	test	non-cliff	6.4	398.11	-2.6
CHEMBL1862_Ki-0242	CCN(C(C)=O)c1ccc(Nc2nc(NC3CC3)c3nc[nH]c3n2)cc1	Tyrosine-protein kinase ABL1	ABL1	Ki	Kinase	train	non-cliff	7	100	-2
CHEMBL1862_Ki-0243	Cn1cc(-c2cc3nc(Br)cnc3[nH]2)c2ccccc21	Tyrosine-protein kinase ABL1	ABL1	Ki	Kinase	train	non-cliff	5.9	1258.93	-3.1
CHEMBL1862_Ki-0244	Cc1cccc(NC(=O)Nc2ccc(-c3csc4c(C#CCN)cnc(N)c34)cc2)c1	Tyrosine-protein kinase ABL1	ABL1	Ki	Kinase	train	non-cliff	6.6	251.19	-2.4
CHEMBL1862_Ki-0245	CN1CCN(c2ccc3nc(-c4c(N)c5c(F)cccc5[nH]c4=O)[nH]c3c2)CC1	Tyrosine-protein kinase ABL1	ABL1	Ki	Kinase	train	non-cliff	7	100	-2
CHEMBL1862_Ki-0246	CC(=O)c1cccc(-c2ccc3nccn3n2)c1	Tyrosine-protein kinase ABL1	ABL1	Ki	Kinase	train	non-cliff	4.3	50118.7	-4.7
CHEMBL1862_Ki-0247	COc1ccccc1-c1ccnc(Nc2cccc(S(C)(=O)=O)c2)n1	Tyrosine-protein kinase ABL1	ABL1	Ki	Kinase	train	non-cliff	6.3	501.19	-2.7
CHEMBL1862_Ki-0248	Cc1nc(N)sc1-c1ccnc(Nc2ccc(N3CCOCC3)cc2)n1	Tyrosine-protein kinase ABL1	ABL1	Ki	Kinase	train	non-cliff	6.2	630.96	-2.8
CHEMBL1862_Ki-0249	NC(=O)c1cccc(-c2cnc3[nH]cc(-c4ccccc4)c3c2)c1	Tyrosine-protein kinase ABL1	ABL1	Ki	Kinase	train	non-cliff	7.29999	50.12	-1.70001
CHEMBL1862_Ki-0250	Cc1cccc(NC(=O)Nc2ccc(-c3csc4c(C#Cc5cccnc5)cnc(N)c34)cc2)c1	Tyrosine-protein kinase ABL1	ABL1	Ki	Kinase	test	non-cliff	7.19997	63.1	-1.80003
CHEMBL1862_Ki-0251	Cc1ccc(F)c(NC(=O)Nc2ccc(-c3c(F)ccc4[nH]nc(N)c34)cc2)c1	Tyrosine-protein kinase ABL1	ABL1	Ki	Kinase	train	non-cliff	6.3	501.19	-2.7
CHEMBL1862_Ki-0252	CCN(CC)CCOc1ccc(Nc2ncc3cc(-c4c(Cl)cccc4Cl)c(=O)n(C)c3n2)cc1	Tyrosine-protein kinase ABL1	ABL1	Ki	Kinase	train	non-cliff	9.29999	0.5012	0.299989
CHEMBL1862_Ki-0253	CC(=O)NCC(=O)N1C2CCC1c1cc(Nc3ncc(C(F)(F)F)c(NC4CCC4)n3)ccc12	Tyrosine-protein kinase ABL1	ABL1	Ki	Kinase	train	non-cliff	6.6	251.19	-2.4
CHEMBL1862_Ki-0254	CCC(=O)Nc1ccc(C(=O)N2CCNCC2)c(O)c1	Tyrosine-protein kinase ABL1	ABL1	Ki	Kinase	train	non-cliff	6	1000	-3
CHEMBL1862_Ki-0255	Nc1c(-c2ccc(NC(=O)Nc3cccc(C(F)(F)F)c3)cc2)cnc2c(-c3ccc4c(c3)OCO4)cnn12	Tyrosine-protein kinase ABL1	ABL1	Ki	Kinase	test	non-cliff	6.69999	199.53	-2.30001
CHEMBL1862_Ki-0256	Nc1ccc(-c2csc3c(C=Cc4nc5ccccc5[nH]4)cnc(N)c23)cc1	Tyrosine-protein kinase ABL1	ABL1	Ki	Kinase	train	non-cliff	7.29999	50.12	-1.70001
CHEMBL1862_Ki-0257	O=C(O)c1ccc(Nc2ncc3c(n2)-c2ccc(Cl)cc2C(c2c(F)cccc2F)=NC3)cc1	Tyrosine-protein kinase ABL1	ABL1	Ki	Kinase	test	non-cliff	6.8	158.49	-2.2
CHEMBL1862_Ki-0258	Nc1ncnc2scc(-c3ccccc3)c12	Tyrosine-protein kinase ABL1	ABL1	Ki	Kinase	train	non-cliff	5.6	2511.89	-3.4
CHEMBL1862_Ki-0259	O=c1[nH][nH]c2ccc(Br)cc12	Tyrosine-protein kinase ABL1	ABL1	Ki	Kinase	test	non-cliff	4.4	39810.7	-4.6
CHEMBL1862_Ki-0260	COc1ccc2[nH]cc(C=C3C(=O)Nc4ccccc43)c2c1	Tyrosine-protein kinase ABL1	ABL1	Ki	Kinase	train	non-cliff	5.9	1258.93	-3.1
CHEMBL1862_Ki-0261	NC(=O)c1cc2c(-c3ccc(Nc4nc5ccccc5o4)cc3)cnc(N)c2s1	Tyrosine-protein kinase ABL1	ABL1	Ki	Kinase	train	non-cliff	5.8	1584.89	-3.2
CHEMBL1862_Ki-0262	Cc1cccc(-c2cccc3onc(N)c23)c1	Tyrosine-protein kinase ABL1	ABL1	Ki	Kinase	train	non-cliff	4.6	25118.9	-4.4
CHEMBL1862_Ki-0263	O=C(Nc1cccc(C(F)(F)F)n1)Nc1ccnc2ccc(Cl)cc12	Tyrosine-protein kinase ABL1	ABL1	Ki	Kinase	train	non-cliff	5.7	1995.26	-3.3
CHEMBL1862_Ki-0264	O=C1NN=Cc2c[nH]c3cc(NC(=O)C4CC4c4ccccc4)cc1c23	Tyrosine-protein kinase ABL1	ABL1	Ki	Kinase	test	non-cliff	7	100	-2
CHEMBL1862_Ki-0265	Cc1cccc(NC(=O)Nc2ccc(-c3coc4ncnc(N)c34)cc2)c1	Tyrosine-protein kinase ABL1	ABL1	Ki	Kinase	train	non-cliff	6.69999	199.53	-2.30001
CHEMBL1862_Ki-0266	Clc1cc(Nc2nc(NC3CC3)c3sccc3n2)ccc1N1CCOCC1	Tyrosine-protein kinase ABL1	ABL1	Ki	Kinase	train	non-cliff	5.9	1258.93	-3.1
CHEMBL1862_Ki-0267	O=c1[nH]c2ccc(Cl)cc2c2ncnn12	Tyrosine-protein kinase ABL1	ABL1	Ki	Kinase	train	non-cliff	4.4	39810.7	-4.6
CHEMBL1862_Ki-0268	CN1CCN(c2ccc(C(=O)Nc3n[nH]c4ccc(Cc5cc(F)cc(F)c5)cc34)c(NC3CCOCC3)c2)CC1	Tyrosine-protein kinase ABL1	ABL1	Ki	Kinase	train	non-cliff	6.5	316.23	-2.5
CHEMBL1862_Ki-0269	COC(=O)c1c(N)nc2ccccn12	Tyrosine-protein kinase ABL1	ABL1	Ki	Kinase	train	non-cliff	4	100000	-5
CHEMBL1862_Ki-0270	Cn1cc(-c2cc3nc(Br)cnc3[nH]2)c2cc(F)ccc21	Tyrosine-protein kinase ABL1	ABL1	Ki	Kinase	train	non-cliff	6.8	158.49	-2.2
CHEMBL1862_Ki-0271	CC(C)NC1=NNC(=O)C1=Cc1cc2ccccc2[nH]1	Tyrosine-protein kinase ABL1	ABL1	Ki	Kinase	train	non-cliff	6.6	251.19	-2.4
CHEMBL1862_Ki-0272	Cn1cc(-c2cnc(N)c3c(-c4ccc(NC(=O)Nc5cccc(F)c5)cc4)csc23)cn1	Tyrosine-protein kinase ABL1	ABL1	Ki	Kinase	test	cliff	8.70006	1.995	-0.299943
CHEMBL1862_Ki-0273	Nc1ccc(-c2cccn3c(=O)[nH]nc23)cc1	Tyrosine-protein kinase ABL1	ABL1	Ki	Kinase	test	non-cliff	4.3	50118.7	-4.7
CHEMBL1862_Ki-0274	Cc1cccc(NC(=O)Nc2ccc(-c3csc4c(C#CCN(C)C)cnc(N)c34)cc2)c1	Tyrosine-protein kinase ABL1	ABL1	Ki	Kinase	train	non-cliff	6.8	158.49	-2.2
CHEMBL1862_Ki-0275	COCCOC1CCC(n2nc(-c3ccc(Nc4nc5cc(C)cc(C)c5o4)cc3)c3c(N)ncnc32)CC1	Tyrosine-protein kinase ABL1	ABL1	Ki	Kinase	train	non-cliff	6.4	398.11	-2.6
CHEMBL1862_Ki-0276	O=C1Nc2ccccc2C1=Cc1c[nH]c2ccccc12	Tyrosine-protein kinase ABL1	ABL1	Ki	Kinase	train	non-cliff	5.9	1258.93	-3.1
CHEMBL1862_Ki-0277	Cc1cc(C)cc(NC(=O)Nc2ccc(-c3c(C)sc4ncnc(N)c34)cc2)c1	Tyrosine-protein kinase ABL1	ABL1	Ki	Kinase	test	non-cliff	6.69999	199.53	-2.30001
CHEMBL1862_Ki-0278	COc1ccc(C=NNc2ncnc3c2[nH]c2ccccc23)cc1OC	Tyrosine-protein kinase ABL1	ABL1	Ki	Kinase	test	non-cliff	7.19997	63.1	-1.80003
CHEMBL1862_Ki-0279	Cc1cccc(NC(=O)Nc2ccc(-c3csc4ncnc(N)c34)cc2)c1	Tyrosine-protein kinase ABL1	ABL1	Ki	Kinase	train	non-cliff	6.8	158.49	-2.2
CHEMBL1862_Ki-0280	CC1=CN2CC(=O)NN=C2C=C1	Tyrosine-protein kinase ABL1	ABL1	Ki	Kinase	test	non-cliff	4	100000	-5
CHEMBL1862_Ki-0281	CNCC#Cc1cnc(N)c2c(-c3ccc(NC(=O)Nc4cccc(C)c4)cc3)csc12	Tyrosine-protein kinase ABL1	ABL1	Ki	Kinase	test	cliff	6.8	158.49	-2.2
CHEMBL1862_Ki-0282	ON=C(c1nc2ccccc2[nH]1)c1nc2ccccc2[nH]1	Tyrosine-protein kinase ABL1	ABL1	Ki	Kinase	train	non-cliff	5.9	1258.93	-3.1
CHEMBL1862_Ki-0283	Cc1ccc(NC(=O)Nc2ccc(-c3csc4ncnc(N)c34)cc2)cc1C	Tyrosine-protein kinase ABL1	ABL1	Ki	Kinase	train	non-cliff	6.5	316.23	-2.5
CHEMBL1862_Ki-0284	Nc1nc(=O)[nH]c2sccc12	Tyrosine-protein kinase ABL1	ABL1	Ki	Kinase	train	non-cliff	4.2	63095.7	-4.8
CHEMBL1862_Ki-0285	Cn1cc(-c2cnn3c(N)c(-c4ccc(NC(=O)Nc5cccc(C(F)(F)F)c5)cc4)cnc23)cn1	Tyrosine-protein kinase ABL1	ABL1	Ki	Kinase	train	non-cliff	7.79997	15.85	-1.20003
CHEMBL1862_Ki-0286	Cc1cccc(Nc2nc(NC3CCCCC3N)cnc2C(N)=O)c1	Tyrosine-protein kinase ABL1	ABL1	Ki	Kinase	test	non-cliff	6.6	251.19	-2.4
CHEMBL1862_Ki-0287	COc1cc(N2CCC(N3CCN(C)CC3)CC2)ccc1Nc1ncc(Cl)c(Nc2ccccc2S(=O)(=O)C(C)C)n1	Tyrosine-protein kinase ABL1	ABL1	Ki	Kinase	test	non-cliff	6.6	251.19	-2.4
CHEMBL1862_Ki-0288	CN1CCN(c2ccc(-c3cnc4c(c3)N(Cc3c(F)ccc(F)c3Cl)CCN4)cn2)CC1	Tyrosine-protein kinase ABL1	ABL1	Ki	Kinase	train	non-cliff	7	100	-2
CHEMBL1862_Ki-0289	CCC(N)(C#Cc1cnc(N)c2c(-c3ccc(NC(=O)Nc4cccc(C)c4)cc3)csc12)CC	Tyrosine-protein kinase ABL1	ABL1	Ki	Kinase	train	non-cliff	6.3	501.19	-2.7
CHEMBL1862_Ki-0290	COc1ccc(-n2ccc3cnc(Nc4cc(OC)c(OC)c(OC)c4)nc32)cc1	Tyrosine-protein kinase ABL1	ABL1	Ki	Kinase	train	non-cliff	6.3	501.19	-2.7
CHEMBL1862_Ki-0291	Nc1ncc2cccc(-c3ccccc3)n12	Tyrosine-protein kinase ABL1	ABL1	Ki	Kinase	train	non-cliff	4.6	25118.9	-4.4
CHEMBL1862_Ki-0292	CC(Nc1cncc(-n2cnc3ccc(C#N)cc32)n1)c1ccccc1F	Tyrosine-protein kinase ABL1	ABL1	Ki	Kinase	train	non-cliff	6.2	630.96	-2.8
CHEMBL1862_Ki-0293	Nc1n[nH]c2cccc(-c3ccc(NC(=O)Nc4cccc(C(F)(F)F)c4)c(F)c3)c12	Tyrosine-protein kinase ABL1	ABL1	Ki	Kinase	train	non-cliff	6.5	316.23	-2.5
CHEMBL1862_Ki-0294	COc1cc(Nc2ncc([N+](=O)[O-])c(Nc3ccccc3C(N)=O)n2)cc(OC)c1OC	Tyrosine-protein kinase ABL1	ABL1	Ki	Kinase	train	non-cliff	6.90001	125.89	-2.09999
CHEMBL1862_Ki-0295	O=C1Nc2cc(-c3ccc(O)cc3)ccc2C1=Cc1ccc[nH]1	Tyrosine-protein kinase ABL1	ABL1	Ki	Kinase	train	non-cliff	7.29999	50.12	-1.70001
CHEMBL1862_Ki-0296	CCN(CC)CC#Cc1cnc(N)c2c(-c3ccc(NC(=O)Nc4cccc(C)c4)cc3)csc12	Tyrosine-protein kinase ABL1	ABL1	Ki	Kinase	train	cliff	6.3	501.19	-2.7
CHEMBL1862_Ki-0297	c1nc(-c2ccc3c(c2)OCO3)c2cc[nH]c2n1	Tyrosine-protein kinase ABL1	ABL1	Ki	Kinase	train	non-cliff	5.1	7943.28	-3.9
CHEMBL1862_Ki-0298	O=C(Nc1cccc(C2Nc3ccc4ccccc4c3C3C=CCC32)c1)c1ccc(F)cc1	Tyrosine-protein kinase ABL1	ABL1	Ki	Kinase	train	non-cliff	5.9	1258.93	-3.1
CHEMBL1862_Ki-0299	COc1cc(-c2csc3c(C=CC(=O)NCCN(C)C)cnc(N)c23)ccc1NC(=O)c1cc2ccccc2n1C	Tyrosine-protein kinase ABL1	ABL1	Ki	Kinase	train	non-cliff	7.89997	12.59	-1.10003
CHEMBL1862_Ki-0300	CCN(CC)CCNC(=O)c1cccc(-n2nc(C(C)(C)C)cc2NC(=O)Nc2cccc3ccccc23)c1	Tyrosine-protein kinase ABL1	ABL1	Ki	Kinase	test	non-cliff	5.8	1584.89	-3.2
CHEMBL1862_Ki-0301	Nc1ncnc2scc(-c3ccc(NC(=O)Nc4ccccc4)cc3)c12	Tyrosine-protein kinase ABL1	ABL1	Ki	Kinase	train	non-cliff	6.6	251.19	-2.4
CHEMBL1862_Ki-0302	C#Cc1cn(C2CCCC2)c2ncnc(N)c12	Tyrosine-protein kinase ABL1	ABL1	Ki	Kinase	train	non-cliff	6	1000	-3
CHEMBL1862_Ki-0303	CCc1c(-c2ccc(C(C)(C)O)cc2)[nH]c2nccnc12	Tyrosine-protein kinase ABL1	ABL1	Ki	Kinase	train	non-cliff	5.9	1258.93	-3.1
CHEMBL1862_Ki-0304	O=C(Nc1cccc(C(F)(F)F)n1)Nc1ccnc2cc(Cl)ccc12	Tyrosine-protein kinase ABL1	ABL1	Ki	Kinase	train	non-cliff	5.4	3981.07	-3.6
CHEMBL1862_Ki-0305	COc1ccc2c(c1)c(-c1cc3nc(Br)cnc3[nH]1)cn2C	Tyrosine-protein kinase ABL1	ABL1	Ki	Kinase	train	non-cliff	6.69999	199.53	-2.30001
CHEMBL1862_Ki-0306	COc1cccc(OC)c1CNc1nc(NC2CCCCC2)nc2ccc(Cl)cc12	Tyrosine-protein kinase ABL1	ABL1	Ki	Kinase	test	non-cliff	6.4	398.11	-2.6
CHEMBL1862_Ki-0307	CC(C)S(=O)(=O)n1c(N)nc2ccc(-c3c(-c4ccc(F)cc4)nc4sccn34)cc21	Tyrosine-protein kinase ABL1	ABL1	Ki	Kinase	train	non-cliff	6.3	501.19	-2.7
CHEMBL1862_Ki-0308	COc1cc(-c2ccc3c(c2)Nc2ccc(C(=O)NCCCN(C)C)cc2NC3=O)ccc1O	Tyrosine-protein kinase ABL1	ABL1	Ki	Kinase	train	non-cliff	6.6	251.19	-2.4
CHEMBL1862_Ki-0309	COc1ccc(-c2ccc(NC(=O)Nc3cc(F)cc(F)c3)cc2)c2c(N)noc12	Tyrosine-protein kinase ABL1	ABL1	Ki	Kinase	train	non-cliff	6.3	501.19	-2.7
CHEMBL1862_Ki-0310	NC(=O)c1ccc(-c2c[nH]c3nccc(Cl)c23)cc1	Tyrosine-protein kinase ABL1	ABL1	Ki	Kinase	train	non-cliff	6	1000	-3
CHEMBL1862_Ki-0311	Nc1ncnc2c1N=C(c1ccccc1)CCN2	Tyrosine-protein kinase ABL1	ABL1	Ki	Kinase	train	non-cliff	5.4	3981.07	-3.6
CHEMBL1862_Ki-0312	Cc1cccc(NC(=O)Nc2ccc(-c3csc4c(-c5cn[nH]c5)cnc(N)c34)cc2)c1	Tyrosine-protein kinase ABL1	ABL1	Ki	Kinase	train	cliff	8.79997	1.585	-0.200029
CHEMBL1862_Ki-0313	CCc1nc(Nc2ccc(N3CCOCC3)c(Cl)c2)nc2[nH]ccc12	Tyrosine-protein kinase ABL1	ABL1	Ki	Kinase	train	non-cliff	5.8	1584.89	-3.2
CHEMBL1862_Ki-0314	O=C1Cc2c([nH]c3ccc([N+](=O)[O-])cc23)-c2ccccc2N1	Tyrosine-protein kinase ABL1	ABL1	Ki	Kinase	train	non-cliff	5.8	1584.89	-3.2
CHEMBL1862_Ki-0315	Cc1cnc(Nc2cccc(S(N)(=O)=O)c2)nc1Nc1ccc(OCC(N)=O)cc1	Tyrosine-protein kinase ABL1	ABL1	Ki	Kinase	train	non-cliff	6.69999	199.53	-2.30001
CHEMBL1862_Ki-0316	Cc1ccc(-c2cc3nc(Br)cnc3[nH]2)cc1	Tyrosine-protein kinase ABL1	ABL1	Ki	Kinase	train	non-cliff	6.1	794.33	-2.9
CHEMBL1862_Ki-0317	Nc1ncnc2c1c(-c1cnc3[nH]ccc3c1)nn2C1CCCC1	Tyrosine-protein kinase ABL1	ABL1	Ki	Kinase	test	non-cliff	7.79997	15.85	-1.20003
CHEMBL1862_Ki-0318	COc1ccc(NC(=O)Nc2ccc(-c3csc4c(-c5cnn(CC(O)CO)c5)cnc(N)c34)cc2)cc1	Tyrosine-protein kinase ABL1	ABL1	Ki	Kinase	test	non-cliff	8.70006	1.995	-0.299943
CHEMBL1862_Ki-0319	Nc1ncc(-c2ccoc2)c2scc(-c3ccc(NC(=O)Nc4ccccc4F)cc3)c12	Tyrosine-protein kinase ABL1	ABL1	Ki	Kinase	train	non-cliff	7	100	-2
CHEMBL1862_Ki-0320	COc1c(-c2nc3ccccc3[nH]2)c(O)cc2oc(C)cc(=O)c12	Tyrosine-protein kinase ABL1	ABL1	Ki	Kinase	test	non-cliff	6.1	794.33	-2.9
CHEMBL1862_Ki-0321	Clc1cc2nnc(-c3ccccc3)n2cn1	Tyrosine-protein kinase ABL1	ABL1	Ki	Kinase	train	non-cliff	4.2	63095.7	-4.8
CHEMBL1862_Ki-0322	CCNc1nc(C)c(-c2ccnc(Nc3ccc(N4CCN(C(C)=O)CC4)cc3)n2)s1	Tyrosine-protein kinase ABL1	ABL1	Ki	Kinase	train	non-cliff	6.6	251.19	-2.4
CHEMBL1862_Ki-0323	CC(C)Cc1nc(Nc2ccc(N3CCOCC3)c(Cl)c2)nc2[nH]ccc12	Tyrosine-protein kinase ABL1	ABL1	Ki	Kinase	train	non-cliff	5.6	2511.89	-3.4
CHEMBL1862_Ki-0324	CC(=O)c1ccccc1-c1ncnc2[nH]ccc12	Tyrosine-protein kinase ABL1	ABL1	Ki	Kinase	test	non-cliff	4.1	79432.8	-4.9
CHEMBL1862_Ki-0325	COc1cc(-c2nn(C3CCC(N4CCN(C(C)=O)CC4)CC3)c3ncnc(N)c23)ccc1NC(=O)c1cc2ccccc2n1C	Tyrosine-protein kinase ABL1	ABL1	Ki	Kinase	train	non-cliff	6.8	158.49	-2.2
CHEMBL1862_Ki-0326	Nc1ncc(-c2cnn(CCO)c2)c2scc(-c3ccc(NC(=O)Nc4ccc(OC(F)F)cc4)cc3)c12	Tyrosine-protein kinase ABL1	ABL1	Ki	Kinase	train	non-cliff	8.79997	1.585	-0.200029
CHEMBL1862_Ki-0327	Fc1cccc(CNc2ncnc3[nH]cnc23)c1	Tyrosine-protein kinase ABL1	ABL1	Ki	Kinase	train	non-cliff	4.3	50118.7	-4.7
CHEMBL1862_Ki-0328	NC1CCC(Nc2nc(Cl)cc(-c3c[nH]c4ncccc34)n2)CC1	Tyrosine-protein kinase ABL1	ABL1	Ki	Kinase	train	non-cliff	5.8	1584.89	-3.2
CHEMBL1862_Ki-0329	Cn1nc(N)c2c(-c3ccc(NC(=O)Nc4ccc(F)c(C(F)(F)F)c4)cc3)ccnc21	Tyrosine-protein kinase ABL1	ABL1	Ki	Kinase	train	non-cliff	6.69999	199.53	-2.30001
CHEMBL1862_Ki-0330	CN1CCN(c2ccc(-c3cnc4c(c3)N(Cc3cc(Cl)ccc3C(F)(F)F)CCN4)cn2)CC1	Tyrosine-protein kinase ABL1	ABL1	Ki	Kinase	train	non-cliff	6.1	794.33	-2.9
CHEMBL1862_Ki-0331	Cc1cccc(NC(=O)Nc2ccc(-c3csc4c(C#CCN5CCOCC5)cnc(N)c34)cc2)c1	Tyrosine-protein kinase ABL1	ABL1	Ki	Kinase	train	cliff	7.40001	39.81	-1.59999
CHEMBL1862_Ki-0332	Cc1cccc(NC(=O)Nc2ccc(-c3cncc4[nH]nc(N)c34)cc2)c1	Tyrosine-protein kinase ABL1	ABL1	Ki	Kinase	test	non-cliff	6.2	630.96	-2.8
CHEMBL1862_Ki-0333	Clc1cc(-c2c[nH]c3ncccc23)cc(NCc2ccccc2)n1	Tyrosine-protein kinase ABL1	ABL1	Ki	Kinase	train	non-cliff	6.3	501.19	-2.7
CHEMBL1862_Ki-0334	Cc1cc(Nc2ncc(F)c(NC3C4C=CC(C4)C3C(N)=O)n2)ccc1N1CCN(C)CC1	Tyrosine-protein kinase ABL1	ABL1	Ki	Kinase	train	non-cliff	7.40001	39.81	-1.59999
CHEMBL1862_Ki-0335	O=c1c(NCc2cccc(C(F)(F)F)c2)c(Nc2ccncc2)c1=O	Tyrosine-protein kinase ABL1	ABL1	Ki	Kinase	train	non-cliff	6.4	398.11	-2.6
CHEMBL1862_Ki-0336	Nc1ncnc2sccc12	Tyrosine-protein kinase ABL1	ABL1	Ki	Kinase	train	non-cliff	4.7	19952.6	-4.3
CHEMBL1862_Ki-0337	O=C(Cc1ccc(-c2cccnc2)cc1)Nc1ccc(SC(F)F)cc1	Tyrosine-protein kinase ABL1	ABL1	Ki	Kinase	train	non-cliff	6.69999	199.53	-2.30001
CHEMBL1862_Ki-0338	COc1ccc(NC(=O)Nc2ccc(-c3csc4c(-c5cnn(CC(C)(C)O)c5)cnc(N)c34)cc2)cc1	Tyrosine-protein kinase ABL1	ABL1	Ki	Kinase	test	cliff	8.50004	3.162	-0.499962
CHEMBL1862_Ki-0339	Nc1n[nH]c2nccc(-c3ccc(NC(=O)Nc4cc(C(F)(F)F)ccc4F)cc3)c12	Tyrosine-protein kinase ABL1	ABL1	Ki	Kinase	train	non-cliff	7.10002	79.43	-1.89998
CHEMBL1862_Ki-0340	C=Cc1ccc(-c2cccc3nnc(N)n23)cc1	Tyrosine-protein kinase ABL1	ABL1	Ki	Kinase	train	non-cliff	4.4	39810.7	-4.6
CHEMBL1862_Ki-0341	Cc1cc(C)cc(NC(=O)Nc2ccc(-c3cccc4c3CNC4=O)c(C)c2)c1	Tyrosine-protein kinase ABL1	ABL1	Ki	Kinase	train	non-cliff	6.2	630.96	-2.8
CHEMBL1862_Ki-0342	Cc1ccc(-c2cnc(N)c3c(-c4ccc(NC(=O)Nc5cccc(F)c5)cc4)csc23)cn1	Tyrosine-protein kinase ABL1	ABL1	Ki	Kinase	train	cliff	7.40001	39.81	-1.59999
CHEMBL1862_Ki-0343	Nc1ncnc2c1N=C(c1ccc(NC(=O)Nc3cccc(C(F)(F)F)c3)cc1)CCN2	Tyrosine-protein kinase ABL1	ABL1	Ki	Kinase	train	non-cliff	7.10002	79.43	-1.89998
CHEMBL1862_Ki-0344	NC(=O)c1c(OCc2c(F)cc(Br)cc2F)nsc1NC(=O)NCCCCN1CCCC1	Tyrosine-protein kinase ABL1	ABL1	Ki	Kinase	train	non-cliff	7.10002	79.43	-1.89998
CHEMBL1862_Ki-0345	O=C(NN=Cc1ccc(O)cc1O)Nc1cccc2nsnc12	Tyrosine-protein kinase ABL1	ABL1	Ki	Kinase	train	non-cliff	6.4	398.11	-2.6
CHEMBL1862_Ki-0346	O=C(O)c1ccccc1Nc1ccnc(Nc2ccc3[nH]ncc3c2)n1	Tyrosine-protein kinase ABL1	ABL1	Ki	Kinase	train	non-cliff	6.3	501.19	-2.7
CHEMBL1862_Ki-0347	N#CC1=C(c2ccccc2)CC(c2ccc(Cl)cc2)C(C(=O)c2ccccc2)C1=O	Tyrosine-protein kinase ABL1	ABL1	Ki	Kinase	test	non-cliff	5.9	1258.93	-3.1
CHEMBL1862_Ki-0348	CNC(=O)C=Cc1cnc(N)c2c(-c3ccc4sc(C)nc4c3)csc12	Tyrosine-protein kinase ABL1	ABL1	Ki	Kinase	train	non-cliff	7.29999	50.12	-1.70001
CHEMBL1862_Ki-0349	O=C1NC(=O)c2c1c(-c1ccccc1Cl)cc1[nH]c3ccc(O)cc3c21	Tyrosine-protein kinase ABL1	ABL1	Ki	Kinase	train	non-cliff	6.8	158.49	-2.2
CHEMBL1862_Ki-0350	COc1cc(-c2ccc3c(c2)Nc2c(O)cccc2NC3=O)ccc1O	Tyrosine-protein kinase ABL1	ABL1	Ki	Kinase	test	non-cliff	6.1	794.33	-2.9
CHEMBL1862_Ki-0351	CNC(=O)c1ccccc1Sc1ccc2c(C=Cc3ccccn3)n[nH]c2c1	Tyrosine-protein kinase ABL1	ABL1	Ki	Kinase	train	non-cliff	8.50004	3.162	-0.499962
CHEMBL1862_Ki-0352	Cc1cccc(NC(=O)Nc2ccc(-c3csc4c(C#CC(C)(C)N)cnc(N)c34)cc2)c1	Tyrosine-protein kinase ABL1	ABL1	Ki	Kinase	train	non-cliff	6.5	316.23	-2.5
CHEMBL1862_Ki-0353	CCN(CC)CCCNC(=O)c1cnc(N)c2c(-c3ccc(NC(=O)Nc4cccc(F)c4)cc3)csc12	Tyrosine-protein kinase ABL1	ABL1	Ki	Kinase	train	non-cliff	8.10002	7.943	-0.899985
CHEMBL1862_Ki-0354	Cc1cc(C)cc(NC(=O)Nc2ccc(-c3cccc4onc(N)c34)cc2)c1	Tyrosine-protein kinase ABL1	ABL1	Ki	Kinase	train	non-cliff	6.3	501.19	-2.7
CHEMBL1862_Ki-0355	COc1cc(Nc2ncc3c(n2)-c2ccc(Cl)cc2C(c2c(F)cccc2OC)=NC3)ccc1C(=O)O	Tyrosine-protein kinase ABL1	ABL1	Ki	Kinase	train	non-cliff	6.3	501.19	-2.7
CHEMBL1862_Ki-0356	Cc1cc(C)c2oc(Nc3ccc(-c4cccc(C(N)=O)c4N)cc3F)nc2c1	Tyrosine-protein kinase ABL1	ABL1	Ki	Kinase	train	non-cliff	7	100	-2
CHEMBL1862_Ki-0357	Nc1nc(Nc2ccc(S(N)(=O)=O)cc2)nn1C(=O)c1c(F)cccc1F	Tyrosine-protein kinase ABL1	ABL1	Ki	Kinase	train	non-cliff	6.4	398.11	-2.6
CHEMBL1862_Ki-0358	Cc1ccc(NC(=O)Nc2ccc(-c3csc4c(-c5cnn(C)c5)cnc(N)c34)cc2)cc1	Tyrosine-protein kinase ABL1	ABL1	Ki	Kinase	test	non-cliff	8.59998	2.512	-0.40002
CHEMBL1862_Ki-0359	NC(=O)c1ccc2nc(-c3ccc([N+](=O)[O-])o3)cn2c1	Tyrosine-protein kinase ABL1	ABL1	Ki	Kinase	train	non-cliff	6.4	398.11	-2.6
CHEMBL1862_Ki-0360	Cn1nc(N)c2c(-c3ccc(NC(=O)Nc4cccc(C(F)(F)F)c4)cc3)ccnc21	Tyrosine-protein kinase ABL1	ABL1	Ki	Kinase	test	non-cliff	6.69999	199.53	-2.30001
CHEMBL1862_Ki-0361	CN1CCN(c2ccc(Nc3ncc(Cl)c(Nc4ccc5[nH]ncc5c4)n3)cc2)CC1	Tyrosine-protein kinase ABL1	ABL1	Ki	Kinase	train	non-cliff	7	100	-2
CHEMBL1862_Ki-0362	O=C(NN=Cc1cc(Br)c(O)c(Br)c1)Nc1ccccc1	Tyrosine-protein kinase ABL1	ABL1	Ki	Kinase	test	non-cliff	6.2	630.96	-2.8
CHEMBL1862_Ki-0363	N#Cc1cccc(NC(=O)Nc2ccnc3cc(C(F)(F)F)ccc23)n1	Tyrosine-protein kinase ABL1	ABL1	Ki	Kinase	train	non-cliff	5.6	2511.89	-3.4
CHEMBL1862_Ki-0364	COC(C(=O)N1Cc2[nH]nc(NC(=O)c3ccc(N4CCN(C)CC4)cc3)c2C1)c1ccccc1	Tyrosine-protein kinase ABL1	ABL1	Ki	Kinase	train	non-cliff	8.59998	2.512	-0.40002
CHEMBL1862_Ki-0365	O=C(Nc1ccc([N+](=O)[O-])cc1)N1CCc2[nH]c3c(Cl)cc(Cl)cc3c2C1	Tyrosine-protein kinase ABL1	ABL1	Ki	Kinase	test	non-cliff	5.6	2511.89	-3.4
CHEMBL1862_Ki-0366	CC(C)Nc1nccc(Nc2ncc(-c3ccccc3)s2)n1	Tyrosine-protein kinase ABL1	ABL1	Ki	Kinase	train	non-cliff	7.10002	79.43	-1.89998
CHEMBL1862_Ki-0367	O=C1Cc2cc(-c3ccccc3)cnc2N1	Tyrosine-protein kinase ABL1	ABL1	Ki	Kinase	train	non-cliff	4.1	79432.8	-4.9
CHEMBL1862_Ki-0368	O=C1Cc2c([nH]c3ccc(Br)cc23)-c2ncccc2N1	Tyrosine-protein kinase ABL1	ABL1	Ki	Kinase	train	non-cliff	6.2	630.96	-2.8
CHEMBL1862_Ki-0369	COCCOC1CCC(n2nc(-c3ccc(Nc4nc5cc(C)cc(Cl)c5o4)cc3)c3c(N)ncnc32)CC1	Tyrosine-protein kinase ABL1	ABL1	Ki	Kinase	train	non-cliff	6.3	501.19	-2.7
CHEMBL1862_Ki-0370	Nc1ncc(-c2ccncc2)c2scc(-c3ccc(NC(=O)Nc4cc(C(F)(F)F)ccc4F)cc3)c12	Tyrosine-protein kinase ABL1	ABL1	Ki	Kinase	train	non-cliff	8	10	-1
CHEMBL1862_Ki-0371	CNC(=O)c1cnc(N)c2c(-c3ccc(NC(=O)Nc4cc(C)ccc4F)cc3)csc12	Tyrosine-protein kinase ABL1	ABL1	Ki	Kinase	train	non-cliff	8.70006	1.995	-0.299943
CHEMBL1862_Ki-0372	Nc1cc(=O)[nH]n1-c1ccccn1	Tyrosine-protein kinase ABL1	ABL1	Ki	Kinase	train	non-cliff	4.9	12589.2	-4.1
CHEMBL1862_Ki-0373	Cc1ccc(Nc2nc3ccc([N+](=O)[O-])cc3[nH]2)nc1	Tyrosine-protein kinase ABL1	ABL1	Ki	Kinase	train	non-cliff	6.1	794.33	-2.9
CHEMBL1862_Ki-0374	COc1ccc(-c2ccc(N)cc2)c2cnoc12	Tyrosine-protein kinase ABL1	ABL1	Ki	Kinase	train	non-cliff	4.2	63095.7	-4.8
CHEMBL1862_Ki-0375	Cc1cc(Nc2cc(N3CCN(C)CC3)nc(C=Cc3ccccc3)n2)n[nH]1	Tyrosine-protein kinase ABL1	ABL1	Ki	Kinase	train	non-cliff	6.69999	199.53	-2.30001
CHEMBL1862_Ki-0376	CCOC(=O)C1=c2sc(=Cc3ccco3)c(=O)n2C(N)=C(C#N)C1c1ccco1	Tyrosine-protein kinase ABL1	ABL1	Ki	Kinase	train	non-cliff	7.10002	79.43	-1.89998
CHEMBL1862_Ki-0377	Nc1ncc(-c2ccoc2)c2scc(-c3ccc(NC(=O)Nc4cccc(F)c4)cc3)c12	Tyrosine-protein kinase ABL1	ABL1	Ki	Kinase	train	cliff	7.50004	31.62	-1.49996
CHEMBL1862_Ki-0378	O=C1Cc2c([nH]c3ccc(Br)cc23)-c2ccccc2N1	Tyrosine-protein kinase ABL1	ABL1	Ki	Kinase	test	non-cliff	6.8	158.49	-2.2
CHEMBL1862_Ki-0379	N#Cc1ccc2nc(N)n(-c3nc(-c4ccccc4)cs3)c2c1	Tyrosine-protein kinase ABL1	ABL1	Ki	Kinase	test	non-cliff	8	10	-1
CHEMBL1862_Ki-0380	Cc1n[nH]c2ccc(-c3cccnc3)cc12	Tyrosine-protein kinase ABL1	ABL1	Ki	Kinase	train	non-cliff	4.6	25118.9	-4.4
CHEMBL1862_Ki-0381	CN(C)c1c(NC(=O)c2c(F)cccc2F)cccc1-c1nc2sccn2c1-c1ccnc(Nc2cccc(N3CCOCC3)c2)n1	Tyrosine-protein kinase ABL1	ABL1	Ki	Kinase	train	non-cliff	6.3	501.19	-2.7
CHEMBL1862_Ki-0382	CCN(CCN)C(=O)c1cccc(-n2nc(C(C)(C)C)cc2NC(=O)Nc2cccc3ccccc23)c1	Tyrosine-protein kinase ABL1	ABL1	Ki	Kinase	train	non-cliff	5.8	1584.89	-3.2
CHEMBL1862_Ki-0383	CN(C)c1ccc(-c2cc(-c3ccc([N+](=O)[O-])cc3)nc(NS(=O)(=O)c3ccc(N)cc3)n2)cc1	Tyrosine-protein kinase ABL1	ABL1	Ki	Kinase	train	non-cliff	5.9	1258.93	-3.1
CHEMBL1862_Ki-0384	CCCNC(=O)c1ccc(Nc2nc(NCC(F)(F)F)c3cc[nH]c3n2)cc1	Tyrosine-protein kinase ABL1	ABL1	Ki	Kinase	train	non-cliff	6.3	501.19	-2.7
CHEMBL1862_Ki-0385	CN1CCN(C2CCC(n3cc(-c4ccc(Oc5ccccc5)cc4)c4c(N)ncnc43)CC2)CC1	Tyrosine-protein kinase ABL1	ABL1	Ki	Kinase	train	non-cliff	8.40001	3.981	-0.599992
CHEMBL1862_Ki-0386	O=C(Nc1nc2ccccc2s1)c1cccc2c1CN(c1nc(C(=O)O)c(-c3ccc(CO)cc3)s1)CC2	Tyrosine-protein kinase ABL1	ABL1	Ki	Kinase	train	non-cliff	5.8	1584.89	-3.2
CHEMBL1862_Ki-0387	CNc1nc(C)c(-c2ccnc(Nc3ccc(N4CCNCC4)cc3)n2)s1	Tyrosine-protein kinase ABL1	ABL1	Ki	Kinase	train	non-cliff	7.10002	79.43	-1.89998
CHEMBL1862_Ki-0388	Cn1nc(N)c2c(-c3ccc(NC(=O)Nc4cccc(Cl)c4)cc3)cncc21	Tyrosine-protein kinase ABL1	ABL1	Ki	Kinase	train	non-cliff	6.5	316.23	-2.5
CHEMBL1862_Ki-0389	Nc1ncc(-c2cnn(CCO)c2)c2scc(-c3ccc(NC(=O)Nc4cccc(F)c4)cc3)c12	Tyrosine-protein kinase ABL1	ABL1	Ki	Kinase	train	non-cliff	8.50004	3.162	-0.499962
CHEMBL1862_Ki-0390	Cc1ccc(NCc2ccc(-c3ccc(F)cc3)nc2)cc1	Tyrosine-protein kinase ABL1	ABL1	Ki	Kinase	train	non-cliff	5.7	1995.26	-3.3
CHEMBL1862_Ki-0391	Cc1cc2cc(-c3csc4c(-c5cccc(S(C)(=O)=O)c5)cnc(N)c34)ccc2[nH]1	Tyrosine-protein kinase ABL1	ABL1	Ki	Kinase	train	non-cliff	8.40001	3.981	-0.599992
CHEMBL1862_Ki-0392	O=C(O)c1ccccc1Nc1ccnc(Nc2cccc(O)c2)n1	Tyrosine-protein kinase ABL1	ABL1	Ki	Kinase	test	non-cliff	6.5	316.23	-2.5
CHEMBL1862_Ki-0393	CNS(=O)(=O)c1ccccc1Nc1nc(Nc2cc(OC)c(OC)c(OC)c2)ncc1Cl	Tyrosine-protein kinase ABL1	ABL1	Ki	Kinase	train	non-cliff	8.10002	7.943	-0.899985
CHEMBL1862_Ki-0394	O=C(Nc1cnc2[nH]cc(-c3ccccc3)c2c1)c1cccc(F)c1F	Tyrosine-protein kinase ABL1	ABL1	Ki	Kinase	train	non-cliff	6.6	251.19	-2.4
CHEMBL1862_Ki-0395	CC(C)n1nc(-c2ccc3ccccc3c2)c2c(N)ncnc21	Tyrosine-protein kinase ABL1	ABL1	Ki	Kinase	train	cliff	7.16115	69	-1.83885
CHEMBL1862_Ki-0396	COc1ccc2cc(-c3nn(C(C)C)c4ncnc(N)c34)ccc2c1	Tyrosine-protein kinase ABL1	ABL1	Ki	Kinase	train	non-cliff	6.12494	750	-2.87506
CHEMBL1862_Ki-0397	CCOc1ccc2cc(-c3nn(C(C)C)c4ncnc(N)c34)ccc2c1	Tyrosine-protein kinase ABL1	ABL1	Ki	Kinase	train	non-cliff	5.79588	1600	-3.20412
CHEMBL1862_Ki-0398	CC(C)n1nc(-c2cnc3ccccc3c2)c2c(N)ncnc21	Tyrosine-protein kinase ABL1	ABL1	Ki	Kinase	train	cliff	5.79588	1600	-3.20412
CHEMBL1862_Ki-0399	CC(C)n1nc(-c2cc3c(Cl)cccc3[nH]2)c2c(N)ncnc21	Tyrosine-protein kinase ABL1	ABL1	Ki	Kinase	train	non-cliff	6.55284	280	-2.44716
CHEMBL1862_Ki-0400	COc1ccc(-c2nn(CC3CCNCC3)c3ncnc(N)c23)cc1C	Tyrosine-protein kinase ABL1	ABL1	Ki	Kinase	train	non-cliff	5.25964	5500	-3.74036
CHEMBL1862_Ki-0401	COC(=O)Nc1nc2ccc(C(=O)c3ccccc3)cc2[nH]1	Tyrosine-protein kinase ABL1	ABL1	Ki	Kinase	train	non-cliff	5.33724	4600	-3.66276
CHEMBL1862_Ki-0402	Nc1nc2ccc(C(=O)c3ccccc3)cc2[nH]1	Tyrosine-protein kinase ABL1	ABL1	Ki	Kinase	train	non-cliff	5	10000	-4
CHEMBL1862_Ki-0403	C(=C\\n1ncc2c(NCCc3ccccc3)ncnc21)\\c1ccccc1	Tyrosine-protein kinase ABL1	ABL1	Ki	Kinase	train	non-cliff	5.011	9750	-3.989
CHEMBL1862_Ki-0404	ClC(Cn1ncc2c(NCc3ccccc3Br)ncnc21)c1ccc(Br)cc1	Tyrosine-protein kinase ABL1	ABL1	Ki	Kinase	train	cliff	5.87192	1343	-3.12808
CHEMBL1862_Ki-0405	Fc1ccc(CNc2ncnc3c2cnn3CC(Cl)c2ccc(Br)cc2)cc1F	Tyrosine-protein kinase ABL1	ABL1	Ki	Kinase	train	cliff	5.56703	2710	-3.43297
CHEMBL1862_Ki-0406	Clc1ccccc1CNc1ncnc2c1cnn2CC(Cl)c1ccc(Br)cc1	Tyrosine-protein kinase ABL1	ABL1	Ki	Kinase	train	cliff	8.45593	3.5	-0.544068
CHEMBL1862_Ki-0407	ClC(Cn1ncc2c(Nc3ccccc3)ncnc21)c1ccc(Br)cc1	Tyrosine-protein kinase ABL1	ABL1	Ki	Kinase	train	non-cliff	6.21467	610	-2.78533
CHEMBL1862_Ki-0408	Fc1cccc(CNc2ncnc3c2cnn3CC(Cl)c2ccc(Br)cc2)c1	Tyrosine-protein kinase ABL1	ABL1	Ki	Kinase	train	cliff	7.34199	45.5	-1.65801
CHEMBL1862_Ki-0409	CCCCNc1nc(SCC)nc2c1cnn2CC(Cl)c1ccccc1	Tyrosine-protein kinase ABL1	ABL1	Ki	Kinase	train	cliff	6.49485	320	-2.50515
CHEMBL1862_Ki-0410	Nc1ncnc2c1c(-c1ccc(Cl)cc1)nn2-c1cccc(-c2cnnn2CCCCCC(=O)NO)c1	Tyrosine-protein kinase ABL1	ABL1	Ki	Kinase	test	non-cliff	5.62893	2350	-3.37107
CHEMBL1862_Ki-0411	Cc1[nH]c(/C=C2\\C(=O)Nc3ccc(F)cc32)c(C)c1NC(=O)CCN1CCN(C)CC1	Tyrosine-protein kinase ABL1	ABL1	Ki	Kinase	test	non-cliff	6.92082	120	-2.07918
CHEMBL1862_Ki-0412	CSc1nc(Nc2cccc(O)c2)c2cnn(CC(Cl)c3ccccc3)c2n1	Tyrosine-protein kinase ABL1	ABL1	Ki	Kinase	train	non-cliff	6.82391	150	-2.17609
CHEMBL1862_Ki-0413	CC(C)Sc1nc(Nc2cccc(O)c2)c2cnn(CC(Cl)c3ccccc3)c2n1	Tyrosine-protein kinase ABL1	ABL1	Ki	Kinase	train	non-cliff	6.92082	120	-2.07918
CHEMBL1862_Ki-0414	Oc1cccc(Nc2nc(SC3CCCC3)nc3c2cnn3CC(Cl)c2ccccc2)c1	Tyrosine-protein kinase ABL1	ABL1	Ki	Kinase	train	non-cliff	6.82391	150	-2.17609
CHEMBL1862_Ki-0415	ClC(Cn1ncc2c(Nc3cccc(Br)c3)nc(SCCN3CCOCC3)nc21)c1ccccc1	Tyrosine-protein kinase ABL1	ABL1	Ki	Kinase	train	non-cliff	6.92082	120	-2.07918
CHEMBL1862_Ki-0416	CCCC(=O)Nc1cccc(Nc2nccc(Nc3cc(C4CC4)[nH]n3)n2)c1	Tyrosine-protein kinase ABL1	ABL1	Ki	Kinase	test	non-cliff	6.00877	980	-2.99123
CHEMBL1862_Ki-0417	O=C(CCCCCC(=O)N1CCC[C@@H]1c1ccco1)Nc1cccc(Nc2nccc(Nc3cc(C4CC4)[nH]n3)n2)c1	Tyrosine-protein kinase ABL1	ABL1	Ki	Kinase	train	non-cliff	6.13668	730	-2.86332
CHEMBL1862_Ki-0418	C[C@@H](NC(=O)CCCCCC(=O)Nc1cccc(Nc2nccc(Nc3cc(C4CC4)[nH]n3)n2)c1)c1ccco1	Tyrosine-protein kinase ABL1	ABL1	Ki	Kinase	train	non-cliff	5.92082	1200	-3.07918
CHEMBL1862_Ki-0419	O=C(Nc1cc2ccc(N3CCCCC3)cc2cn1)C1CC1	Tyrosine-protein kinase ABL1	ABL1	Ki	Kinase	test	cliff	8.22185	6	-0.778151
CHEMBL1862_Ki-0420	Clc1ccccc1-c1ccc2cc(Nc3ncccn3)ncc2c1	Tyrosine-protein kinase ABL1	ABL1	Ki	Kinase	train	cliff	6.85699	139	-2.14301
CHEMBL1862_Ki-0421	Clc1ccccc1-c1ccc2cc(Nc3ccccn3)ncc2c1	Tyrosine-protein kinase ABL1	ABL1	Ki	Kinase	train	cliff	8.1549	7	-0.845098
CHEMBL1862_Ki-0422	CSCNc1cc2ccc(-c3cc(F)ccc3Cl)cc2cn1	Tyrosine-protein kinase ABL1	ABL1	Ki	Kinase	test	non-cliff	7.14267	72	-1.85733
CHEMBL1862_Ki-0423	CNc1cc2ccc(-c3cc(F)ccc3Cl)cc2cn1	Tyrosine-protein kinase ABL1	ABL1	Ki	Kinase	train	non-cliff	6.38091	416	-2.61909
CHEMBL1862_Ki-0424	COc1ccc(Cl)cc1-c1ccc2cc(NC(=O)C3CC3)ncc2c1	Tyrosine-protein kinase ABL1	ABL1	Ki	Kinase	train	cliff	8.69897	2	-0.30103
CHEMBL1862_Ki-0425	Cc1ccc(F)cc1-c1ccc2cc(N)ncc2c1	Tyrosine-protein kinase ABL1	ABL1	Ki	Kinase	train	non-cliff	6.35655	440	-2.64345
CHEMBL1862_Ki-0426	Cc1ccc(F)cc1-c1ccc2cc(NC(=O)C3CCC3)ncc2c1	Tyrosine-protein kinase ABL1	ABL1	Ki	Kinase	test	cliff	9	1	-0
CHEMBL1862_Ki-0427	Cc1ccc(F)cc1-c1ccc2cc(NC(=O)C3CCCC3)ncc2c1	Tyrosine-protein kinase ABL1	ABL1	Ki	Kinase	train	cliff	7.92082	12	-1.07918
CHEMBL1862_Ki-0428	Cc1ccc(F)cc1-c1ccc2cc(NC(=O)C3CCCCC3)ncc2c1	Tyrosine-protein kinase ABL1	ABL1	Ki	Kinase	train	cliff	7.40894	39	-1.59106
CHEMBL1862_Ki-0429	Cc1ccc(F)cc1-c1ccc2cc(NC(=O)c3ccccc3)ncc2c1	Tyrosine-protein kinase ABL1	ABL1	Ki	Kinase	train	cliff	7.38722	41	-1.61278
CHEMBL1862_Ki-0430	Cc1ccc(F)cc1-c1ccc2cc(NC(=O)c3ccc(F)cc3)ncc2c1	Tyrosine-protein kinase ABL1	ABL1	Ki	Kinase	train	cliff	7.58503	26	-1.41497
CHEMBL1862_Ki-0431	Cc1ccc(F)cc1-c1ccc2cc(NC(=O)C3(F)CC3)ncc2c1	Tyrosine-protein kinase ABL1	ABL1	Ki	Kinase	train	cliff	7.82391	15	-1.17609
CHEMBL1862_Ki-0432	Cc1ccc(F)cc1-c1ccc2cc(NC(=O)C3(C)CC3)ncc2c1	Tyrosine-protein kinase ABL1	ABL1	Ki	Kinase	train	cliff	7.30103	50	-1.69897
CHEMBL1862_Ki-0433	Cc1ccc(F)cc1-c1ccc2cc(NC(=O)C3CC3(F)F)ncc2c1	Tyrosine-protein kinase ABL1	ABL1	Ki	Kinase	test	cliff	9.39794	0.4	0.39794
CHEMBL1862_Ki-0434	Cc1cnc(C)c(-c2ccc3cc(NC(=O)C4CC4)ncc3c2)c1	Tyrosine-protein kinase ABL1	ABL1	Ki	Kinase	test	cliff	8.52288	3	-0.477121
CHEMBL1862_Ki-0435	Nc1ccc(-c2ccc3cc(NC(=O)C4CC4)ncc3c2)cn1	Tyrosine-protein kinase ABL1	ABL1	Ki	Kinase	train	cliff	9	1	-0
CHEMBL1862_Ki-0436	N#Cc1ccncc1-c1ccc2cc(NC(=O)C3CC3)ncc2c1	Tyrosine-protein kinase ABL1	ABL1	Ki	Kinase	test	cliff	9	1	-0
CHEMBL1862_Ki-0437	N#Cc1ncc(F)cc1-c1ccc2cc(NC(=O)C3CC3)ncc2c1	Tyrosine-protein kinase ABL1	ABL1	Ki	Kinase	train	cliff	9.04576	0.9	0.0457575
CHEMBL1862_Ki-0438	Cc1c(Cl)cccc1-c1ccc2cc(NC(=O)C3CC3)ncc2c1	Tyrosine-protein kinase ABL1	ABL1	Ki	Kinase	train	cliff	9	1	-0
CHEMBL1862_Ki-0439	Cc1cc(F)ccc1-c1ccc2cc(NC(=O)C3CC3)ncc2c1	Tyrosine-protein kinase ABL1	ABL1	Ki	Kinase	train	cliff	9.52288	0.3	0.522879
CHEMBL1862_Ki-0440	Cc1cc(Cl)ccc1-c1ccc2cc(NC(=O)C3CC3)ncc2c1	Tyrosine-protein kinase ABL1	ABL1	Ki	Kinase	train	cliff	9	1	-0
CHEMBL1862_Ki-0441	COc1ccc(F)cc1-c1ccc2cc(NC(=O)C3CC3)ncc2c1	Tyrosine-protein kinase ABL1	ABL1	Ki	Kinase	train	cliff	9.22185	0.6	0.221849
CHEMBL1862_Ki-0442	CC(C)Oc1ccc(F)cc1-c1ccc2cc(NC(=O)C3CC3)ncc2c1	Tyrosine-protein kinase ABL1	ABL1	Ki	Kinase	train	non-cliff	9.39794	0.4	0.39794
CHEMBL1862_Ki-0443	Cc1ccncc1-c1ccc2cc(NC(=O)C3CC3)ncc2c1	Tyrosine-protein kinase ABL1	ABL1	Ki	Kinase	train	cliff	10.5229	0.03	1.52288
CHEMBL1862_Ki-0444	Cn1cc(-c2ccc3cc(NC(=O)C4CC4)ncc3c2)cn1	Tyrosine-protein kinase ABL1	ABL1	Ki	Kinase	train	cliff	8.52288	3	-0.477121
CHEMBL1862_Ki-0445	Cc1n[nH]c(C)c1-c1ccc2cc(NC(=O)C3CC3)ncc2c1	Tyrosine-protein kinase ABL1	ABL1	Ki	Kinase	train	non-cliff	8.52288	3	-0.477121
CHEMBL1862_Ki-0446	O=C(Nc1cc2ccc(-c3cc(O)ccc3Cl)cc2cn1)C1CC1	Tyrosine-protein kinase ABL1	ABL1	Ki	Kinase	train	cliff	10.3979	0.04	1.39794
CHEMBL1862_Ki-0447	Cc1cc(F)c(F)cc1-c1ccc2cc(NC(=O)C3CC3)ncc2c1	Tyrosine-protein kinase ABL1	ABL1	Ki	Kinase	train	cliff	9.30103	0.5	0.30103
CHEMBL1862_Ki-0448	Cc1ccc(F)cc1-c1ccc2cc(/N=C3/NC(C)(C)CO3)ncc2c1	Tyrosine-protein kinase ABL1	ABL1	Ki	Kinase	train	non-cliff	6.67162	213	-2.32838
CHEMBL1862_Ki-0449	O=C(Nc1cc2ccc(N3CCCC3)cc2cn1)C1CC1	Tyrosine-protein kinase ABL1	ABL1	Ki	Kinase	train	cliff	7.76955	17	-1.23045
CHEMBL1862_Ki-0450	O=C(Nc1cc2ccc(C3CCCCC3)cc2cn1)C1CC1	Tyrosine-protein kinase ABL1	ABL1	Ki	Kinase	train	cliff	8.69897	2	-0.30103
CHEMBL1862_Ki-0451	CN1CCN(c2ccc3cc(NC(=O)C4CC4)ncc3c2)CC1	Tyrosine-protein kinase ABL1	ABL1	Ki	Kinase	test	cliff	6.39469	403	-2.60531
CHEMBL1862_Ki-0452	O=C(Nc1cc2ccc(C3CCCC3)cc2cn1)C1CC1	Tyrosine-protein kinase ABL1	ABL1	Ki	Kinase	test	cliff	8.69897	2	-0.30103
CHEMBL1862_Ki-0453	Cc1ccc(F)cc1-c1ccc2cc(NC(=O)C3CCOCC3)ncc2c1	Tyrosine-protein kinase ABL1	ABL1	Ki	Kinase	test	cliff	8.52288	3	-0.477121
CHEMBL1862_Ki-0454	Cc1ccc(F)cc1-c1ccc2cc(NC(=O)C3CCN(C)CC3)ncc2c1	Tyrosine-protein kinase ABL1	ABL1	Ki	Kinase	train	cliff	9	1	-0
CHEMBL1862_Ki-0455	Cc1ccc(F)cc1-c1ccc2cc(NC(=O)c3ccncc3)ncc2c1	Tyrosine-protein kinase ABL1	ABL1	Ki	Kinase	train	cliff	8.1549	7	-0.845098
CHEMBL1862_Ki-0456	Cc1ccc(F)cc1-c1ccc2cc(NC(=O)c3ccccc3F)ncc2c1	Tyrosine-protein kinase ABL1	ABL1	Ki	Kinase	train	cliff	7.0655	86	-1.9345
CHEMBL1862_Ki-0457	COc1ccc(C(=O)Nc2cc3ccc(-c4cc(F)ccc4C)cc3cn2)cc1	Tyrosine-protein kinase ABL1	ABL1	Ki	Kinase	test	cliff	7.284	52	-1.716
CHEMBL1862_Ki-0458	Cc1cccnc1-c1ccc2cc(NC(=O)C3CC3)ncc2c1	Tyrosine-protein kinase ABL1	ABL1	Ki	Kinase	train	cliff	10	0.1	1
CHEMBL1862_Ki-0459	Cc1ncccc1-c1ccc2cc(NC(=O)C3CC3)ncc2c1	Tyrosine-protein kinase ABL1	ABL1	Ki	Kinase	test	cliff	9	1	-0
CHEMBL1862_Ki-0460	O=C(Nc1cc2ccc(-c3ccc4[nH]ccc4c3)cc2cn1)C1CC1	Tyrosine-protein kinase ABL1	ABL1	Ki	Kinase	test	cliff	9	1	-0
CHEMBL1862_Ki-0461	O=C(Nc1cc2ccc(N3CCC(O)CC3)cc2cn1)C1CC1	Tyrosine-protein kinase ABL1	ABL1	Ki	Kinase	test	cliff	8.52288	3	-0.477121
CHEMBL1862_Ki-0462	O=C(Nc1cc2ccc(N3CCNCC3)cc2cn1)C1CC1	Tyrosine-protein kinase ABL1	ABL1	Ki	Kinase	train	cliff	6.62342	238	-2.37658
CHEMBL1862_Ki-0463	Cn1c(-c2ccc3cc(NC(=O)C4CC4)ncc3c2)cccc1=O	Tyrosine-protein kinase ABL1	ABL1	Ki	Kinase	train	cliff	7.79588	16	-1.20412
CHEMBL1862_Ki-0464	CC(=O)Nc1cc2ccc(-c3cc(F)ccc3C)cc2cn1	Tyrosine-protein kinase ABL1	ABL1	Ki	Kinase	train	non-cliff	9.52288	0.3	0.522879
CHEMBL1862_Ki-0465	Cc1ccc(F)cc1-c1ccc2cc(NC(=O)CC(F)(F)F)ncc2c1	Tyrosine-protein kinase ABL1	ABL1	Ki	Kinase	train	cliff	8.52288	3	-0.477121
CHEMBL1862_Ki-0466	Cc1ccc(F)cc1-c1ccc2cc(NC(=O)C(C)(C)C)ncc2c1	Tyrosine-protein kinase ABL1	ABL1	Ki	Kinase	test	cliff	8.69897	2	-0.30103
CHEMBL1862_Ki-0467	COCC(=O)Nc1cc2ccc(-c3cc(F)ccc3C)cc2cn1	Tyrosine-protein kinase ABL1	ABL1	Ki	Kinase	train	non-cliff	9.52288	0.3	0.522879
CHEMBL1862_Ki-0468	Cc1ccc(C#N)cc1-c1ccc2cc(NC(=O)C3CC3)ncc2c1	Tyrosine-protein kinase ABL1	ABL1	Ki	Kinase	test	cliff	9.69897	0.2	0.69897
CHEMBL1862_Ki-0469	COc1cccc(C#N)c1-c1ccc2cc(NC(=O)C3CC3)ncc2c1	Tyrosine-protein kinase ABL1	ABL1	Ki	Kinase	train	cliff	8.52288	3	-0.477121
CHEMBL1862_Ki-0470	O=C(Nc1cc2ccc(-c3ccccn3)cc2cn1)C1CC1	Tyrosine-protein kinase ABL1	ABL1	Ki	Kinase	train	cliff	8.69897	2	-0.30103
CHEMBL1862_Ki-0471	Cc1ccc(F)cc1-c1ccc2cc(NC(=O)CN(C)C)ncc2c1	Tyrosine-protein kinase ABL1	ABL1	Ki	Kinase	train	cliff	9	1	-0
CHEMBL1862_Ki-0472	CCn1nccc1C(=O)Nc1cc2ccc(-c3cc(F)ccc3C)cc2cn1	Tyrosine-protein kinase ABL1	ABL1	Ki	Kinase	train	non-cliff	7.46597	34.2	-1.53403
CHEMBL1862_Ki-0473	Cc1ccc(F)cc1-c1ccc2cc(NC(=O)c3cccc(F)c3)ncc2c1	Tyrosine-protein kinase ABL1	ABL1	Ki	Kinase	train	non-cliff	7.23657	58	-1.76343
CHEMBL1862_Ki-0474	COc1ccccc1C(=O)Nc1cc2ccc(-c3cc(F)ccc3C)cc2cn1	Tyrosine-protein kinase ABL1	ABL1	Ki	Kinase	train	non-cliff	6.87943	132	-2.12057
CHEMBL1862_Ki-0475	COc1cccc(C(=O)Nc2cc3ccc(-c4cc(F)ccc4C)cc3cn2)c1	Tyrosine-protein kinase ABL1	ABL1	Ki	Kinase	train	non-cliff	6.4437	360	-2.5563
CHEMBL1862_Ki-0476	O=C(Nc1cc2ccc(-c3cccc4[nH]ccc34)cc2cn1)C1CC1	Tyrosine-protein kinase ABL1	ABL1	Ki	Kinase	train	cliff	9.52288	0.3	0.522879
CHEMBL1862_Ki-0477	N#Cc1cc(F)c(F)cc1-c1ccc2cc(NC(=O)C3CC3)ncc2c1	Tyrosine-protein kinase ABL1	ABL1	Ki	Kinase	train	cliff	10.1549	0.07	1.1549
CHEMBL1862_Ki-0478	Cc1ccc(O)cc1-c1ccc2cc(NC(=O)C3CC3)ncc2c1	Tyrosine-protein kinase ABL1	ABL1	Ki	Kinase	test	cliff	10.699	0.02	1.69897
CHEMBL1862_Ki-0479	CCC(=O)Nc1cc2ccc(-c3cc(F)ccc3C)cc2cn1	Tyrosine-protein kinase ABL1	ABL1	Ki	Kinase	test	non-cliff	9.30103	0.5	0.30103
CHEMBL1862_Ki-0480	Cc1ccc(F)cc1-c1ccc2cc(NC(=O)C(C)C)ncc2c1	Tyrosine-protein kinase ABL1	ABL1	Ki	Kinase	train	cliff	8.04576	9	-0.954243
CHEMBL1862_Ki-0481	O=C(Nc1cc2ccc(-c3cncnc3)cc2cn1)C1CC1	Tyrosine-protein kinase ABL1	ABL1	Ki	Kinase	train	cliff	8.39794	4	-0.60206
CHEMBL1862_Ki-0482	Cc1cc(C)c(-c2ccc3cc(NC(=O)C4CC4)ncc3c2)cn1	Tyrosine-protein kinase ABL1	ABL1	Ki	Kinase	train	cliff	9.1549	0.7	0.154902
CHEMBL1862_Ki-0483	Cc1nc(-c2ccc3cc(NC(=O)C4CC4)ncc3c2)cs1	Tyrosine-protein kinase ABL1	ABL1	Ki	Kinase	test	cliff	7.88606	13	-1.11394
CHEMBL1862_Ki-0484	O=C(Nc1cc2ccc(-c3cc[nH]n3)cc2cn1)C1CC1	Tyrosine-protein kinase ABL1	ABL1	Ki	Kinase	train	cliff	9.30103	0.5	0.30103
CHEMBL1862_Ki-0485	Cc1ncc(F)cc1-c1ccc2cc(NC(=O)C3CC3)ncc2c1	Tyrosine-protein kinase ABL1	ABL1	Ki	Kinase	train	cliff	9.1549	0.7	0.154902
CHEMBL1862_Ki-0486	Cn1ccc(=O)c(-c2ccc3cc(NC(=O)C4CC4)ncc3c2)c1	Tyrosine-protein kinase ABL1	ABL1	Ki	Kinase	train	cliff	7.37675	42	-1.62325
CHEMBL1862_Ki-0487	Cc1ccc(F)cc1-c1ccc2cc(NC(=O)C(F)(F)F)ncc2c1	Tyrosine-protein kinase ABL1	ABL1	Ki	Kinase	train	cliff	7.48149	33	-1.51851
CHEMBL1862_Ki-0488	N#Cc1ccc(F)cc1-c1ccc2cc(NC(=O)C3CC3)ncc2c1	Tyrosine-protein kinase ABL1	ABL1	Ki	Kinase	train	cliff	9.69897	0.2	0.69897
CHEMBL1862_Ki-0489	N#Cc1ccc(Cl)cc1-c1ccc2cc(NC(=O)C3CC3)ncc2c1	Tyrosine-protein kinase ABL1	ABL1	Ki	Kinase	train	cliff	9.04576	0.9	0.0457575
CHEMBL1862_Ki-0490	N#Cc1cc(F)ccc1-c1ccc2cc(NC(=O)C3CC3)ncc2c1	Tyrosine-protein kinase ABL1	ABL1	Ki	Kinase	train	cliff	10.2218	0.06	1.22185
CHEMBL1862_Ki-0491	Cc1ccc(F)cc1-c1ccc2cc(NC(=O)C(F)F)ncc2c1	Tyrosine-protein kinase ABL1	ABL1	Ki	Kinase	train	cliff	9	1	-0
CHEMBL1862_Ki-0492	Cc1ccc(F)cc1-c1ccc2cc(NS(C)(=O)=O)ncc2c1	Tyrosine-protein kinase ABL1	ABL1	Ki	Kinase	train	non-cliff	7.56864	27	-1.43136
CHEMBL1862_Ki-0493	Cc1ccc(F)cc1-c1ccc2cc(NS(=O)(=O)C3CC3)ncc2c1	Tyrosine-protein kinase ABL1	ABL1	Ki	Kinase	train	non-cliff	7.37675	42	-1.62325
CHEMBL1862_Ki-0494	CNC(=O)Nc1cc2ccc(-c3cc(F)ccc3C)cc2cn1	Tyrosine-protein kinase ABL1	ABL1	Ki	Kinase	train	non-cliff	10	0.1	1
CHEMBL1862_Ki-0495	O=C(Nc1cc2ccc(Nc3ccccc3)cc2cn1)C1CC1	Tyrosine-protein kinase ABL1	ABL1	Ki	Kinase	train	cliff	9	1	-0
CHEMBL1862_Ki-0496	Cc1ncncc1-c1ccc2cc(NC(=O)C3CC3)ncc2c1	Tyrosine-protein kinase ABL1	ABL1	Ki	Kinase	test	cliff	9.30103	0.5	0.30103
CHEMBL1862_Ki-0497	COc1ccc(C)c(-c2ccc3cc(NC(=O)C4CC4)ncc3c2)c1	Tyrosine-protein kinase ABL1	ABL1	Ki	Kinase	test	cliff	9.22185	0.6	0.221849
CHEMBL1862_Ki-0498	Cc1ccc(C(F)(F)F)cc1-c1ccc2cc(NC(=O)C3CC3)ncc2c1	Tyrosine-protein kinase ABL1	ABL1	Ki	Kinase	train	non-cliff	7.69897	20	-1.30103
CHEMBL1862_Ki-0499	Cc1ccc(N(C)C)cc1-c1ccc2cc(NC(=O)C3CC3)ncc2c1	Tyrosine-protein kinase ABL1	ABL1	Ki	Kinase	train	cliff	9	1	-0
CHEMBL1862_Ki-0500	Cc1cnccc1-c1ccc2cc(NC(=O)C3CC3)ncc2c1	Tyrosine-protein kinase ABL1	ABL1	Ki	Kinase	train	cliff	8.69897	2	-0.30103
CHEMBL1862_Ki-0501	Cc1ccc(F)cc1-c1ccc2cc(NC(=O)N(C)C)ncc2c1	Tyrosine-protein kinase ABL1	ABL1	Ki	Kinase	train	cliff	8.52288	3	-0.477121
CHEMBL1862_Ki-0502	Cc1ccnc(C)c1-c1ccc2cc(NC(=O)C3CC3)ncc2c1	Tyrosine-protein kinase ABL1	ABL1	Ki	Kinase	train	cliff	9.52288	0.3	0.522879
CHEMBL1862_Ki-0503	Cc1ncnc(C)c1-c1ccc2cc(NC(=O)C3CC3)ncc2c1	Tyrosine-protein kinase ABL1	ABL1	Ki	Kinase	train	cliff	8.69897	2	-0.30103
CHEMBL1862_Ki-0504	O=C(Nc1cc2ccc(OC3CCCCC3)cc2cn1)C1CC1	Tyrosine-protein kinase ABL1	ABL1	Ki	Kinase	train	cliff	7.56864	27	-1.43136
CHEMBL1862_Ki-0505	O=C(Nc1cc2ccc(Sc3ccccc3)cc2cn1)C1CC1	Tyrosine-protein kinase ABL1	ABL1	Ki	Kinase	train	cliff	7.88606	13	-1.11394
CHEMBL1862_Ki-0506	Cn1nccc1-c1ccc2cc(NC(=O)C3CC3)ncc2c1	Tyrosine-protein kinase ABL1	ABL1	Ki	Kinase	train	cliff	8.69897	2	-0.30103
CHEMBL1862_Ki-0507	O=C(Nc1cc2ccc(-c3cncc(F)c3)cc2cn1)C1CC1	Tyrosine-protein kinase ABL1	ABL1	Ki	Kinase	test	cliff	9.30103	0.5	0.30103
CHEMBL1862_Ki-0508	Cc1ccc(F)cc1-c1ccc2cc(NC(=O)C3(O)CC3)ncc2c1	Tyrosine-protein kinase ABL1	ABL1	Ki	Kinase	train	cliff	7.37675	42	-1.62325
CHEMBL1862_Ki-0509	O=C(Nc1cc2ccc(-c3ccc[nH]3)cc2cn1)C1CC1	Tyrosine-protein kinase ABL1	ABL1	Ki	Kinase	train	cliff	9.1549	0.7	0.154902
CHEMBL1862_Ki-0510	N#Cc1ccc(O)cc1-c1ccc2cc(NC(=O)C3CC3)ncc2c1	Tyrosine-protein kinase ABL1	ABL1	Ki	Kinase	train	cliff	9.69897	0.2	0.69897
CHEMBL1862_Ki-0511	Cc1c(O)cccc1-c1ccc2cc(NC(=O)C3CC3)ncc2c1	Tyrosine-protein kinase ABL1	ABL1	Ki	Kinase	train	cliff	10.5229	0.03	1.52288
CHEMBL1862_Ki-0512	Cc1ccc(F)cc1-c1ccc2cc(NC(C)C(F)(F)F)ncc2c1	Tyrosine-protein kinase ABL1	ABL1	Ki	Kinase	train	cliff	7.37675	42	-1.62325
CHEMBL1862_Ki-0513	Cc1ccc(F)cc1-c1ccc2cc(NCC3CC3)ncc2c1	Tyrosine-protein kinase ABL1	ABL1	Ki	Kinase	train	cliff	7.37675	42	-1.62325
CHEMBL1862_Ki-0514	CC(C)Oc1ccc2cc(NC(=O)C3CC3)ncc2c1	Tyrosine-protein kinase ABL1	ABL1	Ki	Kinase	train	cliff	9.09691	0.8	0.09691
CHEMBL1862_Ki-0515	O=C(Nc1cc2ccc(OC(F)F)cc2cn1)C1CC1	Tyrosine-protein kinase ABL1	ABL1	Ki	Kinase	train	non-cliff	8.39794	4	-0.60206
CHEMBL1862_Ki-0516	Cc1ccc(F)cc1-c1ccc2c(Cl)c(N)ncc2c1	Tyrosine-protein kinase ABL1	ABL1	Ki	Kinase	test	non-cliff	7.82391	15	-1.17609
CHEMBL1862_Ki-0517	Cc1cc(F)c(O)cc1-c1ccc2cc(NC(=O)C3CC3)ncc2c1	Tyrosine-protein kinase ABL1	ABL1	Ki	Kinase	train	cliff	10.5229	0.03	1.52288
CHEMBL1862_Ki-0518	Cc1ccc(CO)cc1-c1ccc2cc(NC(=O)C3CC3)ncc2c1	Tyrosine-protein kinase ABL1	ABL1	Ki	Kinase	train	cliff	10.5229	0.03	1.52288
CHEMBL1862_Ki-0519	O=C(Nc1cc2ccc(-c3ccc(F)c(O)c3)cc2cn1)C1CC1	Tyrosine-protein kinase ABL1	ABL1	Ki	Kinase	train	cliff	10.0458	0.09	1.04576
CHEMBL1862_Ki-0520	Cc1ccc(C(N)=O)cc1-c1ccc2cc(NC(=O)C3CC3)ncc2c1	Tyrosine-protein kinase ABL1	ABL1	Ki	Kinase	train	cliff	9.04576	0.9	0.0457575
CHEMBL1862_Ki-0521	CCNC(=O)Nc1cc2ccc(-c3cc(F)ccc3C)cc2cn1	Tyrosine-protein kinase ABL1	ABL1	Ki	Kinase	test	non-cliff	9.69897	0.2	0.69897
CHEMBL1862_Ki-0522	Cc1ccc(F)cc1-c1ccc2c(Cl)c(NC(=O)C3CC3)ncc2c1	Tyrosine-protein kinase ABL1	ABL1	Ki	Kinase	train	cliff	8.69897	2	-0.30103
CHEMBL1862_Ki-0523	Cc1c[nH]nc1-c1ccc2cc(NC(=O)C3CC3)ncc2c1	Tyrosine-protein kinase ABL1	ABL1	Ki	Kinase	train	cliff	10	0.1	1
CHEMBL1862_Ki-0524	Cc1ccc(F)cc1-c1ccc2c(Br)c(NC(=O)C3CC3)ncc2c1	Tyrosine-protein kinase ABL1	ABL1	Ki	Kinase	train	non-cliff	9.04576	0.9	0.0457575
CHEMBL1862_Ki-0525	O=C(Nc1cc2ccc(Oc3ccccc3)cc2cn1)C1CC1	Tyrosine-protein kinase ABL1	ABL1	Ki	Kinase	train	cliff	8.52288	3	-0.477121
CHEMBL1862_Ki-0526	O=C(Nc1cc2ccc(Oc3ccccc3Cl)cc2cn1)C1CC1	Tyrosine-protein kinase ABL1	ABL1	Ki	Kinase	train	cliff	8.30103	5	-0.69897
CHEMBL1862_Ki-0527	O=C(Nc1cc2ccc(Oc3cccc(F)c3)cc2cn1)C1CC1	Tyrosine-protein kinase ABL1	ABL1	Ki	Kinase	test	non-cliff	8.30103	5	-0.69897
CHEMBL1862_Ki-0528	O=C(Nc1cc2ccc(Oc3cccc(Cl)c3)cc2cn1)C1CC1	Tyrosine-protein kinase ABL1	ABL1	Ki	Kinase	train	cliff	8.09691	8	-0.90309
CHEMBL1862_Ki-0529	O=C(Nc1cc2ccc(Oc3ccc(F)cc3)cc2cn1)C1CC1	Tyrosine-protein kinase ABL1	ABL1	Ki	Kinase	train	cliff	7.69897	20	-1.30103
CHEMBL1862_Ki-0530	O=C(Nc1cc2ccc(Oc3cccnc3)cc2cn1)C1CC1	Tyrosine-protein kinase ABL1	ABL1	Ki	Kinase	test	cliff	8.22185	6	-0.778151
CHEMBL1862_Ki-0531	COCCNC(=O)Nc1cc2ccc(-c3cc(F)ccc3C)cc2cn1	Tyrosine-protein kinase ABL1	ABL1	Ki	Kinase	train	non-cliff	9.69897	0.2	0.69897
CHEMBL1862_Ki-0532	Cc1ccc(F)cc1-c1ccc2cc(NC(=O)C3CCNCC3)ncc2c1	Tyrosine-protein kinase ABL1	ABL1	Ki	Kinase	train	cliff	8.69897	2	-0.30103
CHEMBL1862_Ki-0533	Cc1ccc(F)cc1-c1ccc2cc(NC(=O)C3CCN(C)C3)ncc2c1	Tyrosine-protein kinase ABL1	ABL1	Ki	Kinase	train	cliff	8.52288	3	-0.477121
CHEMBL1862_Ki-0534	CCN1CCC(C(=O)Nc2cc3ccc(-c4cc(F)ccc4C)cc3cn2)CC1	Tyrosine-protein kinase ABL1	ABL1	Ki	Kinase	train	cliff	8.69897	2	-0.30103
CHEMBL1862_Ki-0535	Cc1ccncc1-c1ccc2cc(NC(=O)C3CCN(C)CC3)ncc2c1	Tyrosine-protein kinase ABL1	ABL1	Ki	Kinase	train	cliff	8.69897	2	-0.30103
CHEMBL1862_Ki-0536	Cc1ccc(F)cc1-c1ccc2c(F)c(NC(=O)C3CC3)ncc2c1	Tyrosine-protein kinase ABL1	ABL1	Ki	Kinase	train	cliff	9.1549	0.7	0.154902
CHEMBL1862_Ki-0537	CCNC(=O)Nc1ncc2cc(-c3cc(F)ccc3C)ccc2c1Cl	Tyrosine-protein kinase ABL1	ABL1	Ki	Kinase	train	non-cliff	7.4318	37	-1.5682
CHEMBL1862_Ki-0538	CCNC(=O)Nc1ncc2cc(-c3cc(F)ccc3C)ccc2c1F	Tyrosine-protein kinase ABL1	ABL1	Ki	Kinase	train	non-cliff	8.39794	4	-0.60206
CHEMBL1862_Ki-0539	Cc1ccc(F)cc1-c1ccc2cc(NC(=O)CC3CC3)ncc2c1	Tyrosine-protein kinase ABL1	ABL1	Ki	Kinase	test	cliff	9.04576	0.9	0.0457575
CHEMBL1862_Ki-0540	Cc1ccc(F)cc1-c1ccc2cc(Nc3cc(CO)ccn3)ncc2c1	Tyrosine-protein kinase ABL1	ABL1	Ki	Kinase	train	non-cliff	9.22185	0.6	0.221849
CHEMBL1862_Ki-0541	O=C(Nc1cc2ccc(-c3cnccn3)cc2cn1)C1CC1	Tyrosine-protein kinase ABL1	ABL1	Ki	Kinase	train	cliff	7.74473	18	-1.25527
CHEMBL1862_Ki-0542	Cc1cnc(-c2ccc3cc(NC(=O)C4CC4)ncc3c2)cn1	Tyrosine-protein kinase ABL1	ABL1	Ki	Kinase	train	cliff	7.37675	42	-1.62325
CHEMBL1862_Ki-0543	O=C(Nc1cc2ccc(Oc3cncnc3)cc2cn1)C1CC1	Tyrosine-protein kinase ABL1	ABL1	Ki	Kinase	test	cliff	7.37675	42	-1.62325
CHEMBL1862_Ki-0544	Cc1ccc(F)cc1-c1ccc2cc(NC(=O)NC(C)C)ncc2c1	Tyrosine-protein kinase ABL1	ABL1	Ki	Kinase	train	cliff	9	1	-0
CHEMBL1862_Ki-0545	Cc1ccc(F)cc1-c1ccc2cc(NC(=O)NC3COC3)ncc2c1	Tyrosine-protein kinase ABL1	ABL1	Ki	Kinase	test	cliff	9.69897	0.2	0.69897
CHEMBL1862_Ki-0546	Cc1ccc(F)cc1-c1ccc2cc(Nc3cccc(=O)[nH]3)ncc2c1	Tyrosine-protein kinase ABL1	ABL1	Ki	Kinase	train	non-cliff	7.67778	21	-1.32222
CHEMBL1862_Ki-0547	Cc1ncc(-c2ccc3cc(NC(=O)C4CC4)ncc3c2)cc1F	Tyrosine-protein kinase ABL1	ABL1	Ki	Kinase	train	cliff	8.39794	4	-0.60206
CHEMBL1862_Ki-0548	Cc1ccc(C(C)(C)O)cc1-c1ccc2cc(NC(=O)C3CC3)ncc2c1	Tyrosine-protein kinase ABL1	ABL1	Ki	Kinase	test	cliff	7.65758	22	-1.34242
CHEMBL1862_Ki-0549	COc1cccc(Nc2cc3ccc(-c4cc(F)ccc4C)cc3cn2)n1	Tyrosine-protein kinase ABL1	ABL1	Ki	Kinase	test	non-cliff	8.39794	4	-0.60206
CHEMBL1862_Ki-0550	Cc1ccc(F)cc1-c1ccc2cc(NC(=O)N3CCN(C)CC3)ncc2c1	Tyrosine-protein kinase ABL1	ABL1	Ki	Kinase	test	cliff	8.39794	4	-0.60206
CHEMBL1862_Ki-0551	Cc1ccc(C)c(-c2ccc3cc(NC(=O)C4CC4)ncc3c2)c1	Tyrosine-protein kinase ABL1	ABL1	Ki	Kinase	train	cliff	8.69897	2	-0.30103
CHEMBL1862_Ki-0552	Cc1cc(-c2ccc3cc(NC(=O)C4CC4)ncc3c2)ccn1	Tyrosine-protein kinase ABL1	ABL1	Ki	Kinase	train	cliff	7.37675	42	-1.62325
CHEMBL1862_Ki-0553	Cn1ccc(Oc2ccc3cc(NC(=O)C4CC4)ncc3c2)n1	Tyrosine-protein kinase ABL1	ABL1	Ki	Kinase	train	non-cliff	8.1549	7	-0.845098
CHEMBL1862_Ki-0554	Cc1ccc(F)cc1-c1ccc2cc(NC(=O)NC3CCOCC3)ncc2c1	Tyrosine-protein kinase ABL1	ABL1	Ki	Kinase	train	cliff	9.22185	0.6	0.221849
CHEMBL1862_Ki-0555	O=C(Nc1cc2ccc(-c3cccc4[nH]ncc34)cc2cn1)C1CC1	Tyrosine-protein kinase ABL1	ABL1	Ki	Kinase	train	cliff	10.3979	0.04	1.39794
CHEMBL1862_Ki-0556	O=C(Nc1cc2ccc(-c3ccc4cn[nH]c4c3)cc2cn1)C1CC1	Tyrosine-protein kinase ABL1	ABL1	Ki	Kinase	train	cliff	7.95861	11	-1.04139
CHEMBL1862_Ki-0557	O=C(Nc1cc2ccc(-c3ccnnc3)cc2cn1)C1CC1	Tyrosine-protein kinase ABL1	ABL1	Ki	Kinase	train	cliff	7.46852	34	-1.53148
CHEMBL1862_Ki-0558	Cc1nccnc1-c1ccc2cc(NC(=O)C3CC3)ncc2c1	Tyrosine-protein kinase ABL1	ABL1	Ki	Kinase	train	cliff	9	1	-0
CHEMBL1862_Ki-0559	CC(C)Nc1ccc2cc(NC(=O)C3CC3)ncc2c1	Tyrosine-protein kinase ABL1	ABL1	Ki	Kinase	train	cliff	9.1549	0.7	0.154902
CHEMBL1862_Ki-0560	Cc1ccc(NC(=O)c2ccc(CN3CCN(C)CC3)cc2)cc1-c1ccc2cc(NC(=O)C3CC3)ncc2c1	Tyrosine-protein kinase ABL1	ABL1	Ki	Kinase	train	cliff	9.52288	0.3	0.522879
CHEMBL1862_Ki-0561	Cc1ccc(NC(=O)c2ccc(CN3CCN(C)CC3)c(Cl)c2)cc1-c1ccc2cc(NC(=O)C3CC3)ncc2c1	Tyrosine-protein kinase ABL1	ABL1	Ki	Kinase	train	non-cliff	9.1549	0.7	0.154902
CHEMBL1862_Ki-0562	CC(C)COc1ccc2cc(NC(=O)C3CC3)ncc2c1	Tyrosine-protein kinase ABL1	ABL1	Ki	Kinase	train	cliff	7.92082	12	-1.07918
CHEMBL1862_Ki-0563	Cc1ccc(F)cc1-c1ccc2cc(NC(=O)OC(C)C)ncc2c1	Tyrosine-protein kinase ABL1	ABL1	Ki	Kinase	train	cliff	8.30103	5	-0.69897
CHEMBL1862_Ki-0564	Nc1cncc(-c2ccc3cc(NC(=O)C4CC4)ncc3c2)c1	Tyrosine-protein kinase ABL1	ABL1	Ki	Kinase	train	cliff	8.39794	4	-0.60206
CHEMBL1862_Ki-0565	Nc1cc(-c2ccc3cc(NC(=O)C4CC4)ncc3c2)ccn1	Tyrosine-protein kinase ABL1	ABL1	Ki	Kinase	train	cliff	8.1549	7	-0.845098
CHEMBL1862_Ki-0566	CC(C)=Cc1ccc2cc(NC(=O)C3CC3)ncc2c1	Tyrosine-protein kinase ABL1	ABL1	Ki	Kinase	train	non-cliff	8.52288	3	-0.477121
CHEMBL1862_Ki-0567	Cc1cc(Cl)ncc1-c1ccc2cc(NC(=O)C3CC3)ncc2c1	Tyrosine-protein kinase ABL1	ABL1	Ki	Kinase	train	cliff	10	0.1	1
CHEMBL1862_Ki-0568	O=C(Nc1cc2ccc(-c3cnccc3Cl)cc2cn1)C1CC1	Tyrosine-protein kinase ABL1	ABL1	Ki	Kinase	train	cliff	10.1549	0.07	1.1549
CHEMBL1862_Ki-0569	CC(C)Cc1ccc2cc(NC(=O)C3CC3)ncc2c1	Tyrosine-protein kinase ABL1	ABL1	Ki	Kinase	train	cliff	9	1	-0
CHEMBL1862_Ki-0570	Cn1ncc2c(-c3ccc4cc(NC(=O)C5CC5)ncc4c3)cccc21	Tyrosine-protein kinase ABL1	ABL1	Ki	Kinase	train	non-cliff	8.04576	9	-0.954243
CHEMBL1862_Ki-0571	O=C1Cc2c(cccc2-c2ccc3cc(NC(=O)C4CC4)ncc3c2)N1	Tyrosine-protein kinase ABL1	ABL1	Ki	Kinase	train	non-cliff	9.22185	0.6	0.221849
CHEMBL1862_Ki-0572	Cc1c(F)cncc1-c1ccc2cc(NC(=O)C3CC3)ncc2c1	Tyrosine-protein kinase ABL1	ABL1	Ki	Kinase	train	cliff	10.699	0.02	1.69897
CHEMBL1862_Ki-0573	Cc1ccc(F)cc1-c1ccc2cc(NC(=O)C3CC3c3ccccc3)ncc2c1	Tyrosine-protein kinase ABL1	ABL1	Ki	Kinase	train	non-cliff	8.1549	7	-0.845098
CHEMBL1862_Ki-0574	Cc1cc(CO)cc(Nc2cc3ccc(-c4cc(F)ccc4C)cc3cn2)n1	Tyrosine-protein kinase ABL1	ABL1	Ki	Kinase	train	non-cliff	8.30103	5	-0.69897
CHEMBL1862_Ki-0575	Cc1cc(C(C)(C)O)cc(Nc2cc3ccc(-c4cc(F)ccc4C)cc3cn2)n1	Tyrosine-protein kinase ABL1	ABL1	Ki	Kinase	test	non-cliff	8.30103	5	-0.69897
CHEMBL1862_Ki-0576	Cc1cc(N)ncc1-c1ccc2cc(NC(=O)C3CC3)ncc2c1	Tyrosine-protein kinase ABL1	ABL1	Ki	Kinase	train	cliff	9.04576	0.9	0.0457575
CHEMBL1862_Ki-0577	Cc1ccncc1-c1ccc2cc(Nc3cc(CO)ccn3)ncc2c1	Tyrosine-protein kinase ABL1	ABL1	Ki	Kinase	train	cliff	10	0.1	1
CHEMBL1862_Ki-0578	Cc1ncc(CO)cc1-c1ccc2cc(NC(=O)C3CC3)ncc2c1	Tyrosine-protein kinase ABL1	ABL1	Ki	Kinase	test	cliff	8.52288	3	-0.477121
CHEMBL1862_Ki-0579	COc1ccc2cc(NC(=O)C3CC3)ncc2c1	Tyrosine-protein kinase ABL1	ABL1	Ki	Kinase	train	non-cliff	7.52288	30	-1.47712
CHEMBL1862_Ki-0580	CC(C)(CO)Oc1ccc2cc(NC(=O)C3CC3)ncc2c1	Tyrosine-protein kinase ABL1	ABL1	Ki	Kinase	train	non-cliff	7.95861	11	-1.04139
CHEMBL1862_Ki-0581	Cc1ccc(C(C)O)cc1-c1ccc2cc(NC(=O)C3CC3)ncc2c1	Tyrosine-protein kinase ABL1	ABL1	Ki	Kinase	train	cliff	9	1	-0
CHEMBL1862_Ki-0582	O=C(Nc1cc2ccc(-c3cccc(CO)c3)cc2cn1)C1CC1	Tyrosine-protein kinase ABL1	ABL1	Ki	Kinase	train	cliff	8.69897	2	-0.30103
CHEMBL1862_Ki-0583	O=C(Nc1cc2ccc(-c3cc(CO)ccc3Cl)cc2cn1)C1CC1	Tyrosine-protein kinase ABL1	ABL1	Ki	Kinase	train	cliff	9.69897	0.2	0.69897
CHEMBL1862_Ki-0584	O=C(Nc1cc2ccc(-c3cc(CO)ccc3F)cc2cn1)C1CC1	Tyrosine-protein kinase ABL1	ABL1	Ki	Kinase	train	cliff	9.09691	0.8	0.09691
CHEMBL1862_Ki-0585	CCOc1ccc2cc(NC(=O)C3CC3)ncc2c1	Tyrosine-protein kinase ABL1	ABL1	Ki	Kinase	train	non-cliff	8.1549	7	-0.845098
CHEMBL1862_Ki-0586	O=C(Nc1cc2ccc(OCCO)cc2cn1)C1CC1	Tyrosine-protein kinase ABL1	ABL1	Ki	Kinase	train	non-cliff	8.22185	6	-0.778151
CHEMBL1862_Ki-0587	Cc1ccc(NC(=O)c2cnn(C)c2)cc1-c1ccc2cc(NC(=O)C3CC3)ncc2c1	Tyrosine-protein kinase ABL1	ABL1	Ki	Kinase	train	non-cliff	9	1	-0
CHEMBL1862_Ki-0588	O=C(Nc1cc2ccc(-c3cccnc3CO)cc2cn1)C1CC1	Tyrosine-protein kinase ABL1	ABL1	Ki	Kinase	train	cliff	10	0.1	1
CHEMBL1862_Ki-0589	Cc1cc(C(=O)Nc2ccc(C)c(-c3ccc4cc(NC(=O)C5CC5)ncc4c3)c2)ccn1	Tyrosine-protein kinase ABL1	ABL1	Ki	Kinase	train	non-cliff	9.09691	0.8	0.09691
CHEMBL1862_Ki-0590	Cc1ccc(NC(=O)C2CCOCC2)cc1-c1ccc2cc(NC(=O)C3CC3)ncc2c1	Tyrosine-protein kinase ABL1	ABL1	Ki	Kinase	train	cliff	9.69897	0.2	0.69897
CHEMBL1862_Ki-0591	Cc1ccc(NC(=O)c2cccc(C(F)(F)F)c2)cc1-c1ccc2cc(NC(=O)C3CC3)ncc2c1	Tyrosine-protein kinase ABL1	ABL1	Ki	Kinase	train	non-cliff	8.69897	2	-0.30103
CHEMBL1862_Ki-0592	Cc1ccc(NC(=O)C2CCN(C)CC2)cc1-c1ccc2cc(NC(=O)C3CC3)ncc2c1	Tyrosine-protein kinase ABL1	ABL1	Ki	Kinase	test	cliff	8.1549	7	-0.845098
CHEMBL1862_Ki-0593	Cc1ccc(NC(=O)c2ccc(CN(C)C)cc2)cc1-c1ccc2cc(NC(=O)C3CC3)ncc2c1	Tyrosine-protein kinase ABL1	ABL1	Ki	Kinase	train	non-cliff	10	0.1	1
CHEMBL1862_Ki-0594	Cc1c(N)cncc1-c1ccc2cc(NC(=O)C3CC3)ncc2c1	Tyrosine-protein kinase ABL1	ABL1	Ki	Kinase	test	cliff	10.0458	0.09	1.04576
CHEMBL1862_Ki-0595	Cc1c(O)cncc1-c1ccc2cc(NC(=O)C3CC3)ncc2c1	Tyrosine-protein kinase ABL1	ABL1	Ki	Kinase	train	cliff	10.3979	0.04	1.39794
CHEMBL1862_Ki-0596	Cc1cc(CO)ncc1-c1ccc2cc(NC(=O)C3CC3)ncc2c1	Tyrosine-protein kinase ABL1	ABL1	Ki	Kinase	train	cliff	10.699	0.02	1.69897
CHEMBL1862_Ki-0597	Cc1ccnc(CO)c1-c1ccc2cc(NC(=O)C3CC3)ncc2c1	Tyrosine-protein kinase ABL1	ABL1	Ki	Kinase	test	cliff	10.1549	0.07	1.1549
CHEMBL1862_Ki-0598	O=C(Nc1cc2ccc(N3CCC(O)C3)cc2cn1)C1CC1	Tyrosine-protein kinase ABL1	ABL1	Ki	Kinase	train	cliff	9	1	-0
CHEMBL1862_Ki-0599	NCc1cccc(-c2ccc3cc(NC(=O)C4CC4)ncc3c2)c1	Tyrosine-protein kinase ABL1	ABL1	Ki	Kinase	test	cliff	7.38722	41	-1.61278
CHEMBL1862_Ki-0600	Cc1c(CO)cncc1-c1ccc2cc(NC(=O)C3CC3)ncc2c1	Tyrosine-protein kinase ABL1	ABL1	Ki	Kinase	train	cliff	9.69897	0.2	0.69897
CHEMBL1862_Ki-0601	CC(C)(C)Oc1ccc2cc(NC(=O)C3CC3)ncc2c1	Tyrosine-protein kinase ABL1	ABL1	Ki	Kinase	train	cliff	7.88606	13	-1.11394
CHEMBL1862_Ki-0602	Cc1ccc(NC(=O)c2ccc(C(C)N(C)C)cc2)cc1-c1ccc2cc(NC(=O)C3CC3)ncc2c1	Tyrosine-protein kinase ABL1	ABL1	Ki	Kinase	train	non-cliff	9.52288	0.3	0.522879
CHEMBL1862_Ki-0603	Cc1ccncc1-c1ccc2cc(Nc3cccc(CO)n3)ncc2c1	Tyrosine-protein kinase ABL1	ABL1	Ki	Kinase	train	cliff	9.69897	0.2	0.69897
CHEMBL1862_Ki-0604	O=C(Nc1cc2ccc(OC3CCC3)cc2cn1)C1CC1	Tyrosine-protein kinase ABL1	ABL1	Ki	Kinase	train	non-cliff	8.1549	7	-0.845098
CHEMBL1862_Ki-0605	O=C(Nc1cc2ccc(-c3cnccc3CO)cc2cn1)C1CC1	Tyrosine-protein kinase ABL1	ABL1	Ki	Kinase	train	cliff	9.39794	0.4	0.39794
CHEMBL1862_Ki-0606	O=C(Nc1ccc(Cl)c(-c2ccc3cc(NC(=O)C4CC4)ncc3c2)c1)C1CCOCC1	Tyrosine-protein kinase ABL1	ABL1	Ki	Kinase	test	cliff	8.69897	2	-0.30103
CHEMBL1862_Ki-0607	O=C(Nc1ccc(F)c(-c2ccc3cc(NC(=O)C4CC4)ncc3c2)c1)C1CCOCC1	Tyrosine-protein kinase ABL1	ABL1	Ki	Kinase	test	cliff	7.56864	27	-1.43136
CHEMBL1862_Ki-0608	Cc1ccccc1-c1ccc2cnc(NC(=O)C3CC3)cc2c1	Tyrosine-protein kinase ABL1	ABL1	Ki	Kinase	train	cliff	8.39794	4	-0.60206
CHEMBL1862_Ki-0609	CN1CCN(Cc2ccc(C(=O)Nc3ccc(F)c(-c4ccc5cc(NC(=O)C6CC6)ncc5c4)c3)cc2)CC1	Tyrosine-protein kinase ABL1	ABL1	Ki	Kinase	train	cliff	9.30103	0.5	0.30103
CHEMBL1862_Ki-0610	CN1CCN(Cc2ccc(C(=O)Nc3ccc(Cl)c(-c4ccc5cc(NC(=O)C6CC6)ncc5c4)c3)cc2)CC1	Tyrosine-protein kinase ABL1	ABL1	Ki	Kinase	train	cliff	9.39794	0.4	0.39794
CHEMBL1862_Ki-0611	Cc1ccc(NC(=O)C2CCC2)cc1-c1ccc2cc(NC(=O)C3CC3)ncc2c1	Tyrosine-protein kinase ABL1	ABL1	Ki	Kinase	train	cliff	9.52288	0.3	0.522879
CHEMBL1862_Ki-0612	Cc1ccc(NC(=O)C2CCOC2)cc1-c1ccc2cc(NC(=O)C3CC3)ncc2c1	Tyrosine-protein kinase ABL1	ABL1	Ki	Kinase	train	cliff	9.1549	0.7	0.154902
CHEMBL1862_Ki-0613	Cc1cc(C(C)(C)O)ncc1-c1ccc2cc(NC(=O)C3CC3)ncc2c1	Tyrosine-protein kinase ABL1	ABL1	Ki	Kinase	train	cliff	10	0.1	1
CHEMBL1862_Ki-0614	CNC(=O)c1cc(C)c(-c2ccc3cc(NC(=O)C4CC4)ncc3c2)cn1	Tyrosine-protein kinase ABL1	ABL1	Ki	Kinase	train	non-cliff	8	10	-1
CHEMBL1862_Ki-0615	Cc1ccc(NC(=O)N2CCOCC2)cc1-c1ccc2cc(NC(=O)C3CC3)ncc2c1	Tyrosine-protein kinase ABL1	ABL1	Ki	Kinase	train	cliff	9.39794	0.4	0.39794
CHEMBL1862_Ki-0616	Cc1ccc(NC(=O)C2CN(C)CCO2)cc1-c1ccc2cc(NC(=O)C3CC3)ncc2c1	Tyrosine-protein kinase ABL1	ABL1	Ki	Kinase	test	cliff	9.69897	0.2	0.69897
CHEMBL1862_Ki-0617	Cc1ccc(NC(=O)N2CCCC2)cc1-c1ccc2cc(NC(=O)C3CC3)ncc2c1	Tyrosine-protein kinase ABL1	ABL1	Ki	Kinase	train	cliff	10.0458	0.09	1.04576
CHEMBL1862_Ki-0618	Cc1ccc(NC(=O)N2CCOC(CO)C2)cc1-c1ccc2cc(NC(=O)C3CC3)ncc2c1	Tyrosine-protein kinase ABL1	ABL1	Ki	Kinase	train	cliff	9.30103	0.5	0.30103
CHEMBL1862_Ki-0619	CC(C)Sc1ccc2cc(NC(=O)C3CC3)ncc2c1	Tyrosine-protein kinase ABL1	ABL1	Ki	Kinase	train	cliff	9	1	-0
CHEMBL1862_Ki-0620	CC(C)[S+](O)c1ccc2cc(NC(=O)C3CC3)ncc2c1	Tyrosine-protein kinase ABL1	ABL1	Ki	Kinase	train	non-cliff	9	1	-0
CHEMBL1862_Ki-0621	CC(C)S(=O)(=O)c1ccc2cc(NC(=O)C3CC3)ncc2c1	Tyrosine-protein kinase ABL1	ABL1	Ki	Kinase	train	non-cliff	9	1	-0
CHEMBL1862_Ki-0622	O=C(Nc1cc2ccc(-c3cnccc3C(F)(F)F)cc2cn1)C1CC1	Tyrosine-protein kinase ABL1	ABL1	Ki	Kinase	test	non-cliff	9.52288	0.3	0.522879
CHEMBL1862_Ki-0623	Cc1c(-c2ccc3cc(NC(=O)C4CC4)ncc3c2)cnc(CO)c1F	Tyrosine-protein kinase ABL1	ABL1	Ki	Kinase	test	non-cliff	10.699	0.02	1.69897
CHEMBL1862_Ki-0624	COc1cc(C)c(-c2ccc3cc(NC(=O)C4CC4)ncc3c2)cn1	Tyrosine-protein kinase ABL1	ABL1	Ki	Kinase	train	cliff	8.69897	2	-0.30103
CHEMBL1862_Ki-0625	Cc1ccc(NC(=O)c2ccc(C3CCCN3C)cc2)cc1-c1ccc2cc(NC(=O)C3CC3)ncc2c1	Tyrosine-protein kinase ABL1	ABL1	Ki	Kinase	train	non-cliff	9.52288	0.3	0.522879
CHEMBL1862_Ki-0626	Cc1ccc(NC(=O)c2ccc(C3CCN(C)C3)cc2)cc1-c1ccc2cc(NC(=O)C3CC3)ncc2c1	Tyrosine-protein kinase ABL1	ABL1	Ki	Kinase	train	non-cliff	9.1549	0.7	0.154902
CHEMBL1862_Ki-0627	Cc1nc(N)ncc1-c1ccc2cc(NC(=O)C3CC3)ncc2c1	Tyrosine-protein kinase ABL1	ABL1	Ki	Kinase	train	cliff	8.69897	2	-0.30103
CHEMBL1862_Ki-0628	Cc1c(NC(=O)C2CCOCC2)cncc1-c1ccc2cc(NC(=O)C3CC3)ncc2c1	Tyrosine-protein kinase ABL1	ABL1	Ki	Kinase	train	cliff	7.37675	42	-1.62325
CHEMBL1862_Ki-0629	Cc1ccncc1-c1ccc2cc(N)ncc2c1	Tyrosine-protein kinase ABL1	ABL1	Ki	Kinase	train	non-cliff	7.4437	36	-1.5563
CHEMBL1862_Ki-0630	Cc1ccc(NC(=O)C2COCCO2)cc1-c1ccc2cc(NC(=O)C3CC3)ncc2c1	Tyrosine-protein kinase ABL1	ABL1	Ki	Kinase	train	cliff	9.25964	0.55	0.259637
CHEMBL1862_Ki-0631	Cc1ncc(N)cc1-c1ccc2cc(NC(=O)C3CC3)ncc2c1	Tyrosine-protein kinase ABL1	ABL1	Ki	Kinase	train	cliff	8.39794	4	-0.60206
CHEMBL1862_Ki-0632	Cc1ncc(NC(=O)C2CCOCC2)cc1-c1ccc2cc(NC(=O)C3CC3)ncc2c1	Tyrosine-protein kinase ABL1	ABL1	Ki	Kinase	train	cliff	8.04576	9	-0.954243
CHEMBL1862_Ki-0633	O=C(Nc1cc2ccc(NCCO)cc2cn1)C1CC1	Tyrosine-protein kinase ABL1	ABL1	Ki	Kinase	train	non-cliff	7.76955	17	-1.23045
CHEMBL1862_Ki-0634	Cc1ccc2[nH]ncc2c1-c1ccc2cc(NC(=O)C3CC3)ncc2c1	Tyrosine-protein kinase ABL1	ABL1	Ki	Kinase	train	non-cliff	10.5229	0.03	1.52288
CHEMBL1862_Ki-0635	Cc1ncc2[nH]ncc2c1-c1ccc2cc(NC(=O)C3CC3)ncc2c1	Tyrosine-protein kinase ABL1	ABL1	Ki	Kinase	train	non-cliff	10.3979	0.04	1.39794
CHEMBL1862_Ki-0636	Cc1ccc(NC(=O)c2ccc(CN3CCN(C)CC3)cc2)cc1-c1ccc2cc(N)ncc2c1	Tyrosine-protein kinase ABL1	ABL1	Ki	Kinase	train	non-cliff	9.39794	0.4	0.39794
CHEMBL1862_Ki-0637	Cc1ccncc1-c1ccc2cc(NC(=O)C3C4COCC43)ncc2c1	Tyrosine-protein kinase ABL1	ABL1	Ki	Kinase	test	non-cliff	9.39794	0.4	0.39794
CHEMBL1862_Ki-0638	Cc1cnc(F)cc1-c1ccc2cc(NC(=O)C3CC3)ncc2c1	Tyrosine-protein kinase ABL1	ABL1	Ki	Kinase	train	cliff	8.69897	2	-0.30103
CHEMBL1862_Ki-0639	Cc1cc(-c2ccc3cc(NC(=O)C4CC4)ncc3c2)c(C)cn1	Tyrosine-protein kinase ABL1	ABL1	Ki	Kinase	test	cliff	7.69897	20	-1.30103
CHEMBL1862_Ki-0640	Cc1ccc(C(=O)NC2CCOCC2)cc1-c1ccc2cc(NC(=O)C3CC3)ncc2c1	Tyrosine-protein kinase ABL1	ABL1	Ki	Kinase	train	cliff	9.09691	0.8	0.09691
CHEMBL1862_Ki-0641	O=C(Nc1cc2ccc(-c3cncc4[nH]ncc34)cc2cn1)C1CC1	Tyrosine-protein kinase ABL1	ABL1	Ki	Kinase	train	cliff	9	1	-0
CHEMBL1862_Ki-0642	Cc1ccc(F)cc1-c1ccc2cc(NC(=O)C3CC3c3ccc(CN(C)C)cc3)ncc2c1	Tyrosine-protein kinase ABL1	ABL1	Ki	Kinase	train	non-cliff	9.69897	0.2	0.69897
CHEMBL1862_Ki-0643	COCC(=O)Nc1ccc(C)c(-c2ccc3cc(NC(=O)C4CC4)ncc3c2)c1	Tyrosine-protein kinase ABL1	ABL1	Ki	Kinase	train	non-cliff	8.69897	2	-0.30103
CHEMBL1862_Ki-0644	O=C(Nc1cc2ccc(-c3cccc4[nH]cnc34)cc2cn1)C1CC1	Tyrosine-protein kinase ABL1	ABL1	Ki	Kinase	train	cliff	9	1	-0
CHEMBL1862_Ki-0645	COC(C)(C)C(=O)Nc1ccc(C)c(-c2ccc3cc(NC(=O)C4CC4)ncc3c2)c1	Tyrosine-protein kinase ABL1	ABL1	Ki	Kinase	train	non-cliff	8.52288	3	-0.477121
CHEMBL1862_Ki-0646	Cc1ccc(C(=O)NC2COC2)cc1-c1ccc2cc(NC(=O)C3CC3)ncc2c1	Tyrosine-protein kinase ABL1	ABL1	Ki	Kinase	train	cliff	9	1	-0
CHEMBL1862_Ki-0647	Cc1ncc(NC(=O)c2ccc(CN3CCN(C)CC3)c(C(F)(F)F)c2)cc1-c1ccc2cc(NC(=O)C3CC3)ncc2c1	Tyrosine-protein kinase ABL1	ABL1	Ki	Kinase	train	non-cliff	9.69897	0.2	0.69897
CHEMBL1862_Ki-0648	CCS(=O)(=O)Nc1ccc(C)c(-c2ccc3cc(NC(=O)C4CC4)ncc3c2)c1	Tyrosine-protein kinase ABL1	ABL1	Ki	Kinase	train	non-cliff	8.52288	3	-0.477121
CHEMBL1862_Ki-0649	Cc1ccc(NC(=O)C2(O)CCC2)cc1-c1ccc2cc(NC(=O)C3CC3)ncc2c1	Tyrosine-protein kinase ABL1	ABL1	Ki	Kinase	train	cliff	9.52288	0.3	0.522879
CHEMBL1862_Ki-0650	Cc1ccc(F)cc1-c1ccc2cc(C(=O)NC3CC3)ncc2c1	Tyrosine-protein kinase ABL1	ABL1	Ki	Kinase	train	cliff	7.37675	42	-1.62325
CHEMBL1862_Ki-0651	COc1ccncc1-c1ccc2cc(NC(=O)C3CC3)ncc2c1	Tyrosine-protein kinase ABL1	ABL1	Ki	Kinase	train	cliff	8.69897	2	-0.30103
CHEMBL1862_Ki-0652	Cc1ccc(NS(=O)(=O)C2CCCC2)cc1-c1ccc2cc(NC(=O)C3CC3)ncc2c1	Tyrosine-protein kinase ABL1	ABL1	Ki	Kinase	train	non-cliff	8	10	-1
CHEMBL1862_Ki-0653	Cc1ccc(NC(=O)N2CCC2)cc1-c1ccc2cc(NC(=O)C3CC3)ncc2c1	Tyrosine-protein kinase ABL1	ABL1	Ki	Kinase	train	cliff	9.52288	0.3	0.522879
CHEMBL1862_Ki-0654	Cc1ccc(NC(=O)N2CCS(=O)(=O)CC2)cc1-c1ccc2cc(NC(=O)C3CC3)ncc2c1	Tyrosine-protein kinase ABL1	ABL1	Ki	Kinase	train	non-cliff	8.69897	2	-0.30103
CHEMBL1862_Ki-0655	Cc1cnc(CO)cc1-c1ccc2cc(NC(=O)C3CC3)ncc2c1	Tyrosine-protein kinase ABL1	ABL1	Ki	Kinase	test	cliff	8.39794	4	-0.60206
CHEMBL1862_Ki-0656	Cc1ncc(O)cc1-c1ccc2cc(NC(=O)C3CC3)ncc2c1	Tyrosine-protein kinase ABL1	ABL1	Ki	Kinase	test	cliff	10	0.1	1
CHEMBL1862_Ki-0657	Cc1ccncc1-c1ccc2cc(NC(=O)C3CC3(F)F)ncc2c1	Tyrosine-protein kinase ABL1	ABL1	Ki	Kinase	train	non-cliff	9.60206	0.25	0.60206
CHEMBL1862_Ki-0658	Cc1ccc(C(=O)NC2(C)CCC2)cc1-c1ccc2cc(NC(=O)C3CC3)ncc2c1	Tyrosine-protein kinase ABL1	ABL1	Ki	Kinase	train	cliff	9.52288	0.3	0.522879
CHEMBL1862_Ki-0659	Cc1ccc(C(=O)NC2(C)CCS(=O)(=O)C2)cc1-c1ccc2cc(NC(=O)C3CC3)ncc2c1	Tyrosine-protein kinase ABL1	ABL1	Ki	Kinase	train	non-cliff	9	1	-0
CHEMBL1862_Ki-0660	Cc1ccc(C(=O)NC2CCCC2)cc1-c1ccc2cc(NC(=O)C3CC3)ncc2c1	Tyrosine-protein kinase ABL1	ABL1	Ki	Kinase	train	cliff	9.30103	0.5	0.30103
CHEMBL1862_Ki-0661	Cc1ccc(C(=O)NC2CCOC2)cc1-c1ccc2cc(NC(=O)C3CC3)ncc2c1	Tyrosine-protein kinase ABL1	ABL1	Ki	Kinase	test	cliff	8.70997	1.95	-0.290035
CHEMBL1862_Ki-0662	COCCNC(=O)c1ccc(C)c(-c2ccc3cc(NC(=O)C4CC4)ncc3c2)c1	Tyrosine-protein kinase ABL1	ABL1	Ki	Kinase	train	non-cliff	9	1	-0
CHEMBL1862_Ki-0663	Cc1ccc(C(=O)NC(C)(C)CO)cc1-c1ccc2cc(NC(=O)C3CC3)ncc2c1	Tyrosine-protein kinase ABL1	ABL1	Ki	Kinase	train	cliff	7.95861	11	-1.04139
CHEMBL1862_Ki-0664	Cc1ccc(C(=O)Nc2cnn(C)c2)cc1-c1ccc2cc(NC(=O)C3CC3)ncc2c1	Tyrosine-protein kinase ABL1	ABL1	Ki	Kinase	test	non-cliff	9.22185	0.6	0.221849
CHEMBL1862_Ki-0665	Cc1ccc(C(=O)N2CCOCC2)cc1-c1ccc2cc(NC(=O)C3CC3)ncc2c1	Tyrosine-protein kinase ABL1	ABL1	Ki	Kinase	train	cliff	7.39794	40	-1.60206
CHEMBL1862_Ki-0666	Cc1cncc(C)c1-c1ccc2cc(NC(=O)C3CC3)ncc2c1	Tyrosine-protein kinase ABL1	ABL1	Ki	Kinase	train	cliff	9	1	-0
CHEMBL1862_Ki-0667	Cc1ccncc1-c1ccc2c(C#N)c(N)ncc2c1	Tyrosine-protein kinase ABL1	ABL1	Ki	Kinase	test	non-cliff	8.30103	5	-0.69897
CHEMBL1862_Ki-0668	Cc1ccncc1-c1ccc2c(C#N)c(NC(=O)C3CC3)ncc2c1	Tyrosine-protein kinase ABL1	ABL1	Ki	Kinase	train	non-cliff	9.1549	0.7	0.154902
CHEMBL1862_Ki-0669	Cc1cc(C(=O)O)ncc1-c1ccc2cc(NC(=O)C3CC3)ncc2c1	Tyrosine-protein kinase ABL1	ABL1	Ki	Kinase	test	cliff	8.52288	3	-0.477121
CHEMBL1862_Ki-0670	Cc1ccc(F)cc1-c1ccc2cc(C(=O)NC3CCC3)ncc2c1	Tyrosine-protein kinase ABL1	ABL1	Ki	Kinase	train	cliff	7.37675	42	-1.62325
CHEMBL1862_Ki-0671	Cc1c(F)cc(C(=O)NC2COC2)cc1-c1ccc2cc(NC(=O)C3CC3)ncc2c1	Tyrosine-protein kinase ABL1	ABL1	Ki	Kinase	train	non-cliff	9	1	-0
CHEMBL1862_Ki-0672	Cc1ccc(C(=O)NC2COC2)c(F)c1-c1ccc2cc(NC(=O)C3CC3)ncc2c1	Tyrosine-protein kinase ABL1	ABL1	Ki	Kinase	test	non-cliff	9	1	-0
CHEMBL1862_Ki-0673	Cc1ccc(C(=O)NC2CCOCC2)c(F)c1-c1ccc2cc(NC(=O)C3CC3)ncc2c1	Tyrosine-protein kinase ABL1	ABL1	Ki	Kinase	train	cliff	9	1	-0
CHEMBL1862_Ki-0674	Cc1c(F)cc(NC(=O)C2CCC2)cc1-c1ccc2cc(NC(=O)C3CC3)ncc2c1	Tyrosine-protein kinase ABL1	ABL1	Ki	Kinase	train	cliff	8.69897	2	-0.30103
CHEMBL1862_Ki-0675	Cc1cc(C(C)(C)O)ccc1-c1ccc2cc(NC(=O)C3CC3)ncc2c1	Tyrosine-protein kinase ABL1	ABL1	Ki	Kinase	train	cliff	8.1549	7	-0.845098
CHEMBL1862_Ki-0676	Cc1ccc(NC(=O)C2CCC2)c(F)c1-c1ccc2cc(NC(=O)C3CC3)ncc2c1	Tyrosine-protein kinase ABL1	ABL1	Ki	Kinase	train	non-cliff	9.69897	0.2	0.69897
CHEMBL1862_Ki-0677	Cc1ccc(C(=O)NC2(C)COC2)cc1-c1ccc2cc(NC(=O)C3CC3)ncc2c1	Tyrosine-protein kinase ABL1	ABL1	Ki	Kinase	train	cliff	8.69897	2	-0.30103
CHEMBL1862_Ki-0678	Cc1ccc(C(=O)NC2(C)COC2)cc1-c1ccc2cc(NC(=O)[C@@H]3C[C@@H]3F)ncc2c1	Tyrosine-protein kinase ABL1	ABL1	Ki	Kinase	train	non-cliff	8	10	-1
CHEMBL1862_Ki-0679	CNC(=O)Nc1cc2ccc(-c3cnccc3C)cc2cn1	Tyrosine-protein kinase ABL1	ABL1	Ki	Kinase	train	non-cliff	10	0.1	1
CHEMBL1862_Ki-0680	O=C(Nc1cc2cnc(-c3cc(F)ccc3Cl)cc2cn1)C1CC1	Tyrosine-protein kinase ABL1	ABL1	Ki	Kinase	train	cliff	9.39794	0.4	0.39794
CHEMBL1862_Ki-0681	O=C(Nc1cc2c(Cl)nc(-c3ccccc3Cl)cc2cn1)C1CC1	Tyrosine-protein kinase ABL1	ABL1	Ki	Kinase	train	non-cliff	9.09691	0.8	0.09691
CHEMBL1862_Ki-0682	Cc1nc(-c2ccccc2Cl)cc2cnc(NC(=O)C3CC3)cc12	Tyrosine-protein kinase ABL1	ABL1	Ki	Kinase	train	cliff	10	0.1	1
CHEMBL1862_Ki-0683	O=C(Nc1cc2cnc(-c3ccccc3Cl)cc2cn1)C1CC1	Tyrosine-protein kinase ABL1	ABL1	Ki	Kinase	train	cliff	9.52288	0.3	0.522879
CHEMBL1862_Ki-0684	O=C(Nc1cc2cnc(-c3ccccc3Cl)c(O)c2cn1)C1CC1	Tyrosine-protein kinase ABL1	ABL1	Ki	Kinase	train	cliff	7.69897	20	-1.30103
CHEMBL1862_Ki-0685	O=C(Nc1cc2c(=O)[nH]c(-c3ccccc3Cl)cc2cn1)C1CC1	Tyrosine-protein kinase ABL1	ABL1	Ki	Kinase	train	cliff	8.30103	5	-0.69897
CHEMBL1862_Ki-0686	O=C(Nc1cc2c[n+]([O-])c(-c3ccccc3Cl)cc2cn1)C1CC1	Tyrosine-protein kinase ABL1	ABL1	Ki	Kinase	train	non-cliff	9.09691	0.8	0.09691
CHEMBL1862_Ki-0687	COc1nc(-c2ccccc2Cl)cc2cnc(NC(=O)C3CC3)cc12	Tyrosine-protein kinase ABL1	ABL1	Ki	Kinase	train	cliff	8.69897	2	-0.30103
CHEMBL1862_Ki-0688	CCc1nc(-c2ccccc2Cl)cc2cnc(NC(=O)C3CC3)cc12	Tyrosine-protein kinase ABL1	ABL1	Ki	Kinase	train	non-cliff	9.52288	0.3	0.522879
CHEMBL1862_Ki-0689	O=C(Nc1cc2c(C3CC3)nc(-c3ccccc3Cl)cc2cn1)C1CC1	Tyrosine-protein kinase ABL1	ABL1	Ki	Kinase	train	non-cliff	8.69897	2	-0.30103
CHEMBL1862_Ki-0690	O=C(Nc1cc2cnc(C3CCCCC3)cc2cn1)C1CC1	Tyrosine-protein kinase ABL1	ABL1	Ki	Kinase	train	cliff	8.69897	2	-0.30103
CHEMBL1862_Ki-0691	Cc1ccncc1-c1cc2cnc(NC(=O)C3CC3)cc2cn1	Tyrosine-protein kinase ABL1	ABL1	Ki	Kinase	train	cliff	9.52288	0.3	0.522879
CHEMBL1862_Ki-0692	Cc1ccc(F)cc1-c1cc2cnc(NC(=O)C3CC3)cc2cn1	Tyrosine-protein kinase ABL1	ABL1	Ki	Kinase	train	cliff	10	0.1	1
CHEMBL1862_Ki-0693	Cc1ccc(F)cc1-c1cc2cnc(NC(=O)C3CC3)cc2c(C)[n+]1[O-]	Tyrosine-protein kinase ABL1	ABL1	Ki	Kinase	train	non-cliff	9.52288	0.3	0.522879
CHEMBL1862_Ki-0694	Cc1ccc(F)cc1-c1cc2cnc(NC(=O)C3CC3)cc2c[n+]1[O-]	Tyrosine-protein kinase ABL1	ABL1	Ki	Kinase	train	cliff	9.39794	0.4	0.39794
CHEMBL1862_Ki-0695	Cc1ccc(F)cc1-c1cc2cnc(NC(=O)C3CC3)cc2c(C)n1	Tyrosine-protein kinase ABL1	ABL1	Ki	Kinase	test	cliff	10.0969	0.08	1.09691
CHEMBL1862_Ki-0696	Cc1ccc(F)cc1-c1cc2cnc(NC(=O)C3CC3)cc2c(C#N)n1	Tyrosine-protein kinase ABL1	ABL1	Ki	Kinase	train	cliff	9	1	-0
CHEMBL1862_Ki-0697	Cc1ccc(F)cc1-c1cc2cnc(NC(=O)C3CC3)cc2c(N2CCCCC2)n1	Tyrosine-protein kinase ABL1	ABL1	Ki	Kinase	train	cliff	8.52288	3	-0.477121
CHEMBL1862_Ki-0698	Cc1ccc(F)cc1-c1cc2cnc(NC(=O)C3CC3)cc2c(OC2CCCC2)n1	Tyrosine-protein kinase ABL1	ABL1	Ki	Kinase	test	non-cliff	8.39794	4	-0.60206
CHEMBL1862_Ki-0699	Cc1ccc(F)cc1-c1cc2cnc(NC(=O)C3CC3)cc2c(CO)n1	Tyrosine-protein kinase ABL1	ABL1	Ki	Kinase	train	non-cliff	9.69897	0.2	0.69897
CHEMBL1862_Ki-0700	Cc1ccc(F)cc1-c1cc2cnc(NC(=O)C3CC3)cc2c(Oc2ccccc2)n1	Tyrosine-protein kinase ABL1	ABL1	Ki	Kinase	train	cliff	7.92082	12	-1.07918
CHEMBL1862_Ki-0701	Cc1ccc(F)cc1-c1cc2cnc(NC(=O)C3CC3)cc2c(-c2cccnc2)n1	Tyrosine-protein kinase ABL1	ABL1	Ki	Kinase	train	cliff	9.69897	0.2	0.69897
CHEMBL1862_Ki-0702	Cc1ccc(F)cc1-c1cc2cnc(NC(=O)C3CC3)cc2c(Nc2ccccc2)n1	Tyrosine-protein kinase ABL1	ABL1	Ki	Kinase	train	cliff	7.95861	11	-1.04139
CHEMBL1862_Ki-0703	Cc1ccc(F)cc1-c1cc2cnc(NC(=O)C3CC3)cc2c(NC2CCCC2)n1	Tyrosine-protein kinase ABL1	ABL1	Ki	Kinase	train	cliff	8.30103	5	-0.69897
CHEMBL1862_Ki-0704	Cc1ccc(F)cc1-c1cc2cnc(NC(=O)C3CC3)cc2c(CF)n1	Tyrosine-protein kinase ABL1	ABL1	Ki	Kinase	train	non-cliff	9.69897	0.2	0.69897
CHEMBL1862_Ki-0705	Cc1ccc(F)cc1-c1cc2cnc(NC(=O)C3CC3)cc2c(-c2ccnn2C)n1	Tyrosine-protein kinase ABL1	ABL1	Ki	Kinase	train	cliff	9.52288	0.3	0.522879
CHEMBL1862_Ki-0706	Cc1ccc(F)cc1-c1cc2cnc(NC(=O)C3CC3)cc2c(S(C)(=O)=O)n1	Tyrosine-protein kinase ABL1	ABL1	Ki	Kinase	train	non-cliff	9.52288	0.3	0.522879
CHEMBL1862_Ki-0707	Cc1ccc(F)cc1-c1cc2cnc(NC(=O)C3CC3)cc2c(-c2ccccc2)n1	Tyrosine-protein kinase ABL1	ABL1	Ki	Kinase	test	cliff	9.39794	0.4	0.39794
CHEMBL1862_Ki-0708	Cc1nc(C)c(-c2nc(-c3cc(F)ccc3C)cc3cnc(NC(=O)C4CC4)cc23)s1	Tyrosine-protein kinase ABL1	ABL1	Ki	Kinase	test	non-cliff	9.52288	0.3	0.522879
CHEMBL1862_Ki-0709	Cc1ccc(F)cc1-c1cc2cnc(NC(=O)C3CC3)cc2c(-c2cnccc2C)n1	Tyrosine-protein kinase ABL1	ABL1	Ki	Kinase	test	cliff	9	1	-0
CHEMBL1862_Ki-0710	Cc1ccc(F)cc1-c1cc2cnc(NC(=O)C3CC3)cc2c(-c2ccncc2)n1	Tyrosine-protein kinase ABL1	ABL1	Ki	Kinase	train	cliff	8.18046	6.6	-0.819544
CHEMBL1862_Ki-0711	Cc1ccc(F)cc1-c1cc2cnc(NC(=O)C3CC3)cc2c(-c2cc[nH]n2)n1	Tyrosine-protein kinase ABL1	ABL1	Ki	Kinase	train	cliff	9.69897	0.2	0.69897
CHEMBL1862_Ki-0712	Cc1ccc(F)cc1-c1cc2cnc(NC(=O)C3CC3)cc2c(-c2cnn(C)c2)n1	Tyrosine-protein kinase ABL1	ABL1	Ki	Kinase	train	cliff	10	0.1	1
CHEMBL1862_Ki-0713	Cc1ccc(F)cc1-c1cc2cnc(NC(=O)C3CC3)cc2c(-c2cn[nH]c2)n1	Tyrosine-protein kinase ABL1	ABL1	Ki	Kinase	test	cliff	10	0.1	1
CHEMBL1862_Ki-0714	Cc1ccc(F)cc1-c1cc2cnc(NC(=O)C3CC3)cc2c(C(C)(C)O)n1	Tyrosine-protein kinase ABL1	ABL1	Ki	Kinase	test	cliff	9.69897	0.2	0.69897
CHEMBL1862_Ki-0715	Cc1c2cc(NC(=O)C3CC3)ncc2cc(-c2ccccc2Cl)[n+]1[O-]	Tyrosine-protein kinase ABL1	ABL1	Ki	Kinase	test	non-cliff	9	1	-0
CHEMBL1862_Ki-0716	Cc1ccc(CO)cc1-c1cc2cnc(NC(=O)C3CC3)cc2cn1	Tyrosine-protein kinase ABL1	ABL1	Ki	Kinase	train	cliff	10	0.1	1
CHEMBL1862_Ki-0717	Cc1ccc(F)cc1-c1cc2cnc(NC(=O)C3CC3)cc2c(OC2CCNCC2)n1	Tyrosine-protein kinase ABL1	ABL1	Ki	Kinase	train	cliff	9.1549	0.7	0.154902
CHEMBL1862_Ki-0718	Cc1ccc(F)cc1-c1cc2cnc(NC(=O)C3CC3)cc2c(CN(C)C)n1	Tyrosine-protein kinase ABL1	ABL1	Ki	Kinase	train	cliff	8	10	-1
CHEMBL1862_Ki-0719	Cc1ccc(F)cc1-c1cc2cnc(NC(=O)C3CC3)cc2c(N2CCNCC2)n1	Tyrosine-protein kinase ABL1	ABL1	Ki	Kinase	train	non-cliff	9	1	-0
CHEMBL1862_Ki-0720	CNCc1nc(-c2cc(F)ccc2C)cc2cnc(NC(=O)C3CC3)cc12	Tyrosine-protein kinase ABL1	ABL1	Ki	Kinase	train	non-cliff	8.30103	5	-0.69897
CHEMBL1862_Ki-0721	Cc1ccc(F)cc1-c1cc2cnc(NC(=O)C3CC3)cc2c(OC2CCNC2)n1	Tyrosine-protein kinase ABL1	ABL1	Ki	Kinase	train	non-cliff	8.69897	2	-0.30103
CHEMBL1862_Ki-0722	Cc1ccc(F)cc1-c1cc2cnc(NC(=O)C3CC3)cc2c(C2CCOC2)n1	Tyrosine-protein kinase ABL1	ABL1	Ki	Kinase	train	cliff	9.39794	0.4	0.39794
CHEMBL1862_Ki-0723	Cc1ccc2[nH]ncc2c1-c1cc2cnc(NC(=O)[C@@H]3C[C@@H]3F)cc2cn1	Tyrosine-protein kinase ABL1	ABL1	Ki	Kinase	train	cliff	10.699	0.02	1.69897
CHEMBL1862_Ki-0724	Cc1ccc(C(=O)NC2(C)COC2)cc1-c1cc2cnc(NC(=O)[C@@H]3C[C@@H]3F)cc2cn1	Tyrosine-protein kinase ABL1	ABL1	Ki	Kinase	train	non-cliff	7.37675	42	-1.62325
CHEMBL1862_Ki-0725	O=C(Nc1cc2ncc(-c3cc(F)ccc3Cl)cc2cn1)C1CC1	Tyrosine-protein kinase ABL1	ABL1	Ki	Kinase	train	cliff	9.52288	0.3	0.522879
CHEMBL1862_Ki-0726	CCc1nc2cc(NC(=O)C3CC3)ncc2cc1-c1ccccc1Cl	Tyrosine-protein kinase ABL1	ABL1	Ki	Kinase	test	non-cliff	7.95861	11	-1.04139
CHEMBL1862_Ki-0727	O=C(Nc1cc2ccc(-c3c(Cl)cccc3Cl)nc2cn1)C1CC1	Tyrosine-protein kinase ABL1	ABL1	Ki	Kinase	test	cliff	7.82391	15	-1.17609
CHEMBL1862_Ki-0728	OCc1cccc(Nc2cc3ccc(-c4ccccc4Cl)nc3cn2)c1	Tyrosine-protein kinase ABL1	ABL1	Ki	Kinase	train	cliff	6.66959	214	-2.33041
CHEMBL1862_Ki-0729	O=C(Nc1cc2ccc(-c3ccccc3Cl)nc2cn1)C1CC1	Tyrosine-protein kinase ABL1	ABL1	Ki	Kinase	train	cliff	8.52288	3	-0.477121
CHEMBL1862_Ki-0730	Cc1cc2cc(NC(=O)C3CC3)ncc2nc1-c1cc(F)ccc1Cl	Tyrosine-protein kinase ABL1	ABL1	Ki	Kinase	test	cliff	7.76955	17	-1.23045
CHEMBL1862_Ki-0731	Cc1ccc(F)cc1-c1cc(C)c2cc(NC(=O)C3CC3)ncc2n1	Tyrosine-protein kinase ABL1	ABL1	Ki	Kinase	train	cliff	7.72125	19	-1.27875
CHEMBL1862_Ki-0732	Cc1ccc(F)cc1-c1cc(O)c2cc(NC(=O)C3CC3)ncc2n1	Tyrosine-protein kinase ABL1	ABL1	Ki	Kinase	train	cliff	8.09691	8	-0.90309
CHEMBL1862_Ki-0733	O=C(Nc1cc2ccc(C3(O)CCCCC3)nc2cn1)C1CC1	Tyrosine-protein kinase ABL1	ABL1	Ki	Kinase	train	non-cliff	7.88606	13	-1.11394
CHEMBL1862_Ki-0734	O=C(Nc1cc2c(O)cc(-c3ccccc3Cl)nc2cn1)C1CC1	Tyrosine-protein kinase ABL1	ABL1	Ki	Kinase	train	cliff	8.22185	6	-0.778151
CHEMBL1862_Ki-0735	O=C(Nc1cc2ccc(C3(O)CCCC3)nc2cn1)C1CC1	Tyrosine-protein kinase ABL1	ABL1	Ki	Kinase	train	non-cliff	8.1549	7	-0.845098
CHEMBL1862_Ki-0736	Cc1nc(Cl)ncc1-c1ccc2cc(NC(=O)C3CC3)ncc2c1	Tyrosine-protein kinase ABL1	ABL1	Ki	Kinase	test	cliff	9.10292	0.789	0.102923
CHEMBL1862_Ki-0737	Cc1ccncc1-c1ccc2cc(NC(=O)C3CCO3)ncc2c1	Tyrosine-protein kinase ABL1	ABL1	Ki	Kinase	train	cliff	8.67162	2.13	-0.32838
CHEMBL1862_Ki-0738	O=C(Nc1cc2ccc(Br)cc2cn1)C1CC1	Tyrosine-protein kinase ABL1	ABL1	Ki	Kinase	train	cliff	7.6038	24.9	-1.3962
CHEMBL1862_Ki-0739	O=C(Nc1cc2ccc(-c3c(F)cc(F)cc3Cl)cc2cn1)C1CC1	Tyrosine-protein kinase ABL1	ABL1	Ki	Kinase	train	non-cliff	9.62709	0.236	0.627088
CHEMBL1862_Ki-0740	O=C(Nc1cc2ccc(-c3c(F)ccc(F)c3Cl)cc2cn1)C1CC1	Tyrosine-protein kinase ABL1	ABL1	Ki	Kinase	train	non-cliff	9.78516	0.164	0.785156
CHEMBL1862_Ki-0741	Cc1cccc(F)c1-c1ccc2cc(NC(=O)C3CC3)ncc2c1	Tyrosine-protein kinase ABL1	ABL1	Ki	Kinase	train	cliff	10.1494	0.0709	1.14935
CHEMBL1862_Ki-0742	Cc1cccc(Cl)c1-c1ccc2cc(NC(=O)C3CC3)ncc2c1	Tyrosine-protein kinase ABL1	ABL1	Ki	Kinase	train	cliff	9.80134	0.158	0.801343
CHEMBL1862_Ki-0743	O=C(Nc1cc2ccc(-c3cc(F)ccc3F)cc2cn1)C1CC1	Tyrosine-protein kinase ABL1	ABL1	Ki	Kinase	train	cliff	9.45717	0.349	0.457175
CHEMBL1862_Ki-0744	O=C(Nc1cc2ccc(-c3c(F)cccc3F)cc2cn1)C1CC1	Tyrosine-protein kinase ABL1	ABL1	Ki	Kinase	train	cliff	9.75696	0.175	0.756962
CHEMBL1862_Ki-0745	Cc1ccc(F)cc1-c1ccc2cc(NC(=O)C3CC3)ncc2c1	Tyrosine-protein kinase ABL1	ABL1	Ki	Kinase	train	cliff	9.93554	0.116	0.935542
CHEMBL1862_Ki-0746	Cc1ccc(Cl)cc1-c1ccc2cc(NC(=O)C3CC3)ncc2c1	Tyrosine-protein kinase ABL1	ABL1	Ki	Kinase	train	cliff	9.17328	0.671	0.173277
CHEMBL1862_Ki-0747	O=C(Nc1cc2ccc(-c3ccncc3Cl)cc2cn1)C1CC1	Tyrosine-protein kinase ABL1	ABL1	Ki	Kinase	train	cliff	8.85699	1.39	-0.143015
CHEMBL1862_Ki-0748	O=C(Nc1cc2ccc(-c3ccncc3)cc2cn1)C1CC1	Tyrosine-protein kinase ABL1	ABL1	Ki	Kinase	train	cliff	8.24795	5.65	-0.752048
CHEMBL1862_Ki-0749	O=C(Nc1cc2ccc(-c3cccnc3)cc2cn1)C1CC1	Tyrosine-protein kinase ABL1	ABL1	Ki	Kinase	test	cliff	9.14752	0.712	0.14752
CHEMBL1862_Ki-0750	Cc1cccc(C)c1-c1ccc2cc(NC(=O)C3CC3)ncc2c1	Tyrosine-protein kinase ABL1	ABL1	Ki	Kinase	test	cliff	9.69037	0.204	0.69037
CHEMBL1862_Ki-0751	O=C(Nc1cc2ccc(-c3c(Cl)cccc3C(F)(F)F)cc2cn1)C1CC1	Tyrosine-protein kinase ABL1	ABL1	Ki	Kinase	train	non-cliff	7.70774	19.6	-1.29226
CHEMBL1862_Ki-0752	N#Cc1ccccc1-c1ccc2cc(NC(=O)C3CC3)ncc2c1	Tyrosine-protein kinase ABL1	ABL1	Ki	Kinase	train	cliff	9.76195	0.173	0.761954
CHEMBL1862_Ki-0753	O=C(Nc1cc2ccc(-c3ccccc3Cl)cc2cn1)C1CC1	Tyrosine-protein kinase ABL1	ABL1	Ki	Kinase	train	cliff	9.50585	0.312	0.505845
CHEMBL1862_Ki-0754	O=C(Nc1cc2ccc(-c3ccccc3F)cc2cn1)C1CC1	Tyrosine-protein kinase ABL1	ABL1	Ki	Kinase	train	cliff	9.2636	0.545	0.263603
CHEMBL1862_Ki-0755	CN1CCN(c2nccc(Nc3cc4ccc(-c5c(Cl)cccc5Cl)cc4cn3)n2)CC1	Tyrosine-protein kinase ABL1	ABL1	Ki	Kinase	test	non-cliff	8.61618	2.42	-0.383815
CHEMBL1862_Ki-0756	Clc1cccc(Cl)c1-c1ccc2cc(Nc3ccnc(N4CCOCC4)n3)ncc2c1	Tyrosine-protein kinase ABL1	ABL1	Ki	Kinase	train	non-cliff	8.98716	1.03	-0.0128372
CHEMBL1862_Ki-0757	CCc1cc(Nc2cc3ccc(-c4c(Cl)cccc4Cl)cc3cn2)nc(N2CCOCC2)n1	Tyrosine-protein kinase ABL1	ABL1	Ki	Kinase	train	non-cliff	8.2993	5.02	-0.700704
CHEMBL1862_Ki-0758	CCCS(=O)(=O)Nc1ccc(F)c(-c2ccc3cc(NC(C)=O)ncc3c2)c1F	Tyrosine-protein kinase ABL1	ABL1	Ki	Kinase	train	non-cliff	7.66354	21.7	-1.33646
CHEMBL1862_Ki-0759	CC1CC(C)N1c1ccc2cc(NC(=O)C3CC3F)ncc2c1	Tyrosine-protein kinase ABL1	ABL1	Ki	Kinase	test	non-cliff	7.38091	41.6	-1.61909
CHEMBL1862_Ki-0760	Cc1c(F)cncc1-c1cc2cnc(NC(=O)C3CC3F)cc2c[n+]1[O-]	Tyrosine-protein kinase ABL1	ABL1	Ki	Kinase	train	non-cliff	8.98297	1.04	-0.0170333
CHEMBL1862_Ki-0761	Cc1c(F)cncc1-c1cc2cnc(NC(=O)[C@@H]3C[C@@H]3F)cc2cn1	Tyrosine-protein kinase ABL1	ABL1	Ki	Kinase	train	non-cliff	9.77469	0.168	0.774691
CHEMBL1862_Ki-0762	O=C(Nc1cc2ccc(-c3cccc4[nH]nnc34)cc2cn1)C1CC1	Tyrosine-protein kinase ABL1	ABL1	Ki	Kinase	train	cliff	10.1409	0.0723	1.14086
CHEMBL1862_Ki-0763	O=C(Nc1cc2ccc(-c3cc(F)cc4[nH]ncc34)cc2cn1)C1CC1	Tyrosine-protein kinase ABL1	ABL1	Ki	Kinase	test	non-cliff	9.80134	0.158	0.801343
CHEMBL1862_Ki-0764	Cc1c(-c2ccc3cc(NC(=O)[C@@H]4C[C@@H]4F)ncc3c2)cnc(C(C)(C)O)c1F	Tyrosine-protein kinase ABL1	ABL1	Ki	Kinase	test	non-cliff	9.57187	0.268	0.571865
CHEMBL1862_Ki-0765	Cc1c(F)cncc1-c1ccc2cc(NC(=O)[C@@H]3C[C@@H]3F)ncc2c1	Tyrosine-protein kinase ABL1	ABL1	Ki	Kinase	train	non-cliff	10.7305	0.0186	1.73049
CHEMBL1862_Ki-0766	Cc1ccc[n+]([O-])c1-c1ccc2cc(NC(=O)C3CC3)ncc2c1	Tyrosine-protein kinase ABL1	ABL1	Ki	Kinase	train	cliff	10.0477	0.0896	1.04769
CHEMBL1862_Ki-0767	Cc1cc([S+](C)O)ncc1-c1ccc2cc(NC(=O)C3CC3F)ncc2c1	Tyrosine-protein kinase ABL1	ABL1	Ki	Kinase	test	non-cliff	7.59688	25.3	-1.40312
CHEMBL1862_Ki-0768	Cc1cc(C(O)C(F)F)ncc1-c1ccc2cc(NC(=O)C3C[C@@H]3F)ncc2c1	Tyrosine-protein kinase ABL1	ABL1	Ki	Kinase	test	non-cliff	7.47496	33.5	-1.52504
CHEMBL1862_Ki-0769	Cc1ccc(C(=O)NC2CC(F)(F)C2)cc1-c1ccc2cc(NC(=O)C3CC3)ncc2c1	Tyrosine-protein kinase ABL1	ABL1	Ki	Kinase	test	non-cliff	9.1512	0.706	0.151195
CHEMBL1862_Ki-0770	Cc1cc(C(C)(C)O)ncc1-c1ccc2cc(NC(=O)[C@@H]3C[C@@H]3F)ncc2c1	Tyrosine-protein kinase ABL1	ABL1	Ki	Kinase	train	non-cliff	8.68194	2.08	-0.318063
CHEMBL1862_Ki-0771	Cc1cc(C(C)(C)O)ncc1-c1cc2cnc(NC(=O)[C@@H]3C[C@@H]3F)cc2cn1	Tyrosine-protein kinase ABL1	ABL1	Ki	Kinase	train	non-cliff	9.66154	0.218	0.661544
CHEMBL1862_Ki-0772	Cc1cc[n+]([O-])cc1-c1ccc2cc(NC(=O)C3CC3)ncc2c1	Tyrosine-protein kinase ABL1	ABL1	Ki	Kinase	train	cliff	9.77728	0.167	0.777284
CHEMBL1862_Ki-0773	Cc1ccncc1-c1cc2c[n+]([O-])c(NC(=O)[C@@H]3C[C@@H]3F)cc2cn1	Tyrosine-protein kinase ABL1	ABL1	Ki	Kinase	train	non-cliff	7.38091	41.6	-1.61909
CHEMBL1862_Ki-0774	Cc1ccc(C(=O)NC2(CO)CCC2)cc1-c1ccc2cc(NC(=O)C3CC3)ncc2c1	Tyrosine-protein kinase ABL1	ABL1	Ki	Kinase	train	cliff	9.2321	0.586	0.232102
CHEMBL1862_Ki-0775	Cc1ccnc(CO)c1-c1ccc2cc(NC(=O)[C@@H]3C[C@@H]3F)ncc2c1	Tyrosine-protein kinase ABL1	ABL1	Ki	Kinase	train	non-cliff	9.71444	0.193	0.714443
CHEMBL1862_Ki-0776	O=C(Nc1cc2cnc(-c3ccccc3OC(F)(F)F)cc2cn1)[C@@H]1C[C@@H]1F	Tyrosine-protein kinase ABL1	ABL1	Ki	Kinase	train	non-cliff	7.65758	22	-1.34242
CHEMBL1862_Ki-0777	Cc1ccc2[nH]ncc2c1-c1ccc2cc(NC(=O)[C@@H]3C[C@@H]3F)ncc2c1	Tyrosine-protein kinase ABL1	ABL1	Ki	Kinase	train	cliff	8.30103	5	-0.69897
CHEMBL1862_Ki-0778	Cc1ccc(C(=O)NC2CCC2)cc1-c1ccc2cc(NC(=O)C3CC3)ncc2c1	Tyrosine-protein kinase ABL1	ABL1	Ki	Kinase	train	cliff	9.37986	0.417	0.379864
CHEMBL1862_Ki-0779	Cc1ccc(C(=O)NC2(C)CCC2)cc1-c1ccc2cc(N)ncc2c1	Tyrosine-protein kinase ABL1	ABL1	Ki	Kinase	train	non-cliff	8.11351	7.7	-0.886491
CHEMBL1862_Ki-0780	Cc1ccc(C(=O)NC2(C)COC2)cc1-c1ccc2cc(N)ncc2c1	Tyrosine-protein kinase ABL1	ABL1	Ki	Kinase	train	non-cliff	7.38091	41.6	-1.61909
CHEMBL1862_Ki-0781	Cc1ncc(C(=O)NC2CCC2)cc1-c1ccc2cc(N)ncc2c1	Tyrosine-protein kinase ABL1	ABL1	Ki	Kinase	train	non-cliff	7.61979	24	-1.38021
CHEMBL1862_Ki-0782	Cc1ncc(C(=O)NC2(C)CCC2)cc1-c1ccc2cc(N)ncc2c1	Tyrosine-protein kinase ABL1	ABL1	Ki	Kinase	train	non-cliff	7.38091	41.6	-1.61909
CHEMBL1862_Ki-0783	Cc1ccc(C(=O)NC2(C)COC2)c(F)c1-c1ccc2cc(N)ncc2c1	Tyrosine-protein kinase ABL1	ABL1	Ki	Kinase	train	non-cliff	7.38091	41.6	-1.61909
CHEMBL1862_Ki-0784	Cc1ccc(C(=O)NC2(C)CCC2)cc1-c1ccc2c(Cl)c(N)ncc2c1	Tyrosine-protein kinase ABL1	ABL1	Ki	Kinase	test	non-cliff	7.47496	33.5	-1.52504
CHEMBL1862_Ki-0785	Cc1nc(Nc2ncc(C(=O)Nc3c(C)cccc3Cl)s2)cc(N2CCN(CCO)CC2)n1	Tyrosine-protein kinase ABL1	ABL1	Ki	Kinase	train	non-cliff	9.34008	0.457	0.340084
CHEMBL1862_Ki-0786	Cc1nc(Nc2ncc(C(=O)Nc3c(C)cccc3Cl)s2)cc(N2CCNCC2)n1	Tyrosine-protein kinase ABL1	ABL1	Ki	Kinase	test	non-cliff	8.48149	3.3	-0.518514
CHEMBL1862_Ki-0787	Cc1nc(Nc2ncc(C(=O)Nc3c(C)cccc3Cl)s2)cc(N2CCN(CCOCCOCCNC(=O)OC(C)(C)C)CC2)n1	Tyrosine-protein kinase ABL1	ABL1	Ki	Kinase	train	non-cliff	9.37882	0.418	0.378824
CHEMBL1862_Ki-0788	Cc1nc(Nc2ncc(C(=O)Nc3c(C)cccc3Cl)s2)cc(N2CCN(CCOCCOCCN)CC2)n1	Tyrosine-protein kinase ABL1	ABL1	Ki	Kinase	train	non-cliff	9.98716	0.103	0.987163
CHEMBL1862_Ki-0789	Cc1nc(Nc2ncc(C(=O)Nc3c(C)cccc3Cl)s2)cc(N2CCN(CCOCCOCCNC(=O)CCCCCC3(C)C(/C=C/C=C/C=C4/N(CCCS(=O)(=O)O)c5ccc(S(=O)(=O)O)cc5C4(C)C)=[N+](CCCS(=O)(=O)O)c4ccc(S(=O)(=O)O)cc43)CC2)n1	Tyrosine-protein kinase ABL1	ABL1	Ki	Kinase	train	non-cliff	9.45593	0.35	0.455932
CHEMBL1862_Ki-0790	Cc1nc(Nc2ncc(C(=O)Nc3c(C)cccc3Cl)s2)cc(N2CCN(CCOCCOCCNC(=O)CS(=O)(=O)O)CC2)n1	Tyrosine-protein kinase ABL1	ABL1	Ki	Kinase	test	non-cliff	9.3098	0.49	0.309804
CHEMBL1862_Ki-0791	Cc1nc(Nc2ncc(C(=O)Nc3c(C)cccc3Cl)s2)cc(N2CCN(CCOCCOCCNC(=O)C3C(C(=O)O)C(C(=O)O)C3C(=O)O)CC2)n1	Tyrosine-protein kinase ABL1	ABL1	Ki	Kinase	train	non-cliff	9.29499	0.507	0.294992
CHEMBL1862_Ki-0792	COc1ccccc1-c1c[nH]c2ncc(-c3cncc(C(=O)N(C)C)c3)cc12	Tyrosine-protein kinase ABL1	ABL1	Ki	Kinase	test	non-cliff	7.69897	20	-1.30103
CHEMBL1862_Ki-0793	CNCc1ccc(-c2cc(-c3nc(-c4ccc(S(=O)(=O)C(C)C)cc4)cnc3N)on2)cc1	Tyrosine-protein kinase ABL1	ABL1	Ki	Kinase	test	non-cliff	7.22915	59	-1.77085
CHEMBL1862_Ki-0794	CCCCNc1ncnc2c1cnn2CC(Cl)c1ccccc1	Tyrosine-protein kinase ABL1	ABL1	Ki	Kinase	test	non-cliff	5.7	1995.26	-3.3
