compound_id	smiles	target	target_abbreviation	assay_type	receptor_class	split	activity_cliff	p_activity	activity_nm	moleculeace_y
CHEMBL2034_Ki-0001	CC1=CC(C)(C)Nc2ccc3c(c21)/C(=C/c1ccsc1)Oc1ccc(F)cc1-3	Glucocorticoid receptor	GR	Ki	NR	test	cliff	7.07572	84	-1.92428
CHEMBL2034_Ki-0002	CCc1ccccc1/C=C1\\Oc2ccc(F)cc2-c2ccc3c(c21)C(C)=CC(C)(C)N3	Glucocorticoid receptor	GR	Ki	NR	train	non-cliff	6.56864	270	-2.43136
CHEMBL2034_Ki-0003	CC1=CC(C)(C)Nc2ccc3c(c21)/C(=C/c1ccccc1N(C)C)Oc1ccc(F)cc1-3	Glucocorticoid receptor	GR	Ki	NR	test	non-cliff	6.30715	493	-2.69285
CHEMBL2034_Ki-0004	CC1=CC(C)(C)Nc2ccc3c(c21)/C(=C/c1ccccc1)Oc1c(F)cccc1-3	Glucocorticoid receptor	GR	Ki	NR	test	non-cliff	6.49349	321	-2.50651
CHEMBL2034_Ki-0005	CC(=O)O[C@]1(C(C)=O)CC[C@H]2[C@@H]3C[C@H](C)C4=CC(=O)CC[C@]4(C)[C@H]3CC[C@@]21C	Glucocorticoid receptor	GR	Ki	NR	train	non-cliff	7.87943	13.2	-1.12057
CHEMBL2034_Ki-0006	CC1=CC(C)(C)Nc2ccc3c(c21)/C(=C/c1ccccc1C)Oc1c(F)cccc1-3	Glucocorticoid receptor	GR	Ki	NR	train	non-cliff	6.63451	232	-2.36549
CHEMBL2034_Ki-0007	COc1ccccc1/C=C1\\Oc2ccc(F)cc2-c2ccc3c(c21)C(C)=CC(C)(C)N3	Glucocorticoid receptor	GR	Ki	NR	train	non-cliff	6.55752	277	-2.44248
CHEMBL2034_Ki-0008	CC1=CC(C)(C)Nc2ccc3c(c21)/C(=C/c1ccncc1C)Oc1ccc(F)cc1-3	Glucocorticoid receptor	GR	Ki	NR	train	non-cliff	6.63451	232	-2.36549
CHEMBL2034_Ki-0009	CC1=CC(C)(C)Nc2ccc3c(c21)/C(=C/c1ccco1)Oc1ccc(F)cc1-3	Glucocorticoid receptor	GR	Ki	NR	train	non-cliff	6.85387	140	-2.14613
CHEMBL2034_Ki-0010	CC(=O)[C@H]1CC[C@H]2[C@@H]3CCC4=CC(=O)CC[C@]4(C)[C@H]3CC[C@]12C	Glucocorticoid receptor	GR	Ki	NR	test	non-cliff	7.5157	30.5	-1.4843
CHEMBL2034_Ki-0011	CC1=CC(C)(C)Nc2ccc3c(c21)/C(=C/c1ccccc1)Oc1ccc(F)cc1-3	Glucocorticoid receptor	GR	Ki	NR	train	non-cliff	6.68403	207	-2.31597
CHEMBL2034_Ki-0012	CSc1ccccc1/C=C1\\Oc2ccc(F)cc2-c2ccc3c(c21)C(C)=CC(C)(C)N3	Glucocorticoid receptor	GR	Ki	NR	train	non-cliff	6.41341	386	-2.58659
CHEMBL2034_Ki-0013	CC1=CC(C)(C)Nc2ccc3c(c21)/C(=C/c1ncccc1C)Oc1ccc(F)cc1-3	Glucocorticoid receptor	GR	Ki	NR	train	cliff	6.05849	874	-2.94151
CHEMBL2034_Ki-0014	CC1=CC(C)(C)Nc2ccc3c(c21)/C(=C/c1ccccc1C)Oc1ccc(F)cc1-3	Glucocorticoid receptor	GR	Ki	NR	train	non-cliff	6.62709	236	-2.37291
CHEMBL2034_Ki-0015	C=CCC1Oc2cccc(OC)c2-c2ccc3c(c21)C(C)=CC(C)(C)N3	Glucocorticoid receptor	GR	Ki	NR	train	cliff	8.67094	2.13333	-0.329059
CHEMBL2034_Ki-0016	C=CCC1Oc2ccc(F)c(OC)c2-c2ccc3c(c21)C(C)=CC(C)(C)N3	Glucocorticoid receptor	GR	Ki	NR	train	cliff	8.42022	3.8	-0.579784
CHEMBL2034_Ki-0017	C=CCC1Oc2c(Br)cc(O)c(Cl)c2-c2ccc3c(c21)C(C)=CC(C)(C)N3	Glucocorticoid receptor	GR	Ki	NR	train	non-cliff	8.63827	2.3	-0.361728
CHEMBL2034_Ki-0018	C=CCC1Oc2c(Br)ccc(OC)c2-c2ccc3c(c21)C(C)=CC(C)(C)N3	Glucocorticoid receptor	GR	Ki	NR	train	cliff	8.38722	4.1	-0.612784
CHEMBL2034_Ki-0019	C=CCC1Oc2cccc(NC)c2-c2ccc3c(c21)C(C)=CC(C)(C)N3	Glucocorticoid receptor	GR	Ki	NR	train	cliff	8.1549	7	-0.845098
CHEMBL2034_Ki-0020	C=CCC1Oc2cccc(CO)c2-c2ccc3c(c21)C(C)=CC(C)(C)N3	Glucocorticoid receptor	GR	Ki	NR	train	cliff	8.63827	2.3	-0.361728
CHEMBL2034_Ki-0021	C=CCC1Oc2cccc(Cl)c2-c2ccc3c(c21)C(C)=CC(C)(C)N3	Glucocorticoid receptor	GR	Ki	NR	train	cliff	8.72125	1.9	-0.278754
CHEMBL2034_Ki-0022	C=CCC1Oc2cccc(OC(F)F)c2-c2ccc3c(c21)C(C)=CC(C)(C)N3	Glucocorticoid receptor	GR	Ki	NR	train	cliff	8.65758	2.2	-0.342423
CHEMBL2034_Ki-0023	C=CCC1Oc2cccc(C#N)c2-c2ccc3c(c21)C(C)=CC(C)(C)N3	Glucocorticoid receptor	GR	Ki	NR	train	cliff	8.03152	9.3	-0.968483
CHEMBL2034_Ki-0024	C=CCC1Oc2cccc(CN)c2-c2ccc3c(c21)C(C)=CC(C)(C)N3	Glucocorticoid receptor	GR	Ki	NR	train	cliff	6.85387	140	-2.14613
CHEMBL2034_Ki-0025	C=CCC1Oc2ccc(Cl)c(OC)c2-c2ccc3c(c21)C(C)=CC(C)(C)N3	Glucocorticoid receptor	GR	Ki	NR	train	cliff	8.266	5.42	-0.733999
CHEMBL2034_Ki-0026	C#CCOc1ccc2c(c1OC)-c1ccc3c(c1C(CC=C)O2)C(C)=CC(C)(C)N3	Glucocorticoid receptor	GR	Ki	NR	train	cliff	7.85699	13.9	-1.14301
CHEMBL2034_Ki-0027	C=CCC1Oc2cccc(COC)c2-c2ccc3c(c21)C(C)=CC(C)(C)N3	Glucocorticoid receptor	GR	Ki	NR	train	cliff	7.74473	18	-1.25527
CHEMBL2034_Ki-0028	C=CCC1Oc2cccc(SC)c2-c2ccc3c(c21)C(C)=CC(C)(C)N3	Glucocorticoid receptor	GR	Ki	NR	test	cliff	8.284	5.2	-0.716003
CHEMBL2034_Ki-0029	C=CCC1Oc2cccc(C(=O)OC)c2-c2ccc3c(c21)C(C)=CC(C)(C)N3	Glucocorticoid receptor	GR	Ki	NR	train	cliff	6.39794	400	-2.60206
CHEMBL2034_Ki-0030	C=CCC1Oc2cccc(O)c2-c2ccc3c(c21)C(C)=CC(C)(C)N3	Glucocorticoid receptor	GR	Ki	NR	train	cliff	7.55909	27.6	-1.44091
CHEMBL2034_Ki-0031	C=CCC1Oc2ccc(OC)c(OC)c2-c2ccc3c(c21)C(C)=CC(C)(C)N3	Glucocorticoid receptor	GR	Ki	NR	train	cliff	7.91721	12.1	-1.08279
CHEMBL2034_Ki-0032	C=CCC1Oc2ccc(CO)c(OC)c2-c2ccc3c(c21)C(C)=CC(C)(C)N3	Glucocorticoid receptor	GR	Ki	NR	train	cliff	8.18046	6.6	-0.819544
CHEMBL2034_Ki-0033	C#CCOc1cccc2c1-c1ccc3c(c1C(CC=C)O2)C(C)=CC(C)(C)N3	Glucocorticoid receptor	GR	Ki	NR	train	cliff	8.37675	4.2	-0.623249
CHEMBL2034_Ki-0034	C=CCC1Oc2c(C)ccc(OC)c2-c2ccc3c(c21)C(C)=CC(C)(C)N3	Glucocorticoid receptor	GR	Ki	NR	train	cliff	8.69897	2	-0.30103
CHEMBL2034_Ki-0035	C=CCC1Oc2cccc(OCC)c2-c2ccc3c(c21)C(C)=CC(C)(C)N3	Glucocorticoid receptor	GR	Ki	NR	train	cliff	7.18709	65	-1.81291
CHEMBL2034_Ki-0036	C=CCC1Oc2ccc(O)c(OC)c2-c2ccc3c(c21)C(C)=CC(C)(C)N3	Glucocorticoid receptor	GR	Ki	NR	train	cliff	9.02228	0.95	0.0222764
CHEMBL2034_Ki-0037	C=CCC1Oc2c(C=C)ccc(OC)c2-c2ccc3c(c21)C(C)=CC(C)(C)N3	Glucocorticoid receptor	GR	Ki	NR	test	cliff	7.46852	34	-1.53148
CHEMBL2034_Ki-0038	C=CCC1Oc2cccc(OCC3CC3)c2-c2ccc3c(c21)C(C)=CC(C)(C)N3	Glucocorticoid receptor	GR	Ki	NR	train	cliff	5.67778	2100	-3.32222
CHEMBL2034_Ki-0039	C=CCC1Oc2ccc(Br)c(OC)c2-c2ccc3c(c21)C(C)=CC(C)(C)N3	Glucocorticoid receptor	GR	Ki	NR	test	cliff	8.27409	5.32	-0.725912
CHEMBL2034_Ki-0040	C=CCC1Oc2ccc(OCC#N)c(OC)c2-c2ccc3c(c21)C(C)=CC(C)(C)N3	Glucocorticoid receptor	GR	Ki	NR	train	cliff	7.29243	51	-1.70757
CHEMBL2034_Ki-0041	C[C@]12C[C@H](O)[C@H]3[C@@H](CCC4=CC(=O)C=C[C@@]43C)[C@@H]1CC[C@]2(O)C(=O)CO	Glucocorticoid receptor	GR	Ki	NR	train	cliff	8.4402	3.62913	-0.559803
CHEMBL2034_Ki-0042	C=CCOc1cccc2c1-c1ccc3c(c1C(CC=C)O2)C(C)=CC(C)(C)N3	Glucocorticoid receptor	GR	Ki	NR	train	cliff	7.05552	88	-1.94448
CHEMBL2034_Ki-0043	C=CCC1Oc2ccc(OCC)c(OC)c2-c2ccc3c(c21)C(C)=CC(C)(C)N3	Glucocorticoid receptor	GR	Ki	NR	test	cliff	6.31247	487	-2.68753
CHEMBL2034_Ki-0044	C=CCC1Oc2ccc(C(=O)OC)c(OC)c2-c2ccc3c(c21)C(C)=CC(C)(C)N3	Glucocorticoid receptor	GR	Ki	NR	train	cliff	8.55284	2.8	-0.447158
CHEMBL2034_Ki-0045	C=CCC1Oc2cccc(OCc3ccccc3)c2-c2ccc3c(c21)C(C)=CC(C)(C)N3	Glucocorticoid receptor	GR	Ki	NR	train	non-cliff	5.22185	6000	-3.77815
CHEMBL2034_Ki-0046	C=CCC1Oc2cccc(C=C)c2-c2ccc3c(c21)C(C)=CC(C)(C)N3	Glucocorticoid receptor	GR	Ki	NR	train	cliff	8.35655	4.4	-0.643453
CHEMBL2034_Ki-0047	C=CCOc1ccc2c(c1OC)-c1ccc3c(c1C(CC=C)O2)C(C)=CC(C)(C)N3	Glucocorticoid receptor	GR	Ki	NR	train	cliff	7.92082	12	-1.07918
CHEMBL2034_Ki-0048	C=CCC1Oc2ccc(O)c(Cl)c2-c2ccc3c(c21)C(C)=CC(C)(C)N3	Glucocorticoid receptor	GR	Ki	NR	train	cliff	9.23657	0.58	0.236572
CHEMBL2034_Ki-0049	CC1C(=O)C(C)(C)Nc2ccc3c(c21)/C(=C/c1ccccc1)Oc1ccccc1-3	Glucocorticoid receptor	GR	Ki	NR	train	non-cliff	6.16749	680	-2.83251
CHEMBL2034_Ki-0050	CC1C(=O)C(C)(C)Nc2ccc3c(c21)/C(=C/c1cccc(F)c1)Oc1ccccc1-3	Glucocorticoid receptor	GR	Ki	NR	train	cliff	5.32532	4728	-3.67468
CHEMBL2034_Ki-0051	O=C1C=C2CCc3cc(O)ccc3[C@]2(Cc2ccccc2)CC1	Glucocorticoid receptor	GR	Ki	NR	train	cliff	6.8041	157	-2.1959
CHEMBL2034_Ki-0052	Oc1ccc2c(c1)CC[C@@H]1C[C@@](O)(C#CCl)CC[C@@]21Cc1ccccc1	Glucocorticoid receptor	GR	Ki	NR	train	cliff	10	0.1	1
CHEMBL2034_Ki-0053	O=C1CC[C@@]2(Cc3ccccc3)c3ccc(O)cc3CC[C@@H]2C1	Glucocorticoid receptor	GR	Ki	NR	train	cliff	8.2233	5.98	-0.776701
CHEMBL2034_Ki-0054	CC#C[C@@]1(O)CC[C@@]2(Cc3ccccc3)c3ccc(O)cc3CC[C@@H]2C1	Glucocorticoid receptor	GR	Ki	NR	train	cliff	8.68027	2.088	-0.31973
CHEMBL2034_Ki-0055	CC#C[C@]1(O)CCC2C3CCC4=CC(=O)CC[C@]4(Cc4ccc(C)cc4)C3=CC[C@@]21C	Glucocorticoid receptor	GR	Ki	NR	train	non-cliff	10	0.1	1
CHEMBL2034_Ki-0056	COc1cccc2c1-c1ccc3c(c1C(Cc1ccccc1)O2)C(C)=CC(C)(C)N3	Glucocorticoid receptor	GR	Ki	NR	train	non-cliff	8.09151	8.1	-0.908485
CHEMBL2034_Ki-0057	COc1cccc2c1-c1ccc3c(c1C(c1cccc(OCSC)c1)O2)C(C)=CC(C)(C)N3	Glucocorticoid receptor	GR	Ki	NR	test	non-cliff	8.39794	4	-0.60206
CHEMBL2034_Ki-0058	CCOC(=O)C1Oc2cccc(OC)c2-c2ccc3c(c21)C(C)=CC(C)(C)N3	Glucocorticoid receptor	GR	Ki	NR	train	cliff	7.60206	25	-1.39794
CHEMBL2034_Ki-0059	COc1cccc2c1-c1ccc3c(c1CO2)C(C)=CC(C)(C)N3	Glucocorticoid receptor	GR	Ki	NR	train	non-cliff	6.68194	208	-2.31806
CHEMBL2034_Ki-0060	CCCCC1Oc2cccc(OC)c2-c2ccc3c(c21)C(C)=CC(C)(C)N3	Glucocorticoid receptor	GR	Ki	NR	train	cliff	8.4318	3.7	-0.568202
CHEMBL2034_Ki-0061	COc1cccc2c1-c1ccc3c(c1C(C)O2)C(C)=CC(C)(C)N3	Glucocorticoid receptor	GR	Ki	NR	train	non-cliff	7.30103	50	-1.69897
CHEMBL2034_Ki-0062	CCC1Oc2cccc(OC)c2-c2ccc3c(c21)C(C)=CC(C)(C)N3	Glucocorticoid receptor	GR	Ki	NR	train	cliff	7.85387	14	-1.14613
CHEMBL2034_Ki-0063	COc1cccc2c1-c1ccc3c(c1C(CCN(C)C)O2)C(C)=CC(C)(C)N3	Glucocorticoid receptor	GR	Ki	NR	train	cliff	7.20761	62	-1.79239
CHEMBL2034_Ki-0064	COc1cccc2c1-c1ccc3c(c1C(CC(=O)N(C)C)O2)C(C)=CC(C)(C)N3	Glucocorticoid receptor	GR	Ki	NR	train	cliff	6.29158	511	-2.70842
CHEMBL2034_Ki-0065	COc1cccc2c1-c1ccc3c(c1C(C1CCCC1)O2)C(C)=CC(C)(C)N3	Glucocorticoid receptor	GR	Ki	NR	test	cliff	8.67778	2.1	-0.322219
CHEMBL2034_Ki-0066	COc1cccc2c1-c1ccc3c(c1C(CCO)O2)C(C)=CC(C)(C)N3	Glucocorticoid receptor	GR	Ki	NR	test	cliff	6.97469	106	-2.02531
CHEMBL2034_Ki-0067	COc1cccc2c1-c1ccc3c(c1C(C(C)C)O2)C(C)=CC(C)(C)N3	Glucocorticoid receptor	GR	Ki	NR	train	cliff	8.04576	9	-0.954243
CHEMBL2034_Ki-0068	C=CCCC1Oc2cccc(OC)c2-c2ccc3c(c21)C(C)=CC(C)(C)N3	Glucocorticoid receptor	GR	Ki	NR	train	cliff	8.09151	8.1	-0.908485
CHEMBL2034_Ki-0069	C#CCC1Oc2cccc(OC)c2-c2ccc3c(c21)C(C)=CC(C)(C)N3	Glucocorticoid receptor	GR	Ki	NR	train	cliff	8.56864	2.7	-0.431364
CHEMBL2034_Ki-0070	CNC(=O)CC1Oc2cccc(OC)c2-c2ccc3c(c21)C(C)=CC(C)(C)N3	Glucocorticoid receptor	GR	Ki	NR	test	cliff	5.49485	3200	-3.50515
CHEMBL2034_Ki-0071	COc1cccc2c1-c1ccc3c(c1C(C1CCCCC1)O2)C(C)=CC(C)(C)N3	Glucocorticoid receptor	GR	Ki	NR	train	non-cliff	8.00436	9.9	-0.995635
CHEMBL2034_Ki-0072	CCCC1Oc2cccc(OC)c2-c2ccc3c(c21)C(C)=CC(C)(C)N3	Glucocorticoid receptor	GR	Ki	NR	train	cliff	8.30103	5	-0.69897
CHEMBL2034_Ki-0073	COc1cccc2c1-c1ccc3c(c1C(CC(C)C)O2)C(C)=CC(C)(C)N3	Glucocorticoid receptor	GR	Ki	NR	train	cliff	8.02228	9.5	-0.977724
CHEMBL2034_Ki-0074	C=C1CCC(C)(C)C1Cc1cc(OC)c(Br)cc1O	Glucocorticoid receptor	GR	Ki	NR	train	non-cliff	5.34371	4532	-3.65629
CHEMBL2034_Ki-0075	CN(C)c1ccc([C@H]2C[C@]3(C)[C@@H](CC[C@]3(O)CCCO)[C@@H]3CCC4=CC(=O)CCC4=C32)cc1	Glucocorticoid receptor	GR	Ki	NR	train	non-cliff	7.37882	41.8	-1.62118
CHEMBL2034_Ki-0076	C=C1C[C@H](CO)CC(C)(C)[C@@H]1Cc1cc(OC)c(Br)cc1O	Glucocorticoid receptor	GR	Ki	NR	train	non-cliff	5.19477	6386	-3.80523
CHEMBL2034_Ki-0077	C=C1C=C(C)CC(C)(C)C1(O)Cc1ccc([N+](=O)[O-])cc1	Glucocorticoid receptor	GR	Ki	NR	train	non-cliff	5.07002	8511	-3.92998
CHEMBL2034_Ki-0078	C=C1C[C@H](C)C[C@@H](C)[C@@H]1Cc1cc(OC)c(Br)cc1O	Glucocorticoid receptor	GR	Ki	NR	train	non-cliff	5.78068	1657	-3.21932
CHEMBL2034_Ki-0079	C=C1C=C(C)CC(C)(C)C1Cc1ccc2nonc2c1	Glucocorticoid receptor	GR	Ki	NR	train	non-cliff	5.078	8356	-3.922
CHEMBL2034_Ki-0080	C=C1C=C(C)CC(C)(C)C1Cc1cc(OC)c(Br)cc1OC(C)=O	Glucocorticoid receptor	GR	Ki	NR	train	non-cliff	5.65777	2199	-3.34223
CHEMBL2034_Ki-0081	C=C1C=C(C)CC(C)(C)C1Cc1ccc([N+](=O)[O-])c(C)c1	Glucocorticoid receptor	GR	Ki	NR	train	non-cliff	5.16673	6812	-3.83327
CHEMBL2034_Ki-0082	C=C1C=C(C)CC(C)(C)C1Cc1ccc([N+](=O)[O-])cc1	Glucocorticoid receptor	GR	Ki	NR	train	non-cliff	5.26568	5424	-3.73432
CHEMBL2034_Ki-0083	C=C1C=C(C)CC(C)(C)C1Sc1ccc([N+](=O)[O-])cc1	Glucocorticoid receptor	GR	Ki	NR	train	non-cliff	5.08539	8215	-3.91461
CHEMBL2034_Ki-0084	C=C1C=CCC(C)(C)C1Cc1cc(OC)c(Br)cc1O	Glucocorticoid receptor	GR	Ki	NR	train	non-cliff	5.5558	2781	-3.4442
CHEMBL2034_Ki-0085	C=C1C[C@H](C)CC(C)(C)[C@@H]1Cc1cc(OC)c(Br)cc1O	Glucocorticoid receptor	GR	Ki	NR	test	non-cliff	5.98464	1036	-3.01536
CHEMBL2034_Ki-0086	C=C1C=C(C)CC(C)(C)C1C/C=C/c1cc(OC)c(Br)cc1O	Glucocorticoid receptor	GR	Ki	NR	train	non-cliff	5.35487	4417	-3.64513
CHEMBL2034_Ki-0087	C=C1C=C(C)C[C@@H](C)[C@@H]1Cc1cc(OC)c(Br)cc1OC(C)=O	Glucocorticoid receptor	GR	Ki	NR	train	non-cliff	5.62361	2379	-3.37639
CHEMBL2034_Ki-0088	COc1cc(CC2C(C)(C)CC(C)=CC23CC3)c(OC(C)=O)cc1Br	Glucocorticoid receptor	GR	Ki	NR	train	non-cliff	5.59007	2570	-3.40993
CHEMBL2034_Ki-0089	C=C1C=C(C)CC(C)(C)C1Cc1cc(OC)c(Br)cc1O	Glucocorticoid receptor	GR	Ki	NR	train	non-cliff	5.89928	1261	-3.10072
CHEMBL2034_Ki-0090	C=C1C(C)=CCC(C)(C)[C@@H]1Cc1cc(OC)c(Br)cc1OC(C)=O	Glucocorticoid receptor	GR	Ki	NR	train	non-cliff	5.38626	4109	-3.61374
CHEMBL2034_Ki-0091	C=C1C=C(C)C(Cc2cc(OC)c(Br)cc2O)C(C)(C)C1	Glucocorticoid receptor	GR	Ki	NR	test	non-cliff	5.57349	2670	-3.42651
CHEMBL2034_Ki-0092	CCCCC1Oc2ccc(C)cc2-c2ccc3c(c21)C(C)=CC(C)(C)N3	Glucocorticoid receptor	GR	Ki	NR	test	cliff	7.29243	51	-1.70757
CHEMBL2034_Ki-0093	CCCCC1Oc2ccc(OC)cc2-c2ccc3c(c21)C(C)=CC(C)(C)N3	Glucocorticoid receptor	GR	Ki	NR	train	cliff	6.88606	130	-2.11394
CHEMBL2034_Ki-0094	CCCCC1Oc2ccc(F)cc2-c2ccc3c(c21)C(C)=CC(C)(C)N3	Glucocorticoid receptor	GR	Ki	NR	train	cliff	6.27327	533	-2.72673
CHEMBL2034_Ki-0095	CC1=CC(C)(C)Nc2ccc3c(c21)C(C)Oc1ccc(Cl)cc1-3	Glucocorticoid receptor	GR	Ki	NR	train	non-cliff	6.43533	367	-2.56467
CHEMBL2034_Ki-0096	CCCCC1Oc2ccc(Cl)cc2-c2ccc3c(c21)C(C)=CC(C)(C)N3	Glucocorticoid receptor	GR	Ki	NR	train	cliff	6.4045	394	-2.5955
CHEMBL2034_Ki-0097	CC1=CC(C)(C)Nc2ccc3c(c21)C(C)Oc1ccc(F)cc1-3	Glucocorticoid receptor	GR	Ki	NR	train	non-cliff	6.12552	749	-2.87448
CHEMBL2034_Ki-0098	CC1=CC(C)(C)Nc2ccc3c(c21)C(CCC(C)C)Oc1ccccc1-3	Glucocorticoid receptor	GR	Ki	NR	test	non-cliff	6.80134	158	-2.19866
CHEMBL2034_Ki-0099	CCCOC1Oc2ccc(Cl)cc2-c2ccc3c(c21)C(C)=CC(C)(C)N3	Glucocorticoid receptor	GR	Ki	NR	train	cliff	6.58503	260	-2.41497
CHEMBL2034_Ki-0100	CCCCC1Oc2ccccc2-c2ccc3c(c21)C(C)=CC(C)(C)N3	Glucocorticoid receptor	GR	Ki	NR	test	cliff	6.08991	813	-2.91009
CHEMBL2034_Ki-0101	CC1=CC(C)(C)Nc2ccc3c(c21)C(c1cccc(Cl)c1)Oc1ccc(Cl)cc1-3	Glucocorticoid receptor	GR	Ki	NR	train	cliff	8.20066	6.3	-0.799341
CHEMBL2034_Ki-0102	CC1=CC(C)(C)Nc2ccc3c(c21)/C(=C/c1cc(F)ccc1F)Oc1ccccc1-3	Glucocorticoid receptor	GR	Ki	NR	test	non-cliff	6.76195	173	-2.23805
CHEMBL2034_Ki-0103	CC1=CC(C)(C)Nc2ccc3c(c21)/C(=C/c1ccccc1)Oc1ccccc1-3	Glucocorticoid receptor	GR	Ki	NR	train	non-cliff	6.52433	299	-2.47567
CHEMBL2034_Ki-0104	CC1=CC(C)(C)Nc2ccc3c(c21)/C(=C/c1ccc(F)c(F)c1)Oc1ccccc1-3	Glucocorticoid receptor	GR	Ki	NR	test	non-cliff	6.62525	237	-2.37475
CHEMBL2034_Ki-0105	CC1=CC(C)(C)Nc2ccc3c(c21)/C(=C/c1cccc(F)c1)Oc1ccccc1-3	Glucocorticoid receptor	GR	Ki	NR	train	cliff	6.74473	180	-2.25527
CHEMBL2034_Ki-0106	CC1=CC(C)(C)Nc2ccc3c(c21)C(c1ccc(Cl)c(C)c1)Oc1ccc(Cl)cc1-3	Glucocorticoid receptor	GR	Ki	NR	train	cliff	7.85387	14	-1.14613
CHEMBL2034_Ki-0107	CC1=CC(C)(C)Nc2ccc3c(c21)/C(=C/c1ccccc1C)Oc1ccccc1-3	Glucocorticoid receptor	GR	Ki	NR	train	non-cliff	6.24872	564	-2.75128
CHEMBL2034_Ki-0108	CC1=CC(C)(C)Nc2ccc3c(c21)C(c1ccc(Cl)c(C)c1)Oc1ccc(F)cc1-3	Glucocorticoid receptor	GR	Ki	NR	train	cliff	6.67778	210	-2.32222
CHEMBL2034_Ki-0109	CC1=CC(C)(C)Nc2ccc3c(c21)C(c1cccc(Cl)c1)Oc1ccc(F)cc1-3	Glucocorticoid receptor	GR	Ki	NR	train	cliff	6.87615	133	-2.12385
CHEMBL2034_Ki-0110	CC1=CC(C)(C)Nc2ccc3c(c21)C(c1ccccc1)Oc1ccc(Cl)cc1-3	Glucocorticoid receptor	GR	Ki	NR	train	cliff	8.03152	9.3	-0.968483
CHEMBL2034_Ki-0111	COc1cccc2c1-c1ccc3c(c1C(c1ccccc1)O2)C(C)=CC(C)(C)N3	Glucocorticoid receptor	GR	Ki	NR	train	non-cliff	8.46852	3.4	-0.531479
CHEMBL2034_Ki-0112	COc1cccc2c1-c1ccc3c(c1C(c1cccc(C(F)(F)F)c1)O2)C(C)=CC(C)(C)N3	Glucocorticoid receptor	GR	Ki	NR	train	non-cliff	7.95861	11	-1.04139
CHEMBL2034_Ki-0113	COc1cccc2c1-c1ccc3c(c1C(c1cccc(OC(=O)N(C)C)c1)O2)C(C)=CC(C)(C)N3	Glucocorticoid receptor	GR	Ki	NR	train	non-cliff	8.61979	2.4	-0.380211
CHEMBL2034_Ki-0114	COc1ccc2c(c1)OC(c1ccccc1)c1c-2ccc2c1C(C)=CC(C)(C)N2	Glucocorticoid receptor	GR	Ki	NR	train	non-cliff	5.74473	1800	-3.25527
CHEMBL2034_Ki-0115	CC1=CC(C)(C)Nc2ccc3c(c21)C(c1ccccc1)Oc1ccccc1-3	Glucocorticoid receptor	GR	Ki	NR	test	cliff	6.81248	154	-2.18752
CHEMBL2034_Ki-0116	CC1=CC(C)(C)Nc2ccc3c(c21)C(c1ccc(Br)cc1)Oc1ccccc1-3	Glucocorticoid receptor	GR	Ki	NR	test	non-cliff	7.17393	67	-1.82607
CHEMBL2034_Ki-0117	CC1=CC(C)(C)Nc2ccc3c(c21)C(c1cccc(C(F)(F)F)c1)Oc1ccccc1-3	Glucocorticoid receptor	GR	Ki	NR	train	non-cliff	7.35655	44	-1.64345
CHEMBL2034_Ki-0118	CC1=CC(C)(C)Nc2ccc3c(c21)C(c1ccc(C)c(F)c1)Oc1ccccc1-3	Glucocorticoid receptor	GR	Ki	NR	train	non-cliff	7.22185	60	-1.77815
CHEMBL2034_Ki-0119	CC1=CC(C)(C)Nc2ccc3c(c21)C(c1cccc(Cl)c1)Oc1ccccc1-3	Glucocorticoid receptor	GR	Ki	NR	train	non-cliff	7.23657	58	-1.76343
CHEMBL2034_Ki-0120	CC1=CC(C)(C)Nc2ccc3c(c21)C(c1ccc(Cl)c(Cl)c1)Oc1ccccc1-3	Glucocorticoid receptor	GR	Ki	NR	train	non-cliff	7.22915	59	-1.77085
CHEMBL2034_Ki-0121	CC1=CC(C)(C)Nc2ccc3c(c21)C(c1ccc(Cl)cc1)Oc1ccccc1-3	Glucocorticoid receptor	GR	Ki	NR	train	non-cliff	6.81816	152	-2.18184
CHEMBL2034_Ki-0122	CC1=CC(C)(C)Nc2ccc3c(c21)C(c1cc(C)cc(Br)c1)Oc1ccccc1-3	Glucocorticoid receptor	GR	Ki	NR	train	non-cliff	7.37675	42	-1.62325
CHEMBL2034_Ki-0123	CC1=CC(C)(C)Nc2ccc3c(c21)C(c1ccc(Cl)c(F)c1)Oc1ccccc1-3	Glucocorticoid receptor	GR	Ki	NR	train	non-cliff	7.40894	39	-1.59106
CHEMBL2034_Ki-0124	CC1=CC(C)(C)Nc2ccc3c(c21)C(c1ccc(Cl)c(C)c1)Oc1ccccc1-3	Glucocorticoid receptor	GR	Ki	NR	train	cliff	6.83268	147	-2.16732
CHEMBL2034_Ki-0125	CC1=CC(C)(C)Nc2ccc3c(c21)C(c1ccc(C)cc1)Oc1ccccc1-3	Glucocorticoid receptor	GR	Ki	NR	test	non-cliff	7.09691	80	-1.90309
CHEMBL2034_Ki-0126	CC1=CC(C)(C)Nc2ccc3c(c21)C(c1cccc(Br)c1)Oc1ccccc1-3	Glucocorticoid receptor	GR	Ki	NR	train	non-cliff	7.46852	34	-1.53148
CHEMBL2034_Ki-0127	CC1=CC(C)(C)Nc2ccc3c(c21)C(c1cc(Cl)cc(Cl)c1)Oc1ccccc1-3	Glucocorticoid receptor	GR	Ki	NR	train	non-cliff	7	100	-2
CHEMBL2034_Ki-0128	C#C[C@]1(O)CC[C@H]2[C@@H]3CCC4=CC(=O)CCC4=C3[C@@H](c3ccc(N(C)C(C)=O)cc3)C[C@@]21C	Glucocorticoid receptor	GR	Ki	NR	test	non-cliff	9.04576	0.9	0.0457575
CHEMBL2034_Ki-0129	C#C[C@]1(O)CC[C@H]2[C@@H]3CCC4=CC(=O)CCC4=C3[C@@H](c3ccc(N(C)CCNC(=O)OC4CC[C@]5(C)[C@H]6C[C@H](O)[C@@]7(C)[C@@H](CC[C@@H]7[C@H](C)CCC(=O)O)[C@@H]6[C@H](O)C[C@@H]5C4)cc3)C[C@@]21C	Glucocorticoid receptor	GR	Ki	NR	train	non-cliff	9.04818	0.895	0.048177
CHEMBL2034_Ki-0130	C#C[C@]1(O)CC[C@H]2[C@@H]3CCC4=CC(=O)CCC4=C3[C@@H](c3ccc(N(C)CCCC(=O)N(C)C4CC[C@@]5(C)[C@@H](C4)C[C@@H](O)[C@@H]4[C@@H]5C[C@H](O)[C@@]5(C)[C@H]4CC[C@@H]5[C@H](C)CCC(=O)O)cc3)C[C@@]21C	Glucocorticoid receptor	GR	Ki	NR	train	non-cliff	9.13371	0.735	0.133713
CHEMBL2034_Ki-0131	C#C[C@]1(O)CC[C@H]2[C@@H]3CCC4=CC(=O)CCC4=C3[C@@H](c3ccc(N(C)CCCOC4CC[C@]5(C)[C@H]6C[C@H](O)[C@@]7(C)[C@@H](CC[C@@H]7[C@H](C)CCC(=O)O)[C@@H]6[C@H](O)C[C@@H]5C4)cc3)C[C@@]21C	Glucocorticoid receptor	GR	Ki	NR	train	non-cliff	9.18046	0.66	0.180456
CHEMBL2034_Ki-0132	C#C[C@]1(O)CC[C@H]2[C@@H]3CCC4=CC(=O)CCC4=C3[C@@H](c3ccc(N(C)CCOCCO[C@H]4CC[C@]5(C)[C@H]6C[C@H](O)[C@@]7(C)[C@@H](CC[C@@H]7[C@H](C)CCC(=O)O)[C@@H]6[C@H](O)C[C@@H]5C4)cc3)C[C@@]21C	Glucocorticoid receptor	GR	Ki	NR	train	non-cliff	9.19723	0.635	0.197226
CHEMBL2034_Ki-0133	C#C[C@]1(O)CC[C@H]2[C@@H]3CCC4=CC(=O)CCC4=C3[C@@H](c3ccc(N(C)CCOC4CC[C@]5(C)[C@H]6C[C@H](O)[C@@]7(C)[C@@H](CC[C@@H]7[C@H](C)CCC(=O)O)[C@@H]6CC[C@@H]5C4)cc3)C[C@@]21C	Glucocorticoid receptor	GR	Ki	NR	train	non-cliff	9.56864	0.27	0.568636
CHEMBL2034_Ki-0134	C#C[C@]1(O)CC[C@H]2[C@@H]3CCC4=CC(=O)CCC4=C3[C@@H](c3ccc(N(C)CCOC4CC[C@]5(C)[C@H]6CC[C@@]7(C)[C@@H](CC[C@@H]7[C@H](C)CCC(=O)O)[C@@H]6[C@H](O)C[C@@H]5C4)cc3)C[C@@]21C	Glucocorticoid receptor	GR	Ki	NR	train	non-cliff	9.3279	0.47	0.327902
CHEMBL2034_Ki-0135	C#C[C@]1(O)CC[C@H]2[C@@H]3CCC4=CC(=O)CCC4=C3[C@@H](c3ccc(N(C)CCOC4CC[C@]5(C)[C@H]6CC[C@@]7(C)[C@@H](CC[C@@H]7[C@H](C)CCC(=O)O)[C@@H]6CC[C@@H]5C4)cc3)C[C@@]21C	Glucocorticoid receptor	GR	Ki	NR	train	non-cliff	8.83565	1.46	-0.164353
CHEMBL2034_Ki-0136	C#C[C@]1(O)CC[C@H]2[C@@H]3CCC4=CC(=O)CCC4=C3[C@@H](c3ccc(N(C)CCC[C@@]4(O)CC[C@]5(C)[C@H]6C[C@H](O)[C@@]7(C)[C@@H](CC[C@@H]7[C@H](C)CCC(=O)O)[C@@H]6[C@H](O)C[C@@H]5C4)cc3)C[C@@]21C	Glucocorticoid receptor	GR	Ki	NR	train	non-cliff	8.65659	2.205	-0.343409
CHEMBL2034_Ki-0137	CCN1CCOc2cc3[nH]c(=O)cc(C(F)(F)F)c3cc21	Glucocorticoid receptor	GR	Ki	NR	train	non-cliff	5.09151	8100	-3.90849
CHEMBL2034_Ki-0138	CCC1COc2cc3[nH]c(=O)cc(C(F)(F)F)c3cc2N1CC(F)(F)F	Glucocorticoid receptor	GR	Ki	NR	train	non-cliff	5.18709	6500	-3.81291
CHEMBL2034_Ki-0139	CC1COc2cc3[nH]c(=O)cc(C(F)(F)F)c3cc2N1CC(F)(F)F	Glucocorticoid receptor	GR	Ki	NR	train	non-cliff	5.07058	8500	-3.92942
CHEMBL2034_Ki-0140	O=c1cc(C(F)(F)F)c2cc3c(cc2[nH]1)OCCN3CC1CC1	Glucocorticoid receptor	GR	Ki	NR	train	non-cliff	5.05552	8800	-3.94448
CHEMBL2034_Ki-0141	O=c1cc(C(F)(F)F)c2cc3c(cc2[nH]1)OCCN3CC(F)(F)F	Glucocorticoid receptor	GR	Ki	NR	train	non-cliff	5.03621	9200	-3.96379
CHEMBL2034_Ki-0142	CC#C[C@]1(O)CC[C@H]2[C@@H]3CCC4=CC(=O)CCC4=C3[C@@H](c3ccc(N(C)CC(=O)Nc4nc(CC(=O)O)cs4)cc3)C[C@@]21C	Glucocorticoid receptor	GR	Ki	NR	train	non-cliff	7.48149	33	-1.51851
CHEMBL2034_Ki-0143	CC#C[C@]1(O)CC[C@H]2[C@@H]3CCC4=CC(=O)CCC4=C3[C@@H](c3ccc(N(C)CC(=O)N(Cc4ccc(C(=O)O)cc4)c4ccc(Br)cc4)cc3)C[C@@]21C	Glucocorticoid receptor	GR	Ki	NR	train	non-cliff	7.48149	33	-1.51851
CHEMBL2034_Ki-0144	Cn1c(=O)[nH]c(N2CCC(O)CC2)c(Cc2cccc(C(F)(F)F)c2)c1=O	Glucocorticoid receptor	GR	Ki	NR	test	non-cliff	5.34679	4500	-3.65321
CHEMBL2034_Ki-0145	O=c1[nH]c(N2CCC(c3ccccc3)C2)c(Cc2ccccc2)c(=O)[nH]1	Glucocorticoid receptor	GR	Ki	NR	train	non-cliff	7.3279	47	-1.6721
CHEMBL2034_Ki-0146	CC(=O)Nc1ccc(C2CCN(c3[nH]c(=O)[nH]c(=O)c3Cc3ccccc3)CC2)cc1	Glucocorticoid receptor	GR	Ki	NR	train	non-cliff	7.33724	46	-1.66276
CHEMBL2034_Ki-0147	O=c1[nH]c(N2CCC(c3ccc(Cl)cc3)CC2)c(Cc2ccccc2)c(=O)[nH]1	Glucocorticoid receptor	GR	Ki	NR	train	non-cliff	6.98716	103	-2.01284
CHEMBL2034_Ki-0148	COc1ccccc1C1CCN(c2[nH]c(=O)[nH]c(=O)c2Cc2ccccc2)CC1	Glucocorticoid receptor	GR	Ki	NR	train	non-cliff	8.14874	7.1	-0.851258
CHEMBL2034_Ki-0149	COc1ccc(C2CCN(c3[nH]c(=O)[nH]c(=O)c3Cc3ccccc3)CC2)cc1	Glucocorticoid receptor	GR	Ki	NR	train	non-cliff	7.34679	45	-1.65321
CHEMBL2034_Ki-0150	N#Cc1cccc(Cc2c(N3CCC(c4ccccc4)CC3)[nH]c(=O)[nH]c2=O)c1	Glucocorticoid receptor	GR	Ki	NR	train	non-cliff	7.4318	37	-1.5682
CHEMBL2034_Ki-0151	Cn1c(=O)[nH]c(N2CCC(C(=O)c3ccccc3)CC2)c(Cc2ccccc2)c1=O	Glucocorticoid receptor	GR	Ki	NR	train	non-cliff	6.64397	227	-2.35603
CHEMBL2034_Ki-0152	Cn1c(=O)[nH]c(N2CCC(CCc3ccccc3)CC2)c(Cc2ccccc2)c1=O	Glucocorticoid receptor	GR	Ki	NR	train	non-cliff	6.81248	154	-2.18752
CHEMBL2034_Ki-0153	Cn1c(=O)[nH]c(N2CCN(c3ccccc3)CC2)c(Cc2ccccc2)c1=O	Glucocorticoid receptor	GR	Ki	NR	train	non-cliff	6.3279	470	-2.6721
CHEMBL2034_Ki-0154	Cn1c(=O)[nH]c(N2CCC(O)(Cc3ccccc3)CC2)c(Cc2ccccc2)c1=O	Glucocorticoid receptor	GR	Ki	NR	train	non-cliff	6.4437	360	-2.5563
CHEMBL2034_Ki-0155	Cn1c(=O)[nH]c(N2CCC(Oc3ccccc3)CC2)c(Cc2ccccc2)c1=O	Glucocorticoid receptor	GR	Ki	NR	test	non-cliff	7.10791	78	-1.89209
CHEMBL2034_Ki-0156	CC/C=C(\\C)c1ccsc1/C=C1\\Oc2ccc(O)c(OC)c2-c2ccc3c(c21)C(C)=CC(C)(C)N3	Glucocorticoid receptor	GR	Ki	NR	train	non-cliff	8.35655	4.4	-0.643453
CHEMBL2034_Ki-0157	CO/N=C(\\C)c1ccsc1/C=C1\\Oc2ccc(O)c(OC)c2-c2ccc3c(c21)C(C)=CC(C)(C)N3	Glucocorticoid receptor	GR	Ki	NR	train	non-cliff	8.95861	1.1	-0.0413927
CHEMBL2034_Ki-0158	COc1c(O)ccc2c1-c1ccc3c(c1/C(=C/c1sccc1C(C)O)O2)C(C)=CC(C)(C)N3	Glucocorticoid receptor	GR	Ki	NR	test	cliff	8.92082	1.2	-0.0791812
CHEMBL2034_Ki-0159	COc1c(O)ccc2c1-c1ccc3c(c1/C(=C/c1sccc1/C(C)=N/O)O2)C(C)=CC(C)(C)N3	Glucocorticoid receptor	GR	Ki	NR	train	non-cliff	9.22185	0.6	0.221849
CHEMBL2034_Ki-0160	COc1c(O)ccc2c1-c1ccc3c(c1/C(=C/c1sccc1C(O)C(F)(F)F)O2)C(C)=CC(C)(C)N3	Glucocorticoid receptor	GR	Ki	NR	test	non-cliff	8.85387	1.4	-0.146128
CHEMBL2034_Ki-0161	COCc1ccsc1/C=C1\\Oc2ccc(O)c(OC)c2-c2ccc3c(c21)C(C)=CC(C)(C)N3	Glucocorticoid receptor	GR	Ki	NR	train	non-cliff	9.69897	0.2	0.69897
CHEMBL2034_Ki-0162	COc1c(O)ccc2c1-c1ccc3c(c1/C(=C/c1sccc1CO)O2)C(C)=CC(C)(C)N3	Glucocorticoid receptor	GR	Ki	NR	test	cliff	9.1549	0.7	0.154902
CHEMBL2034_Ki-0163	C[C@@H]1CC[C@H]([C@@H](O)C(F)(F)F)N1c1ccc2[nH]c(=O)cc(C(F)(F)F)c2c1	Glucocorticoid receptor	GR	Ki	NR	train	non-cliff	5.08092	8300	-3.91908
CHEMBL2034_Ki-0164	COc1c(O)ccc2c1-c1ccc3c(c1/C(=C/c1ccc(F)cc1/C=N/O)O2)C(C)=CC(C)(C)N3	Glucocorticoid receptor	GR	Ki	NR	train	non-cliff	8.82391	1.5	-0.176091
CHEMBL2034_Ki-0165	COCOCc1cc(F)ccc1/C=C1\\Oc2ccc(O)c(OC)c2-c2ccc3c(c21)C(C)=CC(C)(C)N3	Glucocorticoid receptor	GR	Ki	NR	train	non-cliff	9.22185	0.6	0.221849
CHEMBL2034_Ki-0166	COc1c(O)ccc2c1-c1ccc3c(c1/C(=C/c1ccc(F)cc1CO)O2)C(C)=CC(C)(C)N3	Glucocorticoid receptor	GR	Ki	NR	train	cliff	9.30103	0.5	0.30103
CHEMBL2034_Ki-0167	COc1c(O)ccc2c1-c1ccc3c(c1/C(=C/c1ccc(F)cc1S(=O)(=O)N1CCCCC1)O2)C(C)=CC(C)(C)N3	Glucocorticoid receptor	GR	Ki	NR	test	cliff	7.02687	94	-1.97313
CHEMBL2034_Ki-0168	COc1c(O)ccc2c1-c1ccc3c(c1/C(=C/c1ccc(F)cc1C(=O)N1CCCCC1)O2)C(C)=CC(C)(C)N3	Glucocorticoid receptor	GR	Ki	NR	train	cliff	9.04576	0.9	0.0457575
CHEMBL2034_Ki-0169	CCN(CC)Cc1cc(F)ccc1/C=C1\\Oc2ccc(O)c(OC)c2-c2ccc3c(c21)C(C)=CC(C)(C)N3	Glucocorticoid receptor	GR	Ki	NR	train	non-cliff	8.50864	3.1	-0.491362
CHEMBL2034_Ki-0170	COc1c(O)ccc2c1-c1ccc3c(c1/C(=C/c1ccc(F)cc1C(=O)N(C)C)O2)C(C)=CC(C)(C)N3	Glucocorticoid receptor	GR	Ki	NR	train	non-cliff	8.61979	2.4	-0.380211
CHEMBL2034_Ki-0171	COc1c(O)ccc2c1-c1ccc3c(c1/C(=C/c1ccccc1-c1ccccc1)O2)C(C)=CC(C)(C)N3	Glucocorticoid receptor	GR	Ki	NR	train	non-cliff	8.17393	6.7	-0.826075
CHEMBL2034_Ki-0172	COc1c(O)ccc2c1-c1ccc3c(c1/C(=C/c1ccccc1C)O2)C(C)=CC(C)(C)N3	Glucocorticoid receptor	GR	Ki	NR	train	non-cliff	8.76955	1.7	-0.230449
CHEMBL2034_Ki-0173	COc1c(O)ccc2c1-c1ccc3c(c1/C(=C/c1ccccc1Cl)O2)C(C)=CC(C)(C)N3	Glucocorticoid receptor	GR	Ki	NR	train	cliff	7.82391	15	-1.17609
CHEMBL2034_Ki-0174	COc1c(O)ccc2c1-c1ccc3c(c1/C(=C/c1ccccc1F)O2)C(C)=CC(C)(C)N3	Glucocorticoid receptor	GR	Ki	NR	train	cliff	9.09691	0.8	0.09691
CHEMBL2034_Ki-0175	COc1c(O)ccc2c1-c1ccc3c(c1/C(=C/c1cccc(C)n1)O2)C(C)=CC(C)(C)N3	Glucocorticoid receptor	GR	Ki	NR	test	non-cliff	8.79588	1.6	-0.20412
CHEMBL2034_Ki-0176	COc1c(O)ccc2c1-c1ccc3c(c1/C(=C/c1oc(C)cc1C(=O)N(C)C)O2)C(C)=CC(C)(C)N3	Glucocorticoid receptor	GR	Ki	NR	test	non-cliff	8.46852	3.4	-0.531479
CHEMBL2034_Ki-0177	COc1c(O)ccc2c1-c1ccc3c(c1/C(=C/c1sccc1C(=O)N1CCCCC1)O2)C(C)=CC(C)(C)N3	Glucocorticoid receptor	GR	Ki	NR	train	non-cliff	8.85387	1.4	-0.146128
CHEMBL2034_Ki-0178	COc1c(O)ccc2c1-c1ccc3c(c1/C(=C/c1cc(F)cc4c1OCOC4)O2)C(C)=CC(C)(C)N3	Glucocorticoid receptor	GR	Ki	NR	train	non-cliff	9.04576	0.9	0.0457575
CHEMBL2034_Ki-0179	COc1c(O)ccc2c1-c1ccc3c(c1/C(=C/c1cccc(C(F)(F)F)c1C)O2)C(C)=CC(C)(C)N3	Glucocorticoid receptor	GR	Ki	NR	train	non-cliff	8.58503	2.6	-0.414973
CHEMBL2034_Ki-0180	COc1c(O)ccc2c1-c1ccc3c(c1/C(=C/c1ccc(OC(F)(F)F)cc1)O2)C(C)=CC(C)(C)N3	Glucocorticoid receptor	GR	Ki	NR	train	non-cliff	8.36653	4.3	-0.633468
CHEMBL2034_Ki-0181	COc1ccc(/C=C2\\Oc3ccc(O)c(OC)c3-c3ccc4c(c32)C(C)=CC(C)(C)N4)cc1	Glucocorticoid receptor	GR	Ki	NR	train	non-cliff	8.56864	2.7	-0.431364
CHEMBL2034_Ki-0182	COc1c(O)ccc2c1-c1ccc3c(c1/C(=C/c1ccc(O)cc1)O2)C(C)=CC(C)(C)N3	Glucocorticoid receptor	GR	Ki	NR	train	cliff	8.95861	1.1	-0.0413927
CHEMBL2034_Ki-0183	COc1c(O)ccc2c1-c1ccc3c(c1/C(=C/c1ccc(-c4ccccc4)cc1)O2)C(C)=CC(C)(C)N3	Glucocorticoid receptor	GR	Ki	NR	train	non-cliff	8.35655	4.4	-0.643453
CHEMBL2034_Ki-0184	COc1c(O)ccc2c1-c1ccc3c(c1/C(=C/c1ccc(C(C)C)cc1)O2)C(C)=CC(C)(C)N3	Glucocorticoid receptor	GR	Ki	NR	train	non-cliff	8.5376	2.9	-0.462398
CHEMBL2034_Ki-0185	CCc1ccc(/C=C2\\Oc3ccc(O)c(OC)c3-c3ccc4c(c32)C(C)=CC(C)(C)N4)cc1	Glucocorticoid receptor	GR	Ki	NR	test	non-cliff	8.72125	1.9	-0.278754
CHEMBL2034_Ki-0186	COc1c(O)ccc2c1-c1ccc3c(c1/C(=C/c1ccc(C)cc1)O2)C(C)=CC(C)(C)N3	Glucocorticoid receptor	GR	Ki	NR	train	non-cliff	8.72125	1.9	-0.278754
CHEMBL2034_Ki-0187	COc1c(O)ccc2c1-c1ccc3c(c1/C(=C/c1ccc(Cl)cc1)O2)C(C)=CC(C)(C)N3	Glucocorticoid receptor	GR	Ki	NR	test	non-cliff	8.76955	1.7	-0.230449
CHEMBL2034_Ki-0188	COc1c(O)ccc2c1-c1ccc3c(c1/C(=C/c1cccc(-c4cccnc4)c1)O2)C(C)=CC(C)(C)N3	Glucocorticoid receptor	GR	Ki	NR	train	non-cliff	8.82391	1.5	-0.176091
CHEMBL2034_Ki-0189	COc1c(O)ccc2c1-c1ccc3c(c1/C(=C/c1cccc(-c4ccsc4)c1)O2)C(C)=CC(C)(C)N3	Glucocorticoid receptor	GR	Ki	NR	train	non-cliff	8.50864	3.1	-0.491362
CHEMBL2034_Ki-0190	COc1c(O)ccc2c1-c1ccc3c(c1/C(=C/c1cccc(Oc4ccccc4)c1)O2)C(C)=CC(C)(C)N3	Glucocorticoid receptor	GR	Ki	NR	train	non-cliff	8.33724	4.6	-0.662758
CHEMBL2034_Ki-0191	COc1c(O)ccc2c1-c1ccc3c(c1/C(=C/c1cccc(OC(F)(F)F)c1)O2)C(C)=CC(C)(C)N3	Glucocorticoid receptor	GR	Ki	NR	test	non-cliff	8.38722	4.1	-0.612784
CHEMBL2034_Ki-0192	COc1c(O)ccc2c1-c1ccc3c(c1/C(=C/c1cccc(O)c1)O2)C(C)=CC(C)(C)N3	Glucocorticoid receptor	GR	Ki	NR	train	cliff	8.85387	1.4	-0.146128
CHEMBL2034_Ki-0193	COc1c(O)ccc2c1-c1ccc3c(c1/C(=C/c1cccc(-c4ccccc4)c1)O2)C(C)=CC(C)(C)N3	Glucocorticoid receptor	GR	Ki	NR	train	non-cliff	8.14267	7.2	-0.857332
CHEMBL2034_Ki-0194	COc1c(O)ccc2c1-c1ccc3c(c1/C(=C/c1cccc(C(F)(F)F)c1)O2)C(C)=CC(C)(C)N3	Glucocorticoid receptor	GR	Ki	NR	train	non-cliff	8.56864	2.7	-0.431364
CHEMBL2034_Ki-0195	COc1c(O)ccc2c1-c1ccc3c(c1/C(=C/c1cccc(C)c1)O2)C(C)=CC(C)(C)N3	Glucocorticoid receptor	GR	Ki	NR	train	non-cliff	8.60206	2.5	-0.39794
CHEMBL2034_Ki-0196	COC(=O)[C@@H]1CC2=CC(=O)CC[C@]2(C)C2C1C1CC[C@@]3(CCC(=O)O3)[C@@]1(C)[C@H]1O[C@@H]21	Glucocorticoid receptor	GR	Ki	NR	test	non-cliff	5.75498	1758	-3.24502
CHEMBL2034_Ki-0197	C=C1CCO[C@]12CC[C@H]1[C@@H]3CCC4=CC(=O)CCC4=C3[C@@H](c3ccc(P(C)(=O)OCC)cc3)C[C@@]12C	Glucocorticoid receptor	GR	Ki	NR	train	non-cliff	7.2233	59.8	-1.7767
CHEMBL2034_Ki-0198	C=C1CCO[C@]12CC[C@H]1[C@@H]3CCC4=CC(=O)CCC4=C3[C@@H](c3ccc(P(=O)(OCC)OCC)cc3)C[C@@]12C	Glucocorticoid receptor	GR	Ki	NR	test	non-cliff	7.24949	56.3	-1.75051
CHEMBL2034_Ki-0199	C[C@]12C[C@H](c3ccc(P(=O)(c4ccccc4)c4ccccc4)cc3)C3=C4CCC(=O)C=C4CC[C@H]3[C@@H]1CC[C@@]2(O)c1ccccc1	Glucocorticoid receptor	GR	Ki	NR	train	non-cliff	7.69897	20	-1.30103
CHEMBL2034_Ki-0200	CC#C[C@]1(O)CC[C@H]2[C@@H]3CCC4=CC(=O)CCC4=C3[C@@H](c3ccc(P(=O)(OCC)OCC)cc3)C[C@@]21C	Glucocorticoid receptor	GR	Ki	NR	test	non-cliff	8.04576	9	-0.954243
CHEMBL2034_Ki-0201	CC#C[C@]1(O)CC[C@H]2[C@@H]3CCC4=CC(=O)CCC4=C3[C@@H](c3ccc(P(=O)(c4ccccc4)c4ccccc4)cc3)C[C@@]21C	Glucocorticoid receptor	GR	Ki	NR	train	non-cliff	8.52288	3	-0.477121
CHEMBL2034_Ki-0202	C=CC[C@]1(O)CC[C@H]2[C@@H]3CCC4=CC(=O)CCC4=C3[C@@H](c3ccc(P(=O)(OCC)OCC)cc3)C[C@@]21C	Glucocorticoid receptor	GR	Ki	NR	train	non-cliff	8	10	-1
CHEMBL2034_Ki-0203	C=CC[C@]1(O)CC[C@H]2[C@@H]3CCC4=CC(=O)CCC4=C3[C@@H](c3ccc(P(=O)(c4ccccc4)c4ccccc4)cc3)C[C@@]21C	Glucocorticoid receptor	GR	Ki	NR	test	non-cliff	8	10	-1
CHEMBL2034_Ki-0204	O=C1C=C2CCN(S(=O)(=O)c3ccc(Oc4ccccc4)cc3)CC2(Cc2ccccc2)CC1	Glucocorticoid receptor	GR	Ki	NR	test	non-cliff	6.78781	163	-2.21219
CHEMBL2034_Ki-0205	O=C1C=C2CCN(S(=O)(=O)c3cccc(Cl)c3)CC2(Cc2ccccc2)CC1	Glucocorticoid receptor	GR	Ki	NR	train	non-cliff	6.36452	432	-2.63548
CHEMBL2034_Ki-0206	O=C1C=C2CCN(S(=O)(=O)c3ccc(Cl)cc3)CC2(Cc2ccccc2)CC1	Glucocorticoid receptor	GR	Ki	NR	test	cliff	6.71444	193	-2.28556
CHEMBL2034_Ki-0207	Cc1ccc(S(=O)(=O)N2CCC3=CC(=O)CCC3(Cc3ccccc3)C2)cc1	Glucocorticoid receptor	GR	Ki	NR	train	cliff	7.00436	99	-1.99564
CHEMBL2034_Ki-0208	CC(C)(C)c1ccc(S(=O)(=O)N2CCC3=CC(=O)CCC3(Cc3ccccc3)C2)cc1	Glucocorticoid receptor	GR	Ki	NR	train	cliff	7.85387	14	-1.14613
CHEMBL2034_Ki-0209	N#Cc1ccccc1S(=O)(=O)N1CCC2=CC(=O)CCC2(Cc2ccccc2)C1	Glucocorticoid receptor	GR	Ki	NR	train	non-cliff	6	1000	-3
CHEMBL2034_Ki-0210	O=C1C=C2CCN(S(=O)(=O)c3ccccc3C(F)(F)F)CC2(Cc2ccccc2)CC1	Glucocorticoid receptor	GR	Ki	NR	train	non-cliff	5.35164	4450	-3.64836
CHEMBL2034_Ki-0211	O=C1C=C2CCN(S(=O)(=O)c3cccc([N+](=O)[O-])c3)CC2(Cc2ccccc2)CC1	Glucocorticoid receptor	GR	Ki	NR	train	non-cliff	5.52288	3000	-3.47712
CHEMBL2034_Ki-0212	O=C1C=C2CCN(S(=O)(=O)c3ccc([N+](=O)[O-])cc3)CC2(Cc2ccccc2)CC1	Glucocorticoid receptor	GR	Ki	NR	train	cliff	5.90309	1250	-3.09691
CHEMBL2034_Ki-0213	O=C1C=C2CCN(S(=O)(=O)c3ccc(F)cc3)CC2(Cc2ccccc2)CC1	Glucocorticoid receptor	GR	Ki	NR	test	cliff	6.09691	800	-2.90309
CHEMBL2034_Ki-0214	COc1cccc(S(=O)(=O)N2CCC3=CC(=O)CCC3(Cc3ccccc3)C2)c1	Glucocorticoid receptor	GR	Ki	NR	test	non-cliff	6.70774	196	-2.29226
CHEMBL2034_Ki-0215	COc1ccc(S(=O)(=O)N2CCC3=CC(=O)CCC3(Cc3ccccc3)C2)cc1	Glucocorticoid receptor	GR	Ki	NR	train	non-cliff	6.66555	216	-2.33445
CHEMBL2034_Ki-0216	COc1ccc(S(=O)(=O)N2CCC3=CC(=O)CCC3(Cc3ccccc3)C2)cc1OC	Glucocorticoid receptor	GR	Ki	NR	train	cliff	5.88606	1300	-3.11394
CHEMBL2034_Ki-0217	O=C1C=C2CCN(S(=O)(=O)Nc3ccccc3)CC2(Cc2ccccc2)CC1	Glucocorticoid receptor	GR	Ki	NR	train	non-cliff	5.92082	1200	-3.07918
CHEMBL2034_Ki-0218	O=C1C=C2CCN(Cc3ccccc3)CC2(Cc2ccccc2)CC1	Glucocorticoid receptor	GR	Ki	NR	train	non-cliff	5.4318	3700	-3.5682
CHEMBL2034_Ki-0219	COc1ccc(CN2CCC3=CC(=O)CCC3(Cc3ccccc3)C2)cc1	Glucocorticoid receptor	GR	Ki	NR	train	non-cliff	5.64782	2250	-3.35218
CHEMBL2034_Ki-0220	O=C1C=C2CCN(S(=O)(=O)c3ccccc3)CC2(Cc2ccccc2)CC1	Glucocorticoid receptor	GR	Ki	NR	test	cliff	6.64782	225	-2.35218
CHEMBL2034_Ki-0221	O=C1C=C2CCN(S(=O)(=O)c3ccc(N4CCOCC4)cc3)CC2(Cc2ccccc2)CC1	Glucocorticoid receptor	GR	Ki	NR	train	non-cliff	7.19382	64	-1.80618
CHEMBL2034_Ki-0222	CN(C)c1ccc(S(=O)(=O)N2CCC3=CC(=O)CCC3(Cc3ccccc3)C2)cc1	Glucocorticoid receptor	GR	Ki	NR	train	cliff	6.94692	113	-2.05308
CHEMBL2034_Ki-0223	CC(=O)Nc1ccc(S(=O)(=O)N2CCC3=CC(=O)CCC3(Cc3ccccc3)C2)cc1	Glucocorticoid receptor	GR	Ki	NR	train	cliff	6.12494	750	-2.87506
CHEMBL2034_Ki-0224	CS(=O)(=O)c1ccc(S(=O)(=O)N2CCC3=CC(=O)CCC3(Cc3ccccc3)C2)cc1	Glucocorticoid receptor	GR	Ki	NR	train	cliff	6.86328	137	-2.13672
CHEMBL2034_Ki-0225	CS(=O)(=O)Nc1ccc(S(=O)(=O)N2CCC3=CC(=O)CCC3(Cc3ccccc3)C2)cc1	Glucocorticoid receptor	GR	Ki	NR	train	cliff	6.02228	950	-2.97772
CHEMBL2034_Ki-0226	CS(=O)(=O)Nc1cccc(S(=O)(=O)N2CCC3=CC(=O)CCC3(Cc3ccccc3)C2)c1	Glucocorticoid receptor	GR	Ki	NR	train	cliff	5.67778	2100	-3.32222
CHEMBL2034_Ki-0227	CS(=O)(=O)Nc1ccccc1S(=O)(=O)N1CCC2=CC(=O)CCC2(Cc2ccccc2)C1	Glucocorticoid receptor	GR	Ki	NR	train	non-cliff	5.70997	1950	-3.29003
CHEMBL2034_Ki-0228	O=C1C=C2CCN(S(=O)(=O)c3ccc(-c4ccccc4)cc3)CC2(Cc2ccccc2)CC1	Glucocorticoid receptor	GR	Ki	NR	train	non-cliff	7.25964	55	-1.74036
CHEMBL2034_Ki-0229	CC(C)(C)c1ccc(S(=O)(=O)N2CCC3=CC(=O)CCC3(Cc3ccc(N4CCCCC4)cc3)C2)cc1	Glucocorticoid receptor	GR	Ki	NR	train	cliff	8.04576	9	-0.954243
CHEMBL2034_Ki-0230	CC(=O)Nc1ccc(CC23CCC(=O)C=C2CCN(S(=O)(=O)c2ccc(C(C)(C)C)cc2)C3)cc1	Glucocorticoid receptor	GR	Ki	NR	test	non-cliff	7.25181	56	-1.74819
CHEMBL2034_Ki-0231	CC(C)(C)c1ccc(S(=O)(=O)N2CCC3=CC(=O)CCC3(Cc3ccc(NS(C)(=O)=O)cc3)C2)cc1	Glucocorticoid receptor	GR	Ki	NR	train	non-cliff	7.88606	13	-1.11394
CHEMBL2034_Ki-0232	CN(C)c1ccc(CC23CCC(=O)C=C2CCN(S(=O)(=O)c2ccc(C(C)(C)C)cc2)C3)cc1	Glucocorticoid receptor	GR	Ki	NR	train	non-cliff	7.82391	15	-1.17609
CHEMBL2034_Ki-0233	CC(C)(C)c1ccc(S(=O)(=O)N2CCC3=CC(=O)CCC3(Cc3ccc(N)cc3)C2)cc1	Glucocorticoid receptor	GR	Ki	NR	train	cliff	7.00436	99	-1.99564
CHEMBL2034_Ki-0234	CC(C)(C)c1ccc(S(=O)(=O)N2CCC3=CC(=O)CCC3(Cc3ccc(C#N)cc3)C2)cc1	Glucocorticoid receptor	GR	Ki	NR	train	cliff	7.18709	65	-1.81291
CHEMBL2034_Ki-0235	CC(C)(C)c1ccc(S(=O)(=O)N2CCC3=CC(=O)CCC3(Cc3ccc([N+](=O)[O-])cc3)C2)cc1	Glucocorticoid receptor	GR	Ki	NR	test	non-cliff	7.34679	45	-1.65321
CHEMBL2034_Ki-0236	CC(C)(C)c1ccc(S(=O)(=O)N2CCC3=CC(=O)CCC3(Cc3ccc(F)cc3)C2)cc1	Glucocorticoid receptor	GR	Ki	NR	train	cliff	8.30103	5	-0.69897
CHEMBL2034_Ki-0237	COc1cccc(CC23CCC(=O)C=C2CCN(S(=O)(=O)c2ccc(C(C)(C)C)cc2)C3)c1	Glucocorticoid receptor	GR	Ki	NR	train	non-cliff	7.11919	76	-1.88081
CHEMBL2034_Ki-0238	CC(C)(C)c1ccc(S(=O)(=O)N2CCC3=Cc4c(cnn4-c4ccc(F)cc4)C[C@]3(Cc3ccccc3)C2)cc1	Glucocorticoid receptor	GR	Ki	NR	train	non-cliff	8.5157	3.05	-0.4843
CHEMBL2034_Ki-0239	CC(C)(C)c1ccc(S(=O)(=O)N2CCC3=Cc4c(cnn4-c4ccc(F)cc4)C[C@]3(CN3CCOCC3)C2)cc1	Glucocorticoid receptor	GR	Ki	NR	test	non-cliff	8.39794	4	-0.60206
CHEMBL2034_Ki-0240	O=S(=O)(c1ccccc1)N1CCC2=Cc3c(cnn3-c3ccc(F)cc3)C[C@]2(CN2CCOCC2)C1	Glucocorticoid receptor	GR	Ki	NR	test	non-cliff	8.03152	9.3	-0.968483
CHEMBL2034_Ki-0241	CC(C)(C)c1ccc(S(=O)(=O)N2CCC3=Cc4c(cnn4-c4ccc(F)cc4)C[C@]3(CN3CCCCC3)C2)cc1	Glucocorticoid receptor	GR	Ki	NR	train	non-cliff	8.4318	3.7	-0.568202
CHEMBL2034_Ki-0242	O=S(=O)(c1ccccc1)N1CCC2=Cc3c(cnn3-c3ccc(F)cc3)C[C@]2(CN2CCCCC2)C1	Glucocorticoid receptor	GR	Ki	NR	train	non-cliff	8.48149	3.3	-0.518514
CHEMBL2034_Ki-0243	CC(C)(C)c1ccc(S(=O)(=O)N2CCC3=Cc4c(cnn4-c4ccc(F)cc4)C[C@]3(CN3CCCC3)C2)cc1	Glucocorticoid receptor	GR	Ki	NR	train	non-cliff	8.64782	2.25	-0.352183
CHEMBL2034_Ki-0244	O=S(=O)(c1ccc(F)cc1)N1CCC2=Cc3c(cnn3-c3ccc(F)cc3)C[C@]2(CN2CCCC2)C1	Glucocorticoid receptor	GR	Ki	NR	train	non-cliff	8.31876	4.8	-0.681241
CHEMBL2034_Ki-0245	O=S(=O)(c1ccccc1)N1CCC2=Cc3c(cnn3-c3ccc(F)cc3)C[C@]2(CN2CCCC2)C1	Glucocorticoid receptor	GR	Ki	NR	train	non-cliff	8.49485	3.2	-0.50515
CHEMBL2034_Ki-0246	CC(C)(C)c1ccc(S(=O)(=O)N2CCC3=Cc4c(cnn4-c4ccc(F)cc4)C[C@]3(CN3CCC3)C2)cc1	Glucocorticoid receptor	GR	Ki	NR	train	non-cliff	8.20761	6.2	-0.792392
CHEMBL2034_Ki-0247	COCCNC[C@]12Cc3cnn(-c4ccc(F)cc4)c3C=C1CCN(S(=O)(=O)c1ccc(C(C)(C)C)cc1)C2	Glucocorticoid receptor	GR	Ki	NR	train	non-cliff	8.68825	2.05	-0.311754
CHEMBL2034_Ki-0248	CCN(CC)C[C@]12Cc3cnn(-c4ccc(F)cc4)c3C=C1CCN(S(=O)(=O)c1ccc(C(C)(C)C)cc1)C2	Glucocorticoid receptor	GR	Ki	NR	train	cliff	8.10513	7.85	-0.89487
CHEMBL2034_Ki-0249	CN(C)C[C@]12Cc3cnn(-c4ccc(F)cc4)c3C=C1CCN(S(=O)(=O)c1ccc(C(C)(C)C)cc1)C2	Glucocorticoid receptor	GR	Ki	NR	train	non-cliff	8.39254	4.05	-0.607455
CHEMBL2034_Ki-0250	CN(C)C[C@]12Cc3cnn(-c4ccc(F)cc4)c3C=C1CCN(S(=O)(=O)c1ccccc1)C2	Glucocorticoid receptor	GR	Ki	NR	train	non-cliff	8.25571	5.55	-0.744293
CHEMBL2034_Ki-0251	C=CCNC[C@]12Cc3cnn(-c4ccc(F)cc4)c3C=C1CCN(S(=O)(=O)c1ccc(C(C)(C)C)cc1)C2	Glucocorticoid receptor	GR	Ki	NR	train	non-cliff	8.22548	5.95	-0.774517
CHEMBL2034_Ki-0252	CC(C)NC[C@]12Cc3cnn(-c4ccc(F)cc4)c3C=C1CCN(S(=O)(=O)c1ccc(C(C)(C)C)cc1)C2	Glucocorticoid receptor	GR	Ki	NR	train	cliff	8.02	9.55	-0.980003
CHEMBL2034_Ki-0253	CCNC[C@]12Cc3cnn(-c4ccc(F)cc4)c3C=C1CCN(S(=O)(=O)c1ccc(C(C)(C)C)cc1)C2	Glucocorticoid receptor	GR	Ki	NR	train	cliff	8.03621	9.2	-0.963788
CHEMBL2034_Ki-0254	CC(C)(C)c1ccc(S(=O)(=O)N2CCC3=Cc4c(cnn4-c4ccc(F)cc4)C[C@]3(COCCC#N)C2)cc1	Glucocorticoid receptor	GR	Ki	NR	train	non-cliff	8.53018	2.95	-0.469822
CHEMBL2034_Ki-0255	COCCCOC[C@]12Cc3cnn(-c4ccc(F)cc4)c3C=C1CCN(S(=O)(=O)c1ccc(C(C)(C)C)cc1)C2	Glucocorticoid receptor	GR	Ki	NR	test	non-cliff	8.92082	1.2	-0.0791812
CHEMBL2034_Ki-0256	CC(C)(C)c1ccc(S(=O)(=O)N2CCC3=Cc4c(cnn4-c4ccc(F)cc4)C[C@]3(COCCO)C2)cc1	Glucocorticoid receptor	GR	Ki	NR	train	non-cliff	8.32331	4.75	-0.676694
CHEMBL2034_Ki-0257	COCCOC[C@]12Cc3cnn(-c4ccc(F)cc4)c3C=C1CCN(S(=O)(=O)c1ccc(C(C)(C)C)cc1)C2	Glucocorticoid receptor	GR	Ki	NR	test	cliff	9.18709	0.65	0.187087
CHEMBL2034_Ki-0258	COCCOC[C@]12Cc3cnn(-c4ccc(F)cc4)c3C=C1CCN(S(=O)(=O)c1ccc(F)cc1)C2	Glucocorticoid receptor	GR	Ki	NR	train	non-cliff	8.5376	2.9	-0.462398
CHEMBL2034_Ki-0259	COCCOC[C@]12Cc3cnn(-c4ccc(F)cc4)c3C=C1CCN(S(=O)(=O)c1ccc(C)cc1)C2	Glucocorticoid receptor	GR	Ki	NR	train	cliff	9.12494	0.75	0.124939
CHEMBL2034_Ki-0260	COCCOC[C@]12Cc3cnn(-c4ccc(F)cc4)c3C=C1CCN(S(=O)(=O)c1ccccc1)C2	Glucocorticoid receptor	GR	Ki	NR	train	cliff	8.76955	1.7	-0.230449
CHEMBL2034_Ki-0261	CCCOC[C@]12Cc3cnn(-c4ccc(F)cc4)c3C=C1CCN(S(=O)(=O)c1ccc(C(F)(F)F)cc1)C2	Glucocorticoid receptor	GR	Ki	NR	train	non-cliff	8.30539	4.95	-0.694605
CHEMBL2034_Ki-0262	CCOC[C@]12Cc3cnn(-c4ccc(F)cc4)c3C=C1CCN(S(=O)(=O)c1ccc(C(F)(F)F)cc1)C2	Glucocorticoid receptor	GR	Ki	NR	test	cliff	8.16749	6.8	-0.832509
CHEMBL2034_Ki-0263	CCOC[C@]12Cc3cnn(-c4ccc(F)cc4)c3C=C1CCN(S(=O)(=O)c1ccc(C(C)(C)C)cc1)C2	Glucocorticoid receptor	GR	Ki	NR	train	non-cliff	8.86967	1.35	-0.130334
CHEMBL2034_Ki-0264	COC[C@]12Cc3cnn(-c4ccc(F)cc4)c3C=C1CCN(S(=O)(=O)c1ccc(C(C)(C)C)cc1)C2	Glucocorticoid receptor	GR	Ki	NR	train	non-cliff	8.37161	4.25	-0.628389
CHEMBL2034_Ki-0265	COC[C@]12Cc3cnn(-c4ccc(F)cc4)c3C=C1CCN(S(=O)(=O)c1ccc(C)cc1)C2	Glucocorticoid receptor	GR	Ki	NR	train	cliff	8.50864	3.1	-0.491362
CHEMBL2034_Ki-0266	COC[C@]12Cc3cnn(-c4ccc(F)cc4)c3C=C1CCN(S(=O)(=O)c1ccccc1)C2	Glucocorticoid receptor	GR	Ki	NR	train	cliff	7.97881	10.5	-1.02119
CHEMBL2034_Ki-0267	O=S(=O)(c1ccccc1)N1CCC2=Cc3c(cnn3-c3ccc(F)cc3)C[C@]2(CO)C1	Glucocorticoid receptor	GR	Ki	NR	test	non-cliff	8	10	-1
CHEMBL2034_Ki-0268	C[C@]12Cc3cnn(-c4ccc(F)cc4)c3C=C1CCN(S(=O)(=O)c1ccc(N)cc1)C2	Glucocorticoid receptor	GR	Ki	NR	train	cliff	7.76955	17	-1.23045
CHEMBL2034_Ki-0269	C[C@]12Cc3cnn(-c4ccc(F)cc4)c3C=C1CCN(S(=O)(=O)c1ccccc1F)C2	Glucocorticoid receptor	GR	Ki	NR	train	cliff	7.46852	34	-1.53148
CHEMBL2034_Ki-0270	Cc1ccccc1S(=O)(=O)N1CCC2=Cc3c(cnn3-c3ccc(F)cc3)C[C@]2(C)C1	Glucocorticoid receptor	GR	Ki	NR	test	non-cliff	7.65758	22	-1.34242
CHEMBL2034_Ki-0271	Fc1ccc(CC23Cc4cnn(-c5ccc(F)cc5)c4C=C2CCN(Cc2ccncc2)C3)cc1	Glucocorticoid receptor	GR	Ki	NR	train	non-cliff	7.38722	41	-1.61278
CHEMBL2034_Ki-0272	Fc1ccc(CC23Cc4cnn(-c5ccc(F)cc5)c4C=C2CCN(Cc2cccnc2)C3)cc1	Glucocorticoid receptor	GR	Ki	NR	test	non-cliff	7.65758	22	-1.34242
CHEMBL2034_Ki-0273	O=S(=O)(N1CCOCC1)N1CCC2=Cc3c(cnn3-c3ccc(F)cc3)CC2(Cc2ccc(F)cc2)C1	Glucocorticoid receptor	GR	Ki	NR	train	non-cliff	7.58503	26	-1.41497
CHEMBL2034_Ki-0274	CCCCS(=O)(=O)N1CCC2=Cc3c(cnn3-c3ccc(F)cc3)CC2(Cc2ccc(F)cc2)C1	Glucocorticoid receptor	GR	Ki	NR	train	non-cliff	7.92082	12	-1.07918
CHEMBL2034_Ki-0275	CS(=O)(=O)N1CCC2=Cc3c(cnn3-c3ccc(F)cc3)CC2(Cc2ccc(F)cc2)C1	Glucocorticoid receptor	GR	Ki	NR	train	non-cliff	7.88606	13	-1.11394
CHEMBL2034_Ki-0276	O=S(=O)(c1ccc(N2CCOCC2)cc1)N1CCC2=Cc3c(cnn3-c3ccc(F)cc3)CC2(Cc2ccc(F)cc2)C1	Glucocorticoid receptor	GR	Ki	NR	train	non-cliff	8.21112	6.15	-0.788875
CHEMBL2034_Ki-0277	Cc1ccc(S(=O)(=O)N2CCC3=Cc4c(cnn4-c4ccc(F)cc4)CC3(Cc3ccc(F)cc3)C2)cc1	Glucocorticoid receptor	GR	Ki	NR	train	non-cliff	8.03386	9.25	-0.966142
CHEMBL2034_Ki-0278	CC(C)(C)c1ccc(S(=O)(=O)N2CCC3=Cc4c(cnn4-c4ccc(F)cc4)CC3(Cc3ccc(F)cc3)C2)cc1	Glucocorticoid receptor	GR	Ki	NR	test	non-cliff	8.11634	7.65	-0.883661
CHEMBL2034_Ki-0279	COc1c(O)ccc2c1-c1ccc3c(c1/C(=C/c1cccc(C)c1F)O2)C(C)=CC(C)(C)N3	Glucocorticoid receptor	GR	Ki	NR	train	non-cliff	8.61979	2.4	-0.380211
CHEMBL2034_Ki-0280	Cc1cc(-c2cccc3cc[nH]c23)c(Cl)c2c1NC(C)(C)CC2C	Glucocorticoid receptor	GR	Ki	NR	train	cliff	9.22185	0.6	0.221849
CHEMBL2034_Ki-0281	Cc1cc(-c2cccc3[nH]ccc23)c(Cl)c2c1NC(C)(C)CC2C	Glucocorticoid receptor	GR	Ki	NR	test	cliff	8.35655	4.4	-0.643453
CHEMBL2034_Ki-0282	Cc1cc(-c2c[nH]c3ccccc23)c(Cl)c2c1NC(C)(C)CC2C	Glucocorticoid receptor	GR	Ki	NR	train	non-cliff	7.61979	24	-1.38021
CHEMBL2034_Ki-0283	Cc1cc(-c2ccc3cc[nH]c3c2)c(Cl)c2c1NC(C)(C)CC2C	Glucocorticoid receptor	GR	Ki	NR	train	cliff	6.33724	460	-2.66276
CHEMBL2034_Ki-0284	Cc1cc(C#N)sc1-c1ccc2c(c1)C(C)CC(C)(C)N2	Glucocorticoid receptor	GR	Ki	NR	train	non-cliff	7.36653	43	-1.63347
CHEMBL2034_Ki-0285	COc1ccc2cc[nH]c2c1-c1cc(C)c2c(c1Cl)C(C)CC(C)(C)N2	Glucocorticoid receptor	GR	Ki	NR	train	non-cliff	8.82391	1.5	-0.176091
CHEMBL2034_Ki-0286	Cc1cc(-c2cc(F)c(F)c3cc[nH]c23)c(Cl)c2c1NC(C)(C)CC2C	Glucocorticoid receptor	GR	Ki	NR	test	cliff	8.74473	1.8	-0.255273
CHEMBL2034_Ki-0287	Cc1cc(-c2cc(F)cc3cc[nH]c23)c(Cl)c2c1NC(C)(C)CC2C	Glucocorticoid receptor	GR	Ki	NR	train	cliff	9.09691	0.8	0.09691
CHEMBL2034_Ki-0288	Cc1cc(-c2ccc(F)c3cc[nH]c23)c(Cl)c2c1NC(C)(C)CC2C	Glucocorticoid receptor	GR	Ki	NR	test	cliff	8.88606	1.3	-0.113943
CHEMBL2034_Ki-0289	Cc1cc(-c2cc(Cl)cc3cc[nH]c23)c(Cl)c2c1NC(C)(C)CC2C	Glucocorticoid receptor	GR	Ki	NR	test	cliff	7.61979	24	-1.38021
CHEMBL2034_Ki-0290	Cc1cc(-c2ccc(Cl)c3cc[nH]c23)c(Cl)c2c1NC(C)(C)CC2C	Glucocorticoid receptor	GR	Ki	NR	test	cliff	6.88273	131	-2.11727
CHEMBL2034_Ki-0291	COc1ccc(-c2cc(C)c3c(c2Cl)C(C)CC(C)(C)N3)c2[nH]ccc12	Glucocorticoid receptor	GR	Ki	NR	train	non-cliff	6.95861	110	-2.04139
CHEMBL2034_Ki-0292	Cc1cc(-c2cccc3c(C)c[nH]c23)c(Cl)c2c1NC(C)(C)CC2C	Glucocorticoid receptor	GR	Ki	NR	train	cliff	7.95861	11	-1.04139
CHEMBL2034_Ki-0293	Cc1cc2cccc(-c3cc(C)c4c(c3Cl)C(C)CC(C)(C)N4)c2[nH]1	Glucocorticoid receptor	GR	Ki	NR	train	non-cliff	7.04576	90	-1.95424
CHEMBL2034_Ki-0294	Cc1cc(-c2cccc3ccn(C)c23)c(Cl)c2c1NC(C)(C)CC2C	Glucocorticoid receptor	GR	Ki	NR	train	cliff	7.10237	79	-1.89763
CHEMBL2034_Ki-0295	CC1(C(=O)Nc2ccc([N+](=O)[O-])cc2O)CC2c3ccccc3C1c1ccccc12	Glucocorticoid receptor	GR	Ki	NR	train	non-cliff	6.80217	157.7	-2.19783
CHEMBL2034_Ki-0296	Cc1csc(NC(=O)C2(C)CC3c4ccccc4C2c2ccccc23)n1	Glucocorticoid receptor	GR	Ki	NR	train	non-cliff	8.06048	8.7	-0.939519
CHEMBL2034_Ki-0297	Cc1nc(NC(=O)C2(C)CC3c4ccccc4C2c2ccccc23)sc1C	Glucocorticoid receptor	GR	Ki	NR	train	non-cliff	7.64589	22.6	-1.35411
CHEMBL2034_Ki-0298	CCC1(C(=O)Nc2nccs2)CC2c3ccccc3C1c1ccccc12	Glucocorticoid receptor	GR	Ki	NR	train	non-cliff	8.40894	3.9	-0.591065
CHEMBL2034_Ki-0299	O=C(Nc1nccs1)C1(CCO)CC2c3ccccc3C1c1ccccc12	Glucocorticoid receptor	GR	Ki	NR	test	non-cliff	6.51856	303	-2.48144
CHEMBL2034_Ki-0300	CN(C(=O)C1(C)CC2c3ccccc3C1c1ccccc12)c1nccs1	Glucocorticoid receptor	GR	Ki	NR	train	non-cliff	7.08355	82.5	-1.91645
CHEMBL2034_Ki-0301	CC1(C(=O)Nc2ncc[nH]2)CC2c3ccccc3C1c1ccccc12	Glucocorticoid receptor	GR	Ki	NR	train	cliff	7.03339	92.6	-1.96661
CHEMBL2034_Ki-0302	CC1(C(=O)Nc2nncs2)CC2c3ccccc3C1c1ccccc12	Glucocorticoid receptor	GR	Ki	NR	train	cliff	8.26761	5.4	-0.732394
CHEMBL2034_Ki-0303	CC12CC(C)(C(=O)Nc3nccs3)C(c3ccccc31)c1ccccc12	Glucocorticoid receptor	GR	Ki	NR	test	non-cliff	9	1	-0
CHEMBL2034_Ki-0304	C[C@]12Cn3cnc(-c4ccc(F)cc4)c3C=C1CCC[C@@H]2[C@H](O)c1ccc(F)cc1	Glucocorticoid receptor	GR	Ki	NR	train	non-cliff	7.63827	23	-1.36173
CHEMBL2034_Ki-0305	C=CCC(O)C1CCCC2=Cc3c(-c4ccc(F)cc4)ncn3CC21C	Glucocorticoid receptor	GR	Ki	NR	train	non-cliff	8.07058	8.5	-0.929419
CHEMBL2034_Ki-0306	C[C@]12Cc3cnn(-c4ccc(F)cc4)c3C=C1CCCC2[C@@H](O)c1csc2ccccc12	Glucocorticoid receptor	GR	Ki	NR	train	non-cliff	8.74473	1.8	-0.255273
CHEMBL2034_Ki-0307	C=CC[C@H](O)C1CCCC2=Cc3c(cnn3-c3ccc(F)cc3)C[C@@]21C	Glucocorticoid receptor	GR	Ki	NR	train	non-cliff	8.40894	3.9	-0.591065
CHEMBL2034_Ki-0308	C[C@@](O)(c1cccs1)[C@H]1CCCC2=Cc3c(-c4ccc(F)cc4)ncn3C[C@@]21C	Glucocorticoid receptor	GR	Ki	NR	train	cliff	8.69897	2	-0.30103
CHEMBL2034_Ki-0309	CO[C@](C)(c1cccs1)[C@H]1CCCC2=Cc3c(-c4ccc(F)cc4)ncn3C[C@@]21C	Glucocorticoid receptor	GR	Ki	NR	test	cliff	7.48149	33	-1.51851
CHEMBL2034_Ki-0310	C[C@@](O)(c1ccc(F)cc1)[C@H]1CCCC2=Cc3c(-c4ccc(F)cc4)ncn3C[C@@]21C	Glucocorticoid receptor	GR	Ki	NR	train	cliff	8.69897	2	-0.30103
CHEMBL2034_Ki-0311	C[C@@](O)(c1ccccc1)[C@H]1CCCC2=Cc3c(-c4ccc(F)cc4)ncn3C[C@@]21C	Glucocorticoid receptor	GR	Ki	NR	train	cliff	9	1	-0
CHEMBL2034_Ki-0312	Cc1ccccc1[C@@](C)(O)[C@H]1CCCC2=Cc3c(-c4ccc(F)cc4)ncn3C[C@@]21C	Glucocorticoid receptor	GR	Ki	NR	train	non-cliff	8.69897	2	-0.30103
CHEMBL2034_Ki-0313	Cc1cccc([C@@](C)(O)[C@H]2CCCC3=Cc4c(-c5ccc(F)cc5)ncn4C[C@@]32C)c1	Glucocorticoid receptor	GR	Ki	NR	train	non-cliff	8.60206	2.5	-0.39794
CHEMBL2034_Ki-0314	C[C@@](O)(c1ccc(Cl)cc1)[C@H]1CCCC2=Cc3c(-c4ccc(F)cc4)ncn3C[C@@]21C	Glucocorticoid receptor	GR	Ki	NR	train	cliff	8.69897	2	-0.30103
CHEMBL2034_Ki-0315	C[C@@](O)(c1cccc(C#N)c1)[C@H]1CCCC2=Cc3c(-c4ccc(F)cc4)ncn3C[C@@]21C	Glucocorticoid receptor	GR	Ki	NR	train	cliff	9	1	-0
CHEMBL2034_Ki-0316	C[C@@](O)(c1ccc(C#N)cc1)[C@H]1CCCC2=Cc3c(-c4ccc(F)cc4)ncn3C[C@@]21C	Glucocorticoid receptor	GR	Ki	NR	train	cliff	8.60206	2.5	-0.39794
CHEMBL2034_Ki-0317	C[C@@](O)(c1ccccn1)[C@H]1CCCC2=Cc3c(-c4ccc(F)cc4)ncn3C[C@@]21C	Glucocorticoid receptor	GR	Ki	NR	train	cliff	7.50864	31	-1.49136
CHEMBL2034_Ki-0318	C[C@@](O)(c1cccnc1)[C@H]1CCCC2=Cc3c(-c4ccc(F)cc4)ncn3C[C@@]21C	Glucocorticoid receptor	GR	Ki	NR	test	cliff	8.69897	2	-0.30103
CHEMBL2034_Ki-0319	C[C@@](O)(c1ccncc1)[C@H]1CCCC2=Cc3c(-c4ccc(F)cc4)ncn3C[C@@]21C	Glucocorticoid receptor	GR	Ki	NR	train	cliff	8.69897	2	-0.30103
CHEMBL2034_Ki-0320	Cc1ccsc1[C@@](C)(O)[C@H]1CCCC2=Cc3c(-c4ccc(F)cc4)ncn3C[C@@]21C	Glucocorticoid receptor	GR	Ki	NR	train	non-cliff	8.69897	2	-0.30103
CHEMBL2034_Ki-0321	Cc1ccc([C@@](C)(O)[C@H]2CCCC3=Cc4c(-c5ccc(F)cc5)ncn4C[C@@]32C)s1	Glucocorticoid receptor	GR	Ki	NR	test	non-cliff	8.82391	1.5	-0.176091
CHEMBL2034_Ki-0322	C[C@@](O)(c1ccc(Cl)s1)[C@H]1CCCC2=Cc3c(-c4ccc(F)cc4)ncn3C[C@@]21C	Glucocorticoid receptor	GR	Ki	NR	train	non-cliff	8.39794	4	-0.60206
CHEMBL2034_Ki-0323	C[C@@](O)(c1ccsc1)[C@H]1CCCC2=Cc3c(-c4ccc(F)cc4)ncn3C[C@@]21C	Glucocorticoid receptor	GR	Ki	NR	train	cliff	9	1	-0
CHEMBL2034_Ki-0324	C[C@@](O)(c1nccs1)[C@H]1CCCC2=Cc3c(-c4ccc(F)cc4)ncn3C[C@@]21C	Glucocorticoid receptor	GR	Ki	NR	train	cliff	8.52288	3	-0.477121
CHEMBL2034_Ki-0325	C=CC[C@@](C)(O)[C@H]1CCCC2=Cc3c(-c4ccc(F)cc4)ncn3C[C@@]21C	Glucocorticoid receptor	GR	Ki	NR	train	non-cliff	8.36653	4.3	-0.633468
CHEMBL2034_Ki-0326	CCCC[C@@](C)(O)[C@H]1CCCC2=Cc3c(-c4ccc(F)cc4)ncn3C[C@@]21C	Glucocorticoid receptor	GR	Ki	NR	train	non-cliff	8.10237	7.9	-0.897627
CHEMBL2034_Ki-0327	C[C@@](O)(CCc1ccccc1)[C@H]1CCCC2=Cc3c(-c4ccc(F)cc4)ncn3C[C@@]21C	Glucocorticoid receptor	GR	Ki	NR	train	cliff	7.3279	47	-1.6721
CHEMBL2034_Ki-0328	C[C@@](O)(Cc1ccc(F)cc1)[C@H]1CCCC2=Cc3c(-c4ccc(F)cc4)ncn3C[C@@]21C	Glucocorticoid receptor	GR	Ki	NR	train	cliff	7.95861	11	-1.04139
CHEMBL2034_Ki-0329	C[C@]12Cn3cnc(-c4ccc(F)cc4)c3C=C1CCC[C@@H]2[C@](C)(O)C1CC1	Glucocorticoid receptor	GR	Ki	NR	train	cliff	8.58503	2.6	-0.414973
CHEMBL2034_Ki-0330	C[C@]12Cn3cnc(-c4ccc(F)cc4)c3C=C1CCC[C@@H]2[C@](C)(O)C1CCCCC1	Glucocorticoid receptor	GR	Ki	NR	train	non-cliff	8.50864	3.1	-0.491362
CHEMBL2034_Ki-0331	C[C@]12Cn3cnc(-c4ccc(F)cc4)c3C=C1CCC[C@@H]2[C@](C)(O)C1CCOCC1	Glucocorticoid receptor	GR	Ki	NR	train	cliff	8.69897	2	-0.30103
CHEMBL2034_Ki-0332	C[C@](O)([C@H]1CCCC2=Cc3c(-c4ccc(F)cc4)ncn3C[C@@]21C)C(F)(F)F	Glucocorticoid receptor	GR	Ki	NR	train	non-cliff	8.284	5.2	-0.716003
CHEMBL2034_Ki-0333	CC(C)C[C@@](C)(O)[C@H]1CCCC2=Cc3c(-c4ccc(F)cc4)ncn3C[C@@]21C	Glucocorticoid receptor	GR	Ki	NR	train	non-cliff	8.04576	9	-0.954243
CHEMBL2034_Ki-0334	C[C@@](O)(c1ccc(F)cc1)[C@H]1CCCC2=Cc3c(cnn3-c3ccc(F)cc3)C[C@@]21C	Glucocorticoid receptor	GR	Ki	NR	train	cliff	8.60206	2.5	-0.39794
CHEMBL2034_Ki-0335	C[C@@](O)(c1ccsc1)[C@H]1CCCC2=Cc3c(cnn3-c3ccc(F)cc3)C[C@@]21C	Glucocorticoid receptor	GR	Ki	NR	test	cliff	9.09691	0.8	0.09691
CHEMBL2034_Ki-0336	CC#C[C@@]1(O)CC[C@@]2(Cc3ccccc3)c3ccc(C(=O)NCc4ccncc4)cc3CC[C@@H]2C1	Glucocorticoid receptor	GR	Ki	NR	train	non-cliff	8.69897	2	-0.30103
CHEMBL2034_Ki-0337	C=CC[C@@H]1Oc2ccc(OC#N)c(OC)c2-c2ccc3c(c21)C(C)=CC(C)(C)N3	Glucocorticoid receptor	GR	Ki	NR	test	cliff	7.29243	51	-1.70757
CHEMBL2034_Ki-0338	C#COc1ccc2c(c1OC)-c1ccc3c(c1[C@H](CC=C)O2)C(C)=CC(C)(C)N3	Glucocorticoid receptor	GR	Ki	NR	train	cliff	8.37675	4.2	-0.623249
CHEMBL2034_Ki-0339	C=C1C(C)CCC(C)(C)[C@@H]1Cc1cc(OC)c(Br)cc1OC(C)=O	Glucocorticoid receptor	GR	Ki	NR	train	non-cliff	5.38626	4109	-3.61374
CHEMBL2034_Ki-0340	Cc1cc(-c2cccc3cc[nH]c23)c(Cl)c2c1NC(C)(C)C(=O)C2C	Glucocorticoid receptor	GR	Ki	NR	train	non-cliff	8.23657	5.8	-0.763428
CHEMBL2034_Ki-0341	Cc1cc(-c2cccc3cc[nH]c23)c(Cl)c2c1NC(C)(C)C(=O)C2(C)C	Glucocorticoid receptor	GR	Ki	NR	train	non-cliff	8.34679	4.5	-0.653213
CHEMBL2034_Ki-0342	C=CCC1(C)C(=O)C(C)(C)Nc2c(C)cc(-c3cccc4cc[nH]c34)c(Cl)c21	Glucocorticoid receptor	GR	Ki	NR	test	non-cliff	8.45593	3.5	-0.544068
CHEMBL2034_Ki-0343	CC(C)=CCC1(C)C(=O)C(C)(C)Nc2c(C)cc(-c3cccc4cc[nH]c34)c(Cl)c21	Glucocorticoid receptor	GR	Ki	NR	train	non-cliff	8.22185	6	-0.778151
CHEMBL2034_Ki-0344	Cc1cc(-c2cccc3cc[nH]c23)c(Cl)c2c1NC(C)(C)C(=O)C2(C)Cc1ccccc1	Glucocorticoid receptor	GR	Ki	NR	train	non-cliff	6.46852	340	-2.53148
CHEMBL2034_Ki-0345	Cc1cc(-c2cccc3cc[nH]c23)c(Cl)c2c1NC(C)(C)C(O)C2(C)C	Glucocorticoid receptor	GR	Ki	NR	test	non-cliff	7.79588	16	-1.20412
CHEMBL2034_Ki-0346	Cc1cc(-c2cccc3cc[nH]c23)c(Cl)c2c1NC(C)(C)CC2=O	Glucocorticoid receptor	GR	Ki	NR	train	cliff	6.36051	436	-2.63949
CHEMBL2034_Ki-0347	Cc1cc(-c2cccc3cc[nH]c23)c(Cl)c2c1NC(C)(C)C(C)(C)C2=O	Glucocorticoid receptor	GR	Ki	NR	train	non-cliff	6.38091	416	-2.61909
CHEMBL2034_Ki-0348	CC(C)n1cc(-c2ccc(C#N)c(F)c2)c2ccc(NS(C)(=O)=O)cc21	Glucocorticoid receptor	GR	Ki	NR	train	non-cliff	6.2815	523	-2.7185
CHEMBL2034_Ki-0349	COc1cc(-c2cn(C(C)C)c3cc(NS(C)(=O)=O)ccc23)ccc1C#N	Glucocorticoid receptor	GR	Ki	NR	train	non-cliff	6.01011	977	-2.98989
CHEMBL2034_Ki-0350	Cc1cc(-c2cn(C(C)C)c3cc(NS(C)(=O)=O)ccc23)ccc1C#N	Glucocorticoid receptor	GR	Ki	NR	train	non-cliff	6.8041	157	-2.1959
CHEMBL2034_Ki-0351	CC(C)n1cc(-c2ccc(C#N)cc2)c2ccc(NS(C)(=O)=O)cc21	Glucocorticoid receptor	GR	Ki	NR	train	non-cliff	5.81531	1530	-3.18469
CHEMBL2034_Ki-0352	CCn1cc(-c2ccc(C#N)cc2)c2ccc(NS(C)(=O)=O)cc21	Glucocorticoid receptor	GR	Ki	NR	train	non-cliff	6.03292	927	-2.96708
CHEMBL2034_Ki-0353	COc1ccc(C(c2ccccc2)c2c[nH]c3ccccc23)cc1	Glucocorticoid receptor	GR	Ki	NR	train	non-cliff	7.2993	50.2	-1.7007
CHEMBL2034_Ki-0354	C[C@H]1c2c(cc(F)c(-c3cccc4cc[nH]c34)c2F)NC(C)(C)[C@@H]1O	Glucocorticoid receptor	GR	Ki	NR	train	cliff	8.60206	2.5	-0.39794
CHEMBL2034_Ki-0355	CNC(=O)O[C@@H]1[C@@H](C)c2c(cc(F)c(-c3cccc4cc[nH]c34)c2F)NC1(C)C	Glucocorticoid receptor	GR	Ki	NR	train	non-cliff	8.52288	3	-0.477121
CHEMBL2034_Ki-0356	CNC(=O)O[C@@H]1[C@@H](C)c2c(cc(F)c(-c3cccc4c(Cl)c[nH]c34)c2F)NC1(C)C	Glucocorticoid receptor	GR	Ki	NR	train	non-cliff	8.65758	2.2	-0.342423
CHEMBL2034_Ki-0357	C[C@H]1c2c(cc(F)c(-c3cccc4c(Cl)c[nH]c34)c2F)NC(C)(C)[C@@H]1OC(=O)NCc1ccccc1	Glucocorticoid receptor	GR	Ki	NR	test	non-cliff	8.16749	6.8	-0.832509
CHEMBL2034_Ki-0358	CC(C)NC(=O)O[C@@H]1[C@@H](C)c2c(cc(F)c(-c3cccc4c(Cl)c[nH]c34)c2F)NC1(C)C	Glucocorticoid receptor	GR	Ki	NR	train	non-cliff	8.10791	7.8	-0.892095
CHEMBL2034_Ki-0359	C[C@H]1c2c(cc(F)c(-c3cccc4c(Cl)c[nH]c34)c2F)NC(C)(C)[C@@H]1OC(=O)NC1CCCCC1	Glucocorticoid receptor	GR	Ki	NR	train	cliff	8.36653	4.3	-0.633468
CHEMBL2034_Ki-0360	C[C@H]1c2c(cc(F)c(-c3cccc4cc[nH]c34)c2F)NC(C)(C)[C@@H]1OC(=O)N1CCCCC1	Glucocorticoid receptor	GR	Ki	NR	test	cliff	6.87943	132	-2.12057
CHEMBL2034_Ki-0361	C[C@H]1c2c(cc(F)c(-c3cccc4cc[nH]c34)c2F)NC(C)(C)[C@@H]1OC(=O)Nc1ccccc1	Glucocorticoid receptor	GR	Ki	NR	train	cliff	8.20761	6.2	-0.792392
CHEMBL2034_Ki-0362	C[C@H]1c2c(cc(F)c(-c3cccc4c(Cl)c[nH]c34)c2F)NC(C)(C)[C@@H]1OC(=O)Nc1ccccc1	Glucocorticoid receptor	GR	Ki	NR	train	non-cliff	8.11919	7.6	-0.880814
CHEMBL2034_Ki-0363	C[C@H]1c2c(cc(F)c(-c3cccc4cc[nH]c34)c2F)NC(C)(C)[C@@H]1OC(=O)N(C)c1ccccc1	Glucocorticoid receptor	GR	Ki	NR	train	non-cliff	7.84466	14.3	-1.15534
CHEMBL2034_Ki-0364	COc1ccc(NC(=O)O[C@@H]2[C@@H](C)c3c(cc(F)c(-c4cccc5cc[nH]c45)c3F)NC2(C)C)cc1Cl	Glucocorticoid receptor	GR	Ki	NR	test	non-cliff	7.93554	11.6	-1.06446
CHEMBL2034_Ki-0365	COc1ccc(NC(=O)O[C@@H]2[C@@H](C)c3c(cc(F)c(-c4cccc5c(Cl)c[nH]c45)c3F)NC2(C)C)cc1Cl	Glucocorticoid receptor	GR	Ki	NR	train	non-cliff	8.17393	6.7	-0.826075
CHEMBL2034_Ki-0366	C[C@H]1c2c(cc(F)c(-c3cccc4cc[nH]c34)c2F)NC(C)(C)[C@@H]1OC(=O)Nc1ccc2c(c1)OCO2	Glucocorticoid receptor	GR	Ki	NR	test	non-cliff	7.91364	12.2	-1.08636
CHEMBL2034_Ki-0367	C[C@H]1c2c(cc(F)c(-c3cccc4cc[nH]c34)c2F)NC(C)(C)[C@@H]1OC(=O)Nc1ccc(C#N)cc1	Glucocorticoid receptor	GR	Ki	NR	train	non-cliff	7.79317	16.1	-1.20683
CHEMBL2034_Ki-0368	C[C@H]1c2c(cc(F)c(-c3cccc4c(Cl)c[nH]c34)c2F)NC(C)(C)[C@@H]1OC(=O)Nc1ccc(C#N)cc1	Glucocorticoid receptor	GR	Ki	NR	test	non-cliff	7.86328	13.7	-1.13672
CHEMBL2034_Ki-0369	C[C@H]1c2c(cc(F)c(-c3cccc4cc[nH]c34)c2F)NC(C)(C)[C@@H]1OC(=O)Nc1ccc(Cl)cc1	Glucocorticoid receptor	GR	Ki	NR	train	cliff	7.1549	70	-1.8451
CHEMBL2034_Ki-0370	COC(=O)c1ccc(NC(=O)O[C@@H]2[C@@H](C)c3c(cc(F)c(-c4cccc5cc[nH]c45)c3F)NC2(C)C)cc1	Glucocorticoid receptor	GR	Ki	NR	test	cliff	7.52288	30	-1.47712
CHEMBL2034_Ki-0371	C[C@H]1c2c(cc(F)c(-c3cccc4cc[nH]c34)c2F)NC(C)(C)[C@@H]1OC(=O)Nc1ccc(N(C)C)cc1	Glucocorticoid receptor	GR	Ki	NR	train	cliff	8.29243	5.1	-0.70757
CHEMBL2034_Ki-0372	CC(=O)c1ccc(NC(=O)O[C@@H]2[C@@H](C)c3c(cc(F)c(-c4cccc5cc[nH]c45)c3F)NC2(C)C)cc1	Glucocorticoid receptor	GR	Ki	NR	train	cliff	8.5376	2.9	-0.462398
CHEMBL2034_Ki-0373	C[C@H]1c2c(cc(F)c(-c3cccc4cc[nH]c34)c2F)NC(C)(C)[C@@H]1OC(=O)Nc1cccc(C#N)c1	Glucocorticoid receptor	GR	Ki	NR	train	non-cliff	7.86328	13.7	-1.13672
CHEMBL2034_Ki-0374	CC(=O)c1cccc(NC(=O)O[C@@H]2[C@@H](C)c3c(cc(F)c(-c4cccc5cc[nH]c45)c3F)NC2(C)C)c1	Glucocorticoid receptor	GR	Ki	NR	train	non-cliff	8.02687	9.4	-0.973128
CHEMBL2034_Ki-0375	C[C@H]1c2c(cc(Cl)c(-c3cccc4cc[nH]c34)c2Cl)NC(C)(C)[C@@H]1O	Glucocorticoid receptor	GR	Ki	NR	train	cliff	6.8041	157	-2.1959
CHEMBL2034_Ki-0376	C[C@H]1c2c(F)c(-c3cccc4cc[nH]c34)c(F)c(Cl)c2NC(C)(C)[C@@H]1O	Glucocorticoid receptor	GR	Ki	NR	train	non-cliff	9	1	-0
CHEMBL2034_Ki-0377	C[C@H]1c2c(F)c(-c3cccc4cc[nH]c34)c(F)c(F)c2NC(C)(C)[C@@H]1O	Glucocorticoid receptor	GR	Ki	NR	train	non-cliff	8.30103	5	-0.69897
CHEMBL2034_Ki-0378	C[C@H]1c2cc(-c3cccc4cc[nH]c34)c(F)c(F)c2NC(C)(C)[C@@H]1O	Glucocorticoid receptor	GR	Ki	NR	train	cliff	8.61979	2.4	-0.380211
CHEMBL2034_Ki-0379	C[C@H]1c2c(Cl)c(-c3cccc4cc[nH]c34)cc(F)c2NC(C)(C)[C@@H]1O	Glucocorticoid receptor	GR	Ki	NR	train	non-cliff	8.09691	8	-0.90309
CHEMBL2034_Ki-0380	C=Cc1c(-c2cccc3cc[nH]c23)cc2c(c1C)NC(C)(C)[C@H](O)[C@H]2C	Glucocorticoid receptor	GR	Ki	NR	train	cliff	8.50864	3.1	-0.491362
CHEMBL2034_Ki-0381	Cc1c2c(cc(-c3cccc4cc[nH]c34)c1C(F)(F)F)[C@H](C)[C@@H](O)C(C)(C)N2	Glucocorticoid receptor	GR	Ki	NR	test	non-cliff	6.97469	106	-2.02531
CHEMBL2034_Ki-0382	Cc1c(-c2cccc3cc[nH]c23)cc2c(c1C)NC(C)(C)[C@H](O)[C@H]2C	Glucocorticoid receptor	GR	Ki	NR	train	cliff	7.4168	38.3	-1.5832
CHEMBL2034_Ki-0383	Cc1c(F)c(-c2cccc3cc[nH]c23)cc2c1NC(C)(C)[C@H](O)[C@H]2C	Glucocorticoid receptor	GR	Ki	NR	train	cliff	9.04576	0.9	0.0457575
CHEMBL2034_Ki-0384	Cc1c(Cl)c(-c2cccc3cc[nH]c23)cc2c1NC(C)(C)[C@H](O)[C@H]2C	Glucocorticoid receptor	GR	Ki	NR	train	cliff	8.74473	1.8	-0.255273
CHEMBL2034_Ki-0385	CC(=O)/C=C/c1c(-c2cccc3cc[nH]c23)cc(C)c2c1[C@H](C)[C@@H](O)C(C)(C)N2	Glucocorticoid receptor	GR	Ki	NR	train	non-cliff	7.98297	10.4	-1.01703
CHEMBL2034_Ki-0386	Cc1cc(-c2cccc3cc[nH]c23)c(C#N)c2c1NC(C)(C)[C@H](O)[C@H]2C	Glucocorticoid receptor	GR	Ki	NR	train	cliff	8.88606	1.3	-0.113943
CHEMBL2034_Ki-0387	Cc1cc(-c2cccc3cc[nH]c23)c(/C=C/C#N)c2c1NC(C)(C)[C@H](O)[C@H]2C	Glucocorticoid receptor	GR	Ki	NR	train	cliff	7.77989	16.6	-1.22011
CHEMBL2034_Ki-0388	C=Cc1c(-c2cccc3cc[nH]c23)cc(C)c2c1[C@H](C)[C@@H](O)C(C)(C)N2	Glucocorticoid receptor	GR	Ki	NR	train	cliff	7.70774	19.6	-1.29226
CHEMBL2034_Ki-0389	Cc1cc(-c2cccc3cc[nH]c23)c(/C=N/OCc2ccccc2)c2c1NC(C)(C)[C@H](O)[C@H]2C	Glucocorticoid receptor	GR	Ki	NR	train	non-cliff	8.45593	3.5	-0.544068
CHEMBL2034_Ki-0390	Cc1cc(-c2cccc3cc[nH]c23)c(/C=N/OC(C)(C)C)c2c1NC(C)(C)[C@H](O)[C@H]2C	Glucocorticoid receptor	GR	Ki	NR	train	non-cliff	8.22185	6	-0.778151
CHEMBL2034_Ki-0391	CCO/N=C/c1c(-c2cccc3cc[nH]c23)cc(C)c2c1[C@H](C)[C@@H](O)C(C)(C)N2	Glucocorticoid receptor	GR	Ki	NR	train	cliff	8.82391	1.5	-0.176091
CHEMBL2034_Ki-0392	CO/N=C/c1c(-c2cccc3cc[nH]c23)cc(C)c2c1[C@H](C)[C@@H](O)C(C)(C)N2	Glucocorticoid receptor	GR	Ki	NR	train	non-cliff	8.16115	6.9	-0.838849
CHEMBL2034_Ki-0393	Cc1cc(-c2cccc3cc[nH]c23)c(/C=N/O)c2c1NC(C)(C)[C@H](O)[C@H]2C	Glucocorticoid receptor	GR	Ki	NR	train	cliff	6.49621	319	-2.50379
CHEMBL2034_Ki-0394	CCc1c(-c2cccc3cc[nH]c23)cc(C)c2c1[C@H](C)[C@@H](O)C(C)(C)N2	Glucocorticoid receptor	GR	Ki	NR	train	non-cliff	7.93181	11.7	-1.06819
CHEMBL2034_Ki-0395	Cc1cc(-c2cccc3cc[nH]c23)c(C)c2c1NC(C)(C)[C@H](O)[C@H]2C	Glucocorticoid receptor	GR	Ki	NR	train	cliff	8.92082	1.2	-0.0791812
CHEMBL2034_Ki-0396	Cc1cc(-c2cccc3cc[nH]c23)c(F)c2c1NC(C)(C)[C@H](O)[C@H]2C	Glucocorticoid receptor	GR	Ki	NR	train	cliff	8.63827	2.3	-0.361728
CHEMBL2034_Ki-0397	Cc1cc(-c2cccc3cc[nH]c23)cc2c1NC(C)(C)[C@H](O)[C@H]2C	Glucocorticoid receptor	GR	Ki	NR	train	non-cliff	8.04576	9	-0.954243
CHEMBL2034_Ki-0398	CO/N=C1/c2c(cc(F)c(-c3cccc4c(Cl)c[nH]c34)c2F)NC(C)(C)C1O	Glucocorticoid receptor	GR	Ki	NR	train	non-cliff	9.1549	0.7	0.154902
CHEMBL2034_Ki-0399	CCO/N=C1/c2c(cc(F)c(-c3cccc4c(C)c[nH]c34)c2F)NC(C)(C)C1O	Glucocorticoid receptor	GR	Ki	NR	train	non-cliff	9.22185	0.6	0.221849
CHEMBL2034_Ki-0400	CO/N=C1/c2c(cc(F)c(-c3cccc4c(C)c[nH]c34)c2F)NC(C)(C)C1O	Glucocorticoid receptor	GR	Ki	NR	train	non-cliff	8.42022	3.8	-0.579784
CHEMBL2034_Ki-0401	Cc1c[nH]c2c(-c3c(F)cc4c(c3F)/C(=N/OC(C)(C)CO)CC(C)(C)N4)cccc12	Glucocorticoid receptor	GR	Ki	NR	train	cliff	9.09691	0.8	0.09691
CHEMBL2034_Ki-0402	Cc1c[nH]c2c(-c3c(F)cc4c(c3F)/C(=N/OC(C)(C)C(=O)O)CC(C)(C)N4)cccc12	Glucocorticoid receptor	GR	Ki	NR	train	cliff	5.56864	2700	-3.43136
CHEMBL2034_Ki-0403	COC(=O)C(C)(C)O/N=C1\\CC(C)(C)Nc2cc(F)c(-c3cccc4c(C)c[nH]c34)c(F)c21	Glucocorticoid receptor	GR	Ki	NR	test	non-cliff	8.82391	1.5	-0.176091
CHEMBL2034_Ki-0404	Cc1c[nH]c2c(-c3c(F)cc4c(c3F)/C(=N/OCc3ccccc3)CC(C)(C)N4)cccc12	Glucocorticoid receptor	GR	Ki	NR	train	non-cliff	8.23657	5.8	-0.763428
CHEMBL2034_Ki-0405	Cc1c[nH]c2c(-c3c(F)cc4c(c3F)/C(=N/Oc3ccccc3)CC(C)(C)N4)cccc12	Glucocorticoid receptor	GR	Ki	NR	train	non-cliff	7.50864	31	-1.49136
CHEMBL2034_Ki-0406	Cc1c[nH]c2c(-c3c(F)cc4c(c3F)/C(=N/OC(C)C)CC(C)(C)N4)cccc12	Glucocorticoid receptor	GR	Ki	NR	train	non-cliff	8.56864	2.7	-0.431364
CHEMBL2034_Ki-0407	CC1(C)C/C(=N\\OC(C)(C)C)c2c(cc(F)c(-c3cccc4c(Cl)c[nH]c34)c2F)N1	Glucocorticoid receptor	GR	Ki	NR	test	non-cliff	8.69897	2	-0.30103
CHEMBL2034_Ki-0408	Cc1c[nH]c2c(-c3c(F)cc4c(c3F)/C(=N/OC(C)(C)C)CC(C)(C)N4)cccc12	Glucocorticoid receptor	GR	Ki	NR	test	cliff	8.65758	2.2	-0.342423
CHEMBL2034_Ki-0409	CC1(C)C/C(=N\\OC(C)(C)C)c2c(cc(F)c(-c3cccc4cc[nH]c34)c2F)N1	Glucocorticoid receptor	GR	Ki	NR	train	non-cliff	8.1549	7	-0.845098
CHEMBL2034_Ki-0410	CCO/N=C1\\CC(C)(C)Nc2cc(F)c(-c3cccc4cc[nH]c34)c(F)c21	Glucocorticoid receptor	GR	Ki	NR	test	cliff	9.39794	0.4	0.39794
CHEMBL2034_Ki-0411	CO/N=C1\\CC(C)(C)Nc2cc(F)c(-c3cccc4cc[nH]c34)c(F)c21	Glucocorticoid receptor	GR	Ki	NR	train	cliff	8.1549	7	-0.845098
CHEMBL2034_Ki-0412	CC1(C)C/C(=N\\O)c2c(cc(F)c(-c3cccc4cc[nH]c34)c2F)N1	Glucocorticoid receptor	GR	Ki	NR	train	non-cliff	6.4318	370	-2.5682
CHEMBL2034_Ki-0413	CC(C)(C(=O)Nc1nccs1)C(c1ccccc1)c1ccccc1	Glucocorticoid receptor	GR	Ki	NR	train	non-cliff	8.5376	2.9	-0.462398
CHEMBL2034_Ki-0414	COc1ccc(C(c2ccccc2)C(C)(C)C(=O)Nc2nccs2)cc1	Glucocorticoid receptor	GR	Ki	NR	train	non-cliff	8.24413	5.7	-0.755875
CHEMBL2034_Ki-0415	CC(C)(C(=O)Nc1nccs1)C(c1ccccc1)c1ccc(O)cc1F	Glucocorticoid receptor	GR	Ki	NR	train	non-cliff	7.68403	20.7	-1.31597
CHEMBL2034_Ki-0416	CC(C)(C(=O)Nc1nccs1)[C@@H](c1ccccc1)c1ccc(O)c(Br)c1	Glucocorticoid receptor	GR	Ki	NR	train	non-cliff	9.39794	0.4	0.39794
CHEMBL2034_Ki-0417	CC(C)(C(=O)Nc1nccs1)[C@@H](c1ccccc1)c1ccc(O)c(C#N)c1	Glucocorticoid receptor	GR	Ki	NR	train	non-cliff	9.04576	0.9	0.0457575
CHEMBL2034_Ki-0418	CC(=O)c1cc([C@H](c2ccccc2)C(C)(C)C(=O)Nc2nccs2)ccc1O	Glucocorticoid receptor	GR	Ki	NR	train	non-cliff	8.13668	7.3	-0.863323
CHEMBL2034_Ki-0419	CC(C)(C(=O)Nc1nncs1)[C@@H](c1ccccc1)c1ccc(O)cc1	Glucocorticoid receptor	GR	Ki	NR	train	non-cliff	8.9393	1.15	-0.0606978
CHEMBL2034_Ki-0420	CC(C)(C(=O)Nc1nncs1)[C@@H](c1ccccc1)c1ccc(O)c(F)c1	Glucocorticoid receptor	GR	Ki	NR	test	non-cliff	9.1549	0.7	0.154902
CHEMBL2034_Ki-0421	CC(C)(C(=O)Nc1nncs1)[C@@H](c1ccccc1)c1ccc(O)c(Br)c1	Glucocorticoid receptor	GR	Ki	NR	train	non-cliff	9.39794	0.4	0.39794
CHEMBL2034_Ki-0422	Cc1cc([C@H](c2ccccc2)C(C)(C)C(=O)Nc2nncs2)ccc1O	Glucocorticoid receptor	GR	Ki	NR	train	non-cliff	8.65758	2.2	-0.342423
CHEMBL2034_Ki-0423	CC(C)(C(=O)Nc1nccs1)[C@H]1c2ccccc2Oc2cc(O)ccc21	Glucocorticoid receptor	GR	Ki	NR	train	non-cliff	9.52288	0.3	0.522879
CHEMBL2034_Ki-0424	CC(C)(C(=O)Nc1nncs1)C1c2ccccc2Oc2ccccc21	Glucocorticoid receptor	GR	Ki	NR	train	cliff	8.22185	6	-0.778151
CHEMBL2034_Ki-0425	C[C@]12CC[C@@H]3c4ccc(O)cc4CC[C@H]3[C@@H]1CC[C@@H]2O	Glucocorticoid receptor	GR	Ki	NR	train	non-cliff	4.7252	18828	-4.2748
CHEMBL2034_Ki-0426	C[C@]12CC[C@@H]3c4ccc(OC(=O)c5ccccc5)cc4CC[C@H]3[C@@H]1CC[C@@H]2O	Glucocorticoid receptor	GR	Ki	NR	train	non-cliff	5.63714	2306	-3.36286
CHEMBL2034_Ki-0427	C[C@H]1C[C@H]2[C@@H]3CCC4=CC(=O)C=C[C@]4(C)[C@@]3(Cl)[C@@H](O)C[C@]2(C)[C@@]1(O)C(=O)CO	Glucocorticoid receptor	GR	Ki	NR	train	non-cliff	8.42678	3.743	-0.57322
CHEMBL2034_Ki-0428	CCCC1O[C@@H]2C[C@H]3[C@@H]4CCC5=CC(=O)C=C[C@]5(C)[C@H]4[C@@H](O)C[C@]3(C)[C@]2(C(=O)CO)O1	Glucocorticoid receptor	GR	Ki	NR	test	non-cliff	8.77806	1.667	-0.221936
CHEMBL2034_Ki-0429	C[C@H]1C[C@H]2[C@@H]3CCC4=CC(=O)C=C[C@]4(C)[C@@]3(F)[C@@H](O)C[C@]2(C)[C@@]1(O)C(=O)COP(=O)(O)O	Glucocorticoid receptor	GR	Ki	NR	test	non-cliff	8.42783	3.734	-0.572174
CHEMBL2034_Ki-0430	S=C=Nc1cccc2ccccc12	Glucocorticoid receptor	GR	Ki	NR	train	non-cliff	5.15484	7001	-3.84516
CHEMBL2034_Ki-0431	C[C@]1(O)CC[C@H]2[C@@H]3CCC4=CC(=O)CC[C@]4(C)[C@H]3CC[C@@]21C	Glucocorticoid receptor	GR	Ki	NR	train	cliff	6.07676	838	-2.92324
CHEMBL2034_Ki-0432	CC1(C)O[C@@H]2C[C@H]3[C@@H]4C[C@H](F)C5=CC(=O)C=C[C@]5(C)[C@@]4(F)[C@@H](O)C[C@]3(C)[C@]2(C(=O)CO)O1	Glucocorticoid receptor	GR	Ki	NR	train	non-cliff	8.8468	1.423	-0.153205
CHEMBL2034_Ki-0433	C#C[C@]1(O)CC[C@H]2[C@@H]3CCC4=CC(=O)CC[C@]4(C)[C@H]3CC[C@@]21C	Glucocorticoid receptor	GR	Ki	NR	train	non-cliff	7.02228	95	-1.97772
CHEMBL2034_Ki-0434	CC(=O)OCC(=O)[C@@]12OC(C)(C)O[C@@H]1C[C@H]1[C@@H]3C[C@H](F)C4=CC(=O)C=C[C@]4(C)[C@@]3(F)[C@@H](O)C[C@@]12C	Glucocorticoid receptor	GR	Ki	NR	train	non-cliff	8.62124	2.392	-0.378761
CHEMBL2034_Ki-0435	CC(=O)[C@@]1(O)CC[C@H]2[C@@H]3CCC4=CC(=O)CC[C@]4(C)[C@H]3CC[C@@]21C	Glucocorticoid receptor	GR	Ki	NR	test	cliff	7.63827	23	-1.36173
CHEMBL2034_Ki-0436	C[C@]12CC[C@@H]3c4ccc(O)cc4CC[C@H]3[C@@H]1C[C@@H](O)[C@@H]2O	Glucocorticoid receptor	GR	Ki	NR	test	non-cliff	4.74754	17884	-4.25246
CHEMBL2034_Ki-0437	CC(=O)OCC(=O)[C@@]1(O)CC[C@H]2[C@@H]3CCC4=CC(=O)CC[C@]4(C)[C@@]3(F)[C@@H](O)C[C@@]21C	Glucocorticoid receptor	GR	Ki	NR	train	non-cliff	8.03372	9.253	-0.966283
CHEMBL2034_Ki-0438	CC(=O)[C@@]1(O)CC[C@H]2[C@@H]3C[C@H](C)C4=CC(=O)C=C[C@]4(C)[C@@]3(F)[C@@H](O)C[C@@]21C	Glucocorticoid receptor	GR	Ki	NR	train	non-cliff	8.80189	1.578	-0.198107
CHEMBL2034_Ki-0439	CC1(C)O[C@@H]2C[C@H]3[C@@H]4C[C@H](F)C5=CC(=O)C=C[C@]5(C)[C@H]4[C@@H](O)C[C@]3(C)[C@]2(C(=O)CO)O1	Glucocorticoid receptor	GR	Ki	NR	train	non-cliff	8.61565	2.423	-0.384353
CHEMBL2034_Ki-0440	CC1(C)O[C@@H]2C[C@H]3[C@@H]4C[C@H](F)C5=CC(=O)CC[C@]5(C)[C@H]4[C@@H](O)C[C@]3(C)[C@]2(C(=O)CO)O1	Glucocorticoid receptor	GR	Ki	NR	train	non-cliff	8.69443	2.021	-0.305566
CHEMBL2034_Ki-0441	CC1(C)O[C@@H]2C[C@H]3[C@@H]4CCC5=CC(=O)CC[C@]5(C)[C@@]4(F)[C@@H](O)C[C@]3(C)[C@]2(C(=O)CCl)O1	Glucocorticoid receptor	GR	Ki	NR	train	non-cliff	9.13549	0.732	0.135489
CHEMBL2034_Ki-0442	C#C[C@]1(O)CC[C@H]2[C@@H]3CCc4cc(O)ccc4[C@H]3CC[C@@]21C	Glucocorticoid receptor	GR	Ki	NR	train	non-cliff	6.10958	777	-2.89042
CHEMBL2034_Ki-0443	CC(=O)O[C@]1(C(C)=O)CC[C@H]2[C@@H]3C=C(Cl)C4=CC(=O)[C@@H]5C[C@@H]5[C@]4(C)[C@H]3CC[C@@]21C	Glucocorticoid receptor	GR	Ki	NR	test	non-cliff	6.9914	102	-2.0086
CHEMBL2034_Ki-0444	CCC(=O)O[C@]1(C(=O)CCl)[C@@H](C)C[C@H]2[C@@H]3CCC4=CC(=O)C=C[C@]4(C)[C@@]3(F)[C@@H](O)C[C@@]21C	Glucocorticoid receptor	GR	Ki	NR	train	non-cliff	9.17914	0.662	0.179142
CHEMBL2034_Ki-0445	CC(=O)O[C@]1(C(C)=O)CC[C@H]2[C@@H]3C=C(Cl)C4=CC(=O)CC[C@]4(C)[C@H]3CC[C@@]21C	Glucocorticoid receptor	GR	Ki	NR	train	non-cliff	7.76447	17.2	-1.23553
CHEMBL2034_Ki-0446	Clc1ccccc1C(c1ccccc1)(c1ccccc1)n1ccnc1	Glucocorticoid receptor	GR	Ki	NR	train	non-cliff	5.82944	1481	-3.17056
CHEMBL2034_Ki-0447	C[C@]12CC(=O)[C@H]3[C@@H](CCC4=C[C@H](O)CC[C@@]43C)[C@@H]1CC[C@]2(O)C(=O)CO	Glucocorticoid receptor	GR	Ki	NR	train	cliff	5.96617	1081	-3.03383
CHEMBL2034_Ki-0448	CC/C(=C(/CC)c1ccc(O)cc1)c1ccc(O)cc1	Glucocorticoid receptor	GR	Ki	NR	test	non-cliff	5.31713	4818	-3.68287
CHEMBL2034_Ki-0449	C[C@@H]1C[C@H]2[C@@H]3CCC4=CC(=O)C=C[C@]4(C)[C@@]3(F)[C@@H](O)C[C@]2(C)[C@H]1C(=O)CO	Glucocorticoid receptor	GR	Ki	NR	test	non-cliff	8.93219	1.169	-0.0678145
CHEMBL2034_Ki-0450	CC(=O)OCC(=O)[C@@]1(O)CC[C@H]2[C@@H]3CCC4=CC(=O)CC[C@]4(C)[C@H]3C(=O)C[C@@]21C	Glucocorticoid receptor	GR	Ki	NR	train	non-cliff	5.75007	1778	-3.24993
CHEMBL2034_Ki-0451	CC(=O)OCC(=O)[C@@]1(OC(C)=O)[C@@H](C)C[C@H]2[C@@H]3C[C@H](F)C4=CC(=O)C=C[C@]4(C)[C@@]3(F)[C@@H](O)C[C@@]21C	Glucocorticoid receptor	GR	Ki	NR	train	non-cliff	8.53655	2.907	-0.463445
CHEMBL2034_Ki-0452	C#C[C@]1(O)CC[C@H]2[C@@H]3CCC4=Cc5oncc5C[C@]4(C)[C@H]3CC[C@@]21C	Glucocorticoid receptor	GR	Ki	NR	test	non-cliff	5.70752	1961	-3.29248
CHEMBL2034_Ki-0453	C#C[C@]1(O)CC[C@H]2[C@@H]3CCC4=CC(=O)CC[C@@H]4[C@H]3CC[C@@]21C	Glucocorticoid receptor	GR	Ki	NR	test	non-cliff	6.70553	197	-2.29447
CHEMBL2034_Ki-0454	C#C[C@]1(OC(C)=O)CC[C@H]2[C@@H]3CCC4=CC(=O)CC[C@@H]4[C@H]3CC[C@@]21C	Glucocorticoid receptor	GR	Ki	NR	train	non-cliff	6.53313	293	-2.46687
CHEMBL2034_Ki-0455	C[C@]12CC(=O)[C@H]3[C@@H](CCC4=CC(=O)C=C[C@@]43C)[C@@H]1CC[C@]2(O)C(=O)CO	Glucocorticoid receptor	GR	Ki	NR	train	cliff	6.28316	521	-2.71684
CHEMBL2034_Ki-0456	C#CC1(O)CC[C@H]2[C@@H]3CCC4=CC(=O)CC[C@@H]4[C@H]3CC[C@@]21CC	Glucocorticoid receptor	GR	Ki	NR	train	non-cliff	7.16749	68	-1.83251
CHEMBL2034_Ki-0457	CC(=O)[C@H]1[C@H](C#N)C[C@H]2[C@@H]3CC=C4C[C@@H](O)CC[C@]4(C)[C@H]3CC[C@@]21C	Glucocorticoid receptor	GR	Ki	NR	train	non-cliff	5.19764	6344	-3.80236
CHEMBL2034_Ki-0458	CC(=O)O[C@]1(C(C)=O)CC[C@H]2[C@@H]3C=C(C)C4=CC(=O)CC[C@]4(C)[C@H]3CC[C@@]21C	Glucocorticoid receptor	GR	Ki	NR	train	non-cliff	8.05705	8.769	-0.94295
CHEMBL2034_Ki-0459	CC(=O)[C@@]1(O)CC[C@H]2[C@@H]3C[C@H](C)C4=CC(=O)CC[C@]4(C)[C@H]3CC[C@@]21C	Glucocorticoid receptor	GR	Ki	NR	train	non-cliff	8.06565	8.597	-0.934347
CHEMBL2034_Ki-0460	C[C@H]1C[C@H]2[C@@H]3CC[C@](O)(C(=O)CO)[C@@]3(C)C[C@H](O)[C@@H]2[C@@]2(C)C=CC(=O)C=C12	Glucocorticoid receptor	GR	Ki	NR	train	non-cliff	8.29817	5.033	-0.701827
CHEMBL2034_Ki-0461	C[C@]12C[C@H](O)[C@@]3(F)[C@@H](CCC4=CC(=O)C=C[C@@]43C)[C@@H]1C[C@@H](O)[C@]2(O)C(=O)CO	Glucocorticoid receptor	GR	Ki	NR	train	non-cliff	7.58503	26	-1.41497
CHEMBL2034_Ki-0462	CC1(C)O[C@@H]2C[C@H]3[C@@H]4CCC5=CC(=O)C=C[C@]5(C)[C@@]4(F)[C@@H](O)C[C@]3(C)[C@]2(C(=O)CO)O1	Glucocorticoid receptor	GR	Ki	NR	train	non-cliff	8.69767	2.006	-0.302331
CHEMBL2034_Ki-0463	C[C@]12CC[C@H]3[C@@H](CCC4=CC(=O)CC[C@@]43C)[C@@H]1CC[C@@H]2O	Glucocorticoid receptor	GR	Ki	NR	test	non-cliff	5.83654	1457	-3.16346
CHEMBL2034_Ki-0464	CN(C)C(=O)c1cnc(-c2ccc3c(c2)Oc2ccccc2C3C(C)(C)C(=O)Nc2nncs2)nc1	Glucocorticoid receptor	GR	Ki	NR	train	non-cliff	8.37675	4.2	-0.623249
CHEMBL2034_Ki-0465	CN(C)C(=O)c1ccc(-c2ccc3c(c2)Oc2ccccc2C3C(C)(C)C(=O)Nc2nncs2)nc1	Glucocorticoid receptor	GR	Ki	NR	test	non-cliff	8.38722	4.1	-0.612784
CHEMBL2034_Ki-0466	CN(C)C(=O)c1ccc(-c2ccc3c(c2)Oc2ccccc2C3C(C)(C)C(=O)Nc2nncs2)cc1	Glucocorticoid receptor	GR	Ki	NR	test	non-cliff	8.0655	8.6	-0.934498
CHEMBL2034_Ki-0467	CC(C)(C(=O)Nc1nncs1)[C@H]1c2ccccc2Oc2nc(-c3ccc(C(=O)N4CCC(F)(F)C4)c(Cl)c3)ccc21	Glucocorticoid receptor	GR	Ki	NR	train	non-cliff	8.51145	3.08	-0.488551
CHEMBL2034_Ki-0468	CC(C)(C(=O)Nc1nncs1)[C@H]1c2ccccc2Oc2nc(-c3ccc(C(=O)N4CCC(F)(F)C4)c(F)c3)ccc21	Glucocorticoid receptor	GR	Ki	NR	test	non-cliff	8.59688	2.53	-0.403121
CHEMBL2034_Ki-0469	CC(C)(C(=O)Nc1nncs1)[C@H]1c2ccccc2Oc2nc(-c3ccc(C(=O)N4CCCC4)c(F)c3)ccc21	Glucocorticoid receptor	GR	Ki	NR	train	non-cliff	8.70774	1.96	-0.292256
CHEMBL2034_Ki-0470	CC(C)(C(=O)Nc1nncs1)[C@H]1c2ccccc2Oc2nc(-c3ccc(C(=O)N4CCOCC4)c(F)c3)ccc21	Glucocorticoid receptor	GR	Ki	NR	train	non-cliff	8.56864	2.7	-0.431364
CHEMBL2034_Ki-0471	CC(C)(C(=O)Nc1nncs1)[C@H]1c2ccccc2Oc2nc(-c3ccc(C(=O)N4CCOCC4)cc3)ccc21	Glucocorticoid receptor	GR	Ki	NR	train	non-cliff	8.58503	2.6	-0.414973
CHEMBL2034_Ki-0472	CC(C)(C(=O)Nc1nncs1)[C@H]1c2ccccc2Oc2nc(-c3ccc(C(=O)N4CCCCC4)c(F)c3)ccc21	Glucocorticoid receptor	GR	Ki	NR	train	non-cliff	8.77469	1.68	-0.225309
CHEMBL2034_Ki-0473	CC(C)(C(=O)Nc1nncs1)[C@H]1c2ccccc2Oc2nc(-c3ccc(C(=O)N4CCCCC4)cc3)ccc21	Glucocorticoid receptor	GR	Ki	NR	train	non-cliff	8.88606	1.3	-0.113943
CHEMBL2034_Ki-0474	CCN(C)C(=O)c1ccc(-c2ccc3c(n2)Oc2ccccc2[C@H]3C(C)(C)C(=O)Nc2nncs2)cc1Cl	Glucocorticoid receptor	GR	Ki	NR	test	non-cliff	7.8041	15.7	-1.1959
CHEMBL2034_Ki-0475	CCN(C)C(=O)c1ccc(-c2ccc3c(n2)Oc2ccccc2[C@@H]3C(C)(C)C(=O)Nc2nncs2)cc1F	Glucocorticoid receptor	GR	Ki	NR	train	non-cliff	8.78516	1.64	-0.214844
CHEMBL2034_Ki-0476	CN(C)C(=O)c1ccc(-c2ccc3c(n2)Oc2ccccc2[C@H]3C(C)(C)C(=O)Nc2nncs2)cc1F	Glucocorticoid receptor	GR	Ki	NR	train	non-cliff	8.7122	1.94	-0.287802
CHEMBL2034_Ki-0477	CNC(=O)c1ccc(-c2ccc3c(n2)Oc2ccccc2[C@@H]3C(C)(C)C(=O)Nc2nncs2)cc1F	Glucocorticoid receptor	GR	Ki	NR	train	non-cliff	8.26122	5.48	-0.738781
CHEMBL2034_Ki-0478	CNC(=O)c1ccc(-c2ccc3c(n2)Oc2ccccc2[C@@H]3C(C)(C)C(=O)Nc2nncs2)cc1	Glucocorticoid receptor	GR	Ki	NR	train	non-cliff	8.03763	9.17	-0.962369
CHEMBL2034_Ki-0479	CC(C)(C(=O)Nc1nncs1)[C@H]1c2ccccc2Oc2nc(-c3ccc(C(N)=O)cc3)ccc21	Glucocorticoid receptor	GR	Ki	NR	train	non-cliff	8.60206	2.5	-0.39794
CHEMBL2034_Ki-0480	CC(C)(C(=O)Nc1nncs1)[C@H]1c2ccccc2Oc2nc(-c3ccc(C(=O)O)cc3)ccc21	Glucocorticoid receptor	GR	Ki	NR	train	non-cliff	7.81248	15.4	-1.18752
CHEMBL2034_Ki-0481	CC(=O)c1ccc(-c2ccc3c(n2)Oc2ccccc2[C@@H]3C(C)(C)C(=O)Nc2nncs2)cc1F	Glucocorticoid receptor	GR	Ki	NR	train	non-cliff	8.22185	6	-0.778151
CHEMBL2034_Ki-0482	CC(C)Oc1ccc(-c2ccc3c(n2)Oc2ccccc2[C@@H]3C(C)(C)C(=O)Nc2nncs2)cc1F	Glucocorticoid receptor	GR	Ki	NR	test	non-cliff	8.40894	3.9	-0.591065
CHEMBL2034_Ki-0483	CC(=O)c1ccc(-c2ccc3c(n2)Oc2ccccc2[C@@H]3C(C)(C)C(=O)Nc2nncs2)cc1	Glucocorticoid receptor	GR	Ki	NR	train	non-cliff	8.5376	2.9	-0.462398
CHEMBL2034_Ki-0484	CCS(=O)(=O)c1ccc(-c2ccc3c(n2)Oc2ccccc2[C@@H]3C(C)(C)C(=O)Nc2nncs2)cc1	Glucocorticoid receptor	GR	Ki	NR	train	non-cliff	8.39794	4	-0.60206
CHEMBL2034_Ki-0485	CN(C)c1ccc(-c2ccc3c(n2)Oc2ccccc2[C@@H]3C(C)(C)C(=O)Nc2nncs2)cc1	Glucocorticoid receptor	GR	Ki	NR	train	non-cliff	8.42022	3.8	-0.579784
CHEMBL2034_Ki-0486	CC(C)(C(=O)Nc1nncs1)[C@@H]1c2ccccc2Oc2nc(-c3ccc(O)cc3)ccc21	Glucocorticoid receptor	GR	Ki	NR	train	non-cliff	8.24413	5.7	-0.755875
CHEMBL2034_Ki-0487	CC(C)Oc1ccc(-c2ccc3c(n2)Oc2ccccc2[C@H]3C(C)(C)C(=O)Nc2nncs2)cc1	Glucocorticoid receptor	GR	Ki	NR	train	non-cliff	8.79588	1.6	-0.20412
CHEMBL2034_Ki-0488	CCCc1ccc(-c2ccc3c(n2)Oc2ccccc2[C@H]3C(C)(C)C(=O)Nc2nncs2)cc1	Glucocorticoid receptor	GR	Ki	NR	train	non-cliff	8.61979	2.4	-0.380211
CHEMBL2034_Ki-0489	CCc1ccc(-c2ccc3c(n2)Oc2ccccc2[C@H]3C(C)(C)C(=O)Nc2nncs2)cc1	Glucocorticoid receptor	GR	Ki	NR	train	cliff	9	1	-0
CHEMBL2034_Ki-0490	Cc1ccc(-c2ccc3c(n2)Oc2ccccc2[C@@H]3C(C)(C)C(=O)Nc2nncs2)cc1	Glucocorticoid receptor	GR	Ki	NR	train	non-cliff	8.60206	2.5	-0.39794
CHEMBL2034_Ki-0491	Cc1cccc(-c2ccc3c(n2)Oc2ccccc2[C@@H]3C(C)(C)C(=O)Nc2nncs2)c1	Glucocorticoid receptor	GR	Ki	NR	train	cliff	7.61979	24	-1.38021
CHEMBL2034_Ki-0492	Cc1ccccc1-c1ccc2c(n1)Oc1ccccc1[C@@H]2C(C)(C)C(=O)Nc1nncs1	Glucocorticoid receptor	GR	Ki	NR	train	non-cliff	7.97881	10.5	-1.02119
CHEMBL2034_Ki-0493	CC(C)(C(=O)Nc1nncs1)[C@H]1c2ccccc2Oc2nc(-c3ccccc3)ccc21	Glucocorticoid receptor	GR	Ki	NR	train	non-cliff	8.14874	7.1	-0.851258
CHEMBL2034_Ki-0494	CC(C)(C(=O)Nc1nncs1)C1c2ccccc2Oc2ncccc21	Glucocorticoid receptor	GR	Ki	NR	test	cliff	6.3851	412	-2.6149
CHEMBL2034_Ki-0495	CNC(=O)c1ccccc1CC[C@]1(O)CCC2=Cc3c(cnn3-c3ccc(F)cc3)C[C@@]21C	Glucocorticoid receptor	GR	Ki	NR	train	cliff	8.69897	2	-0.30103
CHEMBL2034_Ki-0496	CNC(=O)c1cccc(CC[C@]2(O)CCC3=Cc4c(cnn4-c4ccc(F)cc4)C[C@@]32C)c1	Glucocorticoid receptor	GR	Ki	NR	test	cliff	7.82391	15	-1.17609
CHEMBL2034_Ki-0497	CNC(=O)c1ccc(CC[C@]2(O)CCC3=Cc4c(cnn4-c4ccc(F)cc4)C[C@@]32C)cc1	Glucocorticoid receptor	GR	Ki	NR	train	cliff	6.80967	155	-2.19033
CHEMBL2034_Ki-0498	C=CCNC(=O)c1ccccc1CC[C@]1(O)CCC2=Cc3c(cnn3-c3ccc(F)cc3)C[C@@]21C	Glucocorticoid receptor	GR	Ki	NR	train	cliff	9	1	-0
CHEMBL2034_Ki-0499	CCCNC(=O)c1ccccc1CC[C@]1(O)CCC2=Cc3c(cnn3-c3ccc(F)cc3)C[C@@]21C	Glucocorticoid receptor	GR	Ki	NR	train	cliff	8.69897	2	-0.30103
CHEMBL2034_Ki-0500	CC(C)NC(=O)c1ccccc1CC[C@]1(O)CCC2=Cc3c(cnn3-c3ccc(F)cc3)C[C@@]21C	Glucocorticoid receptor	GR	Ki	NR	train	non-cliff	8.39794	4	-0.60206
CHEMBL2034_Ki-0501	CCNC(=O)c1ccccc1CC[C@]1(O)CCC2=Cc3c(cnn3-c3ccc(F)cc3)C[C@@]21C	Glucocorticoid receptor	GR	Ki	NR	train	cliff	8.69897	2	-0.30103
CHEMBL2034_Ki-0502	C[C@]12Cc3cnn(-c4ccc(F)cc4)c3C=C1CC[C@@]2(O)CCc1ccccc1C(N)=O	Glucocorticoid receptor	GR	Ki	NR	train	non-cliff	8.69897	2	-0.30103
CHEMBL2034_Ki-0503	CCNC(=O)c1ccccc1CC[C@]1(O)CCC2=Cc3c(cnn3-c3ccc(F)cc3)C(O)[C@@]21C	Glucocorticoid receptor	GR	Ki	NR	train	cliff	7.39794	40	-1.60206
CHEMBL2034_Ki-0504	CC(C)(C)NC(=O)c1ccccc1CC[C@]1(O)CCC2=Cc3c(cnn3-c3ccc(F)cc3)C[C@@]21C	Glucocorticoid receptor	GR	Ki	NR	train	non-cliff	8	10	-1
CHEMBL2034_Ki-0505	CC(C)(CO)NC(=O)c1ccccc1CC[C@]1(O)CCC2=Cc3c(cnn3-c3ccc(F)cc3)C[C@@]21C	Glucocorticoid receptor	GR	Ki	NR	train	non-cliff	9	1	-0
CHEMBL2034_Ki-0506	C[C@]12Cc3cnn(-c4ccc(F)cc4)c3C=C1CC[C@@]2(O)CCc1cccc(F)c1C(=O)NC1(CO)CC1	Glucocorticoid receptor	GR	Ki	NR	train	non-cliff	8.52288	3	-0.477121
CHEMBL2034_Ki-0507	C[C@]12Cc3cnn(-c4ccc(F)cc4)c3C=C1CC[C@@]2(O)CCc1ccc(F)cc1C(N)=O	Glucocorticoid receptor	GR	Ki	NR	train	non-cliff	8.52288	3	-0.477121
CHEMBL2034_Ki-0508	C[C@@]12C(=Cc3c(cnn3-c3ccc(F)cc3)C1O)CC[C@@]2(O)CCc1ccc(F)cc1C(N)=O	Glucocorticoid receptor	GR	Ki	NR	train	non-cliff	7.23657	58	-1.76343
CHEMBL2034_Ki-0509	O=c1[nH]c2cc(/C=C3\\c4ccccc4COc4cc(F)ccc43)ccc2n1[C@H]1C[C@H]2COCCN2C1	Glucocorticoid receptor	GR	Ki	NR	train	non-cliff	6.17457	669	-2.82543
CHEMBL2034_Ki-0510	O=c1[nH]c([C@H]2CC[C@@H](c3ccccc3)CC2)c(Cc2cccc(C(F)(F)F)c2)c(=O)n1CCO	Glucocorticoid receptor	GR	Ki	NR	train	non-cliff	7.00877	98	-1.99123
CHEMBL2034_Ki-0511	Cc1cccc(Cc2c(=O)n(CCN(C)C)c(=O)[nH]c2[C@H]2CC[C@@H](c3ccccc3)CC2)c1	Glucocorticoid receptor	GR	Ki	NR	train	non-cliff	8.04576	9	-0.954243
CHEMBL2034_Ki-0512	O=c1[nH]c(=O)c(Cc2nccs2)c([C@H]2CC[C@@H](c3ccccc3)CC2)[nH]1	Glucocorticoid receptor	GR	Ki	NR	train	non-cliff	6.85699	139	-2.14301
CHEMBL2034_Ki-0513	O=c1[nH]c(=O)c(Cc2ncccn2)c([C@H]2CC[C@@H](c3ccccc3)CC2)[nH]1	Glucocorticoid receptor	GR	Ki	NR	train	cliff	6.39794	400	-2.60206
CHEMBL2034_Ki-0514	O=c1[nH]c(=O)c(Cc2cc(Cl)ccc2Cl)c([C@H]2CC[C@@H](c3ccccc3)CC2)[nH]1	Glucocorticoid receptor	GR	Ki	NR	test	non-cliff	7.80967	15.5	-1.19033
CHEMBL2034_Ki-0515	CS(=O)(=O)c1ccccc1Cc1c(=O)[nH]c(=O)[nH]c1[C@H]1CC[C@@H](c2ccccc2)CC1	Glucocorticoid receptor	GR	Ki	NR	train	non-cliff	6.25414	557	-2.74586
CHEMBL2034_Ki-0516	O=c1[nH]c(=O)c(Cc2cccc(C(F)(F)F)c2)c([C@H]2CC[C@@H](c3ccccc3)CC2)[nH]1	Glucocorticoid receptor	GR	Ki	NR	train	non-cliff	7.79588	16	-1.20412
CHEMBL2034_Ki-0517	Cc1cccc(Cc2c(=O)[nH]c(=O)[nH]c2[C@H]2CC[C@@H](c3ccccc3)CC2)c1	Glucocorticoid receptor	GR	Ki	NR	train	non-cliff	7.92082	12	-1.07918
CHEMBL2034_Ki-0518	O=c1[nH]c(=O)c(Cc2ccccc2)c([C@H]2CC[C@@H](c3ccccc3)CC2)[nH]1	Glucocorticoid receptor	GR	Ki	NR	train	cliff	7.49485	32	-1.50515
CHEMBL2034_Ki-0519	CC(C)(C(=O)Nc1nccs1)C(c1ccccc1)c1cc(-c2ccc(F)cc2)c2ncccc2c1	Glucocorticoid receptor	GR	Ki	NR	train	non-cliff	6.54516	285	-2.45484
CHEMBL2034_Ki-0520	CC(C)(C(=O)Nc1nncs1)C(c1ccccc1)c1cc(-c2ccc(F)cc2)c2ncccc2c1	Glucocorticoid receptor	GR	Ki	NR	train	non-cliff	6.70774	196	-2.29226
CHEMBL2034_Ki-0521	CC(C)(C(=O)Nc1nccs1)C(c1ccccc1)c1ccc2nncn2c1	Glucocorticoid receptor	GR	Ki	NR	train	cliff	6.77211	169	-2.22789
CHEMBL2034_Ki-0522	CC(C)(C(=O)Nc1nccs1)C(c1ccccc1)c1ccc2ncccc2c1	Glucocorticoid receptor	GR	Ki	NR	test	cliff	7.07058	85	-1.92942
CHEMBL2034_Ki-0523	CC(C)(C(=O)Nc1nccs1)C(c1ccccc1)c1ccn2cncc2c1	Glucocorticoid receptor	GR	Ki	NR	train	non-cliff	7.74473	18	-1.25527
CHEMBL2034_Ki-0524	CC(C)(C(=O)Nc1nccs1)C(c1ccccc1)c1ccc2cnccc2c1	Glucocorticoid receptor	GR	Ki	NR	train	cliff	7.82391	15	-1.17609
CHEMBL2034_Ki-0525	CC(C)(C(=O)Nc1nccs1)C(c1ccccc1)c1ccc2c(ccn2-c2ccc(F)cc2)c1	Glucocorticoid receptor	GR	Ki	NR	test	cliff	7.88606	13	-1.11394
CHEMBL2034_Ki-0526	CC(C)(C(=O)Nc1nccs1)C(c1ccccc1)c1ccc2cncn2c1	Glucocorticoid receptor	GR	Ki	NR	test	cliff	7.88606	13	-1.11394
CHEMBL2034_Ki-0527	CC(C)(C(=O)Nc1nccs1)C(c1ccccc1)c1ccn2c(-c3ccccc3)ncc2c1	Glucocorticoid receptor	GR	Ki	NR	train	non-cliff	8.09691	8	-0.90309
CHEMBL2034_Ki-0528	CC(C)(C(=O)Nc1nccs1)C(c1ccccc1)c1ccc2c(-c3ccc(F)c(Cl)c3)ncn2c1	Glucocorticoid receptor	GR	Ki	NR	test	non-cliff	8.09691	8	-0.90309
CHEMBL2034_Ki-0529	CC(C)(C(=O)Nc1nccs1)C(c1ccccc1)c1ccc2[nH]ccc2c1	Glucocorticoid receptor	GR	Ki	NR	train	cliff	8.1549	7	-0.845098
CHEMBL2034_Ki-0530	CC(C)(C(=O)Nc1nncs1)C(c1ccccc1)c1ccc2c(-c3ccc(F)cc3)ncn2c1	Glucocorticoid receptor	GR	Ki	NR	test	non-cliff	8.43573	3.66667	-0.564271
CHEMBL2034_Ki-0531	CC(C)(C(=O)Nc1nncs1)C(c1ccccc1)c1ccc2c(-c3ccc(F)c(Cl)c3)ncn2c1	Glucocorticoid receptor	GR	Ki	NR	train	non-cliff	8.30103	5	-0.69897
CHEMBL2034_Ki-0532	CC(C)(C(=O)Nc1nncs1)C(c1ccccc1)c1ccc2c(-c3cccc(CO)c3)ncn2c1	Glucocorticoid receptor	GR	Ki	NR	train	non-cliff	8.30103	5	-0.69897
CHEMBL2034_Ki-0533	CC(C)(C(=O)Nc1nncs1)C(c1ccccc1)c1ccn2c(-c3ccccc3)ncc2c1	Glucocorticoid receptor	GR	Ki	NR	train	non-cliff	8.52288	3	-0.477121
CHEMBL2034_Ki-0534	CC(C)(C(=O)Nc1nccs1)C(c1ccccc1)c1ccc2c(-c3ccc(C#N)cc3)ncn2c1	Glucocorticoid receptor	GR	Ki	NR	train	non-cliff	8.39794	4	-0.60206
CHEMBL2034_Ki-0535	CC(C)(C(=O)Nc1nncs1)C(c1ccccc1)c1ccc2c(-c3cccc(C#N)c3)ncn2c1	Glucocorticoid receptor	GR	Ki	NR	train	non-cliff	8.39794	4	-0.60206
CHEMBL2034_Ki-0536	CC(C)(C(=O)Nc1nccs1)C(c1ccccc1)c1ccc2c(-c3cccc(C#N)c3)ncn2c1	Glucocorticoid receptor	GR	Ki	NR	train	non-cliff	8.39794	4	-0.60206
CHEMBL2034_Ki-0537	CC(C)(C(=O)Nc1nccs1)C(c1ccccc1)c1ccc2c(-c3ccc(F)cc3)ncn2c1	Glucocorticoid receptor	GR	Ki	NR	train	cliff	8.57403	2.66667	-0.425969
CHEMBL2034_Ki-0538	CC(C)(C(=O)Nc1nccs1)C(c1ccccc1)c1ccc2c(-c3ccc(F)cc3F)ncn2c1	Glucocorticoid receptor	GR	Ki	NR	train	non-cliff	8.69897	2	-0.30103
CHEMBL2034_Ki-0539	CC(C)(C(=O)Nc1nncs1)C(c1ccccc1)c1ccc2c(-c3ccc(C#N)cc3)ncn2c1	Glucocorticoid receptor	GR	Ki	NR	test	non-cliff	8.69897	2	-0.30103
CHEMBL2034_Ki-0540	CC(C)(C(=O)Nc1nncs1)C(c1ccccc1)c1ccc2c(-c3ccc(F)cc3F)ncn2c1	Glucocorticoid receptor	GR	Ki	NR	train	non-cliff	9	1	-0
CHEMBL2034_Ki-0541	CCS(=O)(=O)NCC(C)[C@@H](c1ccccc1)c1ccc2c(cnn2-c2ccc(F)cc2)c1	Glucocorticoid receptor	GR	Ki	NR	test	non-cliff	9.06048	0.87	0.0604807
CHEMBL2034_Ki-0542	CC(CNS(C)(=O)=O)[C@@H](c1ccccc1)c1ccc2c(cnn2-c2ccc(F)cc2)c1	Glucocorticoid receptor	GR	Ki	NR	test	non-cliff	9.03152	0.93	0.0315171
CHEMBL2034_Ki-0543	CC(CNS(=O)(=O)CC(F)(F)F)[C@@H](c1ccccc1)c1ccc2c(cnn2-c2ccc(F)cc2)c1	Glucocorticoid receptor	GR	Ki	NR	train	non-cliff	8.8729	1.34	-0.127105
CHEMBL2034_Ki-0544	CC(C)(CNS(=O)(=O)CC(F)(F)F)[C@@H](c1ccccc1)c1ccc2c(cnn2-c2ccc(F)cc2)c1	Glucocorticoid receptor	GR	Ki	NR	train	cliff	9.19382	0.64	0.19382
CHEMBL2034_Ki-0545	CC(C)(CNS(=O)(=O)C1CC1)[C@@H](c1ccccc1)c1ccc2c(cnn2-c2ccc(F)cc2)c1	Glucocorticoid receptor	GR	Ki	NR	train	non-cliff	8.9393	1.15	-0.0606978
CHEMBL2034_Ki-0546	CCCS(=O)(=O)NCC(C)(C)[C@@H](c1ccccc1)c1ccc2c(cnn2-c2ccc(F)cc2)c1	Glucocorticoid receptor	GR	Ki	NR	train	non-cliff	8.82102	1.51	-0.178977
CHEMBL2034_Ki-0547	CCS(=O)(=O)NCC(C)(C)[C@@H](c1ccccc1)c1ccc2c(cnn2-c2ccc(F)cc2)c1	Glucocorticoid receptor	GR	Ki	NR	train	non-cliff	9.14267	0.72	0.142668
CHEMBL2034_Ki-0548	CC(C)(CNS(C)(=O)=O)[C@@H](c1ccccc1)c1ccc2c(cnn2-c2ccc(F)cc2)c1	Glucocorticoid receptor	GR	Ki	NR	train	non-cliff	9.27572	0.53	0.275724
CHEMBL2034_Ki-0549	CC(C)C[C@@H](c1ccc2c(cnn2-c2ccc(F)cc2)c1)C(C)(C)CNC(=O)NC(C)(C)C	Glucocorticoid receptor	GR	Ki	NR	train	non-cliff	8.4437	3.6	-0.556303
CHEMBL2034_Ki-0550	CC(C)(C)NC(=O)NCC(C)(C)[C@@H](c1ccccc1)c1ccc2c(cnn2-c2ccc(F)cc2)c1	Glucocorticoid receptor	GR	Ki	NR	train	non-cliff	8.28904	5.14	-0.710963
CHEMBL2034_Ki-0551	CC(C)C[C@@H](c1ccc2c(cnn2-c2ccc(F)cc2)c1)C(C)(C)CNC(=O)NCC(F)(F)F	Glucocorticoid receptor	GR	Ki	NR	train	non-cliff	8.84771	1.42	-0.152288
CHEMBL2034_Ki-0552	CC(C)(CNC(=O)NCC(F)(F)F)[C@@H](c1ccccc1)c1ccc2c(cnn2-c2ccc(F)cc2)c1	Glucocorticoid receptor	GR	Ki	NR	train	cliff	7.9914	10.2	-1.0086
CHEMBL2034_Ki-0553	CC(CNC(=O)CC(F)(F)F)[C@@H](c1ccccc1)c1ccc2c(cnn2-c2ccc(F)cc2)c1	Glucocorticoid receptor	GR	Ki	NR	train	non-cliff	8.62893	2.35	-0.371068
CHEMBL2034_Ki-0554	CC(C)C[C@@H](c1ccc2c(cnn2-c2ccc(F)cc2)c1)C(C)(C)CNC(=O)CC(F)(F)F	Glucocorticoid receptor	GR	Ki	NR	test	non-cliff	8.88606	1.3	-0.113943
CHEMBL2034_Ki-0555	CC(C)(C)CC(=O)NCC(C)(C)[C@@H](c1ccccc1)c1ccc2c(cnn2-c2ccc(F)cc2)c1	Glucocorticoid receptor	GR	Ki	NR	train	non-cliff	8.72125	1.9	-0.278754
CHEMBL2034_Ki-0556	CC(C)(C)C(=O)NCC(C)(C)[C@@H](c1ccccc1)c1ccc2c(cnn2-c2ccc(F)cc2)c1	Glucocorticoid receptor	GR	Ki	NR	train	non-cliff	8.69897	2	-0.30103
CHEMBL2034_Ki-0557	CC(C)(CNC(=O)CC(F)(F)F)[C@@H](c1ccccc1)c1ccc2c(cnn2-c2ccc(F)cc2)c1	Glucocorticoid receptor	GR	Ki	NR	train	cliff	9.09151	0.81	0.091515
CHEMBL2034_Ki-0558	CC(C)(CNC(=O)C(F)(F)F)[C@@H](c1ccccc1)c1ccc2c(cnn2-c2ccc(F)cc2)c1	Glucocorticoid receptor	GR	Ki	NR	test	non-cliff	8.75945	1.74	-0.240549
CHEMBL2034_Ki-0559	CC(=O)NCC(C)(C)[C@@H](c1ccccc1)c1ccc2c(cnn2-c2ccc(F)cc2)c1	Glucocorticoid receptor	GR	Ki	NR	train	non-cliff	8.61979	2.4	-0.380211
CHEMBL2034_Ki-0560	CC(C(=O)Nc1nncs1)[C@@H](c1ccccc1)c1ccc2c(cnn2-c2ccc(F)cc2)c1	Glucocorticoid receptor	GR	Ki	NR	train	non-cliff	9.27165	0.535	0.271646
CHEMBL2034_Ki-0561	Cc1nnc(NC(=O)C(C)(C)C(c2ccccc2)c2ccc3c(cnn3-c3ccc(F)cc3)c2)s1	Glucocorticoid receptor	GR	Ki	NR	train	non-cliff	7.67778	21	-1.32222
CHEMBL2034_Ki-0562	Cc1csc(NC(=O)C(C)(C)C(c2ccccc2)c2ccc3c(cnn3-c3ccc(F)cc3)c2)n1	Glucocorticoid receptor	GR	Ki	NR	train	non-cliff	7.85387	14	-1.14613
CHEMBL2034_Ki-0563	Cc1cnc(NC(=O)C(C)(C)C(c2ccccc2)c2ccc3c(cnn3-c3ccc(F)cc3)c2)s1	Glucocorticoid receptor	GR	Ki	NR	train	non-cliff	7.95861	11	-1.04139
CHEMBL2034_Ki-0564	CC(C)(C(=O)Nn1ncnn1)C(c1ccccc1)c1ccc2c(cnn2-c2ccc(F)cc2)c1	Glucocorticoid receptor	GR	Ki	NR	train	cliff	7.76955	17	-1.23045
CHEMBL2034_Ki-0565	CC(C)(C(=O)Nn1nccn1)C(c1ccccc1)c1ccc2c(cnn2-c2ccc(F)cc2)c1	Glucocorticoid receptor	GR	Ki	NR	train	non-cliff	7.95861	11	-1.04139
CHEMBL2034_Ki-0566	CC(C)(C(=O)Nc1ccsc1)C(c1ccccc1)c1ccc2c(cnn2-c2ccc(F)cc2)c1	Glucocorticoid receptor	GR	Ki	NR	train	non-cliff	7.95861	11	-1.04139
CHEMBL2034_Ki-0567	CC(C)(C(=O)Nc1nccs1)C(c1ccncc1)c1ccc2c(cnn2-c2ccc(F)cc2)c1	Glucocorticoid receptor	GR	Ki	NR	train	cliff	7.92082	12	-1.07918
CHEMBL2034_Ki-0568	CC(C)(C(=O)Nc1nccs1)C(c1ccc2c(cnn2-c2ccc(F)cc2)c1)C1CCCCC1	Glucocorticoid receptor	GR	Ki	NR	test	non-cliff	7.74473	18	-1.25527
CHEMBL2034_Ki-0569	CC(C)(C(=O)Nc1nccs1)C(c1ccc2c(cnn2-c2ccc(F)cc2)c1)C1CCCC1	Glucocorticoid receptor	GR	Ki	NR	train	non-cliff	7.67778	21	-1.32222
CHEMBL2034_Ki-0570	CC(C)(C(=O)Nc1nncs1)C(Cc1ccccc1)c1ccc2c(cnn2-c2ccc(F)cc2)c1	Glucocorticoid receptor	GR	Ki	NR	train	cliff	8.95861	1.1	-0.0413927
CHEMBL2034_Ki-0571	CC(C)CC(c1ccc2c(cnn2-c2ccc(F)cc2)c1)C(C)(C)C(=O)Nc1nncs1	Glucocorticoid receptor	GR	Ki	NR	train	non-cliff	8.12494	7.5	-0.875061
CHEMBL2034_Ki-0572	CC(C)C(c1ccc2c(cnn2-c2ccc(F)cc2)c1)C(C)(C)C(=O)Nc1nncs1	Glucocorticoid receptor	GR	Ki	NR	train	non-cliff	8.61979	2.4	-0.380211
CHEMBL2034_Ki-0573	CCCC(c1ccc2c(cnn2-c2ccc(F)cc2)c1)C(C)(C)C(=O)Nc1nncs1	Glucocorticoid receptor	GR	Ki	NR	test	non-cliff	8.76955	1.7	-0.230449
CHEMBL2034_Ki-0574	CCC(c1ccc2c(cnn2-c2ccc(F)cc2)c1)C(C)(C)C(=O)Nc1nccs1	Glucocorticoid receptor	GR	Ki	NR	test	non-cliff	8.00877	9.8	-0.991226
CHEMBL2034_Ki-0575	CC(C)(Cc1ccc2c(cnn2-c2ccc(F)cc2)c1)C(=O)Nc1nncs1	Glucocorticoid receptor	GR	Ki	NR	train	non-cliff	7.07572	84	-1.92428
CHEMBL2034_Ki-0576	CC(C)(C(=O)Nc1nncs1)C(c1ccccc1)c1ccc2c(cnn2C2CCCCCC2)c1	Glucocorticoid receptor	GR	Ki	NR	train	non-cliff	7.92082	12	-1.07918
CHEMBL2034_Ki-0577	CC(C)(C(=O)Nc1nncs1)C(c1ccccc1)c1ccc2c(cnn2CCc2ccccc2)c1	Glucocorticoid receptor	GR	Ki	NR	train	cliff	7.33724	46	-1.66276
CHEMBL2034_Ki-0578	CC(C)(C(=O)Nc1nncs1)C(c1ccccc1)c1ccc2c(cnn2Cc2ccccc2)c1	Glucocorticoid receptor	GR	Ki	NR	train	cliff	7.85387	14	-1.14613
CHEMBL2034_Ki-0579	CC(C)(C(=O)Nc1nncs1)C(c1ccccc1)c1ccc2c(c1)C=NC2CCCO	Glucocorticoid receptor	GR	Ki	NR	train	non-cliff	7.76955	17	-1.23045
CHEMBL2034_Ki-0580	CC(C)(C(=O)Nc1nncs1)C(c1ccccc1)c1ccc2c(cnn2CCO)c1	Glucocorticoid receptor	GR	Ki	NR	train	non-cliff	7.3279	47	-1.6721
CHEMBL2034_Ki-0581	CC(C)CCn1ncc2cc(C(c3ccccc3)C(C)(C)C(=O)Nc3nncs3)ccc21	Glucocorticoid receptor	GR	Ki	NR	test	non-cliff	8.24413	5.7	-0.755875
CHEMBL2034_Ki-0582	CC(C)Cn1ncc2cc(C(c3ccccc3)C(C)(C)C(=O)Nc3nncs3)ccc21	Glucocorticoid receptor	GR	Ki	NR	train	non-cliff	7.72125	19	-1.27875
CHEMBL2034_Ki-0583	CC(C)n1ncc2cc(C(c3ccccc3)C(C)(C)C(=O)Nc3nncs3)ccc21	Glucocorticoid receptor	GR	Ki	NR	train	non-cliff	8	10	-1
CHEMBL2034_Ki-0584	CC(C)(C(=O)Nc1nncs1)C(c1ccccc1)c1ccc2c(cnn2-c2ccc(O)cc2)c1	Glucocorticoid receptor	GR	Ki	NR	train	non-cliff	8.14267	7.2	-0.857332
CHEMBL2034_Ki-0585	COc1ccc(-n2ncc3cc(C(c4ccccc4)C(C)(C)C(=O)Nc4nncs4)ccc32)cc1	Glucocorticoid receptor	GR	Ki	NR	train	non-cliff	8.05552	8.8	-0.944483
CHEMBL2034_Ki-0586	COc1cccc(-n2ncc3cc(C(c4ccccc4)C(C)(C)C(=O)Nc4nncs4)ccc32)c1	Glucocorticoid receptor	GR	Ki	NR	test	non-cliff	7.4437	36	-1.5563
CHEMBL2034_Ki-0587	CC(C)(C(=O)Nc1nncs1)C(c1ccccc1)c1ccc2c(cnn2-c2ccncc2)c1	Glucocorticoid receptor	GR	Ki	NR	train	cliff	8.72125	1.9	-0.278754
CHEMBL2034_Ki-0588	CC(C)(C(=O)Nc1nncs1)C(c1ccccc1)c1ccc2c(cnn2-c2ccccn2)c1	Glucocorticoid receptor	GR	Ki	NR	train	non-cliff	8.09151	8.1	-0.908485
CHEMBL2034_Ki-0589	CC(C)(C(=O)Nc1nncs1)C(c1ccccc1)c1ccc2c(cnn2-c2ccc(Br)cc2)c1	Glucocorticoid receptor	GR	Ki	NR	train	cliff	7.5376	29	-1.4624
CHEMBL2034_Ki-0590	CC(C)(C(=O)Nc1nncs1)C(c1ccccc1)c1ccc2c(cnn2-c2ccc(Cl)cc2)c1	Glucocorticoid receptor	GR	Ki	NR	train	cliff	7.74473	18	-1.25527
CHEMBL2034_Ki-0591	CC(C)(C(=O)Nc1nncs1)C(c1ccccc1)c1ccc2c(cnn2-c2ccccc2)c1	Glucocorticoid receptor	GR	Ki	NR	test	non-cliff	8.30103	5	-0.69897
CHEMBL2034_Ki-0592	CC/C(=C1\\c2ccccc2OCc2cccc(OC)c21)c1cccc(NS(C)(=O)=O)c1	Glucocorticoid receptor	GR	Ki	NR	train	non-cliff	9.57187	0.268	0.571865
CHEMBL2034_Ki-0593	CS(=O)(=O)Nc1cccc(C=C2c3ccccc3CCc3ccccc32)c1	Glucocorticoid receptor	GR	Ki	NR	train	non-cliff	9.64589	0.226	0.645892
CHEMBL2034_Ki-0594	C/C(=C1/c2ccccc2COc2ccccc21)c1cccc(NS(C)(=O)=O)c1	Glucocorticoid receptor	GR	Ki	NR	train	non-cliff	9.59007	0.257	0.590067
CHEMBL2034_Ki-0595	CC/C(=C1/c2ccccc2COc2ccccc21)c1cccc(NS(C)(=O)=O)c1	Glucocorticoid receptor	GR	Ki	NR	train	non-cliff	9.83565	0.146	0.835647
CHEMBL2034_Ki-0596	CC(=O)NC(=O)C(C)(C)[C@@H]1c2ccc(-c3ccc(C(=O)N(C)C)cc3)nc2Oc2c(F)cccc21	Glucocorticoid receptor	GR	Ki	NR	train	cliff	7.15864	69.4	-1.84136
CHEMBL2034_Ki-0597	CC(=O)NC(=O)C(C)(C)[C@@H]1c2ccc(-c3ccc(C(=O)N4CCCC4)cc3)nc2Oc2c(F)cccc21	Glucocorticoid receptor	GR	Ki	NR	train	cliff	8.60206	2.5	-0.39794
CHEMBL2034_Ki-0598	CC(=O)NC(=O)C(C)(C)[C@@H]1c2ccc(-c3ccc(C(=O)N4CCOCC4)cc3)nc2Oc2c(F)cccc21	Glucocorticoid receptor	GR	Ki	NR	test	cliff	8.22915	5.9	-0.770852
CHEMBL2034_Ki-0599	CC(C)C(=O)NC(=O)C(C)(C)[C@@H]1c2ccc(-c3ccc(C(=O)N4CCOCC4)cc3)nc2Oc2c(F)cccc21	Glucocorticoid receptor	GR	Ki	NR	train	non-cliff	7.88941	12.9	-1.11059
CHEMBL2034_Ki-0600	CC(C)(C(=O)NC(=O)C1CC1)[C@@H]1c2ccc(-c3ccc(C(=O)N4CCOCC4)cc3)nc2Oc2c(F)cccc21	Glucocorticoid receptor	GR	Ki	NR	train	cliff	8.07058	8.5	-0.929419
CHEMBL2034_Ki-0601	CC(C)(C(=O)NC(=O)C1CCC1)[C@@H]1c2ccc(-c3ccc(C(=O)N4CCOCC4)cc3)nc2Oc2c(F)cccc21	Glucocorticoid receptor	GR	Ki	NR	test	cliff	8.06048	8.7	-0.939519
CHEMBL2034_Ki-0602	CN(C)C(=O)NC(=O)C(C)(C)[C@@H]1c2ccc(-c3ccc(C(=O)N4CCOCC4)cc3)nc2Oc2c(F)cccc21	Glucocorticoid receptor	GR	Ki	NR	train	cliff	6.95664	110.5	-2.04336
CHEMBL2034_Ki-0603	CNC(=O)NC(=O)C(C)(C)[C@@H]1c2ccc(-c3ccc(C(=O)N4CCOCC4)cc3)nc2Oc2c(F)cccc21	Glucocorticoid receptor	GR	Ki	NR	train	cliff	8.16115	6.9	-0.838849
CHEMBL2034_Ki-0604	CCNC(=O)NC(=O)C(C)(C)[C@@H]1c2ccc(-c3ccc(C(=O)N4CCOCC4)cc3)nc2Oc2c(F)cccc21	Glucocorticoid receptor	GR	Ki	NR	train	cliff	8.24413	5.7	-0.755875
CHEMBL2034_Ki-0605	CC(C)(C(=O)NC(=O)NC1CCC1)[C@@H]1c2ccc(-c3ccc(C(=O)N4CCOCC4)cc3)nc2Oc2c(F)cccc21	Glucocorticoid receptor	GR	Ki	NR	train	cliff	8.06048	8.7	-0.939519
CHEMBL2034_Ki-0606	COc1ccc(CNC(=O)NC(=O)C(C)(C)[C@@H]2c3ccc(-c4ccc(C(=O)N5CCOCC5)cc4)nc3Oc3c(F)cccc32)cc1	Glucocorticoid receptor	GR	Ki	NR	train	non-cliff	8.13077	7.4	-0.869232
CHEMBL2034_Ki-0607	CC(C)(C(=O)NC(N)=O)[C@@H]1c2ccc(-c3ccc(C(=O)N4CCOCC4)cc3)nc2Oc2c(F)cccc21	Glucocorticoid receptor	GR	Ki	NR	test	non-cliff	8.67778	2.1	-0.322219
CHEMBL2034_Ki-0608	CC(C)(C(=O)Nc1nncs1)[C@@H]1c2ccc(-c3ccc(C(=O)N4CCOCC4)cc3)nc2Oc2c(F)cccc21	Glucocorticoid receptor	GR	Ki	NR	train	non-cliff	8.79588	1.6	-0.20412
CHEMBL2034_Ki-0609	CC(C)(C(=O)NC(N)=O)[C@H]1c2ccccc2Oc2nc(-c3ccc(C(=O)N4CCOCC4)cc3)ccc21	Glucocorticoid receptor	GR	Ki	NR	train	non-cliff	8.82391	1.5	-0.176091
CHEMBL2034_Ki-0610	CC(C)(C(=O)NC(N)=O)[C@@H]1c2ccc(-c3ccc(C(=O)N4CCCC4)cc3)nc2Oc2c(F)cccc21	Glucocorticoid receptor	GR	Ki	NR	test	cliff	9.1549	0.7	0.154902
CHEMBL2034_Ki-0611	CC(C)(C(=O)NC(N)=O)[C@H]1c2ccccc2Oc2nc(-c3ccc(C(=O)N4CCCC4)cc3)ccc21	Glucocorticoid receptor	GR	Ki	NR	train	non-cliff	8.72125	1.9	-0.278754
CHEMBL2034_Ki-0612	CC(C)(C(=O)NC(N)=O)[C@@H]1c2ccc(-c3ccc(C(=O)N4CC[C@H](F)C4)cc3)nc2Oc2c(F)cccc21	Glucocorticoid receptor	GR	Ki	NR	train	non-cliff	8.92082	1.2	-0.0791812
CHEMBL2034_Ki-0613	CC(C)(C(=O)NC(N)=O)[C@@H]1c2ccc(-c3ccc(C(=O)N4CCCC4)nc3)nc2Oc2c(F)cccc21	Glucocorticoid receptor	GR	Ki	NR	test	non-cliff	8.69897	2	-0.30103
CHEMBL2034_Ki-0614	CC(C)(C(=O)NC(N)=O)[C@@H]1c2ccc(-c3ccc(C(=O)N4CCOCC4)nc3)nc2Oc2c(F)cccc21	Glucocorticoid receptor	GR	Ki	NR	train	cliff	8.13668	7.3	-0.863323
CHEMBL2034_Ki-0615	CC(C)(O)c1ccc(-c2ccc3c(n2)Oc2c(F)cccc2[C@@H]3C(C)(C)C(=O)NC(N)=O)cn1	Glucocorticoid receptor	GR	Ki	NR	train	non-cliff	8.39794	4	-0.60206
CHEMBL2034_Ki-0616	CC(C)Oc1ccc(-c2ccc3c(n2)Oc2c(F)cccc2[C@@H]3C(C)(C)C(=O)NC(N)=O)cn1	Glucocorticoid receptor	GR	Ki	NR	test	non-cliff	9.1549	0.7	0.154902
CHEMBL2034_Ki-0617	CC1(C)Nc2c(cc(-c3ccnc4ncccc34)c3c2CCC3)C(C)(C)C1=O	Glucocorticoid receptor	GR	Ki	NR	train	non-cliff	7.45593	35	-1.54407
CHEMBL2034_Ki-0618	CC1(C)Nc2c(cc(-c3ccnc4ccccc34)c3c2CCC3)C(C)(C)C1=O	Glucocorticoid receptor	GR	Ki	NR	train	cliff	6.82102	151	-2.17898
CHEMBL2034_Ki-0619	CC1(C)Nc2c(cc(-c3cccc4nncn34)c3c2CCC3)C(C)(C)C1=O	Glucocorticoid receptor	GR	Ki	NR	train	non-cliff	7.27572	53	-1.72428
CHEMBL2034_Ki-0620	CC1(C)Nc2c(cc(-c3cncc4nccn34)c3c2CCC3)C(C)(C)C1=O	Glucocorticoid receptor	GR	Ki	NR	test	non-cliff	7.33724	46	-1.66276
CHEMBL2034_Ki-0621	CC1(C)Nc2c(cc(-c3cccn4nccc34)c3c2CCC3)C(C)(C)C1=O	Glucocorticoid receptor	GR	Ki	NR	train	non-cliff	7.45593	35	-1.54407
CHEMBL2034_Ki-0622	CC1(C)Nc2c(cc(-c3cccc4nccn34)c3c2CCC3)C(C)(C)C1=O	Glucocorticoid receptor	GR	Ki	NR	train	cliff	7.95861	11	-1.04139
CHEMBL2034_Ki-0623	Cc1ncn(C)c1-c1cc2c(c3c1CCC3)NC(C)(C)C(=O)C2(C)C	Glucocorticoid receptor	GR	Ki	NR	test	non-cliff	7.16115	69	-1.83885
CHEMBL2034_Ki-0624	Cc1cnn(C)c1-c1cc2c(c3c1CCC3)NC(C)(C)C(=O)C2(C)C	Glucocorticoid receptor	GR	Ki	NR	train	non-cliff	7.55284	28	-1.44716
CHEMBL2034_Ki-0625	Cc1noc(C)c1-c1cc2c(c3c1OCO3)NC(C)(C)C(=O)C2(C)C	Glucocorticoid receptor	GR	Ki	NR	train	non-cliff	7.25964	55	-1.74036
CHEMBL2034_Ki-0626	Cc1noc(C)c1-c1cc2c(c3c1CCCC3)NC(C)(C)C(=O)C2(C)C	Glucocorticoid receptor	GR	Ki	NR	train	non-cliff	6.97469	106	-2.02531
CHEMBL2034_Ki-0627	Cc1noc(C)c1-c1cc2c(c3c1CCC3)NC(C)(C)C(=O)C2(C)C	Glucocorticoid receptor	GR	Ki	NR	test	cliff	7.82391	15	-1.17609
CHEMBL2034_Ki-0628	COc1cc2c(cc1-c1c(C)noc1C)C(C)(C)C(=O)C(C)(C)N2	Glucocorticoid receptor	GR	Ki	NR	train	non-cliff	6.83565	146	-2.16435
CHEMBL2034_Ki-0629	Cc1noc(C)c1-c1cc2c(cc1Cl)NC(C)(C)C(=O)C2(C)C	Glucocorticoid receptor	GR	Ki	NR	train	cliff	6.82102	151	-2.17898
CHEMBL2034_Ki-0630	Cc1noc(C)c1-c1ccc2c(c1)C(C)(C)C(=O)C(C)(C)N2	Glucocorticoid receptor	GR	Ki	NR	train	non-cliff	7.79588	16	-1.20412
CHEMBL2034_Ki-0631	COc1cc(F)ccc1-c1c(CN(C)Cc2ccccc2)[nH]c2c(NS(C)(=O)=O)cc(C(C)C)cc12	Glucocorticoid receptor	GR	Ki	NR	train	non-cliff	8.91364	1.22	-0.0863598
CHEMBL2034_Ki-0632	COc1ccc(F)cc1-c1c[nH]c2c(NC(C)=O)cccc12	Glucocorticoid receptor	GR	Ki	NR	train	non-cliff	6.18442	654	-2.81558
CHEMBL2034_Ki-0633	COc1cc(NS(C)(=O)=O)c2[nH]c(C)c(-c3ccccc3)c2c1	Glucocorticoid receptor	GR	Ki	NR	train	non-cliff	7.40012	39.8	-1.59988
CHEMBL2034_Ki-0634	COc1cc(NS(C)(=O)=O)c2[nH]c(C)c(-c3cc(F)ccc3OC)c2c1	Glucocorticoid receptor	GR	Ki	NR	train	non-cliff	6.9393	115	-2.0607
CHEMBL2034_Ki-0635	CS(=O)(=O)Nc1cccc2cc[nH]c12	Glucocorticoid receptor	GR	Ki	NR	test	non-cliff	7.30103	50	-1.69897
CHEMBL2034_Ki-0636	COc1cc(F)ccc1-c1c(CN(C)Cc2ccccc2)[nH]c2c(NS(C)(=O)=O)cc(C(C)(C)C)cc12	Glucocorticoid receptor	GR	Ki	NR	train	non-cliff	8.57349	2.67	-0.426511
CHEMBL2034_Ki-0637	COc1cc(F)ccc1-c1c(Cc2ccccc2)[nH]c2c(NS(C)(=O)=O)cc(C(C)C)cc12	Glucocorticoid receptor	GR	Ki	NR	train	non-cliff	9.2652	0.543	0.2652
CHEMBL2034_Ki-0638	COc1ccc(F)cc1-c1c(-c2ccccc2)[nH]c2c(NS(C)(=O)=O)cccc12	Glucocorticoid receptor	GR	Ki	NR	train	non-cliff	7.27003	53.7	-1.72997
CHEMBL2034_Ki-0639	COc1cc(F)ccc1-c1c(C)[nH]c2c(NS(C)(=O)=O)cc(F)cc12	Glucocorticoid receptor	GR	Ki	NR	train	non-cliff	8.87943	1.32	-0.120574
CHEMBL2034_Ki-0640	COc1ccc(Cl)cc1-c1c[nH]c2c(NS(C)(=O)=O)cccc12	Glucocorticoid receptor	GR	Ki	NR	train	non-cliff	8.2636	5.45	-0.736397
CHEMBL2034_Ki-0641	COc1ccc(-c2c[nH]c3c(NS(C)(=O)=O)cccc23)cc1F	Glucocorticoid receptor	GR	Ki	NR	train	non-cliff	5.85078	1410	-3.14922
CHEMBL2034_Ki-0642	CS(=O)(=O)Nc1cccc2c(-c3cccc(Cl)c3)c[nH]c12	Glucocorticoid receptor	GR	Ki	NR	train	cliff	8.29757	5.04	-0.702431
CHEMBL2034_Ki-0643	COc1ccccc1-c1c[nH]c2c(NS(C)(=O)=O)cccc12	Glucocorticoid receptor	GR	Ki	NR	test	non-cliff	8.51428	3.06	-0.485721
CHEMBL2034_Ki-0644	CS(=O)(=O)Nc1cccc2c(-c3ccc(F)cc3)c[nH]c12	Glucocorticoid receptor	GR	Ki	NR	train	cliff	7.02411	94.6	-1.97589
CHEMBL2034_Ki-0645	O=C(c1ccccn1)[C@]12Cc3cnn(-c4ccc(F)cc4)c3C=C1CCN(S(=O)(=O)c1ccc(C(F)(F)F)cc1)C2	Glucocorticoid receptor	GR	Ki	NR	train	non-cliff	8.1798	6.61	-0.820201
CHEMBL2034_Ki-0646	O=C(c1ccccn1)[C@]12Cc3cnn(-c4ccc(F)cc4)c3C=C1CCN(S(=O)(=O)c1ccc(Cl)c(Cl)c1)C2	Glucocorticoid receptor	GR	Ki	NR	test	non-cliff	8.13549	7.32	-0.864511
CHEMBL2034_Ki-0647	O=C(c1ccccn1)[C@]12Cc3cnn(-c4ccc(F)cc4)c3C=C1CCN(S(=O)(=O)c1ccc(C(F)(F)F)c(F)c1)C2	Glucocorticoid receptor	GR	Ki	NR	train	non-cliff	8.24834	5.645	-0.751664
CHEMBL2034_Ki-0648	O=C(c1ccccn1)[C@]12Cc3cnn(-c4ccc(F)cc4)c3C=C1CCN(S(=O)(=O)c1ccc(F)c(F)c1)C2	Glucocorticoid receptor	GR	Ki	NR	train	non-cliff	8.41341	3.86	-0.586587
CHEMBL2034_Ki-0649	O=C(c1ccccn1)[C@]12Cc3cnn(-c4ccc(F)cc4)c3C=C1CCN(S(=O)(=O)c1ccc(F)c(C(F)(F)F)c1)C2	Glucocorticoid receptor	GR	Ki	NR	test	non-cliff	8.28275	5.215	-0.717254
CHEMBL2034_Ki-0650	Cc1ccccc1S(=O)(=O)N1CCC2=Cc3c(cnn3-c3ccc(F)cc3)C[C@]2(C(=O)c2ccccn2)C1	Glucocorticoid receptor	GR	Ki	NR	train	non-cliff	8.02896	9.355	-0.971044
CHEMBL2034_Ki-0651	N#Cc1cccc(S(=O)(=O)N2CCC3=Cc4c(cnn4-c4ccc(F)cc4)C[C@]3(C(=O)c3ccccn3)C2)c1	Glucocorticoid receptor	GR	Ki	NR	train	non-cliff	8.1209	7.57	-0.879096
CHEMBL2034_Ki-0652	Cc1ccc(S(=O)(=O)N2CCC3=Cc4c(cnn4-c4ccc(F)cc4)C[C@]3(C(=O)c3ccccn3)C2)cc1	Glucocorticoid receptor	GR	Ki	NR	train	cliff	8.62709	2.36	-0.372912
CHEMBL2034_Ki-0653	COc1cccc(S(=O)(=O)N2CCC3=Cc4c(cnn4-c4ccc(F)cc4)C[C@]3(C(=O)c3ccccn3)C2)c1	Glucocorticoid receptor	GR	Ki	NR	train	non-cliff	8.23695	5.795	-0.763053
CHEMBL2034_Ki-0654	O=C(c1ccccn1)[C@]12Cc3cnn(-c4ccc(F)cc4)c3C=C1CCN(S(=O)(=O)c1cccc(Cl)c1)C2	Glucocorticoid receptor	GR	Ki	NR	train	non-cliff	8.24988	5.625	-0.750123
CHEMBL2034_Ki-0655	Cc1cccc(S(=O)(=O)N2CCC3=Cc4c(cnn4-c4ccc(F)cc4)C[C@]3(C(=O)c3ccccn3)C2)c1	Glucocorticoid receptor	GR	Ki	NR	train	non-cliff	8.45967	3.47	-0.540329
CHEMBL2034_Ki-0656	O=C(c1ccccn1)[C@]12Cc3cnn(-c4ccc(F)cc4)c3C=C1CCN(S(=O)(=O)c1cccc(C(F)(F)F)c1)C2	Glucocorticoid receptor	GR	Ki	NR	train	non-cliff	8.15181	7.05	-0.848189
CHEMBL2034_Ki-0657	O=C(c1ccccn1)[C@]12Cc3cnn(-c4ccc(F)cc4)c3C=C1CCN(S(=O)(=O)c1ccc(F)cc1)C2	Glucocorticoid receptor	GR	Ki	NR	train	non-cliff	8.0934	8.065	-0.906604
CHEMBL2034_Ki-0658	O=C(c1nccs1)[C@]12Cc3cnn(-c4ccc(F)cc4)c3C=C1CCN(S(=O)(=O)c1ccc(C(F)(F)F)cc1)C2	Glucocorticoid receptor	GR	Ki	NR	test	non-cliff	8.04024	9.115	-0.959757
CHEMBL2034_Ki-0659	Cc1c(N[C@@H]2COC[C@@]2(C)O)ccc(C#N)c1Cl	Glucocorticoid receptor	GR	Ki	NR	train	non-cliff	5.6216	2390	-3.3784
CHEMBL2034_Ki-0660	Cc1c(N[C@@H]2CCC[C@]2(C)O)ccc(C#N)c1Cl	Glucocorticoid receptor	GR	Ki	NR	train	non-cliff	6.33536	462	-2.66464
CHEMBL2034_Ki-0661	C[C@]1(O)CC[C@H]2[C@@H]3CCC4=CC(=O)CCC4=C3C=C[C@@]21C	Glucocorticoid receptor	GR	Ki	NR	train	non-cliff	8.01547	9.65	-0.984527
CHEMBL2034_Ki-0662	Cc1cccc(S(=O)(=O)N2CCC3=Cc4c(cnn4-c4ccc(F)cc4)C[C@]3(C(=O)c3cc(C)ccn3)C2)c1	Glucocorticoid receptor	GR	Ki	NR	train	cliff	8.77211	1.69	-0.227887
CHEMBL2034_Ki-0663	Cc1ccc(C(=O)[C@]23Cc4cnn(-c5ccc(F)cc5)c4C=C2CCN(S(=O)(=O)c2cccc(C)c2)C3)nc1	Glucocorticoid receptor	GR	Ki	NR	train	non-cliff	8.41794	3.82	-0.582063
CHEMBL2034_Ki-0664	Cc1cccc(S(=O)(=O)N2CCC3=Cc4c(cnn4-c4ccc(F)cc4)C[C@]3(C(=O)c3cccc(C)n3)C2)c1	Glucocorticoid receptor	GR	Ki	NR	train	non-cliff	8.14874	7.1	-0.851258
CHEMBL2034_Ki-0665	Cc1ccnc(C(=O)[C@]23Cc4cnn(-c5ccc(F)cc5)c4C=C2CCN(S(=O)(=O)c2ccc(F)c(F)c2)C3)c1	Glucocorticoid receptor	GR	Ki	NR	test	non-cliff	8.53462	2.92	-0.465383
CHEMBL2034_Ki-0666	O=C(c1ccccn1)[C@]12Cc3cnn(-c4ccc(F)cc4)c3C=C1CCN(S(=O)(=O)c1cc(F)cc(F)c1)C2	Glucocorticoid receptor	GR	Ki	NR	train	non-cliff	8.33161	4.66	-0.668386
CHEMBL2034_Ki-0667	Cc1ccnc(C(=O)[C@]23Cc4cnn(-c5ccc(F)cc5)c4C=C2CCN(S(=O)(=O)c2cc(F)cc(F)c2)C3)c1	Glucocorticoid receptor	GR	Ki	NR	train	non-cliff	8.65365	2.22	-0.346353
CHEMBL2034_Ki-0668	Cc1ccnc(C(=O)[C@]23Cc4cnn(-c5ccc(F)cc5)c4C=C2CCN(S(=O)(=O)c2cccc(C(F)(F)F)c2)C3)c1	Glucocorticoid receptor	GR	Ki	NR	train	cliff	8.57594	2.655	-0.424065
CHEMBL2034_Ki-0669	Cc1ccnc(C(=O)[C@]23Cc4cnn(-c5ccc(F)cc5)c4C=C2CCN(S(=O)(=O)c2ccc(C(F)(F)F)c(F)c2)C3)c1	Glucocorticoid receptor	GR	Ki	NR	train	non-cliff	8.4023	3.96	-0.597695
CHEMBL2034_Ki-0670	Cc1ccnc(C(=O)[C@]23Cc4cnn(-c5ccc(F)cc5)c4C=C2CCN(S(=O)(=O)c2cccc(C#N)c2)C3)c1	Glucocorticoid receptor	GR	Ki	NR	train	non-cliff	8.63358	2.325	-0.366423
CHEMBL2034_Ki-0671	CCc1ccnc(C(=O)[C@]23Cc4cnn(-c5ccc(F)cc5)c4C=C2CCN(S(=O)(=O)c2cccc(C#N)c2)C3)c1	Glucocorticoid receptor	GR	Ki	NR	train	non-cliff	9.02457	0.945	0.0245682
CHEMBL2034_Ki-0672	N#Cc1cccc(S(=O)(=O)N2CCC3=Cc4c(cnn4-c4ccc(F)cc4)C[C@]3(C(=O)c3cc(C(F)(F)F)ccn3)C2)c1	Glucocorticoid receptor	GR	Ki	NR	test	non-cliff	8.59176	2.56	-0.40824
CHEMBL2034_Ki-0673	O=C(c1nccs1)[C@]12Cc3cnn(-c4ccc(F)cc4)c3C=C1CCN(S(=O)(=O)c1cccc(C(F)(F)F)c1)C2	Glucocorticoid receptor	GR	Ki	NR	train	non-cliff	8.05849	8.74	-0.941511
CHEMBL2034_Ki-0674	Cc1cnc(C(=O)[C@]23Cc4cnn(-c5ccc(F)cc5)c4C=C2CCN(S(=O)(=O)c2cccc(C(F)(F)F)c2)C3)s1	Glucocorticoid receptor	GR	Ki	NR	test	non-cliff	8.28861	5.145	-0.711385
CHEMBL2034_Ki-0675	Cc1cnc(C(=O)[C@]23Cc4cnn(-c5ccc(F)cc5)c4C=C2CCN(S(=O)(=O)c2ccc(F)c(F)c2)C3)s1	Glucocorticoid receptor	GR	Ki	NR	train	non-cliff	8.36151	4.35	-0.638489
CHEMBL2034_Ki-0676	O=C(c1nccs1)[C@]12Cc3cnn(-c4ccc(F)cc4)c3C=C1CCN(S(=O)(=O)c1ccc(Cl)c(Cl)c1)C2	Glucocorticoid receptor	GR	Ki	NR	train	non-cliff	8.08118	8.295	-0.918816
CHEMBL2034_Ki-0677	Cc1cnc(C(=O)[C@]23Cc4cnn(-c5ccc(F)cc5)c4C=C2CCN(S(=O)(=O)c2ccc(Cl)c(Cl)c2)C3)s1	Glucocorticoid receptor	GR	Ki	NR	train	non-cliff	8.41341	3.86	-0.586587
CHEMBL2034_Ki-0678	Cn1cc(S(=O)(=O)N2CCC3=Cc4c(cnn4-c4ccc(F)cc4)C[C@]3(C(=O)c3ccccn3)C2)cn1	Glucocorticoid receptor	GR	Ki	NR	test	cliff	7.55284	28	-1.44716
CHEMBL2034_Ki-0679	CCn1cc(S(=O)(=O)N2CCC3=Cc4c(cnn4-c4ccc(F)cc4)C[C@]3(C(=O)c3cc(C(F)(F)F)ccn3)C2)cn1	Glucocorticoid receptor	GR	Ki	NR	train	cliff	8.33724	4.6	-0.662758
CHEMBL2034_Ki-0680	Cn1ccc(S(=O)(=O)N2CCC3=Cc4c(cnn4-c4ccc(F)cc4)C[C@]3(C(=O)c3cc(C(F)(F)F)ccn3)C2)n1	Glucocorticoid receptor	GR	Ki	NR	test	non-cliff	8.18046	6.6	-0.819544
CHEMBL2034_Ki-0681	Cn1nccc1S(=O)(=O)N1CCC2=Cc3c(cnn3-c3ccc(F)cc3)C[C@]2(C(=O)c2cc(C(F)(F)F)ccn2)C1	Glucocorticoid receptor	GR	Ki	NR	train	cliff	7.95861	11	-1.04139
CHEMBL2034_Ki-0682	Cc1c(S(=O)(=O)N2CCC3=Cc4c(cnn4-c4ccc(F)cc4)C[C@]3(C(=O)c3cc(C(F)(F)F)ccn3)C2)cnn1C	Glucocorticoid receptor	GR	Ki	NR	test	non-cliff	7.92082	12	-1.07918
CHEMBL2034_Ki-0683	O=C(c1cc(C(F)(F)F)ccn1)[C@]12Cc3cnn(-c4ccc(F)cc4)c3C=C1CCN(S(=O)(=O)c1cn[nH]c1)C2	Glucocorticoid receptor	GR	Ki	NR	train	non-cliff	8.11919	7.6	-0.880814
CHEMBL2034_Ki-0684	CCn1nccc1S(=O)(=O)N1CCC2=Cc3c(cnn3-c3ccc(F)cc3)C[C@]2(C(=O)c2cc(C(F)(F)F)ccn2)C1	Glucocorticoid receptor	GR	Ki	NR	train	cliff	8	10	-1
CHEMBL2034_Ki-0685	Cc1n[nH]c(C)c1S(=O)(=O)N1CCC2=Cc3c(cnn3-c3ccc(F)cc3)C[C@]2(C(=O)c2cc(C(F)(F)F)ccn2)C1	Glucocorticoid receptor	GR	Ki	NR	train	non-cliff	7.16115	69	-1.83885
CHEMBL2034_Ki-0686	Cn1ncc(S(=O)(=O)N2CCC3=Cc4c(cnn4-c4ccc(F)cc4)C[C@]3(C(=O)c3cc(C(F)(F)F)ccn3)C2)n1	Glucocorticoid receptor	GR	Ki	NR	train	cliff	8.50864	3.1	-0.491362
CHEMBL2034_Ki-0687	Cn1cc(S(=O)(=O)N2CCC3=Cc4c(cnn4-c4ccc(F)cc4)C[C@]3(C(=O)c3cc(C(F)(F)F)ccn3)C2)nn1	Glucocorticoid receptor	GR	Ki	NR	train	non-cliff	8.01323	9.7	-0.986772
CHEMBL2034_Ki-0688	Cn1nncc1S(=O)(=O)N1CCC2=Cc3c(cnn3-c3ccc(F)cc3)C[C@]2(C(=O)c2cc(C(F)(F)F)ccn2)C1	Glucocorticoid receptor	GR	Ki	NR	train	non-cliff	7.50864	31	-1.49136
CHEMBL2034_Ki-0689	O=C(c1ccccn1)[C@]12Cc3cnn(-c4ccc(F)cc4)c3C[C@@H]1CCN(S(=O)(=O)c1cccc(C(F)(F)F)c1)C2	Glucocorticoid receptor	GR	Ki	NR	test	non-cliff	7.35655	44	-1.64345
CHEMBL2034_Ki-0690	Cn1cc(S(=O)(=O)N2CC[C@H]3Cc4c(cnn4-c4ccc(F)cc4)C[C@]3(C(=O)c3cc(C(F)(F)F)ccn3)C2)cn1	Glucocorticoid receptor	GR	Ki	NR	test	cliff	7.46852	34	-1.53148
CHEMBL2034_Ki-0691	Cn1ccc(S(=O)(=O)N2CC[C@H]3Cc4c(cnn4-c4ccc(F)cc4)C[C@]3(C(=O)c3cc(C(F)(F)F)ccn3)C2)n1	Glucocorticoid receptor	GR	Ki	NR	test	cliff	7.61979	24	-1.38021
CHEMBL2034_Ki-0692	Cn1cc(S(=O)(=O)N2CC[C@H]3Cc4c(cnn4-c4ccc(F)cc4)C[C@]3(C(=O)c3cc(C(F)(F)F)ccn3)C2)nn1	Glucocorticoid receptor	GR	Ki	NR	train	cliff	7.22185	60	-1.77815
CHEMBL2034_Ki-0693	Cn1nncc1S(=O)(=O)N1CC[C@H]2Cc3c(cnn3-c3ccc(F)cc3)C[C@]2(C(=O)c2cc(C(F)(F)F)ccn2)C1	Glucocorticoid receptor	GR	Ki	NR	test	cliff	6.92082	120	-2.07918
CHEMBL2034_Ki-0694	CCn1nccc1S(=O)(=O)N1CC[C@H]2Cc3c(cnn3-c3ccc(F)cc3)C[C@]2(C(=O)c2cc(C(F)(F)F)ccn2)C1	Glucocorticoid receptor	GR	Ki	NR	train	non-cliff	7.16749	68	-1.83251
CHEMBL2034_Ki-0695	Cn1ncc(S(=O)(=O)N2CC[C@H]3Cc4c(cnn4-c4ccc(F)cc4)C[C@]3(C(=O)c3cc(C(F)(F)F)ccn3)C2)n1	Glucocorticoid receptor	GR	Ki	NR	train	non-cliff	7.92082	12	-1.07918
CHEMBL2034_Ki-0696	C[C@@H]1C[C@H]2[C@@H]3C[C@H](F)C4=CC(=O)C=C[C@]4(C)[C@@]3(F)[C@@H](O)C[C@]2(C)[C@@]1(OC(=O)c1ccco1)C(=O)SCF	Glucocorticoid receptor	GR	Ki	NR	test	non-cliff	9.29243	0.51	0.29243
CHEMBL2034_Ki-0697	C[C@]12C[C@H](O)[C@@]3(F)[C@@H](C[C@H](F)C4=CC(=O)C=C[C@@]43C)[C@@H]1C[C@H]1CN(Cc3ccccc3)C[C@]12C(=O)CO	Glucocorticoid receptor	GR	Ki	NR	train	cliff	9.18046	0.66	0.180456
CHEMBL2034_Ki-0698	C[C@]12C[C@H](O)[C@@]3(F)[C@@H](C[C@H](F)C4=CC(=O)C=C[C@@]43C)[C@@H]1C[C@H]1CN(Cc3cccc(Cl)c3)C[C@]12C(=O)CO	Glucocorticoid receptor	GR	Ki	NR	train	non-cliff	9.11919	0.76	0.119186
CHEMBL2034_Ki-0699	C[C@]12C[C@H](O)[C@@]3(F)[C@@H](C[C@H](F)C4=CC(=O)C=C[C@@]43C)[C@@H]1C[C@H]1CN(Cc3ccc(C(F)(F)F)cc3)C[C@]12C(=O)CO	Glucocorticoid receptor	GR	Ki	NR	train	non-cliff	9.18046	0.66	0.180456
CHEMBL2034_Ki-0700	Cc1cccc(CN2C[C@@H]3C[C@H]4[C@@H]5C[C@H](F)C6=CC(=O)C=C[C@]6(C)[C@@]5(F)[C@@H](O)C[C@]4(C)[C@]3(C(=O)CO)C2)c1	Glucocorticoid receptor	GR	Ki	NR	train	non-cliff	9.284	0.52	0.283997
CHEMBL2034_Ki-0701	Cc1ccc(CN2C[C@@H]3C[C@H]4[C@@H]5C[C@H](F)C6=CC(=O)C=C[C@]6(C)[C@@]5(F)[C@@H](O)C[C@]4(C)[C@]3(C(=O)CO)C2)cc1	Glucocorticoid receptor	GR	Ki	NR	train	non-cliff	9.284	0.52	0.283997
CHEMBL2034_Ki-0702	CC(C)CCN1C[C@@H]2C[C@H]3[C@@H]4C[C@H](F)C5=CC(=O)C=C[C@]5(C)[C@@]4(F)[C@@H](O)C[C@]3(C)[C@]2(C(=O)CO)C1	Glucocorticoid receptor	GR	Ki	NR	train	non-cliff	8.72125	1.9	-0.278754
CHEMBL2034_Ki-0703	C[C@]12C[C@H](O)[C@@]3(F)[C@@H](C[C@H](F)C4=CC(=O)C=C[C@@]43C)[C@@H]1C[C@H]1CN(Cc3cc4ccccc4s3)C[C@]12C(=O)CO	Glucocorticoid receptor	GR	Ki	NR	train	non-cliff	9.24413	0.57	0.244125
CHEMBL2034_Ki-0704	C[C@]12C[C@H](O)[C@@]3(F)[C@@H](C[C@H](F)C4=CC(=O)C=C[C@@]43C)[C@@H]1C[C@H]1CN(Cc3ccc4ccccc4n3)C[C@]12C(=O)CO	Glucocorticoid receptor	GR	Ki	NR	train	non-cliff	9.14874	0.71	0.148742
CHEMBL2034_Ki-0705	C[C@]12C[C@H](O)[C@@]3(F)[C@@H](C[C@H](F)C4=CC(=O)C=C[C@@]43C)[C@@H]1C[C@H]1CN(Cc3ccc(CSc4ccc(O)cc4)cc3)C[C@]12C(=O)CO	Glucocorticoid receptor	GR	Ki	NR	train	non-cliff	9.20761	0.62	0.207608
CHEMBL2034_Ki-0706	C[C@]12C[C@H](O)[C@@]3(F)[C@@H](C[C@H](F)C4=CC(=O)C=C[C@@]43C)[C@@H]1C[C@H]1CN(c3ccccc3)C[C@]12C(=O)CO	Glucocorticoid receptor	GR	Ki	NR	train	cliff	9.40894	0.39	0.408935
CHEMBL2034_Ki-0707	C[C@]12C[C@H](O)[C@@]3(F)[C@@H](C[C@H](F)C4=CC(=O)C=C[C@@]43C)[C@@H]1C[C@H]1CN(c3cccc(Cl)c3)C[C@]12C(=O)CO	Glucocorticoid receptor	GR	Ki	NR	train	non-cliff	9.284	0.52	0.283997
CHEMBL2034_Ki-0708	C[C@]12C[C@H](O)[C@@]3(F)[C@@H](C[C@H](F)C4=CC(=O)C=C[C@@]43C)[C@@H]1C[C@H]1CN(c3ccc(Cl)cc3)C[C@]12C(=O)CO	Glucocorticoid receptor	GR	Ki	NR	test	non-cliff	9.17393	0.67	0.173925
CHEMBL2034_Ki-0709	C[C@]12C[C@H](O)[C@@]3(F)[C@@H](C[C@H](F)C4=CC(=O)C=C[C@@]43C)[C@@H]1C[C@H]1CN(C(=O)OCc3ccccc3)C[C@]12C(=O)CO	Glucocorticoid receptor	GR	Ki	NR	train	non-cliff	9.18046	0.66	0.180456
CHEMBL2034_Ki-0710	C[C@]12C[C@H](O)[C@@]3(F)[C@@H](C[C@H](F)C4=CC(=O)C=C[C@@]43C)[C@@H]1C[C@H]1CN(S(=O)(=O)c3cccs3)C[C@]12C(=O)CO	Glucocorticoid receptor	GR	Ki	NR	test	non-cliff	9.18046	0.66	0.180456
CHEMBL2034_Ki-0711	C[C@]12C[C@H](O)[C@@]3(F)[C@@H](C[C@H](F)C4=CC(=O)C=C[C@@]43C)[C@@H]1C[C@H]1CN(Cc3ccccc3)C[C@]12C(=O)CF	Glucocorticoid receptor	GR	Ki	NR	test	cliff	9.284	0.52	0.283997
CHEMBL2034_Ki-0712	C[C@]12C[C@H](O)[C@@]3(F)[C@@H](C[C@H](F)C4=CC(=O)C=C[C@@]43C)[C@@H]1C[C@H]1CN(c3ccccc3)C[C@]12C(=O)CF	Glucocorticoid receptor	GR	Ki	NR	train	cliff	9.284	0.52	0.283997
CHEMBL2034_Ki-0713	COC(=O)[C@@]12CN(Cc3ccccc3)C[C@@H]1C[C@H]1[C@@H]3C[C@H](F)C4=CC(=O)C=C[C@]4(C)[C@@]3(F)[C@@H](O)C[C@@]12C	Glucocorticoid receptor	GR	Ki	NR	train	non-cliff	9.14874	0.71	0.148742
CHEMBL2034_Ki-0714	CC(=O)[C@@]12CN(Cc3cccc(Cl)c3)C[C@@H]1C[C@H]1[C@@H]3C[C@H](F)C4=CC(=O)C=C[C@]4(C)[C@@]3(F)[C@@H](O)C[C@@]12C	Glucocorticoid receptor	GR	Ki	NR	test	non-cliff	9.24413	0.57	0.244125
CHEMBL2034_Ki-0715	C[C@]12C[C@H](O)[C@@]3(F)[C@@H](C[C@H](F)C4=CC(=O)C=C[C@@]43C)[C@@H]1C[C@H]1CN(Cc3cccc(Cl)c3)C[C@]12C(=O)OCF	Glucocorticoid receptor	GR	Ki	NR	train	non-cliff	9.24413	0.57	0.244125
CHEMBL2034_Ki-0716	CN(C)C(=O)[C@@]12CN(Cc3ccccc3)C[C@@H]1C[C@H]1[C@@H]3C[C@H](F)C4=CC(=O)C=C[C@]4(C)[C@@]3(F)[C@@H](O)C[C@@]12C	Glucocorticoid receptor	GR	Ki	NR	train	non-cliff	8.95861	1.1	-0.0413927
CHEMBL2034_Ki-0717	C[C@]12C[C@H](O)[C@@]3(F)[C@@H](C[C@H](F)C4=CC(=O)C=C[C@@]43C)[C@@H]1C[C@H]1CN(Cc3ccccc3)C[C@]12C(=O)NCc1ccccc1	Glucocorticoid receptor	GR	Ki	NR	test	cliff	8.00877	9.8	-0.991226
CHEMBL2034_Ki-0718	CC(C)CCN1C[C@@H]2C[C@H]3[C@@H]4C[C@H](F)C5=CC(=O)C=C[C@]5(C)[C@@]4(F)[C@@H](O)C[C@]3(C)[C@]2(C(=O)SCF)C1	Glucocorticoid receptor	GR	Ki	NR	train	non-cliff	8.31876	4.8	-0.681241
CHEMBL2034_Ki-0719	C[C@@H]1C[C@H]2[C@@H]3CCC4=CC(=O)C=C[C@]4(C)[C@@]3(Cl)[C@@H](O)C[C@]2(C)[C@@]1(OC(=O)c1ccco1)C(=O)CCl	Glucocorticoid receptor	GR	Ki	NR	train	non-cliff	9.1549	0.7	0.154902
CHEMBL2034_Ki-0720	CNC(=O)C[C@H]1COc2ccccc2N1C(=O)c1ccc2c(c1)NC(=O)CO2	Glucocorticoid receptor	GR	Ki	NR	train	cliff	5.5	3162.28	-3.5
CHEMBL2034_Ki-0721	CNC(=O)C[C@H]1COc2cc(F)ccc2N1C(=O)c1ccc2c(c1)NC(=O)CO2	Glucocorticoid receptor	GR	Ki	NR	train	cliff	5.6	2511.89	-3.4
CHEMBL2034_Ki-0722	CNC(=O)C[C@H]1COc2cc(C(F)(F)F)ccc2N1C(=O)c1ccc2c(c1)NC(=O)CO2	Glucocorticoid receptor	GR	Ki	NR	test	non-cliff	6.4	398.11	-2.6
CHEMBL2034_Ki-0723	CNC(=O)C[C@H]1COc2cc(C)ccc2N1C(=O)c1ccc2c(c1)NC(=O)CO2	Glucocorticoid receptor	GR	Ki	NR	train	cliff	6.5	316.23	-2.5
CHEMBL2034_Ki-0724	CNC(=O)C[C@H]1COc2cc(Cl)ccc2N1C(=O)c1ccc2c(c1)NC(=O)CO2	Glucocorticoid receptor	GR	Ki	NR	train	cliff	6.5	316.23	-2.5
CHEMBL2034_Ki-0725	CNC(=O)C[C@H]1COc2cc(Br)ccc2N1C(=O)c1ccc2c(c1)NC(=O)CO2	Glucocorticoid receptor	GR	Ki	NR	train	cliff	6.90001	125.89	-2.09999
CHEMBL2034_Ki-0726	NC(=O)C[C@H]1COc2cc(F)ccc2N1C(=O)c1ccc2c(c1)NC(=O)CO2	Glucocorticoid receptor	GR	Ki	NR	train	cliff	6.2	630.96	-2.8
CHEMBL2034_Ki-0727	NC(=O)C[C@H]1COc2cc(Cl)ccc2N1C(=O)c1ccc2c(c1)NC(=O)CO2	Glucocorticoid receptor	GR	Ki	NR	train	cliff	7.50004	31.62	-1.49996
CHEMBL2034_Ki-0728	CNC(=O)C[C@H]1CCc2cc(F)ccc2N1C(=O)c1ccc2c(c1)NC(=O)CO2	Glucocorticoid receptor	GR	Ki	NR	train	cliff	5.2	6309.57	-3.8
CHEMBL2034_Ki-0729	NC(=O)C[C@H]1CNc2cc(Cl)ccc2N1C(=O)c1ccc2c(c1)NC(=O)CO2	Glucocorticoid receptor	GR	Ki	NR	train	cliff	6.5	316.23	-2.5
CHEMBL2034_Ki-0730	NC(=O)C[C@H]1COc2cc(F)cc(F)c2N1C(=O)c1ccc2c(c1)NC(=O)CO2	Glucocorticoid receptor	GR	Ki	NR	train	cliff	5.9	1258.93	-3.1
CHEMBL2034_Ki-0731	CS(=O)(=O)C[C@H]1COc2cc(F)ccc2N1C(=O)c1ccc2c(c1)NC(=O)CO2	Glucocorticoid receptor	GR	Ki	NR	train	cliff	7.70006	19.95	-1.29994
CHEMBL2034_Ki-0732	NS(=O)(=O)C[C@H]1COc2cc(F)ccc2N1C(=O)c1ccc2c(c1)NC(=O)CO2	Glucocorticoid receptor	GR	Ki	NR	train	cliff	6.6	251.19	-2.4
CHEMBL2034_Ki-0733	Cc1ccc2c(c1)OC[C@](C)(CS(C)(=O)=O)N2C(=O)c1ccc2c(c1)NC(=O)CO2	Glucocorticoid receptor	GR	Ki	NR	train	non-cliff	6	1000	-3
CHEMBL2034_Ki-0734	COC(=O)[C@@H]1CC2=CC(=O)CC[C@]2(C)[C@@]23O[C@@H]2C[C@@]2(C)[C@@H](CC[C@@]24CCC(=O)O4)[C@H]13	Glucocorticoid receptor	GR	Ki	NR	train	non-cliff	5.5	3162.28	-3.5
CHEMBL2034_Ki-0735	C[C@H]1CCc2cc(F)ccc2N1C(=O)c1ccc2c(c1)NC(=O)CO2	Glucocorticoid receptor	GR	Ki	NR	train	non-cliff	5.7	1995.26	-3.3
CHEMBL2034_Ki-0736	C[C@H]1COc2cc(F)ccc2N1C(=O)c1ccc2c(c1)NC(=O)CO2	Glucocorticoid receptor	GR	Ki	NR	train	cliff	5.9	1258.93	-3.1
CHEMBL2034_Ki-0737	CC(C)C[C@H]1COc2cc(F)ccc2N1C(=O)c1ccc2c(c1)NC(=O)CO2	Glucocorticoid receptor	GR	Ki	NR	test	cliff	7.29999	50.12	-1.70001
CHEMBL2034_Ki-0738	CC(C)C[C@H]1COc2cc(F)ccc2N1C(=O)c1ccc2c(c1)NC(=O)CC2	Glucocorticoid receptor	GR	Ki	NR	train	cliff	4.9	12589.2	-4.1
CHEMBL2034_Ki-0739	O=C1COc2ccc(C(=O)N3c4ccc(F)cc4OC[C@@H]3CCO)cc2N1	Glucocorticoid receptor	GR	Ki	NR	test	non-cliff	5.9	1258.93	-3.1
CHEMBL2034_Ki-0740	O=C(O)C[C@H]1COc2cc(Cl)ccc2N1C(=O)c1ccc2c(c1)NC(=O)CO2	Glucocorticoid receptor	GR	Ki	NR	train	cliff	5.3	5011.87	-3.7
CHEMBL2034_Ki-0741	CNC(=O)C[C@H]1COc2ccc(Cl)cc2N1C(=O)c1ccc2c(c1)NC(=O)CO2	Glucocorticoid receptor	GR	Ki	NR	train	cliff	6.8	158.49	-2.2
CHEMBL2034_Ki-0742	O=C1COc2ccc(C(=O)N3c4cc(CC5CCCCC5)c(F)cc4OC[C@@H]3CCO)cc2N1	Glucocorticoid receptor	GR	Ki	NR	train	non-cliff	6.69999	199.53	-2.30001
CHEMBL2034_Ki-0743	CNC(=O)C[C@H]1COc2cc(F)c(CC(C)C)cc2N1C(=O)c1ccc2c(c1)NC(=O)CO2	Glucocorticoid receptor	GR	Ki	NR	test	cliff	8.10002	7.943	-0.899985
CHEMBL2034_Ki-0744	NC(=O)C[C@H]1COc2cc(F)c(C3CC3)cc2N1C(=O)c1ccc2c(c1)NC(=O)CO2	Glucocorticoid receptor	GR	Ki	NR	test	cliff	8.59998	2.512	-0.40002
CHEMBL2034_Ki-0745	CNC(=O)C[C@H]1COc2cc(F)c(OC(C)C)cc2N1C(=O)c1ccc2c(c1)NC(=O)CO2	Glucocorticoid receptor	GR	Ki	NR	test	cliff	7.10002	79.43	-1.89998
CHEMBL2034_Ki-0746	CC(C)Cc1cc2c(cc1F)OC[C@H](CS(N)(=O)=O)N2C(=O)c1ccc2c(c1)NC(=O)CO2	Glucocorticoid receptor	GR	Ki	NR	train	non-cliff	8.79997	1.585	-0.200029
CHEMBL2034_Ki-0747	CC(C)Cc1cc2c(cc1Cl)OC[C@H](CC(N)=O)N2C(=O)c1ccc2c(c1)NC(=O)CO2	Glucocorticoid receptor	GR	Ki	NR	test	non-cliff	8.89997	1.259	-0.100026
CHEMBL2034_Ki-0748	NS(=O)(=O)C[C@H]1COc2cc(F)ccc2N1C(=O)c1ccc2cc[nH]c2c1	Glucocorticoid receptor	GR	Ki	NR	train	non-cliff	6.2	630.96	-2.8
CHEMBL2034_Ki-0749	CNC(=O)C[C@H]1COc2cc(F)c(CC(C)C)cc2N1C(=O)c1ccnc(NC(N)=O)c1	Glucocorticoid receptor	GR	Ki	NR	test	non-cliff	6.90001	125.89	-2.09999
CHEMBL2034_Ki-0750	NS(=O)(=O)C[C@H]1COc2cc(F)ccc2N1C(=O)c1ccc2c(c1)NCCO2	Glucocorticoid receptor	GR	Ki	NR	train	cliff	5.9	1258.93	-3.1
