compound_id	smiles	series	canonical_postera_id	fragalysis_id	acrylamide	chloroacetamide	mpro_fluorescence_pIC50	mpro_fluorescence_IC50_uM	mpro_rapidfire_pIC50	mpro_rapidfire_IC50_uM	trypsin_IC50_uM	trypsin_mpro_selectivity_ratio
LUO-POS-e1dab717-11	CCNC(=O)CN1CC2(CCN(c3cncc4ccccc34)C2=O)c2cc(Cl)ccc2S1(=O)=O	3-aminopyridine-like	LUO-POS-e1dab717-11		False	False	6.56048	0.275118				
LUO-POS-e1dab717-12	O=C(CN1CC2(CCN(c3cncc4ccccc34)C2=O)c2cc(Cl)ccc2S1(=O)=O)NCC1CC1	3-aminopyridine-like	LUO-POS-e1dab717-12		False	False	6.693	0.202767				
MAT-POS-e48723dc-1	CNC(=O)C1(N2C[C@]3(CCN(c4cncc5ccccc45)C3=O)c3cc(Cl)ccc3C2=O)CC1	Ugi	MAT-POS-e48723dc-1		False	False	4.25607	55.4539				
MAT-POS-e48723dc-2	CNC(=O)C1(N2C[C@@]3(CCN(c4cncc5ccccc45)C3=O)c3cc(Cl)ccc3C2=O)CC1	Ugi	MAT-POS-e48723dc-2		False	False	7.30103	0.05				
LUO-POS-9931618f-2	CNC(=O)CN1C[C@@]2(CCN(c3cncc4ccccc34)C2=O)c2cc(Cl)ccc2C1=O	Ugi	LUO-POS-9931618f-2		False	False	7.27772	0.0527566				
EDJ-MED-b6c6ee2b-2	CNC(=O)CN1Cc2ccc(Cl)cc2C2(CCN(c3cncc4ccc(OC)cc34)C2=O)C1	3-aminopyridine-like	EDJ-MED-b6c6ee2b-2		False	False	6.81451	0.15328				
EDJ-MED-b6c6ee2b-3	COc1ccc2cncc(N3CCC4(CN(S(=O)(=O)CC5(C#N)CC5)Cc5ccc(Cl)cc54)C3=O)c2c1	3-aminopyridine-like	EDJ-MED-b6c6ee2b-3		False	False	6.66779	0.214885				
EDJ-MED-5cd3920d-5	O=C1N(c2cncc3ccccc23)CCC12CN(S(=O)(=O)CC1(C(F)F)CC1)Cc1ccc(Cl)cc12	3-aminopyridine-like	EDJ-MED-5cd3920d-5		False	False	6.80869	0.155351				
EDJ-MED-5cd3920d-6	O=C1N(c2cncc3ccccc23)CCC12CN(S(=O)(=O)CC1(C(F)(F)F)CC1)Cc1ccc(Cl)cc12	Unassigned	EDJ-MED-5cd3920d-6		False	False	6.80504	0.156659				
MAT-POS-50a80394-1	CC1CN(c2cncc3ccccc23)C(=O)C12CN(S(=O)(=O)CC1(C#N)CC1)Cc1ccc(Cl)cc12	3-aminopyridine-like	MAT-POS-50a80394-1		False	False	6.97248	0.106543				
MAT-POS-50a80394-2	CCC1CN(c2cncc3ccccc23)C(=O)C12CN(S(=O)(=O)CC1(C#N)CC1)Cc1ccc(Cl)cc12	3-aminopyridine-like	MAT-POS-50a80394-2		False	False	7.12838	0.0744085				
MAT-POS-be048f2c-5	CCn1nccc1C(=O)N1Cc2ccc(Cl)cc2C2(CCN(c3cncc4ccccc34)C2=O)C1	3-aminopyridine-like	MAT-POS-be048f2c-5		False	False	6.52723	0.297012				
MAT-POS-be048f2c-6	CC(C)n1nccc1C(=O)N1Cc2ccc(Cl)cc2C2(CCN(c3cncc4ccccc34)C2=O)C1	3-aminopyridine-like	MAT-POS-be048f2c-6		False	False	6.57245	0.26764				
MAT-POS-be048f2c-7	O=C(c1ccnn1C1CC1)N1Cc2ccc(Cl)cc2C2(CCN(c3cncc4ccccc34)C2=O)C1	3-aminopyridine-like	MAT-POS-be048f2c-7		False	False	6.78814	0.162876				
EDJ-MED-cc48ee33-4	Cc1cnn(C)c1C(=O)N1Cc2ccc(Cl)cc2C2(CCN(c3cncc4ccccc34)C2=O)C1	3-aminopyridine-like	EDJ-MED-cc48ee33-4		False	False	6.16559	0.682988				
EDJ-MED-cc48ee33-5	Cc1cc(C(=O)N2Cc3ccc(Cl)cc3C3(CCN(c4cncc5ccccc45)C3=O)C2)n(C)n1	3-aminopyridine-like	EDJ-MED-cc48ee33-5		False	False	6.3335	0.463982				
EDJ-MED-fb79a796-3	N#CC1(CS(=O)(=O)N2Cc3ccc(Cl)cc3C(C(=O)Nc3nncn3C3CC3)C2)CC1	3-aminopyridine-like	EDJ-MED-fb79a796-3		False	False	4.25694	55.3432				
MAT-POS-38eb6498-3	CNC(=O)CN1Cc2ccc(Cl)cc2C2(CCN(c3cncc4ccc(OCCN(C)C)cc34)C2=O)C1	3-aminopyridine-like	MAT-POS-38eb6498-3		False	False	6.67865	0.209581				
MIK-UNK-58cd43d0-1	O=C(Nc1cncc2c1CCCC2)[C@H]1CNS(=O)(=O)c2ccc(Cl)cc21	3-aminopyridine-like	MIK-UNK-58cd43d0-1		False	False	6.14064	0.723365				
MIK-UNK-122557fa-1	CNC(=O)CN1Cc2ccc(Cl)cc2[C@]2(CCN(c3cncc4c3CCCC4)C2=O)C1	3-aminopyridine-like	MIK-UNK-122557fa-1		False	False	4.00218	99.5				
MIK-UNK-1619f2e2-1	CNC(=O)CN1Cc2ccc(Cl)cc2[C@@]2(CCN(c3cncc4c3CCCC4)C2=O)C1	3-aminopyridine-like	MIK-UNK-1619f2e2-1		False	False	6.62812	0.23544				
MIK-UNK-78dbf1b8-1	O=C(Nc1cncc2c1CCCC2)[C@@H]1CNS(=O)(=O)c2ccc(Cl)cc21	3-aminopyridine-like	MIK-UNK-78dbf1b8-1		False	False	6.68795	0.205139				
SAL-UNI-60119594-1	CC(CCC(OC1OC(COC2OC(CO)C(O)C(O)C2O)C(O)C(O)C1O)C(C)(C)O)C1CCC2(C)C3CC=C4C(CCC(O)C4(C)C)C3(C)C(O)CC12C	Unassigned	SAL-UNI-60119594-1		False	False	4.00218	99.5				
SAL-UNI-60119594-2	COC(C)(C)/C=C/C[C@@H](C)[C@H]1CC[C@@]2(C)[C@@H]3[C@@H](O[C@@H]4O[C@H](CO)[C@@H](O)[C@H](O)[C@H]4O)C=C4[C@@H](CC[C@H](O)C4(C)C)[C@]3(C=O)CC[C@]12C	Unassigned	SAL-UNI-60119594-2		False	False	4.00218	99.5				
SAL-UNI-60119594-3	C[C@H](C/C=C/C(C)(C)O)[C@H]1CC[C@@]2(C)[C@@H]3C=C[C@]45OC(O)[C@@]3(CC[C@]12C)[C@@H]4CC[C@H](O[C@@H]1O[C@H](CO)[C@@H](O)[C@H](O)[C@H]1O)C5(C)C	Unassigned	SAL-UNI-60119594-3		False	False	4.00218	99.5				
SAL-UNI-60119594-4	CC(C)=CCC[C@@](C)(O)[C@H]1CC[C@]2(C)[C@@H]1[C@H](O)C[C@@H]1[C@@]3(C)CC[C@H](O[C@@H]4O[C@H](CO)[C@@H](O)[C@H](O)[C@H]4O)C(C)(C)[C@@H]3CC[C@]12C	Unassigned	SAL-UNI-60119594-4		False	False	4.00218	99.5				
SAL-UNI-60119594-5	CC1=C[C@@H](c2c(O)cc(-c3cc4ccc(O)cc4o3)cc2O)[C@@H](C(=O)c2ccc(O)cc2O)[C@H](c2ccc(O)cc2O)C1	Unassigned	SAL-UNI-60119594-5		False	False	4.00218	99.5				
SAL-UNI-60119594-6	CC(C)=CCC/C(C)=C/CC/C(C)=C/CC/C(C)=C/Cc1cc(O)cc2c1OC(=O)C2=C(C)C	Unassigned	SAL-UNI-60119594-6		False	False	4.00218	99.5				
SAL-UNI-60119594-7	C[C@H](C/C=C/C(C)(C)O)[C@H]1CC[C@@]2(C)[C@@H]3C=C[C@@]45OC[C@]3(CC[C@]12C)[C@@H]4CC[C@H](O)C5(C)C	Unassigned	SAL-UNI-60119594-7		False	False	4.00218	99.5				
SAL-UNI-60119594-8	COc1c(O[C@@H]2O[C@H](CO)[C@@H](O)[C@H](O)[C@H]2O)cc2oc(-c3ccc(O)cc3)cc(=O)c2c1O	Unassigned	SAL-UNI-60119594-8		False	False	4.00218	99.5				
SAL-UNI-60119594-9	O=c1c(O[C@@H]2O[C@H](CO)[C@H](O)[C@H](O)[C@H]2O)c(-c2ccc(O)c(O)c2)oc2cc(O)cc(O)c12	Unassigned	SAL-UNI-60119594-9		False	False	4.00218	99.5				
SAL-UNI-60119594-10	COc1cc(O)c(CC=C(C)C)c(O)c1C(=O)/C=C/c1ccc(O)cc1	Unassigned	SAL-UNI-60119594-10		False	False	4.00218	99.5				
ASA-WEI-839d033f-1	C[C@@H]1[C@@]2(CC[C@@H](C)CO2)O[C@H]2C[C@H]3[C@@H]4CC=C5C[C@@H](O)CC[C@]5(C)[C@H]4CC[C@]3(C)[C@@]21O	Unassigned	ASA-WEI-839d033f-1		False	False	4.00218	99.5				
MAT-POS-e20a5dfb-1	O=C1N(c2cncc3ccccc23)CCC[C@]12CCOc1ccc(Cl)cc12	3-aminopyridine-like	MAT-POS-e20a5dfb-1		False	False	4.00218	99.5				
MAT-POS-e20a5dfb-2	O=C1N(c2cncc3ccccc23)CCC[C@@]12CCOc1ccc(Cl)cc12	3-aminopyridine-like	MAT-POS-e20a5dfb-2		False	False	6.43816	0.364616				
PET-UNK-14142a25-1	CNC(=O)CN1C[C@]2(CCN(c3cncc4ccccc34)C2=O)c2cc(Cl)ccc2C1=O	Ugi	PET-UNK-14142a25-1		False	False	4.08536	82.1564				
EDJ-MED-976a33d5-1	CNC(=O)C1(N2CC3(CCN(c4cncc5ccccc45)C3=O)c3cc(Cl)ccc3C2=O)CC1	Ugi	EDJ-MED-976a33d5-1		False	False	7.04401	0.0903639				
EDJ-MED-976a33d5-2	CNC(=O)C1(N2CC3(CCN(c4cncc5cc(S(C)(=O)=O)ccc45)C3=O)c3cc(Cl)ccc3C2=O)CC1	Unassigned	EDJ-MED-976a33d5-2		False	False	6.5772	0.264725				
MAT-POS-69786b79-3	CC1(NC(=O)CN2Cc3ccc(Cl)cc3C3(CCN(c4cncc5ccccc45)C3=O)C2)CC1	3-aminopyridine-like	MAT-POS-69786b79-3		False	False	6.56771	0.270578				
ALP-UNI-fe744232-1	O=C(NCCc1cccc(F)c1)C(c1cccnc1)N(C(=O)c1cocn1)c1ccc(-n2ccnc2)cc1	Ugi	ALP-UNI-fe744232-1		False	False	4.00218	99.5				
ALP-UNI-fe744232-3	N#Cc1ccc(N(C(=O)c2cocn2)C(C(=O)NCCc2cccc(F)c2)c2cccnc2)cc1	Ugi	ALP-UNI-fe744232-3		False	False	4.00218	99.5				
ALP-UNI-fe744232-9	CCNC(=O)c1ccc(N(C(=O)c2cocn2)C(C(=O)NCCc2cccc(F)c2)c2cccnc2)cc1	Ugi	ALP-UNI-fe744232-9		False	False	4.00218	99.5				
ALP-UNI-fe744232-11	CC1(c2ccc(N(C(=O)c3cocn3)C(C(=O)NCCc3cccc(F)c3)c3cccnc3)cc2)OCCO1	Ugi	ALP-UNI-fe744232-11		False	False	4.08041	83.0984				
ALP-UNI-fe744232-12	CNC(=O)Nc1ccc(N(C(=O)c2cocn2)C(C(=O)NCCc2cccc(F)c2)c2cccnc2)cc1	Ugi	ALP-UNI-fe744232-12		False	False	4.00218	99.5				
ALP-UNI-fe744232-13	O=C(Nc1ccc(N(C(=O)c2cocn2)C(C(=O)NCCc2cccc(F)c2)c2cccnc2)cc1)NC1CC1	Ugi	ALP-UNI-fe744232-13		False	False	4.00218	99.5				
ALP-UNI-fe744232-17	O=C(NCCO)c1ccc(N(C(=O)c2cocn2)C(C(=O)NCCc2cccc(F)c2)c2cccnc2)cc1	Ugi	ALP-UNI-fe744232-17		False	False	4.00218	99.5				
ALP-UNI-fe744232-18	CC(C)(O)c1ccc(N(C(=O)c2cocn2)C(C(=O)NCCc2cccc(F)c2)c2cccnc2)cc1	Ugi	ALP-UNI-fe744232-18		False	False	4.57621	26.5333				
ALP-UNI-fe744232-19	O=C(NCCCO)c1ccc(N(C(=O)c2cocn2)C(C(=O)NCCc2cccc(F)c2)c2cccnc2)cc1	Ugi	ALP-UNI-fe744232-19		False	False	4.00218	99.5				
ALP-UNI-fe744232-22	O=C(NCCc1cccc(F)c1)C(c1cccnc1)N(C(=O)c1cocn1)c1ccc(C2(O)COC2)cc1	Ugi	ALP-UNI-fe744232-22		False	False	4.00218	99.5				
ALP-UNI-fe744232-30	COCOc1ccc(N(C(=O)c2cocn2)C(C(=O)NCCc2cccc(F)c2)c2cccnc2)cc1	Ugi	ALP-UNI-fe744232-30		False	False	4.87789	13.2468				
MIK-ENA-5d9157e9-1	N#CC1(CS(=O)(=O)N2Cc3ccc(Cl)cc3[C@@]3(CCN(c4cncc5ccccc45)C3=O)C2)CC1	3-aminopyridine-like	MIK-ENA-5d9157e9-1		False	False	7.30103	0.05				
MIK-ENA-5d9157e9-2	N#CC1(CS(=O)(=O)N2Cc3ccc(Cl)cc3[C@]3(CCN(c4cncc5ccccc45)C3=O)C2)CC1	3-aminopyridine-like	MIK-ENA-5d9157e9-2		False	False	4.87094	13.4604				
MIK-ENA-5d9157e9-3	CNC(=O)CN1C[C@@H](C(=O)Nc2cncc3cccc(Cl)c23)c2cc(Cl)ccc2C1=O	Ugi	MIK-ENA-5d9157e9-3		False	False	4.83658	14.5686				
MIK-ENA-5d9157e9-4	CNC(=O)CN1C[C@H](C(=O)Nc2cncc3cccc(Cl)c23)c2cc(Cl)ccc2C1=O	Ugi	MIK-ENA-5d9157e9-4		False	False	7.016	0.0963831				
MIK-ENA-5d9157e9-5	C[C@]1(C(=O)Nc2cncc3c2CCCC3)CNS(=O)(=O)c2ccc(Cl)cc21	3-aminopyridine-like	MIK-ENA-5d9157e9-5		False	False	6.66976	0.213913				
MIK-ENA-5d9157e9-6	C[C@@]1(C(=O)Nc2cncc3c2CCCC3)CNS(=O)(=O)c2ccc(Cl)cc21	3-aminopyridine-like	MIK-ENA-5d9157e9-6		False	False	5.42909	3.72316				
EDJ-MED-705e09b8-1	CNC(=O)CN1Cc2ccc(Cl)cc2C2(CCN(c3cncc4c3CCCC4)C2=O)C1	3-aminopyridine-like	EDJ-MED-705e09b8-1		False	False	6.58795	0.258255				
EDJ-MED-705e09b8-2	N#CC1(CS(=O)(=O)N2Cc3ccc(Cl)cc3C3(CCN(c4cncc5c4CCCC5)C3=O)C2)CC1	3-aminopyridine-like	EDJ-MED-705e09b8-2		False	False	6.28857	0.514551				
ALP-POS-ecbed2ba-1	CC1(CS(=O)(=O)N2Cc3ccc(Cl)cc3C3(CCN(c4cncc5ccccc45)C3=O)C2)CS(=O)(=O)C1	Unassigned	ALP-POS-ecbed2ba-1		False	False	6.84275	0.143631				
ALP-POS-ecbed2ba-2	N#CC1(CS(=O)(=O)N2Cc3ccc(Cl)cc3C3(CCN(c4cncc5ccccc45)C3=O)C2)CCS(=O)(=O)CC1	Unassigned	ALP-POS-ecbed2ba-2		False	False	6.67596	0.210883				
ALP-POS-ecbed2ba-3	CC1(CS(=O)(=O)N2Cc3ccc(Cl)cc3C3(CCN(c4cncc5ccccc45)C3=O)C2)CC1	3-aminopyridine-like	ALP-POS-ecbed2ba-3		False	False	6.57626	0.265302				
ALP-POS-ecbed2ba-5	O=C1N(c2cncc3ccccc23)CCC12CN(S(=O)(=O)CC1CS(=O)(=O)C1)Cc1ccc(Cl)cc12	3-aminopyridine-like	ALP-POS-ecbed2ba-5		False	False	6.45278	0.352548				
ALP-POS-ecbed2ba-6	COC1(CS(=O)(=O)N2Cc3ccc(Cl)cc3C3(CCN(c4cncc5ccccc45)C3=O)C2)CC1	3-aminopyridine-like	ALP-POS-ecbed2ba-6		False	False	6.44811	0.356361				
ALP-POS-ecbed2ba-7	CNC(=O)C1(N2Cc3ccc(Cl)cc3C3(CCN(c4cncc5ccccc45)C3=O)C2)CC1	3-aminopyridine-like	ALP-POS-ecbed2ba-7		False	False	7.13537	0.0732195				
ALP-POS-ecbed2ba-8	N#CC1(CS(=O)(=O)N2Cc3ccc(Cl)cc3C3(CCN(c4cncc5ccccc45)C3=O)C2)CCC1	3-aminopyridine-like	ALP-POS-ecbed2ba-8		False	False	6.58054	0.262698				
ALP-POS-ecbed2ba-9	N#CC1CN(S(=O)(=O)N2Cc3ccc(Cl)cc3C3(CCN(c4cncc5ccccc45)C3=O)C2)C1	3-aminopyridine-like	ALP-POS-ecbed2ba-9		False	False	6.74254	0.180909				
ALP-POS-ecbed2ba-10	COC1CN(S(=O)(=O)N2Cc3ccc(Cl)cc3C3(CCN(c4cncc5ccccc45)C3=O)C2)C1	3-aminopyridine-like	ALP-POS-ecbed2ba-10		False	False	6.65019	0.223774				
ALP-POS-ecbed2ba-11	N#CC1(CS(=O)(=O)N2Cc3ccc(Cl)cc3C3(CCN(c4cncc5ccccc45)C3=O)C2)CCOCC1	Unassigned	ALP-POS-ecbed2ba-11		False	False	6.47065	0.338334				
ALP-POS-ecbed2ba-12	O=C(CN1Cc2ccc(Cl)cc2C2(CCN(c3cncc4ccccc34)C2=O)C1)NCC1CC1	3-aminopyridine-like	ALP-POS-ecbed2ba-12		False	False	7.08421	0.0823742				
ALP-POS-ecbed2ba-13	CC(C)(C#N)CS(=O)(=O)N1Cc2ccc(Cl)cc2C2(CCN(c3cncc4ccccc34)C2=O)C1	3-aminopyridine-like	ALP-POS-ecbed2ba-13		False	False	6.34877	0.447952				
ALP-POS-ecbed2ba-14	N#CCNC(=O)CN1Cc2ccc(Cl)cc2C2(CCN(c3cncc4ccccc34)C2=O)C1	3-aminopyridine-like	ALP-POS-ecbed2ba-14		False	False	6.57991	0.263078				
ALP-POS-ecbed2ba-15	N#CC1(CS(=O)(=O)N2Cc3ccc(Cl)cc3C3(CCN(c4cncc5ccccc45)C3=O)C2)CCCC1	3-aminopyridine-like	ALP-POS-ecbed2ba-15		False	False	6.6119	0.244398				
ALP-POS-ecbed2ba-16	CN(CCC#N)S(=O)(=O)N1Cc2ccc(Cl)cc2C2(CCN(c3cncc4ccccc34)C2=O)C1	3-aminopyridine-like	ALP-POS-ecbed2ba-16		False	False	6.21259	0.612931				
ALP-POS-ecbed2ba-17	CN(CC#N)S(=O)(=O)N1Cc2ccc(Cl)cc2C2(CCN(c3cncc4ccccc34)C2=O)C1	3-aminopyridine-like	ALP-POS-ecbed2ba-17		False	False	6.39066	0.406763				
ALP-POS-ecbed2ba-18	CCN(C)S(=O)(=O)N1Cc2ccc(Cl)cc2C2(CCN(c3cncc4ccccc34)C2=O)C1	3-aminopyridine-like	ALP-POS-ecbed2ba-18		False	False	6.24987	0.562507				
ALP-POS-ecbed2ba-19	CN(CCO)S(=O)(=O)N1Cc2ccc(Cl)cc2C2(CCN(c3cncc4ccccc34)C2=O)C1	3-aminopyridine-like	ALP-POS-ecbed2ba-19		False	False	6.15566	0.698771				
ALP-POS-ecbed2ba-20	O=C1N(c2cncc3ccccc23)CCC12CN(S(=O)(=O)N1CCC1)Cc1ccc(Cl)cc12	3-aminopyridine-like	ALP-POS-ecbed2ba-20		False	False	6.48142	0.330051				
ALP-POS-ecbed2ba-21	COCCN(C)S(=O)(=O)N1Cc2ccc(Cl)cc2C2(CCN(c3cncc4ccccc34)C2=O)C1	3-aminopyridine-like	ALP-POS-ecbed2ba-21		False	False	6.00306	0.992969				
ALP-POS-ecbed2ba-22	N#CCC1(CS(=O)(=O)N2Cc3ccc(Cl)cc3C3(CCN(c4cncc5ccccc45)C3=O)C2)CC1	3-aminopyridine-like	ALP-POS-ecbed2ba-22		False	False	6.47255	0.336861				
MAT-POS-853c0ffa-1	CNC(=O)CN1CC2(CCN(c3cncc4cccc(Cl)c34)C2=O)c2cc(Cl)ccc2C1=O	Ugi	MAT-POS-853c0ffa-1		False	False	5.77624	1.674				
MAT-POS-853c0ffa-5	N#CC1(CS(=O)(=O)N2Cc3ccc(Cl)cc3C3(CCN(c4cncc5cccc(Cl)c45)C3=O)C2)CC1	3-aminopyridine-like	MAT-POS-853c0ffa-5		False	False	5.10824	7.79395				
MAT-POS-853c0ffa-6	N#CC1(CS(=O)(=O)N2Cc3ccc(Cl)cc3C3(CCN(c4cncc5cc(F)cc(Cl)c45)C3=O)C2)CC1	Unassigned	MAT-POS-853c0ffa-6		False	False	4.62325	23.8095				
MAT-POS-853c0ffa-9	CN(C)CCOc1ccc2cncc(N3CCC4(CN(S(=O)(=O)CC5(C#N)CC5)Cc5ccc(Cl)cc54)C3=O)c2c1	Unassigned	MAT-POS-853c0ffa-9		False	False	6.79378	0.160776				
MAT-POS-853c0ffa-10	COC1(CS(=O)(=O)N2Cc3ccc(Cl)cc3C3(CCN(c4cncc5ccc(OCCN(C)C)cc45)C3=O)C2)CC1	Unassigned	MAT-POS-853c0ffa-10		False	False	6.74267	0.180856				
MAT-POS-853c0ffa-13	N#CC1(CS(=O)(=O)N2Cc3ccc(Cl)cc3C3(CCN(c4cncc5ccc(F)cc45)C3=O)C2)CC1	3-aminopyridine-like	MAT-POS-853c0ffa-13		False	False	6.082	0.827934				
MAT-POS-853c0ffa-15	CS(=O)(=O)c1ccc2c(N3CCC4(CN(S(=O)(=O)CC5(C#N)CC5)Cc5ccc(Cl)cc54)C3=O)cncc2c1	Unassigned	MAT-POS-853c0ffa-15		False	False	6.98558	0.103377				
MAT-POS-853c0ffa-16	COC1(CS(=O)(=O)N2Cc3ccc(Cl)cc3C3(CCN(c4cncc5cc(S(C)(=O)=O)ccc45)C3=O)C2)CC1	Unassigned	MAT-POS-853c0ffa-16		False	False	6.38398	0.413064				
MAT-POS-853c0ffa-22	CC1(CS(=O)(=O)N2Cc3ccc(Cl)cc3C3(CCN(c4cncc5cc(S(C)(=O)=O)ccc45)C3=O)C2)CC1	Unassigned	MAT-POS-853c0ffa-22		False	False	6.80986	0.154933				
LUO-POS-868e8996-1	CNC(=O)CN1C[C@](C)(C(=O)Nc2cncc3ccccc23)c2cc(Cl)ccc2S1(=O)=O	3-aminopyridine-like	LUO-POS-868e8996-1		False	False	7.12048	0.0757737				
LUO-POS-868e8996-2	CNC(=O)CN1C[C@@](C)(C(=O)Nc2cncc3ccccc23)c2cc(Cl)ccc2S1(=O)=O	3-aminopyridine-like	LUO-POS-868e8996-2		False	False	4.79335	16.0934				
LUO-POS-868e8996-7	CNC(=O)CN1C[C@@]2(CC(=O)N(c3cncc4ccccc34)C2=O)c2cc(Cl)ccc2C1=O	Ugi	LUO-POS-868e8996-7		False	False	6.91177	0.122527				
LUO-POS-868e8996-8	CNC(=O)CN1C[C@]2(CC(=O)N(c3cncc4ccccc34)C2=O)c2cc(Cl)ccc2C1=O	Ugi	LUO-POS-868e8996-8		False	False	4.07278	84.5707				
LUO-POS-868e8996-9	N#CC1(CS(=O)(=O)N2Cc3ccc(Cl)cc3[C@@]3(CC(=O)N(c4cncc5ccccc45)C3=O)C2)CC1	3-aminopyridine-like	LUO-POS-868e8996-9		False	False	7.30103	0.05				
LUO-POS-868e8996-10	N#CC1(CS(=O)(=O)N2Cc3ccc(Cl)cc3[C@]3(CC(=O)N(c4cncc5ccccc45)C3=O)C2)CC1	3-aminopyridine-like	LUO-POS-868e8996-10		False	False	4.5203	30.1785				
MAT-POS-777f5926-1	C[C@@H]1NC(=O)c2ccc(Cl)cc2[C@@H]1C(=O)Nc1cncc2ccccc12	3-aminopyridine-like	MAT-POS-777f5926-1		False	False	6.34319	0.453745				
MAT-POS-777f5926-2	O=C(Nc1cncc2ccccc12)[C@@H]1CN([C@@H]2CCNC2=O)Cc2ccc(Cl)cc21	3-aminopyridine-like	MAT-POS-777f5926-2		False	False	5.38834	4.08938				
MAT-POS-777f5926-3	N#CC1(CS(=O)(=O)N2Cc3ccc(Cl)cc3[C@@H](C(=O)Nc3cncc4ccccc34)C2)CNC1	3-aminopyridine-like	MAT-POS-777f5926-3		False	False	5.7911	1.61772				
MAT-POS-777f5926-4	N#CC1(CS(=O)(=O)N2Cc3ccc(Cl)cc3[C@H](C(=O)Nc3cncc4ccccc34)C2)CNC1	3-aminopyridine-like	MAT-POS-777f5926-4		False	False	7.15146	0.0705573				
MAT-POS-dd1fff26-1	CC1(CS(=O)(=O)N2Cc3ccc(Cl)cc3[C@@H](C(=O)Nc3cncc4ccccc34)C2)CC1	3-aminopyridine-like	MAT-POS-dd1fff26-1		False	False	5.33905	4.58091				
MAT-POS-dd1fff26-2	CC1(CS(=O)(=O)N2Cc3ccc(Cl)cc3[C@H](C(=O)Nc3cncc4ccccc34)C2)CC1	3-aminopyridine-like	MAT-POS-dd1fff26-2		False	False	7.18546	0.0652438				
ALP-POS-5fe48310-1	CC1(C(=O)Nc2cncc3c2CCCC3)CNS(=O)(=O)c2ccc(Cl)cc21	3-aminopyridine-like	ALP-POS-5fe48310-1		False	False	4.00218	99.5				
LUO-POS-74179f4f-1	CNC(=O)CN1C[C@H](C(=O)Nc2cncc3cc(Cl)ccc23)c2cc(Cl)ccc2C1=O	Ugi	LUO-POS-74179f4f-1		False	False	6.82589	0.149319				
LUO-POS-edefcc0e-1	CNC(=O)CN1C[C@@H](C(=O)Nc2cncc3cc(Cl)ccc23)c2cc(Cl)ccc2C1=O	Ugi	LUO-POS-edefcc0e-1		False	False	6.02739	0.938887				
ALP-POS-4483ae88-2	CNC(=O)CN1CC2(CCN(c3cncc4ccccc34)C2=O)c2cc(Cl)ccc2S1(=O)=O	3-aminopyridine-like	ALP-POS-4483ae88-2		False	False	6.5611	0.274724				
ALP-POS-4483ae88-3	CNC(=O)CN1CC(C(=O)Nc2cncc3c2CCCC3)c2cc(Cl)ccc2C1=O	Ugi	ALP-POS-4483ae88-3		False	False	6.34828	0.448461				
ALP-POS-4483ae88-4	O=C(Nc1cncc2c1CCCC2)C1CNS(=O)(=O)c2ccc(Cl)cc21	3-aminopyridine-like	ALP-POS-4483ae88-4		False	False	6.34497	0.451891				
EDJ-MED-41558c53-6	Cc1nc(CN2CC(C(=O)Nc3cncc4cc(S(C)(=O)=O)ccc34)c3cc(Cl)ccc3C2=O)c[nH]1	3-aminopyridine-like	EDJ-MED-41558c53-6		False	False	6.64568	0.226112				
MAT-POS-b4d6b7fc-1	CNC(=O)CN1Cc2ccc(Cl)cc2C(C(=O)Nc2cncc3cc(NS(C)(=O)=O)ccc23)C1	3-aminopyridine-like	MAT-POS-b4d6b7fc-1		False	False	7.13787	0.0728004				
MAT-POS-b4d6b7fc-2	CNC(=O)CN1CC(C(=O)Nc2cncc3cc(NS(C)(=O)=O)ccc23)c2cc(Cl)ccc2C1=O	Ugi	MAT-POS-b4d6b7fc-2		False	False	7.35463	0.0441951				
MAT-POS-b4d6b7fc-5	CNC(=O)CN1Cc2ccc(Cl)cc2C2(CCN(c3cncc4ccc(F)cc34)C2=O)C1	3-aminopyridine-like	MAT-POS-b4d6b7fc-5		False	False	6.57424	0.26654				
MAT-POS-b4d6b7fc-6	CNC(=O)CN1Cc2ccc(Cl)cc2C2(CCN(c3cncc4cccc(Cl)c34)C2=O)C1	3-aminopyridine-like	MAT-POS-b4d6b7fc-6		False	False	5.48423	3.27923				
MAT-POS-b4d6b7fc-8	N#CC1(CS(=O)(=O)N2Cc3ccc(Cl)cc3C(C(=O)Nc3cncc4cccc(Cl)c34)C2)CC1	3-aminopyridine-like	MAT-POS-b4d6b7fc-8		False	False	6.58648	0.259133				
MAT-POS-b4d6b7fc-9	N#CC1(CS(=O)(=O)N2Cc3ccc(Cl)cc3C(C(=O)Nc3cncc4ccc(F)cc34)C2)CC1	3-aminopyridine-like	MAT-POS-b4d6b7fc-9		False	False	6.86451	0.136613				
MAT-POS-78ab8081-2	CN(C)CCOc1ccc2cncc(NC(=O)C3CN(S(=O)(=O)CC4(C#N)CC4)Cc4ccc(Cl)cc43)c2c1	Unassigned	MAT-POS-78ab8081-2		False	False	6.93	0.117491				
MAT-POS-78ab8081-3	CNC(=O)c1ccc2cncc(NC(=O)C3CN(S(=O)(=O)CC4(C)CS(=O)(=O)C4)Cc4ccc(Cl)cc43)c2c1	Unassigned	MAT-POS-78ab8081-3		False	False	6.95716	0.110367				
MAT-POS-22373164-1	CN(c1ccc2c(NC(=O)C3CN(S(=O)(=O)CC4(C#N)CC4)Cc4ccc(Cl)cc43)cncc2c1)S(C)(=O)=O	Unassigned	MAT-POS-22373164-1		False	False	6.63408	0.232232				
MAT-POS-22373164-2	CCS(=O)(=O)Nc1ccc2c(NC(=O)C3CN(S(=O)(=O)CC4(C#N)CC4)Cc4ccc(Cl)cc43)cncc2c1	Unassigned	MAT-POS-22373164-2		False	False	7.30103	0.05				
MAT-POS-22373164-3	CC(C)S(=O)(=O)Nc1ccc2c(NC(=O)C3CN(S(=O)(=O)CC4(C#N)CC4)Cc4ccc(Cl)cc43)cncc2c1	Unassigned	MAT-POS-22373164-3		False	False	7.04686	0.0897713				
MAT-POS-22373164-4	N#CC1(CS(=O)(=O)N2Cc3ccc(Cl)cc3C(C(=O)Nc3cncc4cc(NS(=O)(=O)C5CC5)ccc34)C2)CC1	Unassigned	MAT-POS-22373164-4		False	False	7.30103	0.05				
MAT-POS-c7726e07-3	CNC(=O)CN1C[C@H](C(=O)Nc2cncc3ccc(F)cc23)c2cc(Cl)ccc2C1=O	Ugi	MAT-POS-c7726e07-3		False	False	7.01579	0.0964304				
MAT-POS-c7726e07-4	CNC(=O)CN1C[C@@H](C(=O)Nc2cncc3ccc(F)cc23)c2cc(Cl)ccc2C1=O	Ugi	MAT-POS-c7726e07-4		False	False	7.0241	0.0946016				
MAT-POS-c7726e07-5	CNC(=O)CN1Cc2ccc(Cl)cc2[C@@]2(CCN(c3cncc4ccccc34)C2=O)C1	3-aminopyridine-like	MAT-POS-c7726e07-5		False	False	7.11713	0.0763614				
MAT-POS-c7726e07-6	CNC(=O)CN1Cc2ccc(Cl)cc2[C@]2(CCN(c3cncc4ccccc34)C2=O)C1	3-aminopyridine-like	MAT-POS-c7726e07-6		False	False	4.92372	11.9202				
MAT-POS-c7726e07-7	CS(=O)(=O)Nc1ccc2c(NC(=O)[C@H]3CN(S(=O)(=O)CC4(C#N)CC4)Cc4ccc(Cl)cc43)cncc2c1	Unassigned	MAT-POS-c7726e07-7		False	False	6.12945	0.742254				
MAT-POS-c7726e07-8	CS(=O)(=O)Nc1ccc2c(NC(=O)[C@@H]3CN(S(=O)(=O)CC4(C#N)CC4)Cc4ccc(Cl)cc43)cncc2c1	Unassigned	MAT-POS-c7726e07-8		False	False	7.30103	0.05				
EDG-MED-b1ef7fe3-1	CNC(=O)CN1CC2(CCN(c3cncc4ccc(Cl)cc34)C2=O)c2cc(Cl)ccc2C1=O	Ugi	EDG-MED-b1ef7fe3-1		False	False	6.84448	0.143059				
EDG-MED-b1ef7fe3-3	CNC(=O)CN1CC2(CCN(c3cncc4cc(F)ccc34)C2=O)c2cc(Cl)ccc2C1=O	Ugi	EDG-MED-b1ef7fe3-3		False	False	6.37066	0.425927				
EDG-MED-b1ef7fe3-4	CNC(=O)CN1CC2(CCN(c3cncc4cc(Cl)ccc34)C2=O)c2cc(Cl)ccc2C1=O	Ugi	EDG-MED-b1ef7fe3-4		False	False	6.34751	0.449249				
MAT-POS-806462de-1	C[C@@]1(C(=O)Nc2cncc3ccccc23)CNS(=O)(=O)c2ccc(Cl)cc21	3-aminopyridine-like	MAT-POS-806462de-1		False	False	5.5972	2.52811				
MAT-POS-806462de-2	C[C@]1(C(=O)Nc2cncc3ccccc23)CNS(=O)(=O)c2ccc(Cl)cc21	3-aminopyridine-like	MAT-POS-806462de-2		False	False	7.01412	0.0968019				
SHA-THE-408e7524-3	C[C@H](N)C(=O)N[C@@H](CCC(N)=O)C(=O)O	Unassigned	SHA-THE-408e7524-3		False	False	4.00432	99.01				
SHA-THE-408e7524-4	C[C@@H]1[C@H]2C3=CC[C@@H]4[C@@]5(C)C[C@@H](O)[C@H](O)[C@@](C)(CO)[C@@H]5CC[C@@]4(C)[C@]3(C)CC[C@@]2(C(=O)O[C@@H]2O[C@H](CO[C@@H]3O[C@H](CO)[C@@H](O[C@@H]4O[C@@H](C)[C@H](O)[C@@H](O)[C@H]4O)[C@H](O)[C@H]3O)[C@@H](O)[C@H](O)[C@H]2O)CC[C@H]1C	Unassigned	SHA-THE-408e7524-4		False	False	4.00432	99.01				
SHA-THE-408e7524-6	COC(=O)N[C@H](C(=O)N1CCC[C@H]1c1ncc(-c2ccc(-c3ccc(-c4cnc([C@@H]5CCCN5C(=O)[C@@H](NC(=O)OC)C(C)C)[nH]4)cc3)cc2)[nH]1)C(C)C	Unassigned	SHA-THE-408e7524-6		False	False	4.00432	99.01				
SHA-THE-408e7524-7	CC[C@H](C)[C@H](NC(=O)[C@H](CO)NC(=O)[C@@H](NC(=O)[C@@H]1CCCN1C(=O)[C@H](C)NC(=O)[C@@H](N)CC(N)=O)C(C)C)C(=O)N1CCC[C@H]1C(=O)N[C@@H](CCC(N)=O)C(=O)O	Unassigned	SHA-THE-408e7524-7		False	False	4.00432	99.01				
SHA-THE-408e7524-8	CC(C)C[C@@H](NC(=O)[C@@H](Cc1ccccc1)NC(=O)[C@H](N)Cc1ccccc1)C(=O)N[C@H](CCCCN)C(=O)N1CCC(N)(C(=O)O)CC1	Unassigned	SHA-THE-408e7524-8		False	False	4.00432	99.01				
SHA-THE-408e7524-9	Cc1cc(O)cc(C)c1C[C@H](NC(=O)[C@H](N)CCCNC(=N)N)C(=O)N[C@@H](CCCCN)C(=O)N[C@@H](Cc1ccccc1)C(N)=O	Unassigned	SHA-THE-408e7524-9		False	False	4.00432	99.01				
SHA-THE-408e7524-10	CC(=O)N[C@H](CSSC[C@H](N)C(=O)O)C(=O)N[C@H](C)C(=O)N[C@H](CCCNC(=N)N)C(=O)N[C@H](CCCNC(=N)N)C(=O)N[C@H](CCCNC(=N)N)C(=O)N[C@H](C)C(=O)N[C@H](CCCNC(=N)N)C(N)=O	Unassigned	SHA-THE-408e7524-10		False	False	4.00432	99.01				
SHA-THE-408e7524-13	CCCCCC(=O)SCCNC(=O)CCNC(=O)[C@H](O)C(C)(C)COP(=O)(O)OP(=O)(O)OC[C@H]1O[C@@H](n2cnc3c(N)ncnc32)[C@H](O)[C@@H]1OP(=O)(O)O	Unassigned	SHA-THE-408e7524-13		False	False	4.183	65.6143				
SHA-THE-408e7524-15	CC(C)C1NC(=O)C(CCCCN)NC(=O)C(Cc2c[nH]c3ccccc23)NC(=O)C(Cc2ccc(O)cc2)NC(=O)C(NC(=O)C(N)Cc2ccc3ccccc3c2)CSSCC(C(=O)NC(C(N)=O)C(C)O)NC1=O	Unassigned	SHA-THE-408e7524-15		False	False	4.00432	99.01				
SHA-THE-408e7524-17	NCCCCC(NC(=O)[C@@H]1CCCN1C(=O)[C@@H]1CSSC[C@H](N)C(=O)N[C@@H](Cc2ccc(O)cc2)C(=O)N[C@@H](Cc2ccccc2)C(=O)N[C@@H](CCC(N)=O)C(=O)N[C@@H](CC(N)=O)C(=O)N1)C(=O)NCC(N)=O	Unassigned	SHA-THE-408e7524-17		False	False	4.00432	99.01				
SHA-THE-408e7524-19	C[C@H](C(=O)O)C(=O)SCCNC(=O)CCNC(=O)[C@H](O)C(C)(C)COP(=O)(O)OP(=O)(O)OC[C@H]1O[C@@H](n2cnc3c(N)ncnc32)[C@H](O)[C@@H]1OP(=O)(O)O	Unassigned	SHA-THE-408e7524-19		False	False	4.00432	99.01				
SHA-THE-408e7524-21	CC(C)(COP(=O)(O)OP(=O)(O)OC[C@H]1O[C@@H](n2cnc3c(N)ncnc32)[C@H](O)[C@@H]1OP(=O)(O)O)[C@@H](O)C(=O)NCCC(=O)NCCSC(=O)CCC(=O)O	Unassigned	SHA-THE-408e7524-21		False	False	4.00432	99.01				
SHA-THE-408e7524-22	CN1Cc2c(Cl)cc(Cl)cc2[C@H](c2cccc(S(=O)(=O)NCCOCCOCCNC(=O)NCCCCNC(=O)NCCOCCOCCNS(=O)(=O)c3cccc([C@@H]4CN(C)Cc5c(Cl)cc(Cl)cc54)c3)c2)C1	Unassigned	SHA-THE-408e7524-22		False	False	4.00432	99.01				
SHA-THE-408e7524-23	CC(C)C(NC(=O)[C@H](CC(=O)O)NC(=O)[C@H](CCCCN)NC(=O)[C@@H](N)CCCN=C(N)N)C(=O)N[C@@H](Cc1ccc(O)cc1)C(=O)O	Unassigned	SHA-THE-408e7524-23		False	False	4.00432	99.01				
EDG-MED-ee636701-1	CNC(=O)CN1C(=O)c2ccc(Cl)cc2C(C(=O)Nc2cncc3cc(S(C)(=O)=O)ccc23)C1C	Ugi	EDG-MED-ee636701-1		False	False	7.30103	0.05				
EDG-MED-b8f93667-4	CN1CC(C)(C(=O)Nc2cncc3cc(S(C)(=O)=O)ccc23)c2cc(Cl)ccc2S1(=O)=O	3-aminopyridine-like	EDG-MED-b8f93667-4		False	False	6.28159	0.522884				
EDG-MED-b8f93667-6	CC1(C(=O)Nc2cncc3cc(S(C)(=O)=O)ccc23)CN(CC2CC2)S(=O)(=O)c2ccc(Cl)cc21	3-aminopyridine-like	EDG-MED-b8f93667-6		False	False	6.21084	0.615398				
MAT-POS-c88128cb-1	CC(C)CS(=O)(=O)N1Cc2ccc(Cl)cc2C(C(=O)Nc2cncc3ccc(C(C)(C)O)cc23)C1	3-aminopyridine-like	MAT-POS-c88128cb-1		False	False	5.91446	1.21769				
MAT-POS-c88128cb-4	CC(C)CN1CC(C)(C(=O)Nc2cncc3ccccc23)c2cc(Cl)ccc2S1(=O)=O	3-aminopyridine-like	MAT-POS-c88128cb-4		False	False	6.81509	0.153078				
MAT-POS-c88128cb-5	CC1(C(=O)Nc2cncc3ccccc23)CN(CC2CC2)S(=O)(=O)c2ccc(Cl)cc21	3-aminopyridine-like	MAT-POS-c88128cb-5		False	False	6.19768	0.634334				
MAT-POS-c88128cb-12	CC1(C(=O)Nc2cncc3ccc(F)cc23)CNS(=O)(=O)c2ccc(Cl)cc21	3-aminopyridine-like	MAT-POS-c88128cb-12		False	False	6.3551	0.441468				
MAT-POS-c88128cb-14	CC1(C(=O)Nc2cncc3cc(S(C)(=O)=O)ccc23)CNS(=O)(=O)c2ccc(Cl)cc21	3-aminopyridine-like	MAT-POS-c88128cb-14		False	False	6.7648	0.171871				
MAT-POS-c88128cb-15	CC1(C(=O)Nc2cncc3cccc(Cl)c23)CNS(=O)(=O)c2ccc(Cl)cc21	3-aminopyridine-like	MAT-POS-c88128cb-15		False	False	5.72838	1.86905				
MAT-POS-83f73d0a-1	CC1(CS(=O)(=O)N2Cc3ccc(Cl)cc3C(C(=O)Nc3cncc4ccc(C(C)(C)O)cc34)C2)CS(=O)(=O)C1	Unassigned	MAT-POS-83f73d0a-1		False	False	5.62778	2.35623				
MAT-POS-83f73d0a-2	CN(C)CCOc1ccc2cncc(NC(=O)C3CN(S(=O)(=O)CC4(C)CS(=O)(=O)C4)Cc4ccc(Cl)cc43)c2c1	Unassigned	MAT-POS-83f73d0a-2		False	False	6.90398	0.124744				
EDJ-MED-dac03e7f-2	CC1(C(=O)Nc2cncc3cc(S(C)(=O)=O)ccc23)CN(CC(=O)NC2CC2)S(=O)(=O)c2ccc(Cl)cc21	Unassigned	EDJ-MED-dac03e7f-2		False	False	6.32932	0.468466				
MAT-POS-97ec4bd1-1	COC1(CS(=O)(=O)N2Cc3ccc(Cl)cc3C(C(=O)Nc3cncc4ccc(C(C)(C)O)cc34)C2)CC1	3-aminopyridine-like	MAT-POS-97ec4bd1-1		False	False	5.75275	1.76705				
MAT-POS-97ec4bd1-2	CC(C)(O)c1ccc2cncc(NC(=O)C3CN(S(=O)(=O)CC4(C#N)CC4)Cc4ccc(Cl)cc43)c2c1	3-aminopyridine-like	MAT-POS-97ec4bd1-2		False	False	5.94431	1.13682				
MAT-POS-97ec4bd1-3	CNC(=O)CN1Cc2ccc(Cl)cc2C(C(=O)Nc2cncc3ccc(C(C)(C)O)cc23)C1	3-aminopyridine-like	MAT-POS-97ec4bd1-3		False	False	6.24904	0.563583				
MAT-POS-97ec4bd1-4	CNC(=O)CN1CC(C(=O)Nc2cncc3ccc(C(C)(C)O)cc23)c2cc(Cl)ccc2C1=O	Ugi	MAT-POS-97ec4bd1-4		False	False	6.41575	0.383927				
EDJ-MED-1b46f08e-1	COC1(C(=O)Nc2cncc3cc(S(=O)(=O)N(C)C)ccc23)CCOc2ccc(Cl)cc21	3-aminopyridine-like	EDJ-MED-1b46f08e-1		False	False	6.33888	0.458271				
EDJ-MED-968bafd9-1	COC1(CS(=O)(=O)N2CC(C(=O)Nc3cncc4ccccc34)c3cc(Cl)ccc3C2=O)CC1	3-aminopyridine-like	EDJ-MED-968bafd9-1		False	False	6.67647	0.210635				
EDJ-MED-968bafd9-2	COC1(CS(=O)(=O)N2CC(C(=O)Nc3cncc4cc(S(C)(=O)=O)ccc34)c3cc(Cl)ccc3C2=O)CC1	Unassigned	EDJ-MED-968bafd9-2		False	False	6.11201	0.772658				
EDJ-MED-c5ca5386-1	O=C(Cc1cccc(Cl)c1)Nc1cncc2cc(F)cc(Cl)c12	3-aminopyridine-like	EDJ-MED-c5ca5386-1		False	False	6.14372	0.718251				
EDJ-MED-e69ed63d-1	CC(C)NC(=O)CN1CC(C(=O)Nc2cncc3cc(F)ccc23)c2cc(Cl)ccc2C1=O	Ugi	EDJ-MED-e69ed63d-1		False	False	6.09138	0.810246				
EDJ-MED-e69ed63d-2	CC(C)NC(=O)CN1CC(C(=O)Nc2cncc3cc(S(C)(=O)=O)ccc23)c2cc(Cl)ccc2C1=O	Ugi	EDJ-MED-e69ed63d-2		False	False	6.47847	0.332297				
EDJ-MED-e69ed63d-3	O=C(CN1CC(C(=O)Nc2cncc3cc(F)ccc23)c2cc(Cl)ccc2C1=O)NC1CC1	Ugi	EDJ-MED-e69ed63d-3		False	False	6.25514	0.555723				
EDJ-MED-e69ed63d-4	CS(=O)(=O)c1ccc2c(NC(=O)C3CN(CC(=O)NC4CC4)C(=O)c4ccc(Cl)cc43)cncc2c1	Ugi	EDJ-MED-e69ed63d-4		False	False	6.66998	0.213804				
EDJ-MED-e69ed63d-6	O=C(CN1CC(C(=O)Nc2cncc3cc(F)ccc23)c2cc(Cl)ccc2C1=O)NC1COC1	Ugi	EDJ-MED-e69ed63d-6		False	False	5.99604	1.00915				
EDJ-MED-e69ed63d-7	CCNC(=O)CN1CC(C(=O)Nc2cncc3cc(F)ccc23)c2cc(Cl)ccc2C1=O	Ugi	EDJ-MED-e69ed63d-7		False	False	6.79395	0.160712				
EDJ-MED-e69ed63d-8	CCNC(=O)CN1CC(C(=O)Nc2cncc3cc(S(C)(=O)=O)ccc23)c2cc(Cl)ccc2C1=O	Ugi	EDJ-MED-e69ed63d-8		False	False	6.99654	0.1008				
EDJ-MED-e69ed63d-9	O=C(CN1CC(C(=O)Nc2cncc3cc(F)ccc23)c2cc(Cl)ccc2C1=O)NC1CCC1	Ugi	EDJ-MED-e69ed63d-9		False	False	6.46854	0.339983				
EDJ-MED-e69ed63d-10	CS(=O)(=O)c1ccc2c(NC(=O)C3CN(CC(=O)NC4CCC4)C(=O)c4ccc(Cl)cc43)cncc2c1	Ugi	EDJ-MED-e69ed63d-10		False	False	6.59851	0.252052				
EDJ-MED-e69ed63d-11	CC(C)(C)NC(=O)CN1CC(C(=O)Nc2cncc3cc(F)ccc23)c2cc(Cl)ccc2C1=O	Ugi	EDJ-MED-e69ed63d-11		False	False	5.99665	1.00774				
EDJ-MED-e69ed63d-13	CCCNC(=O)CN1CC(C(=O)Nc2cncc3cc(F)ccc23)c2cc(Cl)ccc2C1=O	Ugi	EDJ-MED-e69ed63d-13		False	False	6.49517	0.319763				
EDJ-MED-e69ed63d-14	CCCNC(=O)CN1CC(C(=O)Nc2cncc3cc(S(C)(=O)=O)ccc23)c2cc(Cl)ccc2C1=O	Ugi	EDJ-MED-e69ed63d-14		False	False	6.77571	0.167608				
EDJ-MED-e69ed63d-15	O=C(CN1CC(C(=O)Nc2cncc3cc(F)ccc23)c2cc(Cl)ccc2C1=O)NCC1CC1	Ugi	EDJ-MED-e69ed63d-15		False	False	6.66553	0.216006				
EDJ-MED-e69ed63d-16	CS(=O)(=O)c1ccc2c(NC(=O)C3CN(CC(=O)NCC4CC4)C(=O)c4ccc(Cl)cc43)cncc2c1	Ugi	EDJ-MED-e69ed63d-16		False	False	6.75329	0.176486				
EDJ-MED-e69ed63d-17	O=C(CN1CC(C(=O)Nc2cncc3cc(F)ccc23)c2cc(Cl)ccc2C1=O)NCC(F)(F)F	Ugi	EDJ-MED-e69ed63d-17		False	False	6.05613	0.87875				
EDJ-MED-e69ed63d-18	CS(=O)(=O)c1ccc2c(NC(=O)C3CN(CC(=O)NCC(F)(F)F)C(=O)c4ccc(Cl)cc43)cncc2c1	Unassigned	EDJ-MED-e69ed63d-18		False	False	6.54142	0.287464				
EDJ-MED-e78d5f1a-1	Clc1ccc2c(c1)C1(CCO2)CCN(c2cncc3cccc(Cl)c23)C1	Unassigned	EDJ-MED-e78d5f1a-1		False	False	4.00218	99.5				
EDJ-MED-3bfd841e-1	CNC(=O)CN1CC(C)(C(=O)Nc2cncc3cc(F)ccc23)c2cc(Cl)ccc2S1(=O)=O	3-aminopyridine-like	EDJ-MED-3bfd841e-1		False	False	6.60562	0.247957				
EDJ-MED-c3ea9889-2	CNC(=O)CN1CC(C)(C(=O)Nc2cncc3cc(Cl)ccc23)c2cc(Cl)ccc2S1(=O)=O	3-aminopyridine-like	EDJ-MED-c3ea9889-2		False	False	6.40526	0.393314				
EDJ-MED-c3ea9889-3	CNC(=O)CN1CC(C)(C(=O)Nc2cncc3cc(S(C)(=O)=O)ccc23)c2cc(Cl)ccc2S1(=O)=O	Unassigned	EDJ-MED-c3ea9889-3		False	False	6.79579	0.160033				
EDJ-MED-c3ea9889-4	CNC(=O)CN1CC(C)(C(=O)Nc2cncc3cccc(Cl)c23)c2cc(Cl)ccc2S1(=O)=O	3-aminopyridine-like	EDJ-MED-c3ea9889-4		False	False	5.9364	1.1577				
EDJ-MED-c3ea9889-5	CS(=O)(=O)c1ccc2c(NC(=O)C34CC(C3)Oc3ccc(Cl)cc34)cncc2c1	Unassigned	EDJ-MED-c3ea9889-5		False	False	4.64001	22.9083				
EDJ-MED-c3ea9889-6	O=C(Nc1cncc2cc(F)ccc12)C12CC(C1)Oc1ccc(Cl)cc12	Unassigned	EDJ-MED-c3ea9889-6		False	False	4.11582	76.5906				
EDJ-MED-c3ea9889-7	O=C(Nc1cncc2cc(Cl)ccc12)C12CC(C1)Oc1ccc(Cl)cc12	Unassigned	EDJ-MED-c3ea9889-7		False	False	4.00218	99.5				
EDJ-MED-c3ea9889-8	O=C(Nc1cncc2cccc(Cl)c12)C12CC(C1)Oc1ccc(Cl)cc12	Unassigned	EDJ-MED-c3ea9889-8		False	False	4.12432	75.1065				
EDJ-MED-0186a59b-8	CNC(=O)CN1CC(C(=O)Nc2cncc3cccc(Cl)c23)c2cc(Cl)ccc2C1=O	Ugi	EDJ-MED-0186a59b-8		False	False	7.03782	0.0916596				
EDJ-MED-ede277f6-11	CC1(CS(=O)(=O)N2Cc3ccc(Cl)cc3C(C(=O)Nc3cncc4cccc(Cl)c34)C2)CS(=O)(=O)C1	Unassigned	EDJ-MED-ede277f6-11		False	False	6.01895	0.957296				
EDJ-MED-ede277f6-12	CC1(CS(=O)(=O)N2Cc3ccc(Cl)cc3C(C(=O)Nc3cncc4cc(S(C)(=O)=O)ccc34)C2)CS(=O)(=O)C1	Unassigned	EDJ-MED-ede277f6-12		False	False	6.93867	0.115166				
EDJ-MED-d165ed91-3	CS(=O)(=O)c1ccc2c(NC(=O)C3CN(CC(=O)NC4COC4)C(=O)c4ccc(Cl)cc43)cncc2c1	Ugi	EDJ-MED-d165ed91-3		False	False	6.06236	0.866251				
EDJ-MED-d165ed91-4	CC(C)(C)NC(=O)CN1CC(C(=O)Nc2cncc3cc(S(C)(=O)=O)ccc23)c2cc(Cl)ccc2C1=O	Ugi	EDJ-MED-d165ed91-4		False	False	6.60548	0.24804				
MAT-POS-bf364d7a-1	CC1(CS(=O)(=O)N2Cc3ccc(Cl)cc3[C@H](C(=O)Nc3cncc4ccccc34)C2)CS(=O)(=O)C1	3-aminopyridine-like	MAT-POS-bf364d7a-1		False	False	7.56969	0.0269344				
MAT-POS-bf364d7a-2	CC1(CS(=O)(=O)N2Cc3ccc(Cl)cc3[C@@H](C(=O)Nc3cncc4ccccc34)C2)CS(=O)(=O)C1	3-aminopyridine-like	MAT-POS-bf364d7a-2		False	False	4.58052	26.271				
MAT-POS-bf364d7a-3	O=C(Nc1cncc2ccccc12)[C@@H]1CN(S(=O)(=O)CC2CS(=O)(=O)C2)Cc2ccc(Cl)cc21	3-aminopyridine-like	MAT-POS-bf364d7a-3		False	False	5.08464	8.22931				
MAT-POS-bf364d7a-4	O=C(Nc1cncc2ccccc12)[C@H]1CN(S(=O)(=O)CC2CS(=O)(=O)C2)Cc2ccc(Cl)cc21	3-aminopyridine-like	MAT-POS-bf364d7a-4		False	False	7.11212	0.0772473				
MAT-POS-bf364d7a-6	CC(C)(C#N)CS(=O)(=O)N1Cc2ccc(Cl)cc2[C@@H](C(=O)Nc2cncc3ccccc23)C1	3-aminopyridine-like	MAT-POS-bf364d7a-6		False	False	4.87953	13.197				
MAT-POS-bf364d7a-7	COC1(CS(=O)(=O)N2Cc3ccc(Cl)cc3[C@@H](C(=O)Nc3cncc4ccccc34)C2)CC1	3-aminopyridine-like	MAT-POS-bf364d7a-7		False	False	4.7338	18.4587				
MAT-POS-bf364d7a-8	COC1(CS(=O)(=O)N2Cc3ccc(Cl)cc3[C@H](C(=O)Nc3cncc4ccccc34)C2)CC1	3-aminopyridine-like	MAT-POS-bf364d7a-8		False	False	7.17096	0.0674589				
MAT-POS-bf364d7a-9	N#CC1(CS(=O)(=O)N2Cc3ccc(Cl)cc3[C@H](C(=O)Nc3cncc4ccccc34)C2)CCOCC1	3-aminopyridine-like	MAT-POS-bf364d7a-9		False	False	7.13252	0.073702				
MAT-POS-bf364d7a-10	N#CC1(CS(=O)(=O)N2Cc3ccc(Cl)cc3[C@@H](C(=O)Nc3cncc4ccccc34)C2)CCOCC1	3-aminopyridine-like	MAT-POS-bf364d7a-10		False	False	4.81727	15.2312				
MAT-POS-bf364d7a-11	N#CC1(CS(=O)(=O)N2Cc3ccc(Cl)cc3[C@H](C(=O)Nc3cncc4ccccc34)C2)CCS(=O)(=O)CC1	Unassigned	MAT-POS-bf364d7a-11		False	False	7.21275	0.0612699				
MAT-POS-bf364d7a-12	N#CC1(CS(=O)(=O)N2Cc3ccc(Cl)cc3[C@@H](C(=O)Nc3cncc4ccccc34)C2)CCS(=O)(=O)CC1	Unassigned	MAT-POS-bf364d7a-12		False	False	4.8152	15.3039				
MAT-POS-e119ab4f-1	CNC(=O)CN1CC(C(=O)Nc2cncc3cc(F)ccc23)c2cc(Cl)ccc2C1=O	Ugi	MAT-POS-e119ab4f-1		False	False	6.81445	0.153303				
MAT-POS-e119ab4f-2	CNC(=O)CN1CC(C(=O)Nc2cncc3ccc(F)cc23)c2cc(Cl)ccc2C1=O	Ugi	MAT-POS-e119ab4f-2		False	False	6.92238	0.11957				
MAT-POS-e119ab4f-3	CNC(=O)CN1CC(C(=O)Nc2cncc3cccc(C)c23)c2cc(Cl)ccc2C1=O	Ugi	MAT-POS-e119ab4f-3		False	False	6.44264	0.360875				
MAT-POS-e119ab4f-4	O=C(Nc1cncc2ccccc12)C12CC(C1)Oc1ccc(Cl)cc12	Unassigned	MAT-POS-e119ab4f-4		False	False	4.24902	56.3606				
MAT-POS-e119ab4f-5	CNC(=O)CN1CC(C)(C(=O)Nc2cncc3ccccc23)c2cc(Cl)ccc2S1(=O)=O	3-aminopyridine-like	MAT-POS-e119ab4f-5		False	False	6.71068	0.194679				
MAT-POS-a54ce14d-1	O=C(Nc1cncn1-c1cccnc1)C1CCOc2ccc(Cl)cc21	3-aminopyridine-like	MAT-POS-a54ce14d-1		False	False	4.00218	99.5				
MAT-POS-a54ce14d-2	CNC(=O)CN1C[C@@H](C(=O)Nc2cncc3ccccc23)c2cc(Cl)ccc2C1=O	Ugi	MAT-POS-a54ce14d-2		False	False	7.70479	0.019734				
MAT-POS-a54ce14d-3	CNC(=O)CN1C[C@H](C(=O)Nc2cncc3ccccc23)c2cc(Cl)ccc2C1=O	Ugi	MAT-POS-a54ce14d-3		False	False	5.81814	1.52004				
EDJ-MED-2791eece-3	COCCN1CCc2ccc(Cl)cc2C1C(=O)Nc1cncc2ccccc12	3-aminopyridine-like	EDJ-MED-2791eece-3		False	False	5.72525	1.88254				
EDJ-MED-2791eece-4	N#CCC(=O)N1CCc2ccc(Cl)cc2C1C(=O)Nc1cncc2ccccc12	Ugi	EDJ-MED-2791eece-4		False	False	5.18662	6.50699				
EDJ-MED-2791eece-7	CN(C)C(=O)CN1CCc2ccc(Cl)cc2C1C(=O)Nc1cncc2ccccc12	3-aminopyridine-like	EDJ-MED-2791eece-7		False	False	5.81363	1.53594				
EDJ-MED-2791eece-10	O=C(Nc1cncc2ccccc12)C1c2cc(Cl)ccc2CCN1S(=O)(=O)C1CC1	3-aminopyridine-like	EDJ-MED-2791eece-10		False	False	5.94198	1.14292				
EDJ-MED-2791eece-11	CN(C)S(=O)(=O)N1CCc2ccc(Cl)cc2C1C(=O)Nc1cncc2ccccc12	3-aminopyridine-like	EDJ-MED-2791eece-11		False	False	5.70555	1.96994				
EDJ-MED-2791eece-12	CNC(=O)N1CCc2ccc(Cl)cc2C1C(=O)Nc1cncc2ccccc12	3-aminopyridine-like	EDJ-MED-2791eece-12		False	False	5.60644	2.47494				
MAT-POS-90fd5f68-1	NC(=O)c1ccc2c(NC(=O)Cc3cccc(Cl)c3)cncc2c1	3-aminopyridine-like	MAT-POS-90fd5f68-1		False	False	5.79945	1.58691				
MAT-POS-90fd5f68-2	CNC(=O)c1ccc2c(NC(=O)Cc3cccc(Cl)c3)cncc2c1	3-aminopyridine-like	MAT-POS-90fd5f68-2		False	False	5.77203	1.69034				
MAT-POS-90fd5f68-3	CN(C)C(=O)c1ccc2c(NC(=O)Cc3cccc(Cl)c3)cncc2c1	3-aminopyridine-like	MAT-POS-90fd5f68-3		False	False	5.61232	2.44162				
MAT-POS-90fd5f68-4	CC(=O)Nc1ccc2c(NC(=O)Cc3cccc(Cl)c3)cncc2c1	3-aminopyridine-like	MAT-POS-90fd5f68-4		False	False	6.40655	0.392146				
MAT-POS-90fd5f68-5	O=C(Cc1cccc(Cl)c1)Nc1cncc2cc(OCC(F)(F)F)ccc12	3-aminopyridine-like	MAT-POS-90fd5f68-5		False	False	4.00218	99.5				
MAT-POS-90fd5f68-7	CN(C)c1ccc2c(NC(=O)Cc3cccc(Cl)c3)cncc2c1	3-aminopyridine-like	MAT-POS-90fd5f68-7		False	False	5.16875	6.78025				
MAT-POS-90fd5f68-10	CN(c1ccc2c(NC(=O)Cc3cccc(Cl)c3)cncc2c1)S(C)(=O)=O	3-aminopyridine-like	MAT-POS-90fd5f68-10		False	False	5.56881	2.69892				
MAT-POS-90fd5f68-12	CS(=O)(=O)Nc1ccc2c(NC(=O)Cc3cccc(Cl)c3)cncc2c1	3-aminopyridine-like	MAT-POS-90fd5f68-12		False	False	6.05477	0.881507				
MAT-POS-90fd5f68-13	CN(C)CCOc1ccc2c(NC(=O)Cc3cccc(Cl)c3)cncc2c1	3-aminopyridine-like	MAT-POS-90fd5f68-13		False	False	5.54835	2.82912				
MAT-POS-90fd5f68-14	O=C(Cc1cccc(Cl)c1)Nc1cncc2cc(OCCN3CCCC3)ccc12	3-aminopyridine-like	MAT-POS-90fd5f68-14		False	False	5.66708	2.15238				
MAT-POS-90fd5f68-19	NC(=O)c1ccc2cncc(NC(=O)Cc3cccc(Cl)c3)c2c1	3-aminopyridine-like	MAT-POS-90fd5f68-19		False	False	5.95752	1.10276				
MAT-POS-90fd5f68-20	CNC(=O)c1ccc2cncc(NC(=O)Cc3cccc(Cl)c3)c2c1	3-aminopyridine-like	MAT-POS-90fd5f68-20		False	False	6.04609	0.899304				
MAT-POS-90fd5f68-21	CN(C)C(=O)c1ccc2cncc(NC(=O)Cc3cccc(Cl)c3)c2c1	3-aminopyridine-like	MAT-POS-90fd5f68-21		False	False	5.47549	3.34588				
MAT-POS-90fd5f68-22	CC(=O)Nc1ccc2cncc(NC(=O)Cc3cccc(Cl)c3)c2c1	3-aminopyridine-like	MAT-POS-90fd5f68-22		False	False	6.40031	0.397819				
MAT-POS-90fd5f68-23	O=C(Cc1cccc(Cl)c1)Nc1cncc2ccc(OCC(F)(F)F)cc12	3-aminopyridine-like	MAT-POS-90fd5f68-23		False	False	5.96179	1.09198				
MAT-POS-90fd5f68-28	CN(c1ccc2cncc(NC(=O)Cc3cccc(Cl)c3)c2c1)S(C)(=O)=O	3-aminopyridine-like	MAT-POS-90fd5f68-28		False	False	5.52096	3.01328				
MAT-POS-90fd5f68-31	CN(C)CCOc1ccc2cncc(NC(=O)Cc3cccc(Cl)c3)c2c1	3-aminopyridine-like	MAT-POS-90fd5f68-31		False	False	6.04943	0.892425				
MAT-POS-90fd5f68-32	O=C(Cc1cccc(Cl)c1)Nc1cncc2ccc(OCCN3CCCC3)cc12	3-aminopyridine-like	MAT-POS-90fd5f68-32		False	False	5.94796	1.12731				
MAT-POS-90fd5f68-37	O=C(Cc1cccc(Cl)c1)Nc1cncc2ccc(C(=O)O)cc12	3-aminopyridine-like	MAT-POS-90fd5f68-37		False	False	5.78691	1.6334				
MAT-POS-90fd5f68-38	O=C(Cc1cccc(Cl)c1)Nc1cncc2cc(C(=O)O)ccc12	3-aminopyridine-like	MAT-POS-90fd5f68-38		False	False	5.41865	3.81376				
MAT-POS-90fd5f68-39	COCc1ccc2cncc(NC(=O)Cc3cccc(Cl)c3)c2c1	3-aminopyridine-like	MAT-POS-90fd5f68-39		False	False	5.65599	2.20806				
EDJ-MED-b774e9fe-1	CC(=O)N1CCc2ccc(Cl)cc2C1C(=O)Nc1cncc2ccccc12	Ugi	EDJ-MED-b774e9fe-1		False	False	5.54442	2.85484				
EDJ-MED-b774e9fe-2	CS(=O)(=O)N1CCc2ccc(Cl)cc2C1C(=O)Nc1cncc2ccccc12	3-aminopyridine-like	EDJ-MED-b774e9fe-2		False	False	5.79494	1.60347				
EDJ-MED-b774e9fe-3	CNS(=O)(=O)N1CCc2ccc(Cl)cc2C1C(=O)Nc1cncc2ccccc12	3-aminopyridine-like	EDJ-MED-b774e9fe-3		False	False	5.81037	1.5475				
EDJ-MED-43f8f7d6-4	O=C(CN1CC(C(=O)Nc2cncc3ccccc23)c2cc(Cl)ccc2C1=O)NC1CC1	Ugi	EDJ-MED-43f8f7d6-4		False	False	6.94835	0.11263				
EDJ-MED-43f8f7d6-6	O=C(CN1CC(C(=O)Nc2cncc3ccccc23)c2cc(Cl)ccc2C1=O)NC1COC1	Ugi	EDJ-MED-43f8f7d6-6		False	False	6.11838	0.761418				
RAL-THA-5e0a6f1a-1	CN(C)C(=O)CN1CC(C(=O)Nc2cncc3ccccc23)c2cc(Cl)ccc2C1=O	3-aminopyridine-like	RAL-THA-5e0a6f1a-1		False	False	6.13415	0.734266				
RAL-THA-a9c31980-1	CCNC(=O)CN1CC(C(=O)Nc2cncc3ccccc23)c2cc(Cl)ccc2C1=O	Ugi	RAL-THA-a9c31980-1		False	False	6.98489	0.10354				
RAL-THA-a9c31980-2	O=C(CN1CC(C(=O)Nc2cncc3ccccc23)c2cc(Cl)ccc2C1=O)NC1CCC1	Ugi	RAL-THA-a9c31980-2		False	False	6.88875	0.129196				
RAL-THA-a9c31980-3	CC(C)NC(=O)CN1CC(C(=O)Nc2cncc3ccccc23)c2cc(Cl)ccc2C1=O	Ugi	RAL-THA-a9c31980-3		False	False	6.4098	0.389227				
RAL-THA-a9c31980-4	CC(C)(C)NC(=O)CN1CC(C(=O)Nc2cncc3ccccc23)c2cc(Cl)ccc2C1=O	Ugi	RAL-THA-a9c31980-4		False	False	6.28169	0.522772				
RAL-THA-a9c31980-5	CCCNC(=O)CN1CC(C(=O)Nc2cncc3ccccc23)c2cc(Cl)ccc2C1=O	Ugi	RAL-THA-a9c31980-5		False	False	6.88516	0.130267				
RAL-THA-a9c31980-6	O=C(CN1CC(C(=O)Nc2cncc3ccccc23)c2cc(Cl)ccc2C1=O)NCC1CC1	Ugi	RAL-THA-a9c31980-6		False	False	7.01223	0.097223				
RAL-THA-a9c31980-8	O=C(CN1CC(C(=O)Nc2cncc3ccccc23)c2cc(Cl)ccc2C1=O)NCC(F)(F)F	Ugi	RAL-THA-a9c31980-8		False	False	6.46854	0.339985				
RAL-THA-a9c31980-9	O=C(CN1CC(C(=O)Nc2cncc3ccccc23)c2cc(Cl)ccc2C1=O)NCC1CCC1	Ugi	RAL-THA-a9c31980-9		False	False	6.97159	0.106761				
ALP-POS-e266d783-1	CNC(=O)CN1CC(C)(C(=O)Nc2cncc3ccccc23)c2cc(Cl)ccc2C1=O	Ugi	ALP-POS-e266d783-1		False	False	6.76737	0.170858				
ALP-POS-07e1ed01-2	CN1CC(C#N)(CS(=O)(=O)N2Cc3ccc(Cl)cc3C(C(=O)Nc3cncc4ccccc34)C2)C1	3-aminopyridine-like	ALP-POS-07e1ed01-2		False	False	6.82095	0.151025				
ALP-POS-76eab5ce-2	O=C(NCc1cccc(Cl)c1)c1cncc2ccccc12	Unassigned	ALP-POS-76eab5ce-2		False	False	4.49544	31.9565				
ALP-POS-1460fd94-1	CNC(=O)CN1Cc2ccc(Cl)cc2C(C(=O)Nc2cncc3cc(COC)ccc23)C1	3-aminopyridine-like	ALP-POS-1460fd94-1		False	False	6.92309	0.119373				
DAN-MCD-cb24a79d-1	O=C(CCl)N1CCN(S(=O)(=O)c2ccsc2)[C@H](C(=O)N2CCN(c3ccccc3)CC2)C1	piperazine-chloroacetamide	DAN-MCD-cb24a79d-1		False	True	5.70358	1.97889				
DAN-MCD-93e7aadc-1	O=C(NCC1CCCCC1)[C@@H]1CN(C(=O)CCl)CCN1S(=O)(=O)c1ccsc1	piperazine-chloroacetamide	DAN-MCD-93e7aadc-1		False	True	5.9586	1.10001				
WIL-UNI-2a57d06c-3	Cc1nc2cc(NC(=O)Cn3cnc4c(cnn4C)c3=O)ccc2o1	3-aminopyridine-like	WIL-UNI-2a57d06c-3		False	False	4.00218	99.5				
WIL-UNI-2a57d06c-4	Cc1cc2ncc(C(=O)Nc3ccc4oc(C)nc4c3)c(C)n2n1	Unassigned	WIL-UNI-2a57d06c-4		False	False	4.00218	99.5				
WIL-UNI-2a57d06c-5	CC1NCCn2c(-c3nc(-c4cnc5cnccn45)no3)ccc21	Unassigned	WIL-UNI-2a57d06c-5		False	False	4.00218	99.5				
WIL-UNI-2a57d06c-6	Cc1cccc2nc(NC3CCN(c4ccc5nncn5n4)C3)sc12	Unassigned	WIL-UNI-2a57d06c-6		False	False	4.00218	99.5				
WIL-UNI-2a57d06c-7	Cn1ncc2cc(C(=O)NNc3nc4cccnc4s3)cnc21	Unassigned	WIL-UNI-2a57d06c-7		False	False	4.00218	99.5				
WIL-UNI-2a57d06c-8	Cc1nc2ccc(NS(=O)(=O)c3cccc4nonc34)cc2o1	Unassigned	WIL-UNI-2a57d06c-8		False	False	4.00218	99.5				
WIL-UNI-2a57d06c-10	Cc1nc2sccn2c1CN(C)C(=O)c1cnc2sccn2c1=O	Unassigned	WIL-UNI-2a57d06c-10		False	False	4.00218	99.5				
WIL-UNI-2a57d06c-11	CC(NCc1cnc2c(cnn2C)c1)c1nc2ccccc2s1	Unassigned	WIL-UNI-2a57d06c-11		False	False	4.00218	99.5				
WIL-UNI-2a57d06c-13	Cc1nc2ccc(NCc3cnc4ccccn34)cn2n1	Unassigned	WIL-UNI-2a57d06c-13		False	False	4.00218	99.5				
WIL-UNI-2a57d06c-16	O=C(NCc1nnc2c(=O)[nH]ccn12)c1ccnc2ccnn12	Unassigned	WIL-UNI-2a57d06c-16		False	False	4.00218	99.5				
WIL-UNI-2a57d06c-18	O=C(NNc1nc2cccnc2s1)c1ccc2ccncc2c1	Unassigned	WIL-UNI-2a57d06c-18		False	False	4.00218	99.5				
WIL-UNI-2a57d06c-19	Cn1ncc2c(NCc3ccc4cccnc4c3)ncnc21	Unassigned	WIL-UNI-2a57d06c-19		False	False	4.00218	99.5				
WIL-UNI-2a57d06c-25	O=C(c1ccc2nnnn2c1)N1CCn2c(cc3ccccc32)C1	Unassigned	WIL-UNI-2a57d06c-25		False	False	4.00218	99.5				
WIL-UNI-2a57d06c-26	Cc1cc(Nc2ccc3nc(C)sc3c2)n2ncnc2n1	Unassigned	WIL-UNI-2a57d06c-26		False	False	4.00218	99.5				
WIL-UNI-2a57d06c-28	CC(NCc1cnc2ccccn12)c1nnc2ccccn12	Unassigned	WIL-UNI-2a57d06c-28		False	False	4.00218	99.5				
WIL-UNI-2a57d06c-29	Cc1cc(C)n2ncc(C(=O)Nc3ccc4ncsc4c3)c2n1	Unassigned	WIL-UNI-2a57d06c-29		False	False	4.00218	99.5				
WIL-UNI-2a57d06c-31	O=C(Nc1ccc2nccnc2c1)c1csc2cncn12	Unassigned	WIL-UNI-2a57d06c-31		False	False	4.00218	99.5				
WIL-UNI-2a57d06c-32	Cc1cc2c(N3CCc4[nH]c5ccccc5c4C3)nccn2n1	Unassigned	WIL-UNI-2a57d06c-32		False	False	4.00218	99.5				
WIL-UNI-2a57d06c-33	Cc1cn2nc(NCc3ccc4ncccc4c3)sc2n1	Unassigned	WIL-UNI-2a57d06c-33		False	False	4.00218	99.5				
WIL-UNI-2a57d06c-34	Cc1ccc2nnc(CNc3ccc4nnc(C(F)(F)F)n4n3)n2c1	Unassigned	WIL-UNI-2a57d06c-34		False	False	4.00218	99.5				
WIL-UNI-2a57d06c-35	Cc1nc2ccc(NC(=O)Cn3ncn4nccc4c3=O)cc2s1	3-aminopyridine-like	WIL-UNI-2a57d06c-35		False	False	4.00218	99.5				
WIL-UNI-2a57d06c-37	Cc1ccc2ncnc(NCc3ccc4nonc4c3)c2c1	Unassigned	WIL-UNI-2a57d06c-37		False	False	4.00218	99.5				
WIL-UNI-2a57d06c-38	O=C(NNc1cc(O)nc2ncccc12)c1ccnc2ccccc12	Unassigned	WIL-UNI-2a57d06c-38		False	False	4.00218	99.5				
WIL-UNI-2a57d06c-39	CC(CNc1ccc2nnnn2n1)c1nc2ccccc2s1	Unassigned	WIL-UNI-2a57d06c-39		False	False	4.00218	99.5				
WIL-UNI-2a57d06c-40	Cc1nc2ccc(NC(=O)NCc3ccc4[nH]c(=O)[nH]c4c3)cc2o1	Unassigned	WIL-UNI-2a57d06c-40		False	False	4.00218	99.5				
WIL-UNI-2a57d06c-41	Cn1ncc2c(=O)[nH]c(NNC(=O)c3cccn4nccc34)nc21	Unassigned	WIL-UNI-2a57d06c-41		False	False	4.00218	99.5				
WIL-UNI-2a57d06c-42	CC(NC(=O)Nc1ccn2ccnc2c1)c1ccc2[nH]c(=O)oc2c1	Unassigned	WIL-UNI-2a57d06c-42		False	False	4.00218	99.5				
WIL-UNI-2a57d06c-43	Cn1ccn2c(CNc3nc4ccccc4s3)nnc2c1=O	Unassigned	WIL-UNI-2a57d06c-43		False	False	4.00218	99.5				
WIL-UNI-2a57d06c-45	Cc1nc2cc(C(=O)NNc3ccnc4cccnc34)ccc2o1	Unassigned	WIL-UNI-2a57d06c-45		False	False	4.00218	99.5				
WIL-UNI-2a57d06c-47	Cn1c(NCc2cn3ccnc3s2)nc2ccccc21	Unassigned	WIL-UNI-2a57d06c-47		False	False	4.00218	99.5				
WIL-UNI-2a57d06c-48	CC(C(=O)Nc1cccc2nccnc12)n1cnc2c(N)ncnc21	3-aminopyridine-like	WIL-UNI-2a57d06c-48		False	False	4.00218	99.5				
WIL-UNI-2a57d06c-49	O=C(Nc1ccc2nncn2c1)c1ccc2scnc2c1	Unassigned	WIL-UNI-2a57d06c-49		False	False	4.00218	99.5				
MAT-POS-865c3497-1	O=C1NC[C@H](C(=O)Nc2cncc3ccccc23)c2cc(Cl)ccc21	3-aminopyridine-like	MAT-POS-865c3497-1		False	False	6.73214	0.185292				
MAT-POS-865c3497-2	O=C1NC[C@@H](C(=O)Nc2cncc3ccccc23)c2cc(Cl)ccc21	3-aminopyridine-like	MAT-POS-865c3497-2		False	False	4.0029	99.3333				
PET-UNK-7fb4f80a-1	CS(=O)(=O)Oc1ccc2c(NC(=O)Cc3cccc(Cl)c3)cncc2c1	3-aminopyridine-like	PET-UNK-7fb4f80a-1		False	False	5.79527	1.60224				
PET-UNK-7fb4f80a-2	CS(=O)(=O)Oc1ccc2cncc(NC(=O)Cc3cccc(Cl)c3)c2c1	3-aminopyridine-like	PET-UNK-7fb4f80a-2		False	False	5.57281	2.67417				
DAN-MCD-0c04f563-1	COc1ccc(NC(=O)[C@@H]2CN(C(=O)CCl)CCN2S(=O)(=O)c2ccsc2)cc1	piperazine-chloroacetamide	DAN-MCD-0c04f563-1		False	True	6.3468	0.449985				
DAN-MCD-50d01569-1	O=C(Nc1ccc2ccccc2c1)[C@@H]1CN(C(=O)CCl)CCN1S(=O)(=O)c1ccsc1	piperazine-chloroacetamide	DAN-MCD-50d01569-1		False	True	6.28177	0.522678				
DAN-MCD-c163c0bb-1	O=C(Nc1ccc(F)cc1)[C@@H]1CN(C(=O)CCl)CCN1S(=O)(=O)c1ccsc1	piperazine-chloroacetamide	DAN-MCD-c163c0bb-1		False	True	6.22725	0.592582				
DAN-MCD-02570321-1	N#Cc1cccc(NC(=O)[C@@H]2CN(C(=O)CCl)CCN2S(=O)(=O)c2ccsc2)c1	piperazine-chloroacetamide	DAN-MCD-02570321-1		False	True	6.38125	0.41567				
DAN-MCD-3bfdcef2-1	Cc1cccc(C)c1NC(=O)[C@@H]1CN(C(=O)CCl)CCN1S(=O)(=O)c1ccsc1	piperazine-chloroacetamide	DAN-MCD-3bfdcef2-1		False	True	5.78629	1.63574				
DAN-MCD-0742953f-1	CCOC(=O)c1cccc(NC(=O)[C@@H]2CN(C(=O)CCl)CCN2S(=O)(=O)c2ccsc2)c1	piperazine-chloroacetamide	DAN-MCD-0742953f-1		False	True	6.33823	0.458957				
DAN-MCD-3ec20f87-1	O=C(CCl)N1CCN(S(=O)(=O)c2ccsc2)[C@H](C(=O)N2CCOCC2)C1	piperazine-chloroacetamide	DAN-MCD-3ec20f87-1		False	True	5.54024	2.88246				
EDJ-MED-12c4873b-2	CNC(=O)C1(N2CC(C(=O)Nc3cncc4ccccc34)c3cc(Cl)ccc3C2=O)CC1	Ugi	EDJ-MED-12c4873b-2		False	False	7.25702	0.0553329				
EDJ-MED-12c4873b-4	CNC(=O)C(C)(C)N1CC(C(=O)Nc2cncc3ccccc23)c2cc(Cl)ccc2C1=O	Ugi	EDJ-MED-12c4873b-4		False	False	5.99345	1.01519				
EDJ-MED-12c4873b-5	O=C(Nc1cncc2ccccc12)C1CN(C2CCNC2=O)Cc2ccc(Cl)cc21	3-aminopyridine-like	EDJ-MED-12c4873b-5		False	False	5.90838	1.23486				
EDJ-MED-12c4873b-6	O=C(Nc1cncc2ccccc12)C1CN(C2CCNC2=O)C(=O)c2ccc(Cl)cc21	Ugi	EDJ-MED-12c4873b-6		False	False	6.14456	0.716868				
EDJ-MED-12c4873b-8	O=C1CC(N2CC(C(=O)Nc3cncc4ccccc34)c3cc(Cl)ccc3C2=O)CN1	3-aminopyridine-like	EDJ-MED-12c4873b-8		False	False	6.16701	0.680758				
EDJ-MED-378a25ea-2	CNC(=O)c1ccc2cncc(NC(=O)C3CN(S(=O)(=O)CC4(C#N)CC4)Cc4ccc(Cl)cc43)c2c1	3-aminopyridine-like	EDJ-MED-378a25ea-2		False	False	6.93697	0.115619				
MAT-POS-2e8b2191-10	CNC(=O)CN1Cc2ccc(Cl)cc2C(C(=O)Nc2cncc3ccc(NS(C)(=O)=O)cc23)C1	3-aminopyridine-like	MAT-POS-2e8b2191-10		False	False	6.54021	0.288261				
MAT-POS-2e8b2191-11	CNC(=O)CN1CC(C(=O)Nc2cncc3ccc(NS(C)(=O)=O)cc23)c2cc(Cl)ccc2C1=O	Ugi	MAT-POS-2e8b2191-11		False	False	7.17741	0.0664639				
MAT-POS-2e8b2191-12	CNC(=O)CN1CC(C(=O)Nc2cncc3cc(S(C)(=O)=O)ccc23)c2cc(Cl)ccc2C1=O	Ugi	MAT-POS-2e8b2191-12		False	False	7.12874	0.074347				
MAT-POS-c20a539d-1	COc1ccc2c(NC(=O)Cc3cccc(Cl)c3)cncc2c1	3-aminopyridine-like	MAT-POS-c20a539d-1		False	False	5.06379	8.63404				
MAT-POS-c20a539d-2	COc1cc2cncc(NC(=O)Cc3cccc(Cl)c3)c2cc1OC	3-aminopyridine-like	MAT-POS-c20a539d-2		False	False	4.00218	99.5				
MAT-POS-c20a539d-4	CC(C)(O)c1ccc2c(NC(=O)Cc3cccc(Cl)c3)cncc2c1	3-aminopyridine-like	MAT-POS-c20a539d-4		False	False	5.53676	2.90561				
MAT-POS-c20a539d-7	CCS(=O)(=O)Nc1ccc2cncc(NC(=O)Cc3cccc(Cl)c3)c2c1	3-aminopyridine-like	MAT-POS-c20a539d-7		False	False	5.9935	1.01507				
MAT-POS-1bed62cf-1	N#CC1(CS(=O)(=O)N2Cc3ccc(Cl)cc3C3(CC(=O)N(c4cncc5ccccc45)C3=O)C2)CC1	3-aminopyridine-like	MAT-POS-1bed62cf-1		False	False	6.79923	0.15877				
MAT-POS-1bed62cf-2	CNC(=O)CN1CC2(CC(=O)N(c3cncc4ccccc34)C2=O)c2cc(Cl)ccc2C1=O	Ugi	MAT-POS-1bed62cf-2		False	False	6.58441	0.260367				
MAT-POS-1bed62cf-3	CNC(=O)CN1Cc2ccc(Cl)cc2C2(CC(=O)N(c3cncc4ccccc34)C2=O)C1	3-aminopyridine-like	MAT-POS-1bed62cf-3		False	False	6.65361	0.222019				
EDJ-MED-a6bab6fb-1	Cc1cccc2cncc(N3CCC4(CCOc5ccc(Cl)cc54)C3)c12	Unassigned	EDJ-MED-a6bab6fb-1		False	False	4.00218	99.5				
EDJ-MED-7889e8da-3	CNC(=O)CN1Cc2ccc(Cl)cc2C(C(=O)Nc2cncc3cc(Cl)ccc23)C1	3-aminopyridine-like	EDJ-MED-7889e8da-3		False	False	6.46831	0.340167				
EDJ-MED-7889e8da-5	CNC(=O)CN1Cc2ccc(Cl)cc2C(C(=O)Nc2cncc3cc(S(C)(=O)=O)ccc23)C1	3-aminopyridine-like	EDJ-MED-7889e8da-5		False	False	6.71141	0.194351				
EDJ-MED-7889e8da-6	CS(=O)(=O)c1ccc2c(NC(=O)C3CN(S(=O)(=O)CC4(C#N)CC4)Cc4ccc(Cl)cc43)cncc2c1	Unassigned	EDJ-MED-7889e8da-6		False	False	7.05768	0.087562				
MAT-POS-983b399a-2	Clc1ccc2c(c1)C1(CCO2)CCN(c2cncc3ccccc23)C1	Unassigned	MAT-POS-983b399a-2		False	False	4.00218	99.5				
MAT-POS-983b399a-3	O=C1CC2(CCOc3ccc(Cl)cc32)CN1c1cncc2ccccc12	Unassigned	MAT-POS-983b399a-3		False	False	5.17134	6.73996				
EDJ-MED-8bb691af-4	CNC(=O)CN1Cc2ccc(Cl)cc2C2(CCN(c3cncc4ccccc34)C2=O)C1	3-aminopyridine-like	EDJ-MED-8bb691af-4		False	False	6.93858	0.11519				
EDJ-MED-8bb691af-6	N#CC1(CS(=O)(=O)N2Cc3ccc(Cl)cc3C3(CCN(c4cncc5ccccc45)C3=O)C2)CC1	3-aminopyridine-like	EDJ-MED-8bb691af-6		False	False	6.91851	0.120638				
EDJ-MED-8bb691af-8	CNC(=O)CN1CC2(CCN(c3cncc4ccccc34)C2=O)c2cc(Cl)ccc2C1=O	Ugi	EDJ-MED-8bb691af-8		False	False	6.97232	0.106581				
MAT-POS-af1eef35-2	COC(=O)CN(C)S(=O)(=O)N1Cc2ccc(Cl)cc2C(C(=O)Nc2cncc3ccccc23)C1	3-aminopyridine-like	MAT-POS-af1eef35-2		False	False	6.93804	0.115336				
ALP-POS-b3e0acc5-1	CS(=O)(=O)CCN1CC(C(=O)Nc2cncc3ccccc23)c2cc(Cl)ccc2C1=O	3-aminopyridine-like	ALP-POS-b3e0acc5-1		False	False	6.75305	0.176585				
MAT-POS-bfd29aac-1	Cn1ncc2cncc(NC(=O)C3CN(S(=O)(=O)CC4(C#N)CC4)Cc4ccc(Cl)cc43)c21	3-aminopyridine-like	MAT-POS-bfd29aac-1		False	False	5.59681	2.53043				
MAT-POS-bfd29aac-2	N#CC1(CS(=O)(=O)N2Cc3ccc(Cl)cc3C(C(=O)Nc3cncc4cn[nH]c34)C2)CC1	3-aminopyridine-like	MAT-POS-bfd29aac-2		False	False	5.97738	1.05347				
MAT-POS-e194df51-1	N#CC1(CS(=O)(=O)N2Cc3ccc(Cl)cc3[C@H](C(=O)Nc3cncc4ccccc34)C2)CC1	3-aminopyridine-like	MAT-POS-e194df51-1		False	False	7.43375	0.0368341				
MAT-POS-e194df51-2	N#CC1(CS(=O)(=O)N2Cc3ccc(Cl)cc3[C@@H](C(=O)Nc3cncc4ccccc34)C2)CC1	3-aminopyridine-like	MAT-POS-e194df51-2		False	False	5.38586	4.11287				
MAT-POS-86c60949-1	O=C(Nc1cncc2cc(F)ccc12)[C@H]1CCS(=O)(=O)c2ccc(Cl)cc21	3-aminopyridine-like	MAT-POS-86c60949-1		False	False	4.61007	24.5431				
MAT-POS-86c60949-2	CC(C)(O)c1ccc2cncc(NC(=O)C3CCNc4ccc(Cl)cc43)c2c1	3-aminopyridine-like	MAT-POS-86c60949-2		False	False	6.45208	0.353118				
MAT-POS-86c60949-3	O=C(Nc1cncc2ccc(CN3CC4(CNC4)C3)cc12)C1CCOc2ccc(Cl)cc21	3-aminopyridine-like	MAT-POS-86c60949-3		False	False	5.83155	1.47384				
PEI-IMP-3d837503-1	CCOC(=O)/C=C/N1CCN(S(=O)(=O)c2ccccc2)CC1	Unassigned	PEI-IMP-3d837503-1		False	False	4.52313	29.9824				
PEI-IMP-3d837503-2	C=CC(=O)N1CCN(S(=O)(=O)c2ccccc2)CC1	Unassigned	PEI-IMP-3d837503-2		True	False	4.00218	99.5				
PEI-IMP-3d837503-3	C=CS(=O)(=O)N1CCN(S(=O)(=O)c2ccccc2)CC1	Unassigned	PEI-IMP-3d837503-3		False	False	4.00218	99.5				
PEI-IMP-668afc53-1	COc1ccc(-c2ccccc2S(=O)(=O)N2CCN(C(=O)CCl)CC2)cc1	piperazine-chloroacetamide	PEI-IMP-668afc53-1		False	True	6.25858	0.551343				
PEI-IMP-668afc53-2	COc1ccc(-c2ccsc2S(=O)(=O)N2CCN(C(=O)CCl)CC2)cc1	piperazine-chloroacetamide	PEI-IMP-668afc53-2		False	True	5.97786	1.05231				
MAT-POS-c0609ef7-1	O=C(Cc1cccc(Cl)c1)Nc1cncc2cc(C(F)F)ccc12	3-aminopyridine-like	MAT-POS-c0609ef7-1		False	False	5.64867	2.24561				
MAT-POS-5cd9ea36-2	O=C(Nc1cncc2ccccc12)C1CN(S(=O)(=O)NC2CC2)Cc2ccc(Cl)cc21	3-aminopyridine-like	MAT-POS-5cd9ea36-2		False	False	6.95245	0.11157				
MAT-POS-5cd9ea36-3	O=C(Nc1cncc2ccccc12)C1CN(S(=O)(=O)NC2CCC2)Cc2ccc(Cl)cc21	3-aminopyridine-like	MAT-POS-5cd9ea36-3		False	False	6.92227	0.1196				
MAT-POS-5cd9ea36-4	CC(C)NS(=O)(=O)N1Cc2ccc(Cl)cc2C(C(=O)Nc2cncc3ccccc23)C1	3-aminopyridine-like	MAT-POS-5cd9ea36-4		False	False	6.71057	0.194727				
MAT-POS-5cd9ea36-5	N#CC1(CS(=O)(=O)N2Cc3ccc(Cl)cc3C(C(=O)Nc3cncc4ccccc34)C2)CCCC1	3-aminopyridine-like	MAT-POS-5cd9ea36-5		False	False	7.07728	0.0836981				
MAT-POS-5cd9ea36-6	N#CC1(CS(=O)(=O)N2Cc3ccc(Cl)cc3C(C(=O)Nc3cncc4ccccc34)C2)CCOCC1	3-aminopyridine-like	MAT-POS-5cd9ea36-6		False	False	6.93636	0.115783				
MAT-POS-5cd9ea36-7	N#CC1(CS(=O)(=O)N2Cc3ccc(Cl)cc3C(C(=O)Nc3cncc4ccccc34)C2)CCS(=O)(=O)CC1	Unassigned	MAT-POS-5cd9ea36-7		False	False	6.8866	0.129839				
MAT-POS-5cd9ea36-8	N#CCC1(CS(=O)(=O)N2Cc3ccc(Cl)cc3C(C(=O)Nc3cncc4ccccc34)C2)CC1	3-aminopyridine-like	MAT-POS-5cd9ea36-8		False	False	6.89187	0.128272				
MAT-POS-5cd9ea36-9	O=C(Nc1cncc2ccccc12)C1CN(S(=O)(=O)CC2(F)CC2)Cc2ccc(Cl)cc21	3-aminopyridine-like	MAT-POS-5cd9ea36-9		False	False	6.7538	0.176279				
MAT-POS-5cd9ea36-10	CC1(CS(=O)(=O)N2Cc3ccc(Cl)cc3C(C(=O)Nc3cncc4ccccc34)C2)CC1	3-aminopyridine-like	MAT-POS-5cd9ea36-10		False	False	7.00857	0.0980471				
MAT-POS-5cd9ea36-11	O=C(Nc1cncc2ccccc12)C1CN(S(=O)(=O)CC2CC2(F)F)Cc2ccc(Cl)cc21	3-aminopyridine-like	MAT-POS-5cd9ea36-11		False	False	6.79738	0.159448				
MAT-POS-5cd9ea36-13	O=C(CN1Cc2ccc(Cl)cc2C(C(=O)Nc2cncc3ccccc23)C1)NC1CC1	3-aminopyridine-like	MAT-POS-5cd9ea36-13		False	False	6.92006	0.120209				
MAT-POS-5cd9ea36-14	CNC(=O)C(C)N1Cc2ccc(Cl)cc2C(C(=O)Nc2cncc3ccccc23)C1	3-aminopyridine-like	MAT-POS-5cd9ea36-14		False	False	6.90793	0.123614				
MAT-POS-5cd9ea36-15	N#CCNC(=O)CN1Cc2ccc(Cl)cc2C(C(=O)Nc2cncc3ccccc23)C1	3-aminopyridine-like	MAT-POS-5cd9ea36-15		False	False	7.07892	0.0833833				
MAT-POS-5cd9ea36-16	CCN(C)S(=O)(=O)N1Cc2ccc(Cl)cc2C(C(=O)Nc2cncc3ccccc23)C1	3-aminopyridine-like	MAT-POS-5cd9ea36-16		False	False	7.04319	0.0905343				
MAT-POS-5cd9ea36-17	CCNS(=O)(=O)N1Cc2ccc(Cl)cc2C(C(=O)Nc2cncc3ccccc23)C1	3-aminopyridine-like	MAT-POS-5cd9ea36-17		False	False	6.82795	0.148609				
MAT-POS-5cd9ea36-18	CN(CC#N)S(=O)(=O)N1Cc2ccc(Cl)cc2C(C(=O)Nc2cncc3ccccc23)C1	3-aminopyridine-like	MAT-POS-5cd9ea36-18		False	False	6.93409	0.116389				
MAT-POS-5cd9ea36-19	CC(C)N(C)S(=O)(=O)N1Cc2ccc(Cl)cc2C(C(=O)Nc2cncc3ccccc23)C1	3-aminopyridine-like	MAT-POS-5cd9ea36-19		False	False	6.89964	0.125996				
MAT-POS-5cd9ea36-20	CN(C1CC1)S(=O)(=O)N1Cc2ccc(Cl)cc2C(C(=O)Nc2cncc3ccccc23)C1	3-aminopyridine-like	MAT-POS-5cd9ea36-20		False	False	6.98257	0.104096				
MAT-POS-5cd9ea36-21	CN(CCC#N)S(=O)(=O)N1Cc2ccc(Cl)cc2C(C(=O)Nc2cncc3ccccc23)C1	3-aminopyridine-like	MAT-POS-5cd9ea36-21		False	False	7.0708	0.0849569				
MAT-POS-5cd9ea36-22	COCCN(C)S(=O)(=O)N1Cc2ccc(Cl)cc2C(C(=O)Nc2cncc3ccccc23)C1	3-aminopyridine-like	MAT-POS-5cd9ea36-22		False	False	6.98113	0.10444				
MAT-POS-5cd9ea36-23	CN(CCO)S(=O)(=O)N1Cc2ccc(Cl)cc2C(C(=O)Nc2cncc3ccccc23)C1	3-aminopyridine-like	MAT-POS-5cd9ea36-23		False	False	6.92188	0.119706				
MAT-POS-5cd9ea36-24	N#CCS(=O)(=O)N1Cc2ccc(Cl)cc2C(C(=O)Nc2cncc3ccccc23)C1	3-aminopyridine-like	MAT-POS-5cd9ea36-24		False	False	6.48166	0.329872				
MAT-POS-e36d57d9-1	CS(=O)(=O)Nc1ccc2cncc(NC(=O)C3CN(S(=O)(=O)CC4(C#N)CC4)Cc4ccc(Cl)cc43)c2c1	Unassigned	MAT-POS-e36d57d9-1		False	False	6.57309	0.267244				
MAT-POS-29385cc1-2	COc1cc2cncc(NC(=O)Cc3cccc(Cl)c3)c2cc1F	3-aminopyridine-like	MAT-POS-29385cc1-2		False	False	4.00218	99.5				
MAT-POS-29385cc1-3	Cc1ccc2c(NC(=O)Cc3cccc(Cl)c3)cncc2c1	3-aminopyridine-like	MAT-POS-29385cc1-3		False	False	5.90678	1.23943				
MAT-POS-29385cc1-4	Cc1cc(F)cc2cncc(NC(=O)Cc3cccc(Cl)c3)c12	3-aminopyridine-like	MAT-POS-29385cc1-4		False	False	6.07017	0.850803				
EDJ-MED-4fff0a85-1	O=C(Nc1cncc2ccccc12)C1CN(S(=O)(=O)CC2CCOCC2)Cc2ccc(Cl)cc21	3-aminopyridine-like	EDJ-MED-4fff0a85-1		False	False	6.81905	0.151689				
EDJ-MED-4fff0a85-3	CC1(CS(=O)(=O)N2Cc3ccc(Cl)cc3C(C(=O)Nc3cncc4ccccc34)C2)CS(=O)(=O)C1	3-aminopyridine-like	EDJ-MED-4fff0a85-3		False	False	7.24562	0.0568041				
EDJ-MED-4fff0a85-4	O=C(Nc1cncc2ccccc12)C1CN(S(=O)(=O)CC2CS(=O)(=O)C2)Cc2ccc(Cl)cc21	3-aminopyridine-like	EDJ-MED-4fff0a85-4		False	False	6.89222	0.128168				
ALP-POS-c56c1477-4	CC1(C(=O)Nc2cncc3ccccc23)CN(S(=O)(=O)CC2(C#N)CC2)Cc2ccc(Cl)cc21	3-aminopyridine-like	ALP-POS-c56c1477-4		False	False	7.0177	0.0960054				
MAT-POS-7174c657-1	CNS(=O)(=O)c1cc(CNC[C@]2(C(=O)Nc3cncc4ccccc34)CCOc3ccc(Cl)cc32)ccc1F	Unassigned	MAT-POS-7174c657-1		False	False	5.91377	1.21963				
MAT-POS-7174c657-2	O=C(Cc1cccc(Cl)c1)N1CC(O)Cc2ccccc21	3-aminopyridine-like	MAT-POS-7174c657-2		False	False	4.00218	99.5				
MAT-POS-7174c657-3	O=C(Cc1cccc(Cl)c1)N1Cc2ccccc2C(O)C1	Unassigned	MAT-POS-7174c657-3		False	False	4.83	14.791				
MAT-POS-7174c657-4	NS(=O)(=O)c1ccc(CNC[C@]2(C(=O)Nc3cncc4ccccc34)CCOc3ccc(Cl)cc32)cc1F	Unassigned	MAT-POS-7174c657-4		False	False	5.74467	1.80023				
MAT-POS-7174c657-5	O=C(N[C@H](C(=O)Nc1cncc2ccccc12)c1cccc(Cl)c1)[C@@H]1CC[C@H](C(=O)N2CCCC2)O1	Ugi	MAT-POS-7174c657-5		False	False	5.84721	1.42164				
MAT-POS-7174c657-6	O=C(N[C@@H](C(=O)Nc1cncc2ccccc12)c1cccc(Cl)c1)[C@@H]1CC[C@H](C(=O)N2CCCC2)O1	Ugi	MAT-POS-7174c657-6		False	False	5.9096	1.2314				
MAT-POS-7ed7af85-1	CC(C)(C)[C@H](NC(=O)C(F)(F)F)C(=O)N1C[C@H]2[C@@H]([C@H]1C(=O)N[C@H](C#N)C[C@@H]1CCNC1=O)C2(C)C	Ugi	MAT-POS-7ed7af85-1		False	False	8.57382	0.00266797				
EDJ-MED-76744c27-1	CC(C)(C#N)CS(=O)(=O)N1Cc2ccc(Cl)cc2C(C(=O)Nc2cncc3ccccc23)C1	3-aminopyridine-like	EDJ-MED-76744c27-1		False	False	6.86643	0.136009				
EDJ-MED-76744c27-3	O=C(Nc1cncc2ccccc12)C1CN(S(=O)(=O)CC2CC2)Cc2ccc(Cl)cc21	3-aminopyridine-like	EDJ-MED-76744c27-3		False	False	6.77394	0.168289				
EDJ-MED-76744c27-5	CC(C)CS(=O)(=O)N1Cc2ccc(Cl)cc2C(C(=O)Nc2cncc3ccccc23)C1	3-aminopyridine-like	EDJ-MED-76744c27-5		False	False	6.97021	0.107101				
EDJ-MED-76744c27-7	COC(C)(C)CS(=O)(=O)N1Cc2ccc(Cl)cc2C(C(=O)Nc2cncc3ccccc23)C1	3-aminopyridine-like	EDJ-MED-76744c27-7		False	False	6.69907	0.199953				
EDJ-MED-be9e6f63-1	COc1ccc2c(NC(=O)C3CN(S(=O)(=O)CC4(C#N)CC4)Cc4ccc(Cl)cc43)cncc2c1	3-aminopyridine-like	EDJ-MED-be9e6f63-1		False	False	6.46546	0.342407				
EDJ-MED-be9e6f63-2	N#CC1(CS(=O)(=O)N2Cc3ccc(Cl)cc3C(C(=O)Nc3cncc4cc(F)ccc34)C2)CC1	3-aminopyridine-like	EDJ-MED-be9e6f63-2		False	False	6.65426	0.221688				
EDJ-MED-be9e6f63-3	CS(=O)(=O)Nc1ccc2c(NC(=O)C3CN(S(=O)(=O)CC4(C#N)CC4)Cc4ccc(Cl)cc43)cncc2c1	Unassigned	EDJ-MED-be9e6f63-3		False	False	7.40213	0.0396156				
EDJ-MED-be9e6f63-4	N#CC1(CS(=O)(=O)N2Cc3ccc(Cl)cc3C(C(=O)Nc3cncc4cc(Cl)ccc34)C2)CC1	3-aminopyridine-like	EDJ-MED-be9e6f63-4		False	False	6.54805	0.283104				
MAT-POS-7ddaf7de-1	Cc1nccn1Cc1ccc2c(NC(=O)C3CCOc4ccc(Cl)cc43)cncc2c1	3-aminopyridine-like	MAT-POS-7ddaf7de-1		False	False	5.27447	5.31536				
MAT-POS-7ddaf7de-2	CS(=O)(=O)c1ccc2c(NC(=O)C3CCOc4ccc(Cl)cc43)cncc2c1	3-aminopyridine-like	MAT-POS-7ddaf7de-2		False	False	6.36947	0.4271				
MAT-POS-7ddaf7de-3	O=C(Nc1cncc2cc(CN3CC4(CNC4)C3)ccc12)C1CCOc2ccc(Cl)cc21	3-aminopyridine-like	MAT-POS-7ddaf7de-3		False	False	5.84241	1.43744				
MAT-POS-7ddaf7de-4	Cc1c(N)cncc1NC(=O)C1CCOc2ccc(Cl)cc21	3-aminopyridine-like	MAT-POS-7ddaf7de-4		False	False	5.47087	3.38169				
RED-RED-10c9212c-1	Cc1nc(C2CCN(C(=O)c3ccc(Br)cc3)CC2)n[nH]1	Unassigned	RED-RED-10c9212c-1		False	False	4.00218	99.5				
RED-RED-10c9212c-2	NC(=O)CN1CCCN(C(=O)CCSc2ccc(F)cc2)CC1	Unassigned	RED-RED-10c9212c-2		False	False	4.00218	99.5				
RED-RED-10c9212c-3	Cc1sc2ncnc(N3CCc4c(ncn4C4CC4)C3)c2c1C	Unassigned	RED-RED-10c9212c-3		False	False	4.00218	99.5				
RED-RED-10c9212c-4	O=C(Nc1ccc(-c2nnc[nH]2)cc1)c1cccc(F)c1F	Unassigned	RED-RED-10c9212c-4		False	False	4.00218	99.5				
RED-RED-10c9212c-5	O=C(Nc1cccnc1)N1CCC(CN2CCc3ccccc32)CC1	Unassigned	RED-RED-10c9212c-5		False	False	4.00218	99.5				
RED-RED-10c9212c-6	O=c1[nH]c2ccc(-c3csc(NCc4ccc(F)cc4)n3)cc2o1	Unassigned	RED-RED-10c9212c-6		False	False	4.00218	99.5				
RED-RED-10c9212c-7	Cc1c(Cl)cccc1S(=O)(=O)N(Cc1ccc(F)cc1)c1ccc2[nH]c(=O)[nH]c2c1	Unassigned	RED-RED-10c9212c-7		False	False	4.00218	99.5				
RED-RED-10c9212c-8	O=C(Cn1ccc(=O)[nH]c1=O)N1CCN(c2ccccc2O)CC1	Unassigned	RED-RED-10c9212c-8		False	False	4.00218	99.5				
RED-RED-10c9212c-9	O=C(COC(=O)C1(c2ccccc2)CCC1)c1c[nH]c2ccccc12	Unassigned	RED-RED-10c9212c-9		False	False	4.00218	99.5				
RED-RED-10c9212c-10	CCc1n[nH]c(=O)c(-c2nc(-c3c[nH]c4ncccc34)cs2)c1CC	Unassigned	RED-RED-10c9212c-10		False	False	4.00218	99.5				
RED-RED-10c9212c-11	O=C(NCCCc1nc(=O)[nH][nH]1)C1(c2ccc(F)cc2F)CCC1	Unassigned	RED-RED-10c9212c-11		False	False	4.00218	99.5				
RED-RED-10c9212c-12	O=C(O)c1ccc(CNCc2c[nH]nc2-c2cccs2)cc1	Unassigned	RED-RED-10c9212c-12		False	False	4.00218	99.5				
RED-RED-10c9212c-13	O=CN1CCC(OC(=O)c2c[nH]nc2-c2ccc(Cl)cc2)CC1	Unassigned	RED-RED-10c9212c-13		False	False	4.00218	99.5				
RED-RED-10c9212c-14	Cc1[nH]c2ccccc2c1C(=O)CSc1nc2cc(Cl)cnc2[nH]1	Unassigned	RED-RED-10c9212c-14		False	False	4.00218	99.5				
RED-RED-10c9212c-15	O=C(NCc1ccc2[nH]c(=O)[nH]c2c1)Nc1ccc(F)c(F)c1	Unassigned	RED-RED-10c9212c-15		False	False	4.00218	99.5				
RED-RED-10c9212c-16	Clc1scc(CN2CCC(c3ccn[nH]3)CC2)c1Cl	Unassigned	RED-RED-10c9212c-16		False	False	4.00218	99.5				
RED-RED-10c9212c-17	O=C(Cn1ccc(=O)[nH]c1=O)OCc1ccc(-c2ccccc2)cc1	Unassigned	RED-RED-10c9212c-17		False	False	4.00218	99.5				
RED-RED-10c9212c-18	O=C(c1cc(F)cc(F)c1)N1CCOc2cc(O)ccc2C1	Unassigned	RED-RED-10c9212c-18		False	False	4.00218	99.5				
RED-RED-10c9212c-19	O=C(CCc1nc2ccccc2[nH]1)N1CCC(CCc2ccccc2)CC1	Unassigned	RED-RED-10c9212c-19		False	False	4.00218	99.5				
RED-RED-10c9212c-20	Cc1ccc(-c2ccc(C(=O)N3CC[C@H](N)C3)c(F)c2)cc1	Unassigned	RED-RED-10c9212c-20		False	False	4.00218	99.5				
RED-RED-10c9212c-21	Cc1c(Cl)cc(S(=O)(=O)N2CC=C(c3c[nH]c4ncccc34)CC2)cc1[N+](=O)[O-]	Unassigned	RED-RED-10c9212c-21		False	False	4.00218	99.5				
RED-RED-10c9212c-22	Cc1ccc(-n2c(C)c(C)n3c4c(=O)n(CCCO)c(=O)n(C)c4nc23)cc1Cl	Unassigned	RED-RED-10c9212c-22		False	False	4.00218	99.5				
RED-RED-10c9212c-23	C1=C(c2c[nH]c3ccccc23)CCN(Cc2ccno2)C1	Unassigned	RED-RED-10c9212c-23		False	False	4.00218	99.5				
RED-RED-10c9212c-24	Cc1cccc(CN2CCN(c3nc4ccccc4nc3C)CC2)c1	Unassigned	RED-RED-10c9212c-24		False	False	4.00218	99.5				
RED-RED-10c9212c-25	O=c1[nH]c2ccc(NC(=S)Nc3ccccc3Cl)cc2[nH]1	Unassigned	RED-RED-10c9212c-25		False	False	4.00218	99.5				
RED-RED-10c9212c-26	O=C(OCC(=O)N1CCC(Cc2ccccc2)CC1)c1cc(=O)[nH]c(=O)[nH]1	Unassigned	RED-RED-10c9212c-26		False	False	4.00218	99.5				
RED-RED-10c9212c-27	O=C(NCCc1nnc2n1CCC2)c1cc(O)nc2ccccc12	Unassigned	RED-RED-10c9212c-27		False	False	4.00218	99.5				
RED-RED-10c9212c-28	Cc1nc(-c2cccc(NCc3ccccc3C)c2)n[nH]1	Unassigned	RED-RED-10c9212c-28		False	False	4.00218	99.5				
RED-RED-10c9212c-29	O=c1[nH]c(-c2nnc[nH]2)nc2cc(-c3ccccc3Cl)sc12	Unassigned	RED-RED-10c9212c-29		False	False	4.00218	99.5				
RED-RED-10c9212c-30	COc1ccc([N+](=O)[O-])cc1COC(=O)c1cnc2ccccc2n1	Unassigned	RED-RED-10c9212c-30		False	False	4.00218	99.5				
RED-RED-10c9212c-31	C/C=C/C=C/C(=O)N1CC=C(c2c[nH]c3ncccc23)CC1	Unassigned	RED-RED-10c9212c-31		False	False	4.00218	99.5				
RED-RED-10c9212c-32	CCC(C)c1ccc(C(NCC(=O)Nc2ccc3[nH]c(=O)[nH]c3c2)c2cccs2)cc1	Unassigned	RED-RED-10c9212c-32		False	False	4.00218	99.5				
RED-RED-10c9212c-33	CCN1CCCC1C1CCCN1C(=O)CCc1c[nH]c2ccccc12	Unassigned	RED-RED-10c9212c-33		False	False	4.00218	99.5				
RED-RED-10c9212c-34	Cc1ccccc1C(C)NC(C)C(=O)Nc1ccc2[nH]c(=O)[nH]c2c1	Unassigned	RED-RED-10c9212c-34		False	False	4.00218	99.5				
RED-RED-10c9212c-35	COC1CCC2OCCN(C(=O)c3ccc4[nH]cnc4c3)C2C1	Unassigned	RED-RED-10c9212c-35		False	False	4.00218	99.5				
RED-RED-10c9212c-36	CCC(C(=O)O)N1CCCC(NC(=O)c2ccc3ccccc3c2)C1	Unassigned	RED-RED-10c9212c-36		False	False	4.00218	99.5				
RED-RED-10c9212c-37	Cc1cccc(C2CCCCN2C(=O)C(C)c2cncnc2)c1C	Unassigned	RED-RED-10c9212c-37		False	False	4.00218	99.5				
RED-RED-10c9212c-38	COC(=O)C1CC1C(=O)N1CCC(c2c[nH]c3ncccc23)CC1	Unassigned	RED-RED-10c9212c-38		False	False	4.00218	99.5				
RED-RED-10c9212c-39	O=C(Cn1cn[nH]c1=O)NC1CCCCCC1c1ccccc1C(F)(F)F	Unassigned	RED-RED-10c9212c-39		False	False	4.00218	99.5				
RED-RED-10c9212c-40	O=C(c1ccc(N2CCCC2)nc1)N1CCCC(c2ccn[nH]2)C1	Unassigned	RED-RED-10c9212c-40		False	False	4.00218	99.5				
RED-RED-10c9212c-41	NC(=O)C1Cc2ccccc2CN1CC(=O)N1CCN(c2ncccn2)CC1	Unassigned	RED-RED-10c9212c-41		False	False	4.00218	99.5				
RED-RED-10c9212c-42	CC1C(=O)NCCN1C(=O)CCCc1c[nH]c2ccccc12	Ugi	RED-RED-10c9212c-42		False	False	4.00218	99.5				
RED-RED-10c9212c-43	Cc1cc(C)n(C2CCCN(C(=O)c3c[nH]c4ncccc34)C2)n1	Unassigned	RED-RED-10c9212c-43		False	False	4.00218	99.5				
RED-RED-10c9212c-44	CCCCn1nnnc1CNC1CCc2nc(C(C)C)nn2C1	Unassigned	RED-RED-10c9212c-44		False	False	4.00218	99.5				
RED-RED-10c9212c-45	CC(C)(CNC(=O)C1CNC(=O)N1)N1CCc2ccccc2C1	Unassigned	RED-RED-10c9212c-45		False	False	4.00218	99.5				
RED-RED-10c9212c-46	CSc1ccc(C2c3c(-c4ccccc4O)n[nH]c3C(=O)N2Cc2cccnc2)cc1	Unassigned	RED-RED-10c9212c-46		False	False	4.00218	99.5				
RED-RED-10c9212c-47	O=CNc1ccc(C(=O)NC(c2ccccc2)C2CCOCC2)cc1	Unassigned	RED-RED-10c9212c-47		False	False	4.00218	99.5				
RED-RED-10c9212c-48	Cc1cc(C)c(S(=O)(=O)N2CCCC2C(=O)Nc2ccc3[nH]c(=O)sc3c2)c(C)c1	Unassigned	RED-RED-10c9212c-48		False	False	4.00218	99.5				
RED-RED-10c9212c-49	CCC(c1ccncc1)N(C)C(=O)Cc1c[nH]c2ncccc12	Unassigned	RED-RED-10c9212c-49		False	False	4.00218	99.5				
RED-RED-10c9212c-50	CC(C)N1CCCC(N2CCN(c3ccc4nccnc4n3)CC2)C1=O	Unassigned	RED-RED-10c9212c-50		False	False	4.00218	99.5				
RED-RED-10c9212c-52	CC(NCc1c[nH]c2nccnc12)c1cc(F)ccc1N1CCC(O)CC1	Unassigned	RED-RED-10c9212c-52		False	False	4.00218	99.5				
RED-RED-10c9212c-53	O=c1c2ccccc2c(-c2ccc(Br)cc2)nn1CC(O)CN1CCOCC1	Unassigned	RED-RED-10c9212c-53		False	False	4.00218	99.5				
RED-RED-10c9212c-54	O=C(NCC(c1ccccc1)c1c[nH]c2ccccc12)c1cnccn1	Unassigned	RED-RED-10c9212c-54		False	False	4.00218	99.5				
RED-RED-10c9212c-55	O=C(NCC(=O)N1CCCC1c1nc2ccccc2[nH]1)C1CCCC1	Unassigned	RED-RED-10c9212c-55		False	False	4.00218	99.5				
RED-RED-10c9212c-56	Cc1[nH]c2ccccc2c1/C=N/c1sc2c(c1C#N)CCC(C)C2	Unassigned	RED-RED-10c9212c-56		False	False	4.00218	99.5				
RED-RED-10c9212c-57	Clc1cccc2c1OCCC2Nc1ncccn1	Unassigned	RED-RED-10c9212c-57		False	False	4.00218	99.5				
ALP-POS-6f6ae286-1	O=C1NCC(C(=O)Nc2cncc3cc(F)ccc23)c2cc(Cl)ccc21	3-aminopyridine-like	ALP-POS-6f6ae286-1		False	False	5.94099	1.14554				
ALP-POS-6f6ae286-3	COC1(C(=O)Nc2cncc3cc(F)ccc23)CCOc2ccc(Cl)cc21	3-aminopyridine-like	ALP-POS-6f6ae286-3		False	False	6.38584	0.411301				
ALP-POS-6f6ae286-5	CNC(=O)CN1Cc2ccc(Cl)cc2C(C(=O)Nc2cncc3cc(F)ccc23)C1	3-aminopyridine-like	ALP-POS-6f6ae286-5		False	False	6.58965	0.257248				
BEN-DND-03ad4429-1	O=C1CCN(S(=O)(=O)c2cccc(F)c2)CC1	Unassigned	BEN-DND-03ad4429-1		False	False	4.00218	99.5				
BEN-DND-03ad4429-2	O=C1CCCN(S(=O)(=O)c2cccc(F)c2)CC1	Unassigned	BEN-DND-03ad4429-2		False	False	4.00218	99.5				
BEN-DND-03ad4429-4	O=C(/C=C/c1ccccc1)N1CCN(S(=O)(=O)c2cccc(F)c2)CC1	Unassigned	BEN-DND-03ad4429-4		False	False	4.00218	99.5				
BEN-DND-03ad4429-5	O=C1CCN(S(=O)(=O)c2cccs2)CC1	Unassigned	BEN-DND-03ad4429-5		False	False	4.00218	99.5				
BEN-DND-03ad4429-6	O=C1CCCN(S(=O)(=O)c2cccs2)CC1	Unassigned	BEN-DND-03ad4429-6		False	False	4.00218	99.5				
MAT-POS-ee5e8e94-2	CN(C)C(=O)c1cc2c(NC(=O)C3CCOc4ccc(Cl)cc43)cncc2s1	3-aminopyridine-like	MAT-POS-ee5e8e94-2		False	False	6.39883	0.399179				
EDJ-MED-b24713dc-1	Cc1ccn2c(NC(=O)Cc3cccc(Cl)c3)cnc2c1	3-aminopyridine-like	EDJ-MED-b24713dc-1		False	False	4.70799	19.589				
EDJ-MED-b24713dc-2	Cc1cccc2ncc(NC(=O)Cc3cccc(Cl)c3)n12	3-aminopyridine-like	EDJ-MED-b24713dc-2		False	False	5.25651	5.53976				
EDJ-MED-b24713dc-3	Cc1ccc2ncc(NC(=O)Cc3cccc(Cl)c3)n2c1	3-aminopyridine-like	EDJ-MED-b24713dc-3		False	False	5.04521	9.01127				
EDJ-MED-dd2a8363-1	O=C1NCC(C(=O)Nc2cnn3ccccc23)c2cc(Cl)ccc21	3-aminopyridine-like	EDJ-MED-dd2a8363-1		False	False	5.14915	7.09337				
EDJ-MED-dd2a8363-2	O=C(Nc1cnn2ccccc12)C1CCS(=O)(=O)c2ccc(Cl)cc21	3-aminopyridine-like	EDJ-MED-dd2a8363-2		False	False	5.40999	3.89054				
EDJ-MED-dd2a8363-3	O=C1NCC(C(=O)Nc2cnn3c2CCCC3)c2cc(Cl)ccc21	3-aminopyridine-like	EDJ-MED-dd2a8363-3		False	False	4.51511	30.5415				
EDJ-MED-dd2a8363-4	Cc1cccn2ncc(NC(=O)C3CNC(=O)c4ccc(Cl)cc43)c12	3-aminopyridine-like	EDJ-MED-dd2a8363-4		False	False	5.61983	2.39977				
ALP-POS-1cbc2fae-1	CC1(C(=O)Nc2cncc3ccccc23)CNS(=O)(=O)c2ccc(Cl)cc21	3-aminopyridine-like	ALP-POS-1cbc2fae-1		False	False	6.58085	0.262511				
ALP-POS-1cbc2fae-2	CCC1(C(=O)Nc2cncc3ccccc23)CNS(=O)(=O)c2ccc(Cl)cc21	3-aminopyridine-like	ALP-POS-1cbc2fae-2		False	False	7.0574	0.0876186				
MAT-POS-8695a11f-1	O=C1N(c2cncc3ccccc23)CC[C@@]1(O)c1cccc(Cl)c1	3-aminopyridine-like	MAT-POS-8695a11f-1		False	False	4.04252	90.6742				
MAT-POS-8695a11f-2	O=C(Nc1cncc2ccc(CN3CCNCC3)cc12)C1CCOc2ccc(Cl)cc21	3-aminopyridine-like	MAT-POS-8695a11f-2		False	False	6.12143	0.756086				
MAT-POS-8695a11f-3	O=C1N(c2cncc3ccccc23)CC[C@]1(O)c1cccc(Cl)c1	3-aminopyridine-like	MAT-POS-8695a11f-3		False	False	6.13221	0.737551				
EDJ-MED-d9f3798e-1	CS(=O)(=O)Nc1ccc2cncc(NC(=O)C3CNC(=O)c4ccc(Cl)cc43)c2c1	3-aminopyridine-like	EDJ-MED-d9f3798e-1		False	False	6.71001	0.194978				
EDJ-MED-d9f3798e-3	CS(=O)(=O)Nc1ccc2cncc(NC(=O)C3CCS(=O)(=O)c4ccc(Cl)cc43)c2c1	3-aminopyridine-like	EDJ-MED-d9f3798e-3		False	False	6.68983	0.204252				
EDJ-MED-eb111c00-2	COCCN1CC(C(=O)Nc2cncc3ccccc23)c2cc(Cl)ccc2C1=O	3-aminopyridine-like	EDJ-MED-eb111c00-2		False	False	6.57304	0.267279				
EDJ-MED-eb111c00-3	O=C(Nc1cncc2ccccc12)C1CN(CC2CC2)C(=O)c2ccc(Cl)cc21	3-aminopyridine-like	EDJ-MED-eb111c00-3		False	False	6.4193	0.380803				
PET-UNK-d899bab6-1	CN(C)c1ccc2cncc(NC(=O)Cc3cccc(Cl)c3)c2c1	3-aminopyridine-like	PET-UNK-d899bab6-1		False	False	6.13716	0.729187				
MAT-POS-1f3c8e6f-1	Cc1cc(N)ncc1NC(=O)C1CCOc2ccc(Cl)cc21	3-aminopyridine-like	MAT-POS-1f3c8e6f-1		False	False	4.00218	99.5				
WIL-UNI-d4749f31-1	Cc1ccc(NCc2nnc3n(C)c(=O)c4ccccc4n23)cc1C	Unassigned	WIL-UNI-d4749f31-1		False	False	4.00218	99.5				
WIL-UNI-d4749f31-2	O=C(Nc1ccc2c(=O)cc[nH]c2c1)c1ccc2ccncc2c1	Unassigned	WIL-UNI-d4749f31-2		False	False	4.00218	99.5				
WIL-UNI-d4749f31-3	Cc1cn2ccc(C(=O)Nc3nc(-c4cnn(C)c4)cs3)cc2n1	Unassigned	WIL-UNI-d4749f31-3		False	False	4.00218	99.5				
WIL-UNI-d4749f31-4	O=C(Cc1c[nH]c2cc(Cl)ccc12)Nc1cccc2[nH]c(=O)[nH]c12	3-aminopyridine-like	WIL-UNI-d4749f31-4		False	False	4.00218	99.5				
WIL-UNI-d4749f31-5	Cc1nnc(CNc2ccc3nnc(-c4ccccc4)n3n2)o1	Unassigned	WIL-UNI-d4749f31-5		False	False	4.00218	99.5				
WIL-UNI-d4749f31-7	CN(Cc1nnc2ccccn12)C(=O)c1ccnc2ccccc12	Unassigned	WIL-UNI-d4749f31-7		False	False	4.00218	99.5				
WIL-UNI-d4749f31-8	Cc1cc(N2CCC(C)N(Cc3ccccc3)CC2)n2ncnc2n1	Unassigned	WIL-UNI-d4749f31-8		False	False	4.00218	99.5				
WIL-UNI-d4749f31-9	O=C(Nc1nn2cnnc2s1)c1csc(-c2ccccc2)n1	Unassigned	WIL-UNI-d4749f31-9		False	False	4.00218	99.5				
WIL-UNI-d4749f31-10	Cc1cn2c(CNC(=O)c3cnn4ccccc34)c(C)nc2s1	Unassigned	WIL-UNI-d4749f31-10		False	False	4.00218	99.5				
WIL-UNI-d4749f31-11	N#CCc1cccc(NC(=O)c2cnn3cc(Br)cnc23)n1	Unassigned	WIL-UNI-d4749f31-11		False	False	4.00218	99.5				
WIL-UNI-d4749f31-12	Cc1ccc(Br)nc1C(=O)NC(C)c1nnc2c(=O)[nH]ccn12	Unassigned	WIL-UNI-d4749f31-12		False	False	4.00218	99.5				
WIL-UNI-d4749f31-14	O=C(NNc1cc(O)nc2ncccc12)c1ccc2[nH]ccc2c1	Unassigned	WIL-UNI-d4749f31-14		False	False	4.00218	99.5				
WIL-UNI-d4749f31-15	Cc1cc(C(=O)Nc2cnc3nccn3c2)nn1-c1ccc(F)cc1	Unassigned	WIL-UNI-d4749f31-15		False	False	4.00218	99.5				
WIL-UNI-d4749f31-16	Cn1ccn2c(CNC(=O)c3ccc4ncsc4c3)nnc2c1=O	Unassigned	WIL-UNI-d4749f31-16		False	False	4.00218	99.5				
WIL-UNI-d4749f31-17	Cn1c(NC(=O)Cc2csc3nccn23)nc2ccc(F)cc21	3-aminopyridine-like	WIL-UNI-d4749f31-17		False	False	4.00218	99.5				
WIL-UNI-d4749f31-18	O=C(N/N=c1\cc[nH]c2ccccc12)c1ccc2ncccc2c1	Unassigned	WIL-UNI-d4749f31-18		False	False	4.00218	99.5				
WIL-UNI-d4749f31-19	Cc1cc(O)c2cc(NC(=O)c3cnn4ccc(C)nc34)ccc2n1	Unassigned	WIL-UNI-d4749f31-19		False	False	4.00218	99.5				
WIL-UNI-d4749f31-20	Cc1cccc2ncnc(NC(C)c3ccc4[nH]c(=O)[nH]c4c3)c12	Unassigned	WIL-UNI-d4749f31-20		False	False	4.00218	99.5				
WIL-UNI-d4749f31-22	O=C(Nc1cnc2nccn2c1)c1cn2c(Br)cnc2s1	Unassigned	WIL-UNI-d4749f31-22		False	False	4.00218	99.5				
WIL-UNI-d4749f31-24	Cc1ccc(C(=O)Nc2c(-c3cnn(C)c3)nc3ccccn23)cn1	Unassigned	WIL-UNI-d4749f31-24		False	False	4.00218	99.5				
WIL-UNI-d4749f31-25	c1ccc2oc(C3CCCN(Cc4cnc5cnccn45)C3)nc2c1	Unassigned	WIL-UNI-d4749f31-25		False	False	4.00218	99.5				
WIL-UNI-d4749f31-26	Cn1cnnc1-c1cccc(NS(=O)(=O)c2c(Cl)nc3sccn23)c1	Unassigned	WIL-UNI-d4749f31-26		False	False	4.00218	99.5				
WIL-UNI-d4749f31-27	Cn1c(=O)oc2cc(S(=O)(=O)Nc3ccc4ncccc4c3)ccc21	Unassigned	WIL-UNI-d4749f31-27		False	False	4.00218	99.5				
WIL-UNI-d4749f31-28	CC(NC(=O)c1c(Cl)nc2ccccn12)c1nnc2ccccn12	Unassigned	WIL-UNI-d4749f31-28		False	False	4.00218	99.5				
WIL-UNI-d4749f31-29	CC(NC(=O)c1nccc2cccnc12)c1ccc2[nH]c(=O)oc2c1	Unassigned	WIL-UNI-d4749f31-29		False	False	4.00218	99.5				
WIL-UNI-d4749f31-30	Cc1noc2ncc(CNc3ccc(-c4nnnn4C)cc3)cc12	Unassigned	WIL-UNI-d4749f31-30		False	False	4.00218	99.5				
WIL-UNI-d4749f31-33	Cc1nc2sccn2c1CN(C)C(=O)c1cn2ccccc2n1	Unassigned	WIL-UNI-d4749f31-33		False	False	4.00218	99.5				
WIL-UNI-d4749f31-34	CN(Cc1nc2ccccc2s1)C(=O)c1ccc2c(c1)nnn2C	Unassigned	WIL-UNI-d4749f31-34		False	False	4.00218	99.5				
WIL-UNI-d4749f31-35	CC(Cc1nc2ccccc2s1)Nc1ccc2nnnn2n1	Unassigned	WIL-UNI-d4749f31-35		False	False	4.00218	99.5				
WIL-UNI-d4749f31-36	Cc1csc2ncc(C(=O)Nc3cccc4ncccc34)c(=O)n12	Unassigned	WIL-UNI-d4749f31-36		False	False	4.00218	99.5				
WIL-UNI-d4749f31-37	O=C(NNc1nc2ccccc2[nH]1)c1cc(O)nc2ccccc12	Unassigned	WIL-UNI-d4749f31-37		False	False	4.58807	25.8184				
WIL-UNI-d4749f31-38	O=C(Nc1cccc2cc[nH]c12)c1cccc2[nH]c(=O)oc12	Unassigned	WIL-UNI-d4749f31-38		False	False	4.00218	99.5				
WIL-UNI-d4749f31-39	Cn1c(NC(=O)c2cccnc2-n2cccn2)nc2cc(F)ccc21	Unassigned	WIL-UNI-d4749f31-39		False	False	4.00218	99.5				
WIL-UNI-d4749f31-40	Cc1nn2c(CNc3ccc(Cn4cncn4)cc3)c(C)nc2s1	Unassigned	WIL-UNI-d4749f31-40		False	False	4.00218	99.5				
WIL-UNI-d4749f31-41	CC(CNC(=O)c1cnc2ccccn12)Nc1nc2ccccc2o1	Unassigned	WIL-UNI-d4749f31-41		False	False	4.00218	99.5				
WIL-UNI-d4749f31-42	Cc1nc2cc(C(=O)NNc3nc4ccncc4s3)ccc2o1	Unassigned	WIL-UNI-d4749f31-42		False	False	4.00218	99.5				
WIL-UNI-d4749f31-43	Cc1nn(C)c2nc(Cl)cc(NNC(=O)c3ccnc4[nH]nnc34)c12	Unassigned	WIL-UNI-d4749f31-43		False	False	4.00218	99.5				
WIL-UNI-d4749f31-45	CC(NC(=O)c1ccc2oc(=S)[nH]c2c1)c1nnc2ccccn12	Unassigned	WIL-UNI-d4749f31-45		False	False	4.00218	99.5				
PET-UNK-af70882d-1	CC(C)(C#N)CS(=O)(=O)N1Cc2ccc(Cl)cc2[C@H](C(=O)Nc2cncc3ccccc23)C1	3-aminopyridine-like	PET-UNK-af70882d-1		False	False	7.01032	0.0976528				
MAT-POS-500f4700-1	Cc1ccnc(NC(=O)C2CCOc3ccc(Cl)cc32)c1N	3-aminopyridine-like	MAT-POS-500f4700-1		False	False	4.14528	71.5686				
MAT-POS-500f4700-2	O=C(Nc1cnc2ccccn12)C1CCNc2cc(Cl)c(Cl)cc21	3-aminopyridine-like	MAT-POS-500f4700-2		False	False	5.7034	1.97972				
ALP-POS-d054b76b-5	N#CC1CN(S(=O)(=O)NCc2ccc(Cl)cc2CC(=O)Nc2cncc3ccccc23)C1	3-aminopyridine-like	ALP-POS-d054b76b-5		False	False	6.63716	0.230588				
ALP-POS-6479a3a9-1	N#CC1(CS(=O)(=O)NCc2ccc(Cl)cc2CC(=O)Nc2cncc3ccccc23)CC1	3-aminopyridine-like	ALP-POS-6479a3a9-1		False	False	6.87753	0.132576				
ALP-POS-6479a3a9-2	CS(=O)(=O)NCc1ccc(Cl)cc1CC(=O)Nc1cncc2ccccc12	3-aminopyridine-like	ALP-POS-6479a3a9-2		False	False	6.42493	0.375899				
TAT-ENA-0e28ea53-1	Cc1cc(NC(=O)C2CCOc3ccc(Cl)cc32)ncc1N	3-aminopyridine-like	TAT-ENA-0e28ea53-1		False	False	4.00218	99.5				
BEN-DND-1e24cf73-1	O=C(Cc1cccc(Cl)c1)Nc1cncn1-c1ccccc1	3-aminopyridine-like	BEN-DND-1e24cf73-1		False	False	4.00218	99.5				
PET-UNK-b38839dc-1	COc1cc2c(NC(=O)Cc3cccc(Cl)c3)cncc2cc1F	3-aminopyridine-like	PET-UNK-b38839dc-1		False	False	5.94428	1.13691				
EDJ-MED-6e43a462-1	COc1ccn2c(NC(=O)Cc3cccc(Cl)c3)cnc2c1	3-aminopyridine-like	EDJ-MED-6e43a462-1		False	False	4.00218	99.5				
EDJ-MED-6e43a462-2	COc1ccc2ncc(NC(=O)Cc3cccc(Cl)c3)n2c1	3-aminopyridine-like	EDJ-MED-6e43a462-2		False	False	4.79945	15.8689				
EDJ-MED-6e43a462-3	COc1cccc2ncc(NC(=O)Cc3cccc(Cl)c3)n12	3-aminopyridine-like	EDJ-MED-6e43a462-3		False	False	4.00218	99.5				
EDJ-MED-6e43a462-11	O=C(Cc1cccc(Cl)c1)Nc1cnc2n1CCCC2	3-aminopyridine-like	EDJ-MED-6e43a462-11		False	False	4.02787	93.7833				
MAT-POS-b5c94171-1	Cc1ccnc(N)c1NC(=O)C1CCOc2ccc(Cl)cc21	3-aminopyridine-like	MAT-POS-b5c94171-1		False	False	4.15774	69.5448				
RAL-THA-176e263b-1	CCC1(C(=O)Nc2cncc3ccccc23)CNC(=O)c2ccc(Cl)cc21	3-aminopyridine-like	RAL-THA-176e263b-1		False	False	5.9286	1.17869				
RAL-THA-176e263b-4	CC1(C(=O)Nc2cncc3ccccc23)CNC(=O)c2ccc(Cl)cc21	3-aminopyridine-like	RAL-THA-176e263b-4		False	False	6.05772	0.875554				
MAT-POS-edabd372-1	CC1NC(=O)c2ccc(Cl)cc2C1C(=O)Nc1cncc2ccc(S(C)(=O)=O)cc12	3-aminopyridine-like	MAT-POS-edabd372-1		False	False	5.70124	1.98957				
MAT-POS-edabd372-2	CC1(C(=O)Nc2cncc3ccc(S(C)(=O)=O)cc23)CNC(=O)c2ccc(Cl)cc21	3-aminopyridine-like	MAT-POS-edabd372-2		False	False	5.17891	6.62352				
MAT-POS-51833a24-1	O=C(Nc1cnc2ccccn12)C1CCOc2ccc(Cl)cc21	3-aminopyridine-like	MAT-POS-51833a24-1		False	False	5.48731	3.25604				
MAT-POS-a2421bb6-1	NC1CCc2c(NC(=O)C3CCOc4ccc(Cl)cc43)cncc21	3-aminopyridine-like	MAT-POS-a2421bb6-1		False	False	4.58838	25.7997				
MAT-POS-a2421bb6-2	CNC1CCc2c(NC(=O)C3CCOc4ccc(Cl)cc43)cncc21	3-aminopyridine-like	MAT-POS-a2421bb6-2		False	False	4.00218	99.5				
MAT-POS-a2421bb6-4	Cn1ncc(NC(=O)C2CCOc3ccc(Cl)cc32)c1C(F)F	3-aminopyridine-like	MAT-POS-a2421bb6-4		False	False	4.00218	99.5				
ROB-CAM-6936528f-1	O=C1Cc2ccccc2N(C(=O)Cc2cccc(Cl)c2)C1	3-aminopyridine-like	ROB-CAM-6936528f-1		False	False	4.00218	99.5				
EDJ-MED-827e7cb4-1	CS(=O)(=O)c1ccc2cncc(NC(=O)C3CNC(=O)c4ccc(Cl)cc43)c2c1	3-aminopyridine-like	EDJ-MED-827e7cb4-1		False	False	5.56195	2.74189				
EDJ-MED-827e7cb4-4	CS(=O)(=O)c1ccc2cncc(NC(=O)C3CNC(=O)c4c(F)cc(F)cc43)c2c1	3-aminopyridine-like	EDJ-MED-827e7cb4-4		False	False	5.4435	3.60167				
EDJ-MED-827e7cb4-6	CCC1(C(=O)Nc2cncc3ccc(S(C)(=O)=O)cc23)CNC(=O)c2ccc(Cl)cc21	3-aminopyridine-like	EDJ-MED-827e7cb4-6		False	False	5.83861	1.45007				
EDJ-MED-827e7cb4-7	O=C1NCC(C(=O)Nc2cnc3ccccn23)c2cc(Cl)ccc21	3-aminopyridine-like	EDJ-MED-827e7cb4-7		False	False	5.22712	5.92755				
EDJ-MED-c292668a-1	O=C1CN(C(=O)Cc2cccc(Cl)c2)Cc2ccccc21	Unassigned	EDJ-MED-c292668a-1		False	False	4.00218	99.5				
MAT-POS-8293a91a-1	Cc1cc(O)ncc1NC(=O)C1CCOc2ccc(Cl)cc21	3-aminopyridine-like	MAT-POS-8293a91a-1		False	False	4.00218	99.5				
MAT-POS-8293a91a-2	O=C(Nc1cncc2ccccc12)C(NC(=O)[C@H]1CC[C@H](C(=O)N2CCCC2)O1)c1cccc(Cl)c1	Ugi	MAT-POS-8293a91a-2		False	False	5.62423	2.37556				
MAT-POS-8293a91a-3	O=C(Nc1cncc2ccc(C(F)(F)F)cc12)C1CCOc2ccc(Cl)cc21	3-aminopyridine-like	MAT-POS-8293a91a-3		False	False	4.00218	99.5				
MAT-POS-8293a91a-4	CNC(=O)CN1Cc2ccc(Cl)cc2[C@H](C(=O)Nc2cncc3ccccc23)C1	3-aminopyridine-like	MAT-POS-8293a91a-4		False	False	4.97555	10.5791				
MAT-POS-8293a91a-5	CNC(=O)CN1Cc2ccc(Cl)cc2[C@@H](C(=O)Nc2cncc3ccccc23)C1	3-aminopyridine-like	MAT-POS-8293a91a-5		False	False	6.95192	0.111707				
MAT-POS-8293a91a-6	O=C(Nc1cncc2ccccc12)C(NC(=O)[C@@H]1CC[C@@H](C(=O)N2CCCC2)O1)c1cccc(Cl)c1	Ugi	MAT-POS-8293a91a-6		False	False	5.34832	4.48414				
MAT-POS-8293a91a-7	O=C(Nc1cncc2ccccc12)C(NC(=O)[C@H]1CC[C@@H](C(=O)N2CCCC2)O1)c1cccc(Cl)c1	Ugi	MAT-POS-8293a91a-7		False	False	4.7132	19.3551				
EDJ-MED-ce467fd5-1	CNC(=O)CN1CC(C(=O)Nc2cncc3ccc(S(C)(=O)=O)cc23)c2cc(Cl)ccc2C1=O	Ugi	EDJ-MED-ce467fd5-1		False	False	6.48201	0.329602				
ALP-POS-f1807566-1	O=C1NCC(C(=O)Nc2cncc3ccccc23)c2cc(F)cc(F)c21	3-aminopyridine-like	ALP-POS-f1807566-1		False	False	5.76094	1.73404				
MAT-POS-a3f7f96a-1	O=C(Nc1cncc2ccccc12)C12CCC(O1)c1cc(Cl)ccc12	3-aminopyridine-like	MAT-POS-a3f7f96a-1		False	False	5.62086	2.3941				
MAT-POS-a3f7f96a-3	COC(=O)c1cc(/C=c2\s/c(=C(/C#N)C(=O)NC(C)C)n(-c3ccc(OC)c(F)c3)c2=O)oc1C	Unassigned	MAT-POS-a3f7f96a-3		False	False	4.00218	99.5				
MAT-POS-a3f7f96a-4	CC(C(=O)NS(=O)(=O)c1cnn(-c2cccc(C(F)(F)F)c2)c1)n1cnc(C#N)n1	Unassigned	MAT-POS-a3f7f96a-4		False	False	4.00218	99.5				
MAT-POS-a3f7f96a-5	COC(=O)c1cc(/C=c2\sc(=C(C#N)C#N)n(-c3cccc(C(F)(F)F)c3)c2=O)oc1C	Unassigned	MAT-POS-a3f7f96a-5		False	False	4.00218	99.5				
MAT-POS-a3f7f96a-6	CC1(n2cc(CNCC3(C(=O)Nc4cncc5ccccc45)CCOc4ccc(Cl)cc43)cn2)CCS(=O)(=O)C1	Unassigned	MAT-POS-a3f7f96a-6		False	False	4.61237	24.4133				
MAT-POS-a3f7f96a-7	O=C(Nc1cncc2ccccc12)C1(CNCc2cnn(C3CCS(=O)(=O)C3)c2)CCOc2ccc(Cl)cc21	Unassigned	MAT-POS-a3f7f96a-7		False	False	4.93287	11.6715				
MAT-POS-a3f7f96a-8	O=C1COc2ncc(CNCC3(C(=O)Nc4cncc5ccccc45)CCOc4ccc(Cl)cc43)cc2N1	3-aminopyridine-like	MAT-POS-a3f7f96a-8		False	False	5.02361	9.47086				
MAT-POS-a3f7f96a-9	COc1ccc(CNCC2(C(=O)Nc3cncc4ccccc34)CCOc3ccc(Cl)cc32)cc1OCC(N)=O	Unassigned	MAT-POS-a3f7f96a-9		False	False	4.9384	11.524				
DAN-MCD-9cdc9f7f-1	O=C(NC(c1ccccc1)c1ccccc1)[C@@H]1CN(C(=O)CCl)CCN1S(=O)(=O)c1ccsc1	piperazine-chloroacetamide	DAN-MCD-9cdc9f7f-1		False	True	6.19694	0.63542				
DAN-MCD-f396e45b-1	O=C(NC(c1ccccc1)c1ccccc1)[C@H]1CN(C(=O)CCl)CCN1S(=O)(=O)c1ccsc1	piperazine-chloroacetamide	DAN-MCD-f396e45b-1		False	True	6.07963	0.832464				
DAN-MCD-7eba3d41-1	O=C(NC1CCCCC1)[C@@H]1CN(C(=O)CCl)CCN1S(=O)(=O)c1ccsc1	piperazine-chloroacetamide	DAN-MCD-7eba3d41-1		False	True	5.94213	1.14253				
DAN-MCD-e5161b06-1	O=C(Nc1ccccc1)[C@H]1CN(C(=O)CCl)CCN1S(=O)(=O)c1ccsc1	piperazine-chloroacetamide	DAN-MCD-e5161b06-1		False	True	6.41319	0.386199				
DAN-MCD-68a9aade-1	O=C(Nc1ccccc1)[C@@H]1CN(C(=O)CCl)CCN1S(=O)(=O)c1ccsc1	piperazine-chloroacetamide	DAN-MCD-68a9aade-1		False	True	6.14487	0.716357				
DAN-MCD-b3a5626f-1	O=C(NCc1ccccc1)[C@@H]1CN(C(=O)CCl)CCN1S(=O)(=O)c1ccsc1	piperazine-chloroacetamide	DAN-MCD-b3a5626f-1		False	True	6.29977	0.501455				
DAN-MCD-0fb4364c-1	O=C(Nc1ccccn1)[C@H]1CN(C(=O)CCl)CCN1S(=O)(=O)c1ccsc1	piperazine-chloroacetamide	DAN-MCD-0fb4364c-1		False	True	5.32164	4.76821				
DAN-MCD-9b81d1fa-1	O=C(NCc1ccccc1)[C@H]1CN(C(=O)CCl)CCN1S(=O)(=O)c1ccsc1	piperazine-chloroacetamide	DAN-MCD-9b81d1fa-1		False	True	6.20673	0.621257				
DAN-MCD-52f1549c-1	O=C(NCc1ccccn1)[C@H]1CN(C(=O)CCl)CCN1S(=O)(=O)c1ccsc1	piperazine-chloroacetamide	DAN-MCD-52f1549c-1		False	True	6.51267	0.307139				
DAN-MCD-8aee1169-1	O=C(NCc1ccccn1)[C@@H]1CN(C(=O)CCl)CCN1S(=O)(=O)c1ccsc1	piperazine-chloroacetamide	DAN-MCD-8aee1169-1		False	True	6.26586	0.542172				
DAN-MCD-9950a804-1	O=C(NCCc1ccccc1)[C@@H]1CN(C(=O)CCl)CCN1S(=O)(=O)c1ccsc1	piperazine-chloroacetamide	DAN-MCD-9950a804-1		False	True	5.89323	1.2787				
DAN-MCD-1a622181-1	O=C(NCCc1ccccc1)[C@H]1CN(C(=O)CCl)CCN1S(=O)(=O)c1ccsc1	piperazine-chloroacetamide	DAN-MCD-1a622181-1		False	True	5.61475	2.428				
DAN-MCD-881986d8-1	Cc1ccc(S(=O)(=O)N2CCN(C(=O)CCl)C[C@H]2C(=O)NC2CCCCC2)cc1	piperazine-chloroacetamide	DAN-MCD-881986d8-1		False	True	5.34841	4.48326				
DAN-MCD-34fd4f29-1	Cc1ccc(S(=O)(=O)N2CCN(C(=O)CCl)C[C@H]2C(=O)NCCc2ccccc2)cc1	piperazine-chloroacetamide	DAN-MCD-34fd4f29-1		False	True	4.92687	11.8339				
DAN-MCD-1c3944e2-1	Cc1ccc(S(=O)(=O)N2CCN(C(=O)CCl)C[C@H]2C(=O)NCc2ccccc2)cc1	piperazine-chloroacetamide	DAN-MCD-1c3944e2-1		False	True	5.43746	3.65206				
MAT-POS-d8472c4f-1	O=C1N(c2cncc3ccccc23)CCC1(O)c1cccc(Cl)c1	3-aminopyridine-like	MAT-POS-d8472c4f-1		False	False	5.67348	2.12089				
MAT-POS-d8472c4f-2	COC(=O)[C@H]1CC[C@@H](CNC(C(=O)Nc2cncc3ccccc23)c2cccc(Cl)c2)O1	3-aminopyridine-like	MAT-POS-d8472c4f-2		False	False	5.7657	1.71513				
MAT-POS-d8472c4f-4	O=C(Nc1cncc2ccccc12)c1ccnc2cc(Cl)c(Cl)cc12	Unassigned	MAT-POS-d8472c4f-4		False	False	4.55115	28.1093				
PET-UNK-ac320b15-9	O=C(N[C@@H](C(=O)Nc1cncc2ccccc12)c1cccc(Cl)c1)[C@H]1CC[C@@H](C(=O)N2CCCC2)O1	Ugi	PET-UNK-ac320b15-9		False	False	4.36667	42.9867				
PET-UNK-ac320b15-10	O=C(Nc1cncc2ccccc12)[C@@H](NC(=O)[C@H]1CC[C@@H](C(=O)N2CCCC2)O1)c1cccc(Cl)c1	Ugi	PET-UNK-ac320b15-10		False	False	5.19475	6.38633				
UNK-CYC-68f84b31-67	CC(C(=O)OC1CCCN(Cc2cccc(C(F)(F)F)c2)C1=O)n1cnc(C#N)n1	Unassigned	UNK-CYC-68f84b31-67		False	False	5.0299	9.33461				
UNK-CYC-68f84b31-70	O=C(NNC(=O)c1cccc(-n2nccc2C(F)(F)F)c1)OCc1ccccc1	Unassigned	UNK-CYC-68f84b31-70		False	False	4.00218	99.5				
UNK-CYC-68f84b31-86	N#Cc1ccc(C(=O)N2C[C@@H](F)C[C@H]2CNC(=O)C2CCCC2O)[nH]1	Unassigned	UNK-CYC-68f84b31-86		False	False	4.00218	99.5				
BEN-DND-03406596-8	O=C(CCl)N1CCCN(S(=O)(=O)c2ccc(F)cc2)CC1	Unassigned	BEN-DND-03406596-8		False	True	4.35656	43.9987				
BEN-DND-03406596-11	C[C@H](C(=O)Nc1cncnc1)c1ccccc1	3-aminopyridine-like	BEN-DND-03406596-11		False	False	4.00218	99.5				
BEN-DND-03406596-12	C[C@@H](C(=O)Nc1cncnc1)c1ccccc1	3-aminopyridine-like	BEN-DND-03406596-12		False	False	4.00218	99.5				
PET-UNK-b1ef24dc-1	O=C(Cc1cccc(Cl)c1)Nc1cncc2cnoc12	3-aminopyridine-like	PET-UNK-b1ef24dc-1		False	False	4.62094	23.9366				
PET-UNK-b1ef24dc-3	O=C(Cc1cccc(Cl)c1)Nc1cncc2oncc12	3-aminopyridine-like	PET-UNK-b1ef24dc-3		False	False	4.29565	50.6227				
ALF-EVA-07677224-7	COC1(CS(=O)(=O)N2Cc3ccc(Cl)cc3C(C(=O)Nc3cncc4ccccc34)C2)CC1	3-aminopyridine-like	ALF-EVA-07677224-7		False	False	6.99519	0.101114				
ALP-POS-82da25a3-1	O=C(Nc1cncc2cc(CO)ccc12)C1CCOc2ccc(Cl)cc21	3-aminopyridine-like	ALP-POS-82da25a3-1		False	False	5.85535	1.39525				
EDJ-MED-076d6e64-1	O=C(Cc1cccc(Cl)c1)Nc1cncn2cnnc12	3-aminopyridine-like	EDJ-MED-076d6e64-1		False	False	4.00218	99.5				
EDJ-MED-015fb6b4-2	CNC(=O)CN1CC(C(=O)Nc2cncc3ccccc23)c2cc(Cl)ccc2C1=O	Ugi	EDJ-MED-015fb6b4-2		False	False	7.27591	0.0529773				
PET-UNK-2c6614b6-5	O=C(Nc1cncc2cc(F)ccc12)[C@@H]1CCS(=O)(=O)c2ccc(Cl)cc21	3-aminopyridine-like	PET-UNK-2c6614b6-5		False	False	6.5312	0.294306				
MAT-POS-24589f88-1	COc1ccc2cncc(NC(=O)[C@@]3(OC)CCOc4ccc(Cl)cc43)c2c1	3-aminopyridine-like	MAT-POS-24589f88-1		False	False	5.3784	4.18406				
MAT-POS-24589f88-2	CS(=O)(=O)N1Cc2ccc(Cl)cc2[C@@H](C(=O)Nc2cncc3ccccc23)C1	3-aminopyridine-like	MAT-POS-24589f88-2		False	False	4.90935	12.321				
MAT-POS-24589f88-3	CS(=O)(=O)N1Cc2ccc(Cl)cc2[C@H](C(=O)Nc2cncc3ccccc23)C1	3-aminopyridine-like	MAT-POS-24589f88-3		False	False	6.84961	0.141382				
MAT-POS-24589f88-4	O=C(Nc1cncc2ccccc12)C1(CNCc2cn(CC3CCCO3)nn2)CCOc2ccc(Cl)cc21	3-aminopyridine-like	MAT-POS-24589f88-4		False	False	5.06853	8.5403				
MAT-POS-24589f88-5	Cc1nc(CN2Cc3ccc(Cl)cc3C(C(=O)Nc3cncc4ccc(F)cc34)C2)cs1	3-aminopyridine-like	MAT-POS-24589f88-5		False	False	5.95223	1.11627				
MAT-POS-24589f88-6	O=C(Nc1cncc2ccccc12)C1(CNCc2c(N3CCOCC3)nc3ccccn3c2=O)CCOc2ccc(Cl)cc21	Unassigned	MAT-POS-24589f88-6		False	False	4.9015	12.5458				
MAT-POS-24589f88-7	CNC(=O)COc1ccc(CNCC2(C(=O)Nc3cncc4ccccc34)CCOc3ccc(Cl)cc32)cc1OC	Unassigned	MAT-POS-24589f88-7		False	False	4.92966	11.7582				
MAT-POS-24589f88-8	NC(=O)c1ccn(-c2ccc(CNCC3(C(=O)Nc4cncc5ccccc45)CCOc4ccc(Cl)cc43)cn2)n1	Unassigned	MAT-POS-24589f88-8		False	False	5.19357	6.40366				
MAT-POS-24589f88-9	NS(=O)(=O)c1ccc(CNCC2(C(=O)Nc3cncc4ccccc34)CCOc3ccc(Cl)cc32)cc1F	Unassigned	MAT-POS-24589f88-9		False	False	5.71111	1.94486				
MAT-POS-24589f88-10	Cn1cc(CNCC2(C(=O)Nc3cncc4ccccc34)CCOc3ccc(Cl)cc32)n2ncc(C#N)c12	3-aminopyridine-like	MAT-POS-24589f88-10		False	False	4.91742	12.0942				
MAT-POS-24589f88-11	O=C(NC1(C(=O)Nc2cncc3ccccc23)CCOc2ccc(Cl)cc21)C1CCC(C(=O)N2CCCC2)O1	Ugi	MAT-POS-24589f88-11		False	False	5.55063	2.81431				
MAT-POS-24589f88-12	NS(=O)(=O)c1ccc(CNCC2(C(=O)Nc3cncc4ccccc34)CCOc3ccc(Cl)cc32)cc1	3-aminopyridine-like	MAT-POS-24589f88-12		False	False	5.61435	2.43022				
MAT-POS-24589f88-13	CNS(=O)(=O)c1cc(CNCC2(C(=O)Nc3cncc4ccccc34)CCOc3ccc(Cl)cc32)ccc1F	Unassigned	MAT-POS-24589f88-13		False	False	5.76213	1.72929				
MAT-POS-24589f88-14	CN1CCN(c2cncc3ccccc23)C(=O)C1c1cccc(Cl)c1	3-aminopyridine-like	MAT-POS-24589f88-14		False	False	5.65546	2.21076				
MAT-POS-24589f88-15	O=C1CN(c2ccc(CNCC3(C(=O)Nc4cncc5ccccc45)CCOc4ccc(Cl)cc43)cc2)CCN1	Unassigned	MAT-POS-24589f88-15		False	False	5.06796	8.55137				
MAT-POS-24589f88-16	Cn1ccc(CN2Cc3ccc(Cl)cc3C(C(=O)Nc3cncc4ccc(F)cc34)C2)n1	3-aminopyridine-like	MAT-POS-24589f88-16		False	False	5.86963	1.3501				
ALP-POS-a2344586-1	CC(C)(C)c1ccc(N(C(=O)c2ccco2)C(C(=O)NCCc2cccc(F)c2)c2cc(=O)[nH]c3ccccc23)cc1	Unassigned	ALP-POS-a2344586-1		False	False	5.64235	2.2785				
ALP-POS-a2344586-3	CC(C)(C)c1ccc(N(C(=O)c2c[nH]cn2)C(C(=O)NCCc2cccc(F)c2)c2cc(=O)[nH]c3ccccc23)cc1	Unassigned	ALP-POS-a2344586-3		False	False	5.88184	1.31269				
EDJ-MED-ee742daa-4	CN(C)S(=O)(=O)N1Cc2ccc(Cl)cc2C(C(=O)Nc2cnccc2C(F)(F)F)C1	3-aminopyridine-like	EDJ-MED-ee742daa-4		False	False	4.54019	28.8276				
MAT-POS-dc2604c4-1	N#CC1(CS(=O)(=O)N2Cc3ccc(Cl)cc3C(C(=O)Nc3cncc4ccccc34)C2)CC1	3-aminopyridine-like	MAT-POS-dc2604c4-1		False	False	7.17813	0.0663548				
MAT-POS-dc2604c4-3	N#CC1(CS(=O)(=O)N2Cc3ccc(Cl)cc3C(C(=O)Nc3cncc4ccccc34)C2)CNC1	3-aminopyridine-like	MAT-POS-dc2604c4-3		False	False	6.77115	0.169375				
EDJ-MED-1981ceba-1	O=C(Nc1cncc2ccccc12)C1CN(S(=O)(=O)N2CCOCC2)Cc2ccc(Cl)cc21	3-aminopyridine-like	EDJ-MED-1981ceba-1		False	False	6.86167	0.137509				
EDJ-MED-1981ceba-2	O=C(Nc1cncc2ccccc12)C1CN(S(=O)(=O)N2CCC2)Cc2ccc(Cl)cc21	3-aminopyridine-like	EDJ-MED-1981ceba-2		False	False	6.80113	0.158077				
EDJ-MED-1981ceba-3	COC1CN(S(=O)(=O)N2Cc3ccc(Cl)cc3C(C(=O)Nc3cncc4ccccc34)C2)C1	3-aminopyridine-like	EDJ-MED-1981ceba-3		False	False	7.15521	0.0699501				
EDJ-MED-1981ceba-4	N#CC1CN(S(=O)(=O)N2Cc3ccc(Cl)cc3C(C(=O)Nc3cncc4ccccc34)C2)C1	3-aminopyridine-like	EDJ-MED-1981ceba-4		False	False	7.19201	0.0642674				
EDJ-MED-1981ceba-5	CN1CCN(S(=O)(=O)N2Cc3ccc(Cl)cc3C(C(=O)Nc3cncc4ccccc34)C2)CC1	3-aminopyridine-like	EDJ-MED-1981ceba-5		False	False	6.93685	0.115651				
EDJ-MED-fa7708b3-2	O=C(Nc1cncc2ccccc12)C1CN(Cc2ncn[nH]2)Cc2ccc(Cl)cc21	3-aminopyridine-like	EDJ-MED-fa7708b3-2		False	False	6.10595	0.783521				
EDJ-MED-fa7708b3-3	Cc1n[nH]c(CN2Cc3ccc(Cl)cc3C(C(=O)Nc3cncc4ccccc34)C2)n1	3-aminopyridine-like	EDJ-MED-fa7708b3-3		False	False	6.12485	0.750153				
ALP-POS-a577c8a2-1	O=C(Nc1cncc2ccccc12)C1CNS(=O)(=O)c2ccc(Cl)cc21	3-aminopyridine-like	ALP-POS-a577c8a2-1		False	False	6.47569	0.334432				
PET-UNK-e274cad4-6	Cn1ccc2cncc(NC(=O)Cc3cccc(Cl)c3)c21	3-aminopyridine-like	PET-UNK-e274cad4-6		False	False	5.83938	1.44751				
JAR-KUA-41bd5a3d-1	COCc1csc(CNC(=O)c2ncc(Cl)cc2Cl)c1	Unassigned	JAR-KUA-41bd5a3d-1		False	False	4.00218	99.5				
JAR-KUA-41bd5a3d-2	NS(=O)(=O)c1cc(CN2CCN(C(c3ccccc3)c3ccccc3)CC2)co1	Unassigned	JAR-KUA-41bd5a3d-2		False	False	4.00218	99.5				
JAR-KUA-41bd5a3d-3	Cc1nc(C)c(S(=O)(=O)NCC2CCCC3CC23)s1	Unassigned	JAR-KUA-41bd5a3d-3		False	False	4.00218	99.5				
JAR-KUA-41bd5a3d-4	Cc1nc(N2CCN(S(=O)(=O)c3ccccc3)CC2)sc1S(N)(=O)=O	Unassigned	JAR-KUA-41bd5a3d-4		False	False	4.00218	99.5				
JAR-KUA-41bd5a3d-6	Cc1csc2ncc(C(=O)N3C4CCC3c3ccccc34)c(=O)n12	Unassigned	JAR-KUA-41bd5a3d-6		False	False	4.00218	99.5				
JAR-KUA-41bd5a3d-7	CCS(=O)(=O)c1c(Cl)cccc1CNC(c1cccc(F)c1)C1CC1	Unassigned	JAR-KUA-41bd5a3d-7		False	False	4.00218	99.5				
JAR-KUA-41bd5a3d-8	COCc1csc(-c2nnc(-c3sc(-c4ccccc4)nc3C)o2)c1	Unassigned	JAR-KUA-41bd5a3d-8		False	False	4.00218	99.5				
JAR-KUA-41bd5a3d-9	Cc1ccc(S(=O)(=O)NCC(=O)N2CCC(NS(N)(=O)=O)CC2)cc1	Unassigned	JAR-KUA-41bd5a3d-9		False	False	4.00218	99.5				
JAR-KUA-41bd5a3d-10	CCS(=O)(=O)c1cc(Cl)cc(CNS(=O)(=O)c2cccs2)c1	Unassigned	JAR-KUA-41bd5a3d-10		False	False	4.00218	99.5				
JAR-KUA-41bd5a3d-11	Cc1ccc(S(=O)(=O)NCCNC(=O)N2CCN(S(=O)(=O)N3CCCC3)CC2)cc1	Unassigned	JAR-KUA-41bd5a3d-11		False	False	4.00218	99.5				
JAR-KUA-41bd5a3d-12	COCc1ccccc1CNS(=O)(=O)c1c(C)sc(C)c1C	Unassigned	JAR-KUA-41bd5a3d-12		False	False	4.00218	99.5				
JAR-KUA-41bd5a3d-13	CN(C)S(=O)(=O)N1CCN(C(=O)C2Nc3ccccc3S(=O)(=O)N2)CC1	Unassigned	JAR-KUA-41bd5a3d-13		False	False	4.00218	99.5				
JAR-KUA-41bd5a3d-14	CCS(=O)(=O)c1ccc(CNS(=O)(=O)c2cnc(-c3ccccc3)s2)s1	Unassigned	JAR-KUA-41bd5a3d-14		False	False	4.00218	99.5				
JAR-KUA-41bd5a3d-15	Cc1nc2scc(C)n2c1CN1CCN(Cc2ccsc2)CC1	Unassigned	JAR-KUA-41bd5a3d-15		False	False	4.00218	99.5				
JAR-KUA-41bd5a3d-16	NS(=O)(=O)NCCNS(=O)(=O)c1ccccc1[N+](=O)[O-]	Unassigned	JAR-KUA-41bd5a3d-16		False	False	4.00218	99.5				
JAR-KUA-41bd5a3d-17	COc1cc(OC)cc(-c2nc(-c3c(C)nc4sccn34)no2)c1	Unassigned	JAR-KUA-41bd5a3d-17		False	False	4.00218	99.5				
JAR-KUA-41bd5a3d-18	NS(=O)(=O)C1Cc2ccccc2N(CCNS(=O)(=O)c2ccccc2)C1	Unassigned	JAR-KUA-41bd5a3d-18		False	False	4.00218	99.5				
JAR-KUA-41bd5a3d-19	CCN(CC)S(=O)(=O)c1ccc(S(=O)(=O)N2CCN(S(N)(=O)=O)CC2)cc1	Unassigned	JAR-KUA-41bd5a3d-19		False	False	4.00218	99.5				
MAT-POS-afb6844f-1	CNc1cncc(NC(=O)C2CCOc3ccc(Cl)cc32)c1C	3-aminopyridine-like	MAT-POS-afb6844f-1		False	False	4.49038	32.3311				
MAT-POS-afb6844f-2	Cc1c(NC(=O)C2CCOc3ccc(Cl)cc32)cncc1N(C)C	3-aminopyridine-like	MAT-POS-afb6844f-2		False	False	4.00218	99.5				
MAT-POS-afb6844f-4	Nc1cncc(NC(=O)C2CCOc3ccc(Cl)cc32)c1C1CC1	3-aminopyridine-like	MAT-POS-afb6844f-4		False	False	5.30579	4.94545				
MAT-POS-61f37a1a-1	CC(C)(C)OC(=O)NC(CCO)CNCC1(C(=O)Nc2cncc3ccccc23)CCOc2ccc(Cl)cc21	Unassigned	MAT-POS-61f37a1a-1		False	False	5.66393	2.16806				
MAT-POS-61f37a1a-2	O=C(Nc1cncc2ccccc12)C1CN(S(=O)(=O)[C@@H]2CCC[C@H]2O)Cc2ccc(Cl)cc21	3-aminopyridine-like	MAT-POS-61f37a1a-2		False	False	6.86274	0.137169				
MAT-POS-61f37a1a-3	O=C1c2ccccc2C(=O)N1CCNCC1(C(=O)Nc2cncc3ccccc23)CCOc2ccc(Cl)cc21	3-aminopyridine-like	MAT-POS-61f37a1a-3		False	False	4.84499	14.2891				
MAT-POS-61f37a1a-4	Cn1nnc(CNC(=O)OC(C)(C)C)c1CNCC1(C(=O)Nc2cncc3ccccc23)CCOc2ccc(Cl)cc21	Unassigned	MAT-POS-61f37a1a-4		False	False	5.45768	3.48593				
MAT-POS-61f37a1a-5	Cn1cc(CN2Cc3ccc(Cl)cc3C(C(=O)Nc3cncc4ccc(F)cc34)C2)nn1	3-aminopyridine-like	MAT-POS-61f37a1a-5		False	False	6.03922	0.913656				
MAT-POS-61f37a1a-6	COc1cc(CNCC2(C(=O)Nc3cncc4ccccc34)CCOc3ccc(Cl)cc32)cc(OC)c1OCC(N)=O	Unassigned	MAT-POS-61f37a1a-6		False	False	4.91729	12.098				
MAT-POS-61f37a1a-7	O=C(Nc1cncc2ccccc12)C1(CNCc2cn(CC3CCOC3)nn2)CCOc2ccc(Cl)cc21	3-aminopyridine-like	MAT-POS-61f37a1a-7		False	False	5.22357	5.97631				
MAT-POS-61f37a1a-8	Cc1nn(C)c(N2CCOCC2)c1CNCC1(C(=O)Nc2cncc3ccccc23)CCOc2ccc(Cl)cc21	Unassigned	MAT-POS-61f37a1a-8		False	False	5.0189	9.57419				
MAT-POS-61f37a1a-9	O=C(Nc1cncc2ccccc12)C1(CNCc2cnc(N3CCOCC3)nc2)CCOc2ccc(Cl)cc21	3-aminopyridine-like	MAT-POS-61f37a1a-9		False	False	4.84373	14.3307				
MAT-POS-61f37a1a-10	COC(=O)c1cnc(Cn2ccc(CNCC3(C(=O)Nc4cncc5ccccc45)CCOc4ccc(Cl)cc43)n2)cn1	Unassigned	MAT-POS-61f37a1a-10		False	False	5.51018	3.08903				
MAT-POS-61f37a1a-11	COC(=O)CCc1nocc1CNCC1(C(=O)Nc2cncc3ccccc23)CCOc2ccc(Cl)cc21	3-aminopyridine-like	MAT-POS-61f37a1a-11		False	False	5.59963	2.51404				
MAT-POS-61f37a1a-12	N#CCN1Cc2ccc(Cl)cc2C(C(=O)Nc2cncc3ccccc23)C1	3-aminopyridine-like	MAT-POS-61f37a1a-12		False	False	6.47496	0.334993				
MAT-POS-61f37a1a-13	Cc1nc(CN2Cc3ccc(Cl)cc3C(C(=O)Nc3cncc4ccc(F)cc34)C2)c[nH]1	3-aminopyridine-like	MAT-POS-61f37a1a-13		False	False	6.51334	0.306662				
MAT-POS-61f37a1a-14	O=C1NC2(COc3ccc(Cl)cc32)C(=O)N1c1cncc2ccc(F)cc12	3-aminopyridine-like	MAT-POS-61f37a1a-14		False	False	5.85882	1.38414				
MAT-POS-61f37a1a-15	Cn1c(CNCC2(C(=O)Nc3cncc4ccccc34)CCOc3ccc(Cl)cc32)nc2c1c(=O)[nH]c(=O)n2C	Unassigned	MAT-POS-61f37a1a-15		False	False	4.00218	99.5				
PET-UNK-bcc8fd08-1	[2H]C([2H])([2H])O[C@@]1(C(=O)Nc2cncc3ccccc23)CCOc2ccc(Cl)cc21	3-aminopyridine-like	PET-UNK-bcc8fd08-1		False	False	7.07555	0.0840331	6.7593	0.174061		
PET-UNK-bcc8fd08-2	[2H]C([2H])([2H])O[C@@]1(C(=O)Nc2cncc3ccc(F)cc23)CCOc2ccc(Cl)cc21	3-aminopyridine-like	PET-UNK-bcc8fd08-2		False	False	6.7858	0.163758				
MAT-POS-14f31916-1	Cc1cc2c(NC(=O)C3CCOc4ccc(Cl)cc43)cncc2s1	3-aminopyridine-like	MAT-POS-14f31916-1		False	False	6.64234	0.227854				
MAT-POS-14f31916-2	NC(=O)c1cc2c(NC(=O)C3CCOc4ccc(Cl)cc43)cncc2s1	3-aminopyridine-like	MAT-POS-14f31916-2		False	False	6.11879	0.760692				
MAT-POS-14f31916-3	CNC(=O)c1cc2c(NC(=O)C3CCOc4ccc(Cl)cc43)cncc2s1	3-aminopyridine-like	MAT-POS-14f31916-3		False	False	6.2437	0.57056				
MAT-POS-14f31916-4	Cc1nc2c(NC(=O)C3CCOc4ccc(Cl)cc43)cncc2s1	3-aminopyridine-like	MAT-POS-14f31916-4		False	False	5.49138	3.22567				
MAT-POS-14f31916-5	O=C(Nc1cncc2sc(Cl)cc12)C1CCOc2ccc(Cl)cc21	3-aminopyridine-like	MAT-POS-14f31916-5		False	False	5.98514	1.0348				
ALP-POS-e6e0c683-3	CS(=O)(=O)N1Cc2ccc(Cl)cc2C(C(=O)Nc2cncc3c2CCCC3)C1	3-aminopyridine-like	ALP-POS-e6e0c683-3		False	False	6.19215	0.642465				
EDJ-MED-6bf93aa8-1	CNS(=O)(=O)c1ccc2c(NC(=O)C3(OC)CCOc4ccc(Cl)cc43)cncc2c1	3-aminopyridine-like	EDJ-MED-6bf93aa8-1		False	False	6.11536	0.766731				
EDJ-MED-b7309adf-1	O=C(Nc1cncc2cc(F)ccc12)C1CCS(=O)(=O)c2ccc(Cl)cc21	3-aminopyridine-like	EDJ-MED-b7309adf-1		False	False	6.11369	0.769686				
EDJ-MED-b7309adf-2	O=C(Nc1cncc2cc(Cl)ccc12)C1CCS(=O)(=O)c2ccc(Cl)cc21	3-aminopyridine-like	EDJ-MED-b7309adf-2		False	False	6.07664	0.838227				
EDJ-MED-93390d0c-2	CS(=O)(=O)c1ccc2c(NC(=O)C3CCS(=O)(=O)c4ccc(Cl)cc43)cncc2c1	3-aminopyridine-like	EDJ-MED-93390d0c-2		False	False	6.12837	0.74409				
MAT-POS-5f1400cf-1	Cn1cc(N2CCC(CNCC3(C(=O)Nc4cncc5ccccc45)CCOc4ccc(Cl)cc43)C2)cn1	3-aminopyridine-like	MAT-POS-5f1400cf-1		False	False	5.26966	5.37455				
MAT-POS-5f1400cf-2	CN(CCO)c1ccc(CNCC2(C(=O)Nc3cncc4ccccc34)CCOc3ccc(Cl)cc32)cn1	3-aminopyridine-like	MAT-POS-5f1400cf-2		False	False	5.36084	4.35677				
EDG-MED-10fcb19e-1	COC1(C(=O)Nc2cncc3ccc(NS(C)(=O)=O)cc23)CCOc2ccc(Cl)cc21	3-aminopyridine-like	EDG-MED-10fcb19e-1		False	False	6.83743	0.145402				
EDG-MED-10fcb19e-3	CNS(=O)(=O)c1ccc2cncc(NC(=O)C3(OC)CCOc4ccc(Cl)cc43)c2c1	3-aminopyridine-like	EDG-MED-10fcb19e-3		False	False	6.2262	0.594022				
MAT-POS-ec6d90b7-1	O=C1O[C@]2(CCOc3ccc(Cl)cc32)C(=O)N1c1cncc2ccccc12	3-aminopyridine-like	MAT-POS-ec6d90b7-1		False	False	4.09221	80.8699				
MAT-POS-ec6d90b7-2	O=C1O[C@@]2(CCOc3ccc(Cl)cc32)C(=O)N1c1cncc2ccccc12	3-aminopyridine-like	MAT-POS-ec6d90b7-2		False	False	4.00218	99.5				
MAT-POS-ec6d90b7-3	O=C(Nc1cncc2ccncc12)[C@H]1CCOc2cc(F)c(Cl)cc21	3-aminopyridine-like	MAT-POS-ec6d90b7-3		False	False	4.00218	99.5				
MAT-POS-ec6d90b7-4	CO[C@]1(C(=O)Nc2cncc3ccc(F)cc23)CCOc2ccc(Cl)cc21	3-aminopyridine-like	MAT-POS-ec6d90b7-4		False	False	4.63179	23.3461				
MAT-POS-ec6d90b7-5	O=C(Nc1cncc2ccc(F)cc12)[C@H]1CCNc2cc(Cl)c(Cl)cc21	3-aminopyridine-like	MAT-POS-ec6d90b7-5		False	False	6.7765	0.167303				
MAT-POS-ec6d90b7-6	COc1ccc2cncc(NC(=O)[C@H]3CCNc4cc(Cl)c(Cl)cc43)c2c1	3-aminopyridine-like	MAT-POS-ec6d90b7-6		False	False	7.20769	0.0619879				
MAT-POS-ec6d90b7-7	O=C(Nc1cncc2ccc(F)cc12)[C@H]1CCOc2cc(F)c(Cl)cc21	3-aminopyridine-like	MAT-POS-ec6d90b7-7		False	False	6.59561	0.253738				
MAT-POS-fc9ede84-1	CN(C)C(=O)COCC1(C(=O)Nc2cncc3ccccc23)CCOc2ccc(Cl)cc21	3-aminopyridine-like	MAT-POS-fc9ede84-1		False	False	6.18605	0.651546				
MAT-POS-64942dd0-3	CS(=O)(=O)N1Cc2cc(F)c(Cl)cc2C(C(=O)Nc2cncc3ccccc23)C1	3-aminopyridine-like	MAT-POS-64942dd0-3		False	False	6.58908	0.257583				
EDJ-MED-d1555997-1	CS(=O)(=O)N1Cc2ccc(Cl)cc2C(C(=O)Nc2cncc3cccc(F)c23)C1	3-aminopyridine-like	EDJ-MED-d1555997-1		False	False	6.02202	0.950567				
RAL-THA-eb6cb89c-2	O=C(Nc1cncc2ccccc12)C12CCC(O1)c1ccc(Cl)cc12	3-aminopyridine-like	RAL-THA-eb6cb89c-2		False	False	4.95478	11.0974				
ALP-UNI-dbb9503d-1	COC1(c2cccc(Cl)c2)CCN(c2cncc3ccccc23)C1=O	3-aminopyridine-like	ALP-UNI-dbb9503d-1		False	False	6.33028	0.467434				
ALP-UNI-dbb9503d-2	COC1(c2cccc(Cl)c2)CCCN(c2cncc3ccccc23)C1=O	3-aminopyridine-like	ALP-UNI-dbb9503d-2		False	False	5.68238	2.07788				
MAT-POS-a5ef2d74-1	O=C(Nc1cncc2ccncc12)C1CCOc2cc(F)c(Cl)cc21	3-aminopyridine-like	MAT-POS-a5ef2d74-1		False	False	5.95872	1.09972				
MAT-POS-a5ef2d74-2	COC1(C(=O)Nc2cncc3ccc(F)cc23)CCOc2ccc(Cl)cc21	3-aminopyridine-like	MAT-POS-a5ef2d74-2		False	False	6.60899	0.246041				
MAT-POS-a5ef2d74-3	COC1(C(=O)Nc2cncc3ccncc23)CCOc2ccc(Cl)cc21	3-aminopyridine-like	MAT-POS-a5ef2d74-3		False	False	6.07998	0.831801				
MAT-POS-4223bc15-1	CNS(=O)(=O)N1Cc2ccc(Cl)cc2C(C(=O)Nc2cncc3ccccc23)C1	3-aminopyridine-like	MAT-POS-4223bc15-1		False	False	6.82783	0.148652				
MAT-POS-4223bc15-2	CN(C)S(=O)(=O)N1Cc2ccc(Cl)cc2C(C(=O)Nc2cncc3ccccc23)C1	3-aminopyridine-like	MAT-POS-4223bc15-2		False	False	6.85363	0.140079				
MAT-POS-4223bc15-3	O=C(Nc1cncc2ccccc12)C1CN(S(=O)(=O)C2CC2)Cc2ccc(Cl)cc21	3-aminopyridine-like	MAT-POS-4223bc15-3		False	False	6.50821	0.310305				
MAT-POS-4223bc15-4	COCCS(=O)(=O)N1Cc2ccc(Cl)cc2C(C(=O)Nc2cncc3ccccc23)C1	3-aminopyridine-like	MAT-POS-4223bc15-4		False	False	6.67234	0.212648				
MAT-POS-4223bc15-5	O=C(Nc1cncc2ccccc12)C1CN(S(=O)(=O)CCO)Cc2ccc(Cl)cc21	3-aminopyridine-like	MAT-POS-4223bc15-5		False	False	6.63435	0.232084				
MAT-POS-4223bc15-6	CCS(=O)(=O)N1Cc2ccc(Cl)cc2C(C(=O)Nc2cncc3ccccc23)C1	3-aminopyridine-like	MAT-POS-4223bc15-6		False	False	6.67108	0.213267				
MAT-POS-4223bc15-7	O=C(Nc1cncc2ccccc12)C1CN(S(=O)(=O)C2COC2)Cc2ccc(Cl)cc21	3-aminopyridine-like	MAT-POS-4223bc15-7		False	False	6.60918	0.245934				
MAT-POS-4223bc15-8	O=C(Nc1cncc2ccccc12)C1CN(S(=O)(=O)C2CCOC2)Cc2ccc(Cl)cc21	3-aminopyridine-like	MAT-POS-4223bc15-8		False	False	6.8178	0.152125				
MAT-POS-4223bc15-11	CC1CCN(S(=O)(=O)N2Cc3ccc(Cl)cc3C(C(=O)Nc3cncc4ccccc34)C2)C1	3-aminopyridine-like	MAT-POS-4223bc15-11		False	False	7.28768	0.0515612				
MAT-POS-4223bc15-12	N#CC1(CS(=O)(=O)N2Cc3ccc(Cl)cc3C(C(=O)Nc3cncc4ccccc34)C2)CCC1	3-aminopyridine-like	MAT-POS-4223bc15-12		False	False	7.22214	0.05996				
MAT-POS-4223bc15-14	O=C(Nc1cncc2ccccc12)C1CN(S(=O)(=O)CC2CNC2)Cc2ccc(Cl)cc21	3-aminopyridine-like	MAT-POS-4223bc15-14		False	False	6.86912	0.135169				
MAT-POS-4223bc15-15	O=C(Nc1cncc2ccccc12)C1CN(S(=O)(=O)C2CNC2)Cc2ccc(Cl)cc21	3-aminopyridine-like	MAT-POS-4223bc15-15		False	False	6.56255	0.273807				
MAT-POS-4223bc15-16	O=C(Nc1cncc2ccccc12)C1CN(S(=O)(=O)N2CCCC2CO)Cc2ccc(Cl)cc21	3-aminopyridine-like	MAT-POS-4223bc15-16		False	False	5.94309	1.14001				
MAT-POS-4223bc15-17	O=C(Nc1cncc2ccccc12)C1CN(C(=O)C2CC2)Cc2ccc(Cl)cc21	3-aminopyridine-like	MAT-POS-4223bc15-17		False	False	6.31227	0.487229				
MAT-POS-4223bc15-18	CN(C)C(=O)N1Cc2ccc(Cl)cc2C(C(=O)Nc2cncc3ccccc23)C1	3-aminopyridine-like	MAT-POS-4223bc15-18		False	False	6.56025	0.275266				
MAT-POS-4223bc15-21	O=C(O)CN1Cc2ccc(Cl)cc2C(C(=O)Nc2cncc3ccccc23)C1	3-aminopyridine-like	MAT-POS-4223bc15-21		False	False	5.07411	8.43123				
MAT-POS-4223bc15-22	COC(=O)CN1Cc2ccc(Cl)cc2C(C(=O)Nc2cncc3ccccc23)C1	3-aminopyridine-like	MAT-POS-4223bc15-22		False	False	5.80967	1.55				
MAT-POS-4223bc15-23	CNC(=O)CN1Cc2ccc(Cl)cc2C(C(=O)Nc2cncc3ccccc23)C1	3-aminopyridine-like	MAT-POS-4223bc15-23		False	False	7.1026	0.0789583				
MAT-POS-4223bc15-24	CN(C)C(=O)CN1Cc2ccc(Cl)cc2C(C(=O)Nc2cncc3ccccc23)C1	3-aminopyridine-like	MAT-POS-4223bc15-24		False	False	6.04775	0.895887				
MAT-POS-4223bc15-25	NC(=O)CN1Cc2ccc(Cl)cc2C(C(=O)Nc2cncc3ccccc23)C1	3-aminopyridine-like	MAT-POS-4223bc15-25		False	False	6.9241	0.119098				
MAT-POS-4223bc15-26	O=C(Nc1cncc2ccccc12)C1CN(CC(F)(F)F)Cc2ccc(Cl)cc21	3-aminopyridine-like	MAT-POS-4223bc15-26		False	False	5.46748	3.4082				
MAT-POS-4223bc15-28	COCCN1Cc2ccc(Cl)cc2C(C(=O)Nc2cncc3ccccc23)C1	3-aminopyridine-like	MAT-POS-4223bc15-28		False	False	5.64497	2.26479				
MAT-POS-4223bc15-30	O=C(Nc1cncc2ccccc12)C1CN(S(=O)(=O)c2ncc[nH]2)Cc2ccc(Cl)cc21	3-aminopyridine-like	MAT-POS-4223bc15-30		False	False	6.66329	0.217125				
MAT-POS-4223bc15-31	Cn1ncc(S(=O)(=O)N2Cc3ccc(Cl)cc3C(C(=O)Nc3cncc4ccccc34)C2)n1	3-aminopyridine-like	MAT-POS-4223bc15-31		False	False	6.57175	0.268073				
MAT-POS-4223bc15-33	N#CCC(=O)N1Cc2ccc(Cl)cc2C(C(=O)Nc2cncc3ccccc23)C1	3-aminopyridine-like	MAT-POS-4223bc15-33		False	False	6.6911	0.203655				
MAT-POS-4223bc15-36	O=C(Nc1cncc2ccccc12)C1CN(C(=O)c2cnco2)Cc2ccc(Cl)cc21	3-aminopyridine-like	MAT-POS-4223bc15-36		False	False	5.97195	1.06671				
MAT-POS-4223bc15-37	Cn1nncc1C(=O)N1Cc2ccc(Cl)cc2C(C(=O)Nc2cncc3ccccc23)C1	3-aminopyridine-like	MAT-POS-4223bc15-37		False	False	6.40104	0.397156				
MAT-POS-4223bc15-38	O=C(Nc1cncc2ccccc12)C1CN(C(=O)c2ncco2)Cc2ccc(Cl)cc21	3-aminopyridine-like	MAT-POS-4223bc15-38		False	False	6.03706	0.918198				
MAT-POS-4223bc15-39	Cc1nocc1C(=O)N1Cc2ccc(Cl)cc2C(C(=O)Nc2cncc3ccccc23)C1	3-aminopyridine-like	MAT-POS-4223bc15-39		False	False	6.77551	0.167685				
MAT-POS-4223bc15-40	Cn1nccc1C(=O)N1Cc2ccc(Cl)cc2C(C(=O)Nc2cncc3ccccc23)C1	3-aminopyridine-like	MAT-POS-4223bc15-40		False	False	6.80779	0.15567				
MAT-POS-4223bc15-41	Cn1cncc1C(=O)N1Cc2ccc(Cl)cc2C(C(=O)Nc2cncc3ccccc23)C1	3-aminopyridine-like	MAT-POS-4223bc15-41		False	False	6.65018	0.223777				
MAT-POS-e6dd326d-4	CS(=O)(=O)NCC1(C(=O)Nc2cncc3ccccc23)CCOc2ccc(Cl)cc21	3-aminopyridine-like	MAT-POS-e6dd326d-4		False	False	5.41208	3.87184				
MAT-POS-e6dd326d-5	CN(C)S(=O)(=O)NCC1(C(=O)Nc2cncc3ccccc23)CCOc2ccc(Cl)cc21	3-aminopyridine-like	MAT-POS-e6dd326d-5		False	False	5.56462	2.72508				
MAT-POS-e6dd326d-6	COC(=O)NCC1(C(=O)Nc2cncc3ccccc23)CCOc2ccc(Cl)cc21	3-aminopyridine-like	MAT-POS-e6dd326d-6		False	False	6.24204	0.572747				
MAT-POS-e6dd326d-8	C=CC(=O)NCC1(C(=O)Nc2cncc3ccccc23)CCOc2ccc(Cl)cc21	3-aminopyridine-like	MAT-POS-e6dd326d-8		True	False	6.05997	0.871021				
MAT-POS-e6dd326d-9	CC(=O)NCC1(C(=O)Nc2cncc3ccccc23)CCOc2ccc(Cl)cc21	3-aminopyridine-like	MAT-POS-e6dd326d-9		False	False	5.47562	3.34484				
MAT-POS-e6dd326d-13	CN(C)C(=O)CNCC1(C(=O)Nc2cncc3ccccc23)CCOc2ccc(Cl)cc21	3-aminopyridine-like	MAT-POS-e6dd326d-13		False	False	6.21993	0.602654				
MAT-POS-96f51285-1	COc1ccc2cncc(NC(=O)C3(OC)CCOc4ccc(Cl)cc43)c2c1	3-aminopyridine-like	MAT-POS-96f51285-1		False	False	6.92672	0.118381				
MAT-POS-96f51285-2	COC1(C(=O)Nc2cncc3ccc(S(C)(=O)=O)cc23)CCOc2ccc(Cl)cc21	3-aminopyridine-like	MAT-POS-96f51285-2		False	False	6.37214	0.424482				
MAT-POS-96f51285-3	COc1ccc2cncc(NC(=O)C3CCOc4cc(F)c(Cl)cc43)c2c1	3-aminopyridine-like	MAT-POS-96f51285-3		False	False	6.96958	0.107256				
MAT-POS-96f51285-4	CS(=O)(=O)c1ccc2cncc(NC(=O)C3CCOc4cc(F)c(Cl)cc43)c2c1	3-aminopyridine-like	MAT-POS-96f51285-4		False	False	5.80106	1.58101				
MAT-POS-96f51285-5	O=C(Nc1cncc2ccc(F)cc12)C1CCOc2cc(F)c(Cl)cc21	3-aminopyridine-like	MAT-POS-96f51285-5		False	False	6.50285	0.314161				
MAT-POS-96f51285-6	COc1ccc2cncc(NC(=O)C3CCNc4cc(Cl)c(Cl)cc43)c2c1	3-aminopyridine-like	MAT-POS-96f51285-6		False	False	6.88349	0.13077				
RAL-THA-6e4c80cf-1	COC(=O)N1Cc2ccc(Cl)cc2C(C(=O)Nc2cncc3ccccc23)C1	3-aminopyridine-like	RAL-THA-6e4c80cf-1		False	False	6.65044	0.223647				
RAL-THA-6e4c80cf-2	CCOC(=O)N1Cc2ccc(Cl)cc2C(C(=O)Nc2cncc3ccccc23)C1	3-aminopyridine-like	RAL-THA-6e4c80cf-2		False	False	6.62622	0.236473				
MAT-POS-45b13633-2	CNCC1(C(=O)Nc2cncc3ccccc23)CCOc2ccc(Cl)cc21	3-aminopyridine-like	MAT-POS-45b13633-2		False	False	4.97898	10.4959				
MAT-POS-45b13633-3	CN(C)CC1(C(=O)Nc2cncc3ccccc23)CCOc2ccc(Cl)cc21	3-aminopyridine-like	MAT-POS-45b13633-3		False	False	4.93805	11.5331				
KAD-UNI-b13decd3-4	NS(=O)(=O)c1ccc(CNC[C@@]2(C(=O)Nc3cncc4ccccc34)CCOc3ccc(Cl)cc32)cc1F	Unassigned	KAD-UNI-b13decd3-4		False	False	4.5642	27.2772				
ALP-POS-9c80c481-1	CNC(=O)COCC1(C(=O)Nc2cncc3ccccc23)CCOc2ccc(Cl)cc21	3-aminopyridine-like	ALP-POS-9c80c481-1		False	False	5.73877	1.82485				
ROD-UFR-87309d29-1	O=C(O)CCc1cc2c(cc1S(=O)(=O)N1CCN(c3ccccc3)CC1)OCO2	Unassigned	ROD-UFR-87309d29-1		False	False	4.00218	99.5				
ROD-UFR-7c6582a7-1	CCCc1cc2c(cc1S(=O)(=O)N1CCN(c3ncccn3)CC1)OCO2	Unassigned	ROD-UFR-7c6582a7-1		False	False	4.00218	99.5				
ROD-UFR-0ea09143-1	CCCc1cc2c(cc1S(=O)(=O)N1CCN(c3cccc(Cl)c3Cl)CC1)OCO2	Unassigned	ROD-UFR-0ea09143-1		False	False	4.00218	99.5				
ROD-UFR-d5063330-1	CCCc1cc2c(cc1S(=O)(=O)N1CCN(c3ccccc3OC)CC1)OCO2	Unassigned	ROD-UFR-d5063330-1		False	False	4.00218	99.5				
ROD-UFR-9b69e111-1	Cc1cc2c(cc1S(=O)(=O)N1CCN(c3ccccc3)CC1)OCO2	Unassigned	ROD-UFR-9b69e111-1		False	False	4.00218	99.5				
ROD-UFR-d767f115-1	CNS(=O)(=O)c1cc2c(cc1OCc1ccccc1)OCO2	Unassigned	ROD-UFR-d767f115-1		False	False	4.00218	99.5				
ROD-UFR-86d8d6a3-1	O=S(=O)(Nc1ccccc1)c1cc2c(cc1OCc1ccccc1)OCO2	Unassigned	ROD-UFR-86d8d6a3-1		False	False	4.13757	72.8492				
ROD-UFR-74bef589-1	O=S(=O)(Nc1cc2c(cc1OCc1ccccc1)OCO2)c1ccccc1	Unassigned	ROD-UFR-74bef589-1		False	False	4.00218	99.5				
ROD-UFR-93b30032-1	O=S(=O)(c1cc2c(cc1OCc1ccccc1)OCO2)N1CCOCC1	Unassigned	ROD-UFR-93b30032-1		False	False	4.00218	99.5				
PET-UNK-6314f867-2	N#Cc1ccc2c(NC(=O)Cc3cccc(Cl)c3)cncc2c1	3-aminopyridine-like	PET-UNK-6314f867-2		False	False	5.04591	8.99674				
KAD-UNI-cb0f2bbc-23	CNS(=O)(=O)c1cc(CNC[C@@]2(C(=O)Nc3cncc4ccccc34)CCOc3ccc(Cl)cc32)ccc1F	Unassigned	KAD-UNI-cb0f2bbc-23		False	False	4.4442	35.9582				
MAT-POS-993cdc78-1	CO[C@]1(C(=O)Nc2cncc3ccccc23)CCOc2cc(F)c(Cl)cc21	3-aminopyridine-like	MAT-POS-993cdc78-1		False	False	6.90484	0.124498				
MAT-POS-993cdc78-2	CO[C@@]1(C(=O)Nc2cncc3ccccc23)CCOc2cc(F)c(Cl)cc21	3-aminopyridine-like	MAT-POS-993cdc78-2		False	False	4.15956	69.2532				
RAL-THA-58fba2bc-1	O=C(O)CC1(C(=O)Nc2cncc3ccccc23)CCOc2ccc(Cl)cc21	3-aminopyridine-like	RAL-THA-58fba2bc-1		False	False	4.50309	31.3987				
ALP-POS-d9b6304e-1	CC(C)(C)c1ccc(N(C(=O)c2cocn2)C(C(=O)NCCc2cccc(F)c2)c2cc(=O)[nH]c3ccccc23)cc1	Unassigned	ALP-POS-d9b6304e-1		False	False	5.93465	1.1624				
MAT-POS-3ccb8ef6-1	O=C(Nc1cncc2ccccc12)[C@@H]1CNCc2ccc(Cl)cc21	3-aminopyridine-like	MAT-POS-3ccb8ef6-1		False	False	6.54041	0.288128				
MAT-POS-3ccb8ef6-2	O=C(Nc1cncc2ccccc12)[C@H]1CNCc2ccc(Cl)cc21	3-aminopyridine-like	MAT-POS-3ccb8ef6-2		False	False	4.48188	32.9704				
MAT-POS-5369c344-5	O=C(Nc1cncc2ccccc12)C1CCOc2c(OCc3ccccn3)cc(Cl)cc21	3-aminopyridine-like	MAT-POS-5369c344-5		False	False	5.1918	6.42983				
MAT-POS-5369c344-6	O=C(Nc1cncc2ccccc12)C1CCOc2c(OCc3cccnc3)cc(Cl)cc21	3-aminopyridine-like	MAT-POS-5369c344-6		False	False	4.60311	24.9397				
MAT-POS-5369c344-7	O=C(Nc1cncc2ccccc12)C1CCOc2c(OCc3ccncc3)cc(Cl)cc21	3-aminopyridine-like	MAT-POS-5369c344-7		False	False	5.46162	3.45444				
RUB-POS-1325a9ea-4	Cc1ccc2cncc(NC(=O)Cc3cccc(Cl)c3)c2c1	3-aminopyridine-like	RUB-POS-1325a9ea-4		False	False	6.26996	0.537082				
RUB-POS-1325a9ea-5	Cc1cccc2c(NC(=O)Cc3cccc(Cl)c3)cncc12	3-aminopyridine-like	RUB-POS-1325a9ea-5		False	False	4.00218	99.5				
RUB-POS-1325a9ea-7	O=C(Cc1cccc(Cl)c1)NC1C(=O)NCc2ccccc21	Ugi	RUB-POS-1325a9ea-7		False	False	4.00218	99.5				
RUB-POS-1325a9ea-12	O=C(Cc1cccc(Cl)c1)Nc1cncc2cn[nH]c12	3-aminopyridine-like	RUB-POS-1325a9ea-12		False	False	5.67704	2.10357				
RUB-POS-1325a9ea-13	O=C(Cc1cccc(Cl)c1)Nc1cncc2[nH]ncc12	3-aminopyridine-like	RUB-POS-1325a9ea-13		False	False	4.66123	21.8158				
RUB-POS-1325a9ea-14	Cn1ncc2cncc(NC(=O)Cc3cccc(Cl)c3)c21	3-aminopyridine-like	RUB-POS-1325a9ea-14		False	False	5.82506	1.49602				
RUB-POS-1325a9ea-15	Cn1ncc2c(NC(=O)Cc3cccc(Cl)c3)cncc21	3-aminopyridine-like	RUB-POS-1325a9ea-15		False	False	4.46799	34.042				
RUB-POS-1325a9ea-20	O=C(Cc1cccc(Cl)c1)NC1COCc2ccccc21	3-aminopyridine-like	RUB-POS-1325a9ea-20		False	False	4.16145	68.952				
RUB-POS-1325a9ea-21	O=C(Cc1cccc(Cl)c1)NC1CS(=O)(=O)Cc2ccccc21	3-aminopyridine-like	RUB-POS-1325a9ea-21		False	False	4.00218	99.5				
RUB-POS-1325a9ea-22	O=C(Cc1cccc(Cl)c1)NC1=NC(=O)c2ccccc21	3-aminopyridine-like	RUB-POS-1325a9ea-22		False	False	4.00218	99.5				
RUB-POS-1325a9ea-24	CC1(C)Nc2ccccc2C1NC(=O)Cc1cccc(Cl)c1	3-aminopyridine-like	RUB-POS-1325a9ea-24		False	False	4.00218	99.5				
JIN-POS-6dc588a4-2	O=C(Cc1cccc(Cl)c1)Nc1noc2ncccc12	3-aminopyridine-like	JIN-POS-6dc588a4-2		False	False	4.00218	99.5				
JIN-POS-6dc588a4-3	COc1ccncc1NC(=O)Cc1cccc(Cl)c1	3-aminopyridine-like	JIN-POS-6dc588a4-3		False	False	4.66652	21.5516				
JIN-POS-6dc588a4-5	O=C(Cc1cccc(Cl)c1)Nc1c[nH]c2ccccc12	3-aminopyridine-like	JIN-POS-6dc588a4-5		False	False	4.00218	99.5				
JIN-POS-6dc588a4-6	CC(C)(C)Oc1ccncc1NC(=O)Cc1cccc(Cl)c1	3-aminopyridine-like	JIN-POS-6dc588a4-6		False	False	4.63974	22.9227				
JIN-POS-6dc588a4-7	O=C(Cc1cccc(Cl)c1)Nc1ncnc2ccccc12	3-aminopyridine-like	JIN-POS-6dc588a4-7		False	False	4.00218	99.5				
JIN-POS-6dc588a4-8	O=C(Cc1cccc(Cl)c1)Nc1noc2ccccc12	3-aminopyridine-like	JIN-POS-6dc588a4-8		False	False	4.00218	99.5				
JIN-POS-6dc588a4-9	O=C(Cc1cccc(Cl)c1)Nc1cnn2ccccc12	3-aminopyridine-like	JIN-POS-6dc588a4-9		False	False	4.94516	11.346				
JIN-POS-6dc588a4-10	O=C(Cc1cccc(Cl)c1)Nc1cncc2nccnc12	3-aminopyridine-like	JIN-POS-6dc588a4-10		False	False	4.11895	76.0415				
JIN-POS-6dc588a4-11	O=C(Cc1cccc(Cl)c1)Nc1cncc2cc(F)ccc12	3-aminopyridine-like	JIN-POS-6dc588a4-11		False	False	5.83346	1.46738				
JIN-POS-6dc588a4-12	O=C(Cc1cccc(Cl)c1)Nc1cncc2[nH]ccc12	3-aminopyridine-like	JIN-POS-6dc588a4-12		False	False	5.20837	6.18908				
JIN-POS-6dc588a4-13	O=C(Cc1cccc(Cl)c1)Nc1cncc2c(F)cccc12	3-aminopyridine-like	JIN-POS-6dc588a4-13		False	False	6.05082	0.889562				
JIN-POS-6dc588a4-14	O=C(Cc1cccc(Cl)c1)Nc1cncc2cc[nH]c12	3-aminopyridine-like	JIN-POS-6dc588a4-14		False	False	5.72194	1.89695				
JIN-POS-6dc588a4-20	O=C(Cc1cccc(Cl)c1)Nc1cncc2c1NCCC2	3-aminopyridine-like	JIN-POS-6dc588a4-20		False	False	4.42024	37.9978				
JIN-POS-6dc588a4-21	O=C(Cc1cccc(Cl)c1)Nc1c(O)cnc2ccccc12	3-aminopyridine-like	JIN-POS-6dc588a4-21		False	False	5.07376	8.43804				
JIN-POS-6dc588a4-22	O=C(Cc1cccc(Cl)c1)Nc1cncc2sccc12	3-aminopyridine-like	JIN-POS-6dc588a4-22		False	False	6.37205	0.424567				
JIN-POS-6dc588a4-23	COc1ncc(NC(=O)Cc2cccc(Cl)c2)c2ccccc12	3-aminopyridine-like	JIN-POS-6dc588a4-23		False	False	4.00218	99.5				
JIN-POS-6dc588a4-24	N#Cc1ncc(NC(=O)Cc2cccc(Cl)c2)c2ccccc12	3-aminopyridine-like	JIN-POS-6dc588a4-24		False	False	4.18079	65.9491				
ALP-POS-42f3de95-1	CC(C)(C)c1ccc(N(C(=O)c2cocn2)C(C(=O)NCCc2nnn[nH]2)c2cccnc2)cc1	Ugi	ALP-POS-42f3de95-1		False	False	4.00218	99.5				
ALP-POS-42f3de95-2	CC(C)(C)c1ccc(N(C(=O)c2cocn2)C(C(=O)NCCc2c[nH]cn2)c2cccnc2)cc1	Ugi	ALP-POS-42f3de95-2		False	False	4.84006	14.4523				
ALP-POS-42f3de95-3	CC(C)(C)c1ccc(N(C(=O)c2cocn2)C(C(=O)N2CCC(c3cccc(F)c3)CC2)c2cccnc2)cc1	Unassigned	ALP-POS-42f3de95-3		False	False	5.02426	9.45674				
ALP-POS-95f71980-2	CC(C)(C)c1ccc(N(C(=O)c2ccns2)C(C(=O)NCCc2cccc(F)c2)c2cccnc2)cc1	Ugi	ALP-POS-95f71980-2		False	False	4.29166	51.09				
ALP-POS-95f71980-3	Cc1cnnn1-c1ccc(N(C(=O)c2cocn2)C(C(=O)NCCc2cccc(F)c2)c2cccnc2)cc1	Ugi	ALP-POS-95f71980-3		False	False	4.54639	28.4188				
ALP-POS-95f71980-4	CC(C)(C)c1ccc(N(C(=O)c2ccon2)C(C(=O)NCCc2cccc(F)c2)c2cccnc2)cc1	Ugi	ALP-POS-95f71980-4		False	False	5.3708	4.25799				
ALP-POS-95f71980-6	CC(C)(C)c1ccc(N(C(=O)c2ccc(O)c(=O)o2)C(C(=O)NCCc2cccc(F)c2)c2cccnc2)cc1	Ugi	ALP-POS-95f71980-6		False	False	4.11658	76.4583				
ALP-POS-95f71980-10	O=C(NCCc1cccc(F)c1)C(c1cccnc1)N(C(=O)c1cocn1)c1ccc(N2CCCC2=O)cc1	Ugi	ALP-POS-95f71980-10		False	False	4.11571	76.6101				
ALP-POS-95f71980-11	CC(C)(C)c1ccc(N(C(=O)c2coc(CS(C)(=O)=O)n2)C(C(=O)NCCc2cccc(F)c2)c2cccnc2)cc1	Unassigned	ALP-POS-95f71980-11		False	False	4.40625	39.2415				
ALP-POS-95f71980-14	CC(C)(C)c1cnc(N(C(=O)c2cocn2)C(C(=O)NCCc2cccc(F)c2)c2cccnc2)o1	Ugi	ALP-POS-95f71980-14		False	False	4.48899	32.4345				
ALP-POS-95f71980-15	CN1CCCN(c2ccc(N(C(=O)c3cocn3)C(C(=O)NCCc3cccc(F)c3)c3cccnc3)cc2)C1=O	Unassigned	ALP-POS-95f71980-15		False	False	4.21436	61.0432				
ALP-POS-95f71980-16	CC(C)(C)c1cc(N(C(=O)c2cocn2)C(C(=O)NCCc2cccc(F)c2)c2cccnc2)no1	Ugi	ALP-POS-95f71980-16		False	False	4.29031	51.2491				
ALP-POS-95f71980-18	CC(C)(C)c1ccc(N(C(=O)c2cc(O)cc(=O)o2)C(C(=O)NCCc2cccc(F)c2)c2cccnc2)cc1	Ugi	ALP-POS-95f71980-18		False	False	4.00218	99.5				
ALP-POS-95f71980-19	CC(C)(C)c1ccc(N(C(=O)c2ccnc(N3CCOCC3)n2)C(C(=O)NCCc2cccc(F)c2)c2cccnc2)cc1	Unassigned	ALP-POS-95f71980-19		False	False	4.00218	99.5				
ALP-POS-95f71980-21	CC(C)(C)c1ccc(N(C(=O)c2ccno2)C(C(=O)NCCc2cccc(F)c2)c2cccnc2)cc1	Ugi	ALP-POS-95f71980-21		False	False	5.95357	1.11283				
ALP-POS-95f71980-22	CC(C)(C)c1ccc(N(C(=O)c2nnn[nH]2)C(C(=O)NCCc2cccc(F)c2)c2cccnc2)cc1	Ugi	ALP-POS-95f71980-22		False	False	4.00218	99.5				
ALP-POS-95f71980-23	CC(C)(C)c1ccc(N(C(=O)c2cscn2)C(C(=O)NCCc2cccc(F)c2)c2cccnc2)cc1	Ugi	ALP-POS-95f71980-23		False	False	6.04991	0.891434				
ALP-POS-95f71980-24	CC(C)(C)c1ccc(N(C(=O)c2cnsn2)C(C(=O)NCCc2cccc(F)c2)c2cccnc2)cc1	Ugi	ALP-POS-95f71980-24		False	False	4.88029	13.1738				
ALP-POS-95f71980-25	CC(C)(C)c1ccc(N(C(=O)c2cnon2)C(C(=O)NCCc2cccc(F)c2)c2cccnc2)cc1	Ugi	ALP-POS-95f71980-25		False	False	5.07518	8.41055				
ALP-POS-95f71980-26	O=C(NCCc1cccc(F)c1)C(c1cccnc1)N(C(=O)c1cocn1)c1cnn(-c2ccccc2)c1	Ugi	ALP-POS-95f71980-26		False	False	5.53019	2.94994				
ALP-POS-95f71980-27	O=C1CC(c2ccc(N(C(=O)c3cocn3)C(C(=O)NCCc3cccc(F)c3)c3cccnc3)cc2)CC(=O)N1	Unassigned	ALP-POS-95f71980-27		False	False	4.26949	53.7666				
ALP-POS-95f71980-28	O=C(NCCc1cccc(F)c1)C(c1cccnc1)N(C(=O)c1cocn1)c1ccc(N2CCCS2(=O)=O)cc1	Unassigned	ALP-POS-95f71980-28		False	False	4.55542	27.834				
ALP-POS-95f71980-33	Cc1nnn(-c2ccc(N(C(=O)c3cocn3)C(C(=O)NCCc3cccc(F)c3)c3cccnc3)cc2)n1	Ugi	ALP-POS-95f71980-33		False	False	4.47824	33.2476				
ALP-POS-95f71980-34	O=C1CCC(c2ccc(N(C(=O)c3cocn3)C(C(=O)NCCc3cccc(F)c3)c3cccnc3)cc2)N1	Ugi	ALP-POS-95f71980-34		False	False	4.00218	99.5				
ALP-POS-95f71980-35	O=C(NCCc1cccc(F)c1)C(c1cccnc1)N(C(=O)c1cocn1)c1ccc(-n2cc[nH]c2=O)cc1	Ugi	ALP-POS-95f71980-35		False	False	4.3458	45.1026				
ALP-POS-95f71980-36	CC(C)(c1ccc(N(C(=O)c2cocn2)C(C(=O)NCCc2cccc(F)c2)c2cccnc2)cc1)S(C)(=O)=O	Unassigned	ALP-POS-95f71980-36		False	False	4.16853	67.8375				
ALP-POS-95f71980-37	CC(C)(O)c1cccc(N(C(=O)c2cocn2)C(C(=O)NCCc2cccc(F)c2)c2cccnc2)c1	Ugi	ALP-POS-95f71980-37		False	False	4.00218	99.5				
ALP-POS-95f71980-38	O=C(NCCc1cccc(F)c1)C(c1cccnc1)N(C(=O)c1cocn1)c1ccc(-c2nnc3n2CCC3)cc1	Unassigned	ALP-POS-95f71980-38		False	False	4.00218	99.5				
MAT-POS-932d1078-1	O=C(NCC1(C(=O)Nc2cncc3ccccc23)CCOc2ccc(Cl)cc21)C1COCCN1CC(F)(F)F	Unassigned	MAT-POS-932d1078-1		False	False	4.65465	22.1487				
MAT-POS-932d1078-2	CO[C@]1(C(=O)Nc2cncc3ccccc23)CCOc2c(F)cc(F)cc21	3-aminopyridine-like	MAT-POS-932d1078-2		False	False	4.45172	35.341				
MAT-POS-932d1078-3	CO[C@@]1(C(=O)Nc2cncc3ccccc23)CCOc2c(F)cc(F)cc21	3-aminopyridine-like	MAT-POS-932d1078-3		False	False	6.69133	0.20355				
MAT-POS-932d1078-4	COC[C@]1(C(=O)Nc2cncc3ccccc23)CCOc2cc(Cl)c(Cl)cc21	3-aminopyridine-like	MAT-POS-932d1078-4		False	False	5.47242	3.36961				
MAT-POS-932d1078-5	COC[C@@]1(C(=O)Nc2cncc3ccccc23)CCOc2cc(Cl)c(Cl)cc21	3-aminopyridine-like	MAT-POS-932d1078-5		False	False	4.75737	17.4835				
MAT-POS-932d1078-6	CCC(CC)COC(=O)[C@H](C)NP(=O)(OC[C@H]1O[C@@](C#N)(c2ccc3c(N)ncnn23)[C@H](O)[C@@H]1O)Oc1ccccc1	Unassigned	MAT-POS-932d1078-6		False	False	4.00218	99.5				
MAT-POS-932d1078-7	CC(C)C(=O)OC[C@H]1O[C@@H](n2cc/c(=N/O)[nH]c2=O)[C@H](O)[C@@H]1O	Unassigned	MAT-POS-932d1078-7		False	False	4.00218	99.5				
ALP-POS-6d96567b-2	O=C(C1CCOc2cc(Cl)ccc21)N(Cc1c[nH]c(=O)[nH]c1=O)c1cncc2ccccc12	3-aminopyridine-like	ALP-POS-6d96567b-2		False	False	5.14622	7.1414				
ALP-POS-a0a4abd7-1	O=C(Nc1cncc2ccccc12)C1(CNc2c[nH]c(=O)[nH]c2=O)CCOc2cc(Cl)ccc21	3-aminopyridine-like	ALP-POS-a0a4abd7-1		False	False	5.27096	5.35848				
ALP-UNI-8d415491-1	O=C(Nc1cnccc1C1CC1)C1CCNc2cc(Cl)c(Cl)cc21	3-aminopyridine-like	ALP-UNI-8d415491-1		False	False	6.00961	0.978111				
ALP-UNI-8d415491-2	O=C(Nc1cncc2c1CCCC2)C1CCNc2cc(Cl)c(Cl)cc21	3-aminopyridine-like	ALP-UNI-8d415491-2		False	False	6.62089	0.239395				
ALP-UNI-8d415491-3	O=C(Nc1cncc2cnccc12)C1CCNc2cc(Cl)c(Cl)cc21	3-aminopyridine-like	ALP-UNI-8d415491-3		False	False	5.98361	1.03845				
ALP-UNI-8d415491-4	O=C(Nc1cncc2ccncc12)C1CCNc2cc(Cl)c(Cl)cc21	3-aminopyridine-like	ALP-UNI-8d415491-4		False	False	6.28315	0.521021				
ALP-UNI-8d415491-5	CS(=O)(=O)c1ccc2cncc(NC(=O)C3CCNc4cc(Cl)c(Cl)cc43)c2c1	3-aminopyridine-like	ALP-UNI-8d415491-5		False	False	6.27897	0.52605				
ALP-UNI-8d415491-6	O=C(Nc1cncc2ccc(F)cc12)C1CCNc2cc(Cl)c(Cl)cc21	3-aminopyridine-like	ALP-UNI-8d415491-6		False	False	6.60224	0.249896				
EDJ-MED-cf4b0d25-1	O=C(COCC(=O)N1CCCC1)NC(C(=O)Nc1cncc2ccccc12)c1cccc(Cl)c1	Ugi	EDJ-MED-cf4b0d25-1		False	False	5.13021	7.40947				
EDJ-MED-cf4b0d25-2	O=C(Nc1cncc2ccccc12)C(NC[C@@H]1CC[C@H](C(=O)N2CCCC2)O1)c1cccc(Cl)c1	3-aminopyridine-like	EDJ-MED-cf4b0d25-2		False	False	5.55757	2.76965				
EDJ-MED-cf4b0d25-3	O=C(Nc1cncc2ccccc12)C(NC(=O)[C@@H]1CCCO1)c1cccc(Cl)c1	Ugi	EDJ-MED-cf4b0d25-3		False	False	5.64062	2.28759				
EDJ-MED-cf4b0d25-4	CC(=O)NC(C(=O)Nc1cncc2ccccc12)c1cccc(Cl)c1	Ugi	EDJ-MED-cf4b0d25-4		False	False	5.03963	9.12779				
EDJ-MED-cf4b0d25-5	CN(C)C(=O)COCC(=O)NC(C(=O)Nc1cncc2ccccc12)c1cccc(Cl)c1	Ugi	EDJ-MED-cf4b0d25-5		False	False	5.26711	5.40617				
ALP-UNI-c3ef0aba-1	O=C(Nc1cncc2ccccc12)C1COCc2c(Cl)cccc21	3-aminopyridine-like	ALP-UNI-c3ef0aba-1		False	False	5.15343	7.02369				
ALP-UNI-c3ef0aba-3	CC(C)(C)c1ccc(N(C(=O)CCC#N)C(C(=O)NCCc2cccc(F)c2)c2cccnc2)cc1	Ugi	ALP-UNI-c3ef0aba-3		False	False	5.42	3.80186				
MAT-POS-dd3ad2b5-2	CC(=O)N1Cc2ccc(Cl)cc2C(C(=O)Nc2cncc3ccccc23)C1	3-aminopyridine-like	MAT-POS-dd3ad2b5-2		False	False	6.41662	0.383156				
MAT-POS-dd3ad2b5-3	NC(=O)N1Cc2ccc(Cl)cc2C(C(=O)Nc2cncc3ccccc23)C1	3-aminopyridine-like	MAT-POS-dd3ad2b5-3		False	False	6.60189	0.250095				
MAT-POS-dd3ad2b5-4	CS(=O)(=O)N1Cc2ccc(Cl)cc2C(C(=O)Nc2cncc3ccccc23)C1	3-aminopyridine-like	MAT-POS-dd3ad2b5-4		False	False	6.68342	0.20729				
MAT-POS-dd3ad2b5-5	CNC(=O)N1Cc2ccc(Cl)cc2C(C(=O)Nc2cncc3ccccc23)C1	3-aminopyridine-like	MAT-POS-dd3ad2b5-5		False	False	6.56465	0.272488				
MAT-POS-90505e2b-1	O=C1OC2(CCOc3ccc(Cl)cc32)C(=O)N1c1cncc2ccccc12	3-aminopyridine-like	MAT-POS-90505e2b-1		False	False	4.00218	99.5				
EDJ-MED-611d11e7-4	CO[C@@]1(C(=O)Nc2cncc3ccc(F)cc23)CCOc2ccc(Cl)cc21	3-aminopyridine-like	EDJ-MED-611d11e7-4		False	False	6.7858	0.163758				
EDJ-MED-611d11e7-5	O=C(Nc1cncc2ccc(F)cc12)[C@@H]1CCNc2cc(Cl)c(Cl)cc21	3-aminopyridine-like	EDJ-MED-611d11e7-5		False	False	4.91862	12.0609				
EDJ-MED-611d11e7-6	O=C(Nc1cncc2ccc(F)cc12)[C@@H]1CCOc2cc(F)c(Cl)cc21	3-aminopyridine-like	EDJ-MED-611d11e7-6		False	False	5.23861	5.77288				
EDJ-MED-611d11e7-7	COc1ccc2cncc(NC(=O)[C@]3(OC)CCOc4ccc(Cl)cc43)c2c1	3-aminopyridine-like	EDJ-MED-611d11e7-7		False	False	7.16233	0.0688134				
EDJ-MED-611d11e7-8	COc1ccc2cncc(NC(=O)[C@@H]3CCNc4cc(Cl)c(Cl)cc43)c2c1	3-aminopyridine-like	EDJ-MED-611d11e7-8		False	False	4.56484	27.2371				
EDJ-MED-611d11e7-12	O=C(Nc1cncc2ccncc12)[C@@H]1CCOc2cc(F)c(Cl)cc21	3-aminopyridine-like	EDJ-MED-611d11e7-12		False	False	6.20563	0.62283				
MAT-POS-a13804f0-1	Cc1nc2n(n1)CC(C(=O)NC(C(=O)Nc1cncc3ccccc13)c1cccc(Cl)c1)CC2	Ugi	MAT-POS-a13804f0-1		False	False	5.30236	4.98466				
MAT-POS-a13804f0-2	O=C(Nc1cncc2ccccc12)[C@H]1CCOc2cc(F)c(Cl)cc21	3-aminopyridine-like	MAT-POS-a13804f0-2		False	False	4.00218	99.5				
MAT-POS-a13804f0-3	O=C(Nc1cncc2ccccc12)[C@@H]1CCOc2cc(F)c(Cl)cc21	3-aminopyridine-like	MAT-POS-a13804f0-3		False	False	6.91978	0.120288				
MAT-POS-a13804f0-4	O=C(Nc1cncc2ccccc12)C(NC(=O)[C@@H]1CC[C@H](C(=O)N2CCCC2)O1)c1cccc(Cl)c1	Ugi	MAT-POS-a13804f0-4		False	False	6.33566	0.461679				
RAL-THA-e002e396-1	CS(=O)(=O)CC1(C(=O)Nc2cncc3ccccc23)CCOc2ccc(Cl)cc21	3-aminopyridine-like	RAL-THA-e002e396-1		False	False	4.80554	15.6482				
DAR-DIA-0587064e-10	O=C(Nc1cncc2ccccc12)C1CCOc2c(OCCC(F)(F)F)cc(Cl)cc21	3-aminopyridine-like	DAR-DIA-0587064e-10		False	False	5.50307	3.14003				
DAR-DIA-0587064e-12	CCCOc1cc(Cl)cc2c1OCCC2C(=O)Nc1cncc2ccccc12	3-aminopyridine-like	DAR-DIA-0587064e-12		False	False	5.24926	5.63296				
DAR-DIA-0587064e-15	O=C(Nc1cncc2ccccc12)C1CCOc2c(OCC3CC3)cc(Cl)cc21	3-aminopyridine-like	DAR-DIA-0587064e-15		False	False	5.60415	2.488				
DAR-DIA-0587064e-19	O=C(Nc1cncc2ccccc12)C1CCOc2c(OCc3ccccc3)cc(Cl)cc21	3-aminopyridine-like	DAR-DIA-0587064e-19		False	False	4.43734	36.5305				
PET-UNK-bb7ffe78-1	CCc1cc(Cl)cc(CC(=O)Nc2cncc3ccccc23)c1	3-aminopyridine-like	PET-UNK-bb7ffe78-1		False	False	5.74503	1.79873				
PET-UNK-bb7ffe78-2	O=C(Cc1cc(Cl)cc(OC(F)(F)F)c1)Nc1cncc2ccccc12	3-aminopyridine-like	PET-UNK-bb7ffe78-2		False	False	5.80874	1.55333				
PET-UNK-bb7ffe78-3	CCCc1cc(Cl)cc(CC(=O)Nc2cncc3ccccc23)c1	3-aminopyridine-like	PET-UNK-bb7ffe78-3		False	False	5.57733	2.6465				
LON-POS-586a7c45-1	C=CC(=O)N(c1ccc(C(C)(C)C)cc1)[C@@H](C(=O)NCCc1cccc(F)c1)c1cccnc1	Ugi	LON-POS-586a7c45-1		True	False	4.06363	86.3707	4.09831	79.7428		
STE-KUL-d79e3d6a-1	C#CCCCC(=O)N[C@H](C(=O)N[C@H](CC(C)C)C(=O)NN(CCC(N)=O)C(=O)C1OC1C(=O)OCC)C(C)(C)C	Unassigned	STE-KUL-d79e3d6a-1		False	False	6.6033	0.249289				
STE-KUL-d79e3d6a-2	C#CCCCC(=O)N[C@H](C(=O)N[C@H](CC(C)C)C(=O)NN(CCC(N)=O)C(=O)/C=C/C(=O)OC)C(C)(C)C	Ugi	STE-KUL-d79e3d6a-2		False	False	7.35651	0.044004				
STE-KUL-d79e3d6a-3	C#CCCCC(=O)N[C@H](C(=O)N[C@H](CC(C)C)C(=O)NN(CCC(N)=O)C(=O)CCl)C(C)(C)C	Ugi	STE-KUL-d79e3d6a-3		False	True	7.68205	0.0207947				
STE-KUL-d79e3d6a-4	C#CCCCC(=O)N[C@@H](CC)C(=O)N[C@H](C(=O)N[C@@H](CC(C)C)C(=O)N[C@@H](CCC(N)=O)C(=O)COC(=O)c1c(C)cccc1C)C(C)(C)C	Unassigned	STE-KUL-d79e3d6a-4		False	False	4.53611	29.1				
STE-KUL-d79e3d6a-5	C#CCCCC(=O)N[C@@H](CC)C(=O)N[C@H](C(=O)N[C@@H](CC(C)C)C(=O)N[C@@H](CCC(=O)N(C)C)C(=O)COC(=O)c1c(C)cccc1C)C(C)(C)C	Unassigned	STE-KUL-d79e3d6a-5		False	False	5.23669	5.79838				
ALP-POS-0c0a3b93-1	CC(C)(C)c1ccc(N(C(=O)c2ccco2)C(C(=O)N2CCOCC2)c2cccnc2)cc1	Unassigned	ALP-POS-0c0a3b93-1		False	False	4.38769	40.9555				
MAT-POS-3b97339c-2	N[C@]1(C(=O)Nc2cncc3ccccc23)CCOc2ccc(Cl)cc21	3-aminopyridine-like	MAT-POS-3b97339c-2		False	False	6.32538	0.472739				
ALP-POS-d0876c20-1	Cc1ccncc1C(C(=O)NCCc1cccc(F)c1)N(C(=O)c1cocn1)c1ccc(C(C)(C)C)cc1	Ugi	ALP-POS-d0876c20-1		False	False	6.18521	0.65282				
ALP-POS-d0876c20-2	Cc1cc(O)c(C(C(=O)NCCc2cccc(F)c2)N(C(=O)c2cocn2)c2ccc(C(C)(C)C)cc2)c(=O)[nH]1	Ugi	ALP-POS-d0876c20-2		False	False	4.00218	99.5				
ALP-POS-d0876c20-3	Cn1cc(C(C(=O)NCCc2cccc(F)c2)N(C(=O)c2cocn2)c2ccc(C(C)(C)C)cc2)ccc1=O	Ugi	ALP-POS-d0876c20-3		False	False	4.00218	99.5				
ALP-POS-d0876c20-4	COc1nc2ncc(C(C(=O)NCCc3cccc(F)c3)N(C(=O)c3cocn3)c3ccc(C(C)(C)C)cc3)cn2n1	Unassigned	ALP-POS-d0876c20-4		False	False	4.476	33.4198				
ALP-POS-d0876c20-5	CC(C)(C)c1ccc(N(C(=O)c2cocn2)C(C(=O)NCCc2cccc(F)c2)c2ccnnc2)cc1	Ugi	ALP-POS-d0876c20-5		False	False	5.68732	2.05438				
ALP-POS-d0876c20-7	CC(C)(C)c1ccc(N(C(=O)c2cocn2)C(C(=O)NCCc2cccc(F)c2)c2ccc[nH]c2=O)cc1	Ugi	ALP-POS-d0876c20-7		False	False	4.00218	99.5				
ALP-POS-d0876c20-11	Cn1cccc(C(C(=O)NCCc2cccc(F)c2)N(C(=O)c2cocn2)c2ccc(C(C)(C)C)cc2)c1=O	Ugi	ALP-POS-d0876c20-11		False	False	4.00218	99.5				
ALP-POS-d0876c20-12	CC(C)(C)c1ccc(N(C(=O)c2cocn2)C(C(=O)NCCc2cccc(F)c2)c2cnc(N3CCOCC3)nc2)cc1	Unassigned	ALP-POS-d0876c20-12		False	False	4.00218	99.5				
ALP-POS-d0876c20-14	CN(C)c1ncc(C(C(=O)NCCc2cccc(F)c2)N(C(=O)c2cocn2)c2ccc(C(C)(C)C)cc2)cn1	Ugi	ALP-POS-d0876c20-14		False	False	4.00218	99.5				
ALP-POS-d0876c20-15	COc1nccnc1C(C(=O)NCCc1cccc(F)c1)N(C(=O)c1cocn1)c1ccc(C(C)(C)C)cc1	Ugi	ALP-POS-d0876c20-15		False	False	4.02291	94.8615				
ALP-POS-d0876c20-17	CC(C)(C)c1ccc(N(C(=O)c2cocn2)C(C(=O)NCCc2cccc(F)c2)c2cncnc2)cc1	Ugi	ALP-POS-d0876c20-17		False	False	5.53436	2.92175				
ALP-POS-d0876c20-19	COc1ncncc1C(C(=O)NCCc1cccc(F)c1)N(C(=O)c1cocn1)c1ccc(C(C)(C)C)cc1	Ugi	ALP-POS-d0876c20-19		False	False	5.07412	8.43108				
ALP-POS-d0876c20-21	CC(C)(C)c1ccc(N(C(=O)c2cocn2)C(C(=O)NCCc2cccc(F)c2)c2cnccn2)cc1	Ugi	ALP-POS-d0876c20-21		False	False	5.91671	1.21141				
ALP-POS-d0876c20-22	CC(C)(C)c1ccc(N(C(=O)c2cocn2)C(C(=O)NCCc2cccc(F)c2)c2c(N3CCOCC3)nc3ccccn3c2=O)cc1	Unassigned	ALP-POS-d0876c20-22		False	False	4.00218	99.5				
ALP-POS-d0876c20-24	CN1CCN(c2ncc(C(C(=O)NCCc3cccc(F)c3)N(C(=O)c3cocn3)c3ccc(C(C)(C)C)cc3)cn2)CC1	Unassigned	ALP-POS-d0876c20-24		False	False	4.00218	99.5				
MAT-POS-78e1d523-1	O=C(Nc1cncc2ccccc12)C1CCSc2ccc(Cl)cc21	3-aminopyridine-like	MAT-POS-78e1d523-1		False	False	6.6718	0.212913				
MAT-POS-78e1d523-2	CNC(=O)C1(CC(=O)Nc2cncc3ccccc23)CCOc2ccc(Cl)cc21	3-aminopyridine-like	MAT-POS-78e1d523-2		False	False	4.51286	30.7003				
JOH-UNI-0e1753c1-1	COC(OC)C(=O)N1CCN(Cc2cccc(Cl)c2)CC1	Unassigned	JOH-UNI-0e1753c1-1		False	False	4.0265	94.0796				
JOH-UNI-0e1753c1-2	O=CC(=O)N1CCN(Cc2cccc(Cl)c2)CC1	Unassigned	JOH-UNI-0e1753c1-2		False	False	4.27465	53.1317				
JOH-UNI-0e1753c1-4	CC(=O)C(=O)N1CCN(Cc2cccc(Cl)c2)[C@@H](CC(C)C)C1	Unassigned	JOH-UNI-0e1753c1-4		False	False	4.00218	99.5				
JOH-UNI-0e1753c1-5	CC(C)C[C@H]1CN(C(=O)CCl)CCN1Cc1cccc(Cl)c1	piperazine-chloroacetamide	JOH-UNI-0e1753c1-5		False	True	6.15483	0.700118				
LON-WEI-9739a092-1	COc1cc(Cl)nc(Nc2cc(Cl)cc(CC(=O)Nc3cncc4ccccc34)c2)n1	3-aminopyridine-like	LON-WEI-9739a092-1		False	False	6.29746	0.504125				
LON-WEI-9739a092-2	O=C(Cc1cc(Cl)cc(Nc2ccc(C(F)(F)F)cn2)c1)Nc1cncc2ccccc12	3-aminopyridine-like	LON-WEI-9739a092-2		False	False	5.58726	2.58664				
LON-WEI-9739a092-3	COc1cc(Br)ccc1Nc1cc(Cl)cc(CC(=O)Nc2cncc3ccccc23)c1	3-aminopyridine-like	LON-WEI-9739a092-3		False	False	5.85547	1.39485				
LON-WEI-9739a092-4	CCN(Cc1ccc(F)cc1)c1cc(Cl)cc(CC(=O)Nc2cncc3ccccc23)c1	3-aminopyridine-like	LON-WEI-9739a092-4		False	False	4.2971	50.4548				
LON-WEI-9739a092-5	Cc1ccc2nc(Nc3cc(Cl)cc(CC(=O)Nc4cncc5ccccc45)c3)sc2c1	3-aminopyridine-like	LON-WEI-9739a092-5		False	False	4.93199	11.6953				
LON-WEI-9739a092-6	O=C(Cc1cc(Cl)cc(N2CCN(C(=O)c3ccco3)CC2)c1)Nc1cncc2ccccc12	3-aminopyridine-like	LON-WEI-9739a092-6		False	False	6.14237	0.720499				
LON-WEI-9739a092-7	O=C(Cc1cc(Cl)cc(NCc2ccc(Br)cc2)c1)Nc1cncc2ccccc12	3-aminopyridine-like	LON-WEI-9739a092-7		False	False	4.29703	50.463				
LON-WEI-9739a092-8	CN(Cc1cccc2ccccc12)c1cc(Cl)cc(CC(=O)Nc2cncc3ccccc23)c1	3-aminopyridine-like	LON-WEI-9739a092-8		False	False	5.27885	5.26199				
LON-WEI-9739a092-9	CCS(=O)(=O)N1CCN(c2cc(Cl)cc(CC(=O)Nc3cncc4ccccc34)c2)CC1	3-aminopyridine-like	LON-WEI-9739a092-9		False	False	5.82088	1.51049				
LON-WEI-9739a092-10	COc1ncc(Br)cc1Nc1cc(Cl)cc(CC(=O)Nc2cncc3ccccc23)c1	3-aminopyridine-like	LON-WEI-9739a092-10		False	False	6.16706	0.680672				
MAT-POS-fb82b63d-1	O=C(Nc1cncc2ccccc12)C1NCCc2ccc(Cl)cc21	3-aminopyridine-like	MAT-POS-fb82b63d-1		False	False	5.94847	1.12599				
MAT-POS-fb82b63d-3	CN1CCc2ccc(Cl)cc2C1C(=O)Nc1cncc2ccccc12	3-aminopyridine-like	MAT-POS-fb82b63d-3		False	False	5.52247	3.00284				
EDG-MED-70ae9412-1	O=C(Cn1ccnc1)NCC1(C(=O)Nc2cncc3ccccc23)CCOc2ccc(Cl)cc21	3-aminopyridine-like	EDG-MED-70ae9412-1		False	False	5.54067	2.87961				
EDG-MED-70ae9412-2	CN(C)CC(=O)NCC1(C(=O)Nc2cncc3ccccc23)CCOc2ccc(Cl)cc21	3-aminopyridine-like	EDG-MED-70ae9412-2		False	False	5.30062	5.00472				
EDJ-MED-37aac4bd-2	COCC1(C(=O)Nc2cncc3ccccc23)CCOc2cc(Cl)c(Cl)cc21	3-aminopyridine-like	EDJ-MED-37aac4bd-2		False	False	5.39341	4.04198	4.75548	17.5599		
EDJ-MED-37aac4bd-4	COC1(C(=O)Nc2cncc3ccccc23)CCOc2c(F)cc(F)cc21	3-aminopyridine-like	EDJ-MED-37aac4bd-4		False	False	6.6483	0.224749				
ALP-POS-fe871b40-2	N#Cc1cc(Cl)cc2c1NCCC2C(=O)Nc1cncc2ccccc12	3-aminopyridine-like	ALP-POS-fe871b40-2		False	False	6.6159	0.242158				
ALP-POS-fe871b40-11	COC1(C(=O)Nc2cncc3ccccc23)CCOc2cc(F)c(Cl)cc21	3-aminopyridine-like	ALP-POS-fe871b40-11		False	False	6.38213	0.414826				
ALP-POS-fe871b40-16	O=C1CC(C(=O)Nc2cncc3ccccc23)c2cc(Cl)c(Cl)cc2N1	3-aminopyridine-like	ALP-POS-fe871b40-16		False	False	6.55934	0.275842				
ALP-UNI-8e43a71e-2	O=C(CC1(C(=O)Nc2cncc3ccccc23)CCOc2ccc(Cl)cc21)N1CCC2C1CCCN2CCO	3-aminopyridine-like	ALP-UNI-8e43a71e-2		False	False	5.33165	4.65962				
ALP-UNI-8e43a71e-7	N#CCCN1CCN(C(=O)CC2(C(=O)Nc3cncc4ccccc34)CCOc3ccc(Cl)cc32)CC1	3-aminopyridine-like	ALP-UNI-8e43a71e-7		False	False	4.67159	21.3016				
ALP-UNI-8e43a71e-8	O=C(CC1(C(=O)Nc2cncc3ccccc23)CCOc2ccc(Cl)cc21)N1CCN(CCCO)CC1	3-aminopyridine-like	ALP-UNI-8e43a71e-8		False	False	5.00083	9.981				
ALP-UNI-8e43a71e-10	O=C(CC1(C(=O)Nc2cncc3ccccc23)CCOc2ccc(Cl)cc21)N1CCN(CC(F)(F)CO)CC1	Unassigned	ALP-UNI-8e43a71e-10		False	False	5.13789	7.27967				
ALP-UNI-8e43a71e-16	NS(=O)(=O)c1ccc(CNC(=O)CC2(C(=O)Nc3cncc4ccccc34)CCOc3ccc(Cl)cc32)cc1	Unassigned	ALP-UNI-8e43a71e-16		False	False	5.42921	3.7221				
ALP-POS-88a7a97e-3	COCCCNC(=O)C(c1cccnc1)N(C(=O)c1cocn1)c1ccc(C(C)(C)C)cc1	Ugi	ALP-POS-88a7a97e-3		False	False	5.05619	8.78644				
ALP-POS-88a7a97e-4	CC(C)(C)c1ccc(N(C(=O)c2cocn2)C(C(=O)NCc2cccnc2)c2cccnc2)cc1	Ugi	ALP-POS-88a7a97e-4		False	False	4.59722	25.2804				
ALP-POS-88a7a97e-5	COC(=O)C(C)NC(=O)C(c1cccnc1)N(C(=O)c1cocn1)c1ccc(C(C)(C)C)cc1	Ugi	ALP-POS-88a7a97e-5		False	False	5.14409	7.1764				
ALP-POS-88a7a97e-6	COC(=O)[C@@H]1CC[C@H](NC(=O)C(c2cccnc2)N(C(=O)c2cocn2)c2ccc(C(C)(C)C)cc2)C1	Ugi	ALP-POS-88a7a97e-6		False	False	5.6226	2.3845				
ALP-POS-88a7a97e-8	CC(C)(C)c1ccc(N(C(=O)c2cocn2)C(C(=O)NCc2ccncc2)c2cccnc2)cc1	Ugi	ALP-POS-88a7a97e-8		False	False	4.00218	99.5				
ALP-POS-88a7a97e-9	CC(C)(C)c1ccc(N(C(=O)c2cocn2)C(C(=O)NC2CCOCC2)c2cccnc2)cc1	Ugi	ALP-POS-88a7a97e-9		False	False	5.40941	3.89571				
ALP-POS-88a7a97e-10	CN(C)C(=O)CNC(=O)C(c1cccnc1)N(C(=O)c1cocn1)c1ccc(C(C)(C)C)cc1	Ugi	ALP-POS-88a7a97e-10		False	False	4.53434	29.219				
ALP-POS-88a7a97e-13	CC(C)(C)OC(=O)NCCCNC(=O)C(c1cccnc1)N(C(=O)c1cocn1)c1ccc(C(C)(C)C)cc1	Ugi	ALP-POS-88a7a97e-13		False	False	5.46987	3.38946				
ALP-POS-88a7a97e-15	COC(=O)C1CC(NC(=O)C(c2cccnc2)N(C(=O)c2cocn2)c2ccc(C(C)(C)C)cc2)C1	Ugi	ALP-POS-88a7a97e-15		False	False	5.39949	3.98574				
ALP-POS-88a7a97e-16	CSCCNC(=O)C(c1cccnc1)N(C(=O)c1cocn1)c1ccc(C(C)(C)C)cc1	Ugi	ALP-POS-88a7a97e-16		False	False	5.61134	2.44714				
ALP-POS-88a7a97e-17	CCOC(=O)CCNC(=O)C(c1cccnc1)N(C(=O)c1cocn1)c1ccc(C(C)(C)C)cc1	Ugi	ALP-POS-88a7a97e-17		False	False	5.5528	2.80026				
ALP-POS-88a7a97e-19	CC(C)(C)OC(=O)NCCNC(=O)C(c1cccnc1)N(C(=O)c1cocn1)c1ccc(C(C)(C)C)cc1	Ugi	ALP-POS-88a7a97e-19		False	False	5.20374	6.25541				
ALP-POS-88a7a97e-20	CC(C)(C)c1ccc(N(C(=O)c2cocn2)C(C(=O)NCC(=O)Nc2cccc([N+](=O)[O-])c2)c2cccnc2)cc1	Unassigned	ALP-POS-88a7a97e-20		False	False	4.84237	14.3758				
ALP-POS-88a7a97e-23	COC(=O)[C@@H]1C[C@@H](NC(=O)C(c2cccnc2)N(C(=O)c2cocn2)c2ccc(C(C)(C)C)cc2)CN1C(=O)OC(C)(C)C	Unassigned	ALP-POS-88a7a97e-23		False	False	5.16595	6.82414				
ALP-POS-88a7a97e-24	COC(=O)[C@H]1C[C@H](NC(=O)C(c2cccnc2)N(C(=O)c2cocn2)c2ccc(C(C)(C)C)cc2)CN1C(=O)OC(C)(C)C	Unassigned	ALP-POS-88a7a97e-24		False	False	6.07741	0.836742				
ALP-POS-88a7a97e-25	CC(C)(C)OC(=O)N1CCC(NC(=O)C(c2cccnc2)N(C(=O)c2cocn2)c2ccc(C(C)(C)C)cc2)C1	Ugi	ALP-POS-88a7a97e-25		False	False	5.4376	3.65092				
ALP-POS-88a7a97e-26	CC(C)(C)c1ccc(N(C(=O)c2cocn2)C(C(=O)NCC2CCOC2)c2cccnc2)cc1	Ugi	ALP-POS-88a7a97e-26		False	False	5.26627	5.41668				
ALP-POS-88a7a97e-27	CC(C)(C)c1ccc(N(C(=O)c2cocn2)C(C(=O)NCC2CCCO2)c2cccnc2)cc1	Ugi	ALP-POS-88a7a97e-27		False	False	5.28845	5.14698				
ALP-POS-88a7a97e-29	COC(CNC(=O)C(c1cccnc1)N(C(=O)c1cocn1)c1ccc(C(C)(C)C)cc1)OC	Ugi	ALP-POS-88a7a97e-29		False	False	5.1019	7.90862				
ALP-POS-88a7a97e-30	CC(C)(C)c1ccc(N(C(=O)c2cocn2)C(C(=O)NC2CCOC2)c2cccnc2)cc1	Ugi	ALP-POS-88a7a97e-30		False	False	5.55801	2.7669				
ALP-POS-88a7a97e-31	COCCNC(=O)C(c1cccnc1)N(C(=O)c1cocn1)c1ccc(C(C)(C)C)cc1	Ugi	ALP-POS-88a7a97e-31		False	False	5.07265	8.45969				
ALP-POS-88a7a97e-32	CCOC(=O)CNC(=O)C(c1cccnc1)N(C(=O)c1cocn1)c1ccc(C(C)(C)C)cc1	Ugi	ALP-POS-88a7a97e-32		False	False	5.02105	9.52685				
ALP-POS-88a7a97e-33	COC(=O)CNC(=O)C(c1cccnc1)N(C(=O)c1cocn1)c1ccc(C(C)(C)C)cc1	Ugi	ALP-POS-88a7a97e-33		False	False	4.96838	10.7553				
ALP-POS-88a7a97e-34	CC(C)(C)c1ccc(N(C(=O)c2cocn2)C(C(=O)NC2COC2)c2cccnc2)cc1	Ugi	ALP-POS-88a7a97e-34		False	False	5.3903	4.07098				
ALP-POS-88a7a97e-36	COC(=O)C1(NC(=O)C(c2cccnc2)N(C(=O)c2cocn2)c2ccc(C(C)(C)C)cc2)CCCC1	Ugi	ALP-POS-88a7a97e-36		False	False	5.27861	5.26496				
ALP-POS-88a7a97e-37	COC(=O)[C@H]1C[C@@H](NC(=O)C(c2cccnc2)N(C(=O)c2cocn2)c2ccc(C(C)(C)C)cc2)CN1C(=O)OC(C)(C)C	Unassigned	ALP-POS-88a7a97e-37		False	False	5.27389	5.32245				
ALP-POS-88a7a97e-38	CC(C)(C)OC(=O)CNC(=O)C(c1cccnc1)N(C(=O)c1cocn1)c1ccc(C(C)(C)C)cc1	Ugi	ALP-POS-88a7a97e-38		False	False	5.08715	8.18191				
ALP-POS-88a7a97e-39	CC(C)(C)c1ccc(N(C(=O)c2cocn2)C(C(=O)NC2CC(F)(F)C2)c2cccnc2)cc1	Ugi	ALP-POS-88a7a97e-39		False	False	5.62948	2.34703				
ALP-POS-88a7a97e-40	COC(=O)[C@@H]1C[C@H](NC(=O)C(c2cccnc2)N(C(=O)c2cocn2)c2ccc(C(C)(C)C)cc2)CN1C(=O)OC(C)(C)C	Unassigned	ALP-POS-88a7a97e-40		False	False	5.5756	2.65704				
ALP-POS-88a7a97e-41	COc1ccc(NC(=O)C(c2cccnc2)N(C(=O)c2cocn2)c2ccc(C(C)(C)C)cc2)cn1	Ugi	ALP-POS-88a7a97e-41		False	False	5.27033	5.36625				
ALP-POS-88a7a97e-42	Cc1ccc(S(=O)(=O)CNC(=O)C(c2cccnc2)N(C(=O)c2cocn2)c2ccc(C(C)(C)C)cc2)cc1	Ugi	ALP-POS-88a7a97e-42		False	False	4.20156	62.8702				
ALP-POS-88a7a97e-43	CC(C)(C)OC(=O)N1CC(NC(=O)C(c2cccnc2)N(C(=O)c2cocn2)c2ccc(C(C)(C)C)cc2)C1	Ugi	ALP-POS-88a7a97e-43		False	False	5.16036	6.9126				
ALP-POS-88a7a97e-44	CC(C)(C)c1ccc(N(C(=O)c2cocn2)C(C(=O)NCC(=O)OCc2ccccc2)c2cccnc2)cc1	Ugi	ALP-POS-88a7a97e-44		False	False	5.00344	9.92109				
ALP-POS-88a7a97e-46	CSCCCNC(=O)C(c1cccnc1)N(C(=O)c1cocn1)c1ccc(C(C)(C)C)cc1	Ugi	ALP-POS-88a7a97e-46		False	False	5.41474	3.84825				
ALP-POS-88a7a97e-47	CC(C)(C)c1ccc(N(C(=O)c2cocn2)C(C(=O)NCCN2CCOCC2)c2cccnc2)cc1	Ugi	ALP-POS-88a7a97e-47		False	False	4.0833	82.5462				
ALP-POS-88a7a97e-48	CCOC(=O)CCCNC(=O)C(c1cccnc1)N(C(=O)c1cocn1)c1ccc(C(C)(C)C)cc1	Ugi	ALP-POS-88a7a97e-48		False	False	5.20485	6.23948				
ALP-POS-88a7a97e-49	CCOC(=O)c1ncoc1CNC(=O)C(c1cccnc1)N(C(=O)c1cocn1)c1ccc(C(C)(C)C)cc1	Ugi	ALP-POS-88a7a97e-49		False	False	5.23073	5.87854				
EDJ-MED-8c98ee63-1	COCCCNCC1(C(=O)Nc2cncc3ccccc23)CCOc2ccc(Cl)cc21	3-aminopyridine-like	EDJ-MED-8c98ee63-1		False	False	4.94372	11.3835	4.64758	22.5123		
EDJ-MED-8c98ee63-2	Cn1ccc(CNCC2(C(=O)Nc3cncc4ccccc34)CCOc3ccc(Cl)cc32)n1	3-aminopyridine-like	EDJ-MED-8c98ee63-2		False	False	6.09539	0.802811				
EDJ-MED-ee07cf00-1	Cn1c(=O)ccn(CC(=O)NC(C(=O)Nc2cncc3ccccc23)c2cccc(Cl)c2)c1=O	Ugi	EDJ-MED-ee07cf00-1		False	False	4.94656	11.3094	4.80212	15.7719		
EDJ-MED-ee07cf00-3	Cn1ncc2c(=O)n(CC(=O)NC(C(=O)Nc3cncc4ccccc34)c3cccc(Cl)c3)cnc21	Ugi	EDJ-MED-ee07cf00-3		False	False	4.62432	23.7509	4.00436	99		
EDJ-MED-ee07cf00-4	CC(NC(=O)C1CCC1)C(=O)NC(C(=O)Nc1cncc2ccccc12)c1cccc(Cl)c1	Ugi	EDJ-MED-ee07cf00-4		False	False	5.31823	4.80589				
EDJ-MED-ee07cf00-5	N#Cc1ccc(C(=O)NCC(=O)NC(C(=O)Nc2cncc3ccccc23)c2cccc(Cl)c2)cc1	Ugi	EDJ-MED-ee07cf00-5		False	False	4.72751	18.7281				
EDJ-MED-ee07cf00-6	Cn1cc(C2=NOC(C(=O)NC(C(=O)Nc3cncc4ccccc34)c3cccc(Cl)c3)C2)cn1	Ugi	EDJ-MED-ee07cf00-6		False	False	5.14325	7.19031				
EDJ-MED-ee07cf00-8	N#Cc1cn(CC(=O)NC(C(=O)Nc2cncc3ccccc23)c2cccc(Cl)c2)c(=O)[nH]c1=O	Ugi	EDJ-MED-ee07cf00-8		False	False	4.67285	21.2398	4.6087	24.6207		
EDJ-MED-ee07cf00-9	O=C(Cn1nnc(-c2ccccc2)n1)NC(C(=O)Nc1cncc2ccccc12)c1cccc(Cl)c1	Ugi	EDJ-MED-ee07cf00-9		False	False	4.73789	18.2857	4.45852	34.7924		
EDJ-MED-ee07cf00-10	O=C(Cn1cnc(C(F)(F)F)n1)NC(C(=O)Nc1cncc2ccccc12)c1cccc(Cl)c1	Ugi	EDJ-MED-ee07cf00-10		False	False	4.86503	13.645				
EDJ-MED-ee07cf00-12	NC(=O)c1ccc(OCC(=O)NC(C(=O)Nc2cncc3ccccc23)c2cccc(Cl)c2)cc1	Ugi	EDJ-MED-ee07cf00-12		False	False	5.51816	3.03276				
EDJ-MED-ee07cf00-14	O=C(Cn1nc2n(c(=O)c1=O)CCC2)NC(C(=O)Nc1cncc2ccccc12)c1cccc(Cl)c1	Ugi	EDJ-MED-ee07cf00-14		False	False	5.55946	2.75767				
EDJ-MED-ee07cf00-15	O=C(Cc1ccc(-n2cnnn2)cc1)NC(C(=O)Nc1cncc2ccccc12)c1cccc(Cl)c1	Ugi	EDJ-MED-ee07cf00-15		False	False	4.98923	10.2512				
EDJ-MED-ee07cf00-16	O=C(Cn1cc(Cl)c(=O)[nH]c1=O)NC(C(=O)Nc1cncc2ccccc12)c1cccc(Cl)c1	Ugi	EDJ-MED-ee07cf00-16		False	False	5.02992	9.33417				
EDJ-MED-ee07cf00-17	O=C(Cn1ncn2nccc2c1=O)NC(C(=O)Nc1cncc2ccccc12)c1cccc(Cl)c1	Ugi	EDJ-MED-ee07cf00-17		False	False	4.70963	19.5152				
EDJ-MED-ee07cf00-18	O=C(CN1CCN(C2CC2)C1=O)NC(C(=O)Nc1cncc2ccccc12)c1cccc(Cl)c1	Ugi	EDJ-MED-ee07cf00-18		False	False	5.62935	2.34776				
MAT-POS-9db1e783-1	O=C(Nc1cncc2ccccc12)[C@@]1(O)CCOc2ccc(Cl)cc21	3-aminopyridine-like	MAT-POS-9db1e783-1		False	False	4.00218	99.5				
MAT-POS-9db1e783-2	O=C(Nc1cncc2ccccc12)C1(CO)CCOc2ccc(Cl)cc21	3-aminopyridine-like	MAT-POS-9db1e783-2		False	False	5.96336	1.08804	5.93003	1.17482		
MAT-POS-9db1e783-3	COC(=O)/C=C/C(=O)N(C(=O)[C@H]1CCOc2ccc(Cl)cc21)c1cncc2ccccc12	3-aminopyridine-like	MAT-POS-9db1e783-3		False	False	5.36076	4.35751				
EDG-MED-ba1ac7b9-9	O=C(CC1(C(=O)Nc2cncc3ccccc23)CCOc2ccc(Cl)cc21)N1CCCCC1c1nc[nH]n1	3-aminopyridine-like	EDG-MED-ba1ac7b9-9		False	False	6.36	0.436516				
EDG-MED-ba1ac7b9-10	O=C(CC1(C(=O)Nc2cncc3ccccc23)CCOc2ccc(Cl)cc21)N1CCCCC1c1cc[nH]n1	3-aminopyridine-like	EDG-MED-ba1ac7b9-10		False	False	6.21046	0.615949				
EDG-MED-ba1ac7b9-11	O=C(CC1(C(=O)Nc2cncc3ccccc23)CCOc2ccc(Cl)cc21)N1CCCCC1c1cn[nH]c1	3-aminopyridine-like	EDG-MED-ba1ac7b9-11		False	False	6.28106	0.523533				
EDG-MED-ba1ac7b9-12	O=C(CC1(C(=O)Nc2cncc3ccccc23)CCOc2ccc(Cl)cc21)N1CCCC1c1nnn[nH]1	3-aminopyridine-like	EDG-MED-ba1ac7b9-12		False	False	5.0981	7.97804				
EDG-MED-ba1ac7b9-13	CN1C[C@@H]2C[C@H]1CN2C(=O)CC1(C(=O)Nc2cncc3ccccc23)CCOc2ccc(Cl)cc21	3-aminopyridine-like	EDG-MED-ba1ac7b9-13		False	False	5.19431	6.39276				
EDG-MED-ba1ac7b9-15	CC1CN(C)CCN1C(=O)CC1(C(=O)Nc2cncc3ccccc23)CCOc2ccc(Cl)cc21	3-aminopyridine-like	EDG-MED-ba1ac7b9-15		False	False	5.19665	6.35845				
EDG-MED-ba1ac7b9-16	Cn1cncc1CN(C(=O)CC1(C(=O)Nc2cncc3ccccc23)CCOc2ccc(Cl)cc21)C1CC1	3-aminopyridine-like	EDG-MED-ba1ac7b9-16		False	False	5.2145	6.10244				
EDG-MED-ba1ac7b9-17	Cn1ccnc1CN(C(=O)CC1(C(=O)Nc2cncc3ccccc23)CCOc2ccc(Cl)cc21)C1CC1	3-aminopyridine-like	EDG-MED-ba1ac7b9-17		False	False	5.29642	5.05334				
EDG-MED-ba1ac7b9-18	CC1Cn2nccc2CN1C(=O)CC1(C(=O)Nc2cncc3ccccc23)CCOc2ccc(Cl)cc21	3-aminopyridine-like	EDG-MED-ba1ac7b9-18		False	False	5.65593	2.20838				
EDG-MED-ba1ac7b9-19	CC1c2nncn2CCN1C(=O)CC1(C(=O)Nc2cncc3ccccc23)CCOc2ccc(Cl)cc21	3-aminopyridine-like	EDG-MED-ba1ac7b9-19		False	False	5.5985	2.52059				
EDG-MED-ba1ac7b9-20	O=C(CC1(C(=O)Nc2cncc3ccccc23)CCOc2ccc(Cl)cc21)N1CCOCC1CC(F)F	3-aminopyridine-like	EDG-MED-ba1ac7b9-20		False	False	4.9939	10.1413				
EDG-MED-ba1ac7b9-21	O=C(CC1(C(=O)Nc2cncc3ccccc23)CCOc2ccc(Cl)cc21)N1CCCC1Cn1ccnc1	3-aminopyridine-like	EDG-MED-ba1ac7b9-21		False	False	6.20783	0.619684				
EDG-MED-ba1ac7b9-22	NC(=O)C1Cc2[nH]cnc2CN1C(=O)CC1(C(=O)Nc2cncc3ccccc23)CCOc2ccc(Cl)cc21	3-aminopyridine-like	EDG-MED-ba1ac7b9-22		False	False	5.03255	9.27785				
EDG-MED-ba1ac7b9-23	O=C(CC1(C(=O)Nc2cncc3ccccc23)CCOc2ccc(Cl)cc21)N1C[C@@H]2C[C@H]1CN2CC(F)F	3-aminopyridine-like	EDG-MED-ba1ac7b9-23		False	False	5.42247	3.78036				
EDG-MED-ba1ac7b9-25	CC1CN(C(=O)CC2(C(=O)Nc3cncc4ccccc34)CCOc3ccc(Cl)cc32)CCN1CCO	3-aminopyridine-like	EDG-MED-ba1ac7b9-25		False	False	4.00218	99.5				
EDG-MED-ba1ac7b9-27	CC1CN(CCO)CCN1C(=O)CC1(C(=O)Nc2cncc3ccccc23)CCOc2ccc(Cl)cc21	3-aminopyridine-like	EDG-MED-ba1ac7b9-27		False	False	4.83769	14.5316				
EDG-MED-ba1ac7b9-28	CN(CCO)C1CCN(C(=O)CC2(C(=O)Nc3cncc4ccccc34)CCOc3ccc(Cl)cc32)CC1	3-aminopyridine-like	EDG-MED-ba1ac7b9-28		False	False	4.42479	37.6021				
ALP-UNI-3496895b-8	O=C(C[C@@]1(C(=O)Nc2cncc3ccccc23)CCOc2ccc(Cl)cc21)N1CCN(CCCO)CC1	3-aminopyridine-like	ALP-UNI-3496895b-8		False	False			4.71304	19.3624		
ALP-POS-ced8ea4d-1	CN1C(=O)CCc2cc(N(C(=O)c3cocn3)C(C(=O)NCCc3cccc(F)c3)c3cccnc3)ccc21	Ugi	ALP-POS-ced8ea4d-1		False	False	4.197	63.5332				
ALP-POS-ced8ea4d-2	O=C(NCCc1cccc(F)c1)C(c1cccnc1)N(C(=O)c1cocn1)C1CC2CCCC2C1	Ugi	ALP-POS-ced8ea4d-2		False	False	4.00218	99.5				
ALP-POS-ced8ea4d-3	O=C(NCCc1cccc(F)c1)C(c1cccnc1)N(C(=O)c1cocn1)C1CCc2cc(F)ccc21	Ugi	ALP-POS-ced8ea4d-3		False	False	4.00218	99.5				
ALP-POS-ced8ea4d-4	O=C(NCCc1cccc(F)c1)C(c1cccnc1)N(C(=O)c1cocn1)C1COc2ccccc2C1	Ugi	ALP-POS-ced8ea4d-4		False	False	4.00218	99.5				
ALP-POS-ced8ea4d-5	CC(C)S(=O)(=O)c1ccc(N(C(=O)c2cocn2)C(C(=O)NCCc2cccc(F)c2)c2cccnc2)cc1	Unassigned	ALP-POS-ced8ea4d-5		False	False	4.17974	66.1095				
ALP-POS-ced8ea4d-6	COC1CC2(C1)CC(N(C(=O)c1cocn1)C(C(=O)NCCc1cccc(F)c1)c1cccnc1)C2	Ugi	ALP-POS-ced8ea4d-6		False	False	4.00218	99.5				
ALP-POS-ced8ea4d-8	Cn1ncc2cc(N(C(=O)c3cocn3)C(C(=O)NCCc3cccc(F)c3)c3cccnc3)ccc21	Ugi	ALP-POS-ced8ea4d-8		False	False	4.31854	48.024				
ALP-POS-ced8ea4d-9	CS(=O)(=O)c1ccc(N(C(=O)c2cocn2)C(C(=O)NCCc2cccc(F)c2)c2cccnc2)cc1	Ugi	ALP-POS-ced8ea4d-9		False	False	4.11974	75.9031				
ALP-POS-ced8ea4d-10	Cn1cnc2cc(N(C(=O)c3cocn3)C(C(=O)NCCc3cccc(F)c3)c3cccnc3)ccc21	Ugi	ALP-POS-ced8ea4d-10		False	False	4.00218	99.5				
ALP-POS-ced8ea4d-11	CS(=O)(=O)Cc1ccc(N(C(=O)c2cocn2)C(C(=O)NCCc2cccc(F)c2)c2cccnc2)cc1	Ugi	ALP-POS-ced8ea4d-11		False	False	4.55817	27.6584				
ALP-POS-ced8ea4d-12	CC(C)Oc1ccc(N(C(=O)c2cocn2)C(C(=O)NCCc2cccc(F)c2)c2cccnc2)cc1	Ugi	ALP-POS-ced8ea4d-12		False	False	6.21522	0.609229				
ALP-POS-ced8ea4d-13	O=C(NCCc1cccc(F)c1)C(c1cccnc1)N(C(=O)c1cocn1)C1CCCCC1	Ugi	ALP-POS-ced8ea4d-13		False	False	4.00218	99.5				
ALP-POS-ced8ea4d-14	O=C(NCCc1cccc(F)c1)C(c1cccnc1)N(C(=O)c1cocn1)C1CCCOC1	Ugi	ALP-POS-ced8ea4d-14		False	False	4.00218	99.5				
ALP-POS-ced8ea4d-16	O=C(NCCc1cccc(F)c1)C(c1cccnc1)N(C(=O)c1cocn1)c1ccc(Cn2cccn2)cc1	Ugi	ALP-POS-ced8ea4d-16		False	False	5.07893	8.33822				
ALP-POS-ced8ea4d-17	O=C(NCCc1cccc(F)c1)C(c1cccnc1)N(C(=O)c1cocn1)c1ccc(S(=O)(=O)C2CCCC2)cc1	Unassigned	ALP-POS-ced8ea4d-17		False	False	4.00218	99.5				
ALP-POS-ced8ea4d-18	O=C(NCCc1cccc(F)c1)C(c1cccnc1)N(C(=O)c1cocn1)c1ccc2nc(C(F)(F)F)[nH]c2c1	Unassigned	ALP-POS-ced8ea4d-18		False	False	4.11036	77.5609				
ALP-POS-ced8ea4d-19	COc1ccc(N(C(=O)c2cocn2)C(C(=O)NCCc2cccc(F)c2)c2cccnc2)cc1	Ugi	ALP-POS-ced8ea4d-19		False	False	4.65407	22.1784				
ALP-POS-ced8ea4d-20	Cn1ccc2cc(N(C(=O)c3cocn3)C(C(=O)NCCc3cccc(F)c3)c3cccnc3)ccc21	Ugi	ALP-POS-ced8ea4d-20		False	False	4.62386	23.7763				
ALP-POS-ced8ea4d-21	Cc1nc2ccc(N(C(=O)c3cocn3)C(C(=O)NCCc3cccc(F)c3)c3cccnc3)cc2o1	Ugi	ALP-POS-ced8ea4d-21		False	False	4.00218	99.5				
ALP-POS-ced8ea4d-22	O=C(NCCc1cccc(F)c1)C(c1cccnc1)N(C(=O)c1cocn1)C1CCCCCC1	Ugi	ALP-POS-ced8ea4d-22		False	False	4.00218	99.5				
ALP-POS-ced8ea4d-23	O=C(NCCc1cccc(F)c1)C(c1cccnc1)N(C(=O)c1cocn1)C1CCc2ccccc21	Ugi	ALP-POS-ced8ea4d-23		False	False	4.00218	99.5				
ALP-POS-ced8ea4d-24	O=C(NCCc1cccc(F)c1)C(c1cccnc1)N(C(=O)c1cocn1)c1ccc2ncsc2c1	Ugi	ALP-POS-ced8ea4d-24		False	False	4.21841	60.4764				
ALP-POS-ced8ea4d-25	O=C(NCCc1cccc(F)c1)C(c1cccnc1)N(C(=O)c1cocn1)c1ccc2c(c1)CCCS2(=O)=O	Ugi	ALP-POS-ced8ea4d-25		False	False	4.00218	99.5				
ALP-POS-ced8ea4d-26	O=C(NCCc1cccc(F)c1)C(c1cccnc1)N(C(=O)c1cocn1)C1CCN(c2ccccc2F)C1	Ugi	ALP-POS-ced8ea4d-26		False	False	4.00218	99.5				
ALP-POS-ced8ea4d-27	Cc1ccc(N(C(=O)c2cocn2)C(C(=O)NCCc2cccc(F)c2)c2cccnc2)cc1	Ugi	ALP-POS-ced8ea4d-27		False	False	4.29935	50.1943				
ALP-POS-ced8ea4d-28	O=C(NCCc1cccc(F)c1)C(c1cccnc1)N(C(=O)c1cocn1)c1ccccc1	Ugi	ALP-POS-ced8ea4d-28		False	False	4.04957	89.2138				
ALP-POS-ced8ea4d-29	O=C(NCCc1cccc(F)c1)C(c1cccnc1)N(C(=O)c1cocn1)C1Cc2ccccc21	Ugi	ALP-POS-ced8ea4d-29		False	False	4.00218	99.5				
ALP-POS-ced8ea4d-30	O=C(NCCc1cccc(F)c1)C(c1cccnc1)N(C(=O)c1cocn1)c1ccc2c(c1)CCC(=O)N2CC(F)F	Unassigned	ALP-POS-ced8ea4d-30		False	False	4.61144	24.4657				
ALP-POS-ced8ea4d-31	O=C(NCCc1cccc(F)c1)C(c1cccnc1)N(C(=O)c1cocn1)C1CCN(c2ccccc2)C1	Ugi	ALP-POS-ced8ea4d-31		False	False	4.00218	99.5				
ALP-POS-ced8ea4d-32	O=C(NCCc1cccc(F)c1)C(c1cccnc1)N(C(=O)c1cocn1)c1ccc(OC2CCOC2)cc1	Ugi	ALP-POS-ced8ea4d-32		False	False	5.19935	6.31902				
ALP-POS-ced8ea4d-33	O=C(NCCc1cccc(F)c1)C(c1cccnc1)N(C(=O)c1cocn1)C1COc2cc(F)ccc21	Ugi	ALP-POS-ced8ea4d-33		False	False	4.00218	99.5				
ALP-POS-ced8ea4d-34	COCc1csc(N(C(=O)c2cocn2)C(C(=O)NCCc2cccc(F)c2)c2cccnc2)n1	Ugi	ALP-POS-ced8ea4d-34		False	False	4.00218	99.5				
ALP-POS-ced8ea4d-35	O=C(NCCc1cccc(F)c1)C(c1cccnc1)N(C(=O)c1cocn1)c1cn(Cc2ccccc2)cn1	Ugi	ALP-POS-ced8ea4d-35		False	False	4.56363	27.3129				
ALP-POS-ced8ea4d-36	O=C(NCCc1cccc(F)c1)C(c1cccnc1)N(C(=O)c1cocn1)c1ccc2scnc2c1	Ugi	ALP-POS-ced8ea4d-36		False	False	4.07593	83.9602				
ALP-POS-ced8ea4d-37	O=C(NCCc1cccc(F)c1)C(c1cccnc1)N(C(=O)c1cocn1)c1ccc(C(F)(F)F)nc1	Ugi	ALP-POS-ced8ea4d-37		False	False	4.43865	36.4205				
ALP-POS-ced8ea4d-40	COc1ccccc1CN(C(=O)c1cocn1)C(C(=O)NCCc1cccc(F)c1)c1cccnc1	Ugi	ALP-POS-ced8ea4d-40		False	False	4.00218	99.5				
ALP-POS-ced8ea4d-41	Cc1ccccc1CN(C(=O)c1cocn1)C(C(=O)NCCc1cccc(F)c1)c1cccnc1	Ugi	ALP-POS-ced8ea4d-41		False	False	4.00218	99.5				
ALP-POS-ced8ea4d-45	CN1CCCC(N(C(=O)c2cocn2)C(C(=O)NCCc2cccc(F)c2)c2cccnc2)C1	Ugi	ALP-POS-ced8ea4d-45		False	False	4.00218	99.5				
ALP-POS-ced8ea4d-47	O=C(NCCc1cccc(F)c1)C(c1cccnc1)N(C(=O)c1cocn1)c1ccc2c(c1)CCOC2	Ugi	ALP-POS-ced8ea4d-47		False	False	4.00218	99.5				
ALP-POS-ced8ea4d-48	COc1cc(C)ccc1CN(C(=O)c1cocn1)C(C(=O)NCCc1cccc(F)c1)c1cccnc1	Ugi	ALP-POS-ced8ea4d-48		False	False	4.00218	99.5				
ALP-POS-ced8ea4d-49	CCOc1ccc(N(C(=O)c2cocn2)C(C(=O)NCCc2cccc(F)c2)c2cccnc2)cn1	Ugi	ALP-POS-ced8ea4d-49		False	False	4.00218	99.5				
ALP-POS-ced8ea4d-50	COc1cc(N(C(=O)c2cocn2)C(C(=O)NCCc2cccc(F)c2)c2cccnc2)ccc1S(=O)(=O)N(C)C	Unassigned	ALP-POS-ced8ea4d-50		False	False	4.00218	99.5				
ALP-POS-ced8ea4d-55	O=C(NCCc1cccc(F)c1)C(c1cccnc1)N(C(=O)c1cocn1)[C@H]1C[C@H](Oc2ccccc2)C1	Ugi	ALP-POS-ced8ea4d-55		False	False	4.00218	99.5				
ALP-POS-ced8ea4d-56	O=C(NCCc1cccc(F)c1)C(c1cccnc1)N(C(=O)c1cocn1)C1CCC2(CCO2)CC1	Ugi	ALP-POS-ced8ea4d-56		False	False	4.00218	99.5				
ALP-POS-ced8ea4d-57	O=C(NCCc1cccc(F)c1)C(c1cccnc1)N(C(=O)c1cocn1)C1COC2(CCCC2)C1	Ugi	ALP-POS-ced8ea4d-57		False	False	4.00218	99.5				
ALP-POS-ced8ea4d-58	Cc1ccccc1C(C)N(C(=O)c1cocn1)C(C(=O)NCCc1cccc(F)c1)c1cccnc1	Ugi	ALP-POS-ced8ea4d-58		False	False	4.00218	99.5				
ALP-POS-ced8ea4d-60	O=C(NCCc1cccc(F)c1)C(c1cccnc1)N(C(=O)c1cocn1)C1CCC2OCCC2C1	Ugi	ALP-POS-ced8ea4d-60		False	False	4.00218	99.5				
ALP-POS-ced8ea4d-63	O=C(NCCc1cccc(F)c1)C(c1cccnc1)N(C(=O)c1cocn1)c1cnc(C2CCC2)nc1	Ugi	ALP-POS-ced8ea4d-63		False	False	4.16046	69.1091				
ALP-POS-ced8ea4d-67	CCOc1ccc(N(C(=O)c2cocn2)C(C(=O)NCCc2cccc(F)c2)c2cccnc2)cc1	Ugi	ALP-POS-ced8ea4d-67		False	False	4.81071	15.463				
ALP-POS-5bb456a5-1	CC1CN(S(C)(=O)=O)CCC1NC(=O)CC1(C(=O)Nc2cncc3ccccc23)CCOc2ccc(Cl)cc21	Unassigned	ALP-POS-5bb456a5-1		False	False	5.55503	2.78594				
ALP-POS-5bb456a5-3	Cn1nnnc1C1=CCN(C(=O)CC2(C(=O)Nc3cncc4ccccc34)CCOc3ccc(Cl)cc32)CC1	3-aminopyridine-like	ALP-POS-5bb456a5-3		False	False	5.03733	9.1763				
ALP-POS-5bb456a5-7	O=C(CC1(C(=O)Nc2cncc3ccccc23)CCOc2ccc(Cl)cc21)N1CCN(C2CCOC2)CC1	3-aminopyridine-like	ALP-POS-5bb456a5-7		False	False	5.17494	6.68429				
ALP-POS-5bb456a5-8	O=C(C[C@]1(C(=O)Nc2cncc3ccccc23)CCOc2ccc(Cl)cc21)N1CCN(C2CCOC2)CC1	3-aminopyridine-like	ALP-POS-5bb456a5-8		False	False	5.70082	1.99151				
MAT-POS-f39f51fd-1	O=C1CC(C(=O)Nc2cncc3ccccc23)c2cc(Cl)cc(Cl)c2N1	3-aminopyridine-like	MAT-POS-f39f51fd-1		False	False	5.50788	3.10543				
MAT-POS-f9802937-2	CN1C(=O)CC(O)(C(=O)Nc2cncc3ccccc23)c2cc(Cl)ccc21	3-aminopyridine-like	MAT-POS-f9802937-2		False	False	4.6834	20.7301				
MAT-POS-f9802937-3	CN(C)C(=O)C[C@]1(C(=O)Nc2cncc3ccccc23)CCOc2ccc(Cl)cc21	3-aminopyridine-like	MAT-POS-f9802937-3		False	False	5.88449	1.3047	5.72332	1.89095		
MAT-POS-f9802937-4	CN(C)C(=O)C[C@@]1(C(=O)Nc2cncc3ccccc23)CCOc2ccc(Cl)cc21	3-aminopyridine-like	MAT-POS-f9802937-4		False	False	4.68909	20.4602				
MAT-POS-f9802937-5	CNC(=O)C[C@]1(C(=O)Nc2cncc3ccccc23)CCOc2ccc(Cl)cc21	3-aminopyridine-like	MAT-POS-f9802937-5		False	False	5.74141	1.81382				
MAT-POS-f9802937-6	CNC(=O)C[C@@]1(C(=O)Nc2cncc3ccccc23)CCOc2ccc(Cl)cc21	3-aminopyridine-like	MAT-POS-f9802937-6		False	False	4.30416	49.6405				
MAT-POS-f9802937-7	COc1ccc2cncc(NC(=O)C3CCOc4ccc(Cl)cc43)c2c1	3-aminopyridine-like	MAT-POS-f9802937-7		False	False	6.64384	0.227072	6.43234	0.369537		
MAT-POS-f9802937-8	O=C(Nc1cncc2ccccc12)[C@@H]1CCNc2cc(Cl)c(Cl)cc21	3-aminopyridine-like	MAT-POS-f9802937-8		False	False	7.32381	0.0474446				
MAT-POS-f9802937-9	O=C(Nc1cncc2ccccc12)[C@H]1CCNc2cc(Cl)c(Cl)cc21	3-aminopyridine-like	MAT-POS-f9802937-9		False	False	4.00218	99.5				
ALP-POS-2da19ca7-2	O=C(C[C@@]1(C(=O)Nc2cncc3ccccc23)CCOc2ccc(Cl)cc21)N1CCN(C2CCOC2)CC1	3-aminopyridine-like	ALP-POS-2da19ca7-2		False	False	4.33232	46.5245				
EDG-MED-5d232de5-1	O=C(Nc1cncc2ccc(F)cc12)[C@@H]1CCOc2ccc(Cl)cc21	3-aminopyridine-like	EDG-MED-5d232de5-1		False	False	6.49152	0.322463	6.57717	0.264743		
EDG-MED-5d232de5-2	O=C(Nc1cncc2ccc(F)cc12)[C@H]1CCOc2ccc(Cl)cc21	3-aminopyridine-like	EDG-MED-5d232de5-2		False	False	4.03593	92.0601				
EDG-MED-5d232de5-3	CC(=O)N1CC[C@@H](C(=O)Nc2cncc3ccccc23)c2cc(Cl)ccc21	3-aminopyridine-like	EDG-MED-5d232de5-3		False	False	4.76501	17.1785				
EDG-MED-5d232de5-4	CC(=O)N1CC[C@H](C(=O)Nc2cncc3ccccc23)c2cc(Cl)ccc21	3-aminopyridine-like	EDG-MED-5d232de5-4		False	False	6.44999	0.354819	6.42142	0.37895		
EDG-MED-5d232de5-5	CN1CC[C@H](C(=O)Nc2cncc3ccccc23)c2cc(Cl)ccc21	3-aminopyridine-like	EDG-MED-5d232de5-5		False	False	6.60948	0.245764	6.61239	0.244122		
EDG-MED-5d232de5-6	CN1CC[C@@H](C(=O)Nc2cncc3ccccc23)c2cc(Cl)ccc21	3-aminopyridine-like	EDG-MED-5d232de5-6		False	False	4.26421	54.4235				
EDG-MED-5d232de5-7	O=C1[C@@H](c2cccc(Cl)c2)CCN1c1cncc2ccccc12	3-aminopyridine-like	EDG-MED-5d232de5-7		False	False	5.52914	2.95705				
EDG-MED-5d232de5-8	O=C1[C@H](c2cccc(Cl)c2)CCN1c1cncc2ccccc12	3-aminopyridine-like	EDG-MED-5d232de5-8		False	False	4.4035	39.4909				
VLA-UNK-cf7facf1-1	O=C1N[C@@]2(CCOc3ccc(Cl)cc32)C(=O)N1c1cncc2ccccc12	3-aminopyridine-like	VLA-UNK-cf7facf1-1		False	False	6.16014	0.691613	6.18796	0.648698		
EDJ-MED-9e38fd34-1	CC1(C(=O)Nc2cncc3ccccc23)C(=O)Nc2ccc(Cl)cc21	3-aminopyridine-like	EDJ-MED-9e38fd34-1		False	False	6.21535	0.609049				
EDJ-MED-d08626de-1	CO[C@]1(C(=O)Nc2cncc3ccccc23)CCOc2ccc(Cl)cc21	3-aminopyridine-like	EDJ-MED-d08626de-1		False	False	4.41403	38.5449				
EDJ-MED-d08626de-3	CO[C@]1(C(=O)Nc2cncc3ccccc23)CCOc2cc(Cl)c(Cl)cc21	3-aminopyridine-like	EDJ-MED-d08626de-3		False	False	6.51239	0.307333	6.33464	0.462763		
EDJ-MED-d08626de-4	CO[C@@]1(C(=O)Nc2cncc3ccccc23)CCOc2cc(Cl)c(Cl)cc21	3-aminopyridine-like	EDJ-MED-d08626de-4		False	False	4.21526	60.917	4.15212	70.4506		
EDJ-MED-d08626de-5	COC1(C(=O)Nc2cncc3ccccc23)CCOc2cc(Cl)c(Cl)cc21	3-aminopyridine-like	EDJ-MED-d08626de-5		False	False	6.26344	0.545203	6.12758	0.745457		
VLA-UNK-82501c2c-1	O=C(Cc1ccc(Cl)c(Cl)c1)Nc1cncc2cnccc12	3-aminopyridine-like	VLA-UNK-82501c2c-1		False	False	5.73353	1.84703				
VLA-UNK-82501c2c-2	O=C(Cc1ccc(Cl)c(Cl)c1)Nc1cncc2ccncc12	3-aminopyridine-like	VLA-UNK-82501c2c-2		False	False	5.74831	1.78522				
EDJ-MED-2f867453-1	CC1(C(=O)Nc2cncc3ccccc23)CNc2ccc(Cl)cc21	3-aminopyridine-like	EDJ-MED-2f867453-1		False	False	5.83101	1.47567				
MAT-POS-e69ad64a-2	C=CC(=O)N(C(=O)C1COc2ccc(Cl)cc21)c1cncc2ccccc12	3-aminopyridine-like	MAT-POS-e69ad64a-2		True	False	7.3806	0.0416299				
EDG-MED-0e5afe9d-1	Cn1c(=O)[nH]c2cncc(NC(=O)C3CCOc4ccc(Cl)cc43)c21	3-aminopyridine-like	EDG-MED-0e5afe9d-1		False	False	4.68456	20.6748				
EDG-MED-0e5afe9d-2	O=C(Nc1cncc2[nH]c(=O)[nH]c12)C1CCOc2ccc(Cl)cc21	3-aminopyridine-like	EDG-MED-0e5afe9d-2		False	False	4.20216	62.7831				
EDG-MED-0e5afe9d-3	COC1(C(=O)Nc2cncc3ccccc23)CCOc2ccc(Cl)cc21	3-aminopyridine-like	EDG-MED-0e5afe9d-3		False	False	6.7314	0.185607	6.62772	0.235656		
ALP-POS-e0fe77e5-13	O=C1N(c2cncc3ccccc23)CCCC12CCNc1ccc(Cl)cc12	3-aminopyridine-like	ALP-POS-e0fe77e5-13		False	False	5.88886	1.29164				
KAD-UNI-80f122c8-1	NC(=O)C12COC(CNC(=O)CC3(C(=O)Nc4cncc5ccccc45)CCOc4ccc(Cl)cc43)(C1)C2	3-aminopyridine-like	KAD-UNI-80f122c8-1		False	False	5.0433	9.05108				
KAD-UNI-80f122c8-2	CC(=O)N1CC2CC1CN2C(=O)CC1(C(=O)Nc2cncc3ccccc23)CCOc2ccc(Cl)cc21	3-aminopyridine-like	KAD-UNI-80f122c8-2		False	False	5.42191	3.78517				
KAD-UNI-80f122c8-3	O=C(CC1(C(=O)Nc2cncc3ccccc23)CCOc2ccc(Cl)cc21)N1CCC2CS(=O)(=O)CC2C1	Unassigned	KAD-UNI-80f122c8-3		False	False	5.77768	1.66846				
MAT-POS-1f3f1a6f-1	NC(C(=O)Nc1cncc2ccccc12)c1ccc(Cl)c(Cl)c1	3-aminopyridine-like	MAT-POS-1f3f1a6f-1		False	False	5.47084	3.38191				
MAT-POS-1f3f1a6f-2	CN(C)C(C(=O)Nc1cncc2ccccc12)c1ccc(Cl)c(Cl)c1	3-aminopyridine-like	MAT-POS-1f3f1a6f-2		False	False	5.36918	4.27381				
MAT-POS-1f3f1a6f-3	CC(=O)NC(C(=O)Nc1cncc2ccccc12)c1ccc(Cl)c(Cl)c1	Ugi	MAT-POS-1f3f1a6f-3		False	False	5.39206	4.05457				
MAT-POS-1f3f1a6f-4	O=C(Nc1cncc2ccccc12)C(NCC1CC1)c1ccc(Cl)c(Cl)c1	3-aminopyridine-like	MAT-POS-1f3f1a6f-4		False	False	5.75803	1.74572				
MAT-POS-1f3f1a6f-5	O=C1NC(c2ccc(Cl)c(Cl)c2)C(=O)N1c1cncc2ccccc12	3-aminopyridine-like	MAT-POS-1f3f1a6f-5		False	False	5.07266	8.45947				
MAT-POS-e9e99895-2	CC(C)N1CCOC(C(=O)NC(C)(C(=O)Nc2cncc3ccccc23)c2ccc(Cl)c(Cl)c2)C1	Ugi	MAT-POS-e9e99895-2		False	False	5.21351	6.11634				
MAT-POS-e9e99895-3	CC(NC(=O)C1CCC(=O)NC1)(C(=O)Nc1cncc2ccccc12)c1ccc(Cl)c(Cl)c1	Ugi	MAT-POS-e9e99895-3		False	False	5.38763	4.09606				
MAT-POS-e9e99895-4	Cn1nc(C(=O)NC(C)(C(=O)Nc2cncc3ccccc23)c2ccc(Cl)c(Cl)c2)cc1C#N	Ugi	MAT-POS-e9e99895-4		False	False	4.96468	10.8474				
MAT-POS-e9e99895-5	CC(NC(=O)c1cc2n(n1)CCO2)(C(=O)Nc1cncc2ccccc12)c1ccc(Cl)c(Cl)c1	Ugi	MAT-POS-e9e99895-5		False	False	5.06002	8.70924				
MAT-POS-e9e99895-6	CC(NC(=O)CN1CCN(C2CC2)C1=O)(C(=O)Nc1cncc2ccccc12)c1ccc(Cl)c(Cl)c1	Ugi	MAT-POS-e9e99895-6		False	False	5.12017	7.58288				
MAT-POS-e9e99895-7	CC(NC(=O)Cc1ccc(-n2cnnn2)cc1)(C(=O)Nc1cncc2ccccc12)c1ccc(Cl)c(Cl)c1	Ugi	MAT-POS-e9e99895-7		False	False	5.31334	4.86022				
MAT-POS-e9e99895-8	Cc1nc2n(n1)CC(C(=O)NC(C)(C(=O)Nc1cncc3ccccc13)c1ccc(Cl)c(Cl)c1)CC2	Ugi	MAT-POS-e9e99895-8		False	False	5.29257	5.09834				
MAT-POS-e9e99895-9	CC(NC(=O)COc1ccc(C(N)=O)cc1)(C(=O)Nc1cncc2ccccc12)c1ccc(Cl)c(Cl)c1	Ugi	MAT-POS-e9e99895-9		False	False	4.90609	12.4139				
MAT-POS-e9e99895-10	CC(NC(=O)CN)(C(=O)Nc1cncc2ccccc12)c1ccc(Cl)c(Cl)c1	Ugi	MAT-POS-e9e99895-10		False	False	5.39556	4.02199				
MAT-POS-e9e99895-11	COCC(=O)NC(C)(C(=O)Nc1cncc2ccccc12)c1ccc(Cl)c(Cl)c1	Ugi	MAT-POS-e9e99895-11		False	False	5.02993	9.33413				
MAT-POS-e9e99895-13	CN1CCC(C(=O)NC(C)(C(=O)Nc2cncc3ccccc23)c2ccc(Cl)c(Cl)c2)C1	Ugi	MAT-POS-e9e99895-13		False	False	5.54254	2.8672				
MAT-POS-de59a476-2	COC(C(=O)Nc1cncc2ccccc12)c1ccc(Cl)c(Cl)c1	3-aminopyridine-like	MAT-POS-de59a476-2		False	False	5.96666	1.07979	6.01745	0.960615		
MAT-POS-de59a476-4	COCCOC(C(=O)Nc1cncc2ccccc12)c1ccc(Cl)c(Cl)c1	3-aminopyridine-like	MAT-POS-de59a476-4		False	False	6.05956	0.871852	6.01116	0.974627		
LEE-CAM-7ab9b158-3	O=C(COCC1(C(=O)Nc2cncc3ccccc23)CCOc2ccc(Cl)cc21)Nc1ncc[nH]1	3-aminopyridine-like	LEE-CAM-7ab9b158-3		False	False	5.70199	1.98614				
CHO-MSK-a31cca77-1	O=C(CC1(C(=O)Nc2cncc3ccccc23)CCOc2ccc(Cl)cc21)Nc1nnco1	3-aminopyridine-like	CHO-MSK-a31cca77-1		False	False	4.00218	99.5				
MAT-POS-c74bc7b3-1	C[C@@]1(C(=O)Nc2cncc3ccccc23)CCNc2cc(Cl)c(Cl)cc21	3-aminopyridine-like	MAT-POS-c74bc7b3-1		False	False	6.2171	0.606594				
MAT-POS-c74bc7b3-2	C[C@]1(C(=O)Nc2cncc3ccccc23)CCNc2cc(Cl)c(Cl)cc21	3-aminopyridine-like	MAT-POS-c74bc7b3-2		False	False	4.01028	97.6608				
MAT-POS-090737b9-1	C=CC(=O)N(C(=O)C1CCOc2ccc(Cl)cc21)c1cncc2ccccc12	3-aminopyridine-like	MAT-POS-090737b9-1		True	False	6.48393	0.328151				
MAT-POS-fce787c2-1	CCOc1c(Cl)cccc1CC(=O)Nc1cncc2ccccc12	3-aminopyridine-like	MAT-POS-fce787c2-1		False	False	5.15745	6.95899				
MAT-POS-fce787c2-2	O=C(Cc1cc(Cl)cc(Cl)c1)Nc1cncc2ccccc12	3-aminopyridine-like	MAT-POS-fce787c2-2		False	False	5.86265	1.372	6.10183	0.79099		
MAT-POS-fce787c2-3	CC(C(=O)Nc1cncc2ccccc12)c1ccc(Cl)c(Cl)c1	3-aminopyridine-like	MAT-POS-fce787c2-3		False	False	6.11964	0.759207	6.11378	0.769522		
MAT-POS-fce787c2-4	O=C(Nc1cncc2ccccc12)C(O)c1ccc(Cl)c(Cl)c1	3-aminopyridine-like	MAT-POS-fce787c2-4		False	False	5.69602	2.01362				
MAT-POS-fce787c2-5	CNC(C(=O)Nc1cncc2ccccc12)c1ccc(Cl)c(Cl)c1	3-aminopyridine-like	MAT-POS-fce787c2-5		False	False	5.32256	4.75822				
MAT-POS-fce787c2-6	O=C(Nc1cncc2ccccc12)C(F)(F)c1ccc(Cl)c(Cl)c1	3-aminopyridine-like	MAT-POS-fce787c2-6		False	False	5.82675	1.49023				
MAT-POS-fce787c2-8	N#CC(C(=O)Nc1cncc2ccccc12)c1ccc(Cl)c(Cl)c1	3-aminopyridine-like	MAT-POS-fce787c2-8		False	False	6.09523	0.803102	6.28725	0.516125		
MAT-POS-fce787c2-11	O=C(Nc1cncc2ccccc12)C(CO)c1ccc(Cl)c(Cl)c1	3-aminopyridine-like	MAT-POS-fce787c2-11		False	False	4.71425	19.3084				
MAT-POS-2bb0cf2b-1	NC[C@]1(C(=O)Nc2cncc3ccccc23)CCOc2ccc(Cl)cc21	3-aminopyridine-like	MAT-POS-2bb0cf2b-1		False	False	4.08491	82.2406				
MAT-POS-2bb0cf2b-2	Cn1cnc2cncc(NC(=O)C3CCOc4ccc(Cl)cc43)c21	3-aminopyridine-like	MAT-POS-2bb0cf2b-2		False	False	4.88456	13.045				
KAD-UNI-8a629cb0-21	O=C(C[C@@]1(C(=O)Nc2cncc3ccccc23)CCOc2ccc(Cl)cc21)N1CCN(CC(F)(F)CO)CC1	Unassigned	KAD-UNI-8a629cb0-21		False	False			5.03349	9.25784		
JOH-UNI-23d9e1b1-1	CC(=O)C(=O)N1CCN(Cc2cccc(Cl)c2)CC1	Unassigned	JOH-UNI-23d9e1b1-1		False	False	4.00218	99.5				
JOH-UNI-abfda500-4	O=C(Cc1cccc(Cl)c1)Nc1cnccc1C(=O)O	3-aminopyridine-like	JOH-UNI-abfda500-4		False	False	4.00218	99.5				
JOH-UNI-abfda500-7	O=C(Cc1cccc(C(F)(F)F)c1)Nc1cnccc1C(=O)O	3-aminopyridine-like	JOH-UNI-abfda500-7		False	False	4.00218	99.5				
ALP-POS-1245c3fa-1	O=C(NCCc1cccc(F)c1)C(c1cccnc1)N(C(=O)c1c[nH]cn1)c1ccc(Cl)cc1	Ugi	ALP-POS-1245c3fa-1		False	False	4.00218	99.5				
MAT-POS-5d65ec79-1	CN(C)C(=O)CC1(C(=O)Nc2cncc3ccccc23)CCOc2ccc(Cl)cc21	3-aminopyridine-like	MAT-POS-5d65ec79-1		False	False	5.53391	2.92478				
MAT-POS-5d65ec79-2	CNC(=O)CC1(C(=O)Nc2cncc3ccccc23)CCOc2ccc(Cl)cc21	3-aminopyridine-like	MAT-POS-5d65ec79-2		False	False	5.47745	3.3308				
RAL-THA-05e671eb-10	O=C(Nc1cncc2ccccc12)C1CCOc2cc(F)c(Cl)cc21	3-aminopyridine-like	RAL-THA-05e671eb-10		False	False	6.73141	0.185607	6.347	0.449784		
RAL-THA-2d450e86-1	O=C(Cc1ccccc1)Nc1cncc2ccccc12	3-aminopyridine-like	RAL-THA-2d450e86-1		False	False	4.85388	13.9999				
RAL-THA-2d450e86-2	O=C(Cc1ccc(Cl)cc1)Nc1cncc2ccccc12	3-aminopyridine-like	RAL-THA-2d450e86-2		False	False	4.62546	23.6888				
RAL-THA-2d450e86-3	Cc1ccc(CC(=O)Nc2cncc3ccccc23)cc1	3-aminopyridine-like	RAL-THA-2d450e86-3		False	False	4.23391	58.3563				
RAL-THA-2d450e86-4	COc1ccc(CC(=O)Nc2cncc3ccccc23)cc1	3-aminopyridine-like	RAL-THA-2d450e86-4		False	False	4.13941	72.5426				
RAL-THA-2d450e86-5	N#Cc1ccc(CC(=O)Nc2cncc3ccccc23)cc1	3-aminopyridine-like	RAL-THA-2d450e86-5		False	False	4.00218	99.5				
RAL-THA-2d450e86-6	O=C(Cc1ccc(F)c(Cl)c1)Nc1cncc2ccccc12	3-aminopyridine-like	RAL-THA-2d450e86-6		False	False	6.42616	0.374836	6.49208	0.322048		
RAL-THA-2d450e86-7	O=C(Cc1ccc(F)cc1)Nc1cncc2ccccc12	3-aminopyridine-like	RAL-THA-2d450e86-7		False	False	5.30361	4.97036				
RAL-THA-2d450e86-8	Cc1ccc(CC(=O)Nc2cncc3ccccc23)cc1Cl	3-aminopyridine-like	RAL-THA-2d450e86-8		False	False	5.9614	1.09296	6.01275	0.971069		
RAL-THA-2d450e86-9	O=C(Cc1ccc(Cl)c(F)c1)Nc1cncc2ccccc12	3-aminopyridine-like	RAL-THA-2d450e86-9		False	False	5.69263	2.02941				
RAL-THA-2d450e86-10	O=C(Cc1cccc(F)c1)Nc1cncc2ccccc12	3-aminopyridine-like	RAL-THA-2d450e86-10		False	False	5.73241	1.8518				
RAL-THA-2d450e86-11	COc1cccc(CC(=O)Nc2cncc3ccccc23)c1	3-aminopyridine-like	RAL-THA-2d450e86-11		False	False	4.51638	30.452				
RAL-THA-2d450e86-12	N#Cc1cccc(CC(=O)Nc2cncc3ccccc23)c1	3-aminopyridine-like	RAL-THA-2d450e86-12		False	False	5.73804	1.82792				
RAL-THA-2d450e86-13	Cc1cccc(CC(=O)Nc2cncc3ccccc23)c1	3-aminopyridine-like	RAL-THA-2d450e86-13		False	False	5.31835	4.80454				
RAL-THA-2d450e86-14	O=C(Cc1cc(F)cc(Cl)c1)Nc1cncc2ccccc12	3-aminopyridine-like	RAL-THA-2d450e86-14		False	False	6.41682	0.382986	6.36097	0.435537		
RAL-THA-2d450e86-16	O=C(Cc1cc(F)cc(F)c1)Nc1cncc2ccccc12	3-aminopyridine-like	RAL-THA-2d450e86-16		False	False	6.24455	0.569448	6.09876	0.796605		
RAL-THA-2d450e86-17	N#Cc1cc(Cl)cc(CC(=O)Nc2cncc3ccccc23)c1	3-aminopyridine-like	RAL-THA-2d450e86-17		False	False	6.36582	0.430708	6.3953	0.40244		
RAL-THA-2d450e86-19	O=C(Cc1cccc(Cl)c1F)Nc1cncc2ccccc12	3-aminopyridine-like	RAL-THA-2d450e86-19		False	False	4.6279	23.556				
RAL-THA-2d450e86-23	O=C(Cc1cccc(F)c1F)Nc1cncc2ccccc12	3-aminopyridine-like	RAL-THA-2d450e86-23		False	False	4.8797	13.1918				
RAL-THA-2d450e86-26	O=C(Cc1cc(F)ccc1F)Nc1cncc2ccccc12	3-aminopyridine-like	RAL-THA-2d450e86-26		False	False	5.76576	1.71492				
RAL-THA-2d450e86-30	O=C(Cc1cncc(Cl)c1)Nc1cncc2ccccc12	3-aminopyridine-like	RAL-THA-2d450e86-30		False	False	6.00081	0.998147				
RAL-THA-2d450e86-31	O=C(Cc1cccc(C(F)(F)F)c1)Nc1cncc2ccccc12	3-aminopyridine-like	RAL-THA-2d450e86-31		False	False	5.15838	6.94413				
RAL-THA-2d450e86-32	O=C(Cc1ccc(C(F)(F)F)cc1)Nc1cncc2ccccc12	3-aminopyridine-like	RAL-THA-2d450e86-32		False	False	4.60527	24.816				
RAL-THA-2d450e86-33	O=C(Cc1ccc(Cl)cn1)Nc1cncc2ccccc12	3-aminopyridine-like	RAL-THA-2d450e86-33		False	False	4.91239	12.2352				
RAL-THA-2d450e86-34	O=C(Cc1ccncc1Cl)Nc1cncc2ccccc12	3-aminopyridine-like	RAL-THA-2d450e86-34		False	False	4.27905	52.596				
RAL-THA-2d450e86-36	O=C(Cc1ccccc1Cl)Nc1cncc2ccccc12	3-aminopyridine-like	RAL-THA-2d450e86-36		False	False	4.00218	99.5				
RAL-THA-2d450e86-37	O=C(Cc1ccccc1F)Nc1cncc2ccccc12	3-aminopyridine-like	RAL-THA-2d450e86-37		False	False	4.60652	24.7445				
RAL-THA-2d450e86-38	Cc1ccccc1CC(=O)Nc1cncc2ccccc12	3-aminopyridine-like	RAL-THA-2d450e86-38		False	False	4.52967	29.5344				
RAL-THA-2d450e86-39	COc1ccccc1CC(=O)Nc1cncc2ccccc12	3-aminopyridine-like	RAL-THA-2d450e86-39		False	False	4.45611	34.9854				
ALP-UNI-3735e77e-1	O=C1C(c2ccc(Cl)c(Cl)c2)CCCN1c1cncc2ccccc12	3-aminopyridine-like	ALP-UNI-3735e77e-1		False	False	5.84001	1.4454				
ALP-UNI-3735e77e-2	O=C(Nc1cncc2ccccc12)C1CCOc2c(Cl)cc(Cl)cc21	3-aminopyridine-like	ALP-UNI-3735e77e-2		False	False	6.57594	0.2655	6.52583	0.297969		
ALP-UNI-3735e77e-4	O=C(Nc1cncc2ccccc12)C1CCNc2cc(Cl)c(Cl)cc21	3-aminopyridine-like	ALP-UNI-3735e77e-4		False	False	6.81375	0.153551				
MAT-POS-c7771779-1	O=C1CC(O)(C(=O)Nc2cncc3ccccc23)c2cc(Cl)ccc2N1	3-aminopyridine-like	MAT-POS-c7771779-1		False	False	4.68286	20.7559				
ALP-POS-869ac754-1	O=C(Nc1cncc2ccccc12)C1CCOc2cc(Cl)c(Cl)cc21	3-aminopyridine-like	ALP-POS-869ac754-1		False	False	6.6865	0.205828	6.50957	0.309337		
ALP-POS-869ac754-2	O=C(Nc1cncc2ccccc12)C1CCOc2c1ccc(Cl)c2Cl	3-aminopyridine-like	ALP-POS-869ac754-2		False	False	5.47966	3.31393				
MAT-POS-6c284e65-1	CN(C)c1ccc(N(Cc2cccc(Cl)c2)C(=O)Cc2cncc3ccccc23)nc1	3-aminopyridine-like	MAT-POS-6c284e65-1		False	False	6.5424	0.286816	6.47266	0.336773		
ALP-POS-305f6ec3-1	CC(C)(C)c1ccc(N(C(=O)c2cc(C3(O)COC3)on2)C(C(=O)NCCc2cccc(F)c2)c2cccnc2)cc1	Unassigned	ALP-POS-305f6ec3-1		False	False	4.58233	26.162				
ALP-POS-305f6ec3-2	CC(C)(C)c1ccc(N(C(=O)c2c[nH]c(=O)s2)C(C(=O)NCCc2cccc(F)c2)c2cccnc2)cc1	Ugi	ALP-POS-305f6ec3-2		False	False	4.53624	29.0908				
ALP-POS-305f6ec3-3	CC(C)(C)c1ccc(N(C(=O)c2scnc2Cl)C(C(=O)NCCc2cccc(F)c2)c2cccnc2)cc1	Unassigned	ALP-POS-305f6ec3-3		False	False	4.00218	99.5				
ALP-POS-305f6ec3-4	CC(C)(C)c1ccc(N(C(=O)c2cnc(C(C)(C)CF)o2)C(C(=O)NCCc2cccc(F)c2)c2cccnc2)cc1	Unassigned	ALP-POS-305f6ec3-4		False	False	4.00218	99.5				
ALP-POS-305f6ec3-5	CC(C)(C)c1ccc(N(C(=O)c2nc3c(s2)CCC3)C(C(=O)NCCc2cccc(F)c2)c2cccnc2)cc1	Unassigned	ALP-POS-305f6ec3-5		False	False	4.00218	99.5				
ALP-POS-305f6ec3-6	CC(C)(C)c1ccc(N(C(=O)c2nc(=O)[nH][nH]2)C(C(=O)NCCc2cccc(F)c2)c2cccnc2)cc1	Ugi	ALP-POS-305f6ec3-6		False	False	4.00218	99.5				
ALP-POS-305f6ec3-7	Cc1nc(C2CC2)oc1C(=O)N(c1ccc(C(C)(C)C)cc1)C(C(=O)NCCc1cccc(F)c1)c1cccnc1	Unassigned	ALP-POS-305f6ec3-7		False	False	4.00218	99.5				
ALP-POS-305f6ec3-8	Cc1nc(C(=O)N(c2ccc(C(C)(C)C)cc2)C(C(=O)NCCc2cccc(F)c2)c2cccnc2)nn1-c1nnc[nH]1	Unassigned	ALP-POS-305f6ec3-8		False	False	4.00218	99.5				
ALP-POS-305f6ec3-9	CN1CCn2nc(C(=O)N(c3ccc(C(C)(C)C)cc3)C(C(=O)NCCc3cccc(F)c3)c3cccnc3)cc2S1(=O)=O	Unassigned	ALP-POS-305f6ec3-9		False	False	4.00218	99.5				
ALP-POS-305f6ec3-11	CC(C)(C)c1ccc(N(C(=O)c2cn(CCN3CCOCC3)nn2)C(C(=O)NCCc2cccc(F)c2)c2cccnc2)cc1	Unassigned	ALP-POS-305f6ec3-11		False	False	4.9792	10.4905				
ALP-POS-305f6ec3-12	Cn1cnc(C(=O)N(c2ccc(C(C)(C)C)cc2)C(C(=O)NCCc2cccc(F)c2)c2cccnc2)cc1=O	Ugi	ALP-POS-305f6ec3-12		False	False	4.00218	99.5				
ALP-POS-305f6ec3-13	Cn1c(=O)[nH]c(=O)c2ccc(C(=O)N(c3ccc(C(C)(C)C)cc3)C(C(=O)NCCc3cccc(F)c3)c3cccnc3)nc21	Unassigned	ALP-POS-305f6ec3-13		False	False	4.00218	99.5				
ALP-POS-305f6ec3-14	CC(C)(C)c1ccc(N(C(=O)c2c[nH]nn2)C(C(=O)NCCc2cccc(F)c2)c2cccnc2)cc1	Ugi	ALP-POS-305f6ec3-14		False	False	5.93161	1.17055				
ALP-POS-305f6ec3-15	CCc1nc(-c2nnc[nH]2)sc1C(=O)N(c1ccc(C(C)(C)C)cc1)C(C(=O)NCCc1cccc(F)c1)c1cccnc1	Unassigned	ALP-POS-305f6ec3-15		False	False	4.00218	99.5				
ALP-POS-305f6ec3-16	CC(O)Cc1c(C(=O)N(c2ccc(C(C)(C)C)cc2)C(C(=O)NCCc2cccc(F)c2)c2cccnc2)[nH][nH]c1=O	Unassigned	ALP-POS-305f6ec3-16		False	False	4.00218	99.5				
ALP-POS-305f6ec3-17	CC(C)(C)c1ccc(N(C(=O)c2nc3cnccc3s2)C(C(=O)NCCc2cccc(F)c2)c2cccnc2)cc1	Unassigned	ALP-POS-305f6ec3-17		False	False	4.00218	99.5				
ALP-POS-305f6ec3-18	CC(C)(C)c1ccc(N(C(=O)c2cc(=O)c3c(O)cccc3o2)C(C(=O)NCCc2cccc(F)c2)c2cccnc2)cc1	Unassigned	ALP-POS-305f6ec3-18		False	False	4.00218	99.5				
ALP-POS-305f6ec3-19	CC(C)(C)c1ccc(N(C(=O)c2ocnc2C(F)(F)F)C(C(=O)NCCc2cccc(F)c2)c2cccnc2)cc1	Unassigned	ALP-POS-305f6ec3-19		False	False	4.00218	99.5				
ALP-POS-305f6ec3-21	CCOC(=O)Cn1cc(C(=O)N(c2ccc(C(C)(C)C)cc2)C(C(=O)NCCc2cccc(F)c2)c2cccnc2)nn1	Unassigned	ALP-POS-305f6ec3-21		False	False	4.35646	44.0092				
ALP-POS-305f6ec3-22	CC(C)(C)c1ccc(N(C(=O)c2sc(N3CCOCC3)nc2Cl)C(C(=O)NCCc2cccc(F)c2)c2cccnc2)cc1	Unassigned	ALP-POS-305f6ec3-22		False	False	4.00218	99.5				
ALP-POS-305f6ec3-23	COc1cc(C(=O)N(c2ccc(C(C)(C)C)cc2)C(C(=O)NCCc2cccc(F)c2)c2cccnc2)sn1	Ugi	ALP-POS-305f6ec3-23		False	False	4.00218	99.5				
ALP-POS-305f6ec3-24	Cn1c(=O)c2cc(C(=O)N(c3ccc(C(C)(C)C)cc3)C(C(=O)NCCc3cccc(F)c3)c3cccnc3)n(C)c2n(C)c1=O	Unassigned	ALP-POS-305f6ec3-24		False	False	4.00218	99.5				
ALP-POS-305f6ec3-25	Cn1nc2c(c1C(=O)N(c1ccc(C(C)(C)C)cc1)C(C(=O)NCCc1cccc(F)c1)c1cccnc1)CS(=O)(=O)CC2	Unassigned	ALP-POS-305f6ec3-25		False	False	4.00218	99.5				
ALP-POS-305f6ec3-26	Cn1nc(C(=O)N2CCOCC2)cc1C(=O)N(c1ccc(C(C)(C)C)cc1)C(C(=O)NCCc1cccc(F)c1)c1cccnc1	Unassigned	ALP-POS-305f6ec3-26		False	False	4.03591	92.0649				
ALP-POS-305f6ec3-27	Cn1nncc1C(=O)N(c1ccc(C(C)(C)C)cc1)C(C(=O)NCCc1cccc(F)c1)c1cccnc1	Ugi	ALP-POS-305f6ec3-27		False	False	4.00218	99.5				
ALP-POS-305f6ec3-28	CC(C)(C)c1ccc(N(C(=O)c2ccc(=O)[nH]n2)C(C(=O)NCCc2cccc(F)c2)c2cccnc2)cc1	Ugi	ALP-POS-305f6ec3-28		False	False	4.00218	99.5				
ALP-POS-305f6ec3-29	CC(C)(C)c1ccc(N(C(=O)c2cnc(C3CCOC3)s2)C(C(=O)NCCc2cccc(F)c2)c2cccnc2)cc1	Unassigned	ALP-POS-305f6ec3-29		False	False	4.00218	99.5				
ALP-POS-305f6ec3-30	Cn1cc(-c2cc(C(=O)N(c3ccc(C(C)(C)C)cc3)C(C(=O)NCCc3cccc(F)c3)c3cccnc3)on2)cn1	Unassigned	ALP-POS-305f6ec3-30		False	False	4.00218	99.5				
ALP-POS-305f6ec3-31	CC(C)(C)c1ccc(N(C(=O)c2cc(=O)n3ncnc3[nH]2)C(C(=O)NCCc2cccc(F)c2)c2cccnc2)cc1	Unassigned	ALP-POS-305f6ec3-31		False	False	4.00218	99.5				
ALP-POS-305f6ec3-32	Cc1cn2nnc(C(=O)N(c3ccc(C(C)(C)C)cc3)C(C(=O)NCCc3cccc(F)c3)c3cccnc3)c2c(=O)[nH]1	Unassigned	ALP-POS-305f6ec3-32		False	False	4.00218	99.5				
ALP-POS-305f6ec3-33	CC(C)(C)c1ccc(N(C(=O)c2c[nH]c(=O)cn2)C(C(=O)NCCc2cccc(F)c2)c2cccnc2)cc1	Ugi	ALP-POS-305f6ec3-33		False	False	4.11285	77.1169				
ALP-POS-305f6ec3-34	CC(C)(C)c1ccc(N(C(=O)c2nc3ncc(CCO)cn3n2)C(C(=O)NCCc2cccc(F)c2)c2cccnc2)cc1	Unassigned	ALP-POS-305f6ec3-34		False	False	4.00218	99.5				
ALP-POS-305f6ec3-35	CC(C)(C)c1ccc(N(C(=O)c2n[nH]c(=O)[nH]c2=O)C(C(=O)NCCc2cccc(F)c2)c2cccnc2)cc1	Ugi	ALP-POS-305f6ec3-35		False	False	4.00218	99.5				
ALP-POS-305f6ec3-36	COCc1nc(C)c(C(=O)N(c2ccc(C(C)(C)C)cc2)C(C(=O)NCCc2cccc(F)c2)c2cccnc2)s1	Unassigned	ALP-POS-305f6ec3-36		False	False	4.00218	99.5				
ALP-POS-305f6ec3-37	CC(C)(C)c1ccc(N(C(=O)c2cn(C3COCC3=O)nn2)C(C(=O)NCCc2cccc(F)c2)c2cccnc2)cc1	Unassigned	ALP-POS-305f6ec3-37		False	False	4.70969	19.5123				
ALP-POS-305f6ec3-38	CC(C)(C)c1ccc(N(C(=O)c2cc(CO)[nH]n2)C(C(=O)NCCc2cccc(F)c2)c2cccnc2)cc1	Ugi	ALP-POS-305f6ec3-38		False	False	4.72651	18.7712				
ALP-POS-305f6ec3-39	CC(C)(C)c1ccc(N(C(=O)c2cc(=O)[nH]c(=O)[nH]2)C(C(=O)NCCc2cccc(F)c2)c2cccnc2)cc1	Ugi	ALP-POS-305f6ec3-39		False	False	4.00218	99.5				
ALP-POS-305f6ec3-40	CC(C)(C)c1ccc(N(C(=O)c2nnc(O)cc2O)C(C(=O)NCCc2cccc(F)c2)c2cccnc2)cc1	Ugi	ALP-POS-305f6ec3-40		False	False	4.00218	99.5				
ALP-POS-305f6ec3-41	CC(C)(C)c1ccc(N(C(=O)c2cncs2)C(C(=O)NCCc2cccc(F)c2)c2cccnc2)cc1	Ugi	ALP-POS-305f6ec3-41		False	False	4.61621	24.1984				
ALP-POS-305f6ec3-42	CC(C)(C)c1ccc(N(C(=O)c2nnc(S)[nH]c2=O)C(C(=O)NCCc2cccc(F)c2)c2cccnc2)cc1	Unassigned	ALP-POS-305f6ec3-42		False	False	4.00218	99.5				
ALP-POS-305f6ec3-43	CO[C@@H]1COC[C@H]1n1cc(C(=O)N(c2ccc(C(C)(C)C)cc2)C(C(=O)NCCc2cccc(F)c2)c2cccnc2)nn1	Unassigned	ALP-POS-305f6ec3-43		False	False	4.00218	99.5				
ALP-POS-305f6ec3-44	Cc1cnoc1C(=O)N(c1ccc(C(C)(C)C)cc1)C(C(=O)NCCc1cccc(F)c1)c1cccnc1	Ugi	ALP-POS-305f6ec3-44		False	False	4.00218	99.5				
ALP-POS-305f6ec3-45	COc1c(C(=O)N(c2ccc(C(C)(C)C)cc2)C(C(=O)NCCc2cccc(F)c2)c2cccnc2)[nH]c(=O)[nH]c1=O	Unassigned	ALP-POS-305f6ec3-45		False	False	4.00218	99.5				
ALP-POS-305f6ec3-46	Cn1ncc(C(=O)N(c2ccc(C(C)(C)C)cc2)C(C(=O)NCCc2cccc(F)c2)c2cccnc2)n1	Ugi	ALP-POS-305f6ec3-46		False	False	4.75449	17.6001				
ALP-POS-305f6ec3-49	CC(C)(C)c1ccc(N(C(=O)c2cnco2)C(C(=O)NCCc2cccc(F)c2)c2cccnc2)cc1	Ugi	ALP-POS-305f6ec3-49		False	False	5.32074	4.77813				
ALP-POS-305f6ec3-50	Cn1cc(C(=O)N(c2ccc(C(C)(C)C)cc2)C(C(=O)NCCc2cccc(F)c2)c2cccnc2)ncc1=O	Ugi	ALP-POS-305f6ec3-50		False	False	4.00218	99.5				
ALP-POS-305f6ec3-51	CC(C)(C)c1ccc(N(C(=O)c2[nH]nc(O)c2CCO)C(C(=O)NCCc2cccc(F)c2)c2cccnc2)cc1	Unassigned	ALP-POS-305f6ec3-51		False	False	4.00218	99.5				
ALP-POS-305f6ec3-52	CC(C)(C)c1ccc(N(C(=O)c2c[nH]c(=O)[nH]2)C(C(=O)NCCc2cccc(F)c2)c2cccnc2)cc1	Ugi	ALP-POS-305f6ec3-52		False	False	4.79812	15.9178				
ALP-POS-305f6ec3-53	COCCn1nc(C(=O)N(c2ccc(C(C)(C)C)cc2)C(C(=O)NCCc2cccc(F)c2)c2cccnc2)ccc1=O	Unassigned	ALP-POS-305f6ec3-53		False	False	4.00218	99.5				
ALP-POS-305f6ec3-55	Cn1cnc(C(=O)N(c2ccc(C(C)(C)C)cc2)C(C(=O)NCCc2cccc(F)c2)c2cccnc2)n1	Ugi	ALP-POS-305f6ec3-55		False	False	4.12988	74.151				
ALP-POS-305f6ec3-56	Cn1cc(C(=O)N(c2ccc(C(C)(C)C)cc2)C(C(=O)NCCc2cccc(F)c2)c2cccnc2)n(C)c1=O	Ugi	ALP-POS-305f6ec3-56		False	False	4.00218	99.5				
ALP-POS-305f6ec3-57	Cn1c(C(=O)N(c2ccc(C(C)(C)C)cc2)C(C(=O)NCCc2cccc(F)c2)c2cccnc2)c[nH]c1=O	Ugi	ALP-POS-305f6ec3-57		False	False	4.00218	99.5				
ALP-POS-305f6ec3-58	CC(C)(C)c1ccc(N(C(=O)c2nc(CN3CCOCC3)cs2)C(C(=O)NCCc2cccc(F)c2)c2cccnc2)cc1	Unassigned	ALP-POS-305f6ec3-58		False	False	4.00218	99.5				
ALP-POS-305f6ec3-59	CC(C)(C)c1ccc(N(C(=O)c2cc(=O)[nH][nH]2)C(C(=O)NCCc2cccc(F)c2)c2cccnc2)cc1	Ugi	ALP-POS-305f6ec3-59		False	False	4.4012	39.7009				
EDJ-MED-3c65e9ce-2	CC(=O)N1CCN(CC(=O)Nc2cnccc2C2CC2)CC1	3-aminopyridine-like	EDJ-MED-3c65e9ce-2		False	False	4.00218	99.5				
EDJ-MED-3c65e9ce-3	CC(=O)N1CCN(CC(=O)Nc2cnccc2-c2ccccc2)CC1	3-aminopyridine-like	EDJ-MED-3c65e9ce-3		False	False	4.00218	99.5				
EDJ-MED-3c65e9ce-4	Cc1ccncc1NC(=O)CN1CCC(C)CC1	3-aminopyridine-like	EDJ-MED-3c65e9ce-4		False	False	4.30848	49.1501				
EDJ-MED-12c115cc-1	O=C(Nc1cncc2ccccc12)[C@@H]1COc2ccc(Cl)cc21	3-aminopyridine-like	EDJ-MED-12c115cc-1		False	False	6.25148	0.560424	6.56392	0.272945		
EDJ-MED-12c115cc-2	O=C(Nc1cncc2ccccc12)[C@H]1COc2ccc(Cl)cc21	3-aminopyridine-like	EDJ-MED-12c115cc-2		False	False	4.27247	53.3988				
EDJ-MED-4c7486ba-8	NS(=O)(=O)c1[nH]ncc1C(=O)NC[C@@]1(C(=O)Nc2cncc3ccccc23)CCOc2ccc(Cl)cc21	3-aminopyridine-like	EDJ-MED-4c7486ba-8		False	False	5.70113	1.99008				
EDJ-MED-4c7486ba-9	O=C(NC[C@@]1(C(=O)Nc2cncc3ccccc23)CCOc2ccc(Cl)cc21)[C@]1(O)CCSC1	3-aminopyridine-like	EDJ-MED-4c7486ba-9		False	False	5.71277	1.93745				
LON-WEI-f8a636e2-1	O=C(NCc1cccs1)[C@@H](c1ccccc1)N1Cc2ccccc2C1=O	Ugi	LON-WEI-f8a636e2-1		False	False	4.00218	99.5	4.08627	81.9849		
LON-WEI-b2874fec-1	O=C1CCCN1Cc1cccc(C(=O)N2CCC(C3CCNC3)CC2)c1	Unassigned	LON-WEI-b2874fec-1		False	False	4.00218	99.5	4.00436	99		
LON-WEI-b2874fec-2	Cc1ccc(Nc2ccccc2C(=O)N2CCC(C3CCNC3)CC2)cc1	Unassigned	LON-WEI-b2874fec-2		False	False	4.00218	99.5	4.00436	99		
LON-WEI-b2874fec-3	CS(=O)(=O)Nc1ccc(Cl)cc1C(=O)N1CCC(C2CCNC2)CC1	Unassigned	LON-WEI-b2874fec-3		False	False	4.00218	99.5	4.00436	99		
LON-WEI-b2874fec-4	O=C1CCc2cc(C(=O)N3CCC(C4CCNC4)CC3)ccc2N1	Unassigned	LON-WEI-b2874fec-4		False	False	4.00218	99.5	4.00436	99		
LON-WEI-b2874fec-5	Cc1cc(C(=O)N2CCC(C3CCNC3)CC2)cc(S(=O)(=O)N(C)C)c1C	Unassigned	LON-WEI-b2874fec-5		False	False	4.00218	99.5	4.00436	99		
LON-WEI-b2874fec-6	Cc1c(C(=O)N2CCC(C3CCNC3)CC2)cccc1-c1ccccn1	Unassigned	LON-WEI-b2874fec-6		False	False	4.00218	99.5	4.00436	99		
LON-WEI-b2874fec-7	CCCOc1c(Cl)cc(C(=O)N2CCC(C3CCNC3)CC2)cc1OCC	Unassigned	LON-WEI-b2874fec-7		False	False	4.00218	99.5	4.00436	99		
LON-WEI-b2874fec-8	CC(C)OCc1cc(C(=O)N2CCC(C3CCNC3)CC2)ccc1F	Unassigned	LON-WEI-b2874fec-8		False	False	4.00218	99.5				
LON-WEI-b2874fec-9	O=C(c1cccc(N2CCCNC2=O)c1)N1CCC(C2CCNC2)CC1	Unassigned	LON-WEI-b2874fec-9		False	False	4.00218	99.5	4.00436	99		
LON-WEI-b2874fec-10	CN1CCN(c2ccc(F)cc2C(=O)N2CCC(C3CCNC3)CC2)CC1	Unassigned	LON-WEI-b2874fec-10		False	False	4.00218	99.5	4.00436	99		
LON-WEI-b2874fec-11	Cc1cc(C(=O)N2CCC(C3CCNC3)CC2)cc(C)c1OC(F)F	Unassigned	LON-WEI-b2874fec-11		False	False	4.00218	99.5	4.00436	99		
LON-WEI-b2874fec-12	CS(=O)(=O)c1ccccc1C(=O)N1CCC(C2CCNC2)CC1	Unassigned	LON-WEI-b2874fec-12		False	False	4.00218	99.5	4.00436	99		
LON-WEI-b2874fec-13	CCc1ccc(S(C)(=O)=O)cc1C(=O)N1CCC(C2CCNC2)CC1	Unassigned	LON-WEI-b2874fec-13		False	False	4.00218	99.5	4.00436	99		
LON-WEI-b2874fec-14	O=C(c1ccc2[nH]c(C(F)F)nc2c1)N1CCC(C2CCNC2)CC1	Unassigned	LON-WEI-b2874fec-14		False	False	4.00218	99.5	4.00436	99		
LON-WEI-b2874fec-15	O=C(Nc1ccccc1)[C@@H](c1ccccc1)N1Cc2ccccc2C1=O	Ugi	LON-WEI-b2874fec-15		False	False	4.00218	99.5	4.00086	99.8017		
LON-WEI-b2874fec-16	O=C(Nc1ccc(Cl)cc1)[C@@H](c1ccccc1)N1Cc2ccccc2C1=O	Ugi	LON-WEI-b2874fec-16		False	False	4.00218	99.5	4.18695	65.02		
LON-WEI-b2874fec-17	Cc1cccc(NC(=O)[C@@H](c2ccccc2)N2Cc3ccccc3C2=O)n1	Ugi	LON-WEI-b2874fec-17		False	False	4.00218	99.5	4.00436	99		
LON-WEI-b2874fec-18	O=C(Nc1ccncc1)[C@@H](c1ccccc1)N1Cc2ccccc2C1=O	Ugi	LON-WEI-b2874fec-18		False	False	4.00218	99.5	4.00436	99		
LON-WEI-b2874fec-19	O=C(Nc1ccc(F)cc1)[C@@H](c1ccccc1)N1Cc2ccccc2C1=O	Ugi	LON-WEI-b2874fec-19		False	False	4.00218	99.5	4.00436	99		
LON-WEI-b2874fec-20	COCCNC(=O)[C@@H](c1ccccc1)N1Cc2ccccc2C1=O	Ugi	LON-WEI-b2874fec-20		False	False	4.00218	99.5	4.00436	99		
LON-WEI-b2874fec-21	O=C(NCC1=[SH]C=CC1)[C@@H](c1ccccc1)N1Cc2ccccc2C1=O	Ugi	LON-WEI-b2874fec-21		False	False	4.00218	99.5	4.08627	81.9849		
LON-WEI-b2874fec-22	O=C(NCCc1ccccc1)[C@@H](c1ccccc1)N1Cc2ccccc2C1=O	Ugi	LON-WEI-b2874fec-22		False	False	4.00218	99.5	4.00436	99		
LON-WEI-b2874fec-23	N#Cc1ccccc1NC(=O)[C@@H](c1ccccc1)N1Cc2ccccc2C1=O	Ugi	LON-WEI-b2874fec-23		False	False	4.00218	99.5	4.23768	57.8523		
LON-WEI-b2874fec-24	O=C(Nc1cccc(F)c1)[C@@H](c1ccccc1)N1Cc2ccccc2C1=O	Ugi	LON-WEI-b2874fec-24		False	False	4.00218	99.5	4.22245	59.9177		
LON-WEI-b2874fec-25	O=C(Nc1cccnc1)[C@@H](c1ccccc1)N1Cc2ccccc2C1=O	Ugi	LON-WEI-b2874fec-25		False	False	4.00218	99.5	4.22479	59.5944		
LON-WEI-b2874fec-26	CNCC1CCCN(C(=O)[C@@H](c2ccccc2)N2Cc3ccccc3C2=O)C1	Unassigned	LON-WEI-b2874fec-26		False	False	4.00218	99.5	4.00436	99		
LON-WEI-b2874fec-27	CN(C)C(=O)C(CNC(=O)[C@@H](c1ccccc1)N1Cc2ccccc2C1=O)c1ccccc1	Ugi	LON-WEI-b2874fec-27		False	False	4.00218	99.5	4.00436	99		
JOH-UNI-61f30276-2	O=c1[nH]c(Cc2cccc(C(F)(F)F)c2)nc2cnccc12	Unassigned	JOH-UNI-61f30276-2		False	False	4.00218	99.5				
JOH-UNI-61f30276-3	O=c1[nH]c(Cc2cccc(S(F)(F)(F)(F)F)c2)nc2cnccc12	Unassigned	JOH-UNI-61f30276-3		False	False	4.00218	99.5				
MAT-POS-281d2ee9-1	CC(C(N)=O)c1cc(Cl)cc(CC(=O)Nc2cncc3ccccc23)c1	3-aminopyridine-like	MAT-POS-281d2ee9-1		False	False	5.5814	2.62182				
MAT-POS-281d2ee9-3	O=C(Cc1cc(Cl)cc(-c2nnn[nH]2)c1)Nc1cncc2ccccc12	3-aminopyridine-like	MAT-POS-281d2ee9-3		False	False	4.66969	21.395				
EDJ-MED-92e193ae-1	O=C(Nc1cncc2ccccc12)[C@@H]1CCNc2ccc(Cl)cc21	3-aminopyridine-like	EDJ-MED-92e193ae-1		False	False	6.63785	0.230226	6.74249	0.180931		
EDJ-MED-92e193ae-2	O=C(Nc1cncc2ccccc12)[C@H]1CCNc2ccc(Cl)cc21	3-aminopyridine-like	EDJ-MED-92e193ae-2		False	False	4.00218	99.5				
ALP-POS-e980f4ea-26	O=C(NCCc1cccc(F)c1)C(c1cccnc1)N(C(=O)c1cnc[nH]1)C1CCN(c2ccccc2F)C1	Ugi	ALP-POS-e980f4ea-26		False	False	4.00436	99				
ALP-POS-e980f4ea-31	O=C(NCCc1cccc(F)c1)C(c1cccnc1)N(C(=O)c1cnc[nH]1)C1CCN(c2ccccc2)C1	Ugi	ALP-POS-e980f4ea-31		False	False	4.00436	99				
ALP-POS-e980f4ea-32	O=C(NCCc1cccc(F)c1)C(c1cccnc1)N(C(=O)c1cnc[nH]1)c1ccc(OC2CCOC2)cc1	Ugi	ALP-POS-e980f4ea-32		False	False	4.58812	25.8154				
ALP-POS-e980f4ea-54	CC(c1ccccc1)N(C(=O)c1cnc[nH]1)C(C(=O)NCCc1cccc(F)c1)c1cccnc1	Ugi	ALP-POS-e980f4ea-54		False	False	4.00436	99				
ALP-POS-e980f4ea-58	Cc1ccccc1C(C)N(C(=O)c1cnc[nH]1)C(C(=O)NCCc1cccc(F)c1)c1cccnc1	Ugi	ALP-POS-e980f4ea-58		False	False	4.00436	99				
ALP-POS-e980f4ea-61	O=C(NCCc1cccc(F)c1)C(c1cccnc1)N(C(=O)c1cnc[nH]1)C1CCCC2(CCC2)C1	Ugi	ALP-POS-e980f4ea-61		False	False	4.00436	99				
EDG-MED-971238d3-1	O=C(Nc1cncc2ccccc12)[C@]1(O)CCOc2ccc(Cl)cc21	3-aminopyridine-like	EDG-MED-971238d3-1		False	False	6.00525	0.987978	5.88089	1.31557		
EDG-MED-971238d3-4	N[C@@]1(C(=O)Nc2cncc3ccccc23)CCOc2ccc(Cl)cc21	3-aminopyridine-like	EDG-MED-971238d3-4		False	False	4.32303	47.5305				
EDG-MED-971238d3-5	NC[C@@]1(C(=O)Nc2cncc3ccccc23)CCOc2ccc(Cl)cc21	3-aminopyridine-like	EDG-MED-971238d3-5		False	False	5.29925	5.02057				
ALP-POS-ce760d3f-1	O=C(Nc1cncc2ccccc12)C1CCOc2c(O)cc(Cl)cc21	3-aminopyridine-like	ALP-POS-ce760d3f-1		False	False	6.23716	0.579211	6.2754	0.530397		
ALP-POS-ce760d3f-2	O=C(Nc1cncc2cnccc12)[C@H]1CCOc2ccc(Cl)cc21	3-aminopyridine-like	ALP-POS-ce760d3f-2		False	False			5.88905	1.29106		
ALP-POS-ce760d3f-3	O=C(Nc1cncc2ccncc12)[C@H]1CCOc2ccc(Cl)cc21	3-aminopyridine-like	ALP-POS-ce760d3f-3		False	False	6.00375	0.991407	6.11507	0.767237		
ALP-POS-ce760d3f-4	O=C(Nc1c[n+]([O-])cc2ccccc12)[C@H]1CCOc2ccc(Cl)cc21	3-aminopyridine-like	ALP-POS-ce760d3f-4		False	False	4.51016	30.8918				
ALP-POS-ce760d3f-8	O=C1C(c2ccc(Cl)cc2)CCCN1c1cncc2ccccc12	3-aminopyridine-like	ALP-POS-ce760d3f-8		False	False	4.10674	78.2094	4.78156	16.5365		
VLA-UCB-29506327-1	O=C1NC2(CCOc3ccc(Cl)cc32)C(=O)N1c1cncc2ccccc12	3-aminopyridine-like	VLA-UCB-29506327-1		False	False	5.88074	1.316	6.43833	0.364474		
MAT-POS-8fd29122-1	COc1ccccc1OCCNC(=O)c1cc(=O)cc[nH]1	Unassigned	MAT-POS-8fd29122-1		False	False	4.00218	99.5	4.00436	99		
MAT-POS-8fd29122-2	O=C(c1cc(=O)cc[nH]1)N1CCN(c2cccc(Cl)c2)CC1	Unassigned	MAT-POS-8fd29122-2		False	False	4.00218	99.5	4.22967	58.9294		
MAT-POS-23a8a11a-1	O=C(Cc1ccc(Cl)c(Cl)c1)Nc1cncc2ccccc12	3-aminopyridine-like	MAT-POS-23a8a11a-1		False	False	6.55153	0.280847	6.88072	0.131608		
MAT-POS-450cb4f9-1	O=C1CC(C(=O)N2CCN(c3cccc(Cl)c3)CC2)c2ccccc2N1	Unassigned	MAT-POS-450cb4f9-1		False	False	4.67973	20.9058				
PET-UNK-752bebd6-1	COc1ccccc1OCCNC(=O)c1cc(=O)ccn1C	Unassigned	PET-UNK-752bebd6-1		False	False	4.00218	99.5				
DAR-DIA-5ff57136-9	COC(=O)/C=C/C(=O)N(C(=O)[C@@H]1CCOc2ccc(Cl)cc21)c1cncc2ccccc12	3-aminopyridine-like	DAR-DIA-5ff57136-9		False	False	6.30146	0.499503	6.20284	0.626851		
ALP-POS-696356e4-1	O=C(Nc1cncc2ccc(F)cc12)C1CCOc2ccc(Cl)cc21	3-aminopyridine-like	ALP-POS-696356e4-1		False	False	6.11542	0.766616	6.3286	0.469243		
KHR-WEI-75c61062-1	CCN(C(=O)c1ccco1)C(C(=O)NCCc1cccc(F)c1)c1cccnc1	Ugi	KHR-WEI-75c61062-1		False	False	4.00218	99.5				
KHR-WEI-75c61062-2	CN(C(=O)c1ccco1)C(C(=O)NCCc1cccc(F)c1)c1cccnc1	Ugi	KHR-WEI-75c61062-2		False	False	4.00218	99.5				
BRU-THA-92256091-7	O=C(NCCc1cccc(F)c1)C(c1cccnc1)N(Cc1ccccc1)C(=O)c1c[nH]cn1	Ugi	BRU-THA-92256091-7		False	False	4.00436	99				
BRU-THA-92256091-11	O=C(NCCc1cccc(F)c1)C(c1cccnc1)N(Cc1cccnc1)C(=O)c1c[nH]cn1	Ugi	BRU-THA-92256091-11		False	False	4.00436	99				
BRU-THA-92256091-13	O=C(NCCc1cccc(F)c1)C(c1cccnc1)N(C(=O)c1c[nH]cn1)C1CCCCCC1	Ugi	BRU-THA-92256091-13		False	False	4.00436	99				
BRU-THA-92256091-14	CC(C)S(=O)(=O)c1ccc(N(C(=O)c2c[nH]cn2)C(C(=O)NCCc2cccc(F)c2)c2cccnc2)cc1	Ugi	BRU-THA-92256091-14		False	False	4.00436	99				
BRU-THA-92256091-16	O=C(NCCc1cccc(F)c1)C(c1cccnc1)N(C(=O)c1c[nH]cn1)c1ccc(OC(F)F)cc1	Ugi	BRU-THA-92256091-16		False	False	4.65495	22.1334				
BRU-THA-92256091-17	CC(C)Oc1ccc(N(C(=O)c2c[nH]cn2)C(C(=O)NCCc2cccc(F)c2)c2cccnc2)cc1	Ugi	BRU-THA-92256091-17		False	False	6.13986	0.724666	5.85478	1.39709		
BRU-THA-92256091-19	COc1ccc(N(C(=O)c2c[nH]cn2)C(C(=O)NCCc2cccc(F)c2)c2cccnc2)cc1	Ugi	BRU-THA-92256091-19		False	False	4.02817	93.7197				
BRU-THA-92256091-20	CS(=O)(=O)Cc1ccc(N(C(=O)c2c[nH]cn2)C(C(=O)NCCc2cccc(F)c2)c2cccnc2)cc1	Ugi	BRU-THA-92256091-20		False	False	4.386	41.1151				
BRU-THA-92256091-23	COCc1ccc(N(C(=O)c2c[nH]cn2)C(C(=O)NCCc2cccc(F)c2)c2cccnc2)cc1	Ugi	BRU-THA-92256091-23		False	False	4.20155	62.8711				
BRU-THA-92256091-28	COc1ccccc1CN(C(=O)c1c[nH]cn1)C(C(=O)NCCc1cccc(F)c1)c1cccnc1	Ugi	BRU-THA-92256091-28		False	False	4.00436	99				
BRU-THA-92256091-31	CCOc1ccc(N(C(=O)c2c[nH]cn2)C(C(=O)NCCc2cccc(F)c2)c2cccnc2)cn1	Ugi	BRU-THA-92256091-31		False	False	4.00436	99				
BRU-THA-92256091-44	COc1cc(N(C(=O)c2c[nH]cn2)C(C(=O)NCCc2cccc(F)c2)c2cccnc2)ccc1S(=O)(=O)N(C)C	Unassigned	BRU-THA-92256091-44		False	False	4.00436	99				
BRU-THA-92256091-47	O=C(NCCc1cccc(F)c1)C(c1cccnc1)N(C(=O)c1c[nH]cn1)C1CCC2OCCC2C1	Ugi	BRU-THA-92256091-47		False	False	4.00436	99				
BRU-THA-92256091-49	O=C(NCCc1cccc(F)c1)C(c1cccnc1)N(C(=O)c1c[nH]cn1)C1CCC2(CCO2)CC1	Ugi	BRU-THA-92256091-49		False	False	4.00436	99				
BRU-THA-92256091-51	O=C(NCCc1cccc(F)c1)C(c1cccnc1)N(C(=O)c1c[nH]cn1)c1ccc2ncsc2c1	Ugi	BRU-THA-92256091-51		False	False	4.00436	99				
BRU-THA-92256091-54	O=C(NCCc1cccc(F)c1)C(c1cccnc1)N(C(=O)c1c[nH]cn1)c1ccc2c(c1)COCC2	Ugi	BRU-THA-92256091-54		False	False	4.00436	99				
BRU-THA-92256091-60	Cn1ncc2cc(N(C(=O)c3c[nH]cn3)C(C(=O)NCCc3cccc(F)c3)c3cccnc3)ccc21	Ugi	BRU-THA-92256091-60		False	False	4.00436	99				
BRU-THA-92256091-61	Cn1cnc2cc(N(C(=O)c3c[nH]cn3)C(C(=O)NCCc3cccc(F)c3)c3cccnc3)ccc21	Ugi	BRU-THA-92256091-61		False	False	4.00436	99				
BRU-THA-92256091-65	Cn1ccc2cc(N(C(=O)c3c[nH]cn3)C(C(=O)NCCc3cccc(F)c3)c3cccnc3)ccc21	Ugi	BRU-THA-92256091-65		False	False	4.00436	99				
BRU-THA-92256091-67	Cc1nc2ccc(N(C(=O)c3c[nH]cn3)C(C(=O)NCCc3cccc(F)c3)c3cccnc3)cc2o1	Ugi	BRU-THA-92256091-67		False	False	4.00436	99				
BRU-THA-92256091-75	O=C(NCCc1cccc(F)c1)C(c1cccnc1)N(C(=O)c1c[nH]cn1)c1cnc(C2CCC2)nc1	Ugi	BRU-THA-92256091-75		False	False	4.00436	99				
BRU-THA-92256091-76	O=C(NCCc1cccc(F)c1)C(c1cccnc1)N(C(=O)c1c[nH]cn1)c1ccc2c(c1)CCCS2(=O)=O	Ugi	BRU-THA-92256091-76		False	False	4.00436	99				
BRU-THA-92256091-77	O=C(NCCc1cccc(F)c1)C(c1cccnc1)N(C(=O)c1c[nH]cn1)c1ccc2c(c1)CCC(=O)N2CC(F)F	Unassigned	BRU-THA-92256091-77		False	False	4.32089	47.765				
BRU-THA-92256091-78	CN1C(=O)CCc2cc(N(C(=O)c3c[nH]cn3)C(C(=O)NCCc3cccc(F)c3)c3cccnc3)ccc21	Ugi	BRU-THA-92256091-78		False	False	4.00436	99				
BRU-THA-92256091-79	O=C(NCCc1cccc(F)c1)C(c1cccnc1)N(C(=O)c1c[nH]cn1)c1cccc(C2COC2)c1	Ugi	BRU-THA-92256091-79		False	False	4.00436	99				
BRU-THA-92256091-80	O=C(NCCc1cccc(F)c1)C(c1cccnc1)N(C(=O)c1c[nH]cn1)c1ccc(C2COC2)cc1	Ugi	BRU-THA-92256091-80		False	False	4.64403	22.6971				
BRU-THA-92256091-86	O=C(NCCc1cccc(F)c1)C(c1cccnc1)N(C(=O)c1c[nH]cn1)c1ccc(Cn2cccn2)cc1	Ugi	BRU-THA-92256091-86		False	False	4.45004	35.4777				
BRU-THA-92256091-92	O=C(NCCc1cccc(F)c1)C(c1cccnc1)N(C(=O)c1c[nH]cn1)c1cccc(Oc2cccnn2)c1	Ugi	BRU-THA-92256091-92		False	False	4.00436	99				
MIC-UNK-45817b9b-1	O=C1CC(C(=O)Nc2cncc3ccccc23)c2cc(Cl)ccc2N1	3-aminopyridine-like	MIC-UNK-45817b9b-1		False	False	6.35014	0.446544	6.30618	0.494109		
RAL-THA-8416115c-1	O=C(Nc1cncc2ccccc12)C1CCN(Cc2ccccc2)c2ccc(Cl)cc21	3-aminopyridine-like	RAL-THA-8416115c-1		False	False	5.97292	1.06434	5.80767	1.55716		
RAL-THA-8416115c-5	O=C(Nc1cncc2ccccc12)C1CCN(Cc2ncc[nH]2)c2ccc(Cl)cc21	3-aminopyridine-like	RAL-THA-8416115c-5		False	False	6.10784	0.780118	5.9163	1.21254		
RAL-THA-8416115c-6	O=C(Nc1cncc2ccccc12)C1CCN(Cc2ccn[nH]2)c2ccc(Cl)cc21	3-aminopyridine-like	RAL-THA-8416115c-6		False	False	6.09522	0.80312	6.01871	0.957832		
RAL-THA-8416115c-9	CN(C)C(=O)CN1CCC(C(=O)Nc2cncc3ccccc23)c2cc(Cl)ccc21	3-aminopyridine-like	RAL-THA-8416115c-9		False	False	5.59466	2.54297				
RAL-THA-8416115c-13	O=C(Nc1cncc2ccccc12)C1CCN(Cc2ncn[nH]2)c2ccc(Cl)cc21	3-aminopyridine-like	RAL-THA-8416115c-13		False	False	5.85271	1.40375	5.9523	1.11609		
RAL-THA-4aa06b95-1	NC(=O)N1CCC(C(=O)Nc2cncc3ccccc23)c2cc(Cl)ccc21	3-aminopyridine-like	RAL-THA-4aa06b95-1		False	False	6.00071	0.998371	6.1759	0.666968		
RAL-THA-4aa06b95-7	COCCN1CCC(C(=O)Nc2cncc3ccccc23)c2cc(Cl)ccc21	3-aminopyridine-like	RAL-THA-4aa06b95-7		False	False	6.24887	0.563812	6.0053	0.987864		
MAT-POS-35d3f55a-1	COc1ccccc1OCCNC(=O)C1CC(=O)Nc2ccccc21	Unassigned	MAT-POS-35d3f55a-1		False	False	4.00218	99.5				
MAT-POS-54c4bf04-3	O=C(c1cncc2ccccc12)N1CCN(c2cccc(Cl)c2)CC1	Unassigned	MAT-POS-54c4bf04-3		False	False	5.79464	1.60458	6.07924	0.83323		
MAT-POS-54c4bf04-4	CC1CN(C(=O)c2cc(=O)[nH]c3ccccc23)CCN1c1cccc(Cl)c1	quinolones	MAT-POS-54c4bf04-4		False	False	4.83137	14.7444	4.00436	99		
MAT-POS-3b536971-1	COc1ccc(Cl)cc1OCCNC(=O)c1cc(=O)[nH]c2cccc(OC)c12	quinolones	MAT-POS-3b536971-1		False	False	6.05853	0.873922	6.72119	0.190025		
MAT-POS-3b536971-2	COc1cccc2[nH]c(=O)cc(C(=O)N3CCN(c4cccc(Cl)c4)CC3)c12	quinolones	MAT-POS-3b536971-2		False	False	5.32936	4.68429	5.73411	1.84453		
ALP-POS-966f8da6-2	CC(=O)N1CCC(C(=O)Nc2cncc3ccccc23)c2cc(Cl)ccc21	3-aminopyridine-like	ALP-POS-966f8da6-2		False	False	6.02856	0.936347	6.05582	0.879378		
JOH-UNI-ea1df7a8-1	O=C(Cc1cncc2ccccc12)N1CCOc2ccc(Cl)cc21	3-aminopyridine-like	JOH-UNI-ea1df7a8-1		False	False	5.21844	6.04725	5.43702	3.65577		
EDJ-MED-eff36d94-1	O=C(Nc1c[n+]([O-])cc2ccccc12)[C@@H]1CCOc2ccc(Cl)cc21	3-aminopyridine-like	EDJ-MED-eff36d94-1		False	False	4.00218	99.5				
BEN-DND-c852c98b-1	N#Cc1ccc2cncc(NC(=O)C3CCOc4ccc(Cl)cc43)c2c1	3-aminopyridine-like	BEN-DND-c852c98b-1		False	False	5.56066	2.75005				
BEN-DND-c852c98b-4	O=C(Nc1cncc2ccc(O)cc12)C1CCOc2ccc(Cl)cc21	3-aminopyridine-like	BEN-DND-c852c98b-4		False	False	6.75534	0.175653				
BEN-DND-c852c98b-5	CS(=O)(=O)c1ccc2cncc(NC(=O)C3CCOc4ccc(Cl)cc43)c2c1	3-aminopyridine-like	BEN-DND-c852c98b-5		False	False	6.01595	0.96393	5.79072	1.61912		
BEN-DND-c852c98b-10	O=C(Nc1cncc2c1CNCC2)C1CCOc2ccc(Cl)cc21	3-aminopyridine-like	BEN-DND-c852c98b-10		False	False	5.21024	6.16251				
BEN-DND-f2e727cd-1	O=C(Nc1cncc2ccccc12)N1CCOc2ccc(Cl)cc21	3-aminopyridine-like	BEN-DND-f2e727cd-1		False	False	4.94355	11.3882				
BEN-DND-f2e727cd-4	O=C(Nc1cncc2ccccc12)C1COCc2ccc(Cl)cc21	3-aminopyridine-like	BEN-DND-f2e727cd-4		False	False	5.09256	8.08058				
BEN-DND-f2e727cd-5	O=C(Nc1cncc2ccccc12)C1CNCc2ccc(Cl)cc21	3-aminopyridine-like	BEN-DND-f2e727cd-5		False	False	5.70921	1.95339	5.55359	2.7952		
BEN-DND-f2e727cd-6	CN1Cc2ccc(Cl)cc2C(C(=O)Nc2cncc3ccccc23)C1	3-aminopyridine-like	BEN-DND-f2e727cd-6		False	False	5.69661	2.01089				
BEN-DND-4f474d93-1	O=C(Nc1cncc2cnccc12)[C@@H]1CCOc2ccc(Cl)cc21	3-aminopyridine-like	BEN-DND-4f474d93-1		False	False	5.50881	3.09876				
BEN-DND-4f474d93-2	O=C(Nc1cncc2ccncc12)[C@@H]1CCOc2ccc(Cl)cc21	3-aminopyridine-like	BEN-DND-4f474d93-2		False	False	5.12709	7.463				
EDJ-MED-bbe8e3da-2	COc1cccc2[nH]c(=O)cc(C(=O)NCCOc3ccccc3OCC3CC3)c12	quinolones	EDJ-MED-bbe8e3da-2		False	False	5.52435	2.98988				
MAT-POS-43fe65f4-1	COc1cc(Cl)cc2c1OCC[C@@H]2C(=O)Nc1cncc2ccccc12	3-aminopyridine-like	MAT-POS-43fe65f4-1		False	False			4.99124	10.2038		
ALP-POS-c3a96089-1	Cc1ccc(N(Cc2cscn2)C(=O)Cc2cncc3ccccc23)cc1	3-aminopyridine-like	ALP-POS-c3a96089-1		False	False	5.09212	8.08867	4.86523	13.6386		
ALP-POS-c3a96089-2	Cc1ccc(N(Cc2cscn2)C(=O)Cc2cncc3ccccc23)nc1	3-aminopyridine-like	ALP-POS-c3a96089-2		False	False	4.00218	99.5				
ALP-POS-c3a96089-4	CC(=O)Nc1ccc(N(Cc2cccc(Cl)c2)C(=O)Cc2cncc3ccccc23)cn1	3-aminopyridine-like	ALP-POS-c3a96089-4		False	False	6.17472	0.668777	6.29421	0.507913		
ALP-POS-a1bdc92a-1	CCC(=O)Nc1ccc(N(Cc2ccccc2)C(=O)n2nnc3ccccc32)cc1	Unassigned	ALP-POS-a1bdc92a-1		False	False	4.00218	99.5	4.00436	99		
PET-UNK-8922bd3c-1	O=C(Cc1cncc2ccccc12)Nc1cccc(Cl)c1	3-aminopyridine-like	PET-UNK-8922bd3c-1		False	False	5.18904	6.47076	5.14261	7.20093		
ALP-UNI-4b8a177c-1	O=C(Nc1cncc2ccccc12)C1CCOc2c(O)ccc(Cl)c21	3-aminopyridine-like	ALP-UNI-4b8a177c-1		False	False	4.00218	99.5	4.00436	99		
JOH-UNI-f51e3bbc-1	O=C(Nc1c[nH]c(=O)c2ccccc12)C1CCOc2ccc(Cl)cc21	3-aminopyridine-like	JOH-UNI-f51e3bbc-1		False	False	4.00218	99.5	4.07716	83.7227		
BEN-BAS-c2bc0d80-6	O=C1CC2(CCOc3ccc(Cl)cc32)C(=O)N1c1cncc2ccccc12	3-aminopyridine-like	BEN-BAS-c2bc0d80-6		False	False	6.31348	0.485865				
BEN-BAS-c2bc0d80-7	CN1C(=O)N(c2cncc3ccccc23)C(=O)C12CCOc1ccc(Cl)cc12	3-aminopyridine-like	BEN-BAS-c2bc0d80-7		False	False	6.24969	0.562748				
MAT-POS-8d5af1ef-1	O=C1CC(C(=O)Nc2cncc3ccccc23)c2cc(Br)ccc2N1	3-aminopyridine-like	MAT-POS-8d5af1ef-1		False	False	5.94967	1.12288	5.95001	1.12199		
ERI-UCB-d6de1f3c-1	O=C(c1cc(=O)[nH]c2ccccc12)N1CCN(c2cccc(Cl)c2)C(=O)C1	quinolones	ERI-UCB-d6de1f3c-1		False	False	4.80076	15.8212	5.01713	9.61327		
ERI-UCB-d6de1f3c-2	O=C(c1cncc2ccccc12)N1CCN(c2cccc(Cl)c2)C(=O)C1	Unassigned	ERI-UCB-d6de1f3c-2		False	False	5.03668	9.18999	5.25707	5.53266		
MIC-UNK-50cce87d-1	O=C(Cc1cccc(Cl)c1)Nc1cncc2cccc(F)c12	3-aminopyridine-like	MIC-UNK-50cce87d-1		False	False	5.88405	1.30603				
MIC-UNK-50cce87d-2	O=C(Cc1cccc(Cl)c1)Nc1cncc2cccc(Cl)c12	3-aminopyridine-like	MIC-UNK-50cce87d-2		False	False	6.22641	0.593734				
MIC-UNK-50cce87d-3	Cc1cccc2cncc(NC(=O)Cc3cccc(Cl)c3)c12	3-aminopyridine-like	MIC-UNK-50cce87d-3		False	False	6.47968	0.331375				
PET-UNK-29afea89-2	CO[C@@]1(C(=O)Nc2cncc3ccccc23)CCOc2ccc(Cl)cc21	3-aminopyridine-like	PET-UNK-29afea89-2		False	False	7.07555	0.0840331	6.7593	0.174061		
ALP-POS-6495d03e-6	Cc1cc(C(F)(F)F)nc2c1c(N)nn2C(=O)C1CCOc2ccc(Cl)cc21	Unassigned	ALP-POS-6495d03e-6		False	False	4.00218	99.5	4.23818	57.786		
ALP-POS-6495d03e-7	Nc1nn(C(=O)Cc2cccc(Cl)c2)c2cccnc12	Unassigned	ALP-POS-6495d03e-7		False	False	4.00218	99.5	4.00436	99		
ALP-POS-79636100-2	COc1ccc2c(N)nn(C(=O)C3CCOc4ccc(Cl)cc43)c2c1	Unassigned	ALP-POS-79636100-2		False	False			4.20698	62.0901		
ALP-POS-79636100-3	Cc1cc(C(F)(F)F)nc2c1c(N)nn2C(=O)Cc1cccc(Cl)c1	Unassigned	ALP-POS-79636100-3		False	False	4.00218	99.5	4.00436	99		
ALP-POS-568d9d36-1	C=CC(=O)N(c1ccc(I)cc1)C(C(=O)Nc1ccc(Cl)cc1)c1cncnc1	Ugi	ALP-POS-568d9d36-1		True	False	4.58047	26.2744	5.56029	2.75239		
ALP-POS-902f21bb-1	Nc1nn(C(=O)Cc2cccc(Cl)c2)c2cc(F)ccc12	Unassigned	ALP-POS-902f21bb-1		False	False	4.00218	99.5	4.00436	99		
ALP-POS-902f21bb-2	Nc1nn(C(=O)C2CCOc3ccc(Cl)cc32)c2ccncc12	Unassigned	ALP-POS-902f21bb-2		False	False	4.05963	87.1705	4.02116	95.2435		
ALP-POS-02c6a514-6	CC(=O)c1ccccc1C(=O)N(c1ccc(C(C)(C)C)cc1)C(C(=O)NCCc1cccc(F)c1)c1cccnc1	Unassigned	ALP-POS-02c6a514-6		False	False	4.00218	99.5				
ALP-POS-02c6a514-9	CC(C)(C)c1ccc(N(C(=O)c2ccco2)C(C(=O)NCCc2cccc(F)c2)c2snc3ccccc23)cc1	Unassigned	ALP-POS-02c6a514-9		False	False	5.27292	5.3343				
ALP-POS-02c6a514-10	Nc1ccc2[nH]c(C(=O)N(C(=O)c3ccco3)C(C(=O)NCCc3cccc(F)c3)c3cccnc3)cc2c1	Ugi	ALP-POS-02c6a514-10		False	False	4.00218	99.5				
ALP-POS-02c6a514-11	CC(C)(C)c1ccc(N(C(=O)c2ccccc2)C(C(=O)NCCc2cccc(F)c2)c2cccnc2)cc1	Ugi	ALP-POS-02c6a514-11		False	False	4.00218	99.5				
ALP-POS-02c6a514-13	COc1cncc(C(C(=O)NCCc2cccc(F)c2)N(C(=O)c2ccco2)c2ccc(C(C)(C)C)cc2)c1C	Ugi	ALP-POS-02c6a514-13		False	False	4.00218	99.5				
ALP-POS-02c6a514-17	CC(C)(C)c1ccc(N(C(=O)C2CCCO2)C(C(=O)NCCc2cccc(F)c2)c2cccnc2)cc1	Ugi	ALP-POS-02c6a514-17		False	False	5.25477	5.56196				
ALP-POS-02c6a514-19	CC(C)(C)c1ccc(N(C(=O)c2ccco2)C(C(=O)NCCc2cccc(F)c2)c2coc3ccccc23)cc1	Ugi	ALP-POS-02c6a514-19		False	False	4.00218	99.5				
ALP-POS-02c6a514-22	Cn1cncc1C(=O)N(c1ccc(C(C)(C)C)cc1)C(C(=O)NCCc1cccc(F)c1)c1cccnc1	Ugi	ALP-POS-02c6a514-22		False	False	4.00218	99.5				
ALP-POS-02c6a514-26	CC(C)(C)c1ccc(N(C(=O)c2ccncc2)C(C(=O)NCCc2cccc(F)c2)c2cccnc2)cc1	Ugi	ALP-POS-02c6a514-26		False	False	4.00218	99.5				
ALP-POS-02c6a514-31	Cn1nc(C(C(=O)NCCc2cccc(F)c2)N(C(=O)c2ccco2)c2ccc(C(C)(C)C)cc2)c2ccccc21	Unassigned	ALP-POS-02c6a514-31		False	False	4.00218	99.5				
ALP-POS-02c6a514-32	CC(C)(C)c1ccc(N(C(=O)c2ccco2)C(C(=O)NCCc2cccc(F)c2)c2cncc3ccccc23)cc1	Ugi	ALP-POS-02c6a514-32		False	False	6.39522	0.402513				
ALP-POS-02c6a514-33	CC(C)(C)c1ccc(N(C(=O)c2cccc(C#N)c2)C(C(=O)NCCc2cccc(F)c2)c2cccnc2)cc1	Ugi	ALP-POS-02c6a514-33		False	False	4.00218	99.5				
ALP-POS-02c6a514-34	CC(C)(C)c1ccc(N(C(=O)c2ccco2)C(C(=O)NCCc2cccc(F)c2)c2cnc3ccccn23)cc1	Ugi	ALP-POS-02c6a514-34		False	False	4.42627	37.4742				
ALP-POS-02c6a514-40	COc1ccccc1C(=O)N(c1ccc(C(C)(C)C)cc1)C(C(=O)NCCc1cccc(F)c1)c1cccnc1	Ugi	ALP-POS-02c6a514-40		False	False	4.00218	99.5				
ALP-POS-02c6a514-44	Cc1ccncc1C(C(=O)NCCc1cccc(F)c1)N(C(=O)c1ccco1)c1ccc(C(C)(C)C)cc1	Ugi	ALP-POS-02c6a514-44		False	False	6.95099	0.111946				
ALP-POS-02c6a514-45	CC(C)(C)c1ccc(N(C(=O)c2cn3ccccc3n2)C(C(=O)NCCc2cccc(F)c2)c2cccnc2)cc1	Ugi	ALP-POS-02c6a514-45		False	False	4.73984	18.2039				
ALP-POS-02c6a514-46	CC(C)(C)c1ccc(N(C(=O)c2ncc[nH]2)C(C(=O)NCCc2cccc(F)c2)c2cccnc2)cc1	Ugi	ALP-POS-02c6a514-46		False	False	5.27691	5.28553				
ALP-POS-02c6a514-48	CC(C)(C)c1ccc(N(C(=O)c2ccco2)C(C(=O)NCCc2cccc(F)c2)c2n[nH]c3ccccc23)cc1	Ugi	ALP-POS-02c6a514-48		False	False	4.00218	99.5				
ALP-POS-02c6a514-49	CC(C)(C)c1ccc(N(C(=O)c2nccs2)C(C(=O)NCCc2cccc(F)c2)c2cccnc2)cc1	Ugi	ALP-POS-02c6a514-49		False	False	6.09675	0.800299				
ALP-POS-02c6a514-50	CC(C)(C)c1ccc(N(C(=O)c2cocn2)C(C(=O)NCCc2cccc(F)c2)c2cccnc2)cc1	Ugi	ALP-POS-02c6a514-50		False	False	6.25439	0.55669				
ALP-POS-02c6a514-51	CC(C)(C)c1ccc(N(C(=O)C2CCCN2)C(C(=O)NCCc2cccc(F)c2)c2cccnc2)cc1	Ugi	ALP-POS-02c6a514-51		False	False	4.00218	99.5				
ALP-POS-02c6a514-52	CC(C)(C)c1ccc(N(C(=O)c2ccn[nH]2)C(C(=O)NCCc2cccc(F)c2)c2cccnc2)cc1	Ugi	ALP-POS-02c6a514-52		False	False	5.74974	1.77935				
ALP-POS-02c6a514-53	CN(C)C(=O)CNC(=O)C(c1cccnc1)N(C(=O)c1ccco1)c1ccc(C(C)(C)C)cc1	Ugi	ALP-POS-02c6a514-53		False	False	4.96135	10.9306				
ALP-POS-02c6a514-55	CC(C)(C)c1ccc(N(C(=O)c2ccco2)C(C(=O)NCCN2CCOCC2)c2cccnc2)cc1	Ugi	ALP-POS-02c6a514-55		False	False	5.66	2.18774				
ALP-POS-02c6a514-56	CC(C)(C)c1ccc(N(C(=O)c2ccco2)C(C(=O)Nc2ccccc2)c2cccnc2)cc1	Ugi	ALP-POS-02c6a514-56		False	False	4.95045	11.2086				
ALP-POS-02c6a514-57	CC(C)(C)c1ccc(N(C(=O)c2ccco2)C(C(=O)NCc2ccccc2)c2cccnc2)cc1	Ugi	ALP-POS-02c6a514-57		False	False	5.36035	4.36168				
ALP-POS-b0bc6a46-1	CC1CC(CCN(C(=O)c2ccco2)C(C(=O)NCCc2cccc(F)c2)c2cccnc2)CC(C)(C)C1	Ugi	ALP-POS-b0bc6a46-1		False	False	4.00218	99.5				
ALP-POS-b0bc6a46-2	O=C(NCCc1cccc(F)c1)C(c1cccnc1)N(Cc1ccccc1)C(=O)c1ccco1	Ugi	ALP-POS-b0bc6a46-2		False	False	4.00218	99.5				
ALP-POS-b0bc6a46-4	CCOC1CC2(C1)CC2N(C(=O)c1ccco1)C(C(=O)NCCc1cccc(F)c1)c1cccnc1	Ugi	ALP-POS-b0bc6a46-4		False	False	4.00218	99.5				
ALP-POS-b0bc6a46-5	O=C(NCCc1cccc(F)c1)C(c1cccnc1)N(C(=O)c1ccco1)c1ccc(C2CCCC2)cc1	Ugi	ALP-POS-b0bc6a46-5		False	False	6.55025	0.281678				
ALP-POS-b0bc6a46-7	O=C(NCCc1cccc(F)c1)C(c1cccnc1)N(Cc1cc(C(F)(F)F)cs1)C(=O)c1ccco1	Ugi	ALP-POS-b0bc6a46-7		False	False	4.00218	99.5				
ALP-POS-b0bc6a46-8	COc1ccccc1N(C(=O)c1ccco1)C(C(=O)NCCc1cccc(F)c1)c1cccnc1	Ugi	ALP-POS-b0bc6a46-8		False	False	4.00218	99.5				
ALP-POS-b0bc6a46-10	O=C(NCCc1cccc(F)c1)C(c1cccnc1)N(Cc1ccccc1C1CCC1)C(=O)c1ccco1	Ugi	ALP-POS-b0bc6a46-10		False	False	5.71459	1.92934				
ALP-POS-b0bc6a46-11	CC(C)c1cc(N(C(=O)c2ccco2)C(C(=O)NCCc2cccc(F)c2)c2cccnc2)ccc1C(F)(F)F	Unassigned	ALP-POS-b0bc6a46-11		False	False	4.00218	99.5				
ALP-POS-b0bc6a46-12	CC(C)(C)c1cnc(N(C(=O)c2ccco2)C(C(=O)NCCc2cccc(F)c2)c2cccnc2)s1	Ugi	ALP-POS-b0bc6a46-12		False	False	5.40448	3.94024				
ALP-POS-b0bc6a46-13	O=C(NCCc1cccc(F)c1)C(c1cccnc1)N(C(=O)c1ccco1)c1cccc(CSC2CCOCC2)c1	Unassigned	ALP-POS-b0bc6a46-13		False	False	4.00218	99.5				
ALP-POS-b0bc6a46-14	COc1ccc(N(C(=O)c2ccco2)C(C(=O)NCCc2cccc(F)c2)c2cccnc2)cc1NC(=O)C1CCCCC1	Unassigned	ALP-POS-b0bc6a46-14		False	False	4.20271	62.7028				
ALP-POS-b0bc6a46-16	O=C(NCCc1cccc(F)c1)C(c1cccnc1)N(C(=O)c1ccco1)c1ccc(-c2n[nH]c3c2COCC3)cc1	Unassigned	ALP-POS-b0bc6a46-16		False	False	4.36623	43.0301				
ALP-POS-b0bc6a46-17	COC(=O)CCSc1cc(Cl)ccc1N(C(=O)c1ccco1)C(C(=O)NCCc1cccc(F)c1)c1cccnc1	Unassigned	ALP-POS-b0bc6a46-17		False	False	4.77883	16.6406				
ALP-POS-b0bc6a46-18	COc1ccc(N(C(=O)c2ccco2)C(C(=O)NCCc2cccc(F)c2)c2cccnc2)cc1OCCO	Ugi	ALP-POS-b0bc6a46-18		False	False	4.00218	99.5				
ALP-POS-b0bc6a46-19	O=C(NCCc1cccc(F)c1)C(c1cccnc1)N(Cc1c(O)ccc2c1CCCC2)C(=O)c1ccco1	Ugi	ALP-POS-b0bc6a46-19		False	False	4.9181	12.0753				
ALP-POS-b0bc6a46-20	CSc1ccc(CN(C(=O)c2ccco2)C(C(=O)NCCc2cccc(F)c2)c2cccnc2)cc1C#N	Ugi	ALP-POS-b0bc6a46-20		False	False	4.2605	54.8907				
ALP-POS-b0bc6a46-21	O=C(NCCc1cccc(F)c1)C(c1cccnc1)N(C(=O)c1ccco1)[C@H]1C[C@H](c2cc(F)cc(F)c2)C1	Ugi	ALP-POS-b0bc6a46-21		False	False	4.00218	99.5				
ALP-POS-b0bc6a46-22	COc1ccc(N(C(=O)c2ccco2)C(C(=O)NCCc2cccc(F)c2)c2cccnc2)cc1	Ugi	ALP-POS-b0bc6a46-22		False	False	4.51573	30.4977				
ALP-POS-b0bc6a46-23	CC(=O)c1ccc(N(C(=O)c2ccco2)C(C(=O)NCCc2cccc(F)c2)c2cccnc2)cc1	Ugi	ALP-POS-b0bc6a46-23		False	False	4.24963	56.282				
ALP-POS-b0bc6a46-24	N#Cc1ccc(N(C(=O)c2ccco2)C(C(=O)NCCc2cccc(F)c2)c2cccnc2)cc1	Ugi	ALP-POS-b0bc6a46-24		False	False	4.98317	10.3952				
ALP-POS-b0bc6a46-25	COc1cc(C)ccc1N(C(=O)c1ccco1)C(C(=O)NCCc1cccc(F)c1)c1cccnc1	Ugi	ALP-POS-b0bc6a46-25		False	False	4.00218	99.5				
ALP-POS-b0bc6a46-26	O=C(NCCc1cccc(F)c1)C(c1cccnc1)N(C(=O)c1ccco1)C1CCCC(c2ccc(F)c(F)c2)C1	Unassigned	ALP-POS-b0bc6a46-26		False	False	4.00218	99.5				
ALP-POS-b0bc6a46-27	N#Cc1cc(N(C(=O)c2ccco2)C(C(=O)NCCc2cccc(F)c2)c2cccnc2)ccc1Oc1ccc(C(F)(F)F)cc1	Unassigned	ALP-POS-b0bc6a46-27		False	False	4.00218	99.5				
ALP-POS-b0bc6a46-28	O=C(NCCc1cccc(F)c1)C(c1cccnc1)N(C(=O)c1ccco1)C1CCN(c2ccccc2)CC1	Ugi	ALP-POS-b0bc6a46-28		False	False	4.09902	79.6128				
ALP-POS-b0bc6a46-29	COC(=O)C(C)(CN(C(=O)c1ccco1)C(C(=O)NCCc1cccc(F)c1)c1cccnc1)c1ccccc1F	Unassigned	ALP-POS-b0bc6a46-29		False	False	4.00218	99.5				
ALP-POS-e2fddb0f-2	Nc1nn(C(=O)C2CCOc3ccc(Cl)cc32)c2cc(F)ccc12	Unassigned	ALP-POS-e2fddb0f-2		False	False	4.00218	99.5	4.27367	53.2516		
ALP-POS-cd485364-1	Nc1nn(C(=O)Cc2cccc(Cl)c2)c2ccc(F)cc12	Unassigned	ALP-POS-cd485364-1		False	False	4.00218	99.5	4.02594	94.2012		
ALP-POS-cd485364-2	Nc1cncc2c1CCCN2C(=O)Cc1cccc(Cl)c1	3-aminopyridine-like	ALP-POS-cd485364-2	x12202	False	False	4.47537	33.468	4.26579	54.2265		
VLA-UCB-34f3ed0c-11	O=C1N[C@]2(CCOc3ccc(Cl)cc32)C(=O)N1c1cncc2ccccc12	3-aminopyridine-like	VLA-UCB-34f3ed0c-11		False	False	4.6882	20.5023				
PAU-WEI-5b8d5051-1	C=CC(=O)N(c1ccc(C(C)(C)C)cc1)[C@H](C(=O)NCCc1cccc(F)c1)c1cccnc1	Ugi	PAU-WEI-5b8d5051-1		True	False	5.54398	2.85773	5.5264	2.97578		
MAT-POS-0c8fa4a7-1	O=C(Nc1cncc2ccccc12)C1=CCCc2ccc(Cl)cc21	3-aminopyridine-like	MAT-POS-0c8fa4a7-1		False	False	6.63215	0.233267	7.09115	0.0810672		
MAT-POS-0c8fa4a7-2	COc1ccc2c(c1)c(N)nn2C(=O)Cc1cccc(Cl)c1	Unassigned	MAT-POS-0c8fa4a7-2		False	False	4.00218	99.5	4.00436	99		
MAT-POS-0c8fa4a7-3	Nc1nn(C(=O)Cc2cccc(Cl)c2)c2ccccc12	Unassigned	MAT-POS-0c8fa4a7-3		False	False	4.00218	99.5	4.00436	99		
MAT-POS-0c8fa4a7-4	Nc1nn(C(=O)Cc2cccc(Cl)c2)c2cccc(F)c12	Unassigned	MAT-POS-0c8fa4a7-4		False	False	4.00218	99.5	4.27864	52.6459		
MAT-POS-53907a1c-1	COc1ccc2c(N)nn(C(=O)Cc3cccc(Cl)c3)c2c1	Unassigned	MAT-POS-53907a1c-1		False	False	4.00218	99.5	4.00436	99		
MAT-POS-53907a1c-2	Cc1ccncc1NC(=O)N(CCC1CCCCC1)c1cc(Cl)cc(OC(C)C)c1	3-aminopyridine-like	MAT-POS-53907a1c-2		False	False	4.60977	24.5601	4.00436	99		
MAT-POS-53907a1c-3	O=C1CC(Oc2cc(Cl)cc(N(CCC3CCCCC3)C(=O)Nc3cncc4ccccc34)c2)N1	3-aminopyridine-like	MAT-POS-53907a1c-3		False	False	6.49976	0.316405	5.80263	1.57531		
MAK-UNK-8be7dca9-1	O=C(Nc1cncc2cc(CN3CCNCC3)ccc12)C1CCOc2ccc(Cl)cc21	3-aminopyridine-like	MAK-UNK-8be7dca9-1		False	False	5.73671	1.83353				
LOR-NOR-c954e7ad-1	Cc1nc(CN2C(=O)C(=O)c3cc(Br)ccc32)cs1	Isatins	LOR-NOR-c954e7ad-1		False	False	4.00218	99.5	4.74414	18.0243		
LOR-NOR-c954e7ad-2	CCCCN1C(=O)C(=O)c2cc(Br)cc(C)c21	Isatins	LOR-NOR-c954e7ad-2		False	False	4.00218	99.5	4.23993	57.5528		
LOR-NOR-c954e7ad-3	CC(C)CCN1C(=O)C(=O)c2cc(Br)ccc21	Isatins	LOR-NOR-c954e7ad-3		False	False	4.00218	99.5	4.61478	24.2786		
LOR-NOR-c954e7ad-4	CCc1ccc2c(c1)C(=O)C(=O)N2CC(=O)O	Isatins	LOR-NOR-c954e7ad-4		False	False	4.00218	99.5	4.00436	99		
LOR-NOR-c954e7ad-5	O=C(O)CN1C(=O)C(=O)c2cc([N+](=O)[O-])ccc21	Isatins	LOR-NOR-c954e7ad-5		False	False	4.00218	99.5	4.00436	99		
LOR-NOR-c954e7ad-6	O=C1C(=O)N(Cc2ccccc2)c2ccc([N+](=O)[O-])cc21	Isatins	LOR-NOR-c954e7ad-6		False	False	4.00218	99.5	4.57013	26.9074		
MIC-UNK-91acba05-1	O=C1NCC(C(=O)Nc2cncc3ccccc23)c2cc(Cl)ccc21	3-aminopyridine-like	MIC-UNK-91acba05-1		False	False	6.68198	0.207981				
MIC-UNK-91acba05-2	CN1CC(C(=O)Nc2cncc3ccccc23)c2cc(Cl)ccc2C1=O	3-aminopyridine-like	MIC-UNK-91acba05-2		False	False	6.47498	0.334978				
MIC-UNK-91acba05-3	O=C(Nc1cncc2ccccc12)C1CCS(=O)(=O)c2ccc(Cl)cc21	3-aminopyridine-like	MIC-UNK-91acba05-3		False	False	6.54117	0.287629				
MIC-UNK-91acba05-6	CN1CCC(C(=O)Nc2cncc3ccccc23)c2cc(Cl)ccc21	3-aminopyridine-like	MIC-UNK-91acba05-6		False	False	6.35362	0.442977	6.24399	0.570181		
CHO-MSK-00c5269a-1	Cc1ccc(N(Cc2cccc(Cl)c2)C(=O)Cn2nnc3ccccc32)cc1	3-aminopyridine-like	CHO-MSK-00c5269a-1		False	False	5.63185	2.33428	5.48118	3.30229		
CHO-MSK-00c5269a-2	COc1ccc(N(Cc2cccc(Cl)c2)C(=O)Cn2nnc3ccccc32)cc1	3-aminopyridine-like	CHO-MSK-00c5269a-2	x12177	False	False	5.94395	1.13776	5.24764	5.65406		
CHO-MSK-00c5269a-4	O=C(Cn1nnc2ccccc21)N(Cc1cccc(Cl)c1)c1ccc(N2CCOCC2)cc1	3-aminopyridine-like	CHO-MSK-00c5269a-4		False	False	5.43169	3.70094	5.42169	3.7871		
CHO-MSK-00c5269a-5	O=C(Cn1nnc2ccccc21)N(Cc1cccc(Cl)c1)c1ccc(N2CCCCC2)cc1	3-aminopyridine-like	CHO-MSK-00c5269a-5		False	False	5.4381	3.64674	5.22044	6.01954		
ALP-POS-64a710fa-1	O=C(Cc1cncc2ccccc12)N(CCC1CCCCC1)Cc1cccs1	Unassigned	ALP-POS-64a710fa-1		False	False	5.00607	9.86113	5.51978	3.02151		
ALP-POS-64a710fa-2	CN(C)CCCN(Cc1cccs1)C(=O)Cc1cncc2ccccc12	Unassigned	ALP-POS-64a710fa-2		False	False	4.00218	99.5	4.00436	99		
MAT-POS-199e2e7c-1	O=C(Cc1cccc(Cl)c1)Nc1cncc2c1CCC2	3-aminopyridine-like	MAT-POS-199e2e7c-1	x12000	False	False	5.28706	5.16341	5.33265	4.64891		
FRA-DIA-c7e803f4-1	O=C(Nc1cncc2ccccc12)C1COc2c(Cl)cccc21	3-aminopyridine-like	FRA-DIA-c7e803f4-1		False	False	5.32262	4.7575	5.27089	5.35933		
PET-UNK-e44ffd04-1	O=C(Cc1cccc(Cl)c1)Nc1nnc2ccccn12	3-aminopyridine-like	PET-UNK-e44ffd04-1	x12026	False	False	4.00218	99.5	4.02751	93.8621		
RAL-THA-1d44ff04-8	O=C(Cc1cc(Cl)cc(-c2nnc[nH]2)c1)Nc1cncc2ccccc12	3-aminopyridine-like	RAL-THA-1d44ff04-8		False	False	5.27606	5.29594				
EDJ-MED-c8e7a002-1	COc1ccc2c(NC(=O)Cc3cccc(Cl)c3)noc2c1	3-aminopyridine-like	EDJ-MED-c8e7a002-1		False	False	4.00218	99.5	4.00436	99		
EDJ-MED-c8e7a002-2	COc1ccc2n[nH]c(NC(=O)Cc3cccc(Cl)c3)c2c1	3-aminopyridine-like	EDJ-MED-c8e7a002-2		False	False	4.00218	99.5	4.00436	99		
EDJ-MED-c8e7a002-3	COc1ccc2c(NC(=O)Cc3cccc(Cl)c3)[nH]nc2c1	3-aminopyridine-like	EDJ-MED-c8e7a002-3		False	False	4.00218	99.5	4.28358	52.0494		
EDJ-MED-c8e7a002-4	Cc1ccn2cnnc2c1NC(=O)Cc1cccc(Cl)c1	3-aminopyridine-like	EDJ-MED-c8e7a002-4		False	False	4.12345	75.2574	4.07895	83.3781		
EDJ-MED-c8e7a002-5	Cc1cc(C(F)(F)F)nc2n[nH]c(NC(=O)Cc3cccc(Cl)c3)c12	3-aminopyridine-like	EDJ-MED-c8e7a002-5		False	False	4.00218	99.5	4.0863	81.9779		
EDJ-MED-c8e7a002-6	Cc1nn(C)c2[nH]nc(NC(=O)Cc3cccc(Cl)c3)c12	3-aminopyridine-like	EDJ-MED-c8e7a002-6		False	False	4.00218	99.5	4.00436	99		
EDJ-MED-c8e7a002-9	O=C(Cc1cccc(Cl)c1)Nc1n[nH]c2ccc(F)cc12	3-aminopyridine-like	EDJ-MED-c8e7a002-9		False	False	4.00218	99.5	4.05264	88.584		
EDJ-MED-c8e7a002-10	O=C(Cc1cccc(Cl)c1)Nc1[nH]nc2cc(F)ccc12	3-aminopyridine-like	EDJ-MED-c8e7a002-10		False	False	4.00218	99.5	4.03863	91.4887		
EDJ-MED-c8e7a002-11	O=C(Cc1cccc(Cl)c1)Nc1n[nH]c2ccccc12	3-aminopyridine-like	EDJ-MED-c8e7a002-11		False	False	4.00218	99.5	4.00436	99		
EDJ-MED-c8e7a002-12	O=C(Cc1cccc(Cl)c1)Nc1cccc2cn[nH]c12	3-aminopyridine-like	EDJ-MED-c8e7a002-12		False	False	4.00218	99.5	4.00436	99		
EDJ-MED-c8e7a002-13	O=C(Cc1cccc(Cl)c1)Nc1[nH]nc2cccc(F)c12	3-aminopyridine-like	EDJ-MED-c8e7a002-13		False	False	4.00218	99.5	4.08748	81.7563		
EDJ-MED-c8e7a002-14	O=C(Cc1cccc(Cl)c1)Nc1[nH]nc2cccnc12	3-aminopyridine-like	EDJ-MED-c8e7a002-14		False	False	4.00218	99.5	4.00436	99		
EDJ-MED-c8e7a002-15	O=C(Cc1cccc(Cl)c1)Nc1n[nH]c2ccnc(Br)c12	3-aminopyridine-like	EDJ-MED-c8e7a002-15		False	False	4.00218	99.5	4.00436	99		
EDJ-MED-c8e7a002-16	O=C(Cc1cccc(Cl)c1)Nc1n[nH]c2ccncc12	3-aminopyridine-like	EDJ-MED-c8e7a002-16		False	False	4.00218	99.5	4.00436	99		
ALP-POS-8b8a49e1-4	O=C1CC(NC(=O)C2CCOc3ccc(Cl)cc32)CCN1	3-aminopyridine-like	ALP-POS-8b8a49e1-4		False	False			4.00436	99		
ALP-POS-8b8a49e1-6	O=C(Cc1cccc(Cl)c1)NC1CC(=O)c2ccccc21	3-aminopyridine-like	ALP-POS-8b8a49e1-6		False	False	4.26955	53.7588				
JAG-UCB-52b62a6f-5	O=C(Nc1[nH]nc2cccc(F)c12)C1CCOc2ccc(Cl)cc21	3-aminopyridine-like	JAG-UCB-52b62a6f-5		False	False	4.00218	99.5	4.00436	99		
JAG-UCB-52b62a6f-6	O=C(Nc1[nH]nc2ccccc12)C1CCOc2ccc(Cl)cc21	3-aminopyridine-like	JAG-UCB-52b62a6f-6		False	False	4.00218	99.5	4.00436	99		
JAG-UCB-52b62a6f-7	O=C(Nc1[nH]nc2cccnc12)C1CCOc2ccc(Cl)cc21	3-aminopyridine-like	JAG-UCB-52b62a6f-7		False	False	4.00218	99.5	4.00436	99		
JAG-UCB-52b62a6f-8	COc1ccc2n[nH]c(NC(=O)C3CCOc4ccc(Cl)cc43)c2c1	3-aminopyridine-like	JAG-UCB-52b62a6f-8		False	False			4.00436	99		
JAG-UCB-52b62a6f-9	O=C(Nc1[nH]nc2cc(F)ccc12)C1CCOc2ccc(Cl)cc21	3-aminopyridine-like	JAG-UCB-52b62a6f-9		False	False			4.00436	99		
JAG-UCB-52b62a6f-10	COc1ccc2c(NC(=O)C3CCOc4ccc(Cl)cc43)noc2c1	3-aminopyridine-like	JAG-UCB-52b62a6f-10		False	False	4.21111	61.5022	4.27236	53.4127		
JAG-UCB-52b62a6f-11	Cc1ccn2cnnc2c1NC(=O)C1CCOc2ccc(Cl)cc21	3-aminopyridine-like	JAG-UCB-52b62a6f-11	x12136	False	False	4.00218	99.5	4.00436	99		
JAG-UCB-52b62a6f-12	COc1ccc2c(NC(=O)C3CCOc4ccc(Cl)cc43)[nH]nc2c1	3-aminopyridine-like	JAG-UCB-52b62a6f-12		False	False	4.00218	99.5	4.00436	99		
JAG-UCB-52b62a6f-13	O=C(Nc1cccc2cn[nH]c12)C1CCOc2ccc(Cl)cc21	3-aminopyridine-like	JAG-UCB-52b62a6f-13		False	False	4.00218	99.5	4.00436	99		
JAG-UCB-52b62a6f-15	O=C(Nc1n[nH]c2ccnc(Br)c12)C1CCOc2ccc(Cl)cc21	3-aminopyridine-like	JAG-UCB-52b62a6f-15		False	False	4.00218	99.5	4.12976	74.1728		
JAG-UCB-52b62a6f-16	O=C(Nc1n[nH]c2ccncc12)C1CCOc2ccc(Cl)cc21	3-aminopyridine-like	JAG-UCB-52b62a6f-16		False	False	4.15334	70.2526				
JAG-UCB-52b62a6f-19	Cc1cc(C(F)(F)F)nc2n[nH]c(NC(=O)C3CCOc4ccc(Cl)cc43)c12	3-aminopyridine-like	JAG-UCB-52b62a6f-19		False	False	4.5854	25.9776	4.00838	98.0886		
BEN-DND-b89db3f2-2	O=C(Nc1cc[nH]c(=O)c1)C1CCOc2ccc(Cl)cc21	3-aminopyridine-like	BEN-DND-b89db3f2-2		False	False	4.00218	99.5	4.00436	99		
PET-UNK-dd44aeb6-1	O=C(Cc1cc(Cl)ccc1F)Nc1cncc2ccccc12	3-aminopyridine-like	PET-UNK-dd44aeb6-1		False	False	6.15071	0.706794	6.11919	0.759998		
PET-UNK-dd44aeb6-2	O=C(Cc1cc(Cl)ccc1Cl)Nc1cncc2ccccc12	3-aminopyridine-like	PET-UNK-dd44aeb6-2		False	False	5.99129	1.02027	6.05972	0.871522		
MAT-POS-500ca5bf-1	Cc1ccncc1NC(=O)Cc1cc(Cl)cc(OCCN2CCOCC2C)c1	3-aminopyridine-like	MAT-POS-500ca5bf-1		False	False	4.00218	99.5				
MAT-POS-500ca5bf-2	O=C(Cc1cccc(Cl)c1)N[C@H]1CCNC1=O	Ugi	MAT-POS-500ca5bf-2		False	False			4.00436	99		
ALP-POS-7c842ab8-1	Cn1cc(CN(C(=O)Cn2nnc3ccccc32)c2ccc(N3CCCCC3)cc2)cn1	3-aminopyridine-like	ALP-POS-7c842ab8-1		False	False	4.00218	99.5	4.00436	99		
VLA-UCB-50c39ae8-2	O=C1C[C@]2(CCOc3ccc(Cl)cc32)C(=O)N1c1cncc2ccccc12	3-aminopyridine-like	VLA-UCB-50c39ae8-2		False	False	6.6087	0.246206				
VLA-UCB-50c39ae8-7	C=CC(=O)N(C(=O)[C@@H]1CCOc2ccc(Cl)cc21)c1cncc2ccccc12	3-aminopyridine-like	VLA-UCB-50c39ae8-7		True	False	6.08197	0.828004	6.12553	0.748988		
EDJ-MED-50011917-1	O=C(Cc1cc(Cl)cc(CC2CC(=O)N2)c1)Nc1cncc2ccccc12	3-aminopyridine-like	EDJ-MED-50011917-1		False	False	5.34036	4.56705	5.3545	4.42082		
MAT-POS-8a69d52e-2	C[C@@H]1C[C@H](C(=O)Nc2cncc3ccccc23)c2cc(Cl)ccc2O1	3-aminopyridine-like	MAT-POS-8a69d52e-2		False	False	6.16794	0.67929	5.57592	2.65507		
MAT-POS-8a69d52e-3	C[C@H]1C[C@H](C(=O)Nc2cncc3ccccc23)c2cc(Cl)ccc2O1	3-aminopyridine-like	MAT-POS-8a69d52e-3		False	False	4.28341	52.0706	4.00436	99		
MAT-POS-8a69d52e-5	C[C@H]1COc2ccc(Cl)cc2[C@H]1C(=O)Nc1cncc2ccccc12	3-aminopyridine-like	MAT-POS-8a69d52e-5		False	False	4.00218	99.5	4.09925	79.5697		
MAT-POS-8a69d52e-6	C[C@@H]1COc2ccc(Cl)cc2[C@H]1C(=O)Nc1cncc2ccccc12	3-aminopyridine-like	MAT-POS-8a69d52e-6		False	False	4.00218	99.5	4.45437	35.1264		
MAT-POS-8a69d52e-7	C[C@@H]1COc2ccc(Cl)cc2[C@@H]1C(=O)Nc1cncc2ccccc12	3-aminopyridine-like	MAT-POS-8a69d52e-7	x12073	False	False	5.76612	1.71349	5.73762	1.82971		
ALP-UNI-b33a865d-1	O=C(Nc1cncc2ccccc12)C1CCN(Cc2cnc[nH]2)c2ccc(Cl)cc21	3-aminopyridine-like	ALP-UNI-b33a865d-1				5.95205	1.11674	5.81029	1.54777		
DAR-DIA-6a508060-2	O=C(Oc1cncc2ccccc12)C1CCOc2ccc(Cl)cc21	Unassigned	DAR-DIA-6a508060-2				6.28224	0.522106				
DAR-DIA-6a508060-7	O=C(NC1N=Nc2ccccc21)C1CCOc2ccc(Cl)cc21	3-aminopyridine-like	DAR-DIA-6a508060-7				4.00218	99.5	4.00436	99		
MAR-UCB-f313ec4d-2	COc1ccccc1OCCNC(=O)c1cncc2ccccc12	Unassigned	MAR-UCB-f313ec4d-2	x11813	False	False	5.48928	3.2413	5.23802	5.78068		
MAR-UCB-f313ec4d-3	COc1ccccc1OCCC(=O)Nc1cncc2ccccc12	Unassigned	MAR-UCB-f313ec4d-3		False	False	4.01535	96.5278	4.06849	85.4111		
MAR-UCB-f313ec4d-4	COc1ccccc1NCCNC(=O)c1cc(=O)[nH]c2ccccc12	quinolones	MAR-UCB-f313ec4d-4		False	False	4.00218	99.5	4.00436	99		
MAR-UCB-f313ec4d-6	O=C(c1cncc2ccccc12)N1CCN(c2ccccc2)CC1	Unassigned	MAR-UCB-f313ec4d-6	x11812	False	False	5.26395	5.4456	5.13944	7.2537		
ERI-UCB-a0b0dbcb-2	O=C(c1cc(=O)[nH]c2ccccc12)N1CCN(c2cccc(Cl)c2)CC1	quinolones	ERI-UCB-a0b0dbcb-2		False	False	5.66473	2.16406	5.65965	2.18952		
ERI-UCB-a0b0dbcb-4	O=C(c1cc(=O)[nH]c2ccccc12)N1CCN(c2cccc(C(F)(F)F)c2)CC1	quinolones	ERI-UCB-a0b0dbcb-4	x11616	False	False	5.42025	3.79972	5.24822	5.64647		
ERI-UCB-a0b0dbcb-6	COc1ccccc1OC1CCN(C(=O)c2cc(=O)[nH]c3ccccc23)C1	quinolones	ERI-UCB-a0b0dbcb-6		False	False	4.00218	99.5	4.00436	99		
ERI-UCB-a0b0dbcb-8	COc1ccccc1NC1CN(C(=O)c2cc(=O)[nH]c3ccccc23)C1	quinolones	ERI-UCB-a0b0dbcb-8	x12025	False	False	4.00218	99.5	4.00436	99		
ERI-UCB-a0b0dbcb-9	COc1ccccc1OC1CN(C(=O)c2cc(=O)[nH]c3ccccc23)C1	quinolones	ERI-UCB-a0b0dbcb-9	x12064	False	False	4.00218	99.5	4.00436	99		
ERI-UCB-a0b0dbcb-11	COc1cccc(CN2CCN(C(=O)c3cc(=O)[nH]c4ccccc34)CC2)c1	quinolones	ERI-UCB-a0b0dbcb-11		False	False	4.56322	27.3389	4.00436	99		
ERI-UCB-a0b0dbcb-12	O=C(c1cc(=O)[nH]c2ccccc12)N1CCN(Cc2cccc(Cl)c2)CC1	quinolones	ERI-UCB-a0b0dbcb-12		False	False	5.33996	4.57134				
ERI-UCB-a0b0dbcb-13	O=C(c1cc(=O)[nH]c2ccccc12)N1CCN(Cc2cccc(C(F)(F)F)c2)CC1	quinolones	ERI-UCB-a0b0dbcb-13		False	False	4.46639	34.1673				
VLA-UCB-05e51b3f-5	O=C1C[C@@]2(CCOc3ccc(Cl)cc32)C(=O)N1c1cncc2ccccc12	3-aminopyridine-like	VLA-UCB-05e51b3f-5		False	False	4.40024	39.7889				
VLA-UCB-05e51b3f-10	C=CC(=O)N(C(=O)[C@H]1CCOc2ccc(Cl)cc21)c1cncc2ccccc12	3-aminopyridine-like	VLA-UCB-05e51b3f-10		True	False	5.83951	1.44706	5.82165	1.50782		
MAT-POS-173a45da-1	O=C(Cc1cncc2ccccc12)N(CCC1CCCCC1)c1cccc(Cl)c1	3-aminopyridine-like	MAT-POS-173a45da-1		False	False	5.67521	2.11246	5.99094	1.02109		
MAT-POS-173a45da-2	Cc1ccncc1NC(=O)Cc1cc(Cl)cc(OCc2n[nH]c3ccccc23)c1	3-aminopyridine-like	MAT-POS-173a45da-2		False	False	4.00218	99.5				
PET-UNK-3c72d439-1	O=C(Cc1cc(Cl)ccn1)Nc1cncc2ccccc12	3-aminopyridine-like	PET-UNK-3c72d439-1	x11810	False	False	5.46887	3.39727	4.94383	11.3807		
PET-UNK-372a2f82-1	O=C(Cc1cc(Cl)cc(Cc2ccn[nH]2)c1)Nc1cncc2ccccc12	3-aminopyridine-like	PET-UNK-372a2f82-1		False	False	5.2975	5.04079	5.02729	9.39101		
MAT-POS-8e4737f4-1	C[C@]1(C(=O)Nc2cncc3ccccc23)CCOc2ccc(Cl)cc21	3-aminopyridine-like	MAT-POS-8e4737f4-1		False	False	4.71	19.4983	4.62022	23.9762		
MAT-POS-8e4737f4-2	O=C(Nc1cncc2ccccc12)[C@H]1COc2ccc(Cl)cc2C1	Unassigned	MAT-POS-8e4737f4-2		False	False	4.00218	99.5	4.42342	37.7208		
MAT-POS-14ad9fe9-1	O=C(Cc1cccc(Cl)c1)Nc1cncc2c1CCCN2	3-aminopyridine-like	MAT-POS-14ad9fe9-1		False	False	5.13835	7.27198	5.39367	4.03951		
MAT-POS-afd4d4fd-2	O=C(Cc1cccc(Cl)n1)Nc1cncc2ccccc12	3-aminopyridine-like	MAT-POS-afd4d4fd-2		False	False	4.39094	40.6504	4.00436	99		
ROB-IMP-e811baff-1	CNC(=O)Nc1ccc(N(Cc2ccsc2)C(=O)Cn2nnc3ccccc32)cc1	3-aminopyridine-like	ROB-IMP-e811baff-1	x11798	False	False	5.84758	1.42043	4.81454	15.3273		
PET-UNK-1901c25b-1	CN(C)c1ccc(N(Cc2ccsc2)C(=O)Cc2cncc3ccccc23)cc1	3-aminopyridine-like	PET-UNK-1901c25b-1	x11790	False	False	6.54571	0.284634	6.07872	0.834211		
ALP-POS-477dc5b7-1	O=C(Nc1cncc2ccccc12)C1CCCc2ccc(Cl)cc21	3-aminopyridine-like	ALP-POS-477dc5b7-1		False	False	6.48963	0.323872	6.53836	0.289493		
ALP-POS-477dc5b7-2	O=C(Nc1cncc2ccccc12)C1CCNc2ccc(Cl)cc21	3-aminopyridine-like	ALP-POS-477dc5b7-2	x12171	False	False	6.58711	0.258757	6.14242	0.720403		
ALP-POS-477dc5b7-3	O=C(Nc1cncc2ccccc12)C1(CCC2CC2)CCOc2ccc(Cl)cc21	3-aminopyridine-like	ALP-POS-477dc5b7-3		False	False	4.39029	40.7111	4.02723	93.9234		
ALP-POS-477dc5b7-4	O=C1N(c2cncc3ccccc23)CCC12CCOc1ccc(Cl)cc12	3-aminopyridine-like	ALP-POS-477dc5b7-4		False	False	6.17638	0.66622				
ALP-POS-477dc5b7-5	O=C1N(c2cncc3ccccc23)CCCC12CCOc1ccc(Cl)cc12	3-aminopyridine-like	ALP-POS-477dc5b7-5		False	False	6.31057	0.489131				
EDJ-MED-e4b030d8-2	C[C@@H]1C[C@@H](C(=O)Nc2cncc3ccccc23)c2cc(Cl)ccc2O1	3-aminopyridine-like	EDJ-MED-e4b030d8-2		False	False	6.63582	0.231302	6.28091	0.52371		
EDJ-MED-e4b030d8-3	C[C@H]1C[C@@H](C(=O)Nc2cncc3ccccc23)c2cc(Cl)ccc2O1	3-aminopyridine-like	EDJ-MED-e4b030d8-3		False	False	4.69731	20.0767	4.34291	45.4033		
EDJ-MED-e4b030d8-7	COc1cc(Cl)cc2c1OCC[C@H]2C(=O)Nc1cncc2ccccc12	3-aminopyridine-like	EDJ-MED-e4b030d8-7		False	False	4.00218	99.5	4.00436	99		
EDJ-MED-e4b030d8-8	Cc1c(Cl)ccc2c1[C@H](C(=O)Nc1cncc3ccccc13)CCO2	3-aminopyridine-like	EDJ-MED-e4b030d8-8		False	False	5.43547	3.66881				
EDJ-MED-e4b030d8-11	C[C@H]1COc2ccc(Cl)cc2[C@@H]1C(=O)Nc1cncc2ccccc12	3-aminopyridine-like	EDJ-MED-e4b030d8-11		False	False	6.80484	0.156732	6.78558	0.163839		
EDJ-MED-e4b030d8-12	O=C(Nc1cncc2ccccc12)[C@@H]1COc2ccc(Cl)cc2C1	Unassigned	EDJ-MED-e4b030d8-12		False	False	4.00218	99.5	5.44903	3.55605		
EDJ-MED-e4b030d8-13	C[C@@]1(C(=O)Nc2cncc3ccccc23)CCOc2ccc(Cl)cc21	3-aminopyridine-like	EDJ-MED-e4b030d8-13	x12207	False	False	6.54725	0.283626	7.04195	0.0907919		
MAT-POS-11b63608-1	O=C(Nc1cncc2ccccc12)C1CCOc2ccc(Br)cc21	3-aminopyridine-like	MAT-POS-11b63608-1		False	False	6.07012	0.850903	5.84079	1.44281		
MAT-POS-5d20d11c-1	Cc1ccncc1NC(=O)[C@@H](C)OC(F)F	Unassigned	MAT-POS-5d20d11c-1	x11708	False	False			4.00436	99		
MAT-POS-bbbbc21a-3	O=C(Cc1cc(Cl)cc2c1OCC2)Nc1cncc2ccccc12	3-aminopyridine-like	MAT-POS-bbbbc21a-3	x11831	False	False	5.82527	1.49531	6.30812	0.4919		
MAT-POS-b3e365b9-1	O=C(Nc1cncc2ccccc12)[C@@H]1CCOc2ccc(Cl)cc21	3-aminopyridine-like	MAT-POS-b3e365b9-1	x11612	False	False	6.67904	0.209392	6.60992	0.245516		
MAT-POS-b3e365b9-2	O=C(Nc1cncc2ccccc12)[C@H]1CCOc2ccc(Cl)cc21	3-aminopyridine-like	MAT-POS-b3e365b9-2		False	False	4.30277	49.8	4.23066	58.7943		
MAT-POS-b3e365b9-3	Cc1ccncc1NC(=O)[C@H]1CCOc2ccc(Cl)cc21	3-aminopyridine-like	MAT-POS-b3e365b9-3		False	False	5.30572	4.94628	5.19523	6.37918		
MAT-POS-b3e365b9-4	Cc1ccncc1NC(=O)[C@@H]1CCOc2ccc(Cl)cc21	3-aminopyridine-like	MAT-POS-b3e365b9-4	x11809	False	False	4.00218	99.5	4.00436	99		
MAT-POS-bfb445d4-2	O=C(Cc1cccc(Cl)c1)Nn1nnc2ccccc21	3-aminopyridine-like	MAT-POS-bfb445d4-2	x11789	False	False	5.23639	5.80242	4.50804	31.043		
MAT-POS-f2460aef-1	CC(C)(C)c1ccc(N(C(=O)c2ccco2)[C@H](C(=O)NCCc2cccc(F)c2)c2cccnc2)cc1	Ugi	MAT-POS-f2460aef-1	N0050	False	False	6.9987	0.1003	6.38259	0.414394		
MAT-POS-f2460aef-2	CC(C)(C)c1ccc(N(C(=O)c2ccco2)[C@@H](C(=O)NCCc2cccc(F)c2)c2cccnc2)cc1	Ugi	MAT-POS-f2460aef-2		False	False	4.80619	15.6246	4.83961	14.4674		
MAT-POS-f2460aef-3	CC(C)(C)c1ccc(N(C(=O)c2c[nH]cn2)C(C(=O)NCCc2cccc(F)c2)c2cccnc2)cc1	Ugi	MAT-POS-f2460aef-3		False	False	6.53503	0.291719	5.97899	1.04957		
MAT-POS-f2460aef-4	CC(C)(C)c1ccc(N(C(=O)c2ccc(Cl)o2)C(C(=O)NCCc2cccc(F)c2)c2cccnc2)cc1	Ugi	MAT-POS-f2460aef-4		False	False	6.5019	0.314848	6.28844	0.514713		
MAT-POS-f2460aef-5	CC(C)(C)c1ccc(N(C(=O)c2cn[nH]c2)C(C(=O)NCCc2cccc(F)c2)c2cccnc2)cc1	Ugi	MAT-POS-f2460aef-5		False	False	5.23433	5.83006	5.31556	4.83549		
JOH-MSK-46727e7b-1	CC(C)C[C@H](NC(=O)OCc1ccccc1)C(=O)N[C@@H](CC1CCNC1=O)C(O)S(=O)(=O)O	Unassigned	JOH-MSK-46727e7b-1		False	False	7.29092	0.0511781	7.58738	0.0258596		
LON-WEI-4d77710c-1	COc1ccc(OC)c(CNC(=O)Nc2cn(C)c(=O)c3ccccc23)c1	Unassigned	LON-WEI-4d77710c-1		False	False			4.00436	99		
LON-WEI-4d77710c-2	O=S(=O)(Cc1ccccc1F)c1oc(-c2ccc(F)cc2)nc1S(=O)(=O)c1ccccc1	Unassigned	LON-WEI-4d77710c-2		False	False	6.40068	0.397483	7.00344	0.0992118		
LON-WEI-4d77710c-3	CC(C)N(C(=O)Cc1c(O)c2ccccc2[nH]c1=O)C(C)C	Unassigned	LON-WEI-4d77710c-3		False	False			4.00436	99		
LON-WEI-4d77710c-4	Cc1ccc(NC(=O)Nc2cn(CC(C)C)c(=O)c3ccccc23)c(Br)c1	3-aminopyridine-like	LON-WEI-4d77710c-4		False	False			4.00436	99		
LON-WEI-4d77710c-5	COc1ccc(NC(=O)Nc2cn(C)c(=O)c3ccccc23)cc1OC	3-aminopyridine-like	LON-WEI-4d77710c-5		False	False			4.00436	99		
LON-WEI-4d77710c-6	CC(=O)c1cccc(NC(=O)Nc2cn(C)c(=O)c3ccccc23)c1	3-aminopyridine-like	LON-WEI-4d77710c-6		False	False			4.00436	99		
LON-WEI-4d77710c-8	CCOC(=O)c1c(C)n(S(C)(=O)=O)c2ccc(N(C(=O)c3ccco3)S(C)(=O)=O)cc12	Unassigned	LON-WEI-4d77710c-8		False	False	6.55015	0.281744	6.83208	0.147204		
LON-WEI-4d77710c-9	Cc1cc(NC(=O)Nc2cn(CC(C)C)c(=O)c3ccccc23)no1	3-aminopyridine-like	LON-WEI-4d77710c-9		False	False			4.00436	99		
LON-WEI-4d77710c-10	O=C(NCc1ccc2c(c1)OCO2)c1nc(S(=O)(=O)Cc2ccccc2)ncc1Cl	Unassigned	LON-WEI-4d77710c-10		False	False	5.85479	1.39703	6.29315	0.509155		
LON-WEI-4d77710c-11	COC(=O)c1c(C)n(S(C)(=O)=O)c2ccc(N(C(=O)c3ccco3)S(C)(=O)=O)cc12	Unassigned	LON-WEI-4d77710c-11		False	False	6.02922	0.934926	6.47551	0.334574		
LON-WEI-4d77710c-12	CCOC(=O)c1ccc(NC(=O)Nc2cn(C)c(=O)c3ccccc23)cc1	3-aminopyridine-like	LON-WEI-4d77710c-12		False	False			4.00436	99		
LON-WEI-4d77710c-13	CC(C)Cn1cc(NC(=O)NCC2CCCO2)c2ccccc2c1=O	Unassigned	LON-WEI-4d77710c-13		False	False			4.00436	99		
LON-WEI-4d77710c-18	COc1ccc(NC(=O)Nc2cn(C)c(=O)c3ccccc23)c(OC)c1	3-aminopyridine-like	LON-WEI-4d77710c-18		False	False			4.00436	99		
LON-WEI-4d77710c-19	O=C(O)[C@@H](c1ccccc1)N1Cc2ccccc2C1=O	Unassigned	LON-WEI-4d77710c-19		False	False	5.74948	1.7804	5.93682	1.15659		
LON-WEI-4d77710c-20	CC(C)Cn1cc(NC(=O)NCCc2c[nH]c3ccccc23)c2ccccc2c1=O	Unassigned	LON-WEI-4d77710c-20		False	False			4.00436	99		
LON-WEI-4d77710c-21	Cc1cccnc1NC(=O)Nc1cn(CC(C)C)c(=O)c2ccccc12	3-aminopyridine-like	LON-WEI-4d77710c-21		False	False			4.00436	99		
LON-WEI-4d77710c-22	CC(C)Cn1cc(NC(=O)Nc2cccnc2)c2ccccc2c1=O	3-aminopyridine-like	LON-WEI-4d77710c-22		False	False			4.00436	99		
LON-WEI-4d77710c-24	CCOC(=O)c1cc(-c2ccccc2)sc1NC(=O)Cc1csc(-c2ccccc2)n1	3-aminopyridine-like	LON-WEI-4d77710c-24		False	False	5.33207	4.65508	5.57036	2.68929		
LON-WEI-4d77710c-26	CCCc1c(C)[nH]c2[nH]n(-c3ccccc3)c(=O)c2c1=O	Unassigned	LON-WEI-4d77710c-26		False	False			4.00436	99		
LON-WEI-4d77710c-27	CC(C)Cn1cc(NC(=O)NC2CCCCCC2)c2ccccc2c1=O	3-aminopyridine-like	LON-WEI-4d77710c-27		False	False			4.00436	99		
LON-WEI-4d77710c-28	COc1ccc(OC)c(CNC(=O)Nc2cn(CC(C)C)c(=O)c3ccccc23)c1	Unassigned	LON-WEI-4d77710c-28		False	False			4.00436	99		
LON-WEI-4d77710c-29	CCOC(=O)Cc1csc(NC(=O)Nc2cn(CC(C)C)c(=O)c3ccccc23)n1	3-aminopyridine-like	LON-WEI-4d77710c-29		False	False			4.00436	99		
LON-WEI-4d77710c-30	CC(C)Cn1cc(NC(=O)Nc2nc3ccccc3s2)c2ccccc2c1=O	3-aminopyridine-like	LON-WEI-4d77710c-30		False	False			4.00436	99		
LON-WEI-4d77710c-32	N#Cc1ccc(CN2CCC(C3CCNC3)CC2)cc1	Unassigned	LON-WEI-4d77710c-32		False	False	5.68645	2.05849	5.86626	1.36062		
LON-WEI-4d77710c-33	COc1cc2c(cc1OC)C(C)N(C(=O)Nc1cn(C)c(=O)c3ccccc13)CC2	Unassigned	LON-WEI-4d77710c-33		False	False			4.00436	99		
LON-WEI-4d77710c-36	COc1cc(Cl)c(C)cc1NC(=O)Nc1cn(C)c(=O)c2ccccc12	3-aminopyridine-like	LON-WEI-4d77710c-36		False	False			4.00436	99		
LON-WEI-4d77710c-37	CCN(CC)S(=O)(=O)c1ccc(NC(=O)Nc2cn(C)c(=O)c3ccccc23)cc1	3-aminopyridine-like	LON-WEI-4d77710c-37		False	False			4.00436	99		
LON-WEI-4d77710c-39	CC(CCc1ccco1)NC(=O)Nc1cn(C)c(=O)c2ccccc12	Unassigned	LON-WEI-4d77710c-39		False	False	4.35182	44.4816	4.00436	99		
LON-WEI-4d77710c-40	CC(C)Cn1cc(NC(=O)NCCC2=CCCCC2)c2ccccc2c1=O	Unassigned	LON-WEI-4d77710c-40		False	False			4.00436	99		
LON-WEI-4d77710c-41	COc1ccc(N2C(=O)CCS2(=O)=O)cc1S(=O)(=O)Nc1cccc2cccnc12	Unassigned	LON-WEI-4d77710c-41		False	False			4.00436	99		
LON-WEI-4d77710c-42	CC(C)Cn1cc(NC(=O)NC2CCCc3ccccc32)c2ccccc2c1=O	3-aminopyridine-like	LON-WEI-4d77710c-42		False	False			4.00436	99		
LON-WEI-4d77710c-43	COc1cc(Cl)c(C)cc1NC(=O)Nc1cn(CC(C)C)c(=O)c2ccccc12	3-aminopyridine-like	LON-WEI-4d77710c-43		False	False			4.00436	99		
LON-WEI-4d77710c-44	CC(C)Cn1cc(NC(=O)NCc2ccco2)c2ccccc2c1=O	Unassigned	LON-WEI-4d77710c-44		False	False	4.52808	29.643				
LON-WEI-4d77710c-48	COc1ccc(OC)c(CCNC(=O)Nc2cn(CC(C)C)c(=O)c3ccccc23)c1	Unassigned	LON-WEI-4d77710c-48		False	False			4.00436	99		
LON-WEI-4d77710c-49	Cn1cc(NC(=O)NCc2ccccn2)c2ccccc2c1=O	Unassigned	LON-WEI-4d77710c-49		False	False			4.00436	99		
LON-WEI-4d77710c-51	Cc1noc(C)c1CCNC(=O)Nc1cn(CC(C)C)c(=O)c2ccccc12	Unassigned	LON-WEI-4d77710c-51		False	False	4.55818	27.6581	4.00436	99		
LON-WEI-4d77710c-55	CC(C)Cn1cc(NC(=O)NCc2ccc3c(c2)OCO3)c2ccccc2c1=O	Unassigned	LON-WEI-4d77710c-55		False	False			4.00436	99		
LON-WEI-4d77710c-56	COC(=O)c1sccc1NC(=O)Nc1cn(CC(C)C)c(=O)c2ccccc12	3-aminopyridine-like	LON-WEI-4d77710c-56		False	False			4.00436	99		
LON-WEI-4d77710c-58	COc1ccc2nc(NC(=O)Nc3cn(CC(C)C)c(=O)c4ccccc34)sc2c1	3-aminopyridine-like	LON-WEI-4d77710c-58		False	False			4.00436	99		
LON-WEI-4d77710c-61	O=[N+]([O-])c1cnc(Sc2nnc(-c3ccco3)n2-c2ccc(OCc3ccccc3)cc2)s1	Unassigned	LON-WEI-4d77710c-61		False	False	5.13697	7.2951	6.18077	0.65952		
LON-WEI-4d77710c-62	Nc1n[nH]c2cc(O)nc(O)c12	Unassigned	LON-WEI-4d77710c-62		False	False			4.00436	99		
LON-WEI-4d77710c-63	COC(=O)c1c(C)nn(-c2ccccc2)c1-c1cc(C)on1	Unassigned	LON-WEI-4d77710c-63		False	False			4.00436	99		
LON-WEI-4d77710c-64	O=S(=O)(Nc1ccccc1SCc1cccc(Cl)c1F)c1cc(Cl)sc1Cl	Unassigned	LON-WEI-4d77710c-64		False	False	5.65196	2.22864	5.71691	1.91906		
LON-WEI-4d77710c-65	CC(C)(C)c1ccc(-c2nnc(Sc3cnc([N+](=O)[O-])s3)o2)cc1	Unassigned	LON-WEI-4d77710c-65		False	False	5.31583	4.83243	6.78461	0.164208		
LON-WEI-4d77710c-66	COC(=O)c1c(C)nn(C(=O)c2cccs2)c1-c1snnc1C	Unassigned	LON-WEI-4d77710c-66		False	False	5.24258	5.72029	6.28256	0.52172		
LON-WEI-4d77710c-67	O=[N+]([O-])c1cnc(Sc2nnc(-c3ccc(Cl)cc3)o2)s1	Unassigned	LON-WEI-4d77710c-67		False	False	6.05512	0.880807	6.49612	0.319067		
LON-WEI-4d77710c-69	O=C(Nc1cccc(C(F)(F)F)c1)Nc1ccccc1Sc1ncc([N+](=O)[O-])s1	3-aminopyridine-like	LON-WEI-4d77710c-69		False	False	5.20326	6.26234	6.66041	0.218572		
LON-WEI-4d77710c-70	N#Cc1cnn(C(=O)c2cccs2)c1C1CC1	Unassigned	LON-WEI-4d77710c-70		False	False	5.48977	3.23766	6.43988	0.363179		
LON-WEI-4d77710c-71	O=[N+]([O-])c1cnc(Sc2nccc(-c3cccnc3)n2)s1	Unassigned	LON-WEI-4d77710c-71		False	False			5.84256	1.43696		
LON-WEI-4d77710c-73	Cc1cc(C)c(C#N)c(Sc2ncnc3c2nnn3Cc2ccccc2)n1	Unassigned	LON-WEI-4d77710c-73		False	False	6.18753	0.649331	6.59277	0.255405		
LON-WEI-4d77710c-74	CCOC(=O)c1ccc(NC(=O)CC2SC(=O)N(c3ccccc3)C2=O)cc1	3-aminopyridine-like	LON-WEI-4d77710c-74		False	False	5.61993	2.3992	6.19728	0.634919		
LON-WEI-4d77710c-75	Cc1ccccc1NC(=O)CC1SC(=O)N(c2ccccc2)C1=O	3-aminopyridine-like	LON-WEI-4d77710c-75		False	False	6.35342	0.443179	6.1817	0.658114		
LON-WEI-4d77710c-76	c1ccc(-c2cc(Sc3nnc(-c4cccs4)o3)n3ncnc3n2)cc1	Unassigned	LON-WEI-4d77710c-76		False	False	6.65515	0.221232	6.81678	0.152483		
PET-UNK-7374c256-2	CN(C)c1ccc(N(Cc2ccn[nH]2)C(=O)Cn2nnc3ccccc32)cc1	3-aminopyridine-like	PET-UNK-7374c256-2	x11797	False	False	4.79762	15.9361	4.04212	90.7576		
CHO-MSK-6e55470f-5	Cc1noc(COc2cc(Cl)cc(CC(=O)Nc3cnccc3C)c2)n1	3-aminopyridine-like	CHO-MSK-6e55470f-5	x11723	False	False	4.62116	23.9245	4.61514	24.2584		
CHO-MSK-6e55470f-7	Cc1ccncc1NC(=O)Cc1cc(Cl)cc(OCc2nnc(C3CCCCC3)o2)c1	3-aminopyridine-like	CHO-MSK-6e55470f-7		False	False	4.68516	20.6464	4.87509	13.3324		
CHO-MSK-6e55470f-14	COc1cc(COc2cc(Cl)cc(CC(=O)Nc3cnccc3C)c2)ccc1OC(F)F	3-aminopyridine-like	CHO-MSK-6e55470f-14		False	False	4.00218	99.5	5.13111	7.39426		
CHO-MSK-6e55470f-17	CCOC(=O)c1c(COc2cc(Cl)cc(CC(=O)Nc3cnccc3C)c2)oc2ccccc12	3-aminopyridine-like	CHO-MSK-6e55470f-17		False	False	4.00218	99.5	4.00436	99		
CHO-MSK-6e55470f-19	Cc1ccncc1NC(=O)Cc1cc(Cl)cc(OCc2cc(-c3ccc(Cl)cc3)no2)c1	3-aminopyridine-like	CHO-MSK-6e55470f-19		False	False	4.00218	99.5	4.31184	48.7709		
CHO-MSK-6e55470f-21	Cc1ccncc1NC(=O)Cc1cc(Cl)cc(OCc2ccc(OCc3ccccc3F)cc2)c1	3-aminopyridine-like	CHO-MSK-6e55470f-21		False	False			4.00436	99		
CHO-MSK-6e55470f-22	COc1ccc(-c2cc(COc3cc(Cl)cc(CC(=O)Nc4cnccc4C)c3)on2)cc1	3-aminopyridine-like	CHO-MSK-6e55470f-22		False	False	4.14207	72.0998	4.86049	13.7881		
CHO-MSK-6e55470f-24	Cc1ccncc1NC(=O)Cc1cc(Cl)cc(OCc2nn(C(=O)OC(C)(C)C)c3ccccc23)c1	3-aminopyridine-like	CHO-MSK-6e55470f-24		False	False	4.00218	99.5	4.00436	99		
ALP-POS-87c86d55-1	CN(C)c1ccc(N(Cc2cscn2)C(=O)Cn2nnc3ccccc32)cc1	3-aminopyridine-like	ALP-POS-87c86d55-1	x12143	False	False	5.31411	4.85168	4.84476	14.297		
ALP-POS-87c86d55-2	CCC(=O)Nc1ccc(N(Cc2cscn2)C(=O)Cn2nnc3ccccc32)cc1	3-aminopyridine-like	ALP-POS-87c86d55-2		False	False	4.60275	24.9603	4.33651	46.0774		
MAT-POS-fa06b69f-6	O=C1OC(c2cccs2)=N/C1=C\c1ccc(N2CCOCC2)s1	Unassigned	MAT-POS-fa06b69f-6		False	False	6.15759	0.695683	6.15109	0.706179		
ALP-POS-a3de0cb1-1	CCC(=O)Nc1ccc(N(Cc2ccccc2)C(=O)Nn2nnc3ccccc32)cc1	3-aminopyridine-like	ALP-POS-a3de0cb1-1		False	False	5.44503	3.58899	5.42865	3.72689		
ALP-POS-a3de0cb1-3	COc1ccc(C(Cc2ccsc2)C(=O)Nc2n[nH]c3ccccc23)cc1	3-aminopyridine-like	ALP-POS-a3de0cb1-3		False	False	4.00218	99.5	4.00436	99		
ALP-POS-a3de0cb1-5	Cc1ccc(C(Cc2cnn(C)c2)C(=O)Nc2n[nH]c3ccccc23)cc1	3-aminopyridine-like	ALP-POS-a3de0cb1-5		False	False	4.00218	99.5				
ALP-POS-a3de0cb1-6	Cc1ccc(C(Cc2ccccc2)C(=O)Nc2nnn3ccccc23)cc1	3-aminopyridine-like	ALP-POS-a3de0cb1-6		False	False	4.00218	99.5	4.00436	99		
ALP-POS-a3de0cb1-7	CN(C)c1ccc(C(Cc2ccsc2)C(=O)Nn2cnc3ccccc32)cc1	3-aminopyridine-like	ALP-POS-a3de0cb1-7		False	False	4.00218	99.5	4.00436	99		
ALP-POS-a3de0cb1-10	CN(C)c1ccc(C(Cc2ccsc2)C(=O)Nc2nnc3ccccn23)cc1	3-aminopyridine-like	ALP-POS-a3de0cb1-10		False	False	4.00218	99.5	4.00436	99		
ALP-POS-a3de0cb1-12	O=C(Nn1cnc2ccccc21)C(Cc1cccc(Cl)c1)c1ccc(N2CCOCC2)cc1	3-aminopyridine-like	ALP-POS-a3de0cb1-12		False	False	4.00218	99.5	4.00436	99		
ALP-POS-a3de0cb1-13	O=C(Nn1nnc2ccccc21)C(Cc1cccc(Cl)c1)c1ccc(N2CCCCC2=O)cc1	3-aminopyridine-like	ALP-POS-a3de0cb1-13		False	False	4.29311	50.9205	4.08712	81.8242		
ALP-POS-a3de0cb1-14	COc1ccc(C(Cc2cnn(C)c2)C(=O)Nc2c[nH]c3ccccc23)cc1	3-aminopyridine-like	ALP-POS-a3de0cb1-14		False	False	4.00218	99.5	4.00436	99		
ALP-POS-a3de0cb1-15	COc1ccc(N(Cc2ccccc2)C(=O)Cc2c[nH]c3ccccc23)cc1	3-aminopyridine-like	ALP-POS-a3de0cb1-15		False	False	4.00218	99.5	4.00436	99		
ALP-POS-a3de0cb1-16	O=C1CCCCN1c1ccc(N(Cc2ccccc2)C(=O)Cc2n[nH]c3ccccc23)cc1	3-aminopyridine-like	ALP-POS-a3de0cb1-16		False	False	4.40412	39.4352				
ALP-POS-8ed8d9ec-13	O=C(Cc1nnn2ccccc12)N(Cc1ccccc1)c1ccc(N2CCCCC2)cc1	3-aminopyridine-like	ALP-POS-8ed8d9ec-13		False	False	4.00218	99.5				
ALP-POS-6747fa38-1	CC(=O)N1CCN(CC(=O)Nc2cncc3ccccc23)CC1	3-aminopyridine-like	ALP-POS-6747fa38-1	x11541	False	False	4.12162	75.575	4.13937	72.5482		
MAT-POS-1e5f28a7-1	COC(=O)C(C(=O)Nc1cnccc1C)c1cccc(Cl)c1	3-aminopyridine-like	MAT-POS-1e5f28a7-1	x11488	False	False	4.62503	23.7123	4.76722	17.0914		
MAT-POS-f7918075-2	O=C(Nc1cncc2ccccc12)C1COc2ccc(Cl)cc21	3-aminopyridine-like	MAT-POS-f7918075-2		False	False	6.11683	0.764139	6.29323	0.509059		
MAT-POS-f7918075-5	O=C(Cc1cccc(Cl)c1)Nc1cncc2ccncc12	3-aminopyridine-like	MAT-POS-f7918075-5	x11499	False	False	5.36924	4.27326	5.67152	2.1305		
MAT-POS-f7918075-8	O=C(Cc1cccc(Cl)c1)Nc1cncc2nc[nH]c12	3-aminopyridine-like	MAT-POS-f7918075-8	x11742	False	False	4.87743	13.2609	5.09871	7.96693		
ALP-POS-6d04362c-1	CN(C)c1ccc(N(Cc2ccccc2)C(=O)Cn2nnc3ccccc32)cc1	3-aminopyridine-like	ALP-POS-6d04362c-1	x12419	False	False	5.29643	5.05327	5.80548	1.56502		
ALP-POS-6d04362c-2	CN(C)c1ccc(N(Cc2cccc(Cl)c2)C(=O)Cn2nnc3ccccc32)cc1	3-aminopyridine-like	ALP-POS-6d04362c-2	x12423	False	False	6.30385	0.496759	6.40728	0.391491		
ALP-POS-6d04362c-3	O=C(Cn1nnc2ccccc21)N(Cc1ccsc1)c1ccc(N2CCCCC2)cc1	3-aminopyridine-like	ALP-POS-6d04362c-3		False	False	5.18301	6.56136	5.20152	6.28759		
ALP-POS-6d04362c-4	O=C(Cn1nnc2ccccc21)N(Cc1ccsc1)c1ccc(N2CCOCC2)cc1	3-aminopyridine-like	ALP-POS-6d04362c-4		False	False	4.93469	11.6229	4.67126	21.3174		
ALP-POS-6d04362c-5	O=C(Cn1nnc2ccccc21)N(Cc1ccccc1)c1ccc(N2CCOCC2)cc1	3-aminopyridine-like	ALP-POS-6d04362c-5		False	False	4.70419	19.7611	4.74072	18.1671		
MAT-POS-f42f3716-1	Cc1ccncc1NC(=O)Cc1cc(Cl)cc(-c2ccc(C3CC3(F)F)cc2)c1	3-aminopyridine-like	MAT-POS-f42f3716-1		False	False	5.07372	8.43885	5.54791	2.832		
MAT-POS-f42f3716-2	Cc1ccncc1NC(=O)Cc1cc(Cl)cc(-c2ccc(S(C)(=O)=O)cc2Cl)c1	3-aminopyridine-like	MAT-POS-f42f3716-2		False	False	4.00218	99.5	4.7089	19.548		
MAT-POS-f42f3716-3	COC(=O)c1ccc(-c2cc(Cl)cc(CC(=O)Nc3cnccc3C)c2)c(OC)c1	3-aminopyridine-like	MAT-POS-f42f3716-3		False	False	4.8795	13.1978	4.92125	11.988		
MAT-POS-f42f3716-4	CCc1cc(F)ccc1-c1cc(Cl)cc(CC(=O)Nc2cnccc2C)c1	3-aminopyridine-like	MAT-POS-f42f3716-4		False	False	4.50083	31.5625	4.58498	26.003		
MAT-POS-f42f3716-5	Cc1ccncc1NC(=O)Cc1cc(Cl)cc(-c2ccc(C3(C)CCO3)cc2)c1	3-aminopyridine-like	MAT-POS-f42f3716-5		False	False	5.04804	8.95275	4.81621	15.2682		
MAT-POS-f42f3716-6	Cc1ccncc1NC(=O)Cc1cc(Cl)cc(-c2ccc(C)c(F)c2F)c1	3-aminopyridine-like	MAT-POS-f42f3716-6	x11564	False	False	4.49594	31.9195	4.25041	56.1805		
MAT-POS-f42f3716-7	Cc1ccncc1NC(=O)Cc1cc(Cl)cc(-c2cnn(C)c2C(F)F)c1	3-aminopyridine-like	MAT-POS-f42f3716-7		False	False	4.71517	19.2679	4.79576	16.0044		
MAT-POS-f42f3716-8	Cc1ccncc1NC(=O)Cc1cc(Cl)cc(/C=C(/c2ccccc2)C(F)(F)F)c1	3-aminopyridine-like	MAT-POS-f42f3716-8		False	False	4.64267	22.7683	4.81467	15.3225		
MAT-POS-f42f3716-9	CCOC(=O)c1cc(-c2cc(Cl)cc(CC(=O)Nc3cnccc3C)c2)n[nH]1	3-aminopyridine-like	MAT-POS-f42f3716-9		False	False	4.00218	99.5	4.00436	99		
MAT-POS-044491d2-1	Cc1ccncc1NC(=O)Cc1cc(Cl)cc(NC2CCCC2O)c1	3-aminopyridine-like	MAT-POS-044491d2-1	x11764	False	False	4.70548	19.7025	4.41054	38.8559		
MAT-POS-044491d2-2	Cc1ccncc1NC(=O)Cc1cc(Cl)cc(NC2CCC(F)(F)C2O)c1	3-aminopyridine-like	MAT-POS-044491d2-2		False	False	4.63767	23.0318	4.58998	25.7053		
MAT-POS-044491d2-3	Cc1ccncc1NC(=O)Cc1cc(Cl)cc(NC2CC2C(F)(F)F)c1	3-aminopyridine-like	MAT-POS-044491d2-3	x12321	False	False	4.5966	25.3164	4.70499	19.7246		
MAT-POS-044491d2-6	Cc1ccncc1NC(=O)Cc1cc(Cl)cc(NC2(C)CCC(F)(F)CC2)c1	3-aminopyridine-like	MAT-POS-044491d2-6		False	False	4.83188	14.7271	4.34214	45.4843		
MAT-POS-044491d2-7	Cc1ccncc1NC(=O)Cc1cc(Cl)cc(NCC(C)(C)C#N)c1	3-aminopyridine-like	MAT-POS-044491d2-7	x12300	False	False	4.43733	36.5317	4.48309	32.878		
AAR-RCN-9f0de475-1	Cc1cc(C)[n+](C)c(C#N)n1	Unassigned	AAR-RCN-9f0de475-1		False	False	4.00218	99.5	4.00436	99		
AAR-RCN-390aeb1f-1	COc1cc(OC)[n+](C)c(C#N)n1	Unassigned	AAR-RCN-390aeb1f-1		False	False	4.00218	99.5	4.00436	99		
ALP-POS-f13221e1-2	O=C(COc1cccc(Cl)c1)Nc1cncc2ccccc12	Unassigned	ALP-POS-f13221e1-2		False	False	4.95185	11.1725	5.22067	6.01626		
ALP-POS-f13221e1-3	O=C(CCc1cccc(Cl)c1)Nc1cncc2ccccc12	Unassigned	ALP-POS-f13221e1-3		False	False	4.68207	20.7934	4.71392	19.323		
ALP-POS-f13221e1-4	Cc1ccncc1NC(=O)CCc1cccc(Cl)c1	Unassigned	ALP-POS-f13221e1-4	x11513	False	False	4.00218	99.5	4.00436	99		
MAT-POS-4211dce8-1	Cn1cc(NC(=O)Cc2cccc(Cl)c2)c2ccccc2c1=O	3-aminopyridine-like	MAT-POS-4211dce8-1		False	False	4.00218	99.5	4.00436	99		
MAT-POS-e10a589d-1	OCCn1c(CSc2nc3ccccc3o2)nc2ccc(Cl)cc21	Unassigned	MAT-POS-e10a589d-1		False	False	6.48585	0.326703	4.00436	99		
MAT-POS-e10a589d-4	N#Cc1ncn(CC(=O)Nc2ccc(Br)cc2Cl)n1	3-aminopyridine-like	MAT-POS-e10a589d-4		False	False	4.80325	15.7309	5.54226	2.86907		
MAT-POS-1e0c1c67-1	Cn1nc(-c2ccc(C(F)(F)F)cc2)nc2c(=O)n(C)c(=O)nc1-2	Unassigned	MAT-POS-1e0c1c67-1		False	False	5.61968	2.4006	4.00436	99		
AAR-RCN-dbf5c5ee-1	C[n+]1ccn(CCCc2cccc(Cl)c2)c1C#N	Unassigned	AAR-RCN-dbf5c5ee-1		False	False	4.00218	99.5	4.00436	99		
AAR-RCN-521d1733-1	C[n+]1ccn(CCc2cccc(Cl)c2)c1C#N	Unassigned	AAR-RCN-521d1733-1		False	False	4.00218	99.5				
AAR-RCN-845f9611-1	N#Cc1nccn1CCCc1cccc(Cl)c1	Unassigned	AAR-RCN-845f9611-1		False	False	4.00218	99.5	4.00436	99		
AAR-RCN-78cf61f7-1	CC(Cn1ccnc1C#N)c1cccc(Cl)c1	Unassigned	AAR-RCN-78cf61f7-1		False	False	4.00218	99.5	4.00436	99		
AAR-RCN-67438d21-1	CC1(C)OB(c2cnc(C#N)nc2)OC1(C)C	Unassigned	AAR-RCN-67438d21-1		False	False	4.00218	99.5	4.00436	99		
AAR-RCN-37d0aa00-1	N#Cc1nccc(Cl)n1	Unassigned	AAR-RCN-37d0aa00-1		False	False	4.00218	99.5	4.00436	99		
AAR-RCN-934be69e-1	N#Cc1ncc(Cl)cn1	Unassigned	AAR-RCN-934be69e-1		False	False	4.00218	99.5	4.00436	99		
AAR-RCN-ec065b93-1	N#Cc1ncc(F)cn1	Unassigned	AAR-RCN-ec065b93-1		False	False	4.00218	99.5	4.00436	99		
AAR-RCN-8752a6eb-1	Cc1cc(C)nc(C#N)n1	Unassigned	AAR-RCN-8752a6eb-1		False	False	4.00218	99.5	4.00436	99		
AAR-RCN-28a8122f-1	N#Cc1nccn1CCc1cccc(Cl)c1	Unassigned	AAR-RCN-28a8122f-1		False	False	4.00218	99.5	4.00436	99		
AAR-RCN-98de6bc7-1	N#Cc1ncc(Br)cn1	Unassigned	AAR-RCN-98de6bc7-1		False	False	4.00218	99.5	4.00436	99		
MAT-POS-bb423b95-1	O=C(Cc1cccc(Cl)c1)Nc1cncc2cnccc12	3-aminopyridine-like	MAT-POS-bb423b95-1	x11542	False	False	5.10009	7.94166	5.43075	3.70893		
MAT-POS-bb423b95-2	O=C(Cc1cccc(Cl)c1)Nc1cncc2cccnc12	3-aminopyridine-like	MAT-POS-bb423b95-2	x11530	False	False	5.15374	7.01875	5.20626	6.21925		
MAT-POS-bb423b95-5	CC(C)c1ccncc1NC(=O)Cc1cccc(Cl)c1	3-aminopyridine-like	MAT-POS-bb423b95-5		False	False	4.70977	19.509	4.57877	26.3771		
MAT-POS-bb423b95-6	O=C(Cc1cccc(Cl)c1)Nc1c[nH]c(=O)c2ccccc12	3-aminopyridine-like	MAT-POS-bb423b95-6		False	False	4.00218	99.5				
MAT-POS-bb423b95-7	CN(C(=O)Cc1cccc(Cl)c1)c1cncc2ccccc12	3-aminopyridine-like	MAT-POS-bb423b95-7	x11501	False	False	4.46384	34.3682	4.31701	48.1935		
MAT-POS-bb423b95-9	O=C(Cc1cccc(Cl)c1)Nc1cncc2c(Cl)cccc12	3-aminopyridine-like	MAT-POS-bb423b95-9		False	False	4.00218	99.5	4.00436	99		
MAT-POS-6da3605a-1	Cc1cc2c(cc1C)C(C(=O)N1CCCCC1c1cn[nH]c1)CO2	Unassigned	MAT-POS-6da3605a-1		False	False	4.00218	99.5	4.00436	99		
MAT-POS-6da3605a-2	OC(Cc1cccc(Cl)c1)Cn1cncn1	Unassigned	MAT-POS-6da3605a-2	x11426	False	False	4.18505	65.3054	4.00436	99		
MAT-POS-6344a35d-1	COc1cccc(Oc2cc(Cl)cc(NC(=O)Cc3cncc4ccccc34)c2)n1	3-aminopyridine-like	MAT-POS-6344a35d-1	x11642	False	False	5.42208	3.78369	5.99831	1.0039		
VLA-UCB-1dbca3b4-1	O=C(Cc1cccc(Cl)c1)NC1C(=O)Nc2ccccc21	Ugi	VLA-UCB-1dbca3b4-1		False	False	4.00218	99.5	4.00436	99		
VLA-UCB-1dbca3b4-15	O=C(Nc1cncc2ccccc12)C1CCOc2ccc(Cl)cc21	3-aminopyridine-like	VLA-UCB-1dbca3b4-15	x11498	False	False	6.44432	0.359483	6.37268	0.42396		
MAT-POS-9ff17035-1	O=C(Cc1cc(Cl)cc(OC2CCC(=O)N2)c1)Nc1cncc2ccccc12	3-aminopyridine-like	MAT-POS-9ff17035-1		False	False	4.06614	85.874				
MAT-POS-9ff17035-2	O=C(Cc1cc(Cl)cc(Oc2cccc(=O)[nH]2)c1)Nc1cncc2ccccc12	3-aminopyridine-like	MAT-POS-9ff17035-2		False	False	5.70429	1.97563				
MAT-POS-9ff17035-3	O=C(Cc1cc(Cl)cc(Oc2cccnc2)c1)Nc1cncc2ccccc12	3-aminopyridine-like	MAT-POS-9ff17035-3		False	False	5.88844	1.29288	5.83104	1.47559		
NIR-WEI-f9286bb6-1	C=CC(=O)N(Cc1ccccc1Cl)C(C(=O)NC)c1cncc2ccccc12	Ugi	NIR-WEI-f9286bb6-1		True	False	4.00218	99.5				
NIR-WEI-f9286bb6-2	C=CC(=O)N(Cc1ccccc1Cl)C(C(=O)NC(C)(C)C)c1cccnc1	Ugi	NIR-WEI-f9286bb6-2		True	False	4.00218	99.5	4.00436	99		
NIR-WEI-f9286bb6-3	C=CC(=O)N(Cc1ccccc1Cl)C(C(=O)NC)c1cccnc1	Ugi	NIR-WEI-f9286bb6-3		True	False	4.00218	99.5	4.00436	99		
NIR-WEI-f9286bb6-4	C=CC(=O)N(Cc1ccccc1Cl)C(C(=O)NC(C)(C)C)c1cncc2ccccc12	Ugi	NIR-WEI-f9286bb6-4		True	False	4.00218	99.5	4.00436	99		
AAR-RCN-748c104b-1	COc1cc(OC)nc(C#N)n1	Unassigned	AAR-RCN-748c104b-1		False	False	4.00218	99.5	4.00436	99		
MAT-POS-02ae579f-1	CC(C)(C)c1ccc(N(C(=O)c2ccco2)C(C(=O)NCCc2cccc(F)c2)c2ccccc2)cc1	Ugi	MAT-POS-02ae579f-1		False	False			4.00436	99		
MAT-POS-02ae579f-2	O=C(Nc1cccnc1)NC1(C#Cc2c[nH]cn2)CC1	3-aminopyridine-like	MAT-POS-02ae579f-2		False	False			4.3513	44.5352		
MIC-UNK-08cd9c58-1	O=C(Cc1cccc(Cl)c1)Nc1cncc2ncccc12	3-aminopyridine-like	MIC-UNK-08cd9c58-1	x11548	False	False	4.1732	67.1124	4.23712	57.927		
MAT-POS-0bc33984-1	CC1CCNC(=O)C1NC(=O)Cc1cccc(Cl)c1	Ugi	MAT-POS-0bc33984-1		False	False	4.35938	43.7143	4.00436	99		
MAT-POS-0bc33984-2	CC1(NC(=O)Cc2cccc(Cl)c2)CCNC1=O	Ugi	MAT-POS-0bc33984-2		False	False	4.00218	99.5	4.00436	99		
PET-UNK-8df914d1-2	O=C(Cc1cccc(Cl)c1)Nc1cnc2ccccn12	3-aminopyridine-like	PET-UNK-8df914d1-2	x11454	False	False	5.09507	8.03395				
PET-UNK-8df914d1-4	Cn1cncc1NC(=O)Cc1cccc(Cl)c1	3-aminopyridine-like	PET-UNK-8df914d1-4	x11473	False	False	4.02741	93.8839	4.00436	99		
EDJ-MED-c314995a-1	O=C(Nc1cncc2ccccc12)N(CCC1CCCCC1)c1cccc(Cl)c1	3-aminopyridine-like	EDJ-MED-c314995a-1		False	False	6.58391	0.260667	6.00837	0.980907		
EDJ-MED-976da9a6-1	O=C(Cc1cccc(Cl)c1)Nc1cncc2c1OCCC2	3-aminopyridine-like	EDJ-MED-976da9a6-1		False	False	4.91913	12.0468	5.00631	9.85585		
EDJ-MED-8698005e-1	CC(=O)NC(C)c1cc(Cl)cc(-c2ccc(S(N)(=O)=O)cc2)c1	Unassigned	EDJ-MED-8698005e-1		False	False	4.00218	99.5				
EDJ-MED-06d94977-1	CCC(=O)Nc1ccc(N(C)C(=O)Cn2nnc3ccccc32)cc1	3-aminopyridine-like	EDJ-MED-06d94977-1		False	False	4.00218	99.5	4.00436	99		
EDJ-MED-06d94977-2	CN(Cc1cccc(Cl)c1)C(=O)Cn1nnc2ccccc21	Unassigned	EDJ-MED-06d94977-2	x11432	False	False	4.00218	99.5	4.00436	99		
PET-UNK-c9c1e0d8-2	C#Cc1cccc(CC(=O)Nc2cncc3ccccc23)c1	3-aminopyridine-like	PET-UNK-c9c1e0d8-2	x11458	False	False	5.02764	9.38335				
PET-UNK-c9c1e0d8-3	O=C1C(c2cccc(Cl)c2)CCCN1c1cncc2ccccc12	3-aminopyridine-like	PET-UNK-c9c1e0d8-3		False	False	5.94252	1.1415	6.13571	0.731634		
PET-UNK-c9c1e0d8-4	O=C1C(c2cccc(Cl)c2)CCN1c1cncc2ccccc12	3-aminopyridine-like	PET-UNK-c9c1e0d8-4	N0066	False	False	5.89685	1.2681	6.06263	0.865708		
MAT-POS-3b92565d-1	COc1ccc(Cl)cc1CC(=O)Nc1cncc2ccccc12	3-aminopyridine-like	MAT-POS-3b92565d-1	x11609	False	False	5.91997	1.20236	5.87068	1.34684		
MAT-POS-3b92565d-6	O=C(Cc1cc(Cl)cc(OC2CC(=O)N2)c1)Nc1cc(=O)[nH]c2ccccc12	3-aminopyridine-like	MAT-POS-3b92565d-6		False	False	4.07945	83.281	4.00436	99		
RAL-THA-6b94ceba-1	Cc1ccncc1NC(=O)Cc1cc(Cl)cc(OCc2ncc[nH]2)c1	3-aminopyridine-like	RAL-THA-6b94ceba-1		False	False	4.00218	99.5	4.00436	99		
RAL-THA-6b94ceba-2	Cc1ccncc1NC(=O)Cc1cc(Cl)cc(OCc2ncn[nH]2)c1	3-aminopyridine-like	RAL-THA-6b94ceba-2		False	False	4.43144	37.0308	4.09143	81.0153		
RAL-THA-6b94ceba-5	CC(=O)NCc1cc(Cl)cc(CC(=O)Nc2cnccc2C)c1	3-aminopyridine-like	RAL-THA-6b94ceba-5	x11801	False	False	4.38373	41.33	4.25554	55.521		
RAL-THA-6b94ceba-7	CNC(=O)c1cc(Cl)cc(CC(=O)Nc2cnccc2C)c1	3-aminopyridine-like	RAL-THA-6b94ceba-7		False	False	4.28584	51.7795	4.35761	43.8929		
RAL-THA-6b94ceba-9	Cc1ccncc1NC(=O)Cc1cc(Cl)cc(-c2ncc[nH]2)c1	3-aminopyridine-like	RAL-THA-6b94ceba-9		False	False	4.00218	99.5	4.00436	99		
RAL-THA-6b94ceba-12	Cc1ccncc1NC(=O)Cc1cc(Cl)cc(CNS(C)(=O)=O)c1	3-aminopyridine-like	RAL-THA-6b94ceba-12		False	False	4.78025	16.5862	4.49199	32.2114		
RAL-THA-6b94ceba-13	Cc1ccncc1NC(=O)Cc1cc(Cl)cc(S(N)(=O)=O)c1	3-aminopyridine-like	RAL-THA-6b94ceba-13		False	False	4.83525	14.6133	4.88299	13.0921		
EDJ-MED-a364e151-1	O=C(Cc1cccc(Cl)c1)Nc1cncc2c1CCCC2	3-aminopyridine-like	EDJ-MED-a364e151-1	x11431	False	False	4.00218	99.5	5.73473	1.8419		
MAT-POS-2492181e-1	Cn1cc(NC(=O)NCCc2ccc(Cl)cc2)c2ccccc2c1=O	Unassigned	MAT-POS-2492181e-1		False	False			4.00436	99		
MAT-POS-2492181e-4	CC(C)Cn1cc(NC(=O)NCCc2ccc(Cl)cc2)c2ccccc2c1=O	Unassigned	MAT-POS-2492181e-4		False	False			4.01797	95.9469		
MAT-POS-2492181e-5	Cn1cc(NC(=O)NCCc2ccsc2)c2ccccc2c1=O	Unassigned	MAT-POS-2492181e-5		False	False			4.00436	99		
MAT-POS-2492181e-6	CC(C)Cn1cc(NC(=O)NCCCN2CCC(C)CC2)c2ccccc2c1=O	Unassigned	MAT-POS-2492181e-6		False	False			4.00769	98.2442		
MAT-POS-b5746674-34	CCCCN(CCNC(=O)Nc1cn(C)c(=O)c2ccccc12)Cc1ccco1	Unassigned	MAT-POS-b5746674-34		False	False			4.00436	99		
MAT-POS-b5746674-36	Cn1cc(NC(=O)N2CCN(C(=O)c3ccco3)CC2)c2ccccc2c1=O	Unassigned	MAT-POS-b5746674-36		False	False			4.00436	99		
MAT-POS-b5746674-37	Cn1cc(NC(=O)N(Cc2ccco2)CC2CCCO2)c2ccccc2c1=O	Unassigned	MAT-POS-b5746674-37		False	False			4.00436	99		
MAT-POS-b5746674-38	CC(C)OCCCN(Cc1ccco1)C(=O)Nc1cn(C)c(=O)c2ccccc12	Unassigned	MAT-POS-b5746674-38	x12350	False	False			4.00436	99		
MAT-POS-b5746674-42	CCc1ccccc1N(CC)C(=O)Nc1cn(C)c(=O)c2ccccc12	3-aminopyridine-like	MAT-POS-b5746674-42		False	False			4.00436	99		
MAT-POS-b5746674-78	COC(=O)c1c(NCCCc2ccccc2)c2cc(F)ccc2[nH]c1=O	Unassigned	MAT-POS-b5746674-78		False	False			4.16398	68.5515		
MAT-POS-b5746674-97	CCOC(=O)N1CCC(NC(=O)Nc2cn(C)c(=O)c3ccccc23)CC1	3-aminopyridine-like	MAT-POS-b5746674-97		False	False			4.00436	99		
MAT-POS-b5746674-98	Cn1cc(NC(=O)NCCCN2CCc3ccccc3C2)c2ccccc2c1=O	Unassigned	MAT-POS-b5746674-98		False	False			4.00436	99		
MAT-POS-b5746674-100	CC(C)Cn1cc(NC(=O)NCCCN2CCCC2=O)c2ccccc2c1=O	Unassigned	MAT-POS-b5746674-100		False	False			4.00436	99		
MAT-POS-b5746674-101	CC(C)Cn1cc(NC(=O)N2CCC(c3ccccc3)C2)c2ccccc2c1=O	Unassigned	MAT-POS-b5746674-101		False	False			4.00436	99		
MAT-POS-b5746674-102	CCCCN(CCCNC(=O)Nc1cn(CC(C)C)c(=O)c2ccccc12)c1ccccc1	Unassigned	MAT-POS-b5746674-102		False	False			4.08254	82.6908		
MAT-POS-b5746674-107	CC(C)Cn1cc(NC(=O)N2CCC(Cc3ccccc3)CC2)c2ccccc2c1=O	Unassigned	MAT-POS-b5746674-107		False	False			4.00436	99		
MAT-POS-b5746674-108	Cc1ccc(CN2CCC(CNC(=O)Nc3cn(CC(C)C)c(=O)c4ccccc34)C2)cc1	Unassigned	MAT-POS-b5746674-108		False	False			4.03463	92.3348		
MAT-POS-b5746674-109	CC(C)Cn1cc(NC(=O)NCCN2CCOCC2)c2ccccc2c1=O	Unassigned	MAT-POS-b5746674-109		False	False			4.00436	99		
MAT-POS-ea426761-9	COc1cccc(C2=N/C(=C/c3sccc3C)C(=O)O2)c1	Unassigned	MAT-POS-ea426761-9		False	False	5.93178	1.17008	5.29489	5.07117		
MAT-POS-ea426761-10	COc1cccc(C(=O)Nc2n[nH]c(SCc3ccc(Cl)cc3)n2)c1	Unassigned	MAT-POS-ea426761-10		False	False			6.69858	0.200179		
MAT-POS-ea426761-13	O=c1oc(Nc2ccccc2)nc2ccccc12	Unassigned	MAT-POS-ea426761-13		False	False	5.80428	1.56934	6.44029	0.362832		
MAT-POS-ea426761-45	O=C(Cc1ccsc1)N1CCN(c2cc(-c3cccs3)n[nH]2)CC1	Unassigned	MAT-POS-ea426761-45		False	False			4.10675	78.2085		
MAT-POS-ea426761-49	CCCCc1nc(-c2nccn2CC(F)(F)F)c[nH]1	Unassigned	MAT-POS-ea426761-49		False	False	4.63729	23.052	4.00436	99		
MAT-POS-ea426761-52	CCCCc1nc(-c2nccn2CCc2ccccn2)c[nH]1	Unassigned	MAT-POS-ea426761-52		False	False	4.66267	21.7433	4.00436	99		
MAT-POS-ea426761-53	CCCCc1nc(-c2nccn2Cc2ccoc2)c[nH]1	Unassigned	MAT-POS-ea426761-53		False	False	4.84339	14.3421				
EDJ-MED-50fe53e8-1	O=C(Cc1cccc(Cl)c1)Nc1nncc2ccccc12	3-aminopyridine-like	EDJ-MED-50fe53e8-1	x11508	False	False	4.66451	21.6514				
EDJ-MED-50fe53e8-2	O=C(Cc1cccc(Cl)c1)Nc1cnnc2ccccc12	3-aminopyridine-like	EDJ-MED-50fe53e8-2		False	False	4.00218	99.5	4.00436	99		
EDJ-MED-50fe53e8-3	O=C(Cc1cccc(Cl)c1)Nc1ncn2ccccc12	3-aminopyridine-like	EDJ-MED-50fe53e8-3	x11493	False	False	4.00218	99.5	4.00436	99		
EDJ-MED-00c1612e-1	COc1ccc2cncc(NC(=O)Cc3cccc(Cl)c3)c2c1	3-aminopyridine-like	EDJ-MED-00c1612e-1		False	False	6.04682	0.8978	6.25964	0.549994		
ALP-POS-0c2c77e1-1	O=C(Cc1cccc(Cl)c1)Nc1cnccc1-c1ccccc1	3-aminopyridine-like	ALP-POS-0c2c77e1-1	x11507	False	False	4.38836	40.8917	4.59974	25.1338		
ALP-POS-3b848b35-2	O=C(Cc1cc(Cl)cc(OC2CC(=O)N2)c1)Nc1cncc2ccccc12	3-aminopyridine-like	ALP-POS-3b848b35-2		False	False	6.67344	0.212109	6.80339	0.157257		
LON-WEI-2e27a2e5-1	CC(C)(C)c1ccc(N(C(=O)c2ccco2)C(C(=O)NCCc2cccc(F)c2)c2cccnc2)cc1	Ugi	LON-WEI-2e27a2e5-1		False	False	5.56565	2.71862	6.34432	0.452568		
LON-WEI-2e27a2e5-2	CC(C)(C)c1ccc(N(C(=O)c2cccnc2)C(C(=O)NCCc2cccc(F)c2)c2cccnc2)cc1	Ugi	LON-WEI-2e27a2e5-2		False	False			4.00436	99		
MAT-POS-06036648-5	CNc1ccc(N(C(=O)Cn2nnc3ccccc32)c2cccc(Cl)c2)cc1	3-aminopyridine-like	MAT-POS-06036648-5		False	False	5.27267	5.33746	4.97635	10.5597		
JOH-UNI-591f77bd-1	COC(=O)C(c1ccccc1Cl)N1CCC(S)/C(=C/C(=O)O)C1	Unassigned	JOH-UNI-591f77bd-1		False	False			4.00436	99		
EDJ-MED-0e996074-1	O=C(Nc1nncn1C1CC1)C1CCOc2ccccc21	3-aminopyridine-like	EDJ-MED-0e996074-1	x11159	False	False			4.00436	99		
MAT-POS-c0143b99-1	C=CC(=O)N(Cc1cccc(Cl)c1)C(C(=O)NCCc1cccc(F)c1)c1cnccc1C	Ugi	MAT-POS-c0143b99-1		True	False	4.00218	99.5	4.00436	99		
ALP-POS-05819dc4-1	COc1ccc(Cl)cc1OCCNC(=O)c1cc(=O)[nH]c2ccccc12	quinolones	ALP-POS-05819dc4-1		False	False	4.00218	99.5	6.16004	0.691763		
WIL-UNI-2e73223c-4	Cc1ccncc1OCCNC(=O)C(C)(C)c1cccc(Cl)c1	Unassigned	WIL-UNI-2e73223c-4		False	False	4.00218	99.5	4.00436	99		
ALP-POS-ddb41b15-1	Cc1ccncc1NC(=O)C(C(=O)c1cc(=O)[nH]c2ccccc12)c1cccc(Cl)c1	3-aminopyridine-like	ALP-POS-ddb41b15-1		False	False	4.80134	15.8	4.64069	22.8724		
ALP-POS-ddb41b15-3	CN(C)c1cncc(CN(C(=O)c2cc(=O)[nH]c3ccccc23)c2cccc(Cl)c2)c1	quinolones	ALP-POS-ddb41b15-3		False	False	4.23873	57.7128	4.00436	99		
ALP-POS-ddb41b15-4	COc1cccc(CCN(C(=O)c2cc(=O)[nH]c3ccccc23)c2cccc(Cl)c2)c1	quinolones	ALP-POS-ddb41b15-4		False	False	5.39007	4.07314	4.00436	99		
ALP-POS-ddb41b15-8	Cn1c(C(NC(=O)Cc2cc3ccccc3[nH]2)c2cccc(Cl)c2)nc2ccccc21	Unassigned	ALP-POS-ddb41b15-8		False	False	4.00218	99.5	4.50364	31.3592		
ALP-POS-ddb41b15-9	COc1cccc(C(NC(=O)Cc2cccc(Cl)c2)c2nc3ccccc3[nH]2)c1	Unassigned	ALP-POS-ddb41b15-9		False	False	4.00218	99.5				
MIC-UNK-fc94cdb5-1	O=C1CC(NC(=O)Cc2cccc(Cl)c2)C(=O)N1	Ugi	MIC-UNK-fc94cdb5-1		False	False	4.00218	99.5	4.00436	99		
MIC-UNK-4c7b8ba7-1	O=C(Cc1cccc(Cl)c1)NC1CCCNC1=O	Ugi	MIC-UNK-4c7b8ba7-1		False	False	4.00218	99.5	4.00436	99		
MIC-UNK-42806bd5-2	O=C1CC(NC(=O)Cc2cccc(Cl)c2)CN1	3-aminopyridine-like	MIC-UNK-42806bd5-2		False	False			4.00436	99		
MIC-UNK-42806bd5-3	O=C1CC(NC(=O)C2CCOc3ccc(Cl)cc32)CN1	3-aminopyridine-like	MIC-UNK-42806bd5-3		False	False	4.00218	99.5				
LOR-NOR-30067bb9-2	Cc1cccc(COC(=O)c2cccc3c2NC(=O)C3=O)c1	Isatins	LOR-NOR-30067bb9-2		False	False			4.76227	17.2876		
LOR-NOR-30067bb9-5	Cc1ccc(OCCN2C(=O)C(=O)c3cccc(Cl)c32)cc1	Isatins	LOR-NOR-30067bb9-5		False	False			5.66831	2.1463		
LOR-NOR-30067bb9-6	CCOc1ccccc1CN1C(=O)C(=O)c2cc(Br)ccc21	Isatins	LOR-NOR-30067bb9-6		False	False			4.90631	12.4077		
LOR-NOR-30067bb9-7	COc1ccc(CN2C(=O)C(=O)c3cc(Br)cc(C)c32)cc1OC	Isatins	LOR-NOR-30067bb9-7		False	False			5.90988	1.2306		
LOR-NOR-30067bb9-8	Cc1cccc(NC(=O)CN2C(=O)C(=O)c3ccccc32)c1	Ugi	LOR-NOR-30067bb9-8		False	False			4.37301	42.3633		
LOR-NOR-30067bb9-10	N#Cc1ccc(CN2C(=O)C(=O)c3cccc(Br)c32)c(F)c1	Isatins	LOR-NOR-30067bb9-10		False	False			4.84495	14.2905		
LOR-NOR-30067bb9-11	N#Cc1cccc(CN2C(=O)C(=O)c3cccc(Br)c32)c1	Isatins	LOR-NOR-30067bb9-11		False	False			7.76922	0.0170131		
LOR-NOR-30067bb9-13	O=C1Nc2ccc(OCCF)cc2C1=O	Isatins	LOR-NOR-30067bb9-13		False	False			4.3445	45.2374		
LOR-NOR-30067bb9-15	COC(=O)c1cc(Br)cc2c1NC(=O)C2=O	Isatins	LOR-NOR-30067bb9-15		False	False			4.37333	42.3324		
LOR-NOR-30067bb9-18	O=C1C(=O)N(Cc2ncon2)c2ccc(Br)cc21	Isatins	LOR-NOR-30067bb9-18		False	False			5.42085	3.79449		
JAN-GHE-74b8b0cb-1	O=C1CC(Oc2cc(Cl)cc(CC(=O)Nn3cnc4ccccc4c3=O)c2)N1	3-aminopyridine-like	JAN-GHE-74b8b0cb-1		False	False	4.00218	99.5	4.00436	99		
MAT-POS-c478e61b-1	O=C1CC(Oc2cc(Cl)cc(CC(=O)Nn3cnc4ccccc43)c2)N1	3-aminopyridine-like	MAT-POS-c478e61b-1		False	False	4.08556	82.1185	4.00436	99		
MAT-POS-c9973a83-1	COc1cc(Cl)cc(CC(=O)Nc2cnccc2C)c1	3-aminopyridine-like	MAT-POS-c9973a83-1	x11271	False	False	4.43436	36.7823	4.36049	43.6028		
COM-UCB-8c7d23dc-1	O=C(COc1ccccc1F)Nc1ncnc2[nH]cnc12	Unassigned	COM-UCB-8c7d23dc-1		False	False			4.00436	99		
COM-UCB-8c7d23dc-6	O=C1C(Nc2ncnc3[nH]cnc23)CCN1Cc1ccccc1	Unassigned	COM-UCB-8c7d23dc-6		False	False			4.00436	99		
COM-UCB-8c7d23dc-7	Cn1c(-c2ccc(NC(=O)C3CCCCC(=O)N3)cc2)nc2ccccc21	Ugi	COM-UCB-8c7d23dc-7		False	False			4.00436	99		
COM-UCB-8c7d23dc-12	Cc1[nH]c2ncnc(NC(=O)c3cc4ccccc4c(=O)o3)c2c1C	Unassigned	COM-UCB-8c7d23dc-12		False	False			4.00436	99		
COM-UCB-8c7d23dc-13	O=C1CCCCC(C(=O)Nc2ccc(-c3nc[nH]n3)cc2F)N1	Ugi	COM-UCB-8c7d23dc-13		False	False			4.00436	99		
COM-UCB-8c7d23dc-15	O=C(Nc1c[nH]nc1-c1ccccn1)c1cccc2nccn12	Unassigned	COM-UCB-8c7d23dc-15		False	False			4.00436	99		
COM-UCB-8c7d23dc-16	Cc1[nH]c2ncnc(NC(=O)C3CCN(c4ccc(Cl)cn4)CC3)c2c1C	Unassigned	COM-UCB-8c7d23dc-16		False	False			4.00436	99		
ALP-POS-3fc1724e-1	COc1c(Cl)cccc1OCCNC(=O)c1cc(=O)[nH]c2ccccc12	quinolones	ALP-POS-3fc1724e-1		False	False	5.19459	6.38861	4.78137	16.5435		
MAR-TRE-6a44bbf2-24	Cc1noc(C)c1S(=O)(=O)N1CCN(C(=O)CCl)CC1	piperazine-chloroacetamide	MAR-TRE-6a44bbf2-24		False	True	5.39117	4.06286				
WIL-MOD-03b86a88-2	Cc1ccncc1NC(=O)Cc1cc(Cl)cc(C2COC2)c1	3-aminopyridine-like	WIL-MOD-03b86a88-2		False	False	4.71917	19.0909	4.24486	56.9033		
WIL-MOD-03b86a88-4	Cc1ccncc1NC(=O)Cc1cc(Cl)cc(OC2COC2)c1	3-aminopyridine-like	WIL-MOD-03b86a88-4		False	False	4.79715	15.9534	4.81583	15.2817		
WIL-MOD-03b86a88-5	Cc1ccncc1NC(=O)Cc1cc(Cl)cc(NS(C)(=O)=O)c1	3-aminopyridine-like	WIL-MOD-03b86a88-5		False	False	4.6616	21.7972				
WIL-MOD-03b86a88-6	Cc1ccncc1NC(=O)Cc1cc(Cl)cc(NS(N)(=O)=O)c1	3-aminopyridine-like	WIL-MOD-03b86a88-6	x11743	False	False	4.94859	11.2566	4.83948	14.4718		
JAG-UCB-119787ef-1	O=C(Nc1nncn1C1CC1)[C@@H]1CCOc2ccc(Cl)cc21	3-aminopyridine-like	JAG-UCB-119787ef-1	x10898	False	False			4.00436	99	99	
MAT-POS-968e8d9c-1	O=C(Nc1nncn1C1CC1)[C@H]1CCOc2ccc(Cl)cc21	3-aminopyridine-like	MAT-POS-968e8d9c-1	x10906	False	False			4.00436	99	99	
BRU-THA-a358fbdd-7	O=C(Nc1nncn1C1CC1)C1CCOc2c(F)cccc21	3-aminopyridine-like	BRU-THA-a358fbdd-7		False	False			4.00436	99		
JAG-UCB-c61058a9-45	O=C(Nc1cc(=O)[nH]c2ccccc12)C1CCOc2ccc(Cl)cc21	3-aminopyridine-like	JAG-UCB-c61058a9-45		False	False	4.00218	99.5	4.31859	48.0182		
TAT-ENA-80bfd3e5-1	CN(C)S(=O)(=O)c1cccc(C(=O)Nc2c(-c3ccccc3)nc3sccn23)c1	Unassigned	TAT-ENA-80bfd3e5-1		False	False	6.01108	0.974821	4.00436	99		
TAT-ENA-80bfd3e5-4	Cc1c(C(=O)CCl)c2ccccn2c1C(=O)c1ccc(F)cc1	Unassigned	TAT-ENA-80bfd3e5-4	x11590	False	False	6.14319	0.719126	6.15089	0.706489		
TAT-ENA-80bfd3e5-7	CSC1=C(C#N)C2(CCCCC2)C(C#N)=C(NC(=O)CCl)N1	Unassigned	TAT-ENA-80bfd3e5-7	x11579	False	True	5.90457	1.24574	5.81744	1.52251		
TAT-ENA-80bfd3e5-32	Cc1cc(C(=O)CCl)c(C)n1CC1COc2ccccc2O1	Unassigned	TAT-ENA-80bfd3e5-32		False	False	5.55006	2.81798	5.38164	4.153		
TAT-ENA-80bfd3e5-36	CCN(c1ccccc1)S(=O)(=O)c1ccc(OC)c(NC(=O)CCl)c1	Unassigned	TAT-ENA-80bfd3e5-36		False	True	5.49096	3.2288	5.1576	6.95659		
TAT-ENA-80bfd3e5-37	Cc1cc(C(=O)CCl)c(C)n1NC(=O)c1n[nH]c(=O)c2ccccc12	Unassigned	TAT-ENA-80bfd3e5-37	x11587	False	False	5.21801	6.0532				
TAT-ENA-80bfd3e5-42	CN(CC(=O)Nc1ccccc1Br)C(=O)CCl	Ugi	TAT-ENA-80bfd3e5-42		False	True	5.22888	5.90361				
TAT-ENA-80bfd3e5-45	CS(=O)(=O)Nc1cccc(C2=NN(C(=O)CCl)C(c3ccccc3)C2)c1	Unassigned	TAT-ENA-80bfd3e5-45		False	True	5.23428	5.83066				
BRU-CON-c4e3408a-1	Cc1ccncc1NC(=O)C1CCOc2ccc(Cl)cc21	3-aminopyridine-like	BRU-CON-c4e3408a-1		False	False	5.10883	7.78347				
LON-WEI-0a73fcb8-7	O=C(Nc1cnccc1CO)C1CCOc2ccc(Cl)cc21	3-aminopyridine-like	LON-WEI-0a73fcb8-7	x10942	False	False	4.86417	13.672	4.17815	66.3508	99	7.24108
NAU-LAT-8502cac5-8	O=C(Nc1nncn1C1CC1)C1CCS(=O)(=O)c2ccccc21	3-aminopyridine-like	NAU-LAT-8502cac5-8		False	False	4.16203	68.8612	4.57116	26.8438		
ADA-UCB-6c2cb422-1	O=C(Cc1cccc(Cl)c1)Nc1cncc2ccccc12	3-aminopyridine-like	ADA-UCB-6c2cb422-1	x10959	False	False	6.13775	0.728206	5.97604	1.05672	99	135.95
ADA-UCB-6c2cb422-3	Cc1ccncc1CC(=O)Nc1cccc2c1CNCC2	3-aminopyridine-like	ADA-UCB-6c2cb422-3	x11354	False	False			4.00436	99		
JAG-UCB-c37fbdcd-2	COc1ccc(Cl)cc1N1C(=O)CN(Cc2cc(=O)[nH]c3ccccc23)C1=O	Unassigned	JAG-UCB-c37fbdcd-2		False	False	4.00218	99.5	4.00436	99		
ERI-UCB-ce40166b-6	O=C(Cc1cncc2ccccc12)Nc1cc(Cl)cc(OC2CCC(=O)N2)c1	3-aminopyridine-like	ERI-UCB-ce40166b-6		False	False	4.41597	38.3738	4.713	19.3644		
ERI-UCB-ce40166b-17	O=C1CC(Oc2cc(Cl)cc(OCCNC(=O)c3cc(=O)[nH]c4ccccc34)c2)N1	quinolones	ERI-UCB-ce40166b-17	N0029	False	False	5.95706	1.10393	5.92807	1.18014		
VLA-UCB-00f2c2b3-2	Cc1ccncc1NC(=O)Cc1ccc2[nH]ncc2c1	3-aminopyridine-like	VLA-UCB-00f2c2b3-2		False	False			4.00436	99		
VLA-UCB-00f2c2b3-7	O=C(Cc1cccc(Cl)c1)Nc1cccc2[nH]ncc12	3-aminopyridine-like	VLA-UCB-00f2c2b3-7	x11424	False	False	4.00218	99.5	4.62703	23.6029		
PET-UNK-bbe8d7ff-2	Cc1ccncc1N(CC#N)C(=O)Cc1cccc(Cl)c1	3-aminopyridine-like	PET-UNK-bbe8d7ff-2		False	False	4.00218	99.5				
LON-WEI-ff7b210a-4	CS(=O)(=O)c1ncc(Cl)c(C(=O)Nc2ccccc2Cc2ccccc2)n1	Unassigned	LON-WEI-ff7b210a-4		False	False	6.29715	0.504482	6.083	0.826041		
LON-WEI-ff7b210a-5	CCOC(=O)c1nc(S(C)(=O)=O)ncc1Cl	Unassigned	LON-WEI-ff7b210a-5		False	False	5.79561	1.60098	5.98335	1.03908	99	61.837
LON-WEI-ff7b210a-10	CCn1c(CSc2nc(C)c(C)n2CC2CCCO2)nc2cc(S(=O)(=O)N(C)C)ccc21	Unassigned	LON-WEI-ff7b210a-10		False	False			4.00436	99		
ALP-POS-d2866bdf-1	CN(C)c1ccc(N(Cc2ccsc2)C(=O)Cn2nnc3ccccc32)cc1	3-aminopyridine-like	ALP-POS-d2866bdf-1	x10876	False	False	5.74624	1.79372	5.27012	5.36883	99	55.1924
MIC-UNK-66895286-1	O=C(Cc1cccc(Cl)c1)Nc1cn[nH]c1	3-aminopyridine-like	MIC-UNK-66895286-1	x11532	False	False	4.00218	99.5	4.00436	99		
MIC-UNK-66895286-3	Cc1[nH]ncc1CC(=O)Nc1cccc(Cl)c1	3-aminopyridine-like	MIC-UNK-66895286-3	x11540	False	False	4.26276	54.6064	4.00436	99		
ROD-LAS-d5538ff9-8	CCCc1cc2c(cc1S(=O)(=O)N1CCN(c3ccccc3)CC1)OCO2	Unassigned	ROD-LAS-d5538ff9-8		False	False			4.79671	15.9694		
JAG-UCB-77729364-1	Cc1cc2c(N)nc(=O)n(CC(=O)Nc3cccc(Cl)c3)c2s1	3-aminopyridine-like	JAG-UCB-77729364-1		False	False	4.00218	99.5	4.00436	99		
LON-WEI-babf2c61-1	C=CC(=O)N(c1ccc(C(C)(C)C)cc1)C(C(=O)NCCc1cccc(F)c1)c1cncc(Cl)c1	Ugi	LON-WEI-babf2c61-1		True	False	4.94007	11.4798	5.67514	2.1128	99	8.62387
LON-WEI-babf2c61-2	C=CC(=O)N(c1ccc(C(C)(C)C)cc1)C(C(=O)NCCc1cccc(F)c1)c1cncc(C)c1	Ugi	LON-WEI-babf2c61-2		True	False	4.93487	11.6181	4.00436	99	99	8.52122
LON-WEI-babf2c61-3	C=CC(=O)N(c1ccc(C(C)(C)C)cc1)C(C(=O)NCCc1cccc(F)c1)c1cncc(C#N)c1	Ugi	LON-WEI-babf2c61-3		True	False	5.12623	7.47777	5.60774	2.46752	99	13.2392
LON-WEI-babf2c61-4	C=CC(=O)N(c1ccc(C(C)(C)C)cc1)C(C(=O)NCCc1cccc(F)c1)c1cncc(O)c1	Ugi	LON-WEI-babf2c61-4		True	False			4.58151	26.2113		
LON-WEI-babf2c61-5	C=CC(=O)N(c1ccc(C(F)(F)F)cc1)C(C(=O)NCCc1cccc(F)c1)c1cncc(Cl)c1	Ugi	LON-WEI-babf2c61-5		True	False	4.62121	23.9215	5.31493	4.84251	99	4.13854
LON-WEI-babf2c61-6	C=CC(=O)N(c1ccc(C(F)(F)F)cc1)C(C(=O)NCCc1cccc(F)c1)c1cncc(C)c1	Ugi	LON-WEI-babf2c61-6		True	False	4.61423	24.3092	5.11235	7.72056	99	4.07253
LON-WEI-babf2c61-7	C=CC(=O)N(c1ccc(C(F)(F)F)cc1)C(C(=O)NCCc1cccc(F)c1)c1cncc(C#N)c1	Ugi	LON-WEI-babf2c61-7		True	False	4.95367	11.1257	5.5211	3.01233	99	8.89829
LON-WEI-babf2c61-8	C=CC(=O)N(c1ccc(C(F)(F)F)cc1)C(C(=O)NCCc1cccc(F)c1)c1cncc(O)c1	Ugi	LON-WEI-babf2c61-8		True	False			4.76105	17.3362		
LON-WEI-babf2c61-9	C=CC(=O)N(c1ccc(C(F)(F)F)cc1)C(C(=O)NCCc1cccc(F)c1)c1cccnc1	Ugi	LON-WEI-babf2c61-9		True	False	4.69637	20.1203	5.21346	6.11696	99	4.92041
LON-WEI-babf2c61-10	C=CC(=O)N(c1cc(C(C)(C)C)on1)C(C(=O)NCCc1cccc(F)c1)c1cccnc1	Ugi	LON-WEI-babf2c61-10		True	False			4.9641	10.8617		
LON-WEI-babf2c61-11	C=CC(=O)N(c1cc(C(C)(C)C)on1)C(C(=O)NCCc1cccc(F)c1)c1cncc(Cl)c1	Ugi	LON-WEI-babf2c61-11		True	False			5.32083	4.77712		
LON-WEI-babf2c61-12	C=CC(=O)N(c1cc(C(C)(C)C)on1)C(C(=O)NCCc1cccc(F)c1)c1cncc(O)c1	Ugi	LON-WEI-babf2c61-12		True	False	4.00218	99.5				
LON-WEI-babf2c61-14	C=CC(=O)N(c1cc(C(C)(C)C)on1)C(C(=O)NCCc1cccc(F)c1)c1cncc(C#N)c1	Ugi	LON-WEI-babf2c61-14		True	False	4.00218	99.5	4.97669	10.5514		
DAR-DIA-8e329c92-2	COc1ccccc1OCCNC(=O)c1cc(N)cc2ccccc12	Unassigned	DAR-DIA-8e329c92-2		False	False	4.00218	99.5				
JAG-UCB-1d922829-1	Cc1ccc(NC2=C(c3ccccc3)C(=O)N(Cc3cccnc3)C2=O)cc1C	Unassigned	JAG-UCB-1d922829-1		False	False	4.00218	99.5	4.36135	43.516		
JAG-UCB-1d922829-2	Cc1ccc(NC2=C(c3ccccc3)C(=O)N(Cc3cccnc3)C2=O)c(C)c1	Unassigned	JAG-UCB-1d922829-2		False	False	4.00218	99.5	4.26285	54.5943		
JAG-UCB-1d922829-3	Cc1ccc(NC2=C(c3ccccc3)C(=O)N(Cc3cccnc3)C2=O)cc1Cl	Unassigned	JAG-UCB-1d922829-3		False	False	4.00218	99.5	4.49156	32.2434		
JAG-UCB-1d922829-4	CC(=O)N(CC(=O)Nc1ccc(F)c(Cl)c1)c1cccc(Cl)c1	Ugi	JAG-UCB-1d922829-4		False	False	4.00218	99.5	4.00436	99		
JAG-UCB-1d922829-5	CC(=O)N(CC(=O)Nc1ccc(F)c(Cl)c1)c1cccc(C#N)c1	Ugi	JAG-UCB-1d922829-5		False	False	4.00218	99.5	4.00436	99		
JAG-UCB-1d922829-6	CC(=O)N(CC(=O)Nc1ccc(F)c(Cl)c1)c1cccc(C(F)(F)F)c1	Ugi	JAG-UCB-1d922829-6		False	False	4.00218	99.5	4.00436	99		
JAG-UCB-ef2c0e8e-4	Cc1ccc(-n2ncc3c(=O)n(CC(N)=O)cnc32)cc1C	Unassigned	JAG-UCB-ef2c0e8e-4		False	False	4.00218	99.5	4.00436	99		
SAM-UNK-2684b532-12	O=C(Cc1cccc(Cl)c1)Nc1cnccc1C(F)(F)F	3-aminopyridine-like	SAM-UNK-2684b532-12		False	False	4.74087	18.1607				
ERI-BAS-37e2bb46-1	O=C(NCc1coc2ccccc12)C1CCc2nnc(-c3ccc(O)cc3)n2C1	Unassigned	ERI-BAS-37e2bb46-1		False	False			4.00436	99		
ERI-BAS-bd3ef700-1	Cc1nc(-c2cccc(CNC(=O)Nc3cccc(CN4CCCC4=O)c3)c2)n[nH]1	Unassigned	ERI-BAS-bd3ef700-1		False	False			4.00436	99		
ALP-POS-c59291d4-1	O=C(Cn1nnc2ccccc21)N(Cc1ccsc1)c1ccc(-c2ccccc2)cc1	3-aminopyridine-like	ALP-POS-c59291d4-1		False	False	5.27407	5.32026			99	18.6081
ALP-POS-c59291d4-2	CCC(=O)Nc1ccc(N(Cc2ccsc2)C(=O)Cn2nnc3ccccc32)cc1	3-aminopyridine-like	ALP-POS-c59291d4-2	x10871	False	False	5.78844	1.62764	4.90093	12.5623	99	60.8244
ALP-POS-c59291d4-3	O=C(Nc1ccc(N(Cc2ccsc2)C(=O)Cn2nnc3ccccc32)cc1)C1CC1	3-aminopyridine-like	ALP-POS-c59291d4-3	x10870	False	False	5.39849	3.99496	4.5474	28.3533	99	24.7812
ALP-POS-c59291d4-4	CNc1ccc(N(Cc2ccsc2)C(=O)Cn2nnc3ccccc32)cc1	3-aminopyridine-like	ALP-POS-c59291d4-4	x10820	False	False	5.36362	4.32893	4.7287	18.6769	99	22.8694
ALP-POS-c59291d4-5	O=C(Oc1cncc(Cl)c1)c1cccc2[nH]ccc12	activated-ester	ALP-POS-c59291d4-5	x10812	False	False	7.30103	0.05	7.25394	0.0557258	99	1980
ALP-POS-c59291d4-6	CC(C)(C)NC(=O)C(c1cccnc1)N(C(=O)c1ccco1)c1ccc(C(C)(C)C)cc1	Ugi	ALP-POS-c59291d4-6		False	False	5.50249	3.14421			99	31.4864
ALP-POS-c0c213c9-1	COc1ccc2nnn(CC(=O)N(Cc3ccccn3)c3ccc(C4CCNCC4)cc3)c2c1	3-aminopyridine-like	ALP-POS-c0c213c9-1	x11757	False	False	4.41146	38.7739	4.49228	32.1898		
ALP-POS-c0c213c9-3	O=C(CN(C(=O)Cn1nnc2ccccc21)c1ccc(-c2ccccc2)cc1)N1CCNCC1	3-aminopyridine-like	ALP-POS-c0c213c9-3		False	False	4.00218	99.5	4.00436	99		
ALP-POS-c0c213c9-4	NCc1cn(CC(=O)N(Cc2cscn2)c2ccc(-c3ccccc3)nc2)nn1	3-aminopyridine-like	ALP-POS-c0c213c9-4		False	False	4.00218	99.5	4.00436	99		
ALP-POS-c0c213c9-5	NCc1cn(CC(=O)N(Cc2ccsc2)c2ccc(-c3ccccc3)cc2)nn1	3-aminopyridine-like	ALP-POS-c0c213c9-5		False	False	4.00218	99.5				
ALP-POS-c0c213c9-6	CC(C)(C(N)=O)c1ccc(N(Cc2ccsc2)C(=O)Cn2nnc3ccccc32)cc1	3-aminopyridine-like	ALP-POS-c0c213c9-6		False	False	5.4994	3.16663				
ALP-POS-c0c213c9-7	NCc1cn(CC(=O)N(CC(=O)N2CCNCC2)c2ccc(-c3ccccc3)cc2)nn1	3-aminopyridine-like	ALP-POS-c0c213c9-7		False	False	4.00218	99.5	4.00436	99		
ALP-POS-c0c213c9-9	Cn1cnc(CN(C(=O)c2cnnn2-c2ccccc2)c2ccc(OCc3ccccc3)cc2)c1	Unassigned	ALP-POS-c0c213c9-9		False	False			4.00436	99		
ALP-POS-c0c213c9-10	O=C(CN(C(=O)Cc1cccnc1)c1ccc(-c2ncccn2)cc1)N1CCNCC1	3-aminopyridine-like	ALP-POS-c0c213c9-10		False	False	4.00218	99.5				
ALP-POS-c0c213c9-11	NCc1cn(CC(=O)N(Cc2ccsc2)c2ccc(-n3cnnc3)cc2)nn1	3-aminopyridine-like	ALP-POS-c0c213c9-11		False	False	4.00218	99.5	4.00436	99		
ALP-POS-c0c213c9-13	O=C(Cn1nnc2ccccc21)N(CC1CCOC1)c1ccc(C2CCNCC2)cc1	3-aminopyridine-like	ALP-POS-c0c213c9-13		False	False	4.00218	99.5				
ALP-POS-c0c213c9-14	Cn1ccc(CN(C(=O)Cc2cccnc2)c2ccc(-c3ccccn3)cc2)n1	3-aminopyridine-like	ALP-POS-c0c213c9-14	x11164	False	False			4.00436	99		
ALP-POS-c0c213c9-15	O=C(Cn1nnc2ccccc21)N(Cc1ccccn1)c1cnc(-c2ccccc2)nc1	3-aminopyridine-like	ALP-POS-c0c213c9-15		False	False	4.00218	99.5	4.00436	99		
ALP-POS-c0c213c9-18	O=C(Cn1nnc2ccccc21)N(Cc1ccccn1)c1ccc(-n2cnnc2)cc1	3-aminopyridine-like	ALP-POS-c0c213c9-18		False	False	4.00218	99.5	4.00436	99		
ALP-POS-c0c213c9-20	O=C(CN(C(=O)Cn1ccnn1)c1ccc(-c2ccccn2)cc1)N1CCNCC1	3-aminopyridine-like	ALP-POS-c0c213c9-20		False	False	4.00218	99.5				
ALP-POS-91609ae9-3	O=C1N(Cc2cccc(Cl)c2)CCN1c1nccc2[nH]ncc12	Unassigned	ALP-POS-91609ae9-3		False	False	5.34126	4.55767	5.53646	2.90762	99	21.7216
MAK-UNK-7c9d1431-9	O=C(CCl)N1CCN(S(=O)(=O)c2ccccc2)CC1	piperazine-chloroacetamide	MAK-UNK-7c9d1431-9		False	True	5.8078	1.55668				
MAK-UNK-7c9d1431-17	COc1ccc(S(=O)(=O)N2CCN(C(=O)CCl)CC2)cc1	piperazine-chloroacetamide	MAK-UNK-7c9d1431-17		False	True	4.56021	27.5289				
EDJ-MED-6af13d92-1	COc1ccccc1OCCNC(=O)c1cc(=O)[nH]c2cccc(C)c12	quinolones	EDJ-MED-6af13d92-1	x11313	False	False	4.97383	10.621	5.58478	2.6015		
EDJ-MED-6af13d92-2	COc1ccccc1OCCNC(=O)c1cc(=O)[nH]c2cccc(F)c12	quinolones	EDJ-MED-6af13d92-2	x11276	False	False			5.73811	1.82765		
EDJ-MED-6af13d92-3	COc1ccccc1OCCNC(=O)c1cc(=O)[nH]c2cccc(OC)c12	quinolones	EDJ-MED-6af13d92-3	x11294	False	False	5.69274	2.02892	5.68261	2.07679		
BEN-BAS-baaab58b-1	O=C(Cc1ccc2[nH]c(=O)[nH]c2c1)NC1(CNC(=O)c2cnc[nH]2)CC1	3-aminopyridine-like	BEN-BAS-baaab58b-1		False	False			4.56388	27.2976		
MAT-POS-ee51dedd-1	N#Cc1cccc(CN2CCN(C(=O)CCl)CC2)c1	piperazine-chloroacetamide	MAT-POS-ee51dedd-1		False	True	4.70572	19.6916	4.912	12.2462		
MAT-POS-ee51dedd-2	O=C(CCl)N1CCN(S(=O)(=O)c2ccsc2)CC1	piperazine-chloroacetamide	MAT-POS-ee51dedd-2		False	True	5.78759	1.63084	6.31478	0.484415	99	60.7048
MAT-POS-ee51dedd-3	O=C(CCl)N1CCCc2cc(NCc3ccc(F)cc3Cl)ccc21	Unassigned	MAT-POS-ee51dedd-3		False	True	4.71527	19.2633			99	5.13932
LOR-NEU-c8f11034-1	O=C1Nc2c(Br)cccc2C1=O	Isatins	LOR-NEU-c8f11034-1		False	False			4.36538	43.1137		
LOR-NEU-c8f11034-2	O=C1C(=O)N(Cc2ccc(Br)cc2)c2c(Br)cccc21	Isatins	LOR-NEU-c8f11034-2		False	False			6.31449	0.484745		
LOR-NEU-c8f11034-3	O=C1Nc2ccc(Br)cc2C1=O	Isatins	LOR-NEU-c8f11034-3		False	False			4.51881	30.2827		
LOR-NEU-c8f11034-5	O=C1C(=O)N(Cc2ccc(Br)cc2)c2ccccc21	Isatins	LOR-NEU-c8f11034-5		False	False	3.70333	198	6.12642	0.747439		
LOR-NEU-c8f11034-7	Cc1cc(Br)cc2c1N(CCBr)C(=O)C2=O	Isatins	LOR-NEU-c8f11034-7		False	False			4.77695	16.713		
BEN-BAS-f6e16b09-1	O=C(O)C12CC(CNCc3ccc4c(c3)OCC4)(C1)OC2c1ccccc1	Unassigned	BEN-BAS-f6e16b09-1		False	False			4.00436	99		
ANN-UNI-98d2bf15-1	Cc1ccncc1NC(=O)Cc1ccccc1N	3-aminopyridine-like	ANN-UNI-98d2bf15-1		False	False	4.00218	99.5				
ANN-UNI-98d2bf15-3	NC(=O)c1ccncc1NC(=O)Cc1cccc(Cl)c1	3-aminopyridine-like	ANN-UNI-98d2bf15-3		False	False	4.00218	99.5				
MAK-UNK-10dfa458-4	C=CC(=O)N1CCN(S(=O)(=O)c2cccs2)CC1	Unassigned	MAK-UNK-10dfa458-4		True	False	4.00218	99.5				
MAK-UNK-10dfa458-5	C=CC(=O)N1CCN(S(=O)(=O)c2cccc(F)c2)CC1	Unassigned	MAK-UNK-10dfa458-5		True	False	4.00218	99.5				
ALP-POS-90c18d1d-1	Cc1ccncc1NC(=O)C[C@H](c1ccccc1)N1CCC(O)CC1	Unassigned	ALP-POS-90c18d1d-1		False	False			4.17087	67.4725		
BAR-COM-0f94fc3d-41	Cc1ccncc1NC(=O)Cn1ccc2ccc(Cl)cc21	3-aminopyridine-like	BAR-COM-0f94fc3d-41	x10679	False	False			4.69966	19.9682		
BAR-COM-0f94fc3d-48	Cc1ccncc1NC(=O)CN1C(=O)COc2ccc(Cl)cc21	Ugi	BAR-COM-0f94fc3d-48	x10638	False	False	4.22233	59.9331	4.40975	38.9273	99	1.65184
MAT-POS-590ac91e-11	Cc1ccncc1NC(=O)CC(C)C(C)C	Unassigned	MAT-POS-590ac91e-11	x10474	False	False	4.00423	99.03			99	0.999697
MAT-POS-590ac91e-16	Cc1ccncc1NC(=O)[C@H](C)OC(F)F	Unassigned	MAT-POS-590ac91e-16	x11560	False	False	4.00218	99.5				
MAT-POS-590ac91e-17	Cc1ccncc1NC(=O)CCc1ccn[nH]1	Unassigned	MAT-POS-590ac91e-17		False	False			4.00436	99		
MAT-POS-590ac91e-32	COc1ccccc1OCCNC(=O)c1cc(=O)[nH]c2cc(F)ccc12	quinolones	MAT-POS-590ac91e-32	x10355	False	False	4.00218	99.5			99	0.994975
MAT-POS-590ac91e-38	COc1ccccc1OC(C)CNC(=O)c1cc(=O)[nH]c2cc(F)ccc12	quinolones	MAT-POS-590ac91e-38		False	False	4.00218	99.5			99	0.994975
MAT-POS-590ac91e-40	COc1ccccc1OCC(C)NC(=O)c1cc(=O)[nH]c2cc(F)ccc12	quinolones	MAT-POS-590ac91e-40		False	False	4.47276	33.6697			99	2.94033
MAT-POS-590ac91e-41	COc1ccccc1OCC(C)NC(=O)c1cc(=O)[nH]c2ccc(F)cc12	quinolones	MAT-POS-590ac91e-41		False	False	4.78406	16.4414	4.56107	27.4743	99	6.02139
MAT-POS-590ac91e-46	CC1(C)Cc2cccc(OCCNC(=O)c3cc(=O)[nH]c4cc(F)ccc34)c2O1	quinolones	MAT-POS-590ac91e-46		False	False	4.00218	99.5			99	0.994975
MAT-POS-590ac91e-61	N#Cc1ccccc1S(=O)(=O)N1CCN(C(=O)c2cc(=O)[nH]c3cc(F)ccc23)CC1	quinolones	MAT-POS-590ac91e-61		False	False					99	
MAT-POS-590ac91e-63	Cc1ccc(S(=O)(=O)N2CCN(C(=O)c3cc(=O)[nH]c4cc(F)ccc34)CC2)c(C)c1	quinolones	MAT-POS-590ac91e-63		False	False	4.00218	99.5			99	0.994975
MAT-POS-590ac91e-69	O=C(c1cc(=O)[nH]c2ccc(F)cc12)N1CCN(S(=O)(=O)c2cccc(Cl)c2)CC1	quinolones	MAT-POS-590ac91e-69		False	False			4.00436	99		
JAG-UCB-a3ef7265-3	O=C(Nc1cnccc1CO)[C@@H]1COc2ccc(Cl)cc21	3-aminopyridine-like	JAG-UCB-a3ef7265-3		False	False	4.37305	42.3593	4.73547	18.388	99	2.33715
JAG-UCB-a3ef7265-20	O=C(Nc1nncn1C1CC1)C1CCOc2ccc(Cl)cc21	3-aminopyridine-like	JAG-UCB-a3ef7265-20	x10324	False	False	6.2184	0.604785	4.00436	99		
JAG-UCB-cedd89ab-1	Cc1ccncc1N1CCN(c2cccc(Cl)c2)C1=O	3-aminopyridine-like	JAG-UCB-cedd89ab-1	x11475	False	False	4.08792	81.6731	4.00436	99		
RAL-MED-2de63afb-1	O=C(Cc1cccnc1)Nc1cccc(OC2CC(=O)N2)c1	3-aminopyridine-like	RAL-MED-2de63afb-1	x10371	False	False	4.05287	88.5386				
RAL-MED-2de63afb-2	Cc1cc(NC(=O)Cc2cncnc2)cc(OC2CC(=O)N2)c1	3-aminopyridine-like	RAL-MED-2de63afb-2	x10322	False	False	4.46443	34.3214				
RAL-MED-2de63afb-14	O=C(Cc1cncnc1)Nc1cc(F)cc(OC2CC(=O)N2)c1	3-aminopyridine-like	RAL-MED-2de63afb-14	x10387	False	False	4.60295	24.9489				
BEN-DND-76ad4ac9-9	O=C(CCl)N1CCCN(S(=O)(=O)Cc2ccccc2)CC1	Unassigned	BEN-DND-76ad4ac9-9		False	True	5.05489	8.81277				
BEN-DND-76ad4ac9-10	O=C(CCl)N1CCCN(S(=O)(=O)c2cc(F)ccc2F)CC1	Unassigned	BEN-DND-76ad4ac9-10		False	True	4.91627	12.1262				
BEN-DND-76ad4ac9-11	O=C(CCl)N1CCCN(S(=O)(=O)c2ccccc2F)CC1	Unassigned	BEN-DND-76ad4ac9-11		False	True	4.80574	15.6409				
BEN-DND-76ad4ac9-12	O=C(CCl)N1CCCN(S(=O)(=O)c2c(F)cccc2F)CC1	Unassigned	BEN-DND-76ad4ac9-12		False	True	4.69468	20.1984				
BEN-DND-76ad4ac9-13	O=C(CCl)N1CCCN(S(=O)(=O)c2cccs2)CC1	Unassigned	BEN-DND-76ad4ac9-13		False	True	5.14032	7.23905				
BEN-DND-76ad4ac9-14	O=C(CCl)N1CCCN(S(=O)(=O)c2cccc(F)c2)CC1	Unassigned	BEN-DND-76ad4ac9-14		False	True	4.76354	17.2368				
EDJ-MED-49816e9b-1	Cc1ccncc1CC(=O)Nc1cccc(Cl)c1	3-aminopyridine-like	EDJ-MED-49816e9b-1	x11011	False	False	4.52492	29.8596	4.57902	26.3621	99	3.31552
EDJ-MED-49816e9b-4	Cc1ccncc1N1CCC(c2cccc(Cl)c2)S1(=O)=O	Unassigned	EDJ-MED-49816e9b-4		False	False	4.07048	85.0199	4.16593	68.2448		
BEN-DND-7e92b6ca-4	O=C(NCCNc1ccccc1)c1cc(=O)[nH]c2ccccc12	quinolones	BEN-DND-7e92b6ca-4	x10403	False	False	4.00218	99.5			99	0.994975
BEN-DND-7e92b6ca-5	O=C(NCCOc1ccccc1)c1cc(=O)[nH]c2ccccc12	quinolones	BEN-DND-7e92b6ca-5		False	False	4.00218	99.5			99	0.994975
BEN-DND-7e92b6ca-10	O=C(c1cc(=O)[nH]c2ccccc12)N1CCN(Cc2ccccc2)CC1	quinolones	BEN-DND-7e92b6ca-10		False	False	5.05743	8.76137	4.72682	18.7575	99	11.2996
BEN-DND-7e92b6ca-11	COc1ccc(N2CCN(C(=O)c3cc(=O)[nH]c4ccccc34)CC2)cc1	quinolones	BEN-DND-7e92b6ca-11		False	False	4.83346	14.6739	4.01911	95.696		
BEN-DND-7e92b6ca-12	COc1cccc(N2CCN(C(=O)c3cc(=O)[nH]c4ccccc34)CC2)c1	quinolones	BEN-DND-7e92b6ca-12		False	False	5.12207	7.54963	4.70554	19.6998	99	13.1132
BEN-DND-7e92b6ca-13	COc1ccccc1N1CCN(C(=O)c2cc(=O)[nH]c3ccccc23)CC1	quinolones	BEN-DND-7e92b6ca-13		False	False	4.48467	32.7591				
BEN-DND-7e92b6ca-14	O=C(c1cc(=O)[nH]c2ccccc12)N1CCN(c2ccc(F)cc2)CC1	quinolones	BEN-DND-7e92b6ca-14		False	False	4.78245	16.5026	4.27834	52.6819		
BEN-DND-7e92b6ca-16	O=C(c1cc(=O)[nH]c2ccccc12)N1CCN(c2ccccc2F)CC1	quinolones	BEN-DND-7e92b6ca-16	x11366	False	False	4.6198	23.9996				
BEN-DND-93268d01-1	CC(C(=O)Nc1cncnc1)c1ccccc1	3-aminopyridine-like	BEN-DND-93268d01-1		False	False	4.00218	99.5				
BEN-DND-93268d01-6	Cc1ccncc1NC(=O)CCc1cccc(F)c1	Unassigned	BEN-DND-93268d01-6	x11427	False	False	4.23319	58.4541	4.00436	99		
BEN-DND-93268d01-8	CC(=O)N1CCN(CC(=O)Nc2cnccc2C)CC1	3-aminopyridine-like	BEN-DND-93268d01-8	x11417	False	False	6.19525	0.637898	4.00436	99		
BEN-DND-93268d01-11	Cc1ccncc1NC(=O)CN1CCCCC1	3-aminopyridine-like	BEN-DND-93268d01-11	x11428	False	False	4.00218	99.5	4.00436	99		
MAK-UNK-d4768348-1	O=C(CCl)N1CCN(S(=O)(=O)C2=CC[SH]=C2)CC1	piperazine-chloroacetamide	MAK-UNK-d4768348-1		False	True	5.78759	1.63084	6.31478	0.484415	99	60.7048
EDJ-MED-e58735b6-4	Cc1ccncc1NC(=O)Cc1cccc(-c2cn[nH]c2)c1	3-aminopyridine-like	EDJ-MED-e58735b6-4		False	False	4.27437	53.1653	4.00436	99		
NAU-LAT-64f4b287-4	COc1ccc2c(c1)CN(C(=O)CCl)C(c1ccccc1)C2	Unassigned	NAU-LAT-64f4b287-4		False	True	5.42723	3.73911	5.74854	1.78427	99	26.4769
NAU-LAT-64f4b287-5	Cc1nnc(C2Cc3ccccc3CN2C(=O)CCl)o1	Unassigned	NAU-LAT-64f4b287-5		False	True	4.27172	53.4913			99	1.85077
EDJ-MED-e66f2cc5-1	Cc1ccncc1N1CCC(c2cccc(Cl)c2)C1=O	3-aminopyridine-like	EDJ-MED-e66f2cc5-1		False	False	4.34949	44.7212	4.88961	12.8942		
MAT-POS-2db6411e-2	O=C(CCl)N1CCN(Cc2cc(O)cc(Cl)c2)CC1	piperazine-chloroacetamide	MAT-POS-2db6411e-2	x11852	False	True	4.88879	12.9184	5.8044	1.56893	99	7.66346
EDG-MED-0da5ad92-2	O=C(Cc1cccc(Cl)c1)Nc1cccnc1	3-aminopyridine-like	EDG-MED-0da5ad92-2	x10201	False	False	4.26989	53.7173	4.00436	99	99	1.84298
EDG-MED-0da5ad92-3	Cc1ccncc1NC(=O)N(C)c1cccc(Cl)c1	3-aminopyridine-like	EDG-MED-0da5ad92-3		False	False	4.00218	99.5	4.00436	99		
EDG-MED-0da5ad92-5	Cc1ccncc1NC(=O)C(CO)c1cccc(Cl)c1	3-aminopyridine-like	EDG-MED-0da5ad92-5	x11557	False	False	4.00218	99.5	4.32497	47.3187		
EDG-MED-0da5ad92-7	CCCCOc1ccc(Cl)cc1CC(=O)Nc1cnccc1C	3-aminopyridine-like	EDG-MED-0da5ad92-7	x11562	False	False	4.60586	24.7824	4.80449	15.6858		
EDG-MED-0da5ad92-15	Cc1ccnnc1NC(=O)Cc1cccc(Cl)c1	3-aminopyridine-like	EDG-MED-0da5ad92-15	x11485	False	False	4.00218	99.5	4.00436	99		
EDG-MED-0da5ad92-17	Cc1cc(N)ncc1NC(=O)Cc1cccc(Cl)c1	3-aminopyridine-like	EDG-MED-0da5ad92-17		False	False	4.00218	99.5	4.00436	99		
EDG-MED-0da5ad92-20	Cc1ccncc1NC(=O)N(Cc1ccccc1)c1cccc(Cl)c1	3-aminopyridine-like	EDG-MED-0da5ad92-20		False	False	4.63997	22.9101				
EDG-MED-0da5ad92-21	Cc1[nH]ncc1NC(=O)Cc1cccc(Cl)c1	3-aminopyridine-like	EDG-MED-0da5ad92-21	x11025	False	False			4.00436	99		
MAK-UNK-ed378e62-6	COc1cnc(C#N)nc1	Unassigned	MAK-UNK-ed378e62-6		False	False	4.00218	99.5	4.00436	99		
BEN-DND-61647d40-12	O=C(Cn1nnc2ccccc21)Nc1cccc(Cl)c1	3-aminopyridine-like	BEN-DND-61647d40-12		False	False	4.00218	99.5	4.53121	29.43		
BEN-DND-61647d40-13	O=C(Cn1cnc2ccccc21)Nc1cccc(Cl)c1	3-aminopyridine-like	BEN-DND-61647d40-13		False	False	4.05951	87.1939				
JAN-GHE-5a013bed-1	Cc1nnn(NC(=O)Cc2cccc(Cl)c2)c1C	3-aminopyridine-like	JAN-GHE-5a013bed-1		False	False	4.84886	14.1626	4.13456	73.3563		
JAN-GHE-5a013bed-2	O=C(Cc1cccc(Cl)c1)Nn1cnc2ccccc21	3-aminopyridine-like	JAN-GHE-5a013bed-2	x10466	False	False	5.08074	8.30347	5.37006	4.2652	99	11.9227
JAN-GHE-5a013bed-3	O=C(Cc1cccc(Cl)c1)Nn1cnc2ccccc2c1=O	3-aminopyridine-like	JAN-GHE-5a013bed-3		False	False	5.06321	8.64546	4.00436	99	99	11.4511
JAN-GHE-5a013bed-11	O=C(Cc1cccc(Cl)c1)Nc1nnn[nH]1	3-aminopyridine-like	JAN-GHE-5a013bed-11		False	False	4.34403	45.2867			99	2.18607
TRY-UNI-2eddb1ff-2	Cc1ccncc1NC(=O)Cc1cncc(Cl)c1	3-aminopyridine-like	TRY-UNI-2eddb1ff-2	x10723	False	False	4.33314	46.436	4.00436	99	99	2.13196
TRY-UNI-2eddb1ff-6	Cc1ccncc1NC(=O)Cc1cc(C#N)cc(OC2CC(=O)N2)c1	3-aminopyridine-like	TRY-UNI-2eddb1ff-6		False	False	4.93666	11.5701	5.06396	8.63062		
TRY-UNI-2eddb1ff-7	Cc1ccncc1NC(=O)Cc1cc(Cl)cc(OC2CC(=O)N2)c1	3-aminopyridine-like	TRY-UNI-2eddb1ff-7	x10789	False	False	5.44022	3.6289	6.02653	0.940749	99	27.281
TRY-UNI-2eddb1ff-8	Cc1ccncc1NC(=O)C(C)c1cc(Cl)cc(OC2CC(=O)N2)c1	3-aminopyridine-like	TRY-UNI-2eddb1ff-8	x11641	False	False	4.11275	77.1348	4.05506	88.0923		
ALP-POS-95b75b4d-1	Cc1ccncc1NC(=O)Cc1cccc(F)c1	3-aminopyridine-like	ALP-POS-95b75b4d-1	x10417	False	False	4.01846	95.8386			99	1.03299
ALP-POS-95b75b4d-5	O=C(Cc1cccc(Cl)c1)Nc1cnccc1C1CC1	3-aminopyridine-like	ALP-POS-95b75b4d-5	x11543	False	False	5.14426	7.17364	5.13089	7.39797		
JAN-GHE-83b26c96-8	CCCC(C(=O)Nc1cnccc1C)c1cccc(Cl)c1	3-aminopyridine-like	JAN-GHE-83b26c96-8	x10423	False	False	4.76146	17.3195	5.26127	5.47937	99	5.7161
JAN-GHE-83b26c96-12	Cc1ccncc1NC(=O)Cc1cccc(Br)c1	3-aminopyridine-like	JAN-GHE-83b26c96-12	x11368	False	False	4.68626	20.5939	4.79743	15.943		
JAN-GHE-83b26c96-13	Cc1ccncc1NC(=O)Cc1cccc(I)c1	3-aminopyridine-like	JAN-GHE-83b26c96-13	x10565	False	False			4.16057	69.0919		
JAN-GHE-83b26c96-18	O=C1NC(c2cccnc2)C(=O)N1c1cccc(Cl)c1	3-aminopyridine-like	JAN-GHE-83b26c96-18		False	False			4.23771	57.8484		
JAN-GHE-83b26c96-20	Cc1ccncc1NC(=O)C1(c2cccc(Cl)c2)CC1	3-aminopyridine-like	JAN-GHE-83b26c96-20	x10392	False	False	4.00218	99.5			99	0.994975
JAN-GHE-83b26c96-22	Cc1ccncc1NC(=O)C(C)(C)c1cccc(Cl)c1	3-aminopyridine-like	JAN-GHE-83b26c96-22	x10422	False	False	4.01347	96.945	4.61043	24.5228	99	1.0212
AAR-POS-5507155c-1	CS(=O)(=O)c1ccc(N2CCNCC2)cc1	Unassigned	AAR-POS-5507155c-1	x2193	False	False	4.00218	99.5	4.07688	83.776		
AAR-POS-d2a4d1df-27	Cc1ccc(S(=O)(=O)N2CCN(C(=O)CCl)CC2)cc1	piperazine-chloroacetamide	AAR-POS-d2a4d1df-27		False	True	4.67724	21.0262				
AAR-POS-0daf6b7e-23	Cn1ccc(C(=O)NC[C@@H]2CCCO2)n1	Unassigned	AAR-POS-0daf6b7e-23	x1187	False	False			4.00436	99		
LON-WEI-d1c9908a-3	C=CC(=O)N(c1ccc(C(C)(C)C)cc1)C(C(=O)Nc1ccc(OC)cc1C)c1cccnc1	Ugi	LON-WEI-d1c9908a-3		True	False	4.00423	99.03				
LON-WEI-d1c9908a-6	C=CC(=O)N(c1ccc(C2(C)CC2)cc1)C(C(=O)Nc1cccc(CC)c1)c1cccnc1	Ugi	LON-WEI-d1c9908a-6		True	False	4.00423	99.03				
LON-WEI-d1c9908a-11	C=CC(=O)N(c1ccc(C2(C)CC2)cc1)C(C(=O)Nc1ccc(Br)cc1)c1cccnc1	Ugi	LON-WEI-d1c9908a-11		True	False	4.08395	82.4234	4.71151	19.4306	99	1.20111
AAR-POS-8a4e0f60-7	CN(C(=O)Cn1nnc2ccccc21)c1ccc(Oc2ccc(C(F)(F)F)cn2)cc1	3-aminopyridine-like	AAR-POS-8a4e0f60-7		False	False	4.42214	37.8324				
LON-WEI-adc59df6-3	C=CC(=O)N(c1ccc(C(C)(C)C)cc1)C(C(=O)NC)c1cccnc1	Ugi	LON-WEI-adc59df6-3		True	False	4.44723	35.7086	4.7701	16.9787	99	2.77245
LON-WEI-adc59df6-10	C=CC(=O)N(c1ccc(C(C)(C)C)cc1)C(C(=O)NCCCSC)c1cccnc1	Ugi	LON-WEI-adc59df6-10		True	False	4.594	25.4681	4.86363	13.6889	99	3.88722
LON-WEI-adc59df6-17	C=CC(=O)N(c1ccc(C(C)(C)C)cc1)C(C(=O)NCCSC)c1cccnc1	Ugi	LON-WEI-adc59df6-17		True	False	4.69547	20.1619	4.18424	65.427	99	4.91024
LON-WEI-adc59df6-23	C=CC(=O)N(c1ccc(C(C)(C)C)cc1)C(C(=O)NCc1ccc(F)cc1)c1cccnc1	Ugi	LON-WEI-adc59df6-23		True	False	4.632	23.3348	4.97854	10.5065	99	4.2426
LON-WEI-adc59df6-26	C=CC(=O)N(c1ccc(C(C)(C)C)cc1)C(C(=O)NCCOC)c1cccnc1	Ugi	LON-WEI-adc59df6-26		True	False	4.25354	55.778			99	1.77489
LON-WEI-adc59df6-28	C=CC(=O)N(c1ccc(C(C)(C)C)cc1)C(C(=O)NCc1cccnc1)c1cccnc1	Ugi	LON-WEI-adc59df6-28		True	False	4.30223	49.8616			99	1.9855
LON-WEI-adc59df6-30	C=CC(=O)N(c1ccc(C(C)(C)C)cc1)C(C(=O)NCC)c1cccnc1	Ugi	LON-WEI-adc59df6-30		True	False	4.34208	45.49	4.7124	19.3911	99	2.1763
LON-WEI-adc59df6-32	C=CC(=O)N(c1ccc(C(C)(C)C)cc1)C(C(=O)NCC1CCCO1)c1cccnc1	Ugi	LON-WEI-adc59df6-32		True	False	4.04335	90.5005			99	1.09392
LON-WEI-adc59df6-40	C=CC(=O)N(c1ccc(C(C)(C)C)cc1)C(C(=O)NCc1ccccc1)c1cccnc1	Ugi	LON-WEI-adc59df6-40		True	False	4.47724	33.3241	4.84421	14.3148	99	2.97083
LON-WEI-adc59df6-43	C=CC(=O)N(c1ccc(C(C)(C)C)cc1)C(C(=O)Nc1ccc2c(c1)OCO2)c1cccnc1	Ugi	LON-WEI-adc59df6-43		True	False	4.44288	36.0681	4.20722	62.056	99	2.74481
LON-WEI-adc59df6-45	C=CC(=O)N(c1ccc(C(C)(C)C)cc1)C(C(=O)Nc1ccc(OC)cc1OC)c1cccnc1	Ugi	LON-WEI-adc59df6-45		True	False	5.1888	6.47441				
LON-WEI-adc59df6-47	C=CC(=O)N(c1ccc(C(C)(C)C)cc1)C(C(=O)NCCc1cccc(F)c1)c1cccnc1	Ugi	LON-WEI-adc59df6-47		True	False	5.52894	2.9584	5.47381	3.35882	99	33.464
LON-WEI-adc59df6-53	C=CC(=O)N(c1ccc(C(C)(C)C)cc1)C(C(=O)NC(C)(C)C)c1cncc(Cl)c1	Ugi	LON-WEI-adc59df6-53		True	False	4.1832	65.584			99	1.50951
LON-WEI-adc59df6-78	C=CC(=O)N(c1ccc(CCC#N)cc1)C(C(=O)NC(C)(C)C)c1cccnc1	Ugi	LON-WEI-adc59df6-78		True	False			4.00436	99		
MAR-UNI-c84db004-16	Cc1cc(O)c2c(c1)C1(O)CC(C2=O)C2=C1C(=O)c1c(O)cccc1C2=O	Unassigned	MAR-UNI-c84db004-16		False	False			4.23541	58.1556		
MAR-UNI-c84db004-17	Cc1cc2c(c(O)c1-c1c(C)cc(O)c3c1C(=O)C=CC3=O)C(=O)C=CC2=O	Unassigned	MAR-UNI-c84db004-17		False	False			5.07501	8.41373		
JOH-UNI-44664832-1	CC(C)(C)N1C=CN(C(C)(C)C)C1[Au]Cl	Unassigned	JOH-UNI-44664832-1		False	False			6.93127	0.117146		
JOH-UNI-44664832-2	CCP(CC)(CC)=[Au]S[C@@H]1O[C@H](COC(C)=O)[C@@H](OC(C)=O)[C@H](OC(C)=O)[C@H]1OC(C)=O	Unassigned	JOH-UNI-44664832-2		False	False			5.90636	1.24061		
JOH-UNI-44664832-3	OC[C@H]1O[C@H](S[Au])[C@H](O)[C@@H](O)[C@@H]1O	Unassigned	JOH-UNI-44664832-3		False	False			4.00436	99		
JOH-UNI-c7afdb96-2	N#C/C(C(=O)Nc1ccc(F)cc1)=C(/O)c1ccc(Cl)cc1	Unassigned	JOH-UNI-c7afdb96-2		False	False			6.63152	0.233603		
JUA-UNI-a9dfaed1-1	C=CC(=O)NCC(=O)N(Cc1ccccc1O)C[C@@H]1CCCO1	Unassigned	JUA-UNI-a9dfaed1-1		True	False	4.00218	99.5	4.00436	99		
JUA-UNI-a9dfaed1-2	C=CC(=O)NCc1ccccc1S(=O)(=O)NC(C)(C)C	Unassigned	JUA-UNI-a9dfaed1-2		True	False	4.00218	99.5	4.00436	99		
JUA-UNI-a9dfaed1-3	C=CC(=O)NCc1ccccc1S(=O)(=O)NC	Unassigned	JUA-UNI-a9dfaed1-3		True	False	4.00218	99.5	4.00436	99		
JUA-UNI-a9dfaed1-4	C=CC(=O)NCC(=O)N(Cc1ccccc1)C[C@@]1(O)CN2CCC1CC2	Unassigned	JUA-UNI-a9dfaed1-4		True	False	4.00218	99.5	4.00436	99		
JUA-UNI-a9dfaed1-5	C=CC(=O)NCCC(=O)N(Cc1ccccc1)Cc1nc2ccccc2c(=O)[nH]1	Unassigned	JUA-UNI-a9dfaed1-5		True	False	4.00218	99.5	4.00436	99		
JUA-UNI-a9dfaed1-6	C=CC(=O)N[C@H](Cc1ccccc1)C(=O)NCCN(C)C	Ugi	JUA-UNI-a9dfaed1-6		True	False	4.00218	99.5	4.00436	99		
JUA-UNI-a9dfaed1-7	C=CC(=O)Nc1ccc(O)c(C(=O)NC[C@@H](O)c2ccc3ccccc3c2)c1	Unassigned	JUA-UNI-a9dfaed1-7		True	False	4.00218	99.5	4.00436	99		
LON-WEI-8f408cad-1	O=C(CCl)Nc1cccc(N2CCCC2=O)c1	Unassigned	LON-WEI-8f408cad-1		False	True	4.15275	70.3474	4.00436	99	99	1.4073
LON-WEI-8f408cad-2	O=C(CCl)N1CCN(S(=O)(=O)c2c(F)cccc2F)CC1	piperazine-chloroacetamide	LON-WEI-8f408cad-2		False	True	5.48311	3.28772	5.58117	2.62321	99	30.1121
LON-WEI-8f408cad-3	O=C(CCl)N1CCN(S(=O)(=O)c2cccs2)CC1	piperazine-chloroacetamide	LON-WEI-8f408cad-3		False	True	5.66478	2.16379	6.2545	0.556544	99	45.753
LON-WEI-8f408cad-4	O=C(CCl)N1CCN(S(=O)(=O)c2cccc(F)c2)CC1	piperazine-chloroacetamide	LON-WEI-8f408cad-4		False	True	5.41524	3.84376	5.69388	2.02356	99	25.756
LON-WEI-8f408cad-5	O=C(CCl)N1CCN(Cc2cccs2)CC1	piperazine-chloroacetamide	LON-WEI-8f408cad-5		False	True	5.20641	6.21716	5.47934	3.31638	99	15.9237
LON-WEI-8f408cad-7	O=C(CCl)N1CCN(Cc2ccsc2)CC1	piperazine-chloroacetamide	LON-WEI-8f408cad-7		False	True	5.45521	3.50583	5.94412	1.1373	99	28.2387
LON-WEI-8f408cad-8	C=CC(=O)N(c1ccc(C(C)(C)C)cc1)C(C(=O)NC(C)(C)C)c1cccnc1	Ugi	LON-WEI-8f408cad-8		True	False	4.00436	99				
MED-COV-4280ac29-5	O=C(CCl)N1CCN(S(=O)(=O)c2ccc(Cc3cccc4ccccc34)cc2)CC1	piperazine-chloroacetamide	MED-COV-4280ac29-5		False	True			4.81821	15.1981		
MED-COV-4280ac29-12	O=C(CCl)N1CCN(C2(c3cccc(Cl)c3)CC2)CC1	piperazine-chloroacetamide	MED-COV-4280ac29-12		False	True	4.27165	53.4991			99	1.8505
MED-COV-4280ac29-13	CC1CN(Cc2cccc(Cl)c2)CCN1C(=O)CCl	piperazine-chloroacetamide	MED-COV-4280ac29-13		False	True	5.11163	7.73331	5.68247	2.07743	99	12.8018
MED-COV-4280ac29-15	O=C(CCl)N1CCN(Cc2cccc(Cl)c2)CC1	piperazine-chloroacetamide	MED-COV-4280ac29-15		False	True	5.57848	2.6395	6.26325	0.545448	99	37.507
MED-COV-4280ac29-25	O=C(CCl)N1CCN(Cc2cnc(Cc3ccccc3)s2)CC1	piperazine-chloroacetamide	MED-COV-4280ac29-25		False	True	4.52645	29.7544	4.46129	34.5707	99	3.32724
MED-COV-4280ac29-30	COc1ccc(C2CC(c3ccccc3)=NN2C(=O)CCl)cc1OC	Unassigned	MED-COV-4280ac29-30		False	True	6.26552	0.542597	6.37568	0.421041	99	182.456
MED-COV-4280ac29-31	O=C(CCl)N1CCN(Cc2cccc3ccccc23)CC1	piperazine-chloroacetamide	MED-COV-4280ac29-31		False	True	5.23944	5.76179	6.04559	0.900345	99	17.1822
MED-COV-4280ac29-33	COCc1cc(Cl)cc(CN2CCN(C(=O)CCl)CC2)c1	piperazine-chloroacetamide	MED-COV-4280ac29-33		False	True	5.32114	4.77375	5.88326	1.30841	99	20.7384
MED-COV-4280ac29-37	COCCc1ccc(Cl)cc1CN1CCN(C(=O)CCl)CC1	piperazine-chloroacetamide	MED-COV-4280ac29-37		False	True	5.65713	2.20228	5.61664	2.41746	99	44.9534
LON-WEI-b8d98729-15	C=CC(=O)N(c1cc(C(C)(C)C)on1)C(C(=O)Nc1cccc(CC)c1)c1cccnc1	Ugi	LON-WEI-b8d98729-15		True	False	4.00432	99.01			99	0.999899
LON-WEI-b8d98729-17	C=CC(=O)N(c1ccc(C(C)OC)cc1)C(C(=O)Nc1cccc(CC)c1)c1cccnc1	Ugi	LON-WEI-b8d98729-17		True	False	4.17781	66.4026	4.00436	99	99	1.4909
LON-WEI-b8d98729-23	C=CC(=O)N(c1cc(C(C)(C)C)on1)C(C(=O)NC(C)(C)C)c1cccnc1	Ugi	LON-WEI-b8d98729-23		True	False	4.00436	99			99	1
LON-WEI-b8d98729-27	C=CC(=O)N(c1ccc(C(F)(F)F)cc1)C(C(=O)Nc1ccc(OC)cc1)c1cccnc1	Ugi	LON-WEI-b8d98729-27		True	False	4.33727	45.9976	4.56948	26.9473	99	2.15229
LON-WEI-b8d98729-38	C=CC(=O)N(c1ccc2ncsc2c1)C(C(=O)Nc1cccc(CC)c1)c1cccnc1	Ugi	LON-WEI-b8d98729-38		True	False	4.22793	59.165	4.49443	32.0306	99	1.67329
LON-WEI-b8d98729-39	C=CC(=O)N(c1ccc(C(F)(F)F)cc1)C(C(=O)Nc1c(C)cccc1CC)c1cccnc1	Ugi	LON-WEI-b8d98729-39		True	False	4.00971	97.7888				
MAT-POS-916a2c5a-1	COc1ccc(C2CC(c3cccs3)=NN2C(=O)CCl)cc1OC	Unassigned	MAT-POS-916a2c5a-1		False	True	5.72695	1.87522	6.01378	0.96877	99	52.7939
MAT-POS-916a2c5a-2	COc1ccccc1OCCNC(=O)c1cc(=O)[nH]c2ccccc12	quinolones	MAT-POS-916a2c5a-2	x2910	False	False	5.10387	7.87285	5.46072	3.4616	99	12.5749
MAT-POS-916a2c5a-3	Cc1cc(C)c(C)c(S(=O)(=O)N2CCN(C(=O)c3cc(=O)[nH]c4ccccc34)CC2)c1C	quinolones	MAT-POS-916a2c5a-3		False	False	5.07232	8.4661	5.42589	3.75065	99	11.6937
MAT-POS-916a2c5a-4	O=C(c1cc(=O)[nH]c2ccccc12)N1CCN(c2ccccc2)CC1	quinolones	MAT-POS-916a2c5a-4	x3303	False	False	4.56027	27.5249	4.98285	10.4027	99	3.59674
JUA-UNI-bc099708-1	C=CC(=O)NCC(=O)N(Cc1ccccc1)C[C@H](O)c1cccs1	Unassigned	JUA-UNI-bc099708-1		True	False	4.00218	99.5	4.00436	99		
JUA-UNI-bc099708-2	C=CC(=O)NCc1ccc(C(=O)NCc2cc(C)cc3c(C)c(C)[nH]c23)cc1	Unassigned	JUA-UNI-bc099708-2		True	False	4.00218	99.5	4.00436	99		
JUA-UNI-bc099708-3	C=CC(=O)NCC(=O)N(CCN1CCOCC1)Cc1sccc1Br	Unassigned	JUA-UNI-bc099708-3		True	False	4.00218	99.5	4.00436	99		
JUA-UNI-bc099708-4	C=CC(=O)NCc1ccc(C(=O)N[C@H](CO)c2ccc(Br)c(F)c2)cc1	Unassigned	JUA-UNI-bc099708-4		True	False	4.00218	99.5	4.00436	99		
JUA-UNI-bc099708-5	C=CC(=O)Nc1cc(C(=O)NC[C@H](Cc2ccccc2)c2ccccn2)ccc1O	Unassigned	JUA-UNI-bc099708-5		True	False	4.00218	99.5	4.00436	99		
NEH-REV-107bcf72-5	O=C(CCl)N1CCN(Cc2cc(O)ccc2O)CC1	piperazine-chloroacetamide	NEH-REV-107bcf72-5		False	True	4.42705	37.4071	5.0323	9.28315	99	2.64656
MIH-UNI-e573136b-5	NS(=O)(=O)CCc1ccccc1CN1CCN(C(=O)CCl)CC1	piperazine-chloroacetamide	MIH-UNI-e573136b-5		False	True	5.56591	2.71702	6.07897	0.833731	99	36.437
WAR-XCH-79d12f6e-4	Cc1ccc(S(=O)(=O)NC2CCN(C(=O)CCl)CC2)cc1	Unassigned	WAR-XCH-79d12f6e-4		False	True	4.47442	33.541	4.73333	18.4785	99	2.95161
WAR-XCH-79d12f6e-6	Cc1ccc(C)c(S(=O)(=O)N2CCN(C(=O)CCl)CC2)c1	piperazine-chloroacetamide	WAR-XCH-79d12f6e-6		False	True	4.84721	14.2165	5.78958	1.62337	99	6.96375
WAR-XCH-b0339bbe-3	Cc1ccnc2[nH]c(CC3CCN(C(=O)CCl)CC3)nc12	Unassigned	WAR-XCH-b0339bbe-3		False	True			4.52699	29.7176		
WAR-XCH-b0339bbe-19	O=C(CCl)N1CCC(c2nc(-c3cccnc3)nc3ccccc23)CC1	Unassigned	WAR-XCH-b0339bbe-19		False	True	4.74052	18.1752	4.82819	14.853	99	5.44698
SIM-SYN-f15aaa3a-1	O=C(CCl)N1CCN(C(c2ccccc2)c2ccccc2)CC1	piperazine-chloroacetamide	SIM-SYN-f15aaa3a-1		False	True	5.70435	1.97539	6.4136	0.385837	99	50.1167
STU-CHA-83dacf15-1	NS(=O)(=O)c1ccc2c(c1)CN(CC1CCN(C(=O)CCl)CC1)CC2	Unassigned	STU-CHA-83dacf15-1		False	True	4.70907	19.5401	4.50529	31.2397	99	5.06651
STU-CHA-7b3b91d5-1	O=C(NCc1ccc(Cl)cc1CN1CCN(C(=O)CCl)CC1)[C@@H]1CCCOC1	piperazine-chloroacetamide	STU-CHA-7b3b91d5-1		False	True	4.91674	12.1132	4.6961	20.1328	99	8.17288
STU-CHA-6cae54d3-1	O=C(CCl)N1CCN(Cc2cc(Cl)ccc2CNC(=O)N2CCOCC2)CC1	piperazine-chloroacetamide	STU-CHA-6cae54d3-1		False	True	5.42077	3.79513	5.25557	5.55171	99	26.0861
PAU-UNI-8cdd41c7-1	O=C(CCl)N1CCN(Cc2cc(Cl)cc(Cl)c2)CC1	piperazine-chloroacetamide	PAU-UNI-8cdd41c7-1		False	True	5.72367	1.88943	6.32288	0.475468	99	52.3966
TAM-UNI-d1c3dd9f-5	CS(=O)(=O)N1CCc2ccc(CN3CCN(C(=O)CCl)CC3)cc2C1	piperazine-chloroacetamide	TAM-UNI-d1c3dd9f-5		False	True	4.39593	40.1854	4.41568	38.3992	99	2.46358
TAM-UNI-d1c3dd9f-12	O=C(CCl)N1CCN(Cc2cccc(CNC(=O)N3CCOCC3)c2)CC1	piperazine-chloroacetamide	TAM-UNI-d1c3dd9f-12		False	True			4.29828	50.3175		
TAM-UNI-d1c3dd9f-18	CC(=O)Nc1ccc(C#N)cc1CN1CCN(C(=O)CCl)CC1	piperazine-chloroacetamide	TAM-UNI-d1c3dd9f-18		False	True			4.75715	17.4924		
MAK-UNK-af83ef51-2	CC(CCc1ccccc1)N1CCN(C(=O)CCl)CC1	piperazine-chloroacetamide	MAK-UNK-af83ef51-2		False	True	4.69313	20.2707	4.867	13.583	99	4.88389
MAK-UNK-af83ef51-6	Cc1cccc(CC2CCN(C(=O)CCl)CC2)c1	Unassigned	MAK-UNK-af83ef51-6		False	True	4.83195	14.7248	5.34739	4.49379	99	6.72337
GIA-UNK-20b63697-2	O=C(CCl)N1CCN(C(c2ccccc2)C2CCOCC2)CC1	piperazine-chloroacetamide	GIA-UNK-20b63697-2		False	True	4.66227	21.7638	5.77263	1.688	99	4.54884
GIA-UNK-20b63697-6	O=C(CCl)N1CCN(C(c2ccccc2)C2CCCCC2)CC1	piperazine-chloroacetamide	GIA-UNK-20b63697-6		False	True	5.36148	4.35031	6.19141	0.643563	99	22.757
DAR-DIA-fb20be43-4	CCNc1ncc(C#N)cc1CN1CCN(C(=O)CCl)CC1	piperazine-chloroacetamide	DAR-DIA-fb20be43-4		False	True	5.49263	3.21639	5.78516	1.63999	99	30.7799
DAR-DIA-fb20be43-6	N#Cc1cc(CN2CCN(C(=O)CCl)CC2)c2ccccc2c1	piperazine-chloroacetamide	DAR-DIA-fb20be43-6		False	True	5.33666	4.60621	5.93465	1.16237	99	21.4927
DAR-DIA-fb20be43-7	COc1cc(CN2CCN(C(=O)CCl)CC2)c2ccccc2c1	piperazine-chloroacetamide	DAR-DIA-fb20be43-7		False	True	5.56143	2.74516	5.79029	1.62073	99	36.0634
WAR-XCH-b6889685-26	NS(=O)(=O)c1ccc(N2CCC(Nc3ccc(F)cc3)CC2)cc1	Unassigned	WAR-XCH-b6889685-26		False	False			4.40651	39.2184		
WAR-XCH-b72a1bbc-11	NS(=O)(=O)c1ccc(N2CCC(N3CCCCCC3)CC2)cc1	Unassigned	WAR-XCH-b72a1bbc-11		False	False			4.8025	15.7581		
WAR-XCH-b72a1bbc-18	NS(=O)(=O)c1ccc(N2CCC([C@@H]3CCCO3)CC2)cc1	Unassigned	WAR-XCH-b72a1bbc-18		False	False			4.00436	99		
BAR-COM-4e090d3a-6	Cn1nncc1CC(=O)NC(c1ccccc1)c1nc2ccccc2n1C	Unassigned	BAR-COM-4e090d3a-6		False	False	4.44747	35.6887			99	2.77399
GAB-REV-70cc3ca5-8	Cc1ccncc1NC(=O)CN(C)S(=O)(=O)c1cccc2cccnc12	Unassigned	GAB-REV-70cc3ca5-8	x3080	False	False	4.00436	99				
ALV-UNI-7ff1a6f9-14	Cc1ccn2c(-c3ccc4[nH]ncc4c3)c(-c3ccc(F)cc3)nc2c1	Unassigned	ALV-UNI-7ff1a6f9-14		False	False			4.00436	99		
DAV-CRI-14a23e73-1	CC(NC(=O)CCl)c1cc(Cl)cc(-c2ccc(S(N)(=O)=O)cc2)c1	Unassigned	DAV-CRI-14a23e73-1		False	True	6.33185	0.46575	6.27933	0.525618	99	212.56
DAV-CRI-3edb475e-4	O=C(CCl)NC(CO)c1cccc(Cl)c1	Unassigned	DAV-CRI-3edb475e-4		False	True	4.00423	99.03			99	0.999697
DAV-CRI-3edb475e-6	CC(NC(=O)CCl)c1cc(F)cc(Cl)c1	Unassigned	DAV-CRI-3edb475e-6		False	True	4.55371	27.9438	4.67875	20.9533	99	3.54282
MAK-UNK-6435e6c2-9	CC1C(O)CCCN1Cc1ccccc1	Unassigned	MAK-UNK-6435e6c2-9	x0464	False	False			4.00436	99		
RUT-UNI-630c5802-20	CCC(C)(C)CCN(Cc1ccsc1)C(=O)Cn1nnc2ccccc21	Unassigned	RUT-UNI-630c5802-20		False	False	4.10536	78.458			99	1.26182
GIA-UNK-a79af1bc-1	Cc1cc(C)nc(NC2CCN(C(=O)CCl)CC2)n1	Unassigned	GIA-UNK-a79af1bc-1		False	True	4.55977	27.5566	4.71055	19.4739	99	3.5926
NIR-THE-0d6461ce-8	Cc1cc(Cl)cc(CC2CCN(C(=O)CCl)CC2)c1	Unassigned	NIR-THE-0d6461ce-8		False	True	5.4468	3.57437	5.90814	1.23554		
NIR-THE-c331be7a-1	Nc1cccc(C2CN(C(=O)CCl)Cc3ccccc32)c1	Unassigned	NIR-THE-c331be7a-1		False	True	5.03483	9.2293	4.94254	11.4146	99	10.7267
NIR-THE-c331be7a-2	N#Cc1cccc(C2CN(C(=O)CCl)Cc3ccccc32)c1	Unassigned	NIR-THE-c331be7a-2	x10678	False	True	5.93104	1.17209	5.84133	1.44102	99	84.4645
NIR-THE-c331be7a-6	Cc1cccc(C2CN(C(=O)CCl)Cc3ccccc32)c1	Unassigned	NIR-THE-c331be7a-6	x10513	False	True	5.69808	2.00412	6.37697	0.419791	99	49.3981
DAN-LON-a5fc619e-3	CC(C)C[C@@H]1CN(C(=O)CCl)CCN1Cc1cccc(Cl)c1	piperazine-chloroacetamide	DAN-LON-a5fc619e-3		False	True	6.10568	0.784006	6.28843	0.514715	99	126.275
DAN-LON-a5fc619e-8	O=C(CCl)N1CC2CC1CN2Cc1cccc(Cl)c1	piperazine-chloroacetamide	DAN-LON-a5fc619e-8		False	True	5.66416	2.16689	6.18346	0.655456		
DAN-LON-a5fc619e-10	O=C(CCl)N1CCN(Cc2cccc(Cl)c2)C[C@@H]1Cc1ccccc1	piperazine-chloroacetamide	DAN-LON-a5fc619e-10		False	True			4.72467	18.8507		
JOH-MSK-a63bdd1d-4	CC(=O)NCCc1c[nH]c2ccc(O)cc12	Unassigned	JOH-MSK-a63bdd1d-4		False	False	4.00218	99.5	4.00436	99		
CHR-SOS-7098f804-10	O=C(Nc1cnccc1Cl)c1cc(Cl)ccc1O	Unassigned	CHR-SOS-7098f804-10		False	False	4.61646	24.1845			99	4.09353
CHR-SOS-7098f804-14	O=C(Nc1cccnc1)c1cc(Cl)ccc1-c1ccccc1	Unassigned	CHR-SOS-7098f804-14		False	False	4.40817	39.0688			99	2.53399
DUN-NEW-f8ce3686-22	CS(=O)(=O)N1CCN(C(=O)CCl)CC1c1ccccc1	piperazine-chloroacetamide	DUN-NEW-f8ce3686-22		False	True	4.97624	10.5624	5.48036	3.30858	99	9.37291
DUN-NEW-f8ce3686-23	O=C(CCl)Nc1nc2c(S(=O)(=O)NCCc3ccccc3)cccc2s1	Unassigned	DUN-NEW-f8ce3686-23	x10899	False	True	4.72347	18.9028	5.06815	8.54762	99	5.23732
DUN-NEW-f8ce3686-24	CC(=O)NCCc1c[nH]c2c(CN3CCN(C(=O)CCl)CC3)cccc12	piperazine-chloroacetamide	DUN-NEW-f8ce3686-24	x10506	False	True	4.76043	17.3608	4.93905	11.5068		
DUN-NEW-f8ce3686-25	CS(=O)(=O)N(CCc1ccccc1)CC1CCN(C(=O)CCl)CC1	Unassigned	DUN-NEW-f8ce3686-25		False	True			4.00436	99		
AGN-NEW-891393a6-1	COc1cc(Cl)cc(OC(=O)Nc2cccnc2)c1	Unassigned	AGN-NEW-891393a6-1		False	False	5.17494	6.68442	5.82002	1.51349	99	14.8106
JOR-UNI-2fc98d0b-6	O=C(Nc1cccnc1)N(CCN1CCOCC1)c1cccc(Cl)c1	3-aminopyridine-like	JOR-UNI-2fc98d0b-6	x10237	False	False			4.00436	99		
JOR-UNI-2fc98d0b-12	O=C(Nc1cccnc1)N(CCC1CCCCC1)c1cccc(Cl)c1	3-aminopyridine-like	JOR-UNI-2fc98d0b-12	x10236	False	False	5.51475	3.05667	5.48144	3.30036	99	32.3882
TRY-UNI-714a760b-3	Cc1c(N)cncc1NC(=O)Cc1cccc(Cl)c1	3-aminopyridine-like	TRY-UNI-714a760b-3	x11317	False	False	5.37445	4.22234	5.0861	8.2017		
TRY-UNI-714a760b-6	Cc1ccncc1NC(=O)Cc1cccc(Cl)c1	3-aminopyridine-like	TRY-UNI-714a760b-6	x2646	False	False	4.6094	24.5812	4.85714	13.8952	99	4.02747
TRY-UNI-714a760b-12	Cc1ccncc1NC(=O)Nc1cccc(Cl)c1	3-aminopyridine-like	TRY-UNI-714a760b-12	x2908	False	False	4.19038	64.5088	4.34019	45.6893	99	1.53467
TRY-UNI-714a760b-18	Cc1ccncc1NC(=O)C(C)c1cccc(Cl)c1	3-aminopyridine-like	TRY-UNI-714a760b-18	x2649	False	False	4.5817	26.1998	4.88714	12.9677	99	3.77866
TRY-UNI-714a760b-19	Cc1c(N)cncc1NC(=O)Cc1cccc(C#N)c1	3-aminopyridine-like	TRY-UNI-714a760b-19	x11318	False	False	4.7941	16.0656	4.49186	32.2211		
TRY-UNI-714a760b-20	Cc1ccncc1NC(=O)Cc1cccc(C#N)c1	3-aminopyridine-like	TRY-UNI-714a760b-20	x2572	False	False	4.212	61.376	4.35806	43.8471	99	1.61301
TRY-UNI-714a760b-22	Cc1ccncc1NC(=O)C(C)c1cccc(C#N)c1	3-aminopyridine-like	TRY-UNI-714a760b-22	x2912	False	False	4.26009	54.9429	4.34379	45.3119	99	1.80187
TRY-UNI-714a760b-24	Cc1ccncc1NC(=O)Nc1cccc(C#N)c1	3-aminopyridine-like	TRY-UNI-714a760b-24		False	False	4.00432	99.01	4.3069	49.3292	99	0.999899
WAR-XCH-eb7b662f-2	N#Cc1cc(Cl)cc(NC(=O)Nc2cccnc2)c1	3-aminopyridine-like	WAR-XCH-eb7b662f-2		False	False	4.00432	99.01			99	0.999899
DAR-DIA-23aa0b97-8	N#Cc1cccc(NC(=O)Nc2cncc(N)c2)c1	3-aminopyridine-like	DAR-DIA-23aa0b97-8		False	False	4.26542	54.273			99	1.82411
DAR-DIA-23aa0b97-11	N#Cc1cccc(NC(=O)Nc2c[nH]c3ncccc23)c1	3-aminopyridine-like	DAR-DIA-23aa0b97-11		False	False	4.19685	63.5549			99	1.55771
DAR-DIA-23aa0b97-19	N#Cc1cccc(NC(=O)Cc2cncc3ccccc23)c1	3-aminopyridine-like	DAR-DIA-23aa0b97-19		False	False	4.57317	26.7195	4.83443	14.6411		
DAR-DIA-23aa0b97-20	O=C(Cc1cncc2ccccc12)Nc1ccccc1	3-aminopyridine-like	DAR-DIA-23aa0b97-20	x2563	False	False	4.23965	57.5904	4.34604	45.0775	99	1.71904
