compound_id	smiles	target	target_abbreviation	assay_type	receptor_class	split	activity_cliff	p_activity	activity_nm	moleculeace_y
CHEMBL234_Ki-0001	CN1C2CCC1CC(OC(c1ccc(F)cc1)c1ccc(F)cc1)C2	Dopamine D3 receptor	D3R	Ki	GPCR	train	non-cliff	6.83863	145	-2.16137
CHEMBL234_Ki-0002	O=C(NCCCN1CCN(c2cccc(Cl)c2Cl)CC1)c1cccc2c1-c1ccccc1C2=O	Dopamine D3 receptor	D3R	Ki	GPCR	test	cliff	7.4437	36	-1.5563
CHEMBL234_Ki-0003	c1ccc(N2CCN(CCCn3c4ccccc4c4ccccc43)CC2)cc1	Dopamine D3 receptor	D3R	Ki	GPCR	train	non-cliff	5.61618	2420	-3.38382
CHEMBL234_Ki-0004	Oc1nc2c(N3CCN(Cc4ccccc4)CC3)cccc2[nH]1	Dopamine D3 receptor	D3R	Ki	GPCR	train	cliff	7.24795	56.5	-1.75205
CHEMBL234_Ki-0005	O=C(NCCCN1CCN(c2ccccc2)CC1)c1cccc2c1-c1ccccc1C2=O	Dopamine D3 receptor	D3R	Ki	GPCR	train	non-cliff	6.36653	430	-2.63347
CHEMBL234_Ki-0006	O=C(NCCCCN1CCN(c2cccc(Cl)c2Cl)CC1)c1ccc2c(c1)-c1ccccc1-2	Dopamine D3 receptor	D3R	Ki	GPCR	train	cliff	9.04576	0.9	0.0457575
CHEMBL234_Ki-0007	O=C(NCCCN1CCN(c2cccc(Cl)c2Cl)CC1)c1cccc2c1Cc1ccccc1-2	Dopamine D3 receptor	D3R	Ki	GPCR	train	cliff	6.76955	170	-2.23045
CHEMBL234_Ki-0008	O=C(NCCCCN1CCN(c2cccc(Cl)c2Cl)CC1)c1ccc2c(c1)-c1ccccc1C2	Dopamine D3 receptor	D3R	Ki	GPCR	train	cliff	8.85387	1.4	-0.146128
CHEMBL234_Ki-0009	O=C1Cc2c(ccc(Cl)c2N2CCN(Cc3ccccc3)CC2)N1	Dopamine D3 receptor	D3R	Ki	GPCR	train	cliff	6.22819	591.3	-2.77181
CHEMBL234_Ki-0010	Fc1ccc(C(OC2CC3CCC(C2)N3Cc2ccc(Cl)c(Cl)c2)c2ccc(F)cc2)cc1	Dopamine D3 receptor	D3R	Ki	GPCR	test	non-cliff	6.55752	277	-2.44248
CHEMBL234_Ki-0011	COc1ccc(NS(=O)(=O)c2ccc(Br)cc2)cc1N1CCN(C)CC1	Dopamine D3 receptor	D3R	Ki	GPCR	test	non-cliff	6.1	794.33	-2.9
CHEMBL234_Ki-0012	O=C(NCCCCN1CCN(c2cccc(Cl)c2Cl)CC1)c1cccc2c1-c1ccccc1C2=O	Dopamine D3 receptor	D3R	Ki	GPCR	train	cliff	8.46428	3.43333	-0.535716
CHEMBL234_Ki-0013	COc1ccc(NS(=O)(=O)c2sc3ccc(Cl)cc3c2C)cc1N1CCN(C)CC1	Dopamine D3 receptor	D3R	Ki	GPCR	train	non-cliff	6.69999	199.53	-2.30001
CHEMBL234_Ki-0014	CN1C2CCC1CC(OC(c1ccccc1)c1ccc(Cl)cc1)C2	Dopamine D3 receptor	D3R	Ki	GPCR	train	non-cliff	5.26922	5380	-3.73078
CHEMBL234_Ki-0015	O=C(NCCCN1CCN(c2ccccc2)CC1)c1ccc2c(c1)Cc1ccccc1-2	Dopamine D3 receptor	D3R	Ki	GPCR	train	non-cliff	5.83565	1460	-3.16435
CHEMBL234_Ki-0016	O=C(NCCCN1CCN(c2cccc(Cl)c2Cl)CC1)c1ccc2c(c1)Cc1ccccc1-2	Dopamine D3 receptor	D3R	Ki	GPCR	train	cliff	6.95861	110	-2.04139
CHEMBL234_Ki-0017	O=C1Cc2c(cccc2N2CCN(Cc3ccccc3)CC2)N1	Dopamine D3 receptor	D3R	Ki	GPCR	train	cliff	8.26761	5.4	-0.732394
CHEMBL234_Ki-0018	OC1CCc2c(c3ccccc3n2CCCN2CCN(c3ccccc3)CC2)C1	Dopamine D3 receptor	D3R	Ki	GPCR	train	non-cliff	5.39686	4010	-3.60314
CHEMBL234_Ki-0019	CN1[C@H]2CC[C@@H]1C[C@H](OC(c1ccc(Cl)cc1)c1ccc(Cl)cc1)C2	Dopamine D3 receptor	D3R	Ki	GPCR	train	non-cliff	6.65758	220	-2.34242
CHEMBL234_Ki-0020	c1ccc(CN2CCN(c3cccc4[nH]cnc34)CC2)cc1	Dopamine D3 receptor	D3R	Ki	GPCR	train	cliff	6.06023	870.5	-2.93977
CHEMBL234_Ki-0021	Fc1ccc(C(OCCN2C3CCC2CC(OC(c2ccc(F)cc2)c2ccc(F)cc2)C3)c2ccc(F)cc2)cc1	Dopamine D3 receptor	D3R	Ki	GPCR	train	non-cliff	6.66959	214	-2.33041
CHEMBL234_Ki-0022	O=C(NCCCCN1CCN(c2cccc(Cl)c2Cl)CC1)C1c2ccccc2-c2ccccc21	Dopamine D3 receptor	D3R	Ki	GPCR	train	non-cliff	7.72125	19	-1.27875
CHEMBL234_Ki-0023	O=C1c2ccccc2C(=O)N1CCCCCN1CCN(c2cccc(Cl)c2Cl)CC1	Dopamine D3 receptor	D3R	Ki	GPCR	train	non-cliff	8.10791	7.8	-0.892095
CHEMBL234_Ki-0024	Fc1ccc(C(OCCOC2CC3CCC(C2)N3)c2ccc(F)cc2)cc1	Dopamine D3 receptor	D3R	Ki	GPCR	test	non-cliff	5.5986	2520	-3.4014
CHEMBL234_Ki-0025	O=C1c2ccccc2C(=O)N1CCCCN1CCN(c2cccc(Cl)c2Cl)CC1	Dopamine D3 receptor	D3R	Ki	GPCR	train	cliff	8.38722	4.1	-0.612784
CHEMBL234_Ki-0026	O=C(NCCCN1CCN(c2ccccc2)CC1)C1c2ccccc2-c2ccccc21	Dopamine D3 receptor	D3R	Ki	GPCR	train	non-cliff	6.46852	340	-2.53148
CHEMBL234_Ki-0027	Oc1cccc(N2CCN(Cc3ccccc3)CC2)c1	Dopamine D3 receptor	D3R	Ki	GPCR	train	non-cliff	7.5391	28.9	-1.4609
CHEMBL234_Ki-0028	c1ccc(CN2CCN(c3cccc4[nH]ccc34)CC2)cc1	Dopamine D3 receptor	D3R	Ki	GPCR	train	cliff	7.451	35.4	-1.549
CHEMBL234_Ki-0029	CN1C2CCC1CC(OC1c3ccccc3Cc3ccccc31)C2	Dopamine D3 receptor	D3R	Ki	GPCR	train	non-cliff	6.71444	193	-2.28556
CHEMBL234_Ki-0030	CCN(CC)CCOCCOC1(c2ccccc2)CCCC1	Dopamine D3 receptor	D3R	Ki	GPCR	train	non-cliff	5.21467	6100	-3.78533
CHEMBL234_Ki-0031	Fc1ccc(C(O[C@@H]2C[C@@H]3CC[C@H](C2)N3CCCCc2ccccc2)c2ccc(F)cc2)cc1	Dopamine D3 receptor	D3R	Ki	GPCR	train	non-cliff	7.86012	13.8	-1.13988
CHEMBL234_Ki-0032	C=CCN1C2CCC1CC(OC(c1ccc(F)cc1)c1ccc(F)cc1)C2	Dopamine D3 receptor	D3R	Ki	GPCR	train	non-cliff	6.88606	130	-2.11394
CHEMBL234_Ki-0033	O=C(NCCCN1CCN(c2cccc(Cl)c2Cl)CC1)C1c2ccccc2-c2ccccc21	Dopamine D3 receptor	D3R	Ki	GPCR	train	non-cliff	7.61979	24	-1.38021
CHEMBL234_Ki-0034	Brc1ccc(N2CCN(Cc3ccccc3)CC2)c2cc[nH]c12	Dopamine D3 receptor	D3R	Ki	GPCR	train	non-cliff	7.25181	56	-1.74819
CHEMBL234_Ki-0035	FC(F)(F)c1nc2c(N3CCN(Cc4ccccc4)CC3)cccc2[nH]1	Dopamine D3 receptor	D3R	Ki	GPCR	train	non-cliff	7.83268	14.7	-1.16732
CHEMBL234_Ki-0036	Clc1cccc(C(OC2CC3CCC(C2)N3CCCc2ccccc2)c2ccccc2)c1	Dopamine D3 receptor	D3R	Ki	GPCR	train	non-cliff	7.13847	72.7	-1.86153
CHEMBL234_Ki-0037	O=C(NCCCCCN1CCN(c2cccc(Cl)c2Cl)CC1)c1cccc2c1-c1ccccc1C2=O	Dopamine D3 receptor	D3R	Ki	GPCR	test	non-cliff	7.55284	28	-1.44716
CHEMBL234_Ki-0038	Clc1ccc2[nH]ccc2c1N1CCN(Cc2ccccc2)CC1	Dopamine D3 receptor	D3R	Ki	GPCR	train	cliff	7.02091	95.3	-1.97909
CHEMBL234_Ki-0039	O=C(NCCCN1CCN(c2ccccc2)CC1)c1cccc2c1Cc1ccccc1-2	Dopamine D3 receptor	D3R	Ki	GPCR	train	non-cliff	6.36653	430	-2.63347
CHEMBL234_Ki-0040	Fc1ccc(C(OC2CC3CCC(C2)N3Cc2cccc3ccccc23)c2ccc(F)cc2)cc1	Dopamine D3 receptor	D3R	Ki	GPCR	train	non-cliff	6.95078	112	-2.04922
CHEMBL234_Ki-0041	Fc1ccc(C(OC2CC3CCC(C2)N3Cc2cc3ccccc3[nH]2)c2ccc(F)cc2)cc1	Dopamine D3 receptor	D3R	Ki	GPCR	train	non-cliff	7.27409	53.2	-1.72591
CHEMBL234_Ki-0042	Fc1ccc(C(OC2CC3CCC(C2)N3Cc2ccccc2)c2ccc(F)cc2)cc1	Dopamine D3 receptor	D3R	Ki	GPCR	test	non-cliff	7.1986	63.3	-1.8014
CHEMBL234_Ki-0043	CCCN1CCC[C@@H](c2cccc(OS(=O)(=O)c3ccc(C)cc3)c2)C1	Dopamine D3 receptor	D3R	Ki	GPCR	train	non-cliff	7.03621	92	-1.96379
CHEMBL234_Ki-0044	CCCN1CCC[C@@H](c2cccc(S(C)(=O)=O)c2)C1	Dopamine D3 receptor	D3R	Ki	GPCR	train	non-cliff	5.88439	1305	-3.11561
CHEMBL234_Ki-0045	COc1ccccc1N1CCN(CNC(=O)c2ccc(Cl)cc2)CC1	Dopamine D3 receptor	D3R	Ki	GPCR	train	cliff	6.57187	268	-2.42813
CHEMBL234_Ki-0046	N#Cc1cccc([C@@H]2CCCN(CC3CC3)C2)c1	Dopamine D3 receptor	D3R	Ki	GPCR	train	non-cliff	6.28233	522	-2.71767
CHEMBL234_Ki-0047	O=C(NCN1CCN(c2ccccc2Cl)CC1)c1ccccc1	Dopamine D3 receptor	D3R	Ki	GPCR	train	non-cliff	6.75203	177	-2.24797
CHEMBL234_Ki-0048	CCCN1CCC[C@@H](c2cccc(Br)c2)C1	Dopamine D3 receptor	D3R	Ki	GPCR	train	non-cliff	6.767	171	-2.233
CHEMBL234_Ki-0049	CCCN1CCC[C@@H](c2cccc(CC#N)c2)C1	Dopamine D3 receptor	D3R	Ki	GPCR	train	non-cliff	6.29328	509	-2.70672
CHEMBL234_Ki-0050	CCN1CCC[C@@H](c2cccc(C#N)c2)C1	Dopamine D3 receptor	D3R	Ki	GPCR	train	non-cliff	6.28904	514	-2.71096
CHEMBL234_Ki-0051	O=S(=O)(Oc1cccc([C@@H]2CCCN(CCc3ccccc3)C2)c1)C(F)(F)F	Dopamine D3 receptor	D3R	Ki	GPCR	train	non-cliff	7.72125	19	-1.27875
CHEMBL234_Ki-0052	CCc1sccc1N1CCC[C@@H](c2cccc(C#N)c2)C1	Dopamine D3 receptor	D3R	Ki	GPCR	train	non-cliff	7.25181	56	-1.74819
CHEMBL234_Ki-0053	Cc1ccc(C(=O)NCN2CCN(c3ccccc3C#N)CC2)cc1	Dopamine D3 receptor	D3R	Ki	GPCR	train	non-cliff	6.42366	377	-2.57634
CHEMBL234_Ki-0054	N#Cc1ccccc1N1CCN(CNC(=O)c2ccc(Cl)cc2)CC1	Dopamine D3 receptor	D3R	Ki	GPCR	train	non-cliff	6.22185	600	-2.77815
CHEMBL234_Ki-0055	CCCN1CCC[C@@H](c2ccccc2)C1	Dopamine D3 receptor	D3R	Ki	GPCR	train	non-cliff	6.10958	777	-2.89042
CHEMBL234_Ki-0056	CCCc1cccc([C@@H]2CCCN(CCC)C2)c1	Dopamine D3 receptor	D3R	Ki	GPCR	test	non-cliff	7.0655	86	-1.9345
CHEMBL234_Ki-0057	CCCN1CCC[C@@H](c2cccc(SC)c2)C1	Dopamine D3 receptor	D3R	Ki	GPCR	train	cliff	6.85699	139	-2.14301
CHEMBL234_Ki-0058	CCCN1CCC[C@@H](c2cccc(S(=O)(=O)N(C)C)c2)C1	Dopamine D3 receptor	D3R	Ki	GPCR	test	non-cliff	6.76955	170	-2.23045
CHEMBL234_Ki-0059	Cc1cccc(C(=O)NCN2CCN(c3ccccc3Cl)CC2)c1	Dopamine D3 receptor	D3R	Ki	GPCR	test	non-cliff	6.33348	464	-2.66652
CHEMBL234_Ki-0060	CC(C)N1CCC[C@@H](c2cccc(C#N)c2)C1	Dopamine D3 receptor	D3R	Ki	GPCR	train	non-cliff	6.57187	268	-2.42813
CHEMBL234_Ki-0061	C1=C(c2ccccc2)CCN(C[C@@H]2CCC=C(c3ccccc3)C2)C1	Dopamine D3 receptor	D3R	Ki	GPCR	train	cliff	7.77989	16.6	-1.22011
CHEMBL234_Ki-0062	CCCN1CCC[C@@H](c2cccc(-c3ccsc3)c2)C1	Dopamine D3 receptor	D3R	Ki	GPCR	train	non-cliff	7.10791	78	-1.89209
CHEMBL234_Ki-0063	CCCN1CCC[C@@H](c2ccc(OS(=O)(=O)C(F)(F)F)cc2)C1	Dopamine D3 receptor	D3R	Ki	GPCR	train	cliff	5.94462	1136	-3.05538
CHEMBL234_Ki-0064	CCCN1CCC2c3cccc(OS(=O)(=O)C(F)(F)F)c3CCC21	Dopamine D3 receptor	D3R	Ki	GPCR	train	non-cliff	7.21467	61	-1.78533
CHEMBL234_Ki-0065	N#Cc1cccc([C@@H]2CCCN(CCCc3ccccc3)C2)c1	Dopamine D3 receptor	D3R	Ki	GPCR	train	non-cliff	7.4437	36	-1.5563
CHEMBL234_Ki-0066	Oc1ccc(C2=CCN(C[C@@H]3CCC=C(c4ccc(O)cc4)C3)CC2)cc1	Dopamine D3 receptor	D3R	Ki	GPCR	train	cliff	8.46852	3.4	-0.531479
CHEMBL234_Ki-0067	CCCN1CCC[C@@H](c2cccc(C)c2)C1	Dopamine D3 receptor	D3R	Ki	GPCR	train	non-cliff	6.24185	573	-2.75815
CHEMBL234_Ki-0068	CCCN1CCC[C@@H](c2cccc(CO)c2)C1	Dopamine D3 receptor	D3R	Ki	GPCR	train	cliff	5.83535	1461	-3.16465
CHEMBL234_Ki-0069	N#Cc1cccc([C@@H]2CCCNC2)c1	Dopamine D3 receptor	D3R	Ki	GPCR	train	non-cliff	6.19997	631	-2.80003
CHEMBL234_Ki-0070	Cc1ccc(C(=O)NCN2CCN(c3ccccc3Cl)CC2)cc1	Dopamine D3 receptor	D3R	Ki	GPCR	test	non-cliff	7.3098	49	-1.6902
CHEMBL234_Ki-0071	C=CCN1CCC[C@@H](c2cccc(C#N)c2)C1	Dopamine D3 receptor	D3R	Ki	GPCR	train	non-cliff	6.18177	658	-2.81823
CHEMBL234_Ki-0072	CCCN1CCC[C@@H](c2ccc(OS(=O)(=O)C(F)(F)F)c(OS(=O)(=O)C(F)(F)F)c2)C1	Dopamine D3 receptor	D3R	Ki	GPCR	test	non-cliff	6.47108	338	-2.52892
CHEMBL234_Ki-0073	CN1CCC[C@@H](c2cccc(C#N)c2)C1	Dopamine D3 receptor	D3R	Ki	GPCR	test	non-cliff	5.75473	1759	-3.24527
CHEMBL234_Ki-0074	COc1ccccc1N1CCN(CNC(=O)c2ccc(C)cc2)CC1	Dopamine D3 receptor	D3R	Ki	GPCR	test	cliff	6.75945	174	-2.24055
CHEMBL234_Ki-0075	CCCN1CCC[C@@H](c2cccc(OS(C)(=O)=O)c2)C1	Dopamine D3 receptor	D3R	Ki	GPCR	train	non-cliff	6.00966	978	-2.99034
CHEMBL234_Ki-0076	N#Cc1cccc([C@@H]2CCCN(CCc3ccccc3)C2)c1	Dopamine D3 receptor	D3R	Ki	GPCR	train	non-cliff	7.22915	59	-1.77085
CHEMBL234_Ki-0077	CCCN1CCC[C@@H](c2cccc(OS(=O)(=O)C(F)(F)F)c2)C1	Dopamine D3 receptor	D3R	Ki	GPCR	train	cliff	7.16749	68	-1.83251
CHEMBL234_Ki-0078	CCCN1CCC[C@@H](c2cccc(OCC(F)(F)F)c2)C1	Dopamine D3 receptor	D3R	Ki	GPCR	train	non-cliff	5.84955	1414	-3.15045
CHEMBL234_Ki-0079	Oc1ccc(C2=CCN(C[C@@H]3CCC=C(c4ccccc4)C3)CC2)cc1	Dopamine D3 receptor	D3R	Ki	GPCR	train	cliff	7.24642	56.7	-1.75358
CHEMBL234_Ki-0080	COc1ccccc1N1CCN(CNC(=O)c2cccc(C)c2)CC1	Dopamine D3 receptor	D3R	Ki	GPCR	train	cliff	5.60555	2480	-3.39445
CHEMBL234_Ki-0081	N#Cc1ccccc1N1CCN(CNC(=O)c2cccc(Cl)c2)CC1	Dopamine D3 receptor	D3R	Ki	GPCR	train	non-cliff	5.64397	2270	-3.35603
CHEMBL234_Ki-0082	O=C(NCN1CCN(c2ccccc2Cl)CC1)c1ccc(Cl)cc1	Dopamine D3 receptor	D3R	Ki	GPCR	train	cliff	7.18046	66	-1.81954
CHEMBL234_Ki-0083	CCCN1CCC[C@@H](c2cccc(C(C)=O)c2)C1	Dopamine D3 receptor	D3R	Ki	GPCR	train	cliff	5.66756	2150	-3.33244
CHEMBL234_Ki-0084	CCCN1CCC[C@@H](c2ccccc2OS(=O)(=O)C(F)(F)F)C1	Dopamine D3 receptor	D3R	Ki	GPCR	train	non-cliff	5.50682	3113	-3.49318
CHEMBL234_Ki-0085	CCC(C)N1CCC[C@@H](c2cccc(C#N)c2)C1	Dopamine D3 receptor	D3R	Ki	GPCR	train	non-cliff	6.97881	105	-2.02119
CHEMBL234_Ki-0086	COc1ccccc1N1CCN(CNC(=O)c2cccc(Cl)c2)CC1	Dopamine D3 receptor	D3R	Ki	GPCR	train	cliff	5.83863	1450	-3.16137
CHEMBL234_Ki-0087	O=C(NCN1CCN(c2ccccc2Cl)CC1)c1cccc(Cl)c1	Dopamine D3 receptor	D3R	Ki	GPCR	train	non-cliff	6.4389	364	-2.5611
CHEMBL234_Ki-0088	C#Cc1cccc([C@@H]2CCCN(CCC)C2)c1	Dopamine D3 receptor	D3R	Ki	GPCR	train	non-cliff	6.4698	339	-2.5302
CHEMBL234_Ki-0089	Oc1ccc(C2=CCC[C@@H](CN3CC=C(c4ccccc4)CC3)C2)cc1	Dopamine D3 receptor	D3R	Ki	GPCR	train	cliff	9.284	0.52	0.283997
CHEMBL234_Ki-0090	CCCN1CCC[C@@H](c2cccc(C=O)c2)C1	Dopamine D3 receptor	D3R	Ki	GPCR	train	cliff	7.08092	83	-1.91908
CHEMBL234_Ki-0091	COc1ccccc1N1CCN(CNC(=O)c2ccccc2)CC1	Dopamine D3 receptor	D3R	Ki	GPCR	train	cliff	5.6073	2470	-3.3927
CHEMBL234_Ki-0092	Clc1ccc(N2CCN(Cc3cccn4nccc34)CC2)cc1	Dopamine D3 receptor	D3R	Ki	GPCR	train	non-cliff	4.92082	12000	-4.07918
CHEMBL234_Ki-0093	Clc1ccc(N2CCN(Cc3cccc4ccnn34)CC2)cc1	Dopamine D3 receptor	D3R	Ki	GPCR	train	non-cliff	5	10000	-4
CHEMBL234_Ki-0094	Clc1ccc(N2CCN(Cc3ccc4ccnn4c3)CC2)cc1	Dopamine D3 receptor	D3R	Ki	GPCR	train	cliff	5.3098	4900	-3.6902
CHEMBL234_Ki-0095	CN[C@@H]1Cc2cccc3ncn(c23)C1	Dopamine D3 receptor	D3R	Ki	GPCR	train	non-cliff	5.60924	2459	-3.39076
CHEMBL234_Ki-0096	CCCN1C[C@H](CSC)C[C@@H]2c3cccc4[nH]cc(c34)C[C@H]21	Dopamine D3 receptor	D3R	Ki	GPCR	train	non-cliff	8.65214	2.2277	-0.347857
CHEMBL234_Ki-0097	CCOC(=O)c1cnn2cccc(CN3CCN(c4ccc(Cl)cc4)CC3)c12	Dopamine D3 receptor	D3R	Ki	GPCR	test	non-cliff	4.92082	12000	-4.07918
CHEMBL234_Ki-0098	CN(C)[C@@H]1Cc2cccc3ncn(c23)C1	Dopamine D3 receptor	D3R	Ki	GPCR	train	non-cliff	5.53047	2948	-3.46953
CHEMBL234_Ki-0099	CN(C)[C@@H]1Cc2cccc3nc(O)n(c23)C1	Dopamine D3 receptor	D3R	Ki	GPCR	train	cliff	5.71467	1929	-3.28533
CHEMBL234_Ki-0100	OCc1cnn2cccc(CN3CCN(c4ccc(Cl)cc4)CC3)c12	Dopamine D3 receptor	D3R	Ki	GPCR	test	non-cliff	4.63827	23000	-4.36173
CHEMBL234_Ki-0101	CCCN[C@@H]1Cc2cccc3nc(O)n(c23)C1	Dopamine D3 receptor	D3R	Ki	GPCR	train	cliff	7.51215	30.75	-1.48785
CHEMBL234_Ki-0102	CCCN1CCCC(c2cccc(O)c2)C1	Dopamine D3 receptor	D3R	Ki	GPCR	train	non-cliff	6.87943	132	-2.12057
CHEMBL234_Ki-0103	CCCN(CCC)[C@@H]1CCc2c(OC)cccc2[C@@H]1C	Dopamine D3 receptor	D3R	Ki	GPCR	train	non-cliff	8.3837	4.13333	-0.6163
CHEMBL234_Ki-0104	CCCN[C@@H]1CCc2c(OC)cccc2[C@@H]1C	Dopamine D3 receptor	D3R	Ki	GPCR	train	non-cliff	7.58503	26	-1.41497
CHEMBL234_Ki-0105	Cc1ccc(OCCCNCCOc2ccc(Cl)cc2)cc1	Dopamine D3 receptor	D3R	Ki	GPCR	train	non-cliff	6.75101	177.415	-2.24899
CHEMBL234_Ki-0106	Cc1ccc(OCCNCCCOc2ccccc2)cc1Cl	Dopamine D3 receptor	D3R	Ki	GPCR	train	cliff	8.40949	3.895	-0.590507
CHEMBL234_Ki-0107	COc1ccc(N2CCN(CCNC(=O)c3cc(Br)c4ccccc4c3OC)CC2)cc1	Dopamine D3 receptor	D3R	Ki	GPCR	train	cliff	6.13608	731	-2.86392
CHEMBL234_Ki-0108	COc1ccc(OCCNCCCOc2ccccc2)cc1	Dopamine D3 receptor	D3R	Ki	GPCR	train	cliff	6.43148	370.27	-2.56852
CHEMBL234_Ki-0109	COc1c(C(=O)NCCN2CCN(c3ccccc3)CC2)cc(Cl)c2ccccc12	Dopamine D3 receptor	D3R	Ki	GPCR	train	cliff	7.27934	52.56	-1.72066
CHEMBL234_Ki-0110	CCOc1c(C(=O)NCCN2CCN(c3ccccc3)CC2)cc(Br)c2ccccc12	Dopamine D3 receptor	D3R	Ki	GPCR	train	cliff	6.58654	259.095	-2.41346
CHEMBL234_Ki-0111	COc1c(C(=O)NCCN2CCN(c3ccccc3)CC2)cc(C#N)c2ccccc12	Dopamine D3 receptor	D3R	Ki	GPCR	train	non-cliff	6.88273	131	-2.11727
CHEMBL234_Ki-0112	COc1c(C(=O)NCCN2CCN(c3cccc(Cl)c3)CC2)cc(Br)c2ccccc12	Dopamine D3 receptor	D3R	Ki	GPCR	train	non-cliff	7.39897	39.905	-1.60103
CHEMBL234_Ki-0113	c1ccc(CCCNCCCOc2ccccc2)cc1	Dopamine D3 receptor	D3R	Ki	GPCR	test	cliff	7.76955	17	-1.23045
CHEMBL234_Ki-0114	COc1c(C(=O)NCCN2CCN(c3ccccc3)CC2)ccc2ccccc12	Dopamine D3 receptor	D3R	Ki	GPCR	train	cliff	6.56864	270	-2.43136
CHEMBL234_Ki-0115	Cc1ccc(OCCNCCCOc2ccccc2)cc1	Dopamine D3 receptor	D3R	Ki	GPCR	test	cliff	6.77106	169.41	-2.22894
CHEMBL234_Ki-0116	COc1c(C(=O)NCCN2CCN(c3ccccc3)CC2)cc(Br)c2ccccc12	Dopamine D3 receptor	D3R	Ki	GPCR	train	cliff	7.60977	24.56	-1.39023
CHEMBL234_Ki-0117	Fc1ccc(OCCCNCCOc2ccc(Cl)cc2)cc1	Dopamine D3 receptor	D3R	Ki	GPCR	train	cliff	7.00939	97.86	-1.99061
CHEMBL234_Ki-0118	Cc1ccc(OCCNCCCOc2ccc(Br)cc2)cc1	Dopamine D3 receptor	D3R	Ki	GPCR	train	cliff	5.76978	1699.12	-3.23022
CHEMBL234_Ki-0119	Cc1ccc(OCCNCCCOc2ccc(F)cc2)cc1	Dopamine D3 receptor	D3R	Ki	GPCR	test	non-cliff	6.63225	233.21	-2.36775
CHEMBL234_Ki-0120	Clc1ccc(OCCNCCCOc2ccccc2)cc1	Dopamine D3 receptor	D3R	Ki	GPCR	test	cliff	7.50934	30.95	-1.49066
CHEMBL234_Ki-0121	Cc1ccc(OCCCNCCOc2ccccc2)cc1	Dopamine D3 receptor	D3R	Ki	GPCR	train	non-cliff	7.18023	66.035	-1.81977
CHEMBL234_Ki-0122	COc1c(C(=O)NCCN2CCN(c3ccc(Cl)cc3)CC2)cc(Br)c2ccccc12	Dopamine D3 receptor	D3R	Ki	GPCR	test	cliff	6.87943	132	-2.12057
CHEMBL234_Ki-0123	COc1c(C(=O)NCCN2CCN(c3ccccc3C)CC2)cc(Br)c2ccccc12	Dopamine D3 receptor	D3R	Ki	GPCR	train	non-cliff	7.1901	64.55	-1.8099
CHEMBL234_Ki-0124	COc1c(C(=O)NCCN2CCN(c3ccc(C)cc3)CC2)cc(Br)c2ccccc12	Dopamine D3 receptor	D3R	Ki	GPCR	train	cliff	6.59245	255.595	-2.40755
CHEMBL234_Ki-0125	COc1ccccc1N1CCN(CCNC(=O)c2cc(Br)c3ccccc3c2OC)CC1	Dopamine D3 receptor	D3R	Ki	GPCR	test	non-cliff	7.1095	77.715	-1.8905
CHEMBL234_Ki-0126	Cc1ccc(OCCCNCCOc2ccc(C)cc2)cc1	Dopamine D3 receptor	D3R	Ki	GPCR	train	non-cliff	6.62947	234.71	-2.37053
CHEMBL234_Ki-0127	Cc1ccc(OCCNCCCOc2ccccc2)cc1C	Dopamine D3 receptor	D3R	Ki	GPCR	train	cliff	7.13835	72.72	-1.86165
CHEMBL234_Ki-0128	COc1c(C(=O)NCCN2CCN(c3cccc(C)c3C)CC2)cc(Br)c2ccccc12	Dopamine D3 receptor	D3R	Ki	GPCR	test	non-cliff	7.30051	50.06	-1.69949
CHEMBL234_Ki-0129	Cc1ccc(OCCNCCCOc2ccccc2C)cc1	Dopamine D3 receptor	D3R	Ki	GPCR	train	cliff	6.41954	380.595	-2.58046
CHEMBL234_Ki-0130	O=[N+]([O-])c1ccc(OCCNCCCOc2ccccc2)cc1	Dopamine D3 receptor	D3R	Ki	GPCR	train	non-cliff	6.46109	345.87	-2.53891
CHEMBL234_Ki-0131	COc1c(C(=O)NCCN2CCN(c3cccc([N+](=O)[O-])c3)CC2)cc(Br)c2ccccc12	Dopamine D3 receptor	D3R	Ki	GPCR	train	cliff	6.18575	652	-2.81425
CHEMBL234_Ki-0132	Cc1ccc(OCCNCCCOc2cccc(C)c2)cc1	Dopamine D3 receptor	D3R	Ki	GPCR	train	non-cliff	6.71834	191.275	-2.28166
CHEMBL234_Ki-0133	COc1cccc(N2CCN(CCNC(=O)c3cc(Br)c4ccccc4c3OC)CC2)c1	Dopamine D3 receptor	D3R	Ki	GPCR	train	non-cliff	6.18575	652	-2.81425
CHEMBL234_Ki-0134	COc1c(C(=O)NCCN2CCN(c3ccccc3[N+](=O)[O-])CC2)cc(Br)c2ccccc12	Dopamine D3 receptor	D3R	Ki	GPCR	train	cliff	7.61979	24	-1.38021
CHEMBL234_Ki-0135	COc1c(C(=O)NCCN2CCN(c3ccc([N+](=O)[O-])cc3)CC2)cc(Br)c2ccccc12	Dopamine D3 receptor	D3R	Ki	GPCR	train	non-cliff	6.13608	731	-2.86392
CHEMBL234_Ki-0136	Oc1ccc(OCCNCCCOc2ccccc2)cc1	Dopamine D3 receptor	D3R	Ki	GPCR	test	cliff	6.62854	235.21	-2.37146
CHEMBL234_Ki-0137	Cc1ccc(CCCNCCCOc2ccccc2)cc1	Dopamine D3 receptor	D3R	Ki	GPCR	train	cliff	6.45967	347	-2.54033
CHEMBL234_Ki-0138	Clc1ccccc1OCCNCCCOc1ccccc1	Dopamine D3 receptor	D3R	Ki	GPCR	test	cliff	7.76981	16.99	-1.23019
CHEMBL234_Ki-0139	Clc1ccc(OCCNCCCSc2ccccc2)cc1	Dopamine D3 receptor	D3R	Ki	GPCR	train	non-cliff	7.02228	95	-1.97772
CHEMBL234_Ki-0140	COc1c(C(=O)NCCN2CCN(c3cccc(Cl)c3Cl)CC2)cc(Br)c2ccccc12	Dopamine D3 receptor	D3R	Ki	GPCR	train	cliff	8.09691	8	-0.90309
CHEMBL234_Ki-0141	c1ccc(OCCCNCCOc2ccccc2)cc1	Dopamine D3 receptor	D3R	Ki	GPCR	train	non-cliff	6.86822	135.45	-2.13178
CHEMBL234_Ki-0142	COc1c(C(=O)NCCN2CCN(c3ccccc3Cl)CC2)cc(Br)c2ccccc12	Dopamine D3 receptor	D3R	Ki	GPCR	train	non-cliff	7.40445	39.405	-1.59555
CHEMBL234_Ki-0143	Cc1ccc(OCCNCCCSc2ccccc2)cc1	Dopamine D3 receptor	D3R	Ki	GPCR	test	non-cliff	7.25181	56	-1.74819
CHEMBL234_Ki-0144	COc1ccc(NS(=O)(=O)c2sc3ccc(Cl)cc3c2C)cc1N1CCN2CCCCC2C1	Dopamine D3 receptor	D3R	Ki	GPCR	train	non-cliff	6	1000	-3
CHEMBL234_Ki-0145	N#Cc1ccc2c(c1)CN(CC[C@H]1CC[C@H](NC(=O)c3cc4ccccc4[nH]3)CC1)C2	Dopamine D3 receptor	D3R	Ki	GPCR	train	non-cliff	7.59998	25.12	-1.40002
CHEMBL234_Ki-0146	N#Cc1ccc2cc(CN3CCN(c4ccc(Cl)c(Cl)c4)CC3)[nH]c2c1	Dopamine D3 receptor	D3R	Ki	GPCR	train	non-cliff	4.48149	33000	-4.51851
CHEMBL234_Ki-0147	O=C(NCCCCN1CC[C@H]2c3ccc(O)cc3CC[C@@H]21)c1ccc(-c2ccccc2)cc1	Dopamine D3 receptor	D3R	Ki	GPCR	train	non-cliff	7.89997	12.59	-1.10003
CHEMBL234_Ki-0148	Nc1ccc(C#CCCN2CC=C(c3ccccc3)CC2)cc1	Dopamine D3 receptor	D3R	Ki	GPCR	train	cliff	7.61979	24	-1.38021
CHEMBL234_Ki-0149	N#Cc1ccc2cc(CN3CCN(c4ccccc4Cl)CC3)[nH]c2c1	Dopamine D3 receptor	D3R	Ki	GPCR	train	non-cliff	6.03621	920	-2.96379
CHEMBL234_Ki-0150	N#Cc1ccc2[nH]cc(CN3CCN(c4ccc(Cl)c(Cl)c4)CC3)c2c1	Dopamine D3 receptor	D3R	Ki	GPCR	train	cliff	6.06048	870	-2.93952
CHEMBL234_Ki-0151	N#Cc1ccc2[nH]cc(CN3CCN(c4ccccc4Cl)CC3)c2c1	Dopamine D3 receptor	D3R	Ki	GPCR	train	non-cliff	6.25964	550	-2.74036
CHEMBL234_Ki-0152	N#Cc1ccc2[nH]cc(CN3CCN(c4ccc(F)cc4)CC3)c2c1	Dopamine D3 receptor	D3R	Ki	GPCR	train	non-cliff	5.284	5200	-3.716
CHEMBL234_Ki-0153	COc1cccc2c1CC[C@H]1[C@H]2CCN1CCCCNC(=O)c1ccc(-c2ccccc2)cc1	Dopamine D3 receptor	D3R	Ki	GPCR	train	non-cliff	7.79997	15.85	-1.20003
CHEMBL234_Ki-0154	COc1ccc2c(c1)CN(CC[C@H]1CC[C@H](NC(=O)/C=C/c3ccc(F)cc3)CC1)C2	Dopamine D3 receptor	D3R	Ki	GPCR	test	non-cliff	8.10002	7.943	-0.899985
CHEMBL234_Ki-0155	N#Cc1ccc2c(c1)CCN(CC[C@H]1CC[C@H](NC(=O)c3ccnc4ccccc34)CC1)C2	Dopamine D3 receptor	D3R	Ki	GPCR	train	non-cliff	8.19573	6.37185	-0.804265
CHEMBL234_Ki-0156	CS(=O)(=O)Oc1cccc2c1CC[C@H]1[C@H]2CCN1CCCCNC(=O)c1ccc(-c2ccccc2)cc1	Dopamine D3 receptor	D3R	Ki	GPCR	test	cliff	8.29999	5.012	-0.700011
CHEMBL234_Ki-0157	COc1cccc(/C=C/C(=O)N[C@H]2CC[C@H](CCN3Cc4ccc(C#N)cc4C3)CC2)c1	Dopamine D3 receptor	D3R	Ki	GPCR	train	non-cliff	8	10	-1
CHEMBL234_Ki-0158	Oc1ccc2[nH]cc(CCCCN3CC=C(c4ccccc4)CC3)c2c1	Dopamine D3 receptor	D3R	Ki	GPCR	train	non-cliff	9.39794	0.4	0.39794
CHEMBL234_Ki-0159	N#Cc1ccc2[nH]cc(CN3CCN(c4ccccc4)CC3)c2c1	Dopamine D3 receptor	D3R	Ki	GPCR	train	non-cliff	5.35655	4400	-3.64345
CHEMBL234_Ki-0160	Nc1cccc(C#CCCN2CC=C(c3ccccc3)CC2)c1	Dopamine D3 receptor	D3R	Ki	GPCR	train	cliff	9.4437	0.36	0.443697
CHEMBL234_Ki-0161	CS(=O)(=O)Oc1ccc2c(c1)CC[C@H]1[C@H]2CCN1CCCCNC(=O)c1ccc(-c2ccccc2)cc1	Dopamine D3 receptor	D3R	Ki	GPCR	test	non-cliff	7.29999	50.12	-1.70001
CHEMBL234_Ki-0162	N#Cc1ccc2[nH]cc(CN3CCN(c4ccc(Cl)cc4)CC3)c2c1	Dopamine D3 receptor	D3R	Ki	GPCR	train	non-cliff	5.19382	6400	-3.80618
CHEMBL234_Ki-0163	N#Cc1ccc2[nH]c(CN3CCN(c4ccc(F)cc4)CC3)cc2c1	Dopamine D3 receptor	D3R	Ki	GPCR	train	non-cliff	4.82391	15000	-4.17609
CHEMBL234_Ki-0164	O=C(NCCCCN1CCC[C@H]2c3ccc(O)cc3CC[C@@H]21)c1ccc(-c2ccccc2)cc1	Dopamine D3 receptor	D3R	Ki	GPCR	train	non-cliff	8.10002	7.943	-0.899985
CHEMBL234_Ki-0165	N#Cc1ccc2[nH]c(CN3CCN(c4ccccc4Cl)CC3)cc2c1	Dopamine D3 receptor	D3R	Ki	GPCR	train	non-cliff	5.76955	1700	-3.23045
CHEMBL234_Ki-0166	O=C(/C=C/c1ccc(F)cc1)N[C@H]1CC[C@H](CCN2Cc3ccc(C(F)(F)F)cc3C2)CC1	Dopamine D3 receptor	D3R	Ki	GPCR	train	non-cliff	8	10	-1
CHEMBL234_Ki-0167	Nc1ccc(C#CCCN2CC=C(c3ccccc3)CC2)cn1	Dopamine D3 receptor	D3R	Ki	GPCR	test	cliff	8.1549	7	-0.845098
CHEMBL234_Ki-0168	N#Cc1ccc2cc(CN3CCN(c4ccccc4)CC3)[nH]c2c1	Dopamine D3 receptor	D3R	Ki	GPCR	train	non-cliff	5.50864	3100	-3.49136
CHEMBL234_Ki-0169	N#Cc1ccc2[nH]c(CN3CCN(c4ccc(Cl)c(Cl)c4)CC3)cc2c1	Dopamine D3 receptor	D3R	Ki	GPCR	train	cliff	4.69897	20000	-4.30103
CHEMBL234_Ki-0170	N#Cc1ccc2[nH]c(CN3CCN(c4ccccc4)CC3)cc2c1	Dopamine D3 receptor	D3R	Ki	GPCR	train	non-cliff	5.76955	1700	-3.23045
CHEMBL234_Ki-0171	N#Cc1ccc2c(c1)CN(CC[C@H]1CC[C@H](NC(=O)/C=C/c3ccc(F)cc3)CC1)C2	Dopamine D3 receptor	D3R	Ki	GPCR	train	non-cliff	7.89997	12.59	-1.10003
CHEMBL234_Ki-0172	C(#Cc1cccnc1)CCN1CC=C(c2ccccc2)CC1	Dopamine D3 receptor	D3R	Ki	GPCR	train	cliff	7.69897	20	-1.30103
CHEMBL234_Ki-0173	C(#Cc1ccncc1)CCN1CC=C(c2ccccc2)CC1	Dopamine D3 receptor	D3R	Ki	GPCR	train	cliff	8.18709	6.5	-0.812913
CHEMBL234_Ki-0174	O=C(NCCCCN1CC[C@H]2c3cccc(O)c3CC[C@@H]21)c1ccc(-c2ccccc2)cc1	Dopamine D3 receptor	D3R	Ki	GPCR	train	non-cliff	8.70006	1.995	-0.299943
CHEMBL234_Ki-0175	N#Cc1ccc2[nH]c(CN3CCN(c4ccc(Cl)cc4)CC3)cc2c1	Dopamine D3 receptor	D3R	Ki	GPCR	test	non-cliff	4.88606	13000	-4.11394
CHEMBL234_Ki-0176	CS(=O)(=O)Oc1ccc2c(c1)CC[C@H]1[C@H]2CCCN1CCCCNC(=O)c1ccc(-c2ccccc2)cc1	Dopamine D3 receptor	D3R	Ki	GPCR	train	cliff	6.69999	199.53	-2.30001
CHEMBL234_Ki-0177	Nc1ccc(C#CCCN2CC=C(c3ccccc3)CC2)nc1	Dopamine D3 receptor	D3R	Ki	GPCR	test	cliff	8.58503	2.6	-0.414973
CHEMBL234_Ki-0178	N#Cc1ccc2c(c1)CN(CC[C@H]1CC[C@H](NC(=O)c3ccnc4ccccc34)CC1)C2	Dopamine D3 receptor	D3R	Ki	GPCR	train	non-cliff	7.19997	63.1	-1.80003
CHEMBL234_Ki-0179	CS(=O)(=O)Oc1ccc2c(c1)CN(CC[C@H]1CC[C@H](NC(=O)/C=C/c3ccc(F)cc3)CC1)C2	Dopamine D3 receptor	D3R	Ki	GPCR	train	non-cliff	8.29999	5.012	-0.700011
CHEMBL234_Ki-0180	O=C(/C=C/c1ccc(F)cc1)N[C@H]1CC[C@H](CCN2Cc3ccc(Br)cc3C2)CC1	Dopamine D3 receptor	D3R	Ki	GPCR	train	non-cliff	8.50004	3.162	-0.499962
CHEMBL234_Ki-0181	c1ccc(CNCCOc2cccc3[nH]cnc23)cc1	Dopamine D3 receptor	D3R	Ki	GPCR	train	non-cliff	7.17263	67.2	-1.82737
CHEMBL234_Ki-0182	FC(F)(F)c1nc2c(OCCNCc3ccccc3)cc(Cl)cc2[nH]1	Dopamine D3 receptor	D3R	Ki	GPCR	train	cliff	7.37882	41.8	-1.62118
CHEMBL234_Ki-0183	c1ccc(CNCCOc2cccc3[nH]ncc23)cc1	Dopamine D3 receptor	D3R	Ki	GPCR	train	non-cliff	8.05552	8.8	-0.944483
CHEMBL234_Ki-0184	C#CCN(CCCCN1CCN(c2ccccc2)CC1)C1CCc2ccc(O)cc2C1	Dopamine D3 receptor	D3R	Ki	GPCR	train	cliff	9.07745	0.836667	0.0774475
CHEMBL234_Ki-0185	CCCN(CCC)[C@@H]1CCc2c(ccc(CCc3ccc(C(F)(F)F)cc3)c2OC)C1	Dopamine D3 receptor	D3R	Ki	GPCR	train	non-cliff	8.19997	6.31	-0.800029
CHEMBL234_Ki-0186	CCCN(CCC)C1CCc2cc(CN(C(N)=O)c3ccc(OC)cc3)ccc2C1	Dopamine D3 receptor	D3R	Ki	GPCR	train	non-cliff	7.59998	25.12	-1.40002
CHEMBL234_Ki-0187	O=C(NCCN(CCCN1CCN(c2ccccc2)CC1)C1CCc2ccc(O)cc2C1)c1ccccc1	Dopamine D3 receptor	D3R	Ki	GPCR	test	cliff	7.25414	55.7	-1.74586
CHEMBL234_Ki-0188	Oc1nc2c(OCCNCc3ccccc3)cccc2[nH]1	Dopamine D3 receptor	D3R	Ki	GPCR	test	cliff	8.38722	4.1	-0.612784
CHEMBL234_Ki-0189	CCCN(CCC)C1CCc2cc(CSc3ccc(OC)cc3)ccc2C1	Dopamine D3 receptor	D3R	Ki	GPCR	train	non-cliff	8.89997	1.259	-0.100026
CHEMBL234_Ki-0190	CCCN(CCC)[C@@H]1CCc2c(ccc(C(O)Cc3ccc(Cl)c(Cl)c3)c2OC)C1	Dopamine D3 receptor	D3R	Ki	GPCR	test	non-cliff	7.70006	19.95	-1.29994
CHEMBL234_Ki-0191	c1ccc(CNCCOc2cccc3[nH]ccc23)cc1	Dopamine D3 receptor	D3R	Ki	GPCR	test	non-cliff	7.70997	19.5	-1.29003
CHEMBL234_Ki-0192	CCCN(CCC)[C@@H]1CCc2c(ccc(CCc3ccc(NS(C)(=O)=O)cc3)c2OC)C1	Dopamine D3 receptor	D3R	Ki	GPCR	train	non-cliff	6.3	501.19	-2.7
CHEMBL234_Ki-0193	CCCN(CCC)C1CCc2cc(CN(C(C)=O)c3ccc(OC)cc3)ccc2C1	Dopamine D3 receptor	D3R	Ki	GPCR	test	non-cliff	8.10002	7.943	-0.899985
CHEMBL234_Ki-0194	C#CCN(CCN1CCN(c2ccccc2)CC1)C1CCc2ccc(O)cc2C1	Dopamine D3 receptor	D3R	Ki	GPCR	test	cliff	7.84771	14.2	-1.15229
CHEMBL234_Ki-0195	FC(F)(F)c1nc2c(OCCNCc3ccccc3)cccc2[nH]1	Dopamine D3 receptor	D3R	Ki	GPCR	train	cliff	8.9393	1.15	-0.0606978
CHEMBL234_Ki-0196	CCCN(CCC)[C@@H]1CCc2c(ccc(C(O)Cc3ccc(OC)cc3)c2OC)C1	Dopamine D3 receptor	D3R	Ki	GPCR	test	non-cliff	7.29999	50.12	-1.70001
CHEMBL234_Ki-0197	CCCN(CCC)[C@@H]1CCc2cc(CS(=O)(=O)c3ccc(I)cc3)ccc2C1	Dopamine D3 receptor	D3R	Ki	GPCR	test	non-cliff	9.79997	0.1585	0.799971
CHEMBL234_Ki-0198	CCCN(CCC)[C@@H]1CCc2c(ccc(C(O)Cc3ccc(Cl)cc3)c2OC)[C@@H]1C	Dopamine D3 receptor	D3R	Ki	GPCR	train	non-cliff	7.59998	25.12	-1.40002
CHEMBL234_Ki-0199	CCCN(CCC)C1CCc2cc(CCc3ccc(C(=O)OCC)cc3)ccc2C1	Dopamine D3 receptor	D3R	Ki	GPCR	test	cliff	8.70006	1.995	-0.299943
CHEMBL234_Ki-0200	CCCN(CCC)C1CCc2cc(CCc3ccc(C(N)=O)cc3)ccc2C1	Dopamine D3 receptor	D3R	Ki	GPCR	train	non-cliff	6.2	630.96	-2.8
CHEMBL234_Ki-0201	O=C1NC(CCN2CCN(c3ccccc3)CC2)c2ccccc21	Dopamine D3 receptor	D3R	Ki	GPCR	train	non-cliff	5.57154	2682	-3.42846
CHEMBL234_Ki-0202	CCCN(CCC)[C@@H]1CCc2c(ccc(C(O)Cc3ccccc3)c2OC)C1	Dopamine D3 receptor	D3R	Ki	GPCR	train	non-cliff	7.19997	63.1	-1.80003
CHEMBL234_Ki-0203	Sc1nc2c(OCCNCc3ccccc3)cccc2[nH]1	Dopamine D3 receptor	D3R	Ki	GPCR	train	cliff	8.69897	2	-0.30103
CHEMBL234_Ki-0204	Sc1nc2c(OCCNCc3ccccc3)cc(Cl)cc2[nH]1	Dopamine D3 receptor	D3R	Ki	GPCR	train	non-cliff	7.91364	12.2	-1.08636
CHEMBL234_Ki-0205	CCCN(CCC)C1CCc2cc(CCc3ccc(C(=O)O)cc3)ccc2C1	Dopamine D3 receptor	D3R	Ki	GPCR	train	cliff	5.5	3162.28	-3.5
CHEMBL234_Ki-0206	N#CCCCN(CCCN1CCN(c2ccccc2)CC1)C1CCc2ccc(O)cc2C1	Dopamine D3 receptor	D3R	Ki	GPCR	train	cliff	7.2993	50.2	-1.7007
CHEMBL234_Ki-0207	CCCN(CCC)C1CCc2cc(CCc3ccc(OC)cc3)ccc2C1	Dopamine D3 receptor	D3R	Ki	GPCR	test	non-cliff	8.50004	3.162	-0.499962
CHEMBL234_Ki-0208	CCCN(CCC)C1CCc2cc(CCc3ccc(O)cc3)ccc2C1	Dopamine D3 receptor	D3R	Ki	GPCR	train	non-cliff	7.89997	12.59	-1.10003
CHEMBL234_Ki-0209	Cc1ccc(N2CCN(CCC3NC(=O)c4ccccc43)CC2)cc1C	Dopamine D3 receptor	D3R	Ki	GPCR	train	non-cliff	5.57154	2682	-3.42846
CHEMBL234_Ki-0210	CCCN(CCCCN1CCN(c2ccccc2)CC1)C1CCc2ccc(O)cc2C1	Dopamine D3 receptor	D3R	Ki	GPCR	train	cliff	8.71745	1.91667	-0.282547
CHEMBL234_Ki-0211	O=C(NCCCCN(CCCN1CCN(c2ccccc2)CC1)C1CCc2ccc(O)cc2C1)c1ccccc1	Dopamine D3 receptor	D3R	Ki	GPCR	train	cliff	6.12148	756	-2.87852
CHEMBL234_Ki-0212	C#CCN(CCCCN1CCN(c2cccc(Cl)c2Cl)CC1)C1CCc2ccc(O)cc2C1	Dopamine D3 receptor	D3R	Ki	GPCR	train	non-cliff	8.44491	3.59	-0.555094
CHEMBL234_Ki-0213	Oc1nc2c(OCCNCc3ccccc3)cc(Cl)cc2[nH]1	Dopamine D3 receptor	D3R	Ki	GPCR	train	non-cliff	8.13077	7.4	-0.869232
CHEMBL234_Ki-0214	Cc1nc2c(OCCNCc3ccccc3)cccc2[nH]1	Dopamine D3 receptor	D3R	Ki	GPCR	train	cliff	7.02411	94.6	-1.97589
CHEMBL234_Ki-0215	Oc1cccc(OCCNCc2ccccc2)c1	Dopamine D3 receptor	D3R	Ki	GPCR	train	non-cliff	7.95861	11	-1.04139
CHEMBL234_Ki-0216	CCCN(CCC)C1CCc2cc(CCc3ccc(S(C)(=O)=O)cc3)ccc2C1	Dopamine D3 receptor	D3R	Ki	GPCR	train	non-cliff	5.8	1584.89	-3.2
CHEMBL234_Ki-0217	CCCN(CCN1CCN(c2cccc(Cl)c2Cl)CC1)C1CCc2ccc(O)cc2C1	Dopamine D3 receptor	D3R	Ki	GPCR	train	non-cliff	8.94692	1.13	-0.0530784
CHEMBL234_Ki-0218	CCCN(CCC)[C@@H]1CCc2c(ccc(CCc3ccc(Cl)cc3)c2OC)C1	Dopamine D3 receptor	D3R	Ki	GPCR	train	non-cliff	8.29999	5.012	-0.700011
CHEMBL234_Ki-0219	CCCN(CCC)[C@@H]1CCc2c(ccc(CCc3ccccc3)c2OC)C1	Dopamine D3 receptor	D3R	Ki	GPCR	train	non-cliff	7.70006	19.95	-1.29994
CHEMBL234_Ki-0220	CCCN(CCC)C1CCc2cc(CCc3ccccc3)ccc2C1	Dopamine D3 receptor	D3R	Ki	GPCR	train	non-cliff	8.40001	3.981	-0.599992
CHEMBL234_Ki-0221	CCCN(CCCCN1CCN(c2cccc(Cl)c2Cl)CC1)C1CCc2ccc(O)cc2C1	Dopamine D3 receptor	D3R	Ki	GPCR	train	non-cliff	8.64589	2.26	-0.354108
CHEMBL234_Ki-0222	O=C1Cc2c(cccc2OCCNCc2ccccc2)N1	Dopamine D3 receptor	D3R	Ki	GPCR	train	cliff	8.55284	2.8	-0.447158
CHEMBL234_Ki-0223	CCCN(CCC)C1CCc2cc(CN(C(=O)OC)c3ccc(OC)cc3)ccc2C1	Dopamine D3 receptor	D3R	Ki	GPCR	train	non-cliff	8.19997	6.31	-0.800029
CHEMBL234_Ki-0224	O=c1cc(-c2ccc(O)c(-c3c(O)cc(O)c4c(=O)cc(-c5ccc(O)cc5)oc34)c2)oc2cc(O)cc(O)c12	Dopamine D3 receptor	D3R	Ki	GPCR	train	non-cliff	5.90623	1241	-3.09377
CHEMBL234_Ki-0225	C#Cc1cccn1C1CCN(Cc2ccccc2)CC1	Dopamine D3 receptor	D3R	Ki	GPCR	train	non-cliff	5.10237	7900	-3.89763
CHEMBL234_Ki-0226	COc1ccc(Br)cc1-c1nc(CNC[C@@H]2CCN(Cc3ccccc3)C2)c[nH]1	Dopamine D3 receptor	D3R	Ki	GPCR	train	non-cliff	5.88606	1300	-3.11394
CHEMBL234_Ki-0227	c1ccc(CN2CCC(n3ccc(-c4cnco4)c3)CC2)cc1	Dopamine D3 receptor	D3R	Ki	GPCR	train	cliff	5.16749	6800	-3.83251
CHEMBL234_Ki-0228	Clc1cccc(N2CCN(CCCOc3ccc(-c4nc5ccccc5[nH]4)cc3)CC2)c1	Dopamine D3 receptor	D3R	Ki	GPCR	train	cliff	6.80967	155	-2.19033
CHEMBL234_Ki-0229	COc1ccccc1N1CCN(CCCOc2ccc(-c3nc4ccccc4[nH]3)cc2)CC1	Dopamine D3 receptor	D3R	Ki	GPCR	train	cliff	8.76955	1.7	-0.230449
CHEMBL234_Ki-0230	c1ccc(-c2nc(CN3CCN(c4ccccc4)CC3)cs2)cc1	Dopamine D3 receptor	D3R	Ki	GPCR	train	cliff	5.68825	2050	-3.31175
CHEMBL234_Ki-0231	c1ccc(CN2CCN(Cc3csc(-c4ccccc4)n3)CC2)cc1	Dopamine D3 receptor	D3R	Ki	GPCR	train	cliff	5.27984	5250	-3.72016
CHEMBL234_Ki-0232	CCN1CCC[C@H]1CNC(=O)c1cc(S(N)(=O)=O)ccc1OC	Dopamine D3 receptor	D3R	Ki	GPCR	train	non-cliff	7.05552	88	-1.94448
CHEMBL234_Ki-0233	c1ccc(CN2CCC(NCc3csc(-c4ccccc4)n3)CC2)cc1	Dopamine D3 receptor	D3R	Ki	GPCR	train	cliff	5.63827	2300	-3.36173
CHEMBL234_Ki-0234	C(#Cc1cccn1C1CCN(Cc2ccccc2)CC1)c1ccccc1	Dopamine D3 receptor	D3R	Ki	GPCR	train	non-cliff	5.06048	8700	-3.93952
CHEMBL234_Ki-0235	COc1ccc(N2CCN(CCCOc3ccc(-c4nc5ccccc5[nH]4)cc3)CC2)cc1	Dopamine D3 receptor	D3R	Ki	GPCR	train	cliff	6.88606	130	-2.11394
CHEMBL234_Ki-0236	c1ccc(-c2nc(CN3CCN(c4ccccc4)CC3)co2)cc1	Dopamine D3 receptor	D3R	Ki	GPCR	train	cliff	5.4034	3950	-3.5966
CHEMBL234_Ki-0237	COc1cccc(C(=O)NC2CCN(Cc3ccc(F)cc3)CC2)c1OC	Dopamine D3 receptor	D3R	Ki	GPCR	test	cliff	8.22841	5.91	-0.771587
CHEMBL234_Ki-0238	COc1ccc(Br)cc1-c1nc(CNC2CCN(Cc3ccccc3)CC2)co1	Dopamine D3 receptor	D3R	Ki	GPCR	test	cliff	6.23657	580	-2.76343
CHEMBL234_Ki-0239	c1ccc(CN2CCC(n3cccc3-c3cnco3)CC2)cc1	Dopamine D3 receptor	D3R	Ki	GPCR	train	cliff	6.11351	770	-2.88649
CHEMBL234_Ki-0240	Clc1ccc(N2CCN(CCCOc3ccc(-c4nc5ccccc5[nH]4)cc3)CC2)cc1	Dopamine D3 receptor	D3R	Ki	GPCR	train	cliff	7.56864	27	-1.43136
CHEMBL234_Ki-0241	CCCSc1ccccc1N1CCN(CCCOc2ccc(-c3nc4ccccc4[nH]3)cc2)CC1	Dopamine D3 receptor	D3R	Ki	GPCR	test	cliff	8.88606	1.3	-0.113943
CHEMBL234_Ki-0242	Fc1cccc2c1CC[C@@H](NCc1ccccc1)C2	Dopamine D3 receptor	D3R	Ki	GPCR	test	non-cliff	5.97881	1050	-3.02119
CHEMBL234_Ki-0243	c1ccc(N2CCN(CCCOc3ccc(-c4nc5ccccc5[nH]4)cc3)CC2)cc1	Dopamine D3 receptor	D3R	Ki	GPCR	train	cliff	8.82391	1.5	-0.176091
CHEMBL234_Ki-0244	CCN1CCC[C@H]1CNC(=O)c1c(O)c(I)cc(OC)c1OC	Dopamine D3 receptor	D3R	Ki	GPCR	train	cliff	9.79588	0.16	0.79588
CHEMBL234_Ki-0245	COc1ccc(Br)cc1-c1nc(CN(C)C[C@@H]2CCN(Cc3ccccc3)C2)co1	Dopamine D3 receptor	D3R	Ki	GPCR	train	non-cliff	5.92082	1200	-3.07918
CHEMBL234_Ki-0246	COc1cccc(C(=O)NC2CC3CCCC(C2)N3Cc2ccc(F)cc2)c1OC	Dopamine D3 receptor	D3R	Ki	GPCR	train	non-cliff	9.67778	0.21	0.677781
CHEMBL234_Ki-0247	O=Cc1ccn(C2CCN(Cc3ccccc3)CC2)c1	Dopamine D3 receptor	D3R	Ki	GPCR	train	non-cliff	4.50864	31000	-4.49136
CHEMBL234_Ki-0248	c1cnc(N2CCN(CCCOc3ccc(-c4nc5ccccc5[nH]4)cc3)CC2)nc1	Dopamine D3 receptor	D3R	Ki	GPCR	train	cliff	7.82391	15	-1.17609
CHEMBL234_Ki-0249	COc1ccc(Br)cc1-c1nc(CN2CCN(c3ccccc3)CC2)co1	Dopamine D3 receptor	D3R	Ki	GPCR	test	cliff	6.18046	660	-2.81954
CHEMBL234_Ki-0250	CCCN(CCC)[C@@H]1CCc2c(F)cccc2C1	Dopamine D3 receptor	D3R	Ki	GPCR	train	cliff	8.06449	8.62	-0.935507
CHEMBL234_Ki-0251	CCCN[C@@H]1CCc2c(F)cccc2C1	Dopamine D3 receptor	D3R	Ki	GPCR	train	cliff	7.44612	35.8	-1.55388
CHEMBL234_Ki-0252	O=C1CC2(CCCC2)CC(=O)N1CCCCN[C@@H]1CCc2c(F)cccc2C1	Dopamine D3 receptor	D3R	Ki	GPCR	train	non-cliff	8.30627	4.94	-0.693727
CHEMBL234_Ki-0253	c1ccc(CN2CCC(n3cccc3)CC2)cc1	Dopamine D3 receptor	D3R	Ki	GPCR	test	cliff	4.82391	15000	-4.17609
CHEMBL234_Ki-0254	CN1CCN(CCCOc2ccc(-c3nc4ccccc4[nH]3)cc2)CC1	Dopamine D3 receptor	D3R	Ki	GPCR	test	cliff	5.69897	2000	-3.30103
CHEMBL234_Ki-0255	COc1ccc(Br)cc1-c1nc(CN2CCN(Cc3ccccc3)CC2)co1	Dopamine D3 receptor	D3R	Ki	GPCR	test	non-cliff	5.97881	1050	-3.02119
CHEMBL234_Ki-0256	CCCN(CCCCN1C(=O)CC2(CCCC2)CC1=O)[C@@H]1CCc2c(F)cccc2C1	Dopamine D3 receptor	D3R	Ki	GPCR	train	non-cliff	9.60033	0.251	0.600326
CHEMBL234_Ki-0257	Oc1ccc(Br)cc1-c1nc(CN2CCN(c3ccccc3)CC2)co1	Dopamine D3 receptor	D3R	Ki	GPCR	train	cliff	5.11919	7600	-3.88081
CHEMBL234_Ki-0258	O=Cc1cccn1C1CCN(Cc2ccccc2)CC1	Dopamine D3 receptor	D3R	Ki	GPCR	train	non-cliff	5.60206	2500	-3.39794
CHEMBL234_Ki-0259	C[Si](C)(C)C#Cc1cccn1C1CCN(Cc2ccccc2)CC1	Dopamine D3 receptor	D3R	Ki	GPCR	train	non-cliff	5.11351	7700	-3.88649
CHEMBL234_Ki-0260	CCCN(C(C)C)[C@@H]1CCc2c(F)cccc2C1	Dopamine D3 receptor	D3R	Ki	GPCR	train	cliff	6.70115	199	-2.29885
CHEMBL234_Ki-0261	COc1ccc(Br)cc1-c1nc(CNC2CCN(Cc3ccccc3)CC2)cs1	Dopamine D3 receptor	D3R	Ki	GPCR	train	cliff	6.68825	205	-2.31175
CHEMBL234_Ki-0262	N[C@@H]1CCc2c(F)cccc2C1	Dopamine D3 receptor	D3R	Ki	GPCR	train	non-cliff	6.82391	150	-2.17609
CHEMBL234_Ki-0263	N#CC(C#N)=Cc1cccn1C1CCN(Cc2ccccc2)CC1	Dopamine D3 receptor	D3R	Ki	GPCR	train	non-cliff	5.29243	5100	-3.70757
CHEMBL234_Ki-0264	CCCN(Cc1ccccc1)[C@@H]1CCc2c(F)cccc2C1	Dopamine D3 receptor	D3R	Ki	GPCR	train	non-cliff	7.62342	23.8	-1.37658
CHEMBL234_Ki-0265	CC(C)N[C@@H]1CCc2c(F)cccc2C1	Dopamine D3 receptor	D3R	Ki	GPCR	train	cliff	5.83863	1450	-3.16137
CHEMBL234_Ki-0266	COc1c(-c2nc(CNC[C@@H]3CCN(Cc4ccccc4)C3)co2)cc(Br)c2ccccc12	Dopamine D3 receptor	D3R	Ki	GPCR	train	non-cliff	5.23284	5850	-3.76716
CHEMBL234_Ki-0267	Ic1cccn1C1CCN(Cc2ccccc2)CC1	Dopamine D3 receptor	D3R	Ki	GPCR	test	non-cliff	5.58503	2600	-3.41497
CHEMBL234_Ki-0268	COc1cc(Br)cc(C(=O)NC2CCN(Cc3ccc(F)cc3)CC2)c1OC	Dopamine D3 receptor	D3R	Ki	GPCR	test	cliff	9.34679	0.45	0.346787
CHEMBL234_Ki-0269	COc1ccc(Br)cc1-c1nc(CN2CCN(c3ccccc3)CC2)cs1	Dopamine D3 receptor	D3R	Ki	GPCR	test	non-cliff	5.92445	1190	-3.07555
CHEMBL234_Ki-0270	CCCCN(CCC)[C@@H]1CCc2c(F)cccc2C1	Dopamine D3 receptor	D3R	Ki	GPCR	test	cliff	8.35458	4.42	-0.645422
CHEMBL234_Ki-0271	c1ccc(CN2CCC(NCc3coc(-c4ccccc4)n3)CC2)cc1	Dopamine D3 receptor	D3R	Ki	GPCR	train	cliff	5.21467	6100	-3.78533
CHEMBL234_Ki-0272	O=C(CCCN1CCC2(CC1)C(=O)NCN2c1ccccc1)c1ccc(F)cc1	Dopamine D3 receptor	D3R	Ki	GPCR	test	non-cliff	9.52703	0.297143	0.527035
CHEMBL234_Ki-0273	CCCCN[C@@H]1CCc2c(F)cccc2C1	Dopamine D3 receptor	D3R	Ki	GPCR	train	cliff	6.80134	158	-2.19866
CHEMBL234_Ki-0274	c1ccc(N2CCN(CC[C@H]3CC[C@H](c4c[nH]c5ccccc54)CC3)CC2)nc1	Dopamine D3 receptor	D3R	Ki	GPCR	train	non-cliff	7.5376	29	-1.4624
CHEMBL234_Ki-0275	c1ccc(N2CCN(CCCOc3ccc(-c4nc5ccccc5[nH]4)cc3)CC2)nc1	Dopamine D3 receptor	D3R	Ki	GPCR	train	cliff	8.09691	8	-0.90309
CHEMBL234_Ki-0276	N#CC(C#N)=Cc1ccn(C2CCN(Cc3ccccc3)CC2)c1	Dopamine D3 receptor	D3R	Ki	GPCR	test	non-cliff	5.1549	7000	-3.8451
CHEMBL234_Ki-0277	Clc1ccccc1N1CCN(CCCOc2ccc(-c3nc4ccccc4[nH]3)cc2)CC1	Dopamine D3 receptor	D3R	Ki	GPCR	train	cliff	7.74473	18	-1.25527
CHEMBL234_Ki-0278	c1ccc(CN2CCN(Cc3coc(-c4ccccc4)n3)CC2)cc1	Dopamine D3 receptor	D3R	Ki	GPCR	train	cliff	5.07572	8400	-3.92428
CHEMBL234_Ki-0279	COc1ccc(Br)cc1-c1nc(CN2CCN(Cc3ccccc3)CC2)cs1	Dopamine D3 receptor	D3R	Ki	GPCR	train	cliff	6.19382	640	-2.80618
CHEMBL234_Ki-0280	O=C1Cc2cc(CCN3CCN(c4nsc5ccccc45)CC3)c(Cl)cc2N1	Dopamine D3 receptor	D3R	Ki	GPCR	test	non-cliff	8.11679	7.642	-0.883207
CHEMBL234_Ki-0281	Cc1nc2n(c(=O)c1CCN1CCC(c3noc4cc(F)ccc34)CC1)CCCC2	Dopamine D3 receptor	D3R	Ki	GPCR	test	non-cliff	7.88188	13.1256	-1.11812
CHEMBL234_Ki-0282	CN(C)CCOC1=Cc2ccccc2Sc2ccc(Cl)cc21	Dopamine D3 receptor	D3R	Ki	GPCR	train	non-cliff	7.95078	11.2	-1.04922
CHEMBL234_Ki-0283	O=C1NCCN1CCN1CCC(c2cn(-c3ccc(F)cc3)c3ccc(Cl)cc23)CC1	Dopamine D3 receptor	D3R	Ki	GPCR	train	non-cliff	8.26761	5.4	-0.732394
CHEMBL234_Ki-0284	COc1cc(NC(=O)C2CC2)c(Cl)cc1C(=O)NC1CCN(Cc2ccccc2)C1	Dopamine D3 receptor	D3R	Ki	GPCR	train	non-cliff	7.67778	21	-1.32222
CHEMBL234_Ki-0285	CCCCN1CCCC1CNC(=O)c1cc(C#N)c2ccccc2c1OC	Dopamine D3 receptor	D3R	Ki	GPCR	test	non-cliff	9.33724	0.46	0.337242
CHEMBL234_Ki-0286	C1=C(c2nc3ccccc3o2)CCN(Cc2ccccc2)C1	Dopamine D3 receptor	D3R	Ki	GPCR	train	non-cliff	5.34679	4500	-3.65321
CHEMBL234_Ki-0287	Clc1ccccc1CN1CC=C(c2nc3ccccc3s2)CC1	Dopamine D3 receptor	D3R	Ki	GPCR	train	non-cliff	5.85387	1400	-3.14613
CHEMBL234_Ki-0288	O=C(N[C@H]1CC[C@H](CCN2CCN(c3cccc(Cl)c3Cl)CC2)CC1)C1CCCCC1	Dopamine D3 receptor	D3R	Ki	GPCR	train	non-cliff	8.34679	4.5	-0.653213
CHEMBL234_Ki-0289	Cc1ccc(N2CCN(CC[C@H]3CC[C@H](NC(=O)c4cccs4)CC3)CC2)cc1	Dopamine D3 receptor	D3R	Ki	GPCR	train	non-cliff	8.36653	4.3	-0.633468
CHEMBL234_Ki-0290	Fc1ccc(N2CCN(CC[C@H]3CC[C@H](Nc4ncccn4)CC3)CC2)cc1	Dopamine D3 receptor	D3R	Ki	GPCR	train	non-cliff	7.31876	48	-1.68124
CHEMBL234_Ki-0291	O=C(N[C@H]1CC[C@H](CCN2CCN(c3ccc(Cl)cc3)CC2)CC1)c1cccs1	Dopamine D3 receptor	D3R	Ki	GPCR	train	non-cliff	8.09691	8	-0.90309
CHEMBL234_Ki-0292	Cc1ccsc1C(=O)N[C@H]1CC[C@H](CCN2CCN(c3cccc(Cl)c3Cl)CC2)CC1	Dopamine D3 receptor	D3R	Ki	GPCR	train	non-cliff	7.70553	19.7	-1.29447
CHEMBL234_Ki-0293	O=C(N[C@H]1CC[C@H](CCN2CCN(c3cccc(Cl)c3)CC2)CC1)C1CCCCC1	Dopamine D3 receptor	D3R	Ki	GPCR	test	non-cliff	8.22185	6	-0.778151
CHEMBL234_Ki-0294	CCCN(C(=O)C1CCCCC1)[C@H]1CC[C@H](CCN2CCN(c3cccc(Cl)c3Cl)CC2)CC1	Dopamine D3 receptor	D3R	Ki	GPCR	train	non-cliff	7.07058	85	-1.92942
CHEMBL234_Ki-0295	c1cnc(N[C@H]2CC[C@H](CCN3CCN(c4cccnc4)CC3)CC2)nc1	Dopamine D3 receptor	D3R	Ki	GPCR	train	cliff	8.3279	4.7	-0.672098
CHEMBL234_Ki-0296	C1=C(c2nc3ccccc3[nH]2)CCN(Cc2ccccc2)C1	Dopamine D3 receptor	D3R	Ki	GPCR	test	non-cliff	5.35655	4400	-3.64345
CHEMBL234_Ki-0297	Clc1ccc(CN2CC=C(c3nc4ccccc4[nH]3)CC2)cc1	Dopamine D3 receptor	D3R	Ki	GPCR	train	cliff	5.79588	1600	-3.20412
CHEMBL234_Ki-0298	c1ccc(N2CCN(C[C@H]3CC[C@H](Nc4ncccn4)CC3)CC2)cc1	Dopamine D3 receptor	D3R	Ki	GPCR	train	cliff	7.05061	89	-1.94939
CHEMBL234_Ki-0299	Cc1ccc(C(=O)N[C@H]2CC[C@H](CCN3CCN(c4cccc(Cl)c4Cl)CC3)CC2)s1	Dopamine D3 receptor	D3R	Ki	GPCR	train	non-cliff	7.61979	24	-1.38021
CHEMBL234_Ki-0300	O=C(N[C@H]1CC[C@H](CCN2CCN(c3ccc(Cl)cc3)CC2)CC1)C1CCCCC1	Dopamine D3 receptor	D3R	Ki	GPCR	train	non-cliff	7.82391	15	-1.17609
CHEMBL234_Ki-0301	c1ccc(N2CCN(CC[C@H]3CC[C@H](Nc4ncccn4)CC3)CC2)nc1	Dopamine D3 receptor	D3R	Ki	GPCR	test	cliff	7.58503	26	-1.41497
CHEMBL234_Ki-0302	Clc1ccc2sc(C3=CCN(Cc4ccccc4)CC3)nc2c1	Dopamine D3 receptor	D3R	Ki	GPCR	train	non-cliff	5.74473	1800	-3.25527
CHEMBL234_Ki-0303	CCCN1CC[C@H]2c3c(ccc4ccoc34)CC[C@H]21	Dopamine D3 receptor	D3R	Ki	GPCR	train	non-cliff	6.4908	323	-2.5092
CHEMBL234_Ki-0304	CCCN(CCC)C1CCc2c(ccc3ccoc23)C1	Dopamine D3 receptor	D3R	Ki	GPCR	train	non-cliff	7.25181	56	-1.74819
CHEMBL234_Ki-0305	c1cnc(N[C@H]2CC[C@H](CCN3CCc4ccccc4C3)CC2)nc1	Dopamine D3 receptor	D3R	Ki	GPCR	train	cliff	7.39794	40	-1.60206
CHEMBL234_Ki-0306	Clc1ccc(CN2CC=C(c3nc4cc(Cl)ccc4s3)CC2)cc1	Dopamine D3 receptor	D3R	Ki	GPCR	train	non-cliff	6.18046	660	-2.81954
CHEMBL234_Ki-0307	COc1ccccc1N1CCN(CC[C@H]2CC[C@H](Nc3ncccn3)CC2)CC1	Dopamine D3 receptor	D3R	Ki	GPCR	train	non-cliff	7.95861	11	-1.04139
CHEMBL234_Ki-0308	COc1ccc(N2CCN(CC[C@H]3CC[C@H](Nc4ncccn4)CC3)CC2)cc1	Dopamine D3 receptor	D3R	Ki	GPCR	train	non-cliff	7.49485	32	-1.50515
CHEMBL234_Ki-0309	c1cnc(N[C@H]2CC[C@H](CCN3CCN(c4ncccn4)CC3)CC2)nc1	Dopamine D3 receptor	D3R	Ki	GPCR	test	cliff	6.22915	590	-2.77085
CHEMBL234_Ki-0310	Clc1cccc(N2CCN(CC[C@H]3CC[C@H](Nc4ncccn4)CC3)CC2)c1Cl	Dopamine D3 receptor	D3R	Ki	GPCR	train	non-cliff	8.30103	5	-0.69897
CHEMBL234_Ki-0311	O=C(N[C@H]1CC[C@H](CCN2CCN(c3cccc(Cl)c3Cl)CC2)CC1)c1ccsc1	Dopamine D3 receptor	D3R	Ki	GPCR	train	non-cliff	8.3279	4.7	-0.672098
CHEMBL234_Ki-0312	Cc1cccc(N2CCN(CC[C@H]3CC[C@H](NC(=O)c4cccs4)CC3)CC2)c1	Dopamine D3 receptor	D3R	Ki	GPCR	test	non-cliff	8.61979	2.4	-0.380211
CHEMBL234_Ki-0313	Cc1ccc(N2CCN(CC[C@H]3CC[C@H](NC(=O)C4CCCCC4)CC3)CC2)cc1C	Dopamine D3 receptor	D3R	Ki	GPCR	train	cliff	8.284	5.2	-0.716003
CHEMBL234_Ki-0314	CN(C(=O)c1cccs1)[C@H]1CC[C@H](CCN2CCN(c3cccc(Cl)c3Cl)CC2)CC1	Dopamine D3 receptor	D3R	Ki	GPCR	train	non-cliff	8.37675	4.2	-0.623249
CHEMBL234_Ki-0315	CCCN(CCC)C1CCc2ccc3occc3c2C1	Dopamine D3 receptor	D3R	Ki	GPCR	train	non-cliff	7.34679	45	-1.65321
CHEMBL234_Ki-0316	Clc1ccc(CN2CC=C(c3nc4cc(Cl)ccc4[nH]3)CC2)cc1	Dopamine D3 receptor	D3R	Ki	GPCR	train	non-cliff	6.04576	900	-2.95424
CHEMBL234_Ki-0317	Cc1csc(C(=O)N[C@H]2CC[C@H](CCN3CCN(c4cccc(Cl)c4Cl)CC3)CC2)c1	Dopamine D3 receptor	D3R	Ki	GPCR	test	non-cliff	7.49485	32	-1.50515
CHEMBL234_Ki-0318	Clc1cccc(CN2CC=C(c3nc4ccccc4s3)CC2)c1	Dopamine D3 receptor	D3R	Ki	GPCR	train	non-cliff	6.20066	630	-2.79934
CHEMBL234_Ki-0319	c1cnc(N[C@H]2CC[C@H](CCN3CCN(c4ccncc4)CC3)CC2)nc1	Dopamine D3 receptor	D3R	Ki	GPCR	train	cliff	5.63827	2300	-3.36173
CHEMBL234_Ki-0320	O=C(N[C@H]1CC[C@H](CCN2CCN(c3ccccc3Cl)CC2)CC1)C1CCCCC1	Dopamine D3 receptor	D3R	Ki	GPCR	train	non-cliff	8.30103	5	-0.69897
CHEMBL234_Ki-0321	FC(F)(F)c1cccc(N2CCN(CC[C@H]3CC[C@H](Nc4ncccn4)CC3)CC2)c1	Dopamine D3 receptor	D3R	Ki	GPCR	train	non-cliff	7.49485	32	-1.50515
CHEMBL234_Ki-0322	CC(=O)N[C@H]1CC[C@H](CCN2CCN(c3ccccc3)CC2)CC1	Dopamine D3 receptor	D3R	Ki	GPCR	train	cliff	8.60206	2.5	-0.39794
CHEMBL234_Ki-0323	C1=C(c2ccccc2)CCN(CC[C@H]2CC[C@H](Nc3ncccn3)CC2)C1	Dopamine D3 receptor	D3R	Ki	GPCR	train	cliff	8.4318	3.7	-0.568202
CHEMBL234_Ki-0324	O=C(N[C@H]1CC[C@H](CCN2CCN(c3ccccn3)CC2)CC1)c1cccs1	Dopamine D3 receptor	D3R	Ki	GPCR	train	non-cliff	8.36653	4.3	-0.633468
CHEMBL234_Ki-0325	O=C(N[C@H]1CC[C@H](CCN2CCN(c3cccc(Cl)c3Cl)CC2)CC1)c1ccco1	Dopamine D3 receptor	D3R	Ki	GPCR	train	non-cliff	8.85387	1.4	-0.146128
CHEMBL234_Ki-0326	c1ccc(N2CCN(CC[C@H]3CC[C@H](Nc4ncnc5ccccc45)CC3)CC2)cc1	Dopamine D3 receptor	D3R	Ki	GPCR	train	non-cliff	10.699	0.02	1.69897
CHEMBL234_Ki-0327	CCCN(CCC)C1CCc2ccc3ccoc3c2C1	Dopamine D3 receptor	D3R	Ki	GPCR	train	non-cliff	7.79048	16.2	-1.20952
CHEMBL234_Ki-0328	Clc1ccc2[nH]c(C3=CCN(Cc4ccccc4)CC3)nc2c1	Dopamine D3 receptor	D3R	Ki	GPCR	train	non-cliff	5.5376	2900	-3.4624
CHEMBL234_Ki-0329	COc1cccc(N2CCN(CC[C@H]3CC[C@H](NC(=O)c4cccs4)CC3)CC2)c1	Dopamine D3 receptor	D3R	Ki	GPCR	train	non-cliff	8.85387	1.4	-0.146128
CHEMBL234_Ki-0330	O=C(N[C@H]1CC[C@H](CCN2CCN(c3ccccc3Cl)CC2)CC1)c1cccs1	Dopamine D3 receptor	D3R	Ki	GPCR	train	non-cliff	9.30103	0.5	0.30103
CHEMBL234_Ki-0331	O=C(N[C@H]1CC[C@H](CCN2CCN(c3cccc(Cl)c3Cl)CC2)CC1)C1CCCC1	Dopamine D3 receptor	D3R	Ki	GPCR	train	non-cliff	8.39794	4	-0.60206
CHEMBL234_Ki-0332	O=C(N[C@H]1CC[C@H](CCN2CCN(c3cccc(Cl)c3Cl)CC2)CC1)C1CCCCCC1	Dopamine D3 receptor	D3R	Ki	GPCR	train	non-cliff	8.31876	4.8	-0.681241
CHEMBL234_Ki-0333	c1cnc(N[C@H]2CC[C@H](CCN3CCN(c4cnccn4)CC3)CC2)nc1	Dopamine D3 receptor	D3R	Ki	GPCR	test	cliff	6.67778	210	-2.32222
CHEMBL234_Ki-0334	C1=C(c2nc3ccccc3s2)CCN(Cc2ccccc2)C1	Dopamine D3 receptor	D3R	Ki	GPCR	train	cliff	6.25181	560	-2.74819
CHEMBL234_Ki-0335	COc1ccc(N2CCN(CC[C@H]3CC[C@H](NC(=O)c4cccs4)CC3)CC2)cc1	Dopamine D3 receptor	D3R	Ki	GPCR	train	non-cliff	7.90658	12.4	-1.09342
CHEMBL234_Ki-0336	c1ccc(N2CCN(CCC[C@H]3CC[C@H](Nc4ncccn4)CC3)CC2)cc1	Dopamine D3 receptor	D3R	Ki	GPCR	train	non-cliff	7.26761	54	-1.73239
CHEMBL234_Ki-0337	Cc1ccccc1N1CCN(CC[C@H]2CC[C@H](NC(=O)c3cccs3)CC2)CC1	Dopamine D3 receptor	D3R	Ki	GPCR	train	non-cliff	8.49485	3.2	-0.50515
CHEMBL234_Ki-0338	Clc1ccc2oc(C3=CCN(Cc4ccccc4)CC3)nc2c1	Dopamine D3 receptor	D3R	Ki	GPCR	train	non-cliff	5.79588	1600	-3.20412
CHEMBL234_Ki-0339	CN(c1ncccn1)[C@H]1CC[C@H](CCN2CCN(c3ccccc3)CC2)CC1	Dopamine D3 receptor	D3R	Ki	GPCR	train	cliff	7.61979	24	-1.38021
CHEMBL234_Ki-0340	O=C(N[C@H]1CC[C@H](CCN2CCN(c3cccc(Cl)c3Cl)CC2)CC1)C12CC3CC(CC(C3)C1)C2	Dopamine D3 receptor	D3R	Ki	GPCR	train	non-cliff	7.65758	22	-1.34242
CHEMBL234_Ki-0341	COc1ccccc1N1CCN(CC[C@H]2CC[C@H](NC(=O)c3cccs3)CC2)CC1	Dopamine D3 receptor	D3R	Ki	GPCR	train	non-cliff	9.22185	0.6	0.221849
CHEMBL234_Ki-0342	O=C(N[C@H]1CC[C@H](CCN2CCN(c3cccc(Cl)c3)CC2)CC1)c1cccs1	Dopamine D3 receptor	D3R	Ki	GPCR	train	non-cliff	8.69897	2	-0.30103
CHEMBL234_Ki-0343	CCCN(CCC)CC[C@H]1CC[C@H](Nc2ncccn2)CC1	Dopamine D3 receptor	D3R	Ki	GPCR	train	non-cliff	6.09691	800	-2.90309
CHEMBL234_Ki-0344	CCCN(CCC)[C@@H]1CCc2c(ccc3ccoc23)[C@@H]1C	Dopamine D3 receptor	D3R	Ki	GPCR	train	non-cliff	7.56864	27	-1.43136
CHEMBL234_Ki-0345	Cc1c(-c2ccccc2)nnn1C1CCN(Cc2ccccc2)CC1	Dopamine D3 receptor	D3R	Ki	GPCR	train	cliff	5.60206	2500	-3.39794
CHEMBL234_Ki-0346	COc1ccccc1N1CCN(CCCCCNC(=O)c2cnn3ccccc23)CC1	Dopamine D3 receptor	D3R	Ki	GPCR	train	non-cliff	7.19189	64.285	-1.80811
CHEMBL234_Ki-0347	Cc1nn(C2CCN(Cc3ccccc3)CC2)cc1-c1ccccc1	Dopamine D3 receptor	D3R	Ki	GPCR	train	cliff	7.55284	28	-1.44716
CHEMBL234_Ki-0348	O=C(NCCCCN1CCN(c2cccc(Cl)c2Cl)CC1)c1cc2ccccc2s1	Dopamine D3 receptor	D3R	Ki	GPCR	train	cliff	9.23445	0.582836	0.234453
CHEMBL234_Ki-0349	COc1ccccc1N1CCN(CCCCNC(=O)c2ccc3ccccc3c2)CC1	Dopamine D3 receptor	D3R	Ki	GPCR	train	cliff	8.9889	1.02589	-0.0111003
CHEMBL234_Ki-0350	COc1ccccc1N1CCN(CCCCNC(=O)c2cccn3nccc23)CC1	Dopamine D3 receptor	D3R	Ki	GPCR	train	non-cliff	7.69951	19.975	-1.30049
CHEMBL234_Ki-0351	O=C(NCCCCN1CCN(c2cccc(Cl)c2Cl)CC1)c1cc2ccccc2o1	Dopamine D3 receptor	D3R	Ki	GPCR	train	cliff	8.97988	1.04743	-0.0201244
CHEMBL234_Ki-0352	c1ccc(CN2CCC(c3cc(-c4ccccc4)[nH]n3)CC2)cc1	Dopamine D3 receptor	D3R	Ki	GPCR	train	non-cliff	5.85387	1400	-3.14613
CHEMBL234_Ki-0353	Cc1c(-c2ccccc2)cnn1C1CCN(Cc2ccccc2)CC1	Dopamine D3 receptor	D3R	Ki	GPCR	train	non-cliff	6.34679	450	-2.65321
CHEMBL234_Ki-0354	COc1ccccc1N1CCN(CCCCCNC(=O)c2cc3ccccn3n2)CC1	Dopamine D3 receptor	D3R	Ki	GPCR	train	cliff	7.2912	51.145	-1.7088
CHEMBL234_Ki-0355	Cc1cc(-c2ccccc2)n(C2CCN(Cc3ccccc3)CC2)n1	Dopamine D3 receptor	D3R	Ki	GPCR	train	non-cliff	5.52288	3000	-3.47712
CHEMBL234_Ki-0356	COc1ccccc1N1CCN(CCCCNC(=O)c2ccn3nccc3c2)CC1	Dopamine D3 receptor	D3R	Ki	GPCR	train	cliff	8.55145	2.809	-0.448552
CHEMBL234_Ki-0357	Cc1nnn(C2CCN(Cc3ccccc3)CC2)c1-c1ccccc1	Dopamine D3 receptor	D3R	Ki	GPCR	train	cliff	5.65758	2200	-3.34242
CHEMBL234_Ki-0358	O=c1c(CO)coc2cc(OCCCN3CCC(c4noc5cc(F)ccc45)CC3)ccc12	Dopamine D3 receptor	D3R	Ki	GPCR	train	non-cliff	8.26761	5.4	-0.732394
CHEMBL234_Ki-0359	Cc1c(C2CCN(Cc3ccccc3)CC2)n[nH]c1-c1ccccc1	Dopamine D3 receptor	D3R	Ki	GPCR	train	non-cliff	6.34679	450	-2.65321
CHEMBL234_Ki-0360	COc1ccccc1N1CCN(CCCNC(=O)c2cc3ccccn3n2)CC1	Dopamine D3 receptor	D3R	Ki	GPCR	train	cliff	6.18854	647.825	-2.81146
CHEMBL234_Ki-0361	COc1ccccc1N1CCN(CCCCNC(=O)c2ccc3ccnn3c2)CC1	Dopamine D3 receptor	D3R	Ki	GPCR	train	cliff	8.36653	4.3	-0.633468
CHEMBL234_Ki-0362	c1ccc(CN2CCC(n3nccc3-c3ccccc3)CC2)cc1	Dopamine D3 receptor	D3R	Ki	GPCR	train	cliff	6.09151	810	-2.90849
CHEMBL234_Ki-0363	Cc1c(-c2ccccc2)cnn1C1CCN(Cc2cccc(Cl)c2)CC1	Dopamine D3 receptor	D3R	Ki	GPCR	test	non-cliff	6.08619	820	-2.91381
CHEMBL234_Ki-0364	c1ccc(CN2CCC(n3cc(-c4ccccc4)nn3)CC2)cc1	Dopamine D3 receptor	D3R	Ki	GPCR	train	non-cliff	5.88606	1300	-3.11394
CHEMBL234_Ki-0365	c1ccc(CN2CCC(n3nnc(-c4ccccc4)n3)CC2)cc1	Dopamine D3 receptor	D3R	Ki	GPCR	train	non-cliff	5.85387	1400	-3.14613
CHEMBL234_Ki-0366	Cc1nn(C2CCN(Cc3cccc(Cl)c3)CC2)cc1-c1ccccc1	Dopamine D3 receptor	D3R	Ki	GPCR	train	non-cliff	6.92082	120	-2.07918
CHEMBL234_Ki-0367	c1ccc(CN2CCC(n3cnc(-c4ccccc4)c3)CC2)cc1	Dopamine D3 receptor	D3R	Ki	GPCR	train	non-cliff	6.13077	740	-2.86923
CHEMBL234_Ki-0368	COc1ccccc1N1CCN(CCCCNC(=O)c2cnn3ccccc23)CC1	Dopamine D3 receptor	D3R	Ki	GPCR	train	cliff	7.74473	18	-1.25527
CHEMBL234_Ki-0369	COc1ccccc1N1CCN(CCCCNC(=O)c2cc3ccccc3s2)CC1	Dopamine D3 receptor	D3R	Ki	GPCR	train	cliff	9.63661	0.23088	0.636614
CHEMBL234_Ki-0370	COc1ccccc1N1CCN(CCCCNC(=O)c2cccc3ccnn23)CC1	Dopamine D3 receptor	D3R	Ki	GPCR	test	non-cliff	7.5388	28.92	-1.4612
CHEMBL234_Ki-0371	Cc1nn(C2CCN(Cc3cccc(C#N)c3)CC2)cc1-c1ccccc1	Dopamine D3 receptor	D3R	Ki	GPCR	train	non-cliff	6.58503	260	-2.41497
CHEMBL234_Ki-0372	Cc1c(-c2ccccc2)cnn1C1CCN(Cc2cccc(C#N)c2)CC1	Dopamine D3 receptor	D3R	Ki	GPCR	train	non-cliff	5.35655	4400	-3.64345
CHEMBL234_Ki-0373	COc1ccccc1N1CCN(CCNC(=O)c2cc3ccccn3n2)CC1	Dopamine D3 receptor	D3R	Ki	GPCR	test	cliff	6.60103	250.595	-2.39897
CHEMBL234_Ki-0374	COc1ccccc1N1CCN(CCNC(=O)c2cnn3ccccc23)CC1	Dopamine D3 receptor	D3R	Ki	GPCR	train	cliff	6.4437	360	-2.5563
CHEMBL234_Ki-0375	COc1ccccc1N1CCN(CCCCNC(=O)c2cc3ccccc3o2)CC1	Dopamine D3 receptor	D3R	Ki	GPCR	train	cliff	8.95572	1.10733	-0.0442784
CHEMBL234_Ki-0376	N#Cc1ccc2c(c1)C1CN(Cc3ccccc3)CC1CC2	Dopamine D3 receptor	D3R	Ki	GPCR	train	cliff	8.19997	6.31	-0.800029
CHEMBL234_Ki-0377	COc1ccccc1N1CCN(CCCCNC(=O)c2ccc(C(C)=O)cc2)CC1	Dopamine D3 receptor	D3R	Ki	GPCR	test	cliff	9	1	-0
CHEMBL234_Ki-0378	COc1ccc(/C=C/C(=O)NCCCCN2CCN(c3ccccc3OC)CC2)cc1	Dopamine D3 receptor	D3R	Ki	GPCR	train	non-cliff	9.42022	0.38	0.420216
CHEMBL234_Ki-0379	N#Cc1ccc2c(c1)OCC1CN(Cc3ccccc3)CC21	Dopamine D3 receptor	D3R	Ki	GPCR	train	non-cliff	7.59998	25.12	-1.40002
CHEMBL234_Ki-0380	c1ccc(CN2CC3COc4ccccc4C3C2)cc1	Dopamine D3 receptor	D3R	Ki	GPCR	train	non-cliff	6.90001	125.89	-2.09999
CHEMBL234_Ki-0381	COc1ccccc1N1CCN(CCCCNC(=O)/C=C/c2ccc(Oc3ccccc3)cc2)CC1	Dopamine D3 receptor	D3R	Ki	GPCR	train	cliff	7.99568	10.1	-1.00432
CHEMBL234_Ki-0382	COc1ccccc1N1CCN(CCCCNC(=O)/C=C/c2cccc(I)c2)CC1	Dopamine D3 receptor	D3R	Ki	GPCR	train	non-cliff	8.92082	1.2	-0.0791812
CHEMBL234_Ki-0383	CCCN(CCC)C1CCC(=C(C#C[Si](C)(C)C)C#C[Si](C)(C)C)CC1	Dopamine D3 receptor	D3R	Ki	GPCR	test	non-cliff	5.55284	2800	-3.44716
CHEMBL234_Ki-0384	CCCN(CCC)C1CCC(=C(C#Cc2ccccc2)C#Cc2ccccc2)CC1	Dopamine D3 receptor	D3R	Ki	GPCR	test	non-cliff	5.74473	1800	-3.25527
CHEMBL234_Ki-0385	O=C1c2ccccc2CCCN1CCN1CCC(n2c(O)nc3cc(F)ccc32)CC1	Dopamine D3 receptor	D3R	Ki	GPCR	test	non-cliff	5.77	1698.24	-3.23
CHEMBL234_Ki-0386	COc1ccccc1N1CCN(CCCCNC(=O)c2ccccc2I)CC1	Dopamine D3 receptor	D3R	Ki	GPCR	train	non-cliff	8.10791	7.8	-0.892095
CHEMBL234_Ki-0387	COc1ccccc1N1CCN(CCCCNC(=O)/C=C/c2ccc(I)cc2)CC1	Dopamine D3 receptor	D3R	Ki	GPCR	test	cliff	9.30103	0.5	0.30103
CHEMBL234_Ki-0388	COc1ccccc1N1CCN(CCCCNC(=O)/C=C/c2ccc(C(F)(F)F)cc2)CC1	Dopamine D3 receptor	D3R	Ki	GPCR	train	non-cliff	8.66959	2.14	-0.330414
CHEMBL234_Ki-0389	COc1ccccc1/C=C/C(=O)NCCCCN1CCN(c2ccccc2OC)CC1	Dopamine D3 receptor	D3R	Ki	GPCR	train	non-cliff	9.25181	0.56	0.251812
CHEMBL234_Ki-0390	Fc1ccc2c(c1)C1CN(Cc3ccccc3)CC1CO2	Dopamine D3 receptor	D3R	Ki	GPCR	train	cliff	8.10002	7.943	-0.899985
CHEMBL234_Ki-0391	CS(=O)(=O)Nc1ccc(CCN2CC3COc4ccc(C#N)cc4C3C2)cc1	Dopamine D3 receptor	D3R	Ki	GPCR	train	non-cliff	8.79997	1.585	-0.200029
CHEMBL234_Ki-0392	N#Cc1ccc2c(c1)[C@H]1CN(CCCCNC(=O)c3ccc(-c4ccc(N)cc4)cc3)C[C@@H]1CO2	Dopamine D3 receptor	D3R	Ki	GPCR	test	non-cliff	9.70006	0.1995	0.700057
CHEMBL234_Ki-0393	CCCN(CCC)C1CCC(=CC#N)CC1	Dopamine D3 receptor	D3R	Ki	GPCR	train	non-cliff	4.88606	13000	-4.11394
CHEMBL234_Ki-0394	CCCN(CCC)C1CC=C(C#N)CC1	Dopamine D3 receptor	D3R	Ki	GPCR	test	non-cliff	4.88606	13000	-4.11394
CHEMBL234_Ki-0395	COc1ccccc1N1CCN(CCCCNC(=O)/C=C/c2ccc(-c3ccccc3)cc2)CC1	Dopamine D3 receptor	D3R	Ki	GPCR	train	cliff	7.79588	16	-1.20412
CHEMBL234_Ki-0396	COc1ccccc1N1CCN(CCCCNC(=O)/C=C/c2cccc3c2OCO3)CC1	Dopamine D3 receptor	D3R	Ki	GPCR	train	non-cliff	9.25964	0.55	0.259637
CHEMBL234_Ki-0397	CCCN1CC2COc3ccc(C#N)cc3C2C1	Dopamine D3 receptor	D3R	Ki	GPCR	train	non-cliff	7.79997	15.85	-1.20003
CHEMBL234_Ki-0398	COc1ccccc1N1CCN(CCCCNC(=O)c2sc3ccccc3c2Cl)CC1	Dopamine D3 receptor	D3R	Ki	GPCR	train	cliff	8.17393	6.7	-0.826075
CHEMBL234_Ki-0399	Clc1ccc2c(c1)C1CN(Cc3ccccc3)CC1CO2	Dopamine D3 receptor	D3R	Ki	GPCR	train	non-cliff	7.79997	15.85	-1.20003
CHEMBL234_Ki-0400	COc1ccc2c(c1)OCC1CN(Cc3ccccc3)CC21	Dopamine D3 receptor	D3R	Ki	GPCR	train	cliff	7.10002	79.43	-1.89998
CHEMBL234_Ki-0401	COc1ccccc1N1CCN(CCCCNC(=O)/C=C/c2ccc(F)cc2)CC1	Dopamine D3 receptor	D3R	Ki	GPCR	train	cliff	9.28819	0.515	0.288193
CHEMBL234_Ki-0402	COc1ccccc1N1CCN(CCCCNC(=O)/C=C/c2ccc3c(c2)OCO3)CC1	Dopamine D3 receptor	D3R	Ki	GPCR	train	cliff	9	1	-0
CHEMBL234_Ki-0403	COc1ccccc1N1CCN(CCCCN2C(=O)c3cc4ccccc4cc3C2=O)CC1	Dopamine D3 receptor	D3R	Ki	GPCR	train	non-cliff	7.63264	23.3	-1.36736
CHEMBL234_Ki-0404	COc1ccc2c(c1)C1CN(Cc3ccccc3)CC1CO2	Dopamine D3 receptor	D3R	Ki	GPCR	train	cliff	7.10002	79.43	-1.89998
CHEMBL234_Ki-0405	COc1ccccc1N1CCN(CCCCNC(=O)c2ccc(I)cc2)CC1	Dopamine D3 receptor	D3R	Ki	GPCR	train	cliff	8.40894	3.9	-0.591065
CHEMBL234_Ki-0406	COc1ccccc1N1CCN(CCCCNC(=O)/C=C/c2ccsc2)CC1	Dopamine D3 receptor	D3R	Ki	GPCR	train	cliff	9.19382	0.64	0.19382
CHEMBL234_Ki-0407	CCCN(CCC)C1CCC(=C(C#N)C#N)CC1	Dopamine D3 receptor	D3R	Ki	GPCR	train	non-cliff	5.79588	1600	-3.20412
CHEMBL234_Ki-0408	COc1ccccc1N1CCN(CCCCNC(=O)/C=C/c2ccc(OCc3ccccc3)cc2)CC1	Dopamine D3 receptor	D3R	Ki	GPCR	train	cliff	7.70997	19.5	-1.29003
CHEMBL234_Ki-0409	COc1ccccc1N1CCN(CCCCNC(=O)/C=C/c2ccc(/C=C/C(=O)NCCCCN3CCN(c4ccccc4OC)CC3)cc2)CC1	Dopamine D3 receptor	D3R	Ki	GPCR	train	cliff	8.4437	3.6	-0.556303
CHEMBL234_Ki-0410	COc1ccccc1N1CCN(CCCCNC(=O)/C=C/C=C/c2ccccc2)CC1	Dopamine D3 receptor	D3R	Ki	GPCR	train	cliff	8.82391	1.5	-0.176091
CHEMBL234_Ki-0411	COc1ccccc1N1CCN(CCCCN2C(=O)c3cccc4cccc(c34)C2=O)CC1	Dopamine D3 receptor	D3R	Ki	GPCR	test	non-cliff	7.5376	29	-1.4624
CHEMBL234_Ki-0412	COc1ccccc1N1CCN(CCCCNC(=O)c2ccc(C(C)(C)C)cc2)CC1	Dopamine D3 receptor	D3R	Ki	GPCR	train	cliff	8.09745	7.99	-0.902547
CHEMBL234_Ki-0413	COc1ccccc1N1CCN(CCCCNC(=O)/C=C/c2ccccc2I)CC1	Dopamine D3 receptor	D3R	Ki	GPCR	train	cliff	9.12494	0.75	0.124939
CHEMBL234_Ki-0414	COc1ccccc1N1CCN(CCCCNC(=O)/C=C/c2ccc3ccccc3c2)CC1	Dopamine D3 receptor	D3R	Ki	GPCR	train	cliff	9.16749	0.68	0.167491
CHEMBL234_Ki-0415	CC(=O)c1ccc(C(=O)Nc2ccc(CCN3CC4COc5ccc(C#N)cc5C4C3)cc2)cc1	Dopamine D3 receptor	D3R	Ki	GPCR	train	non-cliff	9.10002	0.7943	0.100015
CHEMBL234_Ki-0416	CCCN(CCC)C1CC=C(C#Cc2ccccc2)CC1	Dopamine D3 receptor	D3R	Ki	GPCR	train	non-cliff	5.45593	3500	-3.54407
CHEMBL234_Ki-0417	COc1ccccc1N1CCN(Cc2ccccc2CNC(=O)/C=C/c2ccccc2)CC1	Dopamine D3 receptor	D3R	Ki	GPCR	train	non-cliff	6.48812	325	-2.51188
CHEMBL234_Ki-0418	C#CC(C#C)=C1CCC(N(CCC)CCC)CC1	Dopamine D3 receptor	D3R	Ki	GPCR	train	non-cliff	5.35655	4400	-3.64345
CHEMBL234_Ki-0419	COc1ccccc1N1CCN(CCCNC(=O)c2ccc(I)cc2)CC1	Dopamine D3 receptor	D3R	Ki	GPCR	train	cliff	6.4023	396	-2.5977
CHEMBL234_Ki-0420	COc1ccccc1N1CCN(CCCCNC(=O)c2cccc3c2-c2ccccc2C3=O)CC1	Dopamine D3 receptor	D3R	Ki	GPCR	train	non-cliff	8.52871	2.96	-0.471292
CHEMBL234_Ki-0421	CCS(=O)(=O)c1ccc(OC)c(-c2ccc(CN3CCc4ccccc4C3)[nH]2)c1	Dopamine D3 receptor	D3R	Ki	GPCR	train	non-cliff	7.50004	31.62	-1.49996
CHEMBL234_Ki-0422	CCN(Cc1ccc(-c2cc(S(=O)(=O)CC)ccc2OC)[nH]1)Cc1ccccc1Cl	Dopamine D3 receptor	D3R	Ki	GPCR	train	non-cliff	8.19997	6.31	-0.800029
CHEMBL234_Ki-0423	CCS(=O)(=O)c1ccc(OC)c(-c2ccc(CN3CCCCCC3c3ccc(C)cc3)[nH]2)c1	Dopamine D3 receptor	D3R	Ki	GPCR	train	cliff	9.10002	0.7943	0.100015
CHEMBL234_Ki-0424	CCS(=O)(=O)c1ccc(OC)c(-c2ccc(CN3CCCCCC3c3ccc(OC)cc3)[nH]2)c1	Dopamine D3 receptor	D3R	Ki	GPCR	train	cliff	8.79997	1.585	-0.200029
CHEMBL234_Ki-0425	CCN(Cc1ccccc1)Cc1ccc(-c2cc(S(=O)(=O)CC)ccc2OC)[nH]1	Dopamine D3 receptor	D3R	Ki	GPCR	train	cliff	9.50004	0.3162	0.500038
CHEMBL234_Ki-0426	CCS(=O)(=O)c1ccc(OC)c(-c2ccc(CN3CCCCCC3c3ccccc3C)[nH]2)c1	Dopamine D3 receptor	D3R	Ki	GPCR	train	cliff	7	100	-2
CHEMBL234_Ki-0427	CCN(Cc1ccc2c(c1)OCO2)Cc1ccc(-c2cc(S(=O)(=O)CC)ccc2OC)[nH]1	Dopamine D3 receptor	D3R	Ki	GPCR	test	non-cliff	9.19997	0.631	0.199971
CHEMBL234_Ki-0428	CCN(Cc1ccc(Cl)cc1)Cc1ccc(-c2cc(S(=O)(=O)CC)ccc2OC)[nH]1	Dopamine D3 receptor	D3R	Ki	GPCR	train	cliff	9.40001	0.3981	0.400008
CHEMBL234_Ki-0429	CCS(=O)(=O)c1ccc(OC)c(-c2ccc(CN3CCCCCC3c3cccc(OC)c3)[nH]2)c1	Dopamine D3 receptor	D3R	Ki	GPCR	train	cliff	7.29999	50.12	-1.70001
CHEMBL234_Ki-0430	CCN(Cc1cccc(Cl)c1)Cc1ccc(-c2cc(S(=O)(=O)CC)ccc2OC)[nH]1	Dopamine D3 receptor	D3R	Ki	GPCR	train	cliff	8.59998	2.512	-0.40002
CHEMBL234_Ki-0431	CCN(Cc1ccc(OC)cc1)Cc1ccc(-c2cc(S(=O)(=O)CC)ccc2OC)[nH]1	Dopamine D3 receptor	D3R	Ki	GPCR	train	cliff	9.59998	0.2512	0.59998
CHEMBL234_Ki-0432	CCN(Cc1ccc(OC)c(OC)c1)Cc1ccc(-c2cc(S(=O)(=O)CC)ccc2OC)[nH]1	Dopamine D3 receptor	D3R	Ki	GPCR	train	cliff	7.89997	12.59	-1.10003
CHEMBL234_Ki-0433	CCN(Cc1cccc(OC)c1)Cc1ccc(-c2cc(S(=O)(=O)CC)ccc2OC)[nH]1	Dopamine D3 receptor	D3R	Ki	GPCR	train	cliff	8.10002	7.943	-0.899985
CHEMBL234_Ki-0434	CCN(CC)C(=O)[C@@H]1C=C2c3cccc4[nH]cc(c34)C[C@H]2N(C)C1	Dopamine D3 receptor	D3R	Ki	GPCR	train	non-cliff	7.56864	27	-1.43136
CHEMBL234_Ki-0435	CCN(Cc1ccc(C)cc1)Cc1ccc(-c2cc(S(=O)(=O)CC)ccc2OC)[nH]1	Dopamine D3 receptor	D3R	Ki	GPCR	train	cliff	9.70006	0.1995	0.700057
CHEMBL234_Ki-0436	CCS(=O)(=O)c1ccc(OC)c(-c2ccc(C3CCCN3Cc3ccccc3)[nH]2)c1	Dopamine D3 receptor	D3R	Ki	GPCR	train	non-cliff	8	10	-1
CHEMBL234_Ki-0437	CCN(Cc1ccc(-c2cc(S(=O)(=O)CC)ccc2OC)[nH]1)C1CCCc2ccccc21	Dopamine D3 receptor	D3R	Ki	GPCR	test	non-cliff	8.29999	5.012	-0.700011
CHEMBL234_Ki-0438	CCN(Cc1ccc(-c2cc(S(=O)(=O)CC)ccc2OC)[nH]1)C1CCc2ccccc21	Dopamine D3 receptor	D3R	Ki	GPCR	train	non-cliff	9.10002	0.7943	0.100015
CHEMBL234_Ki-0439	CCN(Cc1ccc(-c2cc(S(=O)(=O)CC)ccc2OC)[nH]1)Cc1ccccc1OC	Dopamine D3 receptor	D3R	Ki	GPCR	train	non-cliff	8	10	-1
CHEMBL234_Ki-0440	CCN(Cc1cccc(C)c1)Cc1ccc(-c2cc(S(=O)(=O)CC)ccc2OC)[nH]1	Dopamine D3 receptor	D3R	Ki	GPCR	test	non-cliff	8.79997	1.585	-0.200029
CHEMBL234_Ki-0441	CCN(Cc1ccc(-c2cc(S(=O)(=O)CC)ccc2OC)[nH]1)Cc1ccccc1C	Dopamine D3 receptor	D3R	Ki	GPCR	test	non-cliff	8.50004	3.162	-0.499962
CHEMBL234_Ki-0442	N#Cc1cc(CN2CCN(c3ccccc3)CC2)c[nH]1	Dopamine D3 receptor	D3R	Ki	GPCR	train	non-cliff	6.14267	720	-2.85733
CHEMBL234_Ki-0443	Cc1c(-c2ccc(F)cc2)nc(O)n1C1CCN(Cc2ccccc2)CC1	Dopamine D3 receptor	D3R	Ki	GPCR	train	non-cliff	6.03152	930	-2.96848
CHEMBL234_Ki-0444	CCCN(CCC)CC1CCc2ccsc2C1	Dopamine D3 receptor	D3R	Ki	GPCR	train	non-cliff	7.22185	60	-1.77815
CHEMBL234_Ki-0445	O=C(Nc1ccccc1)NC1CCN(Cc2ccccc2)CC1	Dopamine D3 receptor	D3R	Ki	GPCR	train	non-cliff	6.1549	700	-2.8451
CHEMBL234_Ki-0446	CCCN(CCc1ccsc1)CCc1cccs1	Dopamine D3 receptor	D3R	Ki	GPCR	train	non-cliff	6.93181	117	-2.06819
CHEMBL234_Ki-0447	C(#Cc1c[nH]c(CN2CCN(c3ccccc3)CC2)c1)c1ccccc1	Dopamine D3 receptor	D3R	Ki	GPCR	train	non-cliff	6.17393	670	-2.82607
CHEMBL234_Ki-0448	O=C(Nc1ccccn1)NC1CCN(Cc2ccccc2)CC1	Dopamine D3 receptor	D3R	Ki	GPCR	train	non-cliff	6.02228	950	-2.97772
CHEMBL234_Ki-0449	Oc1ccc2c(c1)C1OCCN(CCc3ccccc3)C1CC2	Dopamine D3 receptor	D3R	Ki	GPCR	train	cliff	5.80521	1566	-3.19479
CHEMBL234_Ki-0450	c1ccc(N2CCN(Cc3ccc[nH]3)CC2)cc1	Dopamine D3 receptor	D3R	Ki	GPCR	train	cliff	6.24413	570	-2.75587
CHEMBL234_Ki-0451	CCCN(CCc1ccsc1)CCc1ccsc1	Dopamine D3 receptor	D3R	Ki	GPCR	train	non-cliff	6.96658	108	-2.03342
CHEMBL234_Ki-0452	CCCN1CC(c2ccccc2)OC2c3cc(O)ccc3CCC21	Dopamine D3 receptor	D3R	Ki	GPCR	train	non-cliff	7.92082	12	-1.07918
CHEMBL234_Ki-0453	C#Cc1c[nH]c(CN2CCN(c3ccccc3)CC2)c1	Dopamine D3 receptor	D3R	Ki	GPCR	test	non-cliff	6.07058	850	-2.92942
CHEMBL234_Ki-0454	Cn1c(-c2ccccc2)cn(C2CCN(Cc3ccccc3)CC2)c1=O	Dopamine D3 receptor	D3R	Ki	GPCR	test	non-cliff	6.82391	150	-2.17609
CHEMBL234_Ki-0455	Cc1c(-c2cccc(Cl)c2)nc(O)n1C1CCN(Cc2ccccc2)CC1	Dopamine D3 receptor	D3R	Ki	GPCR	train	non-cliff	6.60206	250	-2.39794
CHEMBL234_Ki-0456	Cc1c(-c2ccccc2)n(C)c(=O)n1C1CCN(Cc2ccccc2)CC1	Dopamine D3 receptor	D3R	Ki	GPCR	train	non-cliff	6.85387	140	-2.14613
CHEMBL234_Ki-0457	Cc1c(C2CCN(CCc3ccccc3)CC2)noc1-c1ccc(Cl)cc1	Dopamine D3 receptor	D3R	Ki	GPCR	test	non-cliff	6.11351	770	-2.88649
CHEMBL234_Ki-0458	c1cc2c(s1)CCC1NCCOC21	Dopamine D3 receptor	D3R	Ki	GPCR	train	non-cliff	5.52288	3000	-3.47712
CHEMBL234_Ki-0459	Cc1c(-c2ccccn2)nc(O)n1C1CCN(Cc2ccccc2)CC1	Dopamine D3 receptor	D3R	Ki	GPCR	train	cliff	5.92082	1200	-3.07918
CHEMBL234_Ki-0460	Cc1cccc(CN2CCC(n3c(O)nc(-c4ccccc4)c3C)CC2)c1	Dopamine D3 receptor	D3R	Ki	GPCR	train	non-cliff	6.49485	320	-2.50515
CHEMBL234_Ki-0461	CCCN(CCc1cccs1)[C@H]1CCc2c(O)cccc2C1	Dopamine D3 receptor	D3R	Ki	GPCR	train	non-cliff	8.39848	3.995	-0.601517
CHEMBL234_Ki-0462	Cc1nc(O)n(C2CCN(Cc3ccccc3)CC2)c1-c1ccccc1	Dopamine D3 receptor	D3R	Ki	GPCR	train	non-cliff	5.4437	3600	-3.5563
CHEMBL234_Ki-0463	CCc1c(-c2ccccc2)nc(O)n1C1CCN(Cc2ccccc2)CC1	Dopamine D3 receptor	D3R	Ki	GPCR	train	cliff	6.88606	130	-2.11394
CHEMBL234_Ki-0464	CCCN(CCC)C1CCc2sccc2C1	Dopamine D3 receptor	D3R	Ki	GPCR	train	cliff	7.39794	40	-1.60206
CHEMBL234_Ki-0465	Cc1c(-c2cccs2)nc(O)n1C1CCN(Cc2ccccc2)CC1	Dopamine D3 receptor	D3R	Ki	GPCR	train	cliff	7.42022	38	-1.57978
CHEMBL234_Ki-0466	Cc1c(-c2ccccc2)nc(O)n1C1CCN(CC2CCCCC2)CC1	Dopamine D3 receptor	D3R	Ki	GPCR	train	cliff	5.95861	1100	-3.04139
CHEMBL234_Ki-0467	Cc1c(-c2ccc(Cl)cc2)nc(O)n1C1CCN(Cc2ccccc2)CC1	Dopamine D3 receptor	D3R	Ki	GPCR	train	non-cliff	6.42022	380	-2.57978
CHEMBL234_Ki-0468	COc1ccc(-c2nc(O)n(C3CCN(Cc4ccccc4)CC3)c2C)cc1	Dopamine D3 receptor	D3R	Ki	GPCR	train	non-cliff	6.4437	360	-2.5563
CHEMBL234_Ki-0469	O=C(Nc1nccc2ccccc12)NC1CCN(Cc2ccccc2)CC1	Dopamine D3 receptor	D3R	Ki	GPCR	train	non-cliff	5.69897	2000	-3.30103
CHEMBL234_Ki-0470	Cc1c(-c2ccccc2)nc(O)n1C1CCN(Cc2ccccc2)CC1	Dopamine D3 receptor	D3R	Ki	GPCR	train	cliff	6.61979	240	-2.38021
CHEMBL234_Ki-0471	CCCN(CCC)C1CCc2ccsc2C1	Dopamine D3 receptor	D3R	Ki	GPCR	train	cliff	7.55284	28	-1.44716
CHEMBL234_Ki-0472	CCCN1CCOC2c3ccsc3CCC21	Dopamine D3 receptor	D3R	Ki	GPCR	train	non-cliff	6.61979	240	-2.38021
CHEMBL234_Ki-0473	Cc1c(-c2ccccc2)n(-c2ccccc2)c(=O)n1C1CCN(Cc2ccccc2)CC1	Dopamine D3 receptor	D3R	Ki	GPCR	train	non-cliff	7.82391	15	-1.17609
CHEMBL234_Ki-0474	Cc1c(-c2ccccc2)nc(O)n1C1CCN(CCCc2ccccc2)CC1	Dopamine D3 receptor	D3R	Ki	GPCR	train	cliff	5.72125	1900	-3.27875
CHEMBL234_Ki-0475	Oc1ccc2c(c1)C1OCCN(CCc3cccs3)C1CC2	Dopamine D3 receptor	D3R	Ki	GPCR	train	cliff	7.08092	83	-1.91908
CHEMBL234_Ki-0476	Oc1nc(-c2ccccc2)cn1C1CCN(Cc2ccccc2)CC1	Dopamine D3 receptor	D3R	Ki	GPCR	test	cliff	6.20066	630	-2.79934
CHEMBL234_Ki-0477	Cc1c(-c2ccccc2Cl)nc(O)n1C1CCN(Cc2ccccc2)CC1	Dopamine D3 receptor	D3R	Ki	GPCR	train	non-cliff	6.65758	220	-2.34242
CHEMBL234_Ki-0478	CCCN(CCC)CC1CCc2sccc2C1	Dopamine D3 receptor	D3R	Ki	GPCR	train	non-cliff	6.6073	247	-2.3927
CHEMBL234_Ki-0479	CCCN(CCC)[C@@H]1Cc2cccc(O)c2C[C@H]1C	Dopamine D3 receptor	D3R	Ki	GPCR	train	non-cliff	9.26761	0.54	0.267606
CHEMBL234_Ki-0480	N#Cc1c[nH]c(CN2CCN(c3ccccc3)CC2)c1	Dopamine D3 receptor	D3R	Ki	GPCR	test	non-cliff	5.74473	1800	-3.25527
CHEMBL234_Ki-0481	Cc1ccc(-c2nc(O)n(C3CCN(Cc4ccccc4)CC3)c2C)cc1	Dopamine D3 receptor	D3R	Ki	GPCR	train	non-cliff	6.65758	220	-2.34242
CHEMBL234_Ki-0482	Cc1c(-c2ccccc2)nc(O)n1C1CCN(Cc2ccc(Cl)cc2)CC1	Dopamine D3 receptor	D3R	Ki	GPCR	train	non-cliff	6.74473	180	-2.25527
CHEMBL234_Ki-0483	CCc1cc(Cl)c(OC)c(C(=O)NC[C@@H]2CCCN2CC)c1O	Dopamine D3 receptor	D3R	Ki	GPCR	train	non-cliff	9.87074	0.134667	0.87074
CHEMBL234_Ki-0484	CCC(=O)OC1(c2ccccc2)CCN(CCCC(=O)c2ccccc2)CC1	Dopamine D3 receptor	D3R	Ki	GPCR	test	cliff	6.36754	429	-2.63246
CHEMBL234_Ki-0485	O=c1ccc2ccc(CNCCNc3ccccc3)cc2o1	Dopamine D3 receptor	D3R	Ki	GPCR	train	cliff	6.37263	424	-2.62737
CHEMBL234_Ki-0486	CN(C)C(=O)C1(c2ccc(Cl)cc2)CCN(CCCC(=O)c2ccc(F)cc2)CC1	Dopamine D3 receptor	D3R	Ki	GPCR	test	non-cliff	7.36452	43.2	-1.63548
CHEMBL234_Ki-0487	CC(=O)NCC1(c2ccccc2)CCN(CCCC(=O)c2ccc(F)cc2)CC1	Dopamine D3 receptor	D3R	Ki	GPCR	train	non-cliff	5	10000	-4
CHEMBL234_Ki-0488	CCN1CCC[C@H]1CNC(=O)c1c(O)c(Cl)cc(Cl)c1OC	Dopamine D3 receptor	D3R	Ki	GPCR	train	cliff	7.85594	13.9333	-1.14406
CHEMBL234_Ki-0489	Cc1ccc2c(c1)Sc1c(ccc3ccccc13)N2CCCN(C)C	Dopamine D3 receptor	D3R	Ki	GPCR	train	non-cliff	5.84802	1419	-3.15198
CHEMBL234_Ki-0490	CN1CCc2cccc3c2[C@H]1Cc1ccc(O)c(O)c1-3	Dopamine D3 receptor	D3R	Ki	GPCR	test	cliff	8.02919	9.35	-0.970812
CHEMBL234_Ki-0491	CCCN(CCC)CCC(O)c1cc2c(c3ccccc13)CCCC2	Dopamine D3 receptor	D3R	Ki	GPCR	train	non-cliff	5.90032	1258	-3.09968
CHEMBL234_Ki-0492	CCC(=O)OC1(c2ccccc2)CCN(CCC(=O)c2ccccc2)CC1C	Dopamine D3 receptor	D3R	Ki	GPCR	train	cliff	5	10000	-4
CHEMBL234_Ki-0493	COc1ccccc1N1CCC(CNCC2COc3ccc(Cl)cc3O2)CC1	Dopamine D3 receptor	D3R	Ki	GPCR	train	non-cliff	8.79588	1.6	-0.20412
CHEMBL234_Ki-0494	CC1CCN(CC[C@H]2CCCN2S(=O)(=O)c2cccc(O)c2)CC1	Dopamine D3 receptor	D3R	Ki	GPCR	train	non-cliff	5.6	2511.89	-3.4
CHEMBL234_Ki-0495	Cc1ccc(C)c2c1Sc1c(ccc3ccccc13)N2CCCN(C)C	Dopamine D3 receptor	D3R	Ki	GPCR	test	non-cliff	6.35458	442	-2.64542
CHEMBL234_Ki-0496	OC(CCCN1CCN2CCc3[nH]c4ccccc4c3C2C1)c1ccc(F)cc1	Dopamine D3 receptor	D3R	Ki	GPCR	train	cliff	5.61762	2412	-3.38238
CHEMBL234_Ki-0497	O=c1[nH]c2ccccc2n1CCCN1CCN(C(c2ccccc2)c2ccccc2)CC1	Dopamine D3 receptor	D3R	Ki	GPCR	train	non-cliff	7.20273	62.7	-1.79727
CHEMBL234_Ki-0498	O=C(CCCN1CCN2Cc3[nH]c4ccccc4c3CC2C1)c1ccc(F)cc1	Dopamine D3 receptor	D3R	Ki	GPCR	train	cliff	7.95861	11	-1.04139
CHEMBL234_Ki-0499	O=C(CCCN1CCN2c3ccccc3CCC2C1)c1ccc(F)cc1	Dopamine D3 receptor	D3R	Ki	GPCR	train	non-cliff	7.07831	83.5	-1.92169
CHEMBL234_Ki-0500	CCOc1ccc(NC(=O)C2CCCN(CCc3ccccc3)C2)cc1	Dopamine D3 receptor	D3R	Ki	GPCR	train	non-cliff	5	10000	-4
CHEMBL234_Ki-0501	c1ccc2c3c([nH]c2c1)CCN1CCN(CCc2ccncc2)CC31	Dopamine D3 receptor	D3R	Ki	GPCR	train	non-cliff	5	10000	-4
CHEMBL234_Ki-0502	CC1CCN(CC[C@H]2CCCN2S(=O)(=O)c2cccc3ccccc23)CC1	Dopamine D3 receptor	D3R	Ki	GPCR	test	non-cliff	5.9	1258.93	-3.1
CHEMBL234_Ki-0503	O=c1[nH]c2ccccc2n1CCCN1CCC(n2c(=O)[nH]c3cc(Cl)ccc32)CC1	Dopamine D3 receptor	D3R	Ki	GPCR	test	non-cliff	8.24051	5.74767	-0.759492
CHEMBL234_Ki-0504	CCCCCN1CCN(C(CC(=O)c2ccccc2)C(=O)c2ccccc2)CC1	Dopamine D3 receptor	D3R	Ki	GPCR	train	non-cliff	5	10000	-4
CHEMBL234_Ki-0505	O=C(OC1(c2nccc3ccccc23)CCN(CCc2ccccc2)CC1)c1ccccc1	Dopamine D3 receptor	D3R	Ki	GPCR	train	non-cliff	6	1000	-3
CHEMBL234_Ki-0506	CCOc1ccccc1OCCN[C@H](C)Cc1ccc(OC)c(S(N)(=O)=O)c1	Dopamine D3 receptor	D3R	Ki	GPCR	train	non-cliff	9.55284	0.28	0.552842
CHEMBL234_Ki-0507	CCCCN(CCCC)Cc1c(C)nc2cc(OC)ccc2c1O	Dopamine D3 receptor	D3R	Ki	GPCR	train	non-cliff	5	10000	-4
CHEMBL234_Ki-0508	Cc1cccc(S(=O)(=O)N2CCC[C@@H]2CCN2CCC(C)CC2)c1	Dopamine D3 receptor	D3R	Ki	GPCR	train	non-cliff	5.9	1258.93	-3.1
CHEMBL234_Ki-0509	O=C(CCCCN1CCN2c3ccccc3CCC2C1)c1ccccc1	Dopamine D3 receptor	D3R	Ki	GPCR	train	non-cliff	6.52724	297	-2.47276
CHEMBL234_Ki-0510	CCCCN(CC)CC(C(C)=O)C1=C(O)OC2C=CC=CC2C1=O	Dopamine D3 receptor	D3R	Ki	GPCR	train	non-cliff	5	10000	-4
CHEMBL234_Ki-0511	CC1CCN(CC[C@H]2CCCCN2S(=O)(=O)c2cccc3ccccc23)CC1	Dopamine D3 receptor	D3R	Ki	GPCR	train	non-cliff	6	1000	-3
CHEMBL234_Ki-0512	CCCCN1C/C(=C\\c2ccc(Br)cc2)C(=O)/C(=C/c2ccc(Br)cc2)C1	Dopamine D3 receptor	D3R	Ki	GPCR	train	non-cliff	6	1000	-3
CHEMBL234_Ki-0513	Oc1ccc2c(c1)O[C@@H](CNCc1ccccc1)CC2	Dopamine D3 receptor	D3R	Ki	GPCR	train	cliff	8.61979	2.4	-0.380211
CHEMBL234_Ki-0514	CC(C)Oc1ccccc1N1CCN(C[C@@H](O)CNC(=O)c2ccc3c(c2)C(=O)N(c2ccc(N(C)C)cc2)C3=O)CC1	Dopamine D3 receptor	D3R	Ki	GPCR	train	non-cliff	7.20761	62	-1.79239
CHEMBL234_Ki-0515	CC1CCN(CC[C@H]2CCCN2S(=O)(=O)c2ccc(Cl)c(Cl)c2)CC1	Dopamine D3 receptor	D3R	Ki	GPCR	train	non-cliff	6	1000	-3
CHEMBL234_Ki-0516	CCN(CC)CCCN(C)Cc1c(-c2ccccc2)oc(-c2ccccc2)c1Cl	Dopamine D3 receptor	D3R	Ki	GPCR	train	non-cliff	5.85981	1381	-3.14019
CHEMBL234_Ki-0517	CCCCCCCN1CCC(C(=O)CC)(c2cccc(O)c2)CC1	Dopamine D3 receptor	D3R	Ki	GPCR	train	non-cliff	5.58253	2615	-3.41747
CHEMBL234_Ki-0518	CCCCN1CN(CCCC)CN(C(=S)c2c(Cl)cccc2Cl)C1	Dopamine D3 receptor	D3R	Ki	GPCR	train	non-cliff	5	10000	-4
CHEMBL234_Ki-0519	CCCN(CCC)CN1C(=O)c2ccccc2C1=O	Dopamine D3 receptor	D3R	Ki	GPCR	test	non-cliff	5	10000	-4
CHEMBL234_Ki-0520	O=C(CCN1CCN2c3ccccc3CCC2C1)c1ccc(F)cc1	Dopamine D3 receptor	D3R	Ki	GPCR	train	non-cliff	6.33255	465	-2.66745
CHEMBL234_Ki-0521	CCCN(CCC#N)CN1C(=O)c2ccccc2C1=O	Dopamine D3 receptor	D3R	Ki	GPCR	train	non-cliff	5	10000	-4
CHEMBL234_Ki-0522	CCn1c2ccccc2c2cc(NCCCN(C)C)ccc21	Dopamine D3 receptor	D3R	Ki	GPCR	train	non-cliff	5	10000	-4
CHEMBL234_Ki-0523	N#CCCN(CCCN1CCOCC1)CN1C(=O)c2ccccc2C1=O	Dopamine D3 receptor	D3R	Ki	GPCR	train	non-cliff	5	10000	-4
CHEMBL234_Ki-0524	CC1CCN(CC[C@H]2CCCN2S(=O)(=O)c2cccc(Br)c2)CC1	Dopamine D3 receptor	D3R	Ki	GPCR	train	non-cliff	6.2	630.96	-2.8
CHEMBL234_Ki-0525	CN(C)CCCN1c2ccccc2Sc2ccc(Cl)cc21	Dopamine D3 receptor	D3R	Ki	GPCR	train	non-cliff	8.22555	5.9491	-0.774451
CHEMBL234_Ki-0526	CCCCN1CSC(=S)N(Cc2ccccc2)C1	Dopamine D3 receptor	D3R	Ki	GPCR	train	non-cliff	5	10000	-4
CHEMBL234_Ki-0527	CCCN(CCC)C1CCc2cc3c(cc2C1)OCC3	Dopamine D3 receptor	D3R	Ki	GPCR	test	non-cliff	7.89296	12.795	-1.10704
CHEMBL234_Ki-0528	CN1CCN(Cc2cnn3ccccc23)CC1	Dopamine D3 receptor	D3R	Ki	GPCR	train	cliff	4.46852	34000	-4.53148
CHEMBL234_Ki-0529	CC(=O)c1ccc(-c2ccc(C(=O)NCCCCN3CCc4ccc(OS(=O)(=O)C(F)(F)F)cc4C3)cc2)cc1	Dopamine D3 receptor	D3R	Ki	GPCR	train	non-cliff	8.59998	2.512	-0.40002
CHEMBL234_Ki-0530	O=C(/C=C/c1ccc2[nH]ccc2c1)NCCCCN1CCc2ccc(OS(=O)(=O)C(F)(F)F)cc2C1	Dopamine D3 receptor	D3R	Ki	GPCR	test	non-cliff	8.70006	1.995	-0.299943
CHEMBL234_Ki-0531	O=C(/C=C/c1ccc(Cl)c(Cl)c1)NCCCCCN1CCC(c2c[nH]c3ccc(O)cc23)CC1	Dopamine D3 receptor	D3R	Ki	GPCR	test	non-cliff	8.10002	7.943	-0.899985
CHEMBL234_Ki-0532	COc1ccccc1N1CCN(CCCCNC(=O)c2ccc(-c3ccc(N)cc3)cc2)CC1	Dopamine D3 receptor	D3R	Ki	GPCR	train	cliff	9.70006	0.1995	0.700057
CHEMBL234_Ki-0533	COc1ccc(/C=C/C(=O)NCCCCN2CCc3ccc(OS(=O)(=O)C(F)(F)F)cc3C2)cc1	Dopamine D3 receptor	D3R	Ki	GPCR	train	non-cliff	8.40001	3.981	-0.599992
CHEMBL234_Ki-0534	O=C(/C=C/c1ccc2ccccc2c1)NCCCCN1CCc2ccc(OS(=O)(=O)C(F)(F)F)cc2C1	Dopamine D3 receptor	D3R	Ki	GPCR	train	non-cliff	8.29999	5.012	-0.700011
CHEMBL234_Ki-0535	O=C(/C=C/c1cnc2ccccc2c1)NCCCCN1CCc2ccc(OS(=O)(=O)C(F)(F)F)cc2C1	Dopamine D3 receptor	D3R	Ki	GPCR	train	non-cliff	8.40001	3.981	-0.599992
CHEMBL234_Ki-0536	O=C(NCCCCN1CCc2ccccc2C1)c1ccc(-c2ccccc2)cc1	Dopamine D3 receptor	D3R	Ki	GPCR	train	non-cliff	7.59998	25.12	-1.40002
CHEMBL234_Ki-0537	O=C(NCCCCN1CCc2ccc(OS(=O)(=O)C(F)(F)F)cc2C1)c1cccc(-c2ccccc2)c1	Dopamine D3 receptor	D3R	Ki	GPCR	train	cliff	6.90001	125.89	-2.09999
CHEMBL234_Ki-0538	Ic1ccc(N2CCN(Cc3cnn4ccccc34)CC2)cc1	Dopamine D3 receptor	D3R	Ki	GPCR	train	cliff	5.17393	6700	-3.82607
CHEMBL234_Ki-0539	Cc1ccccc1-c1ccc(C(=O)NCCCCN2CCc3ccc(OS(=O)(=O)C(F)(F)F)cc3C2)cc1	Dopamine D3 receptor	D3R	Ki	GPCR	test	cliff	7.29999	50.12	-1.70001
CHEMBL234_Ki-0540	CCCN(CCCCNC(=O)c1ccc(-c2ccccc2)cc1)C1CCc2c(cccc2OS(=O)(=O)C(F)(F)F)C1	Dopamine D3 receptor	D3R	Ki	GPCR	train	non-cliff	8.79997	1.585	-0.200029
CHEMBL234_Ki-0541	Clc1cccc(N2CCN(Cc3cnn4ccccc34)CC2)c1	Dopamine D3 receptor	D3R	Ki	GPCR	train	non-cliff	6.25181	560	-2.74819
CHEMBL234_Ki-0542	COc1ccc(OC)c(N2CCN(CCCCNC(=O)c3ccc(Br)cc3)CC2)c1	Dopamine D3 receptor	D3R	Ki	GPCR	train	non-cliff	8.50004	3.162	-0.499962
CHEMBL234_Ki-0543	Oc1ccccc1OCCNCc1ccccc1	Dopamine D3 receptor	D3R	Ki	GPCR	train	cliff	6.55052	281.5	-2.44948
CHEMBL234_Ki-0544	CS(=O)(=O)Nc1cccc(OCCNCc2ccccc2)c1	Dopamine D3 receptor	D3R	Ki	GPCR	train	non-cliff	7.37161	42.5	-1.62839
CHEMBL234_Ki-0545	CN(C)c1ccc(/C=C/C(=O)NCCCCN2CCc3ccc(OS(=O)(=O)C(F)(F)F)cc3C2)cc1	Dopamine D3 receptor	D3R	Ki	GPCR	train	non-cliff	8.40001	3.981	-0.599992
CHEMBL234_Ki-0546	O=C(c1cnn2ccccc12)N1CCN(c2ccc(Cl)cc2)CC1	Dopamine D3 receptor	D3R	Ki	GPCR	train	non-cliff	4.21467	61000	-4.78533
CHEMBL234_Ki-0547	COc1ccccc1N1CCN(CCCCNC(=O)c2ccc(Br)cc2)CC1	Dopamine D3 receptor	D3R	Ki	GPCR	train	cliff	9.29999	0.5012	0.299989
CHEMBL234_Ki-0548	Cc1nnc(-c2ccc(-c3ccc(C(=O)NCCCCN4CCc5ccc(OS(=O)(=O)C(F)(F)F)cc5C4)cc3)cc2)o1	Dopamine D3 receptor	D3R	Ki	GPCR	test	non-cliff	8.70006	1.995	-0.299943
CHEMBL234_Ki-0549	O=C(/C=C/c1ccc2ccccc2n1)NCCCCN1CCc2ccc(OS(=O)(=O)C(F)(F)F)cc2C1	Dopamine D3 receptor	D3R	Ki	GPCR	train	non-cliff	8.40001	3.981	-0.599992
CHEMBL234_Ki-0550	O=C(/C=C/c1ccc2ncccc2c1)NCCCCN1CCc2ccc(OS(=O)(=O)C(F)(F)F)cc2C1	Dopamine D3 receptor	D3R	Ki	GPCR	train	non-cliff	8.50004	3.162	-0.499962
CHEMBL234_Ki-0551	Clc1ccc(N2CCN(Cc3cnn4ccc5ccccc5c34)CC2)cc1	Dopamine D3 receptor	D3R	Ki	GPCR	train	non-cliff	5.284	5200	-3.716
CHEMBL234_Ki-0552	CC(=O)c1ccc(/C=C/C(=O)NCCCCN2CCc3ccc(OS(=O)(=O)C(F)(F)F)cc3C2)cc1	Dopamine D3 receptor	D3R	Ki	GPCR	train	non-cliff	8.40001	3.981	-0.599992
CHEMBL234_Ki-0553	CC(=O)c1cccc(/C=C/C(=O)NCCCCN2CCc3ccc(OS(=O)(=O)C(F)(F)F)cc3C2)c1	Dopamine D3 receptor	D3R	Ki	GPCR	train	non-cliff	8.40001	3.981	-0.599992
CHEMBL234_Ki-0554	CNC(=O)c1ccc(-c2ccc(C(=O)NCCCCN3CCc4ccc(OS(=O)(=O)C(F)(F)F)cc4C3)cc2)cc1	Dopamine D3 receptor	D3R	Ki	GPCR	train	non-cliff	8.59998	2.512	-0.40002
CHEMBL234_Ki-0555	O=C(NCCCCN1CCc2ccc(OS(=O)(=O)C(F)(F)F)cc2C1)c1ccc(-c2ccc(N3CCCC3=O)cc2)cc1	Dopamine D3 receptor	D3R	Ki	GPCR	train	cliff	8.59998	2.512	-0.40002
CHEMBL234_Ki-0556	Oc1ccc2c(c1)O[C@@H](CNCc1ccccc1)CO2	Dopamine D3 receptor	D3R	Ki	GPCR	test	cliff	8.95861	1.1	-0.0413927
CHEMBL234_Ki-0557	O=C(NCCCCN1CCN(c2ccccc2)CC1)c1ccc(Br)cc1	Dopamine D3 receptor	D3R	Ki	GPCR	test	non-cliff	8.19997	6.31	-0.800029
CHEMBL234_Ki-0558	CNC(=O)c1cccc(-c2ccc(C(=O)NCCCCN3CCc4ccc(OS(=O)(=O)C(F)(F)F)cc4C3)cc2)c1	Dopamine D3 receptor	D3R	Ki	GPCR	train	non-cliff	8.70006	1.995	-0.299943
CHEMBL234_Ki-0559	Clc1ccc(N2CCN(Cc3cnc4ccccn34)CC2)cc1	Dopamine D3 receptor	D3R	Ki	GPCR	train	cliff	5.27572	5300	-3.72428
CHEMBL234_Ki-0560	Clc1ccccc1N1CCN(Cc2cnn3ccccc23)CC1	Dopamine D3 receptor	D3R	Ki	GPCR	train	non-cliff	6.63827	230	-2.36173
CHEMBL234_Ki-0561	c1ccn2ncc(CN3CCN(C4CCCCC4)CC3)c2c1	Dopamine D3 receptor	D3R	Ki	GPCR	train	cliff	5.25964	5500	-3.74036
CHEMBL234_Ki-0562	CS(=O)(=O)Nc1cc(OCCNCc2cccs2)ccc1Cl	Dopamine D3 receptor	D3R	Ki	GPCR	train	non-cliff	7.55596	27.8	-1.44404
CHEMBL234_Ki-0563	Cc1cc(C(=O)NCCCCN2CCc3ccc(OS(=O)(=O)C(F)(F)F)cc3C2)ccc1-c1ccccc1	Dopamine D3 receptor	D3R	Ki	GPCR	test	non-cliff	7.29999	50.12	-1.70001
CHEMBL234_Ki-0564	O=C(NCCCCN1CCc2ccc(OS(=O)(=O)C(F)(F)F)cc2C1)c1ccc(-c2ccccc2)cc1	Dopamine D3 receptor	D3R	Ki	GPCR	train	cliff	8.10002	7.943	-0.899985
CHEMBL234_Ki-0565	O=C(/C=C/c1ccc(Cl)c(Cl)c1)N[C@H]1CC[C@@H](CN2[C@H]3CC[C@@H]2C[C@@H](c2c[nH]c4ccc(O)cc24)C3)CC1	Dopamine D3 receptor	D3R	Ki	GPCR	train	non-cliff	5.6	2511.89	-3.4
CHEMBL234_Ki-0566	O=C(/C=C/c1ccc2nc(O)ccc2c1)NCCCCN1CCc2ccc(OS(=O)(=O)C(F)(F)F)cc2C1	Dopamine D3 receptor	D3R	Ki	GPCR	train	non-cliff	8.59998	2.512	-0.40002
CHEMBL234_Ki-0567	Clc1ccc(N2CCN(Cc3cnn4c3ccc3ccccc34)CC2)cc1	Dopamine D3 receptor	D3R	Ki	GPCR	train	cliff	4.67778	21000	-4.32222
CHEMBL234_Ki-0568	CS(=O)(=O)Nc1cc(OCCNCc2ccccc2)ccc1Cl	Dopamine D3 receptor	D3R	Ki	GPCR	train	non-cliff	7.95861	11	-1.04139
CHEMBL234_Ki-0569	COc1ccccc1N1CCN(CCCCNC(=O)c2ccc(-c3ccc(C(C)=O)cc3)cc2)CC1	Dopamine D3 receptor	D3R	Ki	GPCR	train	cliff	9.50004	0.3162	0.500038
CHEMBL234_Ki-0570	CCCN(CCCCNC(=O)c1ccc(-c2ccccc2)cc1)C1CCc2c(Cl)cccc2C1	Dopamine D3 receptor	D3R	Ki	GPCR	train	non-cliff	8.79997	1.585	-0.200029
CHEMBL234_Ki-0571	Clc1ccc(N2CCN(Cc3cnn4c3CCCC4)CC2)cc1	Dopamine D3 receptor	D3R	Ki	GPCR	train	cliff	5.95861	1100	-3.04139
CHEMBL234_Ki-0572	COc1cccc(/C=C/C(=O)NCCCCN2CCc3ccc(OS(=O)(=O)C(F)(F)F)cc3C2)c1	Dopamine D3 receptor	D3R	Ki	GPCR	train	non-cliff	8.50004	3.162	-0.499962
CHEMBL234_Ki-0573	O=C(/C=C/c1c[nH]c2ccccc12)NCCCCN1CCc2ccc(OS(=O)(=O)C(F)(F)F)cc2C1	Dopamine D3 receptor	D3R	Ki	GPCR	train	non-cliff	8.40001	3.981	-0.599992
CHEMBL234_Ki-0574	c1ccc(N2CCN(Cc3cnn4ccccc34)CC2)cc1	Dopamine D3 receptor	D3R	Ki	GPCR	train	cliff	5.79588	1600	-3.20412
CHEMBL234_Ki-0575	COc1ccccc1N1CCN(CCCCNC(=O)c2ccc(-c3ccc(S(C)(=O)=O)cc3)cc2)CC1	Dopamine D3 receptor	D3R	Ki	GPCR	train	cliff	9.50004	0.3162	0.500038
CHEMBL234_Ki-0576	Cn1c(=O)ccc2cc(/C=C/C(=O)NCCCCN3CCc4ccc(OS(=O)(=O)C(F)(F)F)cc4C3)ccc21	Dopamine D3 receptor	D3R	Ki	GPCR	train	non-cliff	8	10	-1
CHEMBL234_Ki-0577	Clc1ccc(N2CCN(Cc3cnc4ncccn34)CC2)cc1	Dopamine D3 receptor	D3R	Ki	GPCR	train	cliff	5.18046	6600	-3.81954
CHEMBL234_Ki-0578	O=C(CCCN1CCN(c2ccccn2)CC1)c1ccc(F)cc1	Dopamine D3 receptor	D3R	Ki	GPCR	train	non-cliff	7.27572	53	-1.72428
CHEMBL234_Ki-0579	CCCN1CCc2nn3ccccc3c2C1	Dopamine D3 receptor	D3R	Ki	GPCR	train	non-cliff	7.79588	16	-1.20412
CHEMBL234_Ki-0580	c1ccc(C2CCN(Cc3c[nH]c4ccccc34)CC2)cc1	Dopamine D3 receptor	D3R	Ki	GPCR	train	cliff	7.02228	95	-1.97772
CHEMBL234_Ki-0581	c1ccc(N2CCN(Cc3c[nH]c4ccccc34)CC2)cc1	Dopamine D3 receptor	D3R	Ki	GPCR	train	cliff	6.55284	280	-2.44716
CHEMBL234_Ki-0582	CCCN(CCC)[C@H]1CCc2nn3ccccc3c2C1	Dopamine D3 receptor	D3R	Ki	GPCR	train	non-cliff	9.26761	0.54	0.267606
CHEMBL234_Ki-0583	CC1CCN(Cc2c[nH]c3ccccc23)CC1	Dopamine D3 receptor	D3R	Ki	GPCR	train	non-cliff	5.17393	6700	-3.82607
CHEMBL234_Ki-0584	Clc1ccc(CN2CCC(c3cc(-c4ccc(Cl)cc4)on3)CC2)cc1	Dopamine D3 receptor	D3R	Ki	GPCR	test	non-cliff	6.36653	430	-2.63347
CHEMBL234_Ki-0585	Cc1c(-c2ccc(Cl)cc2)noc1C1CCN(CCc2ccccc2)CC1	Dopamine D3 receptor	D3R	Ki	GPCR	train	non-cliff	6.31876	480	-2.68124
CHEMBL234_Ki-0586	CCN1CCCCCC1c1ccc(-c2cc(S(=O)(=O)CC)ccc2OC)[nH]1	Dopamine D3 receptor	D3R	Ki	GPCR	train	non-cliff	8.70006	1.995	-0.299943
CHEMBL234_Ki-0587	CCN1CCCC1CNC(=O)c1cc(S(=O)(=O)CC)ccc1OC	Dopamine D3 receptor	D3R	Ki	GPCR	train	non-cliff	8.19997	6.31	-0.800029
CHEMBL234_Ki-0588	CCS(=O)(=O)c1ccc(OC)c(-c2ccc(CN3CCCCC3)[nH]2)c1	Dopamine D3 receptor	D3R	Ki	GPCR	train	cliff	7.59998	25.12	-1.40002
CHEMBL234_Ki-0589	Clc1ccc(CN2CCC(c3cc(-c4ccc(Cl)cc4)[nH]n3)CC2)cc1	Dopamine D3 receptor	D3R	Ki	GPCR	train	cliff	6.08619	820	-2.91381
CHEMBL234_Ki-0590	CCS(=O)(=O)c1ccc(OC)c(-c2ccc(CN3CCCC3)[nH]2)c1	Dopamine D3 receptor	D3R	Ki	GPCR	train	cliff	7.19997	63.1	-1.80003
CHEMBL234_Ki-0591	CCN1CCCCC1c1ccc(-c2cc(S(=O)(=O)CC)ccc2OC)[nH]1	Dopamine D3 receptor	D3R	Ki	GPCR	train	cliff	8.70006	1.995	-0.299943
CHEMBL234_Ki-0592	COc1c(C(=O)N[C@@H]2CCN(Cc3ccccc3)C2)cc(I)c2ccccc12	Dopamine D3 receptor	D3R	Ki	GPCR	train	non-cliff	7.47496	33.5	-1.52504
CHEMBL234_Ki-0593	CCS(=O)(=O)c1ccc(OC)c(-c2ccc(CN3CCCC3c3ccccc3)[nH]2)c1	Dopamine D3 receptor	D3R	Ki	GPCR	train	cliff	9	1	-0
CHEMBL234_Ki-0594	CCS(=O)(=O)c1ccc(OC)c(-c2ccc(CN3CCCCC3c3ccccc3)[nH]2)c1	Dopamine D3 receptor	D3R	Ki	GPCR	train	cliff	8.89997	1.259	-0.100026
CHEMBL234_Ki-0595	Fc1ccc2[nH]c(CN3CCN(c4ccccn4)CC3)cc2c1	Dopamine D3 receptor	D3R	Ki	GPCR	train	non-cliff	6.25181	560	-2.74819
CHEMBL234_Ki-0596	C#Cc1cc(C(=O)N[C@@H]2CCN(Cc3ccccc3)C2)c(OC)c2ccccc12	Dopamine D3 receptor	D3R	Ki	GPCR	train	non-cliff	7.08355	82.5	-1.91645
CHEMBL234_Ki-0597	CCS(=O)(=O)c1ccc(OC)c(-c2ccc(CN3CCCCCCC3c3ccccc3)[nH]2)c1	Dopamine D3 receptor	D3R	Ki	GPCR	train	cliff	7.70006	19.95	-1.29994
CHEMBL234_Ki-0598	COc1c(C(=O)N[C@@H]2CCN(Cc3ccccc3)C2)cc(C#Cc2ccccc2)c2ccccc12	Dopamine D3 receptor	D3R	Ki	GPCR	train	non-cliff	6	1000	-3
CHEMBL234_Ki-0599	CCS(=O)(=O)c1ccc(OC)c(-c2ccc(CN3CCOCC3)[nH]2)c1	Dopamine D3 receptor	D3R	Ki	GPCR	train	cliff	6.1	794.33	-2.9
CHEMBL234_Ki-0600	CCS(=O)(=O)c1ccc(OC)c(-c2ccc(C(C)N3CCCCCC3)[nH]2)c1	Dopamine D3 receptor	D3R	Ki	GPCR	train	cliff	7.70006	19.95	-1.29994
CHEMBL234_Ki-0601	CNc1cc(OC)c(C(=O)NC2CCN(Cc3ccccc3)CC2)cc1Cl	Dopamine D3 receptor	D3R	Ki	GPCR	train	non-cliff	6.79588	160	-2.20412
CHEMBL234_Ki-0602	CCN1CCCC1c1ccc(-c2cc(S(=O)(=O)CC)ccc2OC)[nH]1	Dopamine D3 receptor	D3R	Ki	GPCR	train	non-cliff	8.29999	5.012	-0.700011
CHEMBL234_Ki-0603	CCS(=O)(=O)c1ccc(OC)c(-c2ccc(C(C)N3CCCC3)[nH]2)c1	Dopamine D3 receptor	D3R	Ki	GPCR	train	cliff	7.70006	19.95	-1.29994
CHEMBL234_Ki-0604	CCS(=O)(=O)c1ccc(OC)c(-c2ccc(C(C)N3CCCCC3)[nH]2)c1	Dopamine D3 receptor	D3R	Ki	GPCR	train	cliff	8	10	-1
CHEMBL234_Ki-0605	CCN(CC)Cc1ccc(-c2cc(S(=O)(=O)CC)ccc2OC)[nH]1	Dopamine D3 receptor	D3R	Ki	GPCR	train	cliff	7.40001	39.81	-1.59999
CHEMBL234_Ki-0606	CCCN1CCOC2c3cc(O)ccc3[S+](O)CC21	Dopamine D3 receptor	D3R	Ki	GPCR	train	non-cliff	7.5376	29	-1.4624
CHEMBL234_Ki-0607	CCS(=O)(=O)c1ccc(OC)c(-c2ccc(CN3CCCCCC3)[nH]2)c1	Dopamine D3 receptor	D3R	Ki	GPCR	train	cliff	7.79997	15.85	-1.20003
CHEMBL234_Ki-0608	Cc1c(C2CCN(CCc3ccccc3)CC2)n[nH]c1-c1ccc(Cl)cc1	Dopamine D3 receptor	D3R	Ki	GPCR	test	cliff	5.92082	1200	-3.07918
CHEMBL234_Ki-0609	Clc1ccc(CN2CCC(c3cc(-c4ccc(Cl)cc4)no3)CC2)cc1	Dopamine D3 receptor	D3R	Ki	GPCR	train	cliff	7.0942	80.5	-1.9058
CHEMBL234_Ki-0610	CN(C)CCCOc1ccc(-c2nc3ccccc3n2C/C=C/Cn2c(-c3ccc(OCCCN(C)C)cc3)nc3ccccc32)cc1	Dopamine D3 receptor	D3R	Ki	GPCR	test	cliff	6.84164	144	-2.15836
CHEMBL234_Ki-0611	C(=C/Cn1c(-c2ccc(OCCCN3CCN(c4ccccc4)CC3)cc2)nc2ccccc21)\\Cn1c(-c2ccc(OCCCN3CCN(c4ccccc4)CC3)cc2)nc2ccccc21	Dopamine D3 receptor	D3R	Ki	GPCR	train	cliff	6.56067	275	-2.43933
CHEMBL234_Ki-0612	CCCNC1CCc2c(cccc2OC)C1	Dopamine D3 receptor	D3R	Ki	GPCR	train	non-cliff	6.86646	136	-2.13354
CHEMBL234_Ki-0613	CCCN(CCC)C1CCc2c(cccc2OC)C1	Dopamine D3 receptor	D3R	Ki	GPCR	test	non-cliff	6.27654	529	-2.72346
CHEMBL234_Ki-0614	CCCN(CCc1cccs1)C1CCc2c(cccc2OC2CCCC2)C1	Dopamine D3 receptor	D3R	Ki	GPCR	train	non-cliff	6.67572	211	-2.32428
CHEMBL234_Ki-0615	COc1c(C(=O)NCCN2CCN(c3ccccc3)CC2)cc2ccccc2c1Br	Dopamine D3 receptor	D3R	Ki	GPCR	train	non-cliff	6.5	316.23	-2.5
CHEMBL234_Ki-0616	COc1ccccc1N1CCN(CC2CN=C3c4ccccc4NC(=O)N32)CC1	Dopamine D3 receptor	D3R	Ki	GPCR	train	non-cliff	6.00656	985	-2.99344
CHEMBL234_Ki-0617	CCOc1c(C(=O)NCCN2CCN(c3ccccc3OC)CC2)cc(Br)c2ccccc12	Dopamine D3 receptor	D3R	Ki	GPCR	train	non-cliff	7.10002	79.43	-1.89998
CHEMBL234_Ki-0618	CCCN(CCc1ccccc1)C1CCc2ccc(O)cc2C1	Dopamine D3 receptor	D3R	Ki	GPCR	train	cliff	8.70333	1.98	-0.296665
CHEMBL234_Ki-0619	CCNC1CCc2c(cccc2OC)C1	Dopamine D3 receptor	D3R	Ki	GPCR	train	non-cliff	6.30016	501	-2.69984
CHEMBL234_Ki-0620	NC1CCc2c(O)cccc2C1	Dopamine D3 receptor	D3R	Ki	GPCR	train	non-cliff	6.46471	343	-2.53529
CHEMBL234_Ki-0621	COc1ccc(Br)cc1C(=O)NCCN1CCN(c2ccccc2)CC1	Dopamine D3 receptor	D3R	Ki	GPCR	test	non-cliff	6.5	316.23	-2.5
CHEMBL234_Ki-0622	CCCN(CCc1ccsc1)C1CCc2c(O)cccc2C1	Dopamine D3 receptor	D3R	Ki	GPCR	test	non-cliff	8.73993	1.82	-0.260071
CHEMBL234_Ki-0623	NC1CCc2ccc(O)cc2C1	Dopamine D3 receptor	D3R	Ki	GPCR	test	non-cliff	8.29073	5.12	-0.70927
CHEMBL234_Ki-0624	CCN(CC)CCCOc1ccc(-c2nc3ccccc3n2CCCCCCn2c(-c3ccc(OCCCN(CC)CC)cc3)nc3ccccc32)cc1	Dopamine D3 receptor	D3R	Ki	GPCR	train	cliff	6.88273	131	-2.11727
CHEMBL234_Ki-0625	CCN(CC)CCCOc1ccc(-c2nc3ccccc3n2C/C=C/Cn2c(-c3ccc(OC)cc3)nc3ccccc32)cc1	Dopamine D3 receptor	D3R	Ki	GPCR	train	non-cliff	7.58503	26	-1.41497
CHEMBL234_Ki-0626	COc1c(C(=O)NCCN2CCN(c3ccccc3C#N)CC2)cc(Br)c2ccccc12	Dopamine D3 receptor	D3R	Ki	GPCR	train	non-cliff	7.29999	50.12	-1.70001
CHEMBL234_Ki-0627	c1ccc(C2=N[C@@H](CN3CCN(c4ccccc4)CC3)CS2)cc1	Dopamine D3 receptor	D3R	Ki	GPCR	train	cliff	5.92082	1200	-3.07918
CHEMBL234_Ki-0628	CCc1cc(Cl)c(O)c(C(=O)NCCN2CCN(c3ccccc3)CC2)c1OC	Dopamine D3 receptor	D3R	Ki	GPCR	train	non-cliff	5.8	1584.89	-3.2
CHEMBL234_Ki-0629	COc1c(C(=O)NCCN2CCN(c3cccc(Cl)c3C)CC2)cc(Br)c2ccccc12	Dopamine D3 receptor	D3R	Ki	GPCR	train	non-cliff	7.29999	50.12	-1.70001
CHEMBL234_Ki-0630	COc1c(C(=O)NCCN2CCC(c3ccccc3)CC2)cc(Br)c2ccccc12	Dopamine D3 receptor	D3R	Ki	GPCR	train	non-cliff	7.10002	79.43	-1.89998
CHEMBL234_Ki-0631	CCN(CC)CCCOc1ccc(-c2nc3ccccc3n2C/C=C/Cn2c(-c3ccc(OCCCN4CCN(c5ccccc5)CC4)cc3)nc3ccccc32)cc1	Dopamine D3 receptor	D3R	Ki	GPCR	train	non-cliff	7.72125	19	-1.27875
CHEMBL234_Ki-0632	COc1c(C(=O)NCCN2CCN(c3ccc(Cl)c(Cl)c3)CC2)cc(Br)c2ccccc12	Dopamine D3 receptor	D3R	Ki	GPCR	train	cliff	6.69999	199.53	-2.30001
CHEMBL234_Ki-0633	CCCN(C)C1CCc2ccc(O)cc2C1	Dopamine D3 receptor	D3R	Ki	GPCR	train	non-cliff	9.13077	0.74	0.130768
CHEMBL234_Ki-0634	COc1c(Cl)cc(Cl)c(O)c1C(=O)NCCN1CCN(c2ccccc2)CC1	Dopamine D3 receptor	D3R	Ki	GPCR	train	non-cliff	6	1000	-3
CHEMBL234_Ki-0635	COc1c(C(=O)NCCN2CCN(c3cccc(Cl)c3Cl)CC2)cc(Cl)c2ccccc12	Dopamine D3 receptor	D3R	Ki	GPCR	train	non-cliff	7.40001	39.81	-1.59999
CHEMBL234_Ki-0636	CCN(CC)CCCOc1ccc(-c2nc3ccccc3n2Cc2ccc(Cn3c(-c4ccc(OCCCN(CC)CC)cc4)nc4ccccc43)cc2)cc1	Dopamine D3 receptor	D3R	Ki	GPCR	train	non-cliff	6.73518	184	-2.26482
CHEMBL234_Ki-0637	CCN(CC)CCCOc1ccc(-c2nc3ccccc3n2C/C=C/Cn2c(-c3ccccc3)nc3ccccc32)cc1	Dopamine D3 receptor	D3R	Ki	GPCR	train	non-cliff	6.87615	133	-2.12385
CHEMBL234_Ki-0638	CCCN(CCc1cccs1)C1CCc2ccc(O)cc2C1	Dopamine D3 receptor	D3R	Ki	GPCR	test	non-cliff	9.12494	0.75	0.124939
CHEMBL234_Ki-0639	COc1ccccc1N1CCN(CC2CN3C(=O)Nc4ccccc4C3=N2)CC1	Dopamine D3 receptor	D3R	Ki	GPCR	train	non-cliff	5.65758	2200	-3.34242
CHEMBL234_Ki-0640	CCCCN(CCCC)CCCOc1ccc(-c2nc3ccccc3n2C/C=C/Cn2c(-c3ccc(OCCCN(CCCC)CCCC)cc3)nc3ccccc32)cc1	Dopamine D3 receptor	D3R	Ki	GPCR	train	non-cliff	8.09691	8	-0.90309
CHEMBL234_Ki-0641	CCCNC1CCc2c(O)cccc2C1	Dopamine D3 receptor	D3R	Ki	GPCR	train	cliff	9.12494	0.75	0.124939
CHEMBL234_Ki-0642	CCCN(CCc1ccccc1)C1CCc2c(O)cccc2C1	Dopamine D3 receptor	D3R	Ki	GPCR	train	non-cliff	8.47237	3.37	-0.52763
CHEMBL234_Ki-0643	CCOc1c(C(=O)NCCN2CCN(c3ccccn3)CC2)cc(Br)c2ccccc12	Dopamine D3 receptor	D3R	Ki	GPCR	train	non-cliff	7.10002	79.43	-1.89998
CHEMBL234_Ki-0644	COc1c(C(=O)NCCN2CCN(c3cccc(C(F)(F)F)c3)CC2)cc(Br)c2ccccc12	Dopamine D3 receptor	D3R	Ki	GPCR	test	non-cliff	6.6	251.19	-2.4
CHEMBL234_Ki-0645	CCN(CC)CCCOc1ccc(-c2nc3ccccc3n2C/C=C/Cn2c(C)nc3ccccc32)cc1	Dopamine D3 receptor	D3R	Ki	GPCR	train	non-cliff	5.92046	1201	-3.07954
CHEMBL234_Ki-0646	CCCNC1CCc2ccc(O)cc2C1	Dopamine D3 receptor	D3R	Ki	GPCR	train	non-cliff	9.18046	0.66	0.180456
CHEMBL234_Ki-0647	COc1c(C(=O)NCCN2CCN(c3ccc4ccccc4n3)CC2)cc(Br)c2ccccc12	Dopamine D3 receptor	D3R	Ki	GPCR	test	cliff	6.6	251.19	-2.4
CHEMBL234_Ki-0648	COc1cccc2c1CCC(N)C2	Dopamine D3 receptor	D3R	Ki	GPCR	train	non-cliff	6.16558	683	-2.83442
CHEMBL234_Ki-0649	C(=C/Cn1c(-c2ccc(OCCCN3CCCC3)cc2)nc2ccccc21)\\Cn1c(-c2ccc(OCCCN3CCCC3)cc2)nc2ccccc21	Dopamine D3 receptor	D3R	Ki	GPCR	train	cliff	8.04576	9	-0.954243
CHEMBL234_Ki-0650	CCOc1c(C(=O)NCCN2CCN(c3cccc(C(F)(F)F)c3)CC2)cc(Br)c2ccccc12	Dopamine D3 receptor	D3R	Ki	GPCR	train	non-cliff	6.90001	125.89	-2.09999
CHEMBL234_Ki-0651	COc1cccc2c1CCC(N(C)C)C2	Dopamine D3 receptor	D3R	Ki	GPCR	train	non-cliff	6.44249	361	-2.55751
CHEMBL234_Ki-0652	COc1c(C(=O)NCCN2CCN(c3ccc(F)cc3F)CC2)cc(Br)c2ccccc12	Dopamine D3 receptor	D3R	Ki	GPCR	train	non-cliff	6.69999	199.53	-2.30001
CHEMBL234_Ki-0653	COc1c(C(=O)NCCN2CC=C(c3ccccc3)CC2)cc(Br)c2ccccc12	Dopamine D3 receptor	D3R	Ki	GPCR	test	cliff	7.70006	19.95	-1.29994
CHEMBL234_Ki-0654	CCN(CC)CCCOc1ccc(-c2nc3ccccc3n2CCCCn2c(-c3ccc(OCCCN(CC)CC)cc3)nc3ccccc32)cc1	Dopamine D3 receptor	D3R	Ki	GPCR	train	non-cliff	7.55284	28	-1.44716
CHEMBL234_Ki-0655	CN(C)C1CCc2ccc(O)cc2C1	Dopamine D3 receptor	D3R	Ki	GPCR	test	non-cliff	8.85078	1.41	-0.149219
CHEMBL234_Ki-0656	C(=C/Cn1c(-c2ccc(OCCCN3CCCCC3)cc2)nc2ccccc21)\\Cn1c(-c2ccc(OCCCN3CCCCC3)cc2)nc2ccccc21	Dopamine D3 receptor	D3R	Ki	GPCR	train	cliff	8	10	-1
CHEMBL234_Ki-0657	CCN(C)C1CCc2ccc(O)cc2C1	Dopamine D3 receptor	D3R	Ki	GPCR	train	non-cliff	9.14874	0.71	0.148742
CHEMBL234_Ki-0658	COc1c(C(=O)NCCN2CCN(c3ccccn3)CC2)cc(Br)c2ccccc12	Dopamine D3 receptor	D3R	Ki	GPCR	train	non-cliff	7.10002	79.43	-1.89998
CHEMBL234_Ki-0659	COc1ccc2c(c1)CC(N)CC2	Dopamine D3 receptor	D3R	Ki	GPCR	train	non-cliff	5.65365	2220	-3.34635
CHEMBL234_Ki-0660	COc1c(Cl)cc(Cl)c(O)c1C(=O)NCCN1CCN(c2cccc(Cl)c2Cl)CC1	Dopamine D3 receptor	D3R	Ki	GPCR	train	non-cliff	6.3	501.19	-2.7
CHEMBL234_Ki-0661	CCN(CC)C1CCc2c(cccc2OC)C1	Dopamine D3 receptor	D3R	Ki	GPCR	train	non-cliff	6.06702	857	-2.93298
CHEMBL234_Ki-0662	COc1ccc(Br)c(O)c1C(=O)NCCN1CCN(c2ccccc2)CC1	Dopamine D3 receptor	D3R	Ki	GPCR	train	non-cliff	6.4	398.11	-2.6
CHEMBL234_Ki-0663	CCCN(CCC)CCCOc1ccc(-c2nc3ccccc3n2C/C=C/Cn2c(-c3ccc(OCCCN(CCC)CCC)cc3)nc3ccccc32)cc1	Dopamine D3 receptor	D3R	Ki	GPCR	train	cliff	8.30103	5	-0.69897
CHEMBL234_Ki-0664	CCN(CC)CCCOc1ccc(-c2nc3ccccc3n2C/C=C/Cn2c(-c3ccc(OCCCC4CCCCC4)cc3)nc3ccccc32)cc1	Dopamine D3 receptor	D3R	Ki	GPCR	train	non-cliff	7.40894	39	-1.59106
CHEMBL234_Ki-0665	CNC1CCc2c(cccc2OC)C1	Dopamine D3 receptor	D3R	Ki	GPCR	train	non-cliff	6.38828	409	-2.61172
CHEMBL234_Ki-0666	COc1ccccc1N1CCN(CCn2c(=O)[nH]c3ccccc3c2=O)CC1	Dopamine D3 receptor	D3R	Ki	GPCR	train	non-cliff	7.13668	73	-1.86332
CHEMBL234_Ki-0667	COc1c(C(=O)NCCN2CCN(c3ccc(Cl)cc3Cl)CC2)cc(Br)c2ccccc12	Dopamine D3 receptor	D3R	Ki	GPCR	train	cliff	7	100	-2
CHEMBL234_Ki-0668	CCCCNC1CCc2c(cccc2OC)C1	Dopamine D3 receptor	D3R	Ki	GPCR	train	non-cliff	6.21968	603	-2.78032
CHEMBL234_Ki-0669	CCCN(CCC)[C@@H]1CCc2c(OS(=O)(=O)C(F)(F)F)cccc2[C@@H]1C	Dopamine D3 receptor	D3R	Ki	GPCR	train	non-cliff	7.39794	40	-1.60206
CHEMBL234_Ki-0670	Cc1nn2c(C#N)cccc2c1CN1CCN(c2ccc(Cl)cc2)CC1	Dopamine D3 receptor	D3R	Ki	GPCR	train	non-cliff	4.67778	21000	-4.32222
CHEMBL234_Ki-0671	COc1ccc2c3c(c(=O)oc2c1)CN(CCc1ccccc1)CC3	Dopamine D3 receptor	D3R	Ki	GPCR	train	non-cliff	6.22841	591	-2.77159
CHEMBL234_Ki-0672	Cc1nn2c(-c3ccc(F)cc3)cccc2c1CN1CCN(c2ccc(Cl)cc2)CC1	Dopamine D3 receptor	D3R	Ki	GPCR	train	non-cliff	5.42022	3800	-3.57978
CHEMBL234_Ki-0673	Oc1ccc2c(c1)CC(NC/C=C/I)CC2	Dopamine D3 receptor	D3R	Ki	GPCR	train	non-cliff	7.51999	30.2	-1.48001
CHEMBL234_Ki-0674	CCCN(C/C=C/I)C1CCc2cc(O)ccc2C1	Dopamine D3 receptor	D3R	Ki	GPCR	train	cliff	8.65758	2.2	-0.342423
CHEMBL234_Ki-0675	Cc1ccc2c3c(c(=O)oc2c1)CN(Cc1ccccc1)CC3	Dopamine D3 receptor	D3R	Ki	GPCR	train	non-cliff	6.47108	338	-2.52892
CHEMBL234_Ki-0676	COc1ccc2c3c(c(=O)oc2c1)CN(Cc1ccccc1Cl)CC3	Dopamine D3 receptor	D3R	Ki	GPCR	train	cliff	5.5817	2620	-3.4183
CHEMBL234_Ki-0677	Clc1ccc(-c2cc(C3CCCN(Cc4ccccc4)C3)[nH]n2)cc1	Dopamine D3 receptor	D3R	Ki	GPCR	train	cliff	6.61979	240	-2.38021
CHEMBL234_Ki-0678	CC1(c2cc(-c3ccc(Cl)cc3)[nH]n2)CCN(Cc2ccccc2)CC1	Dopamine D3 receptor	D3R	Ki	GPCR	train	non-cliff	5.88606	1300	-3.11394
CHEMBL234_Ki-0679	Cc1c(C2CCN(Cc3ccccc3)CC2)n[nH]c1-c1ccc(Cl)cc1	Dopamine D3 receptor	D3R	Ki	GPCR	train	non-cliff	6.36653	430	-2.63347
CHEMBL234_Ki-0680	O=C(/C=C(\\O)c1ccc(Cl)cc1)C1CCN(Cc2ccccc2)CC1	Dopamine D3 receptor	D3R	Ki	GPCR	test	non-cliff	6.29243	510	-2.70757
CHEMBL234_Ki-0681	CCCN(C/C=C/I)C1COc2ccc(O)cc2C1	Dopamine D3 receptor	D3R	Ki	GPCR	train	cliff	7.50307	31.4	-1.49693
CHEMBL234_Ki-0682	Cc1c(-c2ccccc2)n[nH]c1C1=CCN(CCc2ccccc2)CC1	Dopamine D3 receptor	D3R	Ki	GPCR	train	non-cliff	6.08092	830	-2.91908
CHEMBL234_Ki-0683	Nc1nc(-c2ccc(Cl)cc2)cc(C2CCN(Cc3ccccc3)CC2)n1	Dopamine D3 receptor	D3R	Ki	GPCR	train	non-cliff	6.85387	140	-2.14613
CHEMBL234_Ki-0684	O=c1oc2cc(O)ccc2c2c1CN(Cc1ccc(Cl)cc1)CC2	Dopamine D3 receptor	D3R	Ki	GPCR	train	non-cliff	6.49894	317	-2.50106
CHEMBL234_Ki-0685	CCCN(C/C=C/I)C1COc2c(O)cccc2C1	Dopamine D3 receptor	D3R	Ki	GPCR	train	non-cliff	8.17457	6.69	-0.825426
CHEMBL234_Ki-0686	Clc1ccc(N2CCN(Cc3cnn4c(N5CCN(Cc6ccccc6)CC5)cccc34)CC2)cc1	Dopamine D3 receptor	D3R	Ki	GPCR	test	non-cliff	6.38722	410	-2.61278
CHEMBL234_Ki-0687	COc1ccc2c3c(c(=O)oc2c1)CN(Cc1ccc(C)cc1)CC3	Dopamine D3 receptor	D3R	Ki	GPCR	train	non-cliff	6.30892	491	-2.69108
CHEMBL234_Ki-0688	CCc1c(C2CCN(Cc3ccccc3)CC2)n[nH]c1-c1ccc(Cl)cc1	Dopamine D3 receptor	D3R	Ki	GPCR	train	cliff	7.33724	46	-1.66276
CHEMBL234_Ki-0689	COc1ccc2c3c(c(=O)oc2c1)CN(Cc1ccc(F)cc1)CC3	Dopamine D3 receptor	D3R	Ki	GPCR	train	non-cliff	6.26122	548	-2.73878
CHEMBL234_Ki-0690	CCCN[C@@H]1CCc2c(OS(=O)(=O)C(F)(F)F)cccc2[C@@H]1C	Dopamine D3 receptor	D3R	Ki	GPCR	test	non-cliff	6.767	171	-2.233
CHEMBL234_Ki-0691	Clc1ccc(-c2cc(C3CCN(CC4CCCCC4)CC3)[nH]n2)cc1	Dopamine D3 receptor	D3R	Ki	GPCR	train	non-cliff	6.14267	720	-2.85733
CHEMBL234_Ki-0692	c1ccc(CCN2CCC3(CCc4c3n[nH]c4-c3ccccc3)CC2)cc1	Dopamine D3 receptor	D3R	Ki	GPCR	train	non-cliff	6.22185	600	-2.77815
CHEMBL234_Ki-0693	Cc1c(-c2ccc(Cl)cc2)nc(N)nc1C1CCN(CCc2ccccc2)CC1	Dopamine D3 receptor	D3R	Ki	GPCR	train	non-cliff	5.95861	1100	-3.04139
CHEMBL234_Ki-0694	O=S(=O)(Nc1ccc2nccc(N3CCNCC3)c2c1)c1ccc2c(Cl)cccc2c1	Dopamine D3 receptor	D3R	Ki	GPCR	train	non-cliff	5.6	2511.89	-3.4
CHEMBL234_Ki-0695	N#Cc1cccc2c(CN3CCN(c4ccc(Cl)cc4)CC3)cnn12	Dopamine D3 receptor	D3R	Ki	GPCR	train	non-cliff	4.58503	26000	-4.41497
CHEMBL234_Ki-0696	CCCN(C/C=C/I)C1CCc2ccc(O)cc2C1	Dopamine D3 receptor	D3R	Ki	GPCR	train	cliff	8.73283	1.85	-0.267172
CHEMBL234_Ki-0697	Cc1cccc(S(=O)(=O)N(C)[C@H](C)CCN2CCC(C)CC2)c1	Dopamine D3 receptor	D3R	Ki	GPCR	train	non-cliff	5.4	3981.07	-3.6
CHEMBL234_Ki-0698	Clc1ccc(-c2cc(C3CCN(Cc4ccccc4)CC3)[nH]n2)cc1	Dopamine D3 receptor	D3R	Ki	GPCR	test	cliff	6.79588	160	-2.20412
CHEMBL234_Ki-0699	COc1ccc2c3c(c(=O)oc2c1)CN(Cc1cccc(Cl)c1)CC3	Dopamine D3 receptor	D3R	Ki	GPCR	train	cliff	5.58004	2630	-3.41996
CHEMBL234_Ki-0700	C#Cc1cccc2c(CN3CCN(c4ccc(Cl)cc4)CC3)c(C)nn12	Dopamine D3 receptor	D3R	Ki	GPCR	train	non-cliff	4.76955	17000	-4.23045
CHEMBL234_Ki-0701	Cc1cc(C2CCN(Cc3ccccc3)CC2)[nH]n1	Dopamine D3 receptor	D3R	Ki	GPCR	train	non-cliff	5.46852	3400	-3.53148
CHEMBL234_Ki-0702	c1ccc(CCN2CCC(c3cc(-c4ccccn4)[nH]n3)CC2)cc1	Dopamine D3 receptor	D3R	Ki	GPCR	train	non-cliff	5.4437	3600	-3.5563
CHEMBL234_Ki-0703	CC1(C(=O)/C=C(\\O)c2ccc(Cl)cc2)CCN(Cc2ccccc2)CC1	Dopamine D3 receptor	D3R	Ki	GPCR	train	non-cliff	6.29243	510	-2.70757
CHEMBL234_Ki-0704	COc1ccc2c3c(c(=O)oc2c1)CN(Cc1ccc(Cl)cc1)CC3	Dopamine D3 receptor	D3R	Ki	GPCR	train	cliff	5.55596	2780	-3.44404
CHEMBL234_Ki-0705	Clc1ccc(-c2cc(C3CCN(CCCc4ccccc4)CC3)[nH]n2)cc1	Dopamine D3 receptor	D3R	Ki	GPCR	train	non-cliff	6.06048	870	-2.93952
CHEMBL234_Ki-0706	Cc1ccc2c3c(c(=O)oc2c1)CN(Cc1ccc(F)cc1)CC3	Dopamine D3 receptor	D3R	Ki	GPCR	train	cliff	5.65561	2210	-3.34439
CHEMBL234_Ki-0707	Cc1nn2c(N3CCN(Cc4ccccc4)CC3)cccc2c1CN1CCN(c2ccc(Cl)cc2)CC1	Dopamine D3 receptor	D3R	Ki	GPCR	train	cliff	6.56864	270	-2.43136
CHEMBL234_Ki-0708	Clc1ccc(-c2cc(C3CCCCN3Cc3ccccc3)[nH]n2)cc1	Dopamine D3 receptor	D3R	Ki	GPCR	train	non-cliff	5.74473	1800	-3.25527
CHEMBL234_Ki-0709	Clc1ccc(-c2cc(C3CCN(Cc4ccccc4)C3)[nH]n2)cc1	Dopamine D3 receptor	D3R	Ki	GPCR	train	non-cliff	6.03621	920	-2.96379
CHEMBL234_Ki-0710	Clc1ccc(-c2cc(C3CCN(Cc4cccc(Cl)c4)CC3)[nH]n2)cc1	Dopamine D3 receptor	D3R	Ki	GPCR	train	cliff	5.36653	4300	-3.63347
CHEMBL234_Ki-0711	c1ccc(CCN2CCC(c3cc(C4CCCCC4)n[nH]3)CC2)cc1	Dopamine D3 receptor	D3R	Ki	GPCR	train	non-cliff	5.92082	1200	-3.07918
CHEMBL234_Ki-0712	c1ccc(CCN2CCC(c3cc(-c4cccs4)[nH]n3)CC2)cc1	Dopamine D3 receptor	D3R	Ki	GPCR	train	non-cliff	5.95861	1100	-3.04139
CHEMBL234_Ki-0713	COc1ccc2c3c(c(=O)oc2c1OC)CN(Cc1ccccc1)CC3	Dopamine D3 receptor	D3R	Ki	GPCR	train	cliff	5.88606	1300	-3.11394
CHEMBL234_Ki-0714	Clc1ccc(N2CCN(Cc3cnn4c(-c5ccccc5)cccc34)CC2)cc1	Dopamine D3 receptor	D3R	Ki	GPCR	test	cliff	6.07572	840	-2.92428
CHEMBL234_Ki-0715	C[Si](C)(C)c1cccc2c(CN3CCN(c4ccc(Cl)cc4)CC3)cnn12	Dopamine D3 receptor	D3R	Ki	GPCR	test	non-cliff	5.69897	2000	-3.30103
CHEMBL234_Ki-0716	Cc1nn2c(-c3ccccc3)cccc2c1CN1CCN(c2ccc(Cl)cc2)CC1	Dopamine D3 receptor	D3R	Ki	GPCR	train	cliff	5.50864	3100	-3.49136
CHEMBL234_Ki-0717	c1ccc(CCN2CCN(c3cc(-c4ccccc4)[nH]n3)CC2)cc1	Dopamine D3 receptor	D3R	Ki	GPCR	train	non-cliff	5.92082	1200	-3.07918
CHEMBL234_Ki-0718	CCCN[C@@H]1CCc2c(C(=O)OC)cccc2[C@@H]1C	Dopamine D3 receptor	D3R	Ki	GPCR	test	non-cliff	6.59688	253	-2.40312
CHEMBL234_Ki-0719	O=Cc1cccc2c(CN3CCN(c4ccc(Cl)cc4)CC3)cnn12	Dopamine D3 receptor	D3R	Ki	GPCR	train	non-cliff	5.22915	5900	-3.77085
CHEMBL234_Ki-0720	c1ccc(Cc2cc(C3CCN(Cc4ccccc4)CC3)[nH]n2)cc1	Dopamine D3 receptor	D3R	Ki	GPCR	train	cliff	5.67778	2100	-3.32222
CHEMBL234_Ki-0721	COc1ccc2c3c(c(=O)oc2c1)CN(Cc1ccccc1)CC3	Dopamine D3 receptor	D3R	Ki	GPCR	test	cliff	7.22185	60	-1.77815
CHEMBL234_Ki-0722	CCCN(C/C=C/I)C1CCc2c(O)cccc2C1	Dopamine D3 receptor	D3R	Ki	GPCR	test	non-cliff	9.00436	0.99	0.00436481
CHEMBL234_Ki-0723	COc1ccc2c3c(c(=O)oc2c1)CN(Cc1ccc(C(F)(F)F)cc1)CC3	Dopamine D3 receptor	D3R	Ki	GPCR	test	non-cliff	6.01502	966	-2.98498
CHEMBL234_Ki-0724	Cc1cccn2ncc(CN3CCN(c4ccc(Cl)cc4)CC3)c12	Dopamine D3 receptor	D3R	Ki	GPCR	train	non-cliff	5.02687	9400	-3.97313
CHEMBL234_Ki-0725	Clc1ccc(-c2cc(C3CCN(Cc4ccccc4Cl)CC3)[nH]n2)cc1	Dopamine D3 receptor	D3R	Ki	GPCR	train	non-cliff	5.88606	1300	-3.11394
CHEMBL234_Ki-0726	Fc1ccc(-c2cccc3c(CN4CCN(c5ccc(Cl)cc5)CC4)cnn23)cc1	Dopamine D3 receptor	D3R	Ki	GPCR	train	non-cliff	5.24413	5700	-3.75587
CHEMBL234_Ki-0727	CCCN(CCC)C1CCc2ncccc2C1	Dopamine D3 receptor	D3R	Ki	GPCR	train	cliff	8.30364	4.97	-0.696356
CHEMBL234_Ki-0728	c1ccc(-c2nc(CN3CCN(c4cccnc4)CC3)c[nH]2)cc1	Dopamine D3 receptor	D3R	Ki	GPCR	test	cliff	6.5391	289	-2.4609
CHEMBL234_Ki-0729	CCCN(CCC)C1CCc2nc(N)sc2C1	Dopamine D3 receptor	D3R	Ki	GPCR	train	non-cliff	8.72125	1.9	-0.278754
CHEMBL234_Ki-0730	CCCN(CCC)C1CCc2cc(OC)ccc2C1	Dopamine D3 receptor	D3R	Ki	GPCR	train	non-cliff	6.43652	366	-2.56348
CHEMBL234_Ki-0731	c1ccc(-c2nc(CN3CCN(c4ccccn4)CC3)c[nH]2)cc1	Dopamine D3 receptor	D3R	Ki	GPCR	train	cliff	5.81531	1530	-3.18469
CHEMBL234_Ki-0732	CCCN(CCC)C1CCc2nc(OC)ccc2C1	Dopamine D3 receptor	D3R	Ki	GPCR	test	cliff	6.80134	158	-2.19866
CHEMBL234_Ki-0733	Cc1[nH]c(-c2ccccc2)nc1CN1CCN(c2ncccn2)CC1	Dopamine D3 receptor	D3R	Ki	GPCR	train	non-cliff	5.52578	2980	-3.47422
CHEMBL234_Ki-0734	CCCN(CCC)C1CCc2nc(N)ccc2C1	Dopamine D3 receptor	D3R	Ki	GPCR	train	cliff	9.06048	0.87	0.0604807
CHEMBL234_Ki-0735	CCCN(CCC)C1CCc2n[nH]cc2C1	Dopamine D3 receptor	D3R	Ki	GPCR	train	cliff	7.4437	36	-1.5563
CHEMBL234_Ki-0736	c1ccc(-c2nc(CN3CCN(c4ccccc4)CC3)c[nH]2)cc1	Dopamine D3 receptor	D3R	Ki	GPCR	test	cliff	6.71444	193	-2.28556
CHEMBL234_Ki-0737	N#CC(C#N)=Cc1cc(CN2CCN(c3ccc(Cl)cc3)CC2)c[nH]1	Dopamine D3 receptor	D3R	Ki	GPCR	train	non-cliff	5.15802	6950	-3.84198
CHEMBL234_Ki-0738	N#CC(C#N)=Cc1cc(CN2CCN(c3ccccc3)CC2)c[nH]1	Dopamine D3 receptor	D3R	Ki	GPCR	train	non-cliff	5.62893	2350	-3.37107
CHEMBL234_Ki-0739	CCCN(CCCCNC(=O)c1ccc(-c2ccccc2)cc1)C1CCc2c(cccc2OS(C)(=O)=O)C1	Dopamine D3 receptor	D3R	Ki	GPCR	train	non-cliff	8.89997	1.259	-0.100026
CHEMBL234_Ki-0740	CCCN(CCCCNC(=O)c1ccc(-c2ccccc2)cc1)C1CCc2c(O)cccc2C1	Dopamine D3 receptor	D3R	Ki	GPCR	train	cliff	9.69951	0.19975	0.699513
CHEMBL234_Ki-0741	N#CC(C#N)=Cc1ccc(CN2CCN(c3ccc(Cl)cc3)CC2)[nH]1	Dopamine D3 receptor	D3R	Ki	GPCR	train	non-cliff	4.50864	31000	-4.49136
CHEMBL234_Ki-0742	CCCN(CCCCNC(=O)c1ccc(-c2ccccc2)cc1)C1CCc2c(C#N)cccc2C1	Dopamine D3 receptor	D3R	Ki	GPCR	train	cliff	9.29999	0.5012	0.299989
CHEMBL234_Ki-0743	N#CC(C#N)=Cc1[nH]ccc1CN1CCN(c2ccccc2)CC1	Dopamine D3 receptor	D3R	Ki	GPCR	train	non-cliff	5.15802	6950	-3.84198
CHEMBL234_Ki-0744	c1ccc(CNC[C@H]2CCc3ccc4[nH]ccc4c3O2)cc1	Dopamine D3 receptor	D3R	Ki	GPCR	train	non-cliff	7.46852	34	-1.53148
CHEMBL234_Ki-0745	FC(F)(F)c1nc2c3c(ccc2[nH]1)CCC(CNCc1ccccc1)O3	Dopamine D3 receptor	D3R	Ki	GPCR	train	non-cliff	6.58004	263	-2.41996
CHEMBL234_Ki-0746	CN(CCCCNC(=O)c1ccc(-c2ccccc2)cc1)C1CCc2c(O)cccc2C1	Dopamine D3 receptor	D3R	Ki	GPCR	train	cliff	8.59998	2.512	-0.40002
CHEMBL234_Ki-0747	CCCN(CCCCNC(=O)c1ccc(-c2ccccc2)cc1)C1CCc2c(cccc2OCC2CC2)C1	Dopamine D3 receptor	D3R	Ki	GPCR	train	non-cliff	8.59998	2.512	-0.40002
CHEMBL234_Ki-0748	O=C1Cc2c(ccc3c2O[C@@H](CNCc2ccccc2)CC3)N1	Dopamine D3 receptor	D3R	Ki	GPCR	train	non-cliff	8.61979	2.4	-0.380211
CHEMBL234_Ki-0749	N#CC(C#N)=Cc1[nH]ccc1CN1CCN(c2ccc(Cl)cc2)CC1	Dopamine D3 receptor	D3R	Ki	GPCR	test	non-cliff	5.11919	7600	-3.88081
CHEMBL234_Ki-0750	CCCN(CCCCNC(=O)c1ccc(-c2ccccc2)cc1)C1CCc2c(cccc2OC)C1	Dopamine D3 receptor	D3R	Ki	GPCR	train	non-cliff	9.10002	0.7943	0.100015
CHEMBL234_Ki-0751	COc1cccc2c1CCC(N(C)CCCCNC(=O)c1ccc(-c3ccccc3)cc1)C2	Dopamine D3 receptor	D3R	Ki	GPCR	train	non-cliff	7.89997	12.59	-1.10003
CHEMBL234_Ki-0752	CCCN(CCCCNC(=O)c1ccc(-c2ccccc2)cc1)C1CCc2c(cccc2C(N)=O)C1	Dopamine D3 receptor	D3R	Ki	GPCR	test	non-cliff	8.40001	3.981	-0.599992
CHEMBL234_Ki-0753	CCCN(CCCCNC(=O)c1ccc(-c2ccccc2)cc1)C1CCc2c(Br)cccc2C1	Dopamine D3 receptor	D3R	Ki	GPCR	train	cliff	8.89997	1.259	-0.100026
CHEMBL234_Ki-0754	CCCN(CCCCNC(=O)c1ccc(-c2ccccc2)cc1)C1CCc2ccccc2C1	Dopamine D3 receptor	D3R	Ki	GPCR	train	cliff	8.79997	1.585	-0.200029
CHEMBL234_Ki-0755	N#CC(C#N)=Cc1ccc(CN2CCN(c3ccccc3)CC2)[nH]1	Dopamine D3 receptor	D3R	Ki	GPCR	test	non-cliff	5.27984	5250	-3.72016
CHEMBL234_Ki-0756	N#Cc1ccc2c(c1)CCN(CC[C@H]1CC[C@H](NC(=O)c3cc4ccccc4[nH]3)CC1)CC2	Dopamine D3 receptor	D3R	Ki	GPCR	train	non-cliff	7.79997	15.85	-1.20003
CHEMBL234_Ki-0757	CCCN(CCC)C1Cc2ccc3nc(N)sc3c2C1	Dopamine D3 receptor	D3R	Ki	GPCR	train	cliff	7.95861	11	-1.04139
CHEMBL234_Ki-0758	CN(C)CCc1cccc2c1ccn2S(=O)(=O)c1ccccc1	Dopamine D3 receptor	D3R	Ki	GPCR	train	non-cliff	6.52288	300	-2.47712
CHEMBL234_Ki-0759	N#Cc1ccc2c(c1)CCN(CC[C@H]1CC[C@H](NC(=O)c3cccc4ncccc34)CC1)CC2	Dopamine D3 receptor	D3R	Ki	GPCR	test	non-cliff	7.89997	12.59	-1.10003
CHEMBL234_Ki-0760	CC(=O)Nc1cccc(/C=C/C(=O)N[C@H]2CC[C@H](CCN3CCc4ccc(C#N)cc4CC3)CC2)c1F	Dopamine D3 receptor	D3R	Ki	GPCR	train	non-cliff	8.40001	3.981	-0.599992
CHEMBL234_Ki-0761	N#Cc1ccc2c(c1)CCN(CC[C@H]1CC[C@H](NC(=O)/C=C/c3ccc(F)cc3)CC1)CC2	Dopamine D3 receptor	D3R	Ki	GPCR	train	non-cliff	8.19997	6.31	-0.800029
CHEMBL234_Ki-0762	COc1ccc2c(c1)c(CCN(C)C)cn2S(=O)(=O)c1ccccc1	Dopamine D3 receptor	D3R	Ki	GPCR	train	non-cliff	7.09691	80	-1.90309
CHEMBL234_Ki-0763	N#Cc1ccc2c(c1)CCN(CC[C@H]1CC[C@H](NC(=O)c3ccc4c(c3)NC(=O)CO4)CC1)CC2	Dopamine D3 receptor	D3R	Ki	GPCR	train	non-cliff	8.19997	6.31	-0.800029
CHEMBL234_Ki-0764	N#Cc1ccc2c(c1)CCN(CC[C@H]1CC[C@H](NC(=O)/C=C/c3cccc(F)c3)CC1)CC2	Dopamine D3 receptor	D3R	Ki	GPCR	train	non-cliff	8.19997	6.31	-0.800029
CHEMBL234_Ki-0765	N#Cc1ccc2c(c1)CCN(CC[C@H]1CC[C@H](NC(=O)/C=C/c3ccccc3F)CC1)CC2	Dopamine D3 receptor	D3R	Ki	GPCR	train	non-cliff	8	10	-1
CHEMBL234_Ki-0766	N#Cc1ccc2c(c1)CCN(CC[C@H]1CC[C@H](NC(=O)c3ccnc4ccccc34)CC1)CC2	Dopamine D3 receptor	D3R	Ki	GPCR	train	non-cliff	7.59998	25.12	-1.40002
CHEMBL234_Ki-0767	CC(=O)c1cccc(/C=C/C(=O)N[C@H]2CC[C@H](CCN3CCc4ccc(C#N)cc4CC3)CC2)c1	Dopamine D3 receptor	D3R	Ki	GPCR	train	non-cliff	8.40001	3.981	-0.599992
CHEMBL234_Ki-0768	CN(C)CCc1cccc2c1cc(C(=O)c1ccccc1)n2S(=O)(=O)c1ccccc1	Dopamine D3 receptor	D3R	Ki	GPCR	train	non-cliff	7.18046	66	-1.81954
CHEMBL234_Ki-0769	NCCc1cccc2c1ccn2S(=O)(=O)c1ccccc1	Dopamine D3 receptor	D3R	Ki	GPCR	train	non-cliff	6.02687	940	-2.97313
CHEMBL234_Ki-0770	CCCN(CCC)C1Cc2cc3nc(N)sc3cc2C1	Dopamine D3 receptor	D3R	Ki	GPCR	train	cliff	8.85387	1.4	-0.146128
CHEMBL234_Ki-0771	CCOC(=O)c1[nH]c2ccccc2c1CCN(C)C	Dopamine D3 receptor	D3R	Ki	GPCR	test	non-cliff	6.95861	110	-2.04139
CHEMBL234_Ki-0772	N#Cc1ccc2c(c1)CCN(CC[C@H]1CC[C@H](NC(=O)c3ccc4ccccc4c3)CC1)CC2	Dopamine D3 receptor	D3R	Ki	GPCR	train	non-cliff	7.70006	19.95	-1.29994
CHEMBL234_Ki-0773	Cc1ccc(S(=O)(=O)n2cc3c4c(cccc42)[C@H](O)[C@@H](N(C)C)C3)cc1	Dopamine D3 receptor	D3R	Ki	GPCR	train	non-cliff	5.4318	3700	-3.5682
CHEMBL234_Ki-0774	CCCN(CCC)C1COc2ccc3nc(N)sc3c2C1	Dopamine D3 receptor	D3R	Ki	GPCR	test	cliff	6.29243	510	-2.70757
CHEMBL234_Ki-0775	COc1cccc(/C=C/C(=O)N[C@H]2CC[C@H](CCN3CCc4ccc(C#N)cc4CC3)CC2)c1	Dopamine D3 receptor	D3R	Ki	GPCR	train	non-cliff	8.50004	3.162	-0.499962
CHEMBL234_Ki-0776	CN(C)CCc1cn(S(=O)(=O)c2ccccc2)c2ccccc12	Dopamine D3 receptor	D3R	Ki	GPCR	test	non-cliff	7.63827	23	-1.36173
CHEMBL234_Ki-0777	O=C(NCCCCN1CCN(c2cccc(Cl)c2Cl)CC1)c1ccc2c(c1)Cc1ccccc1-2	Dopamine D3 receptor	D3R	Ki	GPCR	train	cliff	8.76579	1.71478	-0.234208
CHEMBL234_Ki-0778	CCCN(CCC)C1COc2c(ccc3sc(N)nc23)C1	Dopamine D3 receptor	D3R	Ki	GPCR	train	non-cliff	5.85387	1400	-3.14613
CHEMBL234_Ki-0779	N#Cc1ccc2c(c1)CCN(CC[C@H]1CC[C@H](NC(=O)c3cccc4ccccc34)CC1)CC2	Dopamine D3 receptor	D3R	Ki	GPCR	train	non-cliff	7.70006	19.95	-1.29994
CHEMBL234_Ki-0780	CC(=O)Nc1cccc(/C=C/C(=O)N[C@H]2CC[C@H](CCN3CCc4ccc(C#N)cc4CC3)CC2)c1	Dopamine D3 receptor	D3R	Ki	GPCR	test	non-cliff	8.50004	3.162	-0.499962
CHEMBL234_Ki-0781	N#Cc1ccc2c(c1)CCN(CC[C@H]1CC[C@H](NC(=O)c3ccc4ccc(O)nc4c3)CC1)CC2	Dopamine D3 receptor	D3R	Ki	GPCR	train	non-cliff	8	10	-1
CHEMBL234_Ki-0782	CCCN(CCC)[C@@H]1CCn2ccc(C=O)c2C1	Dopamine D3 receptor	D3R	Ki	GPCR	train	cliff	6.2962	505.595	-2.7038
CHEMBL234_Ki-0783	CCCN(CCC)[C@H]1CCn2c(CO)ccc2C1	Dopamine D3 receptor	D3R	Ki	GPCR	train	non-cliff	6.37837	418.435	-2.62163
CHEMBL234_Ki-0784	CCCN(CCC)[C@@H]1CCn2c(C=O)ccc2C1	Dopamine D3 receptor	D3R	Ki	GPCR	train	non-cliff	5.74236	1809.85	-3.25764
CHEMBL234_Ki-0785	CCCN(CCC)[C@@H]1CCn2cc(CO)cc2C1	Dopamine D3 receptor	D3R	Ki	GPCR	train	non-cliff	5.85193	1406.27	-3.14807
CHEMBL234_Ki-0786	CCCN(CCC)[C@@H]1CCn2ccc(CO)c2C1	Dopamine D3 receptor	D3R	Ki	GPCR	train	cliff	6.48572	326.795	-2.51428
CHEMBL234_Ki-0787	CCCN(CCC)[C@H]1CCn2c(C)ccc2C1	Dopamine D3 receptor	D3R	Ki	GPCR	test	non-cliff	6.37321	423.435	-2.62679
CHEMBL234_Ki-0788	COc1ccc(S(=O)(=O)N2CCc3ccc(I)cc32)cc1N1CCNCC1	Dopamine D3 receptor	D3R	Ki	GPCR	train	non-cliff	6	1000	-3
CHEMBL234_Ki-0789	CCCN(CCCCNC(=O)c1ccc(-c2ccccc2)cc1)C1CCc2nc(N)ncc2C1	Dopamine D3 receptor	D3R	Ki	GPCR	test	cliff	9.10002	0.7943	0.100015
CHEMBL234_Ki-0790	CCCN(CCCCNC(=O)c1ccc(-c2ccccc2)cc1)C1CCc2nc(NC)ncc2C1	Dopamine D3 receptor	D3R	Ki	GPCR	test	cliff	7.79997	15.85	-1.20003
CHEMBL234_Ki-0791	CCCN(CCCCNC(=O)c1ccc(-c2ccccc2)cc1)C1CCc2nc(C)ncc2C1	Dopamine D3 receptor	D3R	Ki	GPCR	test	cliff	8.10002	7.943	-0.899985
CHEMBL234_Ki-0792	CCCN(CCCCNC(=O)c1ccc(-c2ccccc2)cc1)C1CCc2ncnc(OC)c2C1	Dopamine D3 receptor	D3R	Ki	GPCR	train	cliff	8.50004	3.162	-0.499962
CHEMBL234_Ki-0793	CCCN(CCCCNC(=O)c1ccc(-c2ccccc2)cc1)C1CCc2nc(SC)ncc2C1	Dopamine D3 receptor	D3R	Ki	GPCR	train	cliff	7.79997	15.85	-1.20003
CHEMBL234_Ki-0794	CCCNC1CCc2nc(N)sc2C1	Dopamine D3 receptor	D3R	Ki	GPCR	train	cliff	8	10	-1
CHEMBL234_Ki-0795	CCCN(CCCCNC(=O)c1ccc(-c2ccccc2)cc1)C1CCc2nc(N(C)C)ncc2C1	Dopamine D3 receptor	D3R	Ki	GPCR	test	cliff	7.59998	25.12	-1.40002
CHEMBL234_Ki-0796	CCCN(CCCCNC(=O)c1ccc(-c2ccccc2)cc1)C1CCc2nc(N)sc2C1	Dopamine D3 receptor	D3R	Ki	GPCR	train	cliff	9.29999	0.5012	0.299989
CHEMBL234_Ki-0797	CCCN(CCCCNC(=O)c1ccc(-c2ccccc2)cc1)C1CCc2nc(C(C)(C)C)ncc2C1	Dopamine D3 receptor	D3R	Ki	GPCR	test	non-cliff	7.89997	12.59	-1.10003
CHEMBL234_Ki-0798	CCCN(CCCCNC(=O)c1ccc(-c2ccccc2)cc1)C1CCc2n[nH]cc2C1	Dopamine D3 receptor	D3R	Ki	GPCR	train	cliff	8.50004	3.162	-0.499962
CHEMBL234_Ki-0799	CC(C)Oc1ccccc1N1CCN(Cc2cccc(C(=O)N3CCCCC3)c2)CC1	Dopamine D3 receptor	D3R	Ki	GPCR	test	non-cliff	8.74473	1.8	-0.255273
CHEMBL234_Ki-0800	CCCN(CCCCNC(=O)c1ccc(-c2ccccc2)cc1)C1CCc2ncncc2C1	Dopamine D3 receptor	D3R	Ki	GPCR	train	cliff	6.90001	125.89	-2.09999
CHEMBL234_Ki-0801	CN(CCCCNC(=O)c1ccc(-c2ccccc2)cc1)C1CCc2nc(N)ncc2C1	Dopamine D3 receptor	D3R	Ki	GPCR	train	cliff	8	10	-1
CHEMBL234_Ki-0802	CCCN1CCO[C@@H]2c3cc4c(cc3CC[C@H]21)CCO4	Dopamine D3 receptor	D3R	Ki	GPCR	train	cliff	8	10	-1
CHEMBL234_Ki-0803	CCCN1CCC[C@@H]2c3cc4c(cc3CC[C@H]21)CCO4	Dopamine D3 receptor	D3R	Ki	GPCR	train	cliff	7.59998	25.12	-1.40002
CHEMBL234_Ki-0804	COc1ccc(N2CCN(Cc3c[nH]c4ncccc34)CC2)cc1	Dopamine D3 receptor	D3R	Ki	GPCR	test	cliff	5.40894	3900	-3.59106
CHEMBL234_Ki-0805	c1c[nH]c2nc(CN3CCc4ccccc4C3)cc-2c1	Dopamine D3 receptor	D3R	Ki	GPCR	train	non-cliff	5.95861	1100	-3.04139
CHEMBL234_Ki-0806	c1c2c(cc3c1CC[C@H]1NCCO[C@H]31)OCC2	Dopamine D3 receptor	D3R	Ki	GPCR	train	non-cliff	6.69999	199.53	-2.30001
CHEMBL234_Ki-0807	CC(C)CN1CCO[C@@H]2c3cc4c(cc3CC[C@H]21)CCO4	Dopamine D3 receptor	D3R	Ki	GPCR	test	cliff	6.90001	125.89	-2.09999
CHEMBL234_Ki-0808	c1ccc(CCC2CCN(Cc3cc4ccc[nH]c-4n3)CC2)cc1	Dopamine D3 receptor	D3R	Ki	GPCR	train	non-cliff	6.60206	250	-2.39794
CHEMBL234_Ki-0809	COc1ccc(N2CCN(CCc3c[nH]c4ncccc34)CC2)cc1	Dopamine D3 receptor	D3R	Ki	GPCR	train	non-cliff	6.27572	530	-2.72428
CHEMBL234_Ki-0810	C1=C(/C=C/c2ccccc2)CCN(CCc2c[nH]c3ncccc23)C1	Dopamine D3 receptor	D3R	Ki	GPCR	train	cliff	6.74473	180	-2.25527
CHEMBL234_Ki-0811	Clc1ccc(N2CCN(CCc3cc4ccc[nH]c-4n3)CC2)cc1	Dopamine D3 receptor	D3R	Ki	GPCR	train	cliff	7.30103	50	-1.69897
CHEMBL234_Ki-0812	CN1CCO[C@@H]2c3cc4c(cc3CC[C@H]21)CCO4	Dopamine D3 receptor	D3R	Ki	GPCR	test	non-cliff	7.10002	79.43	-1.89998
CHEMBL234_Ki-0813	CCCN(CCC)[C@@H]1CCc2cccc(O)c2C1	Dopamine D3 receptor	D3R	Ki	GPCR	test	non-cliff	6.74715	179	-2.25285
CHEMBL234_Ki-0814	CCCN(CCC)C1CCc2cccc(OS(=O)(=O)C(F)(F)F)c2C1	Dopamine D3 receptor	D3R	Ki	GPCR	train	non-cliff	6.56384	273	-2.43616
CHEMBL234_Ki-0815	CCCNC1CCc2cccc(OS(=O)(=O)C(F)(F)F)c2C1	Dopamine D3 receptor	D3R	Ki	GPCR	train	non-cliff	6.16052	691	-2.83948
CHEMBL234_Ki-0816	c1ccc2c(c1)CCN(Cc1c[nH]c3ncccc13)C2	Dopamine D3 receptor	D3R	Ki	GPCR	test	non-cliff	6.76955	170	-2.23045
CHEMBL234_Ki-0817	CCCN1CCO[C@@H]2c3cc4c(cc3OC[C@H]21)CCO4	Dopamine D3 receptor	D3R	Ki	GPCR	test	cliff	6.3	501.19	-2.7
CHEMBL234_Ki-0818	C1=C(/C=C/c2ccccc2)CCN(CCc2cc3ccc[nH]c-3n2)C1	Dopamine D3 receptor	D3R	Ki	GPCR	train	non-cliff	7.60206	25	-1.39794
CHEMBL234_Ki-0819	c1c2c(cc3c1CC[C@@H]1[C@@H]3OCCN1CC1CC1)OCC2	Dopamine D3 receptor	D3R	Ki	GPCR	train	non-cliff	7.19997	63.1	-1.80003
CHEMBL234_Ki-0820	C1=C(c2ccccc2)CCN(CCc2c[nH]c3ncccc23)C1	Dopamine D3 receptor	D3R	Ki	GPCR	test	cliff	8	10	-1
CHEMBL234_Ki-0821	c1ccc(CCC2CCN(Cc3c[nH]c4ncccc34)CC2)cc1	Dopamine D3 receptor	D3R	Ki	GPCR	train	cliff	5.88606	1300	-3.11394
CHEMBL234_Ki-0822	O=C(CCCN1C2CCC1CC(O)(c1ccc(Cl)cc1)C2)c1ccc(F)cc1	Dopamine D3 receptor	D3R	Ki	GPCR	train	non-cliff	8.53691	2.90465	-0.463094
CHEMBL234_Ki-0823	Cn1cnc(-c2ccc3c(c2)c(C2CCN(CCC#N)CC2)cn3-c2ccc(F)cc2)n1	Dopamine D3 receptor	D3R	Ki	GPCR	test	non-cliff	5.92082	1200	-3.07918
CHEMBL234_Ki-0824	C[C@H](CN1CCN(c2cc(F)c(F)cc2F)CC1)N1C(=O)CC2(CCCC2)CC1=O	Dopamine D3 receptor	D3R	Ki	GPCR	train	non-cliff	7.22915	59	-1.77085
CHEMBL234_Ki-0825	Cn1nnc(-c2ccc3c(c2)c(C2CCN(CCN4CCOC4=O)CC2)cn3-c2ccc(F)cc2)n1	Dopamine D3 receptor	D3R	Ki	GPCR	train	non-cliff	5.85387	1400	-3.14613
CHEMBL234_Ki-0826	Cn1cnc(-c2ccc3c(c2)c(C2CCN(CCN4CCNC4=O)CC2)cn3-c2ccc(F)cc2)n1	Dopamine D3 receptor	D3R	Ki	GPCR	train	non-cliff	5.5376	2900	-3.4624
CHEMBL234_Ki-0827	Cn1cnc(-c2ccc3c(c2)c(C2CCN(CCN4CCOC4=O)CC2)cn3-c2ccc(F)cc2)n1	Dopamine D3 receptor	D3R	Ki	GPCR	train	non-cliff	5.50864	3100	-3.49136
CHEMBL234_Ki-0828	O=C1OCCN1CCN1CCC(c2cn(-c3ccc(F)cc3)c3ccc(-c4ncccn4)cc23)CC1	Dopamine D3 receptor	D3R	Ki	GPCR	train	non-cliff	5.55284	2800	-3.44716
CHEMBL234_Ki-0829	Cn1nnc(-c2ccc3c(c2)c(C2CCN(CCN4CCNC4=O)CC2)cn3-c2ccc(F)cc2)n1	Dopamine D3 receptor	D3R	Ki	GPCR	test	non-cliff	5.92082	1200	-3.07918
CHEMBL234_Ki-0830	N#CCCN1CCC(c2cn(-c3ccc(F)cc3)c3ccc(-c4ncccn4)cc23)CC1	Dopamine D3 receptor	D3R	Ki	GPCR	train	non-cliff	6.16749	680	-2.83251
CHEMBL234_Ki-0831	Cn1ccc(-c2ccc3c(c2)c(C2CCN(CCN4CCNC4=O)CC2)cn3-c2ccc(F)cc2)n1	Dopamine D3 receptor	D3R	Ki	GPCR	train	non-cliff	5.67778	2100	-3.32222
CHEMBL234_Ki-0832	Cn1cnc(-c2ccc3c(c2)c(C2CCN(CCn4c(=O)[nH]c5ccccc5c4=O)CC2)cn3-c2ccc(F)cc2)n1	Dopamine D3 receptor	D3R	Ki	GPCR	train	non-cliff	6.22915	590	-2.77085
CHEMBL234_Ki-0833	COc1ccc(S(N)(=O)=O)cc1-c1ccc(CN2CCCCCC2c2ccccc2)[nH]1	Dopamine D3 receptor	D3R	Ki	GPCR	train	non-cliff	7.40001	39.81	-1.59999
CHEMBL234_Ki-0834	COc1ccc(S(=O)(=O)Oc2ccccc2)cc1-c1ccc(CN2CCCCCC2c2ccccc2)[nH]1	Dopamine D3 receptor	D3R	Ki	GPCR	train	non-cliff	8	10	-1
CHEMBL234_Ki-0835	COc1ccc(S(=O)(=O)N2CCOCC2)cc1-c1ccc(CN2CCCCCC2c2ccccc2)[nH]1	Dopamine D3 receptor	D3R	Ki	GPCR	test	cliff	8.79997	1.585	-0.200029
CHEMBL234_Ki-0836	Cc1cc2ccc(OCCCN3CCN(c4ccccc4)CC3)cc2oc1=O	Dopamine D3 receptor	D3R	Ki	GPCR	train	non-cliff	7.72354	18.9	-1.27646
CHEMBL234_Ki-0837	Cc1c(C)c2ccc(OCCCN3CCN(c4ccccc4)CC3)cc2oc1=O	Dopamine D3 receptor	D3R	Ki	GPCR	train	non-cliff	7.34969	44.7	-1.65031
CHEMBL234_Ki-0838	CCN(Cc1ccccc1)S(=O)(=O)c1ccc(OC)c(-c2ccc(CN3CCCCCC3c3ccccc3)[nH]2)c1	Dopamine D3 receptor	D3R	Ki	GPCR	train	non-cliff	8.19997	6.31	-0.800029
CHEMBL234_Ki-0839	COc1ccc(S(=O)(=O)Nc2ccccc2)cc1-c1ccc(CN2CCCCCC2c2ccccc2)[nH]1	Dopamine D3 receptor	D3R	Ki	GPCR	train	cliff	7.10002	79.43	-1.89998
CHEMBL234_Ki-0840	COc1ccc(S(=O)(=O)N2CCCc3ccccc32)cc1-c1ccc(CN2CCCCCC2c2ccccc2)[nH]1	Dopamine D3 receptor	D3R	Ki	GPCR	train	cliff	8.19997	6.31	-0.800029
CHEMBL234_Ki-0841	COc1ccc(S(=O)(=O)Cc2ccccc2)cc1-c1ccc(CN2CCCCCC2c2ccccc2)[nH]1	Dopamine D3 receptor	D3R	Ki	GPCR	train	cliff	8.40001	3.981	-0.599992
CHEMBL234_Ki-0842	O=c1ccc2ccc(OCCCN3CCN(c4ccccc4)CC3)cc2o1	Dopamine D3 receptor	D3R	Ki	GPCR	train	non-cliff	7.30364	49.7	-1.69636
CHEMBL234_Ki-0843	COc1ccc(S(=O)(=O)C(C)C)cc1-c1ccc(CN2CCCCCC2c2ccccc2)[nH]1	Dopamine D3 receptor	D3R	Ki	GPCR	train	non-cliff	8.29999	5.012	-0.700011
CHEMBL234_Ki-0844	COc1ccc(S(=O)(=O)N(C)C)cc1-c1ccc(CN2CCCCCC2c2ccccc2)[nH]1	Dopamine D3 receptor	D3R	Ki	GPCR	train	non-cliff	8.70006	1.995	-0.299943
CHEMBL234_Ki-0845	COc1ccc(S(=O)(=O)N2CCc3ccccc3C2)cc1-c1ccc(CN2CCCCCC2c2ccccc2)[nH]1	Dopamine D3 receptor	D3R	Ki	GPCR	train	cliff	8.70006	1.995	-0.299943
CHEMBL234_Ki-0846	Cc1ccc(N2CCN(Cc3ccc4c(c3)NC(=O)CO4)CC2)cc1C	Dopamine D3 receptor	D3R	Ki	GPCR	test	cliff	6.06349	864	-2.93651
CHEMBL234_Ki-0847	COc1ccc(C2CCN(Cc3ccc4c(c3)OCC(=O)N4)CC2)cc1	Dopamine D3 receptor	D3R	Ki	GPCR	train	non-cliff	6.36856	428	-2.63144
CHEMBL234_Ki-0848	O=C1COc2ccc(CN3CCN(c4ccccc4)CC3)cc2N1	Dopamine D3 receptor	D3R	Ki	GPCR	train	cliff	6.07624	839	-2.92376
CHEMBL234_Ki-0849	Cc1ccc(C2CCN(Cc3ccc4c(c3)OCC(=O)N4)CC2)cc1	Dopamine D3 receptor	D3R	Ki	GPCR	train	cliff	6.63451	232	-2.36549
CHEMBL234_Ki-0850	Cc1ccc(C2CCN(Cc3ccc4c(c3)OCC(=O)N4)CC2)cc1C	Dopamine D3 receptor	D3R	Ki	GPCR	train	cliff	6.06601	859	-2.93399
CHEMBL234_Ki-0851	COc1ccc(N2CCN(Cc3ccc4c(c3)OCC(=O)N4)CC2)cc1	Dopamine D3 receptor	D3R	Ki	GPCR	test	cliff	5.74715	1790	-3.25285
CHEMBL234_Ki-0852	O=C1COc2cc(CN3CCN(c4ccccc4)CC3)ccc2N1	Dopamine D3 receptor	D3R	Ki	GPCR	train	cliff	7.98297	10.4	-1.01703
CHEMBL234_Ki-0853	Cc1ccc(N2CCN(Cc3ccc4c(c3)OCC(=O)N4)CC2)cc1C	Dopamine D3 receptor	D3R	Ki	GPCR	train	cliff	7.10513	78.5	-1.89487
CHEMBL234_Ki-0854	Cc1ccc(N2CCN(Cc3ccc4c(c3)NC(=O)CO4)CC2)cc1	Dopamine D3 receptor	D3R	Ki	GPCR	train	cliff	5.6038	2490	-3.3962
CHEMBL234_Ki-0855	Cc1ccc(N2CCN(Cc3ccc4c(c3)OCC(=O)N4)CC2)cc1	Dopamine D3 receptor	D3R	Ki	GPCR	train	cliff	6.68194	208	-2.31806
CHEMBL234_Ki-0856	O=C1COc2cc(CN3CCN(c4ccc(Cl)cc4)CC3)ccc2N1	Dopamine D3 receptor	D3R	Ki	GPCR	train	cliff	6.16813	679	-2.83187
CHEMBL234_Ki-0857	COc1cc2c(cc1OC)C1=NO[C@@H](CN3CCN(C/C(C)=C/c4ccccc4)CC3)[C@@H]1CO2	Dopamine D3 receptor	D3R	Ki	GPCR	train	non-cliff	6.36351	433	-2.63649
CHEMBL234_Ki-0858	COc1cc2c(cc1OC)C1=NO[C@@H](CN3CCN(C/C=C(\\C)c4ccccc4)CC3)[C@@H]1CO2	Dopamine D3 receptor	D3R	Ki	GPCR	train	non-cliff	6.21396	611	-2.78604
CHEMBL234_Ki-0859	COc1cc2c(cc1OC)C1=NO[C@@H](CN3CCN(Cc4ccc5ccccc5c4)CC3)[C@@H]1CO2	Dopamine D3 receptor	D3R	Ki	GPCR	train	non-cliff	6.97062	107	-2.02938
CHEMBL234_Ki-0860	COc1cc2c(cc1OC)C1=NO[C@@H](CN3CCN(C/C=C/c4ccccc4)CC3)[C@@H]1CO2	Dopamine D3 receptor	D3R	Ki	GPCR	train	non-cliff	6.56864	270	-2.43136
CHEMBL234_Ki-0861	O=C(NC/C=C/CN1CCN(c2cccc(Cl)c2Cl)CC1)c1cccnc1	Dopamine D3 receptor	D3R	Ki	GPCR	test	non-cliff	8.60206	2.5	-0.39794
CHEMBL234_Ki-0862	O=C(NC/C=C/CN1CCN(c2cccc(Cl)c2Cl)CC1)c1ccncc1	Dopamine D3 receptor	D3R	Ki	GPCR	train	non-cliff	8.69897	2	-0.30103
CHEMBL234_Ki-0863	O=C(NC/C=C/CN1CCN(c2cccc(Cl)c2Cl)CC1)c1ccc(-c2ccccn2)cc1	Dopamine D3 receptor	D3R	Ki	GPCR	train	cliff	9.20537	0.6232	0.205373
CHEMBL234_Ki-0864	O=C(NC/C=C/CN1CCN(c2cccc(Cl)c2Cl)CC1)c1ccc(-c2cccnc2)cc1	Dopamine D3 receptor	D3R	Ki	GPCR	test	cliff	9.04576	0.9	0.0457575
CHEMBL234_Ki-0865	O=C(NC/C=C/CN1CCN(c2cccc(Cl)c2Cl)CC1)c1ccc(-c2ccncc2)cc1	Dopamine D3 receptor	D3R	Ki	GPCR	train	cliff	9.04576	0.9	0.0457575
CHEMBL234_Ki-0866	O=C(NC/C=C/CN1CCN(c2cccc(Cl)c2Cl)CC1)c1ccc(-c2ncccn2)cc1	Dopamine D3 receptor	D3R	Ki	GPCR	train	non-cliff	8.88606	1.3	-0.113943
CHEMBL234_Ki-0867	O=C(NC/C=C/CN1CCN(c2cccc(Cl)c2Cl)CC1)c1ccc(-c2ncc[nH]2)cc1	Dopamine D3 receptor	D3R	Ki	GPCR	train	non-cliff	9.52288	0.3	0.522879
CHEMBL234_Ki-0868	O=C(NC/C=C/CN1CCN(c2cccc(Cl)c2Cl)CC1)c1cnc2ccccc2n1	Dopamine D3 receptor	D3R	Ki	GPCR	test	cliff	8.42022	3.8	-0.579784
CHEMBL234_Ki-0869	O=C(NC/C=C/CN1CCN(c2cccc(Cl)c2Cl)CC1)c1cc2ccccc2s1	Dopamine D3 receptor	D3R	Ki	GPCR	train	cliff	8.78186	1.6525	-0.218141
CHEMBL234_Ki-0870	O=C(NC/C=C/CN1CCN(c2cccc(Cl)c2Cl)CC1)c1cc2ccccc2o1	Dopamine D3 receptor	D3R	Ki	GPCR	train	cliff	8.67709	2.10333	-0.322908
CHEMBL234_Ki-0871	O=C(NC/C=C/CN1CCN(c2cccc(Cl)c2Cl)CC1)c1ccc2c(c1)Cc1ccccc1-2	Dopamine D3 receptor	D3R	Ki	GPCR	train	cliff	8.51145	3.08	-0.488551
CHEMBL234_Ki-0872	O=C(NCCCCN1CCN(c2cccc(Cl)c2Cl)CC1)c1ccc(I)cc1	Dopamine D3 receptor	D3R	Ki	GPCR	train	non-cliff	8.79588	1.6	-0.20412
CHEMBL234_Ki-0873	O=C(NCCCCN1CCN(c2cccc(Cl)c2Cl)CC1)c1cnc2ccccc2n1	Dopamine D3 receptor	D3R	Ki	GPCR	test	cliff	8.85387	1.4	-0.146128
CHEMBL234_Ki-0874	O=C(NCCCCN1CCN(c2cccc(Cl)c2Cl)CC1)c1ccc(-c2ccccn2)cc1	Dopamine D3 receptor	D3R	Ki	GPCR	train	cliff	9.33099	0.466667	0.330993
CHEMBL234_Ki-0875	O=C(NCCCCN1CCN(c2cccc(Cl)c2Cl)CC1)c1ccc(-c2cccnc2)cc1	Dopamine D3 receptor	D3R	Ki	GPCR	train	cliff	9.30103	0.5	0.30103
CHEMBL234_Ki-0876	O=C(NC/C=C/CN1CCN(c2cccc(Cl)c2Cl)CC1)c1ccccc1F	Dopamine D3 receptor	D3R	Ki	GPCR	train	non-cliff	8.92082	1.2	-0.0791812
CHEMBL234_Ki-0877	O=C(NC/C=C/CN1CCN(c2cccc(Cl)c2Cl)CC1)c1cccc(F)c1	Dopamine D3 receptor	D3R	Ki	GPCR	train	non-cliff	8.76955	1.7	-0.230449
CHEMBL234_Ki-0878	O=C(NC/C=C/CN1CCN(c2cccc(Cl)c2Cl)CC1)c1ccc(F)cc1	Dopamine D3 receptor	D3R	Ki	GPCR	train	non-cliff	9	1	-0
CHEMBL234_Ki-0879	O=C(NC/C=C/CN1CCN(c2cccc(Cl)c2Cl)CC1)c1ccccc1Cl	Dopamine D3 receptor	D3R	Ki	GPCR	test	non-cliff	8.88606	1.3	-0.113943
CHEMBL234_Ki-0880	O=C(NC/C=C/CN1CCN(c2cccc(Cl)c2Cl)CC1)c1cccc(Cl)c1	Dopamine D3 receptor	D3R	Ki	GPCR	train	non-cliff	8.56864	2.7	-0.431364
CHEMBL234_Ki-0881	O=C(NC/C=C/CN1CCN(c2cccc(Cl)c2Cl)CC1)c1ccc(Cl)cc1	Dopamine D3 receptor	D3R	Ki	GPCR	train	non-cliff	8.58503	2.6	-0.414973
CHEMBL234_Ki-0882	O=C(NC/C=C/CN1CCN(c2cccc(Cl)c2Cl)CC1)c1ccccc1I	Dopamine D3 receptor	D3R	Ki	GPCR	test	non-cliff	8.42022	3.8	-0.579784
CHEMBL234_Ki-0883	O=C(NC/C=C/CN1CCN(c2cccc(Cl)c2Cl)CC1)c1cccc(I)c1	Dopamine D3 receptor	D3R	Ki	GPCR	train	non-cliff	8.49485	3.2	-0.50515
CHEMBL234_Ki-0884	O=C(NC/C=C/CN1CCN(c2cccc(Cl)c2Cl)CC1)c1ccc(I)cc1	Dopamine D3 receptor	D3R	Ki	GPCR	train	non-cliff	8.46852	3.4	-0.531479
CHEMBL234_Ki-0885	COc1ccccc1C(=O)NC/C=C/CN1CCN(c2cccc(Cl)c2Cl)CC1	Dopamine D3 receptor	D3R	Ki	GPCR	test	non-cliff	9.22185	0.6	0.221849
CHEMBL234_Ki-0886	COc1cccc(C(=O)NC/C=C/CN2CCN(c3cccc(Cl)c3Cl)CC2)c1	Dopamine D3 receptor	D3R	Ki	GPCR	train	cliff	8.52288	3	-0.477121
CHEMBL234_Ki-0887	O=C(NC/C=C/CN1CCN(c2cccc(Cl)c2Cl)CC1)c1ccccn1	Dopamine D3 receptor	D3R	Ki	GPCR	test	non-cliff	8.58503	2.6	-0.414973
CHEMBL234_Ki-0888	CN1CCN(C2=Cn3cccc3Sc3sccc32)CC1	Dopamine D3 receptor	D3R	Ki	GPCR	train	non-cliff	7.60206	25	-1.39794
CHEMBL234_Ki-0889	CN1CCN(C2=Cc3ccccc3Cn3cccc32)CC1	Dopamine D3 receptor	D3R	Ki	GPCR	train	cliff	6.64975	224	-2.35025
CHEMBL234_Ki-0890	CN1CCN(C2=Cc3cc(Cl)ccc3Cn3cccc32)CC1	Dopamine D3 receptor	D3R	Ki	GPCR	train	non-cliff	7.61618	24.2	-1.38382
CHEMBL234_Ki-0891	Cc1ccc2n1Cc1ccccc1C=C2N1CCN(C)CC1	Dopamine D3 receptor	D3R	Ki	GPCR	train	non-cliff	7.05257	88.6	-1.94743
CHEMBL234_Ki-0892	O=S(=O)(c1ccccc1Cl)n1cc(C2=CCNCC2)c2ccccc21	Dopamine D3 receptor	D3R	Ki	GPCR	train	non-cliff	6.20273	627	-2.79727
CHEMBL234_Ki-0893	O=S(=O)(c1ccccc1F)n1cc(C2=CCNCC2)c2ccccc21	Dopamine D3 receptor	D3R	Ki	GPCR	train	non-cliff	6.13018	741	-2.86982
CHEMBL234_Ki-0894	COc1ccccc1N1CCN(CCCCNC(=O)c2cc3cc(I)ccc3o2)CC1	Dopamine D3 receptor	D3R	Ki	GPCR	train	non-cliff	8.97469	1.06	-0.0253059
CHEMBL234_Ki-0895	O=C(NCCCCN1CCN(c2cccc(Cl)c2Cl)CC1)c1cc2cc(I)ccc2o1	Dopamine D3 receptor	D3R	Ki	GPCR	train	cliff	8.4383	3.645	-0.561698
CHEMBL234_Ki-0896	COc1ccccc1N1CCN(CCCCNC(=O)c2cc3cc(I)ccc3s2)CC1	Dopamine D3 receptor	D3R	Ki	GPCR	train	non-cliff	9.0655	0.86	0.0655015
CHEMBL234_Ki-0897	O=C(NCCCCN1CCN(c2cccc(Cl)c2Cl)CC1)c1cc2cc(I)ccc2s1	Dopamine D3 receptor	D3R	Ki	GPCR	train	cliff	8.34679	4.5	-0.653213
CHEMBL234_Ki-0898	COc1ccccc1N1CCN(CCCCNC(=O)c2ccc(I)s2)CC1	Dopamine D3 receptor	D3R	Ki	GPCR	train	cliff	8.61979	2.4	-0.380211
CHEMBL234_Ki-0899	O=C(NCCCCN1CCN(c2cccc(Cl)c2Cl)CC1)c1ccc(I)s1	Dopamine D3 receptor	D3R	Ki	GPCR	train	non-cliff	8.85387	1.4	-0.146128
CHEMBL234_Ki-0900	CN1CCCC[C@@H]1CCN1c2ccccc2Sc2ccc([S+](C)O)cc21	Dopamine D3 receptor	D3R	Ki	GPCR	train	non-cliff	7.61083	24.5	-1.38917
CHEMBL234_Ki-0901	COc1ccc2c(c1)OCCN(C)CCc1ccccc1C2	Dopamine D3 receptor	D3R	Ki	GPCR	train	cliff	5.79561	1601	-3.20439
CHEMBL234_Ki-0902	CN1CCOc2cc(O)ccc2Cc2ccccc2CC1	Dopamine D3 receptor	D3R	Ki	GPCR	test	cliff	5.85886	1384	-3.14114
CHEMBL234_Ki-0903	O=C(c1ccccc1)c1ccccc1OCCN1CCCC1	Dopamine D3 receptor	D3R	Ki	GPCR	train	non-cliff	5.61834	2408	-3.38166
CHEMBL234_Ki-0904	CCN(CC)CCOc1ccccc1Cc1ccccc1	Dopamine D3 receptor	D3R	Ki	GPCR	train	non-cliff	5.33096	4667	-3.66904
CHEMBL234_Ki-0905	c1ccc(Cc2ccccc2OCCN2CCCC2)cc1	Dopamine D3 receptor	D3R	Ki	GPCR	train	non-cliff	5.74041	1818	-3.25959
CHEMBL234_Ki-0906	c1ccc(Cc2ccccc2OCCN2CCCCC2)cc1	Dopamine D3 receptor	D3R	Ki	GPCR	train	non-cliff	5.10768	7804	-3.89232
CHEMBL234_Ki-0907	c1ccc(Cc2ccccc2OCCN2CCN(c3ccccc3)CC2)cc1	Dopamine D3 receptor	D3R	Ki	GPCR	test	non-cliff	5.54363	2860	-3.45637
CHEMBL234_Ki-0908	c1ccc(Cc2ccccc2OCCCN2CCCC2)cc1	Dopamine D3 receptor	D3R	Ki	GPCR	train	non-cliff	5.53417	2923	-3.46583
CHEMBL234_Ki-0909	c1ccc(Cc2ccccc2NCCN2CCCC2)cc1	Dopamine D3 receptor	D3R	Ki	GPCR	test	non-cliff	5.33217	4654	-3.66783
CHEMBL234_Ki-0910	CCCN(CCC)[C@H]1CCn2cccc2C1	Dopamine D3 receptor	D3R	Ki	GPCR	train	cliff	6.24	575.44	-2.76
CHEMBL234_Ki-0911	Oc1ccc2c(c1O)-c1cccc3c1[C@@H](C2)NCC3	Dopamine D3 receptor	D3R	Ki	GPCR	train	non-cliff	7.23003	58.88	-1.76997
CHEMBL234_Ki-0912	Cc1ccc2c(OCCN3CCN(Cc4cccc5cccnc45)CC3)cccc2n1	Dopamine D3 receptor	D3R	Ki	GPCR	test	non-cliff	6	1000	-3
CHEMBL234_Ki-0913	Cc1nc(-c2cccc(C(=O)N[C@H]3CC[C@H](CCN4CCc5ccc(S(C)(=O)=O)cc5CC4)CC3)c2)no1	Dopamine D3 receptor	D3R	Ki	GPCR	test	non-cliff	8.63723	2.3055	-0.362765
CHEMBL234_Ki-0914	COc1ccc(C(=O)NC/C=C/CN2CCN(c3cccc(Cl)c3Cl)CC2)cc1	Dopamine D3 receptor	D3R	Ki	GPCR	train	cliff	8.92082	1.2	-0.0791812
CHEMBL234_Ki-0915	O=C(NC/C=C/CN1CCN(c2cccc(Cl)c2Cl)CC1)c1ccc([N+](=O)[O-])cc1	Dopamine D3 receptor	D3R	Ki	GPCR	train	non-cliff	9.1549	0.7	0.154902
CHEMBL234_Ki-0916	O=C(NC/C=C/CN1CCN(c2cccc(Cl)c2Cl)CC1)c1ccc(O)cc1	Dopamine D3 receptor	D3R	Ki	GPCR	train	non-cliff	9.39794	0.4	0.39794
CHEMBL234_Ki-0917	CN1CCC[C@@H]1Cc1c[nH]c2ccc(NS(=O)(=O)c3cccc(Cl)c3)cc12	Dopamine D3 receptor	D3R	Ki	GPCR	test	non-cliff	6.03152	930	-2.96848
CHEMBL234_Ki-0918	O=C(NC/C=C/CN1CCN(c2cccc(Cl)c2Cl)CC1)c1ccccc1O	Dopamine D3 receptor	D3R	Ki	GPCR	train	cliff	9.09691	0.8	0.09691
CHEMBL234_Ki-0919	O=C(NC/C=C/CN1CCN(c2cccc(Cl)c2Cl)CC1)c1ccccc1[N+](=O)[O-]	Dopamine D3 receptor	D3R	Ki	GPCR	train	non-cliff	8.46852	3.4	-0.531479
CHEMBL234_Ki-0920	O=C(NC/C=C/CN1CCN(c2cccc(Cl)c2Cl)CC1)c1cccc([N+](=O)[O-])c1	Dopamine D3 receptor	D3R	Ki	GPCR	train	non-cliff	8.63827	2.3	-0.361728
CHEMBL234_Ki-0921	Nc1ccccc1C(=O)NC/C=C/CN1CCN(c2cccc(Cl)c2Cl)CC1	Dopamine D3 receptor	D3R	Ki	GPCR	train	non-cliff	8.65758	2.2	-0.342423
CHEMBL234_Ki-0922	Nc1cccc(C(=O)NC/C=C/CN2CCN(c3cccc(Cl)c3Cl)CC2)c1	Dopamine D3 receptor	D3R	Ki	GPCR	train	non-cliff	8.69897	2	-0.30103
CHEMBL234_Ki-0923	CN1CCN(C2=Cn3cccc3Sc3ccccc32)CC1	Dopamine D3 receptor	D3R	Ki	GPCR	test	cliff	8.08092	8.3	-0.919078
CHEMBL234_Ki-0924	CN(C)C[C@H]1C[C@@H]2c3ccccc3Cc3ccccc3[C@H]2O1	Dopamine D3 receptor	D3R	Ki	GPCR	train	non-cliff	7.07572	84	-1.92428
CHEMBL234_Ki-0925	CN1CCN2c3ncccc3Cc3ccccc3C2C1	Dopamine D3 receptor	D3R	Ki	GPCR	train	non-cliff	5.24238	5723	-3.75762
CHEMBL234_Ki-0926	CN1CCN2c3ccccc3Cc3ccccc3C2C1	Dopamine D3 receptor	D3R	Ki	GPCR	train	non-cliff	5.54653	2841	-3.45347
CHEMBL234_Ki-0927	CN(C)C[C@H]1CC2c3ccccc3Oc3ccc(Br)cc3[C@H]2O1	Dopamine D3 receptor	D3R	Ki	GPCR	train	non-cliff	7.02228	95	-1.97772
CHEMBL234_Ki-0928	COc1ccccc1N1CCN(CCCCNC(=O)c2ccc(F)cc2)CC1	Dopamine D3 receptor	D3R	Ki	GPCR	train	cliff	8.36653	4.3	-0.633468
CHEMBL234_Ki-0929	O=C(NCCCCN1CCN(c2cccc(Cl)c2Cl)CC1)c1ccc(F)cc1	Dopamine D3 receptor	D3R	Ki	GPCR	train	cliff	9.27572	0.53	0.275724
CHEMBL234_Ki-0930	COc1ccccc1N1CCN(CCCCNC(=O)c2ccc(F)nc2)CC1	Dopamine D3 receptor	D3R	Ki	GPCR	test	cliff	7.85387	14	-1.14613
CHEMBL234_Ki-0931	O=C(NCCCCN1CCN(c2cccc(Cl)c2Cl)CC1)c1ccc(F)nc1	Dopamine D3 receptor	D3R	Ki	GPCR	train	cliff	8.95861	1.1	-0.0413927
CHEMBL234_Ki-0932	COc1ccccc1N1CCN(CCCCNC(=O)c2cccc(F)n2)CC1	Dopamine D3 receptor	D3R	Ki	GPCR	train	cliff	7.0655	86	-1.9345
CHEMBL234_Ki-0933	O=C(NCCCCN1CCN(c2cccc(Cl)c2Cl)CC1)c1cccc(F)n1	Dopamine D3 receptor	D3R	Ki	GPCR	train	cliff	8.04576	9	-0.954243
CHEMBL234_Ki-0934	COc1ccccc1N1CCN(CCCCNS(=O)(=O)c2ccc(F)cc2)CC1	Dopamine D3 receptor	D3R	Ki	GPCR	train	non-cliff	6.67778	210	-2.32222
CHEMBL234_Ki-0935	O=S(=O)(NCCCCN1CCN(c2cccc(Cl)c2Cl)CC1)c1ccc(F)cc1	Dopamine D3 receptor	D3R	Ki	GPCR	train	non-cliff	7.79588	16	-1.20412
CHEMBL234_Ki-0936	CCCNC1CCn2ncc(C(=O)OC)c2C1	Dopamine D3 receptor	D3R	Ki	GPCR	test	non-cliff	4.92082	12000	-4.07918
CHEMBL234_Ki-0937	CCCN(CCC)C1CCn2ncc(C(=O)OC)c2C1	Dopamine D3 receptor	D3R	Ki	GPCR	train	non-cliff	4.76955	17000	-4.23045
CHEMBL234_Ki-0938	CCCN(CCC)C1CCn2ncc(C=O)c2C1	Dopamine D3 receptor	D3R	Ki	GPCR	train	cliff	4.92082	12000	-4.07918
CHEMBL234_Ki-0939	COc1ccccc1N1CCN(CCCCNC(=O)c2ccc3c(c2)Cc2ccccc2-3)CC1	Dopamine D3 receptor	D3R	Ki	GPCR	train	cliff	9.38722	0.41	0.387216
CHEMBL234_Ki-0940	O=C(NCCCCN1CCN(c2cccc(Cl)c2Cl)CC1)c1ccc2ccccc2c1	Dopamine D3 receptor	D3R	Ki	GPCR	train	cliff	8.34775	4.49	-0.652246
CHEMBL234_Ki-0941	O=C(NCCCCN1CCN(c2cccc(Cl)c2Cl)CC1)c1ccc(-c2ccccc2)cc1	Dopamine D3 receptor	D3R	Ki	GPCR	train	cliff	8.70333	1.98	-0.296665
CHEMBL234_Ki-0942	O=C(NCCCCN1CCN(c2cccc(Cl)c2Cl)CC1)c1ccccc1	Dopamine D3 receptor	D3R	Ki	GPCR	train	cliff	7.92445	11.9	-1.07555
CHEMBL234_Ki-0943	O=C(NCCCCN1CCN(c2cccc(Cl)c2Cl)CC1)c1cccc2ccccc12	Dopamine D3 receptor	D3R	Ki	GPCR	train	non-cliff	8.16115	6.9	-0.838849
CHEMBL234_Ki-0944	COc1ccccc1N1CCN(CCCCNC(=O)c2cccc3ccccc23)CC1	Dopamine D3 receptor	D3R	Ki	GPCR	test	cliff	7.48678	32.6	-1.51322
CHEMBL234_Ki-0945	CN1CCc2c(sc3ncn(CCN4CCN(c5cncc6ccccc56)CC4)c(=O)c23)C1	Dopamine D3 receptor	D3R	Ki	GPCR	train	non-cliff	8.92812	1.18	-0.071882
CHEMBL234_Ki-0946	CN1CCc2c(sc3ncn(CCN4CCN(c5ccnc6ccccc56)CC4)c(=O)c23)C1	Dopamine D3 receptor	D3R	Ki	GPCR	test	non-cliff	8.88606	1.3	-0.113943
CHEMBL234_Ki-0947	COc1cccc2cc(C(=O)NCCCCN3CCN(c4cccc(Cl)c4Cl)CC3)oc12	Dopamine D3 receptor	D3R	Ki	GPCR	train	non-cliff	9.88606	0.13	0.886057
CHEMBL234_Ki-0948	Cn1c(=O)cnn(CCCCN2CCN(c3cccc4ccc(O[11CH3])cc34)CC2)c1=O	Dopamine D3 receptor	D3R	Ki	GPCR	train	non-cliff	7.20204	62.8	-1.79796
CHEMBL234_Ki-0949	COc1ccccc1N1CCN(CCCCNC(=O)c2cc(-c3ccco3)[nH]n2)CC1	Dopamine D3 receptor	D3R	Ki	GPCR	train	cliff	7.71444	19.3	-1.28556
CHEMBL234_Ki-0950	COc1ccccc1N1CCN(CCCCNC(=O)c2ccc(-n3ccnc3)cc2)CC1	Dopamine D3 receptor	D3R	Ki	GPCR	train	cliff	8.34582	4.51	-0.654177
CHEMBL234_Ki-0951	COc1ccccc1N1CCN(CCCCNC(=O)c2ccc(N3CCOCC3)cc2)CC1	Dopamine D3 receptor	D3R	Ki	GPCR	train	cliff	7.6216	23.9	-1.3784
CHEMBL234_Ki-0952	COc1ccccc1N1CCN(CCCCNC(=O)c2ccc3c(c2)OCO3)CC1	Dopamine D3 receptor	D3R	Ki	GPCR	train	cliff	7.83268	14.7	-1.16732
CHEMBL234_Ki-0953	COc1ccccc1N1CCN(CCCCNC(=O)c2ccc3nccnc3c2)CC1	Dopamine D3 receptor	D3R	Ki	GPCR	train	cliff	7.10846	77.9	-1.89154
CHEMBL234_Ki-0954	COc1ccc2onc(N3CCN(CCCCNC(=O)c4cccc(-n5ccnc5)c4)CC3)c2c1	Dopamine D3 receptor	D3R	Ki	GPCR	train	cliff	5.25657	5539	-3.74343
CHEMBL234_Ki-0955	COc1ccc2onc(N3CCN(CCCCNC(=O)c4cccc(N5CCOCC5)c4)CC3)c2c1	Dopamine D3 receptor	D3R	Ki	GPCR	train	cliff	5.84164	1440	-3.15836
CHEMBL234_Ki-0956	COc1ccc2onc(N3CCN(CCCCNC(=O)c4cccc(-c5noc(C)n5)c4)CC3)c2c1	Dopamine D3 receptor	D3R	Ki	GPCR	train	non-cliff	5.8911	1285	-3.1089
CHEMBL234_Ki-0957	COc1ccc2onc(N3CCN(CCCCNC(=O)c4cccc(-c5ncccn5)c4)CC3)c2c1	Dopamine D3 receptor	D3R	Ki	GPCR	train	cliff	5.9431	1140	-3.0569
CHEMBL234_Ki-0958	COc1ccc2onc(N3CCN(CCCCNC(=O)c4cc(-c5ccco5)[nH]n4)CC3)c2c1	Dopamine D3 receptor	D3R	Ki	GPCR	train	cliff	7.66959	21.4	-1.33041
CHEMBL234_Ki-0959	COc1ccc2onc(N3CCN(CCCCNC(=O)c4ccc(-n5ccnc5)cc4)CC3)c2c1	Dopamine D3 receptor	D3R	Ki	GPCR	test	cliff	7.64589	22.6	-1.35411
CHEMBL234_Ki-0960	COc1ccc2onc(N3CCN(CCCCNC(=O)c4ccc(N5CCOCC5)cc4)CC3)c2c1	Dopamine D3 receptor	D3R	Ki	GPCR	train	cliff	7.42022	38	-1.57978
CHEMBL234_Ki-0961	COc1ccc2onc(N3CCN(CCCCNC(=O)c4ccc5nonc5c4)CC3)c2c1	Dopamine D3 receptor	D3R	Ki	GPCR	train	cliff	7.07058	85	-1.92942
CHEMBL234_Ki-0962	COc1ccc2onc(N3CCN(CCCCNC(=O)c4ccc5c(c4)OCO5)CC3)c2c1	Dopamine D3 receptor	D3R	Ki	GPCR	train	cliff	6.92812	118	-2.07188
CHEMBL234_Ki-0963	COc1ccc2onc(N3CCN(CCCCNC(=O)c4ccc5nccnc5c4)CC3)c2c1	Dopamine D3 receptor	D3R	Ki	GPCR	train	cliff	6.65758	220	-2.34242
CHEMBL234_Ki-0964	COc1ccccc1N1CCN(CCCCNC(=O)c2cc3cccc(OC)c3o2)CC1	Dopamine D3 receptor	D3R	Ki	GPCR	train	cliff	7.59346	25.5	-1.40654
CHEMBL234_Ki-0965	COc1ccc2ccnc(N3CCN(CCCCNC(=O)c4cc5cccc(OC)c5o4)CC3)c2c1	Dopamine D3 receptor	D3R	Ki	GPCR	train	non-cliff	6.9914	102	-2.0086
CHEMBL234_Ki-0966	COc1cccc2cc(C(=O)NCCCCN3CCN(c4cccc5nccnc45)CC3)oc12	Dopamine D3 receptor	D3R	Ki	GPCR	train	cliff	6.5817	262	-2.4183
CHEMBL234_Ki-0967	COc1cccc2cc(C(=O)NCCCCN3CCN(c4[nH]nc5ccccc45)CC3)oc12	Dopamine D3 receptor	D3R	Ki	GPCR	train	non-cliff	6.8962	127	-2.1038
CHEMBL234_Ki-0968	COc1ccc2onc(N3CCN(CCCCNC(=O)c4cc5cccc(OC)c5o4)CC3)c2c1	Dopamine D3 receptor	D3R	Ki	GPCR	train	non-cliff	7.00877	98	-1.99123
CHEMBL234_Ki-0969	CN1CCc2ccccc2Cc2ccccc2CC1	Dopamine D3 receptor	D3R	Ki	GPCR	train	non-cliff	7.29528	50.6667	-1.70472
CHEMBL234_Ki-0970	CC(C)(C)c1nc(N2CCN(CCCCn3cccnc3=O)CC2)cc(C(F)(F)F)n1	Dopamine D3 receptor	D3R	Ki	GPCR	train	cliff	7.88941	12.9	-1.11059
CHEMBL234_Ki-0971	Cc1cn(CCCCN2CCN(c3cc(C(F)(F)F)nc(C(C)(C)C)n3)CC2)c(=O)n(C)c1=O	Dopamine D3 receptor	D3R	Ki	GPCR	test	non-cliff	7.98297	10.4	-1.01703
CHEMBL234_Ki-0972	Cn1c(=O)ccn(CCCCN2CCN(c3cc(C(F)(F)F)nc(C(C)(C)C)n3)CC2)c1=O	Dopamine D3 receptor	D3R	Ki	GPCR	train	non-cliff	7.92812	11.8	-1.07188
CHEMBL234_Ki-0973	CC(C)(C)c1nc(N2CCN(CCCCn3cc(C#N)c(=O)[nH]c3=O)CC2)cc(C(F)(F)F)n1	Dopamine D3 receptor	D3R	Ki	GPCR	test	non-cliff	8.31876	4.8	-0.681241
CHEMBL234_Ki-0974	CC(C)(C)c1nc(N2CCN(CCCCn3cc(C(F)(F)F)c(=O)[nH]c3=O)CC2)cc(C(F)(F)F)n1	Dopamine D3 receptor	D3R	Ki	GPCR	train	non-cliff	8.26761	5.4	-0.732394
CHEMBL234_Ki-0975	CC(C)(C)c1nc(N2CCN(CCCCn3cc(Cl)c(=O)[nH]c3=O)CC2)cc(C(F)(F)F)n1	Dopamine D3 receptor	D3R	Ki	GPCR	train	non-cliff	8.63827	2.3	-0.361728
CHEMBL234_Ki-0976	CC(C)(C)c1nc(N2CCN(CCCCn3cc(F)c(=O)[nH]c3=O)CC2)cc(C(F)(F)F)n1	Dopamine D3 receptor	D3R	Ki	GPCR	train	non-cliff	8.52288	3	-0.477121
CHEMBL234_Ki-0977	CCc1cn(CCCCN2CCN(c3cc(C(F)(F)F)nc(C(C)(C)C)n3)CC2)c(=O)[nH]c1=O	Dopamine D3 receptor	D3R	Ki	GPCR	train	non-cliff	8.76955	1.7	-0.230449
CHEMBL234_Ki-0978	Cc1cn(CCCCN2CCN(c3cc(C(F)(F)F)nc(C(C)(C)C)n3)CC2)c(=O)[nH]c1=O	Dopamine D3 receptor	D3R	Ki	GPCR	test	non-cliff	8.88606	1.3	-0.113943
CHEMBL234_Ki-0979	CC(C)(C)c1nc(N2CCN(CCCSc3nccc(O)n3)CC2)cc(C(F)(F)F)n1	Dopamine D3 receptor	D3R	Ki	GPCR	train	non-cliff	8.5376	2.9	-0.462398
CHEMBL234_Ki-0980	CC(C)(C)c1nc(N2CCN(CCCCn3ccc(N4CCCCC4)nc3=O)CC2)cc(C(F)(F)F)n1	Dopamine D3 receptor	D3R	Ki	GPCR	train	non-cliff	8.46852	3.4	-0.531479
CHEMBL234_Ki-0981	CC(C)(C)c1nc(N2CCN(CCCCn3ccc(N4CCC4)nc3=O)CC2)cc(C(F)(F)F)n1	Dopamine D3 receptor	D3R	Ki	GPCR	train	non-cliff	8.35655	4.4	-0.643453
CHEMBL234_Ki-0982	CC(C)(C)c1nc(N2CCN(CCCCn3ccc(-c4ccccc4)nc3=O)CC2)cc(C(F)(F)F)n1	Dopamine D3 receptor	D3R	Ki	GPCR	test	non-cliff	8.85387	1.4	-0.146128
CHEMBL234_Ki-0983	CC(C)(C)c1nc(N2CCN(CCCCn3ccc(C4CCCCC4)nc3=O)CC2)cc(C(F)(F)F)n1	Dopamine D3 receptor	D3R	Ki	GPCR	train	non-cliff	8.31876	4.8	-0.681241
CHEMBL234_Ki-0984	CC(C)(C)c1nc(N2CCN(CCCCn3ccc(C4CCC4)nc3=O)CC2)cc(C(F)(F)F)n1	Dopamine D3 receptor	D3R	Ki	GPCR	train	non-cliff	8.13077	7.4	-0.869232
CHEMBL234_Ki-0985	CC(C)(C)c1nc(N2CCN(CCCCn3ccc(C4CC4)nc3=O)CC2)cc(C(F)(F)F)n1	Dopamine D3 receptor	D3R	Ki	GPCR	train	non-cliff	8.4318	3.7	-0.568202
CHEMBL234_Ki-0986	CC(C)(C)c1ccn(CCCCN2CCN(c3cc(C(F)(F)F)nc(C(C)(C)C)n3)CC2)c(=O)n1	Dopamine D3 receptor	D3R	Ki	GPCR	train	non-cliff	8.58503	2.6	-0.414973
CHEMBL234_Ki-0987	Cc1ccn(CCCCN2CCN(c3cc(C(F)(F)F)nc(C(C)(C)C)n3)CC2)c(=O)n1	Dopamine D3 receptor	D3R	Ki	GPCR	train	non-cliff	8.35655	4.4	-0.643453
CHEMBL234_Ki-0988	CCOc1ccn(CCCCN2CCN(c3cc(C(F)(F)F)nc(C(C)(C)C)n3)CC2)c(=O)n1	Dopamine D3 receptor	D3R	Ki	GPCR	train	non-cliff	8.13077	7.4	-0.869232
CHEMBL234_Ki-0989	CC(C)(C)c1nc(N2CCN(CCCCn3ccc(=O)[nH]c3=O)CC2)cc(C(F)(F)F)n1	Dopamine D3 receptor	D3R	Ki	GPCR	train	non-cliff	8.72125	1.9	-0.278754
CHEMBL234_Ki-0990	CC(C)(C)c1nc(N2CCN(CCCN3C(=O)CCc4ccccc43)CC2)cc(C(F)(F)F)n1	Dopamine D3 receptor	D3R	Ki	GPCR	test	cliff	7.0278	93.8	-1.9722
CHEMBL234_Ki-0991	CC(C)(C)c1nc(N2CCN(CCCCN3C(=O)CCC(=O)c4ccccc43)CC2)cc(C(F)(F)F)n1	Dopamine D3 receptor	D3R	Ki	GPCR	train	cliff	9.09691	0.8	0.09691
CHEMBL234_Ki-0992	CC(C)(C)c1nc(N2CCN(CCCCN3CCC(=O)CCC3=O)CC2)cc(C(F)(F)F)n1	Dopamine D3 receptor	D3R	Ki	GPCR	train	non-cliff	8.40894	3.9	-0.591065
CHEMBL234_Ki-0993	COc1cc2c(cc1OC)N(CCCCN1CCN(c3cc(C(F)(F)F)nc(C(C)(C)C)n3)CC1)C(=O)CCC2=O	Dopamine D3 receptor	D3R	Ki	GPCR	train	non-cliff	8.34679	4.5	-0.653213
CHEMBL234_Ki-0994	CC(C)(C)c1nc(N2CCN(CCCCN3C(=O)CCCc4c(O)cccc43)CC2)cc(C(F)(F)F)n1	Dopamine D3 receptor	D3R	Ki	GPCR	train	cliff	8.60206	2.5	-0.39794
CHEMBL234_Ki-0995	COc1cccc2c1CCCC(=O)N2CCCCN1CCN(c2cc(C(F)(F)F)nc(C(C)(C)C)n2)CC1	Dopamine D3 receptor	D3R	Ki	GPCR	train	non-cliff	7.99568	10.1	-1.00432
CHEMBL234_Ki-0996	CC(C)(C)c1nc(N2CCN(CCCCN3C(=O)CCSc4ccccc43)CC2)cc(C(F)(F)F)n1	Dopamine D3 receptor	D3R	Ki	GPCR	train	cliff	8.01773	9.6	-0.982271
CHEMBL234_Ki-0997	CC(C)(C)c1nc(N2CCN(CCCCN3C(=O)CCCc4ccccc43)CC2)cc(C(F)(F)F)n1	Dopamine D3 receptor	D3R	Ki	GPCR	train	cliff	7.77469	16.8	-1.22531
CHEMBL234_Ki-0998	CC(C)(C)c1nc(N2CCN(CCCCN3C(=O)CC(=O)c4ccccc43)CC2)cc(C(F)(F)F)n1	Dopamine D3 receptor	D3R	Ki	GPCR	train	cliff	7.4023	39.6	-1.5977
CHEMBL234_Ki-0999	CC(C)(C)c1nc(N2CCN(CCCCN3Cc4ccccc4CC3=O)CC2)cc(C(F)(F)F)n1	Dopamine D3 receptor	D3R	Ki	GPCR	train	non-cliff	6.53313	293	-2.46687
CHEMBL234_Ki-1000	CC(C)(C)c1nc(N2CCN(CCCCn3c(=O)ccc4ccccc43)CC2)cc(C(F)(F)F)n1	Dopamine D3 receptor	D3R	Ki	GPCR	train	cliff	7.95078	11.2	-1.04922
CHEMBL234_Ki-1001	CC(C)(C)c1nc(N2CCN(CCCCN3C(=O)COc4ccccc43)CC2)cc(C(F)(F)F)n1	Dopamine D3 receptor	D3R	Ki	GPCR	train	cliff	7.91721	12.1	-1.08279
CHEMBL234_Ki-1002	C[C@@H](CCCN1C(=O)CCc2ccccc21)N1CCN(c2cc(C(F)(F)F)nc(C(C)(C)C)n2)CC1	Dopamine D3 receptor	D3R	Ki	GPCR	train	non-cliff	7.64975	22.4	-1.35025
CHEMBL234_Ki-1003	C[C@H](CCN1CCN(c2cc(C(F)(F)F)nc(C(C)(C)C)n2)CC1)CN1C(=O)CCc2ccccc21	Dopamine D3 receptor	D3R	Ki	GPCR	train	non-cliff	7.18776	64.9	-1.81224
CHEMBL234_Ki-1004	C/C(=C\\CN1CCN(c2cc(C(F)(F)F)nc(C(C)(C)C)n2)CC1)CN1C(=O)CCc2ccccc21	Dopamine D3 receptor	D3R	Ki	GPCR	train	non-cliff	7.22988	58.9	-1.77012
CHEMBL234_Ki-1005	CC(C)(C)c1nc(N2CCN(C/C=C/CN3C(=O)CCc4ccccc43)CC2)cc(C(F)(F)F)n1	Dopamine D3 receptor	D3R	Ki	GPCR	train	cliff	8.03621	9.2	-0.963788
CHEMBL234_Ki-1006	CC(C)(C)c1nc(N2CCN(CCCCCN3C(=O)CCc4ccccc43)CC2)cc(C(F)(F)F)n1	Dopamine D3 receptor	D3R	Ki	GPCR	test	cliff	5.39212	4054	-3.60788
CHEMBL234_Ki-1007	CC(C)(C)c1nc(N2CCN(CCCCN3C(=O)CCc4ccccc43)CC2)cc(C(F)(F)F)n1	Dopamine D3 receptor	D3R	Ki	GPCR	train	cliff	8.46852	3.4	-0.531479
CHEMBL234_Ki-1008	CN1CCc2cc(O)ccc2Cc2ccc(O)cc2CC1	Dopamine D3 receptor	D3R	Ki	GPCR	train	non-cliff	6.46597	342	-2.53403
CHEMBL234_Ki-1009	COc1cccc2c1Cc1ccccc1CCN(C)CC2	Dopamine D3 receptor	D3R	Ki	GPCR	train	cliff	5.73684	1833	-3.26316
CHEMBL234_Ki-1010	CN1CCc2ccccc2Cc2c(O)cccc2CC1	Dopamine D3 receptor	D3R	Ki	GPCR	train	non-cliff	6.66756	215	-2.33244
CHEMBL234_Ki-1011	CN1CCc2ccccc2Cc2cc(O)c(Cl)cc2CC1	Dopamine D3 receptor	D3R	Ki	GPCR	test	non-cliff	7.55752	27.7	-1.44248
CHEMBL234_Ki-1012	COc1c(Cl)cc2c(c1Cl)Cc1ccccc1CCN(C)CC2	Dopamine D3 receptor	D3R	Ki	GPCR	train	non-cliff	6.38195	415	-2.61805
CHEMBL234_Ki-1013	COc1ccc2c(c1)Cc1ccccc1CCN(C)CC2	Dopamine D3 receptor	D3R	Ki	GPCR	train	cliff	6.82246	150.5	-2.17754
CHEMBL234_Ki-1014	CN1CCc2ccccc2Cc2cc(O)ccc2CC1	Dopamine D3 receptor	D3R	Ki	GPCR	test	non-cliff	6.52871	296	-2.47129
CHEMBL234_Ki-1015	CN1CCc2ccccc2Cc2ccc(O)c(Cl)c2CC1	Dopamine D3 receptor	D3R	Ki	GPCR	train	non-cliff	7.60906	24.6	-1.39094
CHEMBL234_Ki-1016	COc1ccc2c(c1)CCN(C)CCc1ccccc1C2	Dopamine D3 receptor	D3R	Ki	GPCR	train	cliff	7.1209	75.7	-1.8791
CHEMBL234_Ki-1017	CN1CCc2ccccc2Cc2ccc(O)cc2CC1	Dopamine D3 receptor	D3R	Ki	GPCR	train	cliff	7.32331	47.5	-1.67669
CHEMBL234_Ki-1018	CN1CCc2ccccc2Cc2c(ccc(O)c2Cl)CC1	Dopamine D3 receptor	D3R	Ki	GPCR	train	non-cliff	8.72584	1.88	-0.274158
CHEMBL234_Ki-1019	COc1ccc2c(c1)CCN(C)CCc1cc(OC)ccc1C2	Dopamine D3 receptor	D3R	Ki	GPCR	train	non-cliff	6.99353	101.5	-2.00647
CHEMBL234_Ki-1020	CC(C)(C)c1nc(N2CCN(CCCCNC(=O)CCc3ccccc3)CC2)cc(C(F)(F)F)n1	Dopamine D3 receptor	D3R	Ki	GPCR	train	cliff	8.79588	1.6	-0.20412
CHEMBL234_Ki-1021	CC(C)(C)c1nc(N2CCN(CCCCCC(=O)NCc3ccccc3)CC2)cc(C(F)(F)F)n1	Dopamine D3 receptor	D3R	Ki	GPCR	train	cliff	8.20761	6.2	-0.792392
CHEMBL234_Ki-1022	CCN(Cc1ccccc1)C(=O)NCCCCN1CCN(c2cc(C(F)(F)F)nc(C(C)(C)C)n2)CC1	Dopamine D3 receptor	D3R	Ki	GPCR	train	non-cliff	8.08092	8.3	-0.919078
CHEMBL234_Ki-1023	CCN(CC)C(=O)NCCCCN1CCN(c2cc(C(F)(F)F)nc(C(C)(C)C)n2)CC1	Dopamine D3 receptor	D3R	Ki	GPCR	train	non-cliff	9.04576	0.9	0.0457575
CHEMBL234_Ki-1024	CC(C)(C)c1nc(N2CCN(CCCCNC(=O)NCC3CCCCC3)CC2)cc(C(F)(F)F)n1	Dopamine D3 receptor	D3R	Ki	GPCR	train	non-cliff	8.17393	6.7	-0.826075
CHEMBL234_Ki-1025	CC(C)(C)c1nc(N2CCN(CCCCNC(=O)NCCc3ccccc3)CC2)cc(C(F)(F)F)n1	Dopamine D3 receptor	D3R	Ki	GPCR	train	cliff	8.14267	7.2	-0.857332
CHEMBL234_Ki-1026	CC(C)(C)c1nc(N2CCN(CCCCNC(=O)NCc3ccccc3)CC2)cc(C(F)(F)F)n1	Dopamine D3 receptor	D3R	Ki	GPCR	train	cliff	8.56864	2.7	-0.431364
CHEMBL234_Ki-1027	CC(C)(C)c1nc(N2CCN(CCCCNC(=O)Nc3ccccc3)CC2)cc(C(F)(F)F)n1	Dopamine D3 receptor	D3R	Ki	GPCR	test	cliff	8.49485	3.2	-0.50515
CHEMBL234_Ki-1028	CC(C)(C)CNC(=O)NCCCCN1CCN(c2cc(C(F)(F)F)nc(C(C)(C)C)n2)CC1	Dopamine D3 receptor	D3R	Ki	GPCR	test	non-cliff	8.25964	5.5	-0.740363
CHEMBL234_Ki-1029	CC(C)(C)NC(=O)NCCCCN1CCN(c2cc(C(F)(F)F)nc(C(C)(C)C)n2)CC1	Dopamine D3 receptor	D3R	Ki	GPCR	train	non-cliff	8.39794	4	-0.60206
CHEMBL234_Ki-1030	Cc1cccc(=O)n1CCCCN1CCN(c2cc(C(F)(F)F)nc(C(C)(C)C)n2)CC1	Dopamine D3 receptor	D3R	Ki	GPCR	train	non-cliff	7.91721	12.1	-1.08279
CHEMBL234_Ki-1031	CC(C)(C)c1nc(N2CCN(CCCCn3cc(Cl)ccc3=O)CC2)cc(C(F)(F)F)n1	Dopamine D3 receptor	D3R	Ki	GPCR	test	cliff	7.49214	32.2	-1.50786
CHEMBL234_Ki-1032	CC(C)(C)c1nc(N2CCN(CCCCn3cc(C(F)(F)F)ccc3=O)CC2)cc(C(F)(F)F)n1	Dopamine D3 receptor	D3R	Ki	GPCR	train	non-cliff	7.44733	35.7	-1.55267
CHEMBL234_Ki-1033	CC(C)(C)c1nc(N2CCN(CCCCn3cccc(C(F)(F)F)c3=O)CC2)cc(C(F)(F)F)n1	Dopamine D3 receptor	D3R	Ki	GPCR	test	non-cliff	8.03152	9.3	-0.968483
CHEMBL234_Ki-1034	Cc1cccn(CCCCN2CCN(c3cc(C(F)(F)F)nc(C(C)(C)C)n3)CC2)c1=O	Dopamine D3 receptor	D3R	Ki	GPCR	test	non-cliff	8.63827	2.3	-0.361728
CHEMBL234_Ki-1035	COc1cccn(CCCCN2CCN(c3cc(C(F)(F)F)nc(C(C)(C)C)n3)CC2)c1=O	Dopamine D3 receptor	D3R	Ki	GPCR	test	non-cliff	8.65758	2.2	-0.342423
CHEMBL234_Ki-1036	CC(C)(C)c1nc(N2CCN(CCCCn3ccc(-c4ccccc4)cc3=O)CC2)cc(C(F)(F)F)n1	Dopamine D3 receptor	D3R	Ki	GPCR	train	non-cliff	8.10237	7.9	-0.897627
CHEMBL234_Ki-1037	CC(C)(C)c1nc(N2CCN(CCCCn3ccc(C(F)(F)F)cc3=O)CC2)cc(C(F)(F)F)n1	Dopamine D3 receptor	D3R	Ki	GPCR	train	non-cliff	7.9431	11.4	-1.0569
CHEMBL234_Ki-1038	CC(C)(C)c1nc(N2CCN(CCCCn3ccc(C(F)(F)F)nc3=O)CC2)cc(C(F)(F)F)n1	Dopamine D3 receptor	D3R	Ki	GPCR	train	non-cliff	7.83863	14.5	-1.16137
CHEMBL234_Ki-1039	CC(C)(C)c1nc(N2CCN(CCCCn3ccc(O)cc3=O)CC2)cc(C(F)(F)F)n1	Dopamine D3 receptor	D3R	Ki	GPCR	test	cliff	8.95861	1.1	-0.0413927
CHEMBL234_Ki-1040	Cc1ccn(CCCCN2CCN(c3cc(C(F)(F)F)nc(C(C)(C)C)n3)CC2)c(=O)c1	Dopamine D3 receptor	D3R	Ki	GPCR	test	non-cliff	9.09691	0.8	0.09691
CHEMBL234_Ki-1041	COc1ccccc1N1CCN(CCCCNC(=O)c2cc3c4ccc(c3o2)CCc2ccc(cc2)CC4)CC1	Dopamine D3 receptor	D3R	Ki	GPCR	train	non-cliff	7.79588	16	-1.20412
CHEMBL234_Ki-1042	O=C(NCCCCN1CCN(c2cccc(F)c2F)CC1)c1cc2ccc1CCc1ccc(cc1)CC2	Dopamine D3 receptor	D3R	Ki	GPCR	train	non-cliff	8.72125	1.9	-0.278754
CHEMBL234_Ki-1043	COc1c(Cl)cccc1N1CCN(CCCCNC(=O)c2cc3ccc2CCc2ccc(cc2)CC3)CC1	Dopamine D3 receptor	D3R	Ki	GPCR	train	non-cliff	9.33724	0.46	0.337242
CHEMBL234_Ki-1044	O=C(NCCCCN1CCN(c2cccc(Cl)c2Cl)CC1)c1cc2ccc1CCc1ccc(cc1)CC2	Dopamine D3 receptor	D3R	Ki	GPCR	train	non-cliff	8.4437	3.6	-0.556303
CHEMBL234_Ki-1045	COc1ccccc1N1CCN(CCCCNC(=O)c2cc3ccc2CCc2ccc(cc2)CC3)CC1	Dopamine D3 receptor	D3R	Ki	GPCR	train	non-cliff	8.91127	1.22667	-0.0887266
CHEMBL234_Ki-1046	COc1nc(NCCCN2CCOCC2)nc(OC)c1NC(=O)c1ccc(Oc2cc3c(cc2C)CCC3(C)C)o1	Dopamine D3 receptor	D3R	Ki	GPCR	train	non-cliff	5.92812	1180	-3.07188
CHEMBL234_Ki-1047	c1ccc(N2CCN(Cc3cnn(-c4ccccn4)c3)CC2)cc1	Dopamine D3 receptor	D3R	Ki	GPCR	test	cliff	6.79793	159.245	-2.20207
CHEMBL234_Ki-1048	C1=C(c2ccccc2)CCN(Cc2cn(-c3ccccc3)nn2)C1	Dopamine D3 receptor	D3R	Ki	GPCR	test	cliff	7.02687	94	-1.97313
CHEMBL234_Ki-1049	c1ccc(N2CCN(Cc3ccc(-n4cccn4)cc3)CC2)cc1	Dopamine D3 receptor	D3R	Ki	GPCR	test	cliff	5.67778	2100	-3.32222
CHEMBL234_Ki-1050	C1=C(c2ccccc2)CCN(Cc2cnn(-c3ccccc3)c2)C1	Dopamine D3 receptor	D3R	Ki	GPCR	train	cliff	7.48149	33	-1.51851
CHEMBL234_Ki-1051	COc1ccccc1N1CCN(Cc2cn(-c3ccccc3)nn2)CC1	Dopamine D3 receptor	D3R	Ki	GPCR	train	cliff	6.46852	340	-2.53148
CHEMBL234_Ki-1052	c1ccc(N2CCN(Cc3cn(-c4ccccc4)nn3)CC2)cc1	Dopamine D3 receptor	D3R	Ki	GPCR	train	cliff	5.92082	1200	-3.07918
CHEMBL234_Ki-1053	Cc1c(CN2CCN(c3ccccc3)CC2)cnn1-c1ccccc1	Dopamine D3 receptor	D3R	Ki	GPCR	train	non-cliff	6.49242	321.795	-2.50758
CHEMBL234_Ki-1054	c1ccc(-n2cc(CN3CCN(c4ncccn4)CC3)cn2)cc1	Dopamine D3 receptor	D3R	Ki	GPCR	train	cliff	5.5376	2900	-3.4624
CHEMBL234_Ki-1055	Cc1nn(-c2ccccc2)cc1CN1CCN(c2ccccc2)CC1	Dopamine D3 receptor	D3R	Ki	GPCR	train	non-cliff	6.44184	361.54	-2.55816
CHEMBL234_Ki-1056	COc1ccccc1N1CCN(Cc2cnn(-c3ccccc3)c2)CC1	Dopamine D3 receptor	D3R	Ki	GPCR	train	non-cliff	7.45593	35	-1.54407
CHEMBL234_Ki-1057	Fc1ccccc1N1CCN(Cc2cnn(-c3ccccc3)c2)CC1	Dopamine D3 receptor	D3R	Ki	GPCR	train	non-cliff	7.17195	67.305	-1.82805
CHEMBL234_Ki-1058	Fc1ccc(N2CCN(Cc3cnn(-c4ccccc4)c3)CC2)cc1	Dopamine D3 receptor	D3R	Ki	GPCR	train	cliff	6.2688	538.515	-2.7312
CHEMBL234_Ki-1059	Clc1ccc(N2CCN(Cc3cnn(-c4ccccc4)c3)CC2)cc1	Dopamine D3 receptor	D3R	Ki	GPCR	train	cliff	5.72062	1902.73	-3.27938
CHEMBL234_Ki-1060	c1ccc(N2CCN(Cc3cnn(-c4ccccc4)c3)CC2)cc1	Dopamine D3 receptor	D3R	Ki	GPCR	train	cliff	6.85387	140	-2.14613
CHEMBL234_Ki-1061	COc1ccccc1N1CCN(Cc2cnn(-c3ccccn3)c2)CC1	Dopamine D3 receptor	D3R	Ki	GPCR	train	non-cliff	7.14134	72.22	-1.85866
CHEMBL234_Ki-1062	COc1ccccc1N1CCN(Cc2cn3cc(C)cc(-c4ccccc4)c3n2)CC1	Dopamine D3 receptor	D3R	Ki	GPCR	train	non-cliff	6.40894	390	-2.59106
CHEMBL234_Ki-1063	COc1ccccc1N1CCN(Cc2cn3c(-n4cccn4)cccc3n2)CC1	Dopamine D3 receptor	D3R	Ki	GPCR	train	non-cliff	6	1000	-3
CHEMBL234_Ki-1064	COc1ccccc1N1CCN(Cc2cn3cc(C)cc(-n4cccn4)c3n2)CC1	Dopamine D3 receptor	D3R	Ki	GPCR	train	non-cliff	5.61979	2400	-3.38021
CHEMBL234_Ki-1065	COc1ccccc1N1CCN(Cc2cn3cc(C)cc(N4CCOCC4)c3n2)CC1	Dopamine D3 receptor	D3R	Ki	GPCR	train	non-cliff	5.67778	2100	-3.32222
CHEMBL234_Ki-1066	COc1ccccc1N1CCN(Cc2cn3cc(C)cc(C#N)c3n2)CC1	Dopamine D3 receptor	D3R	Ki	GPCR	train	non-cliff	5.45593	3500	-3.54407
CHEMBL234_Ki-1067	Clc1ccc(N2CCN(Cc3cn4cc(Br)ccc4n3)CC2)cc1Cl	Dopamine D3 receptor	D3R	Ki	GPCR	train	non-cliff	6	1000	-3
CHEMBL234_Ki-1068	COc1ccccc1N1CCN(Cc2cn3cc(C)cc(I)c3n2)CC1	Dopamine D3 receptor	D3R	Ki	GPCR	train	non-cliff	6.3279	470	-2.6721
CHEMBL234_Ki-1069	COc1ccccc1N1CCN(Cc2cn3cc(C)cc(Br)c3n2)CC1	Dopamine D3 receptor	D3R	Ki	GPCR	train	non-cliff	6.17393	670	-2.82607
CHEMBL234_Ki-1070	COc1ccccc1N1CCN(Cc2cn3cc(I)ccc3n2)CC1	Dopamine D3 receptor	D3R	Ki	GPCR	train	non-cliff	6.22185	600	-2.77815
CHEMBL234_Ki-1071	COc1ccccc1N1CCN(Cc2cn3cc(Br)ccc3n2)CC1	Dopamine D3 receptor	D3R	Ki	GPCR	train	non-cliff	6.09691	800	-2.90309
CHEMBL234_Ki-1072	CN1CCN(c2ccc3nc(CN4CCN(c5ccc(Cl)c(Cl)c5)CC4)cn3n2)CC1	Dopamine D3 receptor	D3R	Ki	GPCR	train	non-cliff	6.05552	880	-2.94448
CHEMBL234_Ki-1073	Clc1ccc(N2CCN(Cc3cn4nc(N5CCCCC5)ccc4n3)CC2)cc1Cl	Dopamine D3 receptor	D3R	Ki	GPCR	train	non-cliff	6.07058	850	-2.92942
CHEMBL234_Ki-1074	Fc1ccc(N2CCN(Cc3cn4cccnc4n3)CC2)cc1	Dopamine D3 receptor	D3R	Ki	GPCR	train	cliff	4.22185	60000	-4.77815
CHEMBL234_Ki-1075	Fc1ccc(N2CCN(Cc3cn4ccncc4n3)CC2)cc1	Dopamine D3 receptor	D3R	Ki	GPCR	train	cliff	4.37675	42000	-4.62325
CHEMBL234_Ki-1076	Clc1ccc(N2CCN(Cc3cn4nc(Cl)ccc4n3)CC2)cc1	Dopamine D3 receptor	D3R	Ki	GPCR	train	non-cliff	5.11351	7700	-3.88649
CHEMBL234_Ki-1077	COc1ccccc1N1CCN(Cc2cn3nc(Cl)ccc3n2)CC1	Dopamine D3 receptor	D3R	Ki	GPCR	train	non-cliff	5.85387	1400	-3.14613
CHEMBL234_Ki-1078	Clc1ccc2nc(CN3CCN(c4ccc(Cl)c(Cl)c4)CC3)cn2n1	Dopamine D3 receptor	D3R	Ki	GPCR	train	non-cliff	5.82391	1500	-3.17609
CHEMBL234_Ki-1079	Fc1ccc(N2CCN(Cc3cn4nc(Cl)ccc4n3)CC2)cc1	Dopamine D3 receptor	D3R	Ki	GPCR	test	non-cliff	5.25181	5600	-3.74819
CHEMBL234_Ki-1080	Clc1ccc(N2CCN(Cc3cn4ccccc4n3)CC2)cc1	Dopamine D3 receptor	D3R	Ki	GPCR	train	non-cliff	5.05552	8800	-3.94448
CHEMBL234_Ki-1081	COc1ccccc1N1CCN(Cc2cn3ccccc3n2)CC1	Dopamine D3 receptor	D3R	Ki	GPCR	train	non-cliff	5.40894	3900	-3.59106
CHEMBL234_Ki-1082	Clc1ccc(N2CCN(Cc3cn4ccccc4n3)CC2)cc1Cl	Dopamine D3 receptor	D3R	Ki	GPCR	train	non-cliff	5.76955	1700	-3.23045
CHEMBL234_Ki-1083	Fc1ccc(N2CCN(Cc3cn4ccccc4n3)CC2)cc1	Dopamine D3 receptor	D3R	Ki	GPCR	train	cliff	5.50864	3100	-3.49136
CHEMBL234_Ki-1084	COc1ccc(N2CC=C(c3ccc(Cl)c(Cl)c3)C2=O)cc1OCCN1CCCCC1	Dopamine D3 receptor	D3R	Ki	GPCR	train	non-cliff	6.34	457.09	-2.66
CHEMBL234_Ki-1085	CN1CCc2ccccc2Cc2[nH]c3ccccc3c2CC1	Dopamine D3 receptor	D3R	Ki	GPCR	train	cliff	7.5867	25.9	-1.4133
CHEMBL234_Ki-1086	CN1CCCc2ccccc2Cc2[nH]c3ccccc3c2CC1	Dopamine D3 receptor	D3R	Ki	GPCR	train	cliff	6.55674	277.5	-2.44326
CHEMBL234_Ki-1087	CN1CCCc2c([nH]c3ccccc23)Cc2ccccc2CC1	Dopamine D3 receptor	D3R	Ki	GPCR	train	non-cliff	6.28316	521	-2.71684
CHEMBL234_Ki-1088	Oc1cc2c(cc1O)C1c3ccccc3CNC1CO2	Dopamine D3 receptor	D3R	Ki	GPCR	train	non-cliff	6.40894	390	-2.59106
CHEMBL234_Ki-1089	COc1ccccc1N1CCN(CCCCNC(=O)c2ccc(-c3cccc([18F])n3)cc2)CC1	Dopamine D3 receptor	D3R	Ki	GPCR	train	non-cliff	9.4318	0.37	0.431798
CHEMBL234_Ki-1090	COc1ccccc1N1CCN(CCCCNC(=O)c2ccc(-c3ccc([18F])nc3)cc2)CC1	Dopamine D3 receptor	D3R	Ki	GPCR	test	non-cliff	9.34679	0.45	0.346787
CHEMBL234_Ki-1091	O=C(NCCCCN1CCN(c2cccc(Cl)c2Cl)CC1)c1cc2cc(Br)ccc2[nH]1	Dopamine D3 receptor	D3R	Ki	GPCR	train	non-cliff	9.13001	0.7413	0.130006
CHEMBL234_Ki-1092	COc1ccccc1N1CCN(CCCCNC(=O)c2cc3ccc(C#N)cc3[nH]2)CC1	Dopamine D3 receptor	D3R	Ki	GPCR	test	cliff	9.59998	0.2512	0.59998
CHEMBL234_Ki-1093	COc1ccccc1N1CCN(CCCCNC(=O)c2cc3cc(Br)ccc3[nH]2)CC1	Dopamine D3 receptor	D3R	Ki	GPCR	train	cliff	9.60995	0.2455	0.609949
CHEMBL234_Ki-1094	COc1ccccc1N1CCN(CCCCNC(=O)c2cc3cc(C#N)ccc3[nH]2)CC1	Dopamine D3 receptor	D3R	Ki	GPCR	test	non-cliff	9.24003	0.5754	0.24003
CHEMBL234_Ki-1095	O=C(NCCCCN1CCN(c2cccc(Cl)c2Cl)CC1)c1cc2ccccc2[nH]1	Dopamine D3 receptor	D3R	Ki	GPCR	train	cliff	8.85387	1.4	-0.146128
CHEMBL234_Ki-1096	COc1ccccc1N1CCN(CCCCNC(=O)c2cc3cc(C#N)ccc3o2)CC1	Dopamine D3 receptor	D3R	Ki	GPCR	train	cliff	8.36998	4.266	-0.630021
CHEMBL234_Ki-1097	O=C(NCCCCN1CCN(c2cccc(Cl)c2Cl)CC1)c1cc2cc(Br)ccc2o1	Dopamine D3 receptor	D3R	Ki	GPCR	test	non-cliff	8.46005	3.467	-0.539954
CHEMBL234_Ki-1098	COc1ccccc1N1CCN(CCCCNC(=O)c2cc3cc(Br)ccc3o2)CC1	Dopamine D3 receptor	D3R	Ki	GPCR	test	non-cliff	9.16002	0.6918	0.160019
CHEMBL234_Ki-1099	C#Cc1ccc2cc(C(=O)NCCCCN3CCN(c4ccccc4OC)CC3)sc2c1	Dopamine D3 receptor	D3R	Ki	GPCR	train	cliff	9.41999	0.3802	0.419988
CHEMBL234_Ki-1100	COc1ccccc1N1CCN(CCCCNC(=O)c2cc3cc(C#N)ccc3s2)CC1	Dopamine D3 receptor	D3R	Ki	GPCR	train	non-cliff	9.33999	0.4571	0.339989
CHEMBL234_Ki-1101	C#Cc1ccc2sc(C(=O)NCCCCN3CCN(c4ccccc4OC)CC3)cc2c1	Dopamine D3 receptor	D3R	Ki	GPCR	test	cliff	9.41005	0.389	0.41005
CHEMBL234_Ki-1102	O=C(NCCCCN1CCN(c2ccccc2Cl)CC1)c1ccc(-c2ccccc2)cc1	Dopamine D3 receptor	D3R	Ki	GPCR	train	cliff	9.55145	0.2809	0.551448
CHEMBL234_Ki-1103	COc1ccc(C(=O)NCCCCN2CCN(c3ccccc3Cl)CC2)cc1OC	Dopamine D3 receptor	D3R	Ki	GPCR	train	non-cliff	8.51004	3.09	-0.489958
CHEMBL234_Ki-1104	O=C(NCCCCN1CCN(c2ccccc2Cl)CC1)c1ccc(Cl)cc1	Dopamine D3 receptor	D3R	Ki	GPCR	train	cliff	8.77006	1.698	-0.229938
CHEMBL234_Ki-1105	O=C(NCCCCN1CCN(c2ccccc2Cl)CC1)c1ccc2ccccc2c1	Dopamine D3 receptor	D3R	Ki	GPCR	test	cliff	9.07058	0.85	0.0705811
CHEMBL234_Ki-1106	Clc1ccc(N2CCN(Cc3cnn4c(I)cccc34)CC2)cc1	Dopamine D3 receptor	D3R	Ki	GPCR	test	non-cliff	5.57	2691.53	-3.43
CHEMBL234_Ki-1107	N#Cc1ccc2cc(C(=O)NCCCCN3CCN(c4cccc(Cl)c4Cl)CC3)[nH]c2c1	Dopamine D3 receptor	D3R	Ki	GPCR	train	non-cliff	9.45002	0.3548	0.450016
CHEMBL234_Ki-1108	CCCc1c(C(=O)NCCCCCN2CCN(c3ccccc3OC)CC2)nnn1Cc1ccccc1Br	Dopamine D3 receptor	D3R	Ki	GPCR	train	non-cliff	8.13001	7.413	-0.869994
CHEMBL234_Ki-1109	CCCc1c(C(=O)NCCCCN2CCN(c3ccccc3OC)CC2)nnn1Cc1ccccc1Br	Dopamine D3 receptor	D3R	Ki	GPCR	train	non-cliff	8.46005	3.467	-0.539954
CHEMBL234_Ki-1110	COc1ccccc1N1CCN(CCCCCNC(=O)c2nnn(Cc3ccccc3Br)c2C)CC1	Dopamine D3 receptor	D3R	Ki	GPCR	train	non-cliff	7.81987	15.14	-1.18013
CHEMBL234_Ki-1111	COc1ccccc1N1CCN(CCCCNC(=O)c2nnn(Cc3ccccc3Br)c2C)CC1	Dopamine D3 receptor	D3R	Ki	GPCR	train	non-cliff	7.48999	32.36	-1.51001
CHEMBL234_Ki-1112	CCCc1c(C(=O)NCCCCN2CCN(c3ccccc3OC)CC2)nnn1Cc1ccc(OC)cc1	Dopamine D3 receptor	D3R	Ki	GPCR	train	non-cliff	7.89008	12.88	-1.10992
CHEMBL234_Ki-1113	COc1ccc(Cn2nnc(C(=O)NCCCCCN3CCN(c4ccccc4OC)CC3)c2C)cc1	Dopamine D3 receptor	D3R	Ki	GPCR	train	non-cliff	7.05998	87.1	-1.94002
CHEMBL234_Ki-1114	COc1ccc(Cn2nnc(C(=O)NCCCCCN3CCN(c4cccc(Cl)c4Cl)CC3)c2C)cc1	Dopamine D3 receptor	D3R	Ki	GPCR	test	non-cliff	7.47006	33.88	-1.52994
CHEMBL234_Ki-1115	COc1ccc(Cn2nnc(C(=O)NCCCCN3CCN(c4ccccc4OC)CC3)c2C)cc1	Dopamine D3 receptor	D3R	Ki	GPCR	train	non-cliff	7.54	28.84	-1.46
CHEMBL234_Ki-1116	CCCc1c(C(=O)NCCCCN2CCN(c3ccccc3OC)CC2)nnn1Cc1ccccc1	Dopamine D3 receptor	D3R	Ki	GPCR	train	non-cliff	7.96019	10.96	-1.03981
CHEMBL234_Ki-1117	CCCc1c(C(=O)NCCCCN2CCN(c3cccc(Cl)c3Cl)CC2)nnn1Cc1ccccc1	Dopamine D3 receptor	D3R	Ki	GPCR	train	non-cliff	8.61997	2.399	-0.38003
CHEMBL234_Ki-1118	COc1ccccc1N1CCN(CCCCCNC(=O)c2nnn(Cc3ccccc3)c2C)CC1	Dopamine D3 receptor	D3R	Ki	GPCR	test	non-cliff	7.79997	15.85	-1.20003
CHEMBL234_Ki-1119	Cc1c(C(=O)NCCCCCN2CCN(c3cccc(Cl)c3Cl)CC2)nnn1Cc1ccccc1	Dopamine D3 receptor	D3R	Ki	GPCR	train	non-cliff	8.07002	8.511	-0.929981
CHEMBL234_Ki-1120	COc1ccccc1N1CCN(CCCCNC(=O)c2nnn(Cc3ccccc3)c2C)CC1	Dopamine D3 receptor	D3R	Ki	GPCR	test	non-cliff	7.16999	67.61	-1.83001
CHEMBL234_Ki-1121	Cc1c(C(=O)NCCCCN2CCN(c3cccc(Cl)c3Cl)CC2)nnn1Cc1ccccc1	Dopamine D3 receptor	D3R	Ki	GPCR	train	non-cliff	8.36998	4.266	-0.630021
CHEMBL234_Ki-1122	O=C1CCc2ccc(OCCCCN3CCN(c4cccc(Cl)c4Cl)CC3)cc2N1	Dopamine D3 receptor	D3R	Ki	GPCR	train	non-cliff	8.32059	4.77986	-0.679415
CHEMBL234_Ki-1123	c1ccc(C2CCN(Cc3cn(-c4ccccc4)nn3)CC2)cc1	Dopamine D3 receptor	D3R	Ki	GPCR	train	cliff	7.02998	93.33	-1.97002
CHEMBL234_Ki-1124	c1ccc(C2CCN(Cc3cnn(-c4ccccc4)c3)CC2)cc1	Dopamine D3 receptor	D3R	Ki	GPCR	train	cliff	7.48004	33.11	-1.51996
CHEMBL234_Ki-1125	COc1cc2c(cc1OC)C1=NO[C@@H](CN3CCN(C/C(C)=C/c4ccc(F)cc4)CC3)[C@@H]1CO2	Dopamine D3 receptor	D3R	Ki	GPCR	train	non-cliff	6.42597	375	-2.57403
CHEMBL234_Ki-1126	CCCCc1ccc(S(=O)(=O)Nc2ccc3c(c2)CNC3)cc1	Dopamine D3 receptor	D3R	Ki	GPCR	train	non-cliff	7.40001	39.81	-1.59999
CHEMBL234_Ki-1127	CC(C)Nc1cc2c(cc1NS(=O)(=O)c1ccc(-c3ccc(Cl)cc3)cc1)CCN(C)CC2	Dopamine D3 receptor	D3R	Ki	GPCR	test	non-cliff	8.50004	3.162	-0.499962
CHEMBL234_Ki-1128	CC(C)Oc1cc2c(cc1NS(=O)(=O)c1ccc(-c3ccc(Cl)cc3)cc1)CCN(C)CC2	Dopamine D3 receptor	D3R	Ki	GPCR	test	non-cliff	9.10002	0.7943	0.100015
CHEMBL234_Ki-1129	COc1cc2c(cc1NS(=O)(=O)c1ccc(-c3ccc(Cl)cc3)cc1)CCN(C)CC2	Dopamine D3 receptor	D3R	Ki	GPCR	train	non-cliff	9.10002	0.7943	0.100015
CHEMBL234_Ki-1130	CN1CCc2cc(Cl)c(NS(=O)(=O)c3ccc(-c4ccc(Cl)cc4)cc3)cc2CC1	Dopamine D3 receptor	D3R	Ki	GPCR	train	non-cliff	8.59998	2.512	-0.40002
CHEMBL234_Ki-1131	CN1CCc2cc(Br)c(NS(=O)(=O)c3ccc(-c4ccc(Cl)cc4)cc3)cc2CC1	Dopamine D3 receptor	D3R	Ki	GPCR	train	non-cliff	8.29999	5.012	-0.700011
CHEMBL234_Ki-1132	CC(C)c1cc2c(cc1NS(=O)(=O)c1ccc(-c3ccc(Cl)cc3)cc1)CCN(C)CC2	Dopamine D3 receptor	D3R	Ki	GPCR	train	non-cliff	8.40001	3.981	-0.599992
CHEMBL234_Ki-1133	Cc1cc2c(cc1NS(=O)(=O)c1ccc(-c3ccc(Cl)cc3)cc1)CCN(C)CC2	Dopamine D3 receptor	D3R	Ki	GPCR	train	non-cliff	8.79997	1.585	-0.200029
CHEMBL234_Ki-1134	Cc1noc(C)c1-c1ccc(S(=O)(=O)Nc2ccc3c(c2)CCN(C)CC3)cc1	Dopamine D3 receptor	D3R	Ki	GPCR	train	non-cliff	7.79997	15.85	-1.20003
CHEMBL234_Ki-1135	Cc1ccc(-c2ccc(S(=O)(=O)Nc3ccc4c(c3)CCN(C)CC4)cc2)s1	Dopamine D3 receptor	D3R	Ki	GPCR	test	non-cliff	7.59998	25.12	-1.40002
CHEMBL234_Ki-1136	CN1CCc2ccc(NS(=O)(=O)c3ccc(-c4ccc(Cl)cc4)s3)cc2CC1	Dopamine D3 receptor	D3R	Ki	GPCR	train	non-cliff	7.40001	39.81	-1.59999
CHEMBL234_Ki-1137	Cc1cc(S(=O)(=O)Nc2ccc3c(c2)CCN(C)CC3)ccc1-c1ccc(Cl)cc1	Dopamine D3 receptor	D3R	Ki	GPCR	train	non-cliff	8.19997	6.31	-0.800029
CHEMBL234_Ki-1138	CN1CCc2ccc(NS(=O)(=O)c3ccc(-c4ccc(C#N)cc4)cc3)cc2CC1	Dopamine D3 receptor	D3R	Ki	GPCR	train	non-cliff	7.79997	15.85	-1.20003
CHEMBL234_Ki-1139	CN1CCc2ccc(NS(=O)(=O)c3ccc(-c4ccc(F)c(Cl)c4)cc3)cc2CC1	Dopamine D3 receptor	D3R	Ki	GPCR	test	non-cliff	8.40001	3.981	-0.599992
CHEMBL234_Ki-1140	CN1CCc2ccc(NS(=O)(=O)c3ccc(-c4ccc(Cl)cc4)cc3)cc2CC1	Dopamine D3 receptor	D3R	Ki	GPCR	test	non-cliff	7.79997	15.85	-1.20003
CHEMBL234_Ki-1141	CCCCc1ccc(S(=O)(=O)Nc2ccc3c(c2)CCN(C)CC3)cc1	Dopamine D3 receptor	D3R	Ki	GPCR	train	cliff	8.70006	1.995	-0.299943
CHEMBL234_Ki-1142	CCCCc1ccc(S(=O)(=O)Nc2ccc3c(c2)CCNCC3)cc1	Dopamine D3 receptor	D3R	Ki	GPCR	train	non-cliff	7.79997	15.85	-1.20003
CHEMBL234_Ki-1143	CCCCc1ccc(S(=O)(=O)Nc2ccc3c(c2)CN(C)CC3)cc1	Dopamine D3 receptor	D3R	Ki	GPCR	train	cliff	7.59998	25.12	-1.40002
CHEMBL234_Ki-1144	CCCCc1ccc(S(=O)(=O)Nc2ccc3c(c2)CNCC3)cc1	Dopamine D3 receptor	D3R	Ki	GPCR	train	non-cliff	7.94711	11.295	-1.05289
CHEMBL234_Ki-1145	CCCCc1ccc(S(=O)(=O)Nc2ccc3c(c2)CN(C)C3)cc1	Dopamine D3 receptor	D3R	Ki	GPCR	train	non-cliff	7.70006	19.95	-1.29994
CHEMBL234_Ki-1146	Cc1ccc2c(-c3nnc(SCCCN4CCc5ccc(-c6cc(C)nn6C)cc5CC4)n3C)cccc2n1	Dopamine D3 receptor	D3R	Ki	GPCR	train	cliff	8.82754	1.4875	-0.172457
CHEMBL234_Ki-1147	Cc1cc(-c2ccc3c(c2)CCN(CCCSc2nnc(-c4ccc(F)c(F)c4)n2C)CC3)n(C)n1	Dopamine D3 receptor	D3R	Ki	GPCR	test	non-cliff	8.79997	1.585	-0.200029
CHEMBL234_Ki-1148	Cc1cc(-c2ccc3c(c2)CCN(CCCSc2nnc(-c4ccc(C(F)(F)F)cc4)n2C)CC3)n(C)n1	Dopamine D3 receptor	D3R	Ki	GPCR	train	non-cliff	8.10002	7.943	-0.899985
CHEMBL234_Ki-1149	Cc1cc(-c2ccc3c(c2)CCN(CCCSc2nnc(-c4ocnc4C)n2C)CC3)n(C)n1	Dopamine D3 receptor	D3R	Ki	GPCR	train	non-cliff	7.89997	12.59	-1.10003
CHEMBL234_Ki-1150	Cc1ccc2c(-c3nnc(SCCN4CCc5ccc(-c6cc(C)nn6C)cc5CC4)n3C)cccc2n1	Dopamine D3 receptor	D3R	Ki	GPCR	train	cliff	7.79997	15.85	-1.20003
CHEMBL234_Ki-1151	Cc1cnc(-c2nnc(SCCN3CCc4ccc(-c5cc(C)nn5C)cc4CC3)n2C)cn1	Dopamine D3 receptor	D3R	Ki	GPCR	train	non-cliff	8.29999	5.012	-0.700011
CHEMBL234_Ki-1152	Cc1cc(-c2ccc3c(c2)CCN(CCSc2nnc(-c4ccc(F)c(F)c4)n2C)CC3)n(C)n1	Dopamine D3 receptor	D3R	Ki	GPCR	train	non-cliff	8.70006	1.995	-0.299943
CHEMBL234_Ki-1153	Cc1ccc2c(-c3nnc(SCCC(C)N4CCc5ccc(-c6cc(C)nn6C)cc5CC4)n3C)cccc2n1	Dopamine D3 receptor	D3R	Ki	GPCR	train	non-cliff	8.79997	1.585	-0.200029
CHEMBL234_Ki-1154	COc1ccccc1N1CCN(CCC(O)CNC(=O)c2ccc3c(c2)Cc2ccccc2-3)CC1	Dopamine D3 receptor	D3R	Ki	GPCR	train	non-cliff	8.88606	1.3	-0.113943
CHEMBL234_Ki-1155	O=C(NCC(O)CCN1CCN(c2cccc(Cl)c2Cl)CC1)c1ccc2c(c1)Cc1ccccc1-2	Dopamine D3 receptor	D3R	Ki	GPCR	test	cliff	8.60206	2.5	-0.39794
CHEMBL234_Ki-1156	O=C(NCC(O)CCN1CCN(c2cccc(Cl)c2Cl)CC1)c1ccc(-c2ccccn2)cc1	Dopamine D3 receptor	D3R	Ki	GPCR	train	cliff	9.30103	0.5	0.30103
CHEMBL234_Ki-1157	CC(=O)OC(CCNC(=O)c1ccc(-c2ccccn2)cc1)CN1CCN(c2cccc(Cl)c2Cl)CC1	Dopamine D3 receptor	D3R	Ki	GPCR	train	non-cliff	7.93181	11.7	-1.06819
CHEMBL234_Ki-1158	COc1ccccc1N1CCN(CC(O)CCNC(=O)c2ccc3c(c2)Cc2ccccc2-3)CC1	Dopamine D3 receptor	D3R	Ki	GPCR	test	non-cliff	8.74473	1.8	-0.255273
CHEMBL234_Ki-1159	COc1ccccc1N1CCN(CC(O)CCNC(=O)c2ccc(-c3ccccn3)cc2)CC1	Dopamine D3 receptor	D3R	Ki	GPCR	train	cliff	8.55284	2.8	-0.447158
CHEMBL234_Ki-1160	O=C(NCCC(O)CN1CCN(c2cccc(Cl)c2Cl)CC1)c1ccc2c(c1)Cc1ccccc1-2	Dopamine D3 receptor	D3R	Ki	GPCR	test	cliff	8.74473	1.8	-0.255273
CHEMBL234_Ki-1161	O=C(NCCC(O)CN1CCN(c2cccc(Cl)c2Cl)CC1)c1ccc(-c2ccccn2)cc1	Dopamine D3 receptor	D3R	Ki	GPCR	train	non-cliff	8.52288	3	-0.477121
CHEMBL234_Ki-1162	COc1ccccc1N1CCN(C/C=C/CNC(=O)c2ccc3c(c2)Cc2ccccc2-3)CC1	Dopamine D3 receptor	D3R	Ki	GPCR	test	cliff	8.18046	6.6	-0.819544
CHEMBL234_Ki-1163	COc1ccccc1N1CCN(C/C=C/CNC(=O)c2ccc(-c3ccccn3)cc2)CC1	Dopamine D3 receptor	D3R	Ki	GPCR	train	cliff	8.5376	2.9	-0.462398
CHEMBL234_Ki-1164	O=C(NC/C=C/C[N+]1([O-])CCN(c2cccc(Cl)c2Cl)CC1)c1ccc(-c2ccccn2)cc1	Dopamine D3 receptor	D3R	Ki	GPCR	test	non-cliff	7.30803	49.2	-1.69197
CHEMBL234_Ki-1165	O=C(NC/C=C/CN1CCN(c2cccc(Cl)c2Cl)CC1)c1ccc(-c2cccc[n+]2[O-])cc1	Dopamine D3 receptor	D3R	Ki	GPCR	train	non-cliff	8.95861	1.1	-0.0413927
CHEMBL234_Ki-1166	Cc1cccnc1-c1ccc(C(=O)NC/C=C/CN2CCN(c3cccc(Cl)c3Cl)CC2)cc1	Dopamine D3 receptor	D3R	Ki	GPCR	test	non-cliff	8.79588	1.6	-0.20412
CHEMBL234_Ki-1167	Cc1cccc(-c2ccc(C(=O)NC/C=C/CN3CCN(c4cccc(Cl)c4Cl)CC3)cc2)n1	Dopamine D3 receptor	D3R	Ki	GPCR	test	non-cliff	8.85387	1.4	-0.146128
CHEMBL234_Ki-1168	O=C(NC/C=C/CN1CCN(c2cccc(Cl)c2Cl)CC1)c1ccc(-c2cccc(=O)[nH]2)cc1	Dopamine D3 receptor	D3R	Ki	GPCR	train	non-cliff	9.22185	0.6	0.221849
CHEMBL234_Ki-1169	COc1ccccc1N1CCN(CCCCNC(=O)c2ccc(-c3ccccn3)cc2)CC1	Dopamine D3 receptor	D3R	Ki	GPCR	test	cliff	9.39794	0.4	0.39794
CHEMBL234_Ki-1170	Cc1ccc2nc(-c3ccc(OCCCCN4CCN(c5cccc(Cl)c5Cl)CC4)cc3)cn2c1	Dopamine D3 receptor	D3R	Ki	GPCR	train	non-cliff	8.09691	8	-0.90309
CHEMBL234_Ki-1171	Cc1cccn2cc(-c3ccc(OCCCCN4CCN(c5cccc(Cl)c5Cl)CC4)cc3)nc12	Dopamine D3 receptor	D3R	Ki	GPCR	train	non-cliff	7.2644	54.4	-1.7356
CHEMBL234_Ki-1172	COc1ccccc1N1CCN(CCCCOc2ccc(-c3cn4cccc(C)c4n3)cc2)CC1	Dopamine D3 receptor	D3R	Ki	GPCR	train	cliff	6.41454	385	-2.58546
CHEMBL234_Ki-1173	COc1ccccc1N1CCN(CCCCOc2ccc(-c3cn4ccc(C)cc4n3)cc2)CC1	Dopamine D3 receptor	D3R	Ki	GPCR	train	cliff	7.39794	40	-1.60206
CHEMBL234_Ki-1174	Cc1ccn2cc(-c3ccc(OCCCCN4CCN(c5cccc(Cl)c5Cl)CC4)cc3)nc2c1	Dopamine D3 receptor	D3R	Ki	GPCR	train	non-cliff	7.22185	60	-1.77815
CHEMBL234_Ki-1175	COc1ccccc1N1CCN(CCCCOc2ccc(-c3cn4cc(C)ccc4n3)cc2)CC1	Dopamine D3 receptor	D3R	Ki	GPCR	train	cliff	6.83565	146	-2.16435
CHEMBL234_Ki-1176	COc1ccccc1N1CCN(CCCOc2ccc(-c3cn4ccccc4n3)cc2)CC1	Dopamine D3 receptor	D3R	Ki	GPCR	train	cliff	8.79588	1.6	-0.20412
CHEMBL234_Ki-1177	Clc1cccc(N2CCN(CCCCOc3ccc(-c4cn5ccccc5n4)cc3)CC2)c1Cl	Dopamine D3 receptor	D3R	Ki	GPCR	train	non-cliff	7.42022	38	-1.57978
CHEMBL234_Ki-1178	COc1ccccc1N1CCN(CCCCOc2ccc(-c3cn4ccccc4n3)cc2)CC1	Dopamine D3 receptor	D3R	Ki	GPCR	train	cliff	9.14267	0.72	0.142668
CHEMBL234_Ki-1179	Cc1cccn2cc(-c3ccc(OCCCN4CCN(c5cccc(Cl)c5Cl)CC4)cc3)nc12	Dopamine D3 receptor	D3R	Ki	GPCR	train	cliff	6.64782	225	-2.35218
CHEMBL234_Ki-1180	COc1ccccc1N1CCN(CCCOc2ccc(-c3cn4cccc(C)c4n3)cc2)CC1	Dopamine D3 receptor	D3R	Ki	GPCR	train	cliff	7.30103	50	-1.69897
CHEMBL234_Ki-1181	Cc1ccn2cc(-c3ccc(OCCCN4CCN(c5cccc(Cl)c5Cl)CC4)cc3)nc2c1	Dopamine D3 receptor	D3R	Ki	GPCR	train	cliff	8.09691	8	-0.90309
CHEMBL234_Ki-1182	COc1ccccc1N1CCN(CCCOc2ccc(-c3cn4ccc(C)cc4n3)cc2)CC1	Dopamine D3 receptor	D3R	Ki	GPCR	test	cliff	7.14874	71	-1.85126
CHEMBL234_Ki-1183	Cc1ccc2nc(-c3ccc(OCCCN4CCN(c5cccc(Cl)c5Cl)CC4)cc3)cn2c1	Dopamine D3 receptor	D3R	Ki	GPCR	train	non-cliff	7.5391	28.9	-1.4609
CHEMBL234_Ki-1184	COc1ccccc1N1CCN(CCCOc2ccc(-c3cn4cc(C)ccc4n3)cc2)CC1	Dopamine D3 receptor	D3R	Ki	GPCR	train	cliff	6.75449	176	-2.24551
CHEMBL234_Ki-1185	Clc1cccc(N2CCN(CCCOc3ccc(-c4cn5ccccc5n4)cc3)CC2)c1Cl	Dopamine D3 receptor	D3R	Ki	GPCR	train	cliff	6.80688	156	-2.19312
CHEMBL234_Ki-1186	CN1CCCc2cc(O)ccc2Cc2ccccc2CC1	Dopamine D3 receptor	D3R	Ki	GPCR	train	cliff	5.21311	6122	-3.78689
CHEMBL234_Ki-1187	COc1cc2c(cc1OC)Cc1ccccc1CCCN(C)CC2	Dopamine D3 receptor	D3R	Ki	GPCR	train	non-cliff	4.82886	14830	-4.17114
CHEMBL234_Ki-1188	CN1CCCc2ccccc2Cc2cc(O)ccc2CC1	Dopamine D3 receptor	D3R	Ki	GPCR	test	non-cliff	6.11014	776	-2.88986
CHEMBL234_Ki-1189	COc1ccc2c(c1)Cc1ccccc1CCCN(C)CC2	Dopamine D3 receptor	D3R	Ki	GPCR	train	cliff	4.62155	23903	-4.37845
CHEMBL234_Ki-1190	Oc1ccc2c(c1)CCCNCCc1ccccc1C2	Dopamine D3 receptor	D3R	Ki	GPCR	train	cliff	5.1614	6896	-3.8386
CHEMBL234_Ki-1191	COc1ccc2c(c1)CCCN(C)CCCc1ccccc1C2	Dopamine D3 receptor	D3R	Ki	GPCR	train	cliff	5.86999	1349	-3.13001
CHEMBL234_Ki-1192	CN1CCCc2ccccc2Cc2ccc(O)cc2CCC1	Dopamine D3 receptor	D3R	Ki	GPCR	test	cliff	5.40187	3964	-3.59813
CHEMBL234_Ki-1193	COc1ccc2c(c1)CCN(C)CCCc1ccccc1C2	Dopamine D3 receptor	D3R	Ki	GPCR	train	cliff	6.29499	507	-2.70501
CHEMBL234_Ki-1194	CN1CCCc2ccccc2Cc2ccc(O)cc2CC1	Dopamine D3 receptor	D3R	Ki	GPCR	train	cliff	7	100	-2
CHEMBL234_Ki-1195	COc1ccc2c(c1)CCCN(C)CCc1ccccc1C2	Dopamine D3 receptor	D3R	Ki	GPCR	test	cliff	5.50362	3136	-3.49638
CHEMBL234_Ki-1196	O=C1c2ccccc2C(=O)N1CCCCN1CC=C(c2c[nH]c3ccc(F)cc23)CC1	Dopamine D3 receptor	D3R	Ki	GPCR	train	non-cliff	9.10002	0.7943	0.100015
CHEMBL234_Ki-1197	CCN1CCCC1CNC(=O)c1cc(S(=O)(=O)CC)c(N)cc1OC	Dopamine D3 receptor	D3R	Ki	GPCR	test	non-cliff	8.40001	3.981	-0.599992
CHEMBL234_Ki-1198	C[C@H]1Oc2c(cccc2N2CCN(CCCc3c[nH]c4ccc(F)cc34)CC2)NC1=O	Dopamine D3 receptor	D3R	Ki	GPCR	train	non-cliff	9.29999	0.5012	0.299989
CHEMBL234_Ki-1199	Fc1ccc(-c2cncc(CN3CCN(c4cccc5c4OCCO5)CC3)c2)cc1	Dopamine D3 receptor	D3R	Ki	GPCR	test	non-cliff	8.40001	3.981	-0.599992
CHEMBL234_Ki-1200	COc1ccc(-c2nnc(SCCCN3CCc4ccc(-c5cc(C)on5)cc4CC3)n2C)cn1	Dopamine D3 receptor	D3R	Ki	GPCR	train	non-cliff	8.59998	2.512	-0.40002
CHEMBL234_Ki-1201	COc1ccc(-c2nnc(SCCCN3CCc4ccc(-c5cc(C)on5)cc4CC3)n2C)cc1	Dopamine D3 receptor	D3R	Ki	GPCR	train	non-cliff	9.40001	0.3981	0.400008
CHEMBL234_Ki-1202	COc1cccc(-c2nnc(SCCCN3CCc4ccc(-c5cc(C)on5)cc4CC3)n2C)c1	Dopamine D3 receptor	D3R	Ki	GPCR	train	non-cliff	9.10002	0.7943	0.100015
CHEMBL234_Ki-1203	COc1ccccc1-c1nnc(SCCCN2CCc3ccc(-c4cc(C)on4)cc3CC2)n1C	Dopamine D3 receptor	D3R	Ki	GPCR	train	non-cliff	8.50004	3.162	-0.499962
CHEMBL234_Ki-1204	Cc1cc(-c2ccc3c(c2)CCN(CCCSc2nnc(C4CCOCC4)n2C)CC3)no1	Dopamine D3 receptor	D3R	Ki	GPCR	test	cliff	8.89997	1.259	-0.100026
CHEMBL234_Ki-1205	Cc1cc(-c2ccc3c(c2)CCN(CCCSc2nnc(C4CCC(C)CC4)n2C)CC3)no1	Dopamine D3 receptor	D3R	Ki	GPCR	train	non-cliff	8.89997	1.259	-0.100026
CHEMBL234_Ki-1206	Cc1cc(-c2ccc3c(c2)CCN(CCCSc2nnc(C4CCCC4)n2C)CC3)no1	Dopamine D3 receptor	D3R	Ki	GPCR	train	cliff	8.70006	1.995	-0.299943
CHEMBL234_Ki-1207	Cc1cc(-c2ccc3c(c2)CCN(CCCSc2nnc(C(C)(C)C)n2C)CC3)no1	Dopamine D3 receptor	D3R	Ki	GPCR	train	non-cliff	8.29999	5.012	-0.700011
CHEMBL234_Ki-1208	Cc1cc(-c2ccc3c(c2)CCN(CCCSc2nnc(C(C)C)n2C)CC3)no1	Dopamine D3 receptor	D3R	Ki	GPCR	train	non-cliff	8	10	-1
CHEMBL234_Ki-1209	Cc1cc(-c2ccc3c(c2)CCN(CCCSc2nnc(C(F)(F)F)n2C)CC3)no1	Dopamine D3 receptor	D3R	Ki	GPCR	test	non-cliff	8	10	-1
CHEMBL234_Ki-1210	Cc1cc(-c2ccc3c(c2)CCN(CCCSc2nnc(C)n2C)CC3)no1	Dopamine D3 receptor	D3R	Ki	GPCR	train	non-cliff	7.40001	39.81	-1.59999
CHEMBL234_Ki-1211	Cc1cc(-c2ccc3c(c2)CCN(CCCSc2nnc(-c4cccc(F)c4)n2C)CC3)no1	Dopamine D3 receptor	D3R	Ki	GPCR	train	cliff	8.79997	1.585	-0.200029
CHEMBL234_Ki-1212	Cc1cc(-c2ccc3c(c2)CCN(CCCSc2nnc(-c4ccc(Cl)c(Cl)c4)n2C)CC3)no1	Dopamine D3 receptor	D3R	Ki	GPCR	train	non-cliff	9	1	-0
CHEMBL234_Ki-1213	Cc1cc(-c2ccc3c(c2)CCN(CCCSc2nnc(-c4ccc(Cl)cc4)n2C)CC3)no1	Dopamine D3 receptor	D3R	Ki	GPCR	train	cliff	9.19997	0.631	0.199971
CHEMBL234_Ki-1214	Cc1cc(-c2ccc3c(c2)CCN(CCCSc2nnc(-c4cccc(Cl)c4)n2C)CC3)no1	Dopamine D3 receptor	D3R	Ki	GPCR	train	cliff	8.79997	1.585	-0.200029
CHEMBL234_Ki-1215	Cc1cc(-c2ccc3c(c2)CCN(CCCSc2nnc(-c4ccccc4Cl)n2C)CC3)no1	Dopamine D3 receptor	D3R	Ki	GPCR	train	cliff	8.59998	2.512	-0.40002
CHEMBL234_Ki-1216	Cc1cc(-c2ccc3c(c2)CCN(CCCSc2nnc(-c4cccn4C)n2C)CC3)no1	Dopamine D3 receptor	D3R	Ki	GPCR	train	cliff	9.10002	0.7943	0.100015
CHEMBL234_Ki-1217	Cc1cc(-c2ccc3c(c2)CCN(CCCSc2nnc(-c4cccs4)n2C)CC3)no1	Dopamine D3 receptor	D3R	Ki	GPCR	train	cliff	8.89997	1.259	-0.100026
CHEMBL234_Ki-1218	Cc1cc(-c2ccc3c(c2)CCN(CCCSc2nnc(-c4ccncc4)n2C)CC3)no1	Dopamine D3 receptor	D3R	Ki	GPCR	train	cliff	7.59998	25.12	-1.40002
CHEMBL234_Ki-1219	Cc1cc(-c2ccc3c(c2)CCN(CCCSc2nnc(-c4ccccn4)n2C)CC3)no1	Dopamine D3 receptor	D3R	Ki	GPCR	train	non-cliff	8.59998	2.512	-0.40002
CHEMBL234_Ki-1220	Cc1ccc(-c2nnc(SCCCN3CCc4ccc(-c5cc(C)on5)cc4CC3)n2C)cc1	Dopamine D3 receptor	D3R	Ki	GPCR	train	non-cliff	8.79997	1.585	-0.200029
CHEMBL234_Ki-1221	Cc1cc(-c2ccc3c(c2)CCN(CCCSc2nnc(-c4ccc(C(F)(F)F)cc4)n2C)CC3)no1	Dopamine D3 receptor	D3R	Ki	GPCR	train	non-cliff	8.50004	3.162	-0.499962
CHEMBL234_Ki-1222	Cc1cc(-c2ccc3c(c2)CCN(CCCSc2nnc(-c4ccc(C#N)cc4)n2C)CC3)no1	Dopamine D3 receptor	D3R	Ki	GPCR	test	non-cliff	8.40001	3.981	-0.599992
CHEMBL234_Ki-1223	Cc1cc(-c2ccc3c(c2)CCN(CCCSc2nnc(-c4ccccc4)n2C)CC3)no1	Dopamine D3 receptor	D3R	Ki	GPCR	test	cliff	8.79997	1.585	-0.200029
CHEMBL234_Ki-1224	Cc1cc(-c2ccc3c(c2)CCN(CCCSc2nnc(-c4ccc5nc(C)c(C)nc5c4)n2C)CC3)no1	Dopamine D3 receptor	D3R	Ki	GPCR	test	non-cliff	8.19997	6.31	-0.800029
CHEMBL234_Ki-1225	Cc1ccc2cc(-c3nnc(SCCCN4CCc5ccc(-c6cc(C)on6)cc5CC4)n3C)ccc2n1	Dopamine D3 receptor	D3R	Ki	GPCR	train	cliff	9	1	-0
CHEMBL234_Ki-1226	Cc1ccc2c(-c3nnc(SCCCN4CCc5ccc(-c6cc(C)on6)cc5CC4)n3C)cccc2n1	Dopamine D3 receptor	D3R	Ki	GPCR	train	cliff	8.70006	1.995	-0.299943
CHEMBL234_Ki-1227	Cc1cnc(-c2ccc3c(c2)CCN(CCCSc2nnc(-c4cccn4C)n2C)CC3)o1	Dopamine D3 receptor	D3R	Ki	GPCR	train	cliff	8.79997	1.585	-0.200029
CHEMBL234_Ki-1228	Cc1cnc(-c2ccc3c(c2)CCN(CCCSc2nnc(-c4ccc5[nH]ccc5c4)n2C)CC3)o1	Dopamine D3 receptor	D3R	Ki	GPCR	train	non-cliff	8.79997	1.585	-0.200029
CHEMBL234_Ki-1229	Cc1cnc(-c2ccc3c(c2)CCN(CCCSc2nnc(-c4cc5ccccc5[nH]4)n2C)CC3)o1	Dopamine D3 receptor	D3R	Ki	GPCR	train	cliff	8.89997	1.259	-0.100026
CHEMBL234_Ki-1230	Cc1cnc(-c2ccc3c(c2)CCN(CCCSc2nnc(-c4cccs4)n2C)CC3)o1	Dopamine D3 receptor	D3R	Ki	GPCR	train	non-cliff	8.50004	3.162	-0.499962
CHEMBL234_Ki-1231	Cc1ccc2c(-c3nnc(SCCCN4CCc5ccc(-c6ncc(C)o6)cc5CC4)n3C)cccc2n1	Dopamine D3 receptor	D3R	Ki	GPCR	train	cliff	8.70006	1.995	-0.299943
CHEMBL234_Ki-1232	O=C1c2ccccc2S(=O)(=O)N1CCCCN1CCN(c2ccccc2)CC1	Dopamine D3 receptor	D3R	Ki	GPCR	train	non-cliff	7.18046	66	-1.81954
CHEMBL234_Ki-1233	COc1ccccc1N1CCN(CCCCN2Cc3ccccc3C2=O)CC1	Dopamine D3 receptor	D3R	Ki	GPCR	test	cliff	7.52288	30	-1.47712
CHEMBL234_Ki-1234	O=C1c2ccccc2CN1CCCCN1CCN(c2cccc(C(F)(F)F)c2)CC1	Dopamine D3 receptor	D3R	Ki	GPCR	train	cliff	7.85387	14	-1.14613
CHEMBL234_Ki-1235	O=C1c2ccccc2CN1CCCCN1CCN(c2ccc(Cl)cc2)CC1	Dopamine D3 receptor	D3R	Ki	GPCR	train	cliff	6.18046	660	-2.81954
CHEMBL234_Ki-1236	O=C1c2ccccc2CN1CCCCN1CCN(c2ccccc2)CC1	Dopamine D3 receptor	D3R	Ki	GPCR	train	cliff	7.44612	35.8	-1.55388
CHEMBL234_Ki-1237	COc1ccccc1N1CCN(CCCCN2C(=O)Cc3ccccc32)CC1	Dopamine D3 receptor	D3R	Ki	GPCR	train	non-cliff	6.70997	195	-2.29003
CHEMBL234_Ki-1238	O=C1Cc2ccccc2N1CCCCN1CCN(c2cccc(C(F)(F)F)c2)CC1	Dopamine D3 receptor	D3R	Ki	GPCR	test	cliff	6.6073	247	-2.3927
CHEMBL234_Ki-1239	O=C1Cc2ccccc2N1CCCCN1CCN(c2ccc(Cl)cc2)CC1	Dopamine D3 receptor	D3R	Ki	GPCR	train	cliff	5.91937	1204	-3.08063
CHEMBL234_Ki-1240	O=C1Cc2ccccc2N1CCCCN1CCN(c2ccccc2)CC1	Dopamine D3 receptor	D3R	Ki	GPCR	train	cliff	7.09691	80	-1.90309
CHEMBL234_Ki-1241	COc1ccccc1N1CCN(CCCCn2cnc3ccccc3c2=O)CC1	Dopamine D3 receptor	D3R	Ki	GPCR	test	cliff	6.51428	306	-2.48572
CHEMBL234_Ki-1242	O=c1c2ccccc2ncn1CCCCN1CCN(c2cccc(C(F)(F)F)c2)CC1	Dopamine D3 receptor	D3R	Ki	GPCR	train	cliff	6.9914	102	-2.0086
CHEMBL234_Ki-1243	O=c1c2ccccc2ncn1CCCCN1CCN(c2ccc(Cl)cc2)CC1	Dopamine D3 receptor	D3R	Ki	GPCR	train	non-cliff	5.74958	1780	-3.25042
CHEMBL234_Ki-1244	O=c1c2ccccc2ncn1CCCCN1CCN(c2ccccc2)CC1	Dopamine D3 receptor	D3R	Ki	GPCR	train	cliff	6.27819	527	-2.72181
CHEMBL234_Ki-1245	COc1ccccc1N1CCN(CCCCN2C(=O)c3ccccc3S2(=O)=O)CC1	Dopamine D3 receptor	D3R	Ki	GPCR	train	non-cliff	6.72816	187	-2.27184
CHEMBL234_Ki-1246	O=C1c2ccccc2S(=O)(=O)N1CCCCN1CCN(c2cccc(C(F)(F)F)c2)CC1	Dopamine D3 receptor	D3R	Ki	GPCR	train	non-cliff	6.97062	107	-2.02938
CHEMBL234_Ki-1247	O=C1c2ccccc2S(=O)(=O)N1CCCCN1CCN(c2ccc(Cl)cc2)CC1	Dopamine D3 receptor	D3R	Ki	GPCR	train	non-cliff	6.54212	287	-2.45788
CHEMBL234_Ki-1248	O=C1c2ccccc2C(=O)N1CCCCN1CCN(C(c2ccccc2)c2ccccc2)CC1	Dopamine D3 receptor	D3R	Ki	GPCR	train	non-cliff	7.32514	47.3	-1.67486
CHEMBL234_Ki-1249	O=C(/C=C/c1ccccc1)NCCCCN1CCc2ccccc2C1	Dopamine D3 receptor	D3R	Ki	GPCR	train	non-cliff	8.05948	8.72	-0.940516
CHEMBL234_Ki-1250	COc1ccccc1NC1CCN(CCCCNC(=O)/C=C/c2ccccc2)CC1	Dopamine D3 receptor	D3R	Ki	GPCR	test	cliff	7.96658	10.8	-1.03342
CHEMBL234_Ki-1251	COc1ccccc1NC1CCN(CCCCNC(=O)c2ccc3ccccc3c2)CC1	Dopamine D3 receptor	D3R	Ki	GPCR	train	cliff	7.73518	18.4	-1.26482
CHEMBL234_Ki-1252	COc1ccccc1N(C(C)=O)C1CCN(CCCCNC(=O)c2ccc3ccccc3c2)CC1	Dopamine D3 receptor	D3R	Ki	GPCR	train	non-cliff	5.63078	2340	-3.36922
CHEMBL234_Ki-1253	O=C(NCCCCN1CCC(N(Cc2ccccc2)c2ccccc2)CC1)c1cc2ccccc2s1	Dopamine D3 receptor	D3R	Ki	GPCR	test	cliff	7.50724	31.1	-1.49276
CHEMBL234_Ki-1254	O=C(NCCCCN1CCC(N(Cc2ccccc2)c2ccccc2)CC1)c1ccc2ccccc2c1	Dopamine D3 receptor	D3R	Ki	GPCR	train	cliff	9.52288	0.3	0.522879
CHEMBL234_Ki-1255	O=C(NCCCCN1CCC(=C2c3ccc(Cl)cc3CCc3cccnc32)CC1)c1cc2ccccc2s1	Dopamine D3 receptor	D3R	Ki	GPCR	test	non-cliff	8.56864	2.7	-0.431364
CHEMBL234_Ki-1256	O=C(NCCCCN1CCC(=C2c3ccc(Cl)cc3CCc3cccnc32)CC1)c1ccc2ccccc2c1	Dopamine D3 receptor	D3R	Ki	GPCR	train	non-cliff	8.22113	6.01	-0.778874
CHEMBL234_Ki-1257	O=C(NCCCCN1CCC(=C2c3ccccc3CC(=O)c3sccc32)CC1)c1ccc2ccccc2c1	Dopamine D3 receptor	D3R	Ki	GPCR	train	non-cliff	7.96257	10.9	-1.03743
CHEMBL234_Ki-1258	O=C1Cc2ccccc2C(=C2CCN(CCCCN3C(=O)c4ccccc4C3=O)CC2)c2ccsc21	Dopamine D3 receptor	D3R	Ki	GPCR	train	non-cliff	7.00393	99.1	-1.99607
CHEMBL234_Ki-1259	O=C(NCCCCN1CCN2c3ccccc3Cc3ccccc3C2C1)c1cccs1	Dopamine D3 receptor	D3R	Ki	GPCR	train	non-cliff	6.30103	500	-2.69897
CHEMBL234_Ki-1260	O=C(/C=C/c1ccccc1)NCCCCN1CCN2c3ccccc3Cc3ccccc3C2C1	Dopamine D3 receptor	D3R	Ki	GPCR	train	non-cliff	7.2993	50.2	-1.7007
CHEMBL234_Ki-1261	O=C1c2ccccc2C(=O)N1CCCCN1CCN2c3ccccc3Cc3ccccc3C2C1	Dopamine D3 receptor	D3R	Ki	GPCR	test	non-cliff	6.30103	500	-2.69897
CHEMBL234_Ki-1262	COc1ccccc1C(c1ccccc1OC)N1CCN(CCCCNC(=O)c2cc3ccccc3s2)CC1	Dopamine D3 receptor	D3R	Ki	GPCR	test	non-cliff	7.64207	22.8	-1.35793
CHEMBL234_Ki-1263	COc1ccccc1C(c1ccccc1OC)N1CCN(CCCCNC(=O)/C=C/c2ccccc2)CC1	Dopamine D3 receptor	D3R	Ki	GPCR	train	non-cliff	7.81816	15.2	-1.18184
CHEMBL234_Ki-1264	COc1ccccc1C(c1ccccc1OC)N1CCN(CCCCNC(=O)c2ccc3ccccc3c2)CC1	Dopamine D3 receptor	D3R	Ki	GPCR	train	non-cliff	7.81816	15.2	-1.18184
CHEMBL234_Ki-1265	COc1ccccc1C(c1ccccc1)N1CCN(CCCCNC(=O)c2cc3ccccc3s2)CC1	Dopamine D3 receptor	D3R	Ki	GPCR	train	non-cliff	8.4437	3.6	-0.556303
CHEMBL234_Ki-1266	O=C(NCCCCN1CCCN(C(c2ccccc2)c2ccccc2)CC1)c1cccs1	Dopamine D3 receptor	D3R	Ki	GPCR	train	cliff	6.46852	340	-2.53148
CHEMBL234_Ki-1267	O=C(NCCCCN1CCCN(C(c2ccccc2)c2ccccc2)CC1)c1cc2ccccc2s1	Dopamine D3 receptor	D3R	Ki	GPCR	test	cliff	7.43297	36.9	-1.56703
CHEMBL234_Ki-1268	O=C(/C=C/c1ccccc1)NCCCCN1CCCN(C(c2ccccc2)c2ccccc2)CC1	Dopamine D3 receptor	D3R	Ki	GPCR	test	cliff	7.38828	40.9	-1.61172
CHEMBL234_Ki-1269	O=C(NCCCCN1CCCN(C(c2ccccc2)c2ccccc2)CC1)c1ccc2ccccc2c1	Dopamine D3 receptor	D3R	Ki	GPCR	train	cliff	7.48678	32.6	-1.51322
CHEMBL234_Ki-1270	O=C(NCCCCN1CCN(C(c2ccccc2)c2ccc(Cl)cc2)CC1)C1CCCCC1	Dopamine D3 receptor	D3R	Ki	GPCR	train	non-cliff	7.91009	12.3	-1.08991
CHEMBL234_Ki-1271	O=C(NCCCCN1CCN(C(c2ccccc2)c2ccc(Cl)cc2)CC1)c1cccs1	Dopamine D3 receptor	D3R	Ki	GPCR	test	non-cliff	7.41005	38.9	-1.58995
CHEMBL234_Ki-1272	O=C(NCCCCN1CCN(C(c2ccccc2)c2ccc(Cl)cc2)CC1)c1cc2ccccc2s1	Dopamine D3 receptor	D3R	Ki	GPCR	train	cliff	7.75203	17.7	-1.24797
CHEMBL234_Ki-1273	O=C(/C=C/c1ccccc1)NCCCCN1CCN(C(c2ccccc2)c2ccc(Cl)cc2)CC1	Dopamine D3 receptor	D3R	Ki	GPCR	test	cliff	8.61979	2.4	-0.380211
CHEMBL234_Ki-1274	O=C(NCCCCN1CCN(C(c2ccccc2)c2ccc(Cl)cc2)CC1)c1ccc2ccccc2c1	Dopamine D3 receptor	D3R	Ki	GPCR	train	cliff	8.54975	2.82	-0.450249
CHEMBL234_Ki-1275	O=C(NCCCCN1CCN(C(c2ccccc2)c2ccccc2)CC1)C1CCCCC1	Dopamine D3 receptor	D3R	Ki	GPCR	train	cliff	7.51999	30.2	-1.48001
CHEMBL234_Ki-1276	O=C(NCCCCN1CCN(C(c2ccccc2)c2ccccc2)CC1)c1cccs1	Dopamine D3 receptor	D3R	Ki	GPCR	train	cliff	7.54668	28.4	-1.45332
CHEMBL234_Ki-1277	O=C(NCCCCN1CCN(C(c2ccccc2)c2ccccc2)CC1)c1cc2ccccc2s1	Dopamine D3 receptor	D3R	Ki	GPCR	train	cliff	7.51856	30.3	-1.48144
CHEMBL234_Ki-1278	O=C(/C=C/c1ccccc1)NCCCCN1CCN(C(c2ccccc2)c2ccccc2)CC1	Dopamine D3 receptor	D3R	Ki	GPCR	train	non-cliff	8.20761	6.2	-0.792392
CHEMBL234_Ki-1279	O=C(NCCCCN1CCN(C(c2ccccc2)c2ccccc2)CC1)c1ccc2ccccc2c1	Dopamine D3 receptor	D3R	Ki	GPCR	test	cliff	7.95468	11.1	-1.04532
CHEMBL234_Ki-1280	O=C1c2ccccc2C(=O)N1CCCCN1CCCN(C(c2ccccc2)c2ccc(Cl)cc2)CC1	Dopamine D3 receptor	D3R	Ki	GPCR	train	non-cliff	7.36754	42.9	-1.63246
CHEMBL234_Ki-1281	O=C1c2ccccc2C(=O)N1CCCCN1CCCN(C(c2ccccc2)c2ccccc2)CC1	Dopamine D3 receptor	D3R	Ki	GPCR	test	non-cliff	6.87615	133	-2.12385
CHEMBL234_Ki-1282	O=C1c2ccccc2C(=O)N1CCCCN1CCN(C(c2ccccc2)c2ccc(Cl)cc2)CC1	Dopamine D3 receptor	D3R	Ki	GPCR	train	non-cliff	7.55284	28	-1.44716
CHEMBL234_Ki-1283	C#Cc1ccc(C(=O)NCCN2CCN(c3cccc(Cl)c3Cl)CC2)cc1	Dopamine D3 receptor	D3R	Ki	GPCR	train	cliff	7.50864	31	-1.49136
CHEMBL234_Ki-1284	C#Cc1cccc(C(=O)NCCCCCN2CCN(c3cccc(Cl)c3Cl)CC2)c1	Dopamine D3 receptor	D3R	Ki	GPCR	train	cliff	8.25181	5.6	-0.748188
CHEMBL234_Ki-1285	C#Cc1ccc(C(=O)NCCCCCN2CCN(c3cccc(Cl)c3Cl)CC2)cc1	Dopamine D3 receptor	D3R	Ki	GPCR	train	cliff	8.82391	1.5	-0.176091
CHEMBL234_Ki-1286	COc1ccccc1N1CCN(CCCCCNC(=O)c2cccc(C#Cc3ccccc3)c2)CC1	Dopamine D3 receptor	D3R	Ki	GPCR	test	cliff	7.4318	37	-1.5682
CHEMBL234_Ki-1287	O=C(NCCCCN1CCN(c2cccc(Cl)c2Cl)CC1)c1cccc(C#Cc2ccccc2)c1	Dopamine D3 receptor	D3R	Ki	GPCR	test	non-cliff	8.12494	7.5	-0.875061
CHEMBL234_Ki-1288	C#Cc1cccc(C(=O)NCCCCN2CCN(c3cccc(Cl)c3Cl)CC2)c1	Dopamine D3 receptor	D3R	Ki	GPCR	train	cliff	9.08092	0.83	0.0809219
CHEMBL234_Ki-1289	O=C(NCCCCN1CCN(c2cccc(Cl)c2Cl)CC1)c1ccc(C#Cc2ccccc2)cc1	Dopamine D3 receptor	D3R	Ki	GPCR	train	cliff	8.49485	3.2	-0.50515
CHEMBL234_Ki-1290	C#Cc1ccc(C(=O)NCCCCN2CCN(c3cccc(Cl)c3Cl)CC2)cc1	Dopamine D3 receptor	D3R	Ki	GPCR	train	cliff	9.50864	0.31	0.508638
CHEMBL234_Ki-1291	COc1ccccc1N1CCN(CCCCNC(=O)c2cccc(C#Cc3ccccc3)c2)CC1	Dopamine D3 receptor	D3R	Ki	GPCR	test	cliff	7.65758	22	-1.34242
CHEMBL234_Ki-1292	C#Cc1cccc(C(=O)NCCCCN2CCN(c3ccccc3OC)CC2)c1	Dopamine D3 receptor	D3R	Ki	GPCR	test	cliff	8.20761	6.2	-0.792392
CHEMBL234_Ki-1293	COc1ccccc1N1CCN(CCCCNC(=O)c2ccc(C#Cc3ccccc3)cc2)CC1	Dopamine D3 receptor	D3R	Ki	GPCR	train	cliff	8	10	-1
CHEMBL234_Ki-1294	C#Cc1ccc(C(=O)NCCCCN2CCN(c3ccccc3OC)CC2)cc1	Dopamine D3 receptor	D3R	Ki	GPCR	train	non-cliff	9	1	-0
CHEMBL234_Ki-1295	O=C(NCCN1CCN(c2cccc(Cl)c2Cl)CC1)c1cccc(C#Cc2ccccc2)c1	Dopamine D3 receptor	D3R	Ki	GPCR	train	cliff	7.16749	68	-1.83251
CHEMBL234_Ki-1296	C#Cc1cccc(C(=O)NCCN2CCN(c3cccc(Cl)c3Cl)CC2)c1	Dopamine D3 receptor	D3R	Ki	GPCR	test	cliff	7.30103	50	-1.69897
CHEMBL234_Ki-1297	O=C(NCCN1CCN(c2cccc(Cl)c2Cl)CC1)c1ccc(C#Cc2ccccc2)cc1	Dopamine D3 receptor	D3R	Ki	GPCR	train	cliff	7.5376	29	-1.4624
CHEMBL234_Ki-1298	OC1(c2ccccc2Cl)CCN(Cc2c[nH]c3ccccc23)CC1	Dopamine D3 receptor	D3R	Ki	GPCR	train	non-cliff	5.73049	1860	-3.26951
CHEMBL234_Ki-1299	COc1ccc2[nH]cc(CN3CCC(O)(c4ccc(SC)cc4)CC3)c2c1	Dopamine D3 receptor	D3R	Ki	GPCR	test	non-cliff	6.23657	580	-2.76343
CHEMBL234_Ki-1300	CSc1ccc(C2(O)CCN(Cc3c[nH]c4ccccc34)CC2)cc1	Dopamine D3 receptor	D3R	Ki	GPCR	train	cliff	6.19518	638	-2.80482
CHEMBL234_Ki-1301	CCCCCCn1cc(CN2CCC(O)(c3ccc(Cl)cc3)CC2)c2ccccc21	Dopamine D3 receptor	D3R	Ki	GPCR	train	non-cliff	6.31158	488	-2.68842
CHEMBL234_Ki-1302	Cn1cc(CN2CCC(O)(c3ccc(Cl)cc3)CC2)c2ccccc21	Dopamine D3 receptor	D3R	Ki	GPCR	train	non-cliff	6.62342	238	-2.37658
CHEMBL234_Ki-1303	CSc1ccc(C2(O)CCN(Cc3coc4ccccc34)CC2)cc1	Dopamine D3 receptor	D3R	Ki	GPCR	train	cliff	6.85699	139	-2.14301
CHEMBL234_Ki-1304	OC1(c2ccc(Cl)cc2)CCN(Cc2coc3ccccc23)CC1	Dopamine D3 receptor	D3R	Ki	GPCR	train	cliff	7.27572	53	-1.72428
CHEMBL234_Ki-1305	OC1(c2ccc(Cl)c(Cl)c2)CCN(Cc2coc3ccccc23)CC1	Dopamine D3 receptor	D3R	Ki	GPCR	train	non-cliff	7.55284	28	-1.44716
CHEMBL234_Ki-1306	OC1(c2ccc(Cl)cc2)CCN(Cc2n[nH]c3ccccc23)CC1	Dopamine D3 receptor	D3R	Ki	GPCR	train	cliff	6.35655	440	-2.64345
CHEMBL234_Ki-1307	OC1(c2ccc(Cl)c(Cl)c2)CCN(Cc2n[nH]c3ccccc23)CC1	Dopamine D3 receptor	D3R	Ki	GPCR	train	non-cliff	6.80688	156	-2.19312
CHEMBL234_Ki-1308	Cc1[nH]c2ccccc2c1CN1CCC(O)(c2ccc(Cl)cc2)CC1	Dopamine D3 receptor	D3R	Ki	GPCR	train	non-cliff	7.35556	44.1	-1.64444
CHEMBL234_Ki-1309	C=CCOC1(c2ccc(Cl)cc2)CCN(Cc2c[nH]c3ccccc23)CC1	Dopamine D3 receptor	D3R	Ki	GPCR	train	non-cliff	6.14388	718	-2.85612
CHEMBL234_Ki-1310	COC1(c2ccc(Cl)cc2)CCN(Cc2c[nH]c3ccccc23)CC1	Dopamine D3 receptor	D3R	Ki	GPCR	train	cliff	6.5817	262	-2.4183
CHEMBL234_Ki-1311	OCC1(c2ccc(Cl)cc2)CCN(Cc2c[nH]c3ccccc23)CC1	Dopamine D3 receptor	D3R	Ki	GPCR	train	cliff	6.97469	106	-2.02531
CHEMBL234_Ki-1312	CC(=O)NCC1(c2ccc(Cl)cc2)CCN(Cc2c[nH]c3ccccc23)CC1	Dopamine D3 receptor	D3R	Ki	GPCR	test	cliff	4.90309	12500	-4.09691
CHEMBL234_Ki-1313	CCOC(=O)C1(c2ccc(Cl)cc2)CCN(Cc2c[nH]c3ccccc23)CC1	Dopamine D3 receptor	D3R	Ki	GPCR	train	cliff	6.14026	724	-2.85974
CHEMBL234_Ki-1314	COC(=O)C1(c2ccc(Cl)cc2)CCN(Cc2c[nH]c3ccccc23)CC1	Dopamine D3 receptor	D3R	Ki	GPCR	train	cliff	6.2644	544	-2.7356
CHEMBL234_Ki-1315	N#CC1(c2ccc(Cl)cc2)CCN(Cc2c[nH]c3ccccc23)CC1	Dopamine D3 receptor	D3R	Ki	GPCR	train	non-cliff	6.16494	684	-2.83506
CHEMBL234_Ki-1316	FC1(c2ccc(Cl)cc2)CCN(Cc2c[nH]c3ccccc23)CC1	Dopamine D3 receptor	D3R	Ki	GPCR	train	cliff	6.67572	211	-2.32428
CHEMBL234_Ki-1317	CC(=O)NC1(c2ccc(Cl)cc2)CCN(Cc2c[nH]c3ccccc23)CC1	Dopamine D3 receptor	D3R	Ki	GPCR	train	cliff	6.71444	193	-2.28556
CHEMBL234_Ki-1318	NC1(c2ccc(Cl)cc2)CCN(Cc2c[nH]c3ccccc23)CC1	Dopamine D3 receptor	D3R	Ki	GPCR	train	cliff	6.41794	382	-2.58206
CHEMBL234_Ki-1319	CC1(c2ccc(Cl)cc2)CCN(Cc2c[nH]c3ccccc23)CC1	Dopamine D3 receptor	D3R	Ki	GPCR	train	cliff	5.67778	2100	-3.32222
CHEMBL234_Ki-1320	OC1(c2ccc(Cl)cc2)CCCN(Cc2c[nH]c3ccccc23)C1	Dopamine D3 receptor	D3R	Ki	GPCR	train	cliff	5.36957	4270	-3.63043
CHEMBL234_Ki-1321	OC1(Cc2ccc(Cl)cc2)CCN(Cc2c[nH]c3ccccc23)CC1	Dopamine D3 receptor	D3R	Ki	GPCR	train	cliff	5.26122	5480	-3.73878
CHEMBL234_Ki-1322	OC1(c2ccc(Cl)cc2)CCCN(Cc2c[nH]c3ccccc23)CC1	Dopamine D3 receptor	D3R	Ki	GPCR	train	cliff	5.67778	2100	-3.32222
CHEMBL234_Ki-1323	OC1(c2ccc(-c3ccccc3)cc2)CCN(Cc2c[nH]c3ccccc23)CC1	Dopamine D3 receptor	D3R	Ki	GPCR	train	non-cliff	6.33068	467	-2.66932
CHEMBL234_Ki-1324	CCCCCCOc1ccc(C2(O)CCN(Cc3c[nH]c4ccccc34)CC2)cc1	Dopamine D3 receptor	D3R	Ki	GPCR	train	non-cliff	5.70997	1950	-3.29003
CHEMBL234_Ki-1325	COc1ccc(C2(O)CCN(Cc3c[nH]c4ccccc34)CC2)cc1	Dopamine D3 receptor	D3R	Ki	GPCR	train	cliff	5.67162	2130	-3.32838
CHEMBL234_Ki-1326	Oc1ccc(C2(O)CCN(Cc3c[nH]c4ccccc34)CC2)cc1	Dopamine D3 receptor	D3R	Ki	GPCR	train	cliff	4.77469	16800	-4.22531
CHEMBL234_Ki-1327	OC1(c2ccc(F)cc2)CCN(Cc2c[nH]c3ccccc23)CC1	Dopamine D3 receptor	D3R	Ki	GPCR	train	cliff	6.3098	490	-2.6902
CHEMBL234_Ki-1328	OC1(c2cccc(C(F)(F)F)c2)CCN(Cc2c[nH]c3ccccc23)CC1	Dopamine D3 receptor	D3R	Ki	GPCR	train	non-cliff	6.24413	570	-2.75587
CHEMBL234_Ki-1329	OC1(c2ccc(Cl)c(Cl)c2)CCN(Cc2c[nH]c3ccccc23)CC1	Dopamine D3 receptor	D3R	Ki	GPCR	train	non-cliff	6.95468	111	-2.04532
CHEMBL234_Ki-1330	OC1(c2cccc(Cl)c2)CCN(Cc2c[nH]c3ccccc23)CC1	Dopamine D3 receptor	D3R	Ki	GPCR	test	cliff	6.34679	450	-2.65321
CHEMBL234_Ki-1331	OC1(c2cccc(Cl)c2Cl)CCN(Cc2c[nH]c3ccccc23)CC1	Dopamine D3 receptor	D3R	Ki	GPCR	train	non-cliff	6.56384	273	-2.43616
CHEMBL234_Ki-1332	Cc1ccc2c(OCCN3CCC(Cc4ccc5c(c4F)NC(=O)CO5)CC3)cc(F)cc2n1	Dopamine D3 receptor	D3R	Ki	GPCR	train	non-cliff	6.1	794.33	-2.9
CHEMBL234_Ki-1333	Cc1ccc2c(OCCN3CCC(Cc4cc(F)c5c(c4)NC(=O)CO5)CC3)cc(Cl)cc2n1	Dopamine D3 receptor	D3R	Ki	GPCR	train	non-cliff	5.9	1258.93	-3.1
CHEMBL234_Ki-1334	Cc1ccc2c(OCCN3CCC(Cc4cc(F)c5c(c4)NC(=O)CO5)CC3)cc(F)cc2n1	Dopamine D3 receptor	D3R	Ki	GPCR	train	non-cliff	5.4	3981.07	-3.6
CHEMBL234_Ki-1335	Cc1ccc2c(OCCN3CCC(Cc4cc5c(cc4F)OCC(=O)N5)CC3)cc(Cl)cc2n1	Dopamine D3 receptor	D3R	Ki	GPCR	train	non-cliff	5.7	1995.26	-3.3
CHEMBL234_Ki-1336	Cc1ccc2c(OCCN3CCC(Cc4cc5c(cc4F)OCC(=O)N5)CC3)cc(F)cc2n1	Dopamine D3 receptor	D3R	Ki	GPCR	train	non-cliff	6.3	501.19	-2.7
CHEMBL234_Ki-1337	Cc1ccc2c(OCCN3CCC(Cc4ccc5c(c4F)NC(=O)CO5)CC3)cc(Cl)cc2n1	Dopamine D3 receptor	D3R	Ki	GPCR	train	non-cliff	6	1000	-3
CHEMBL234_Ki-1338	Cc1ccc2c(OCCN3CCC(Cc4ccc5c(c4)NC(=O)CO5)CC3)cccc2n1	Dopamine D3 receptor	D3R	Ki	GPCR	train	non-cliff	6.2	630.96	-2.8
CHEMBL234_Ki-1339	COc1ccc2c(c1)c1c(n2C)Cc2ccccc2CCN(C)CC1	Dopamine D3 receptor	D3R	Ki	GPCR	test	non-cliff	8.42251	3.78	-0.577492
CHEMBL234_Ki-1340	CN1CCc2cc(O)ccc2Cc2[nH]c3ccccc3c2CC1	Dopamine D3 receptor	D3R	Ki	GPCR	train	cliff	5.68403	2070	-3.31597
CHEMBL234_Ki-1341	COc1ccc2c(c1)CCN(C)CCc1c([nH]c3ccccc13)C2	Dopamine D3 receptor	D3R	Ki	GPCR	train	non-cliff	5.945	1135	-3.055
CHEMBL234_Ki-1342	CN1CCc2ccccc2Cc2[nH]c3ccc(O)cc3c2CC1	Dopamine D3 receptor	D3R	Ki	GPCR	test	cliff	6.02503	944	-2.97497
CHEMBL234_Ki-1343	COc1ccc2[nH]c3c(c2c1)CCN(C)CCc1ccccc1C3	Dopamine D3 receptor	D3R	Ki	GPCR	train	non-cliff	6.32331	475	-2.67669
CHEMBL234_Ki-1344	C=CCN1CCC[C@H]1CNC(=O)c1cc(CCCF)cc(OC)c1OC	Dopamine D3 receptor	D3R	Ki	GPCR	test	cliff	8.79588	1.6	-0.20412
CHEMBL234_Ki-1345	C=CCN1CCC[C@H]1CNC(=O)c1cc(Br)ccc1OC	Dopamine D3 receptor	D3R	Ki	GPCR	train	cliff	7.65758	22	-1.34242
CHEMBL234_Ki-1346	C=CCN1CCC[C@H]1CNC(=O)c1cc(Br)cc(OC)c1OC	Dopamine D3 receptor	D3R	Ki	GPCR	train	cliff	9.22185	0.6	0.221849
CHEMBL234_Ki-1347	C=CCN1CCC[C@H]1CNC(=O)c1cc(I)ccc1OC	Dopamine D3 receptor	D3R	Ki	GPCR	test	non-cliff	7.95861	11	-1.04139
CHEMBL234_Ki-1348	C=CCN1CCC[C@H]1CNC(=O)c1cc(I)cc(OC)c1OC	Dopamine D3 receptor	D3R	Ki	GPCR	train	non-cliff	9.33724	0.46	0.337242
CHEMBL234_Ki-1349	CCN1CCC[C@H]1CNC(=O)c1c(O)c(Br)cc(OC)c1OC	Dopamine D3 receptor	D3R	Ki	GPCR	train	cliff	9.37675	0.42	0.376751
CHEMBL234_Ki-1350	CCN1CCC[C@H]1CNC(=O)c1c(OC)ccc(I)c1O	Dopamine D3 receptor	D3R	Ki	GPCR	train	non-cliff	8.37675	4.2	-0.623249
CHEMBL234_Ki-1351	C=CCN1CCC[C@H]1CNC(=O)c1cc(CCCF)ccc1OC	Dopamine D3 receptor	D3R	Ki	GPCR	train	cliff	7.48149	33	-1.51851
CHEMBL234_Ki-1352	CCCN(CCN1CCN(c2cccc(Cl)c2Cl)CC1)C1CCc2c(O)cccc2C1	Dopamine D3 receptor	D3R	Ki	GPCR	test	non-cliff	9.34679	0.45	0.346787
CHEMBL234_Ki-1353	CCCN(CCN1CCN(c2ccccc2OC)CC1)C1CCc2c(O)cccc2C1	Dopamine D3 receptor	D3R	Ki	GPCR	train	non-cliff	8.13352	7.35333	-0.866484
CHEMBL234_Ki-1354	CCCN(CCN1CCN(c2ccccc2)CC1)C1CCc2ccc3c(c2C1)CC(=O)N3	Dopamine D3 receptor	D3R	Ki	GPCR	train	non-cliff	7.96257	10.9	-1.03743
CHEMBL234_Ki-1355	CCCN(CCN1CCN(c2ccccc2)CC1)C1CCc2ccc(N)cc2C1	Dopamine D3 receptor	D3R	Ki	GPCR	train	cliff	7.65365	22.2	-1.34635
CHEMBL234_Ki-1356	CCCN(CCCCN1CCN(c2ccccc2)CC1)C1CCc2cc(O)c(O)cc2C1	Dopamine D3 receptor	D3R	Ki	GPCR	train	non-cliff	8.5391	2.89	-0.460898
CHEMBL234_Ki-1357	CCCN(CCN1CCN(c2ccccc2)CC1)C1CCc2cc(O)c(O)cc2C1	Dopamine D3 receptor	D3R	Ki	GPCR	train	cliff	8.85699	1.39	-0.143015
CHEMBL234_Ki-1358	Oc1ccc2c(c1)CC(N(CCc1cccs1)CCN1CCN(c3ccccc3)CC1)CC2	Dopamine D3 receptor	D3R	Ki	GPCR	train	non-cliff	7.6216	23.9	-1.3784
CHEMBL234_Ki-1359	CCCN(CCCN1CCN(c2ccccc2)CC1)C1CCc2ccc(O)cc2C1	Dopamine D3 receptor	D3R	Ki	GPCR	train	cliff	7.98716	10.3	-1.01284
CHEMBL234_Ki-1360	CCCN(CCN1CCN(c2ccccc2)CC1)C1CCc2cc(O)ccc2C1	Dopamine D3 receptor	D3R	Ki	GPCR	train	cliff	7.95078	11.2	-1.04922
CHEMBL234_Ki-1361	COc1cc(CN2CCN(c3ccccc3OC)CC2)ccc1OCCF	Dopamine D3 receptor	D3R	Ki	GPCR	train	non-cliff	5.95861	1100	-3.04139
CHEMBL234_Ki-1362	COc1cc(CN2CCN(c3ccc(Cl)cc3)CC2)c(OCCF)cc1OC	Dopamine D3 receptor	D3R	Ki	GPCR	test	non-cliff	5.40894	3900	-3.59106
CHEMBL234_Ki-1363	FCCOc1cccc(CN2CCN(c3ccc(Cl)cc3)CC2)c1	Dopamine D3 receptor	D3R	Ki	GPCR	test	non-cliff	5.95861	1100	-3.04139
CHEMBL234_Ki-1364	FCCOc1ccc(CN2CCN(c3ccc(Cl)cc3)CC2)cc1	Dopamine D3 receptor	D3R	Ki	GPCR	train	non-cliff	5.95861	1100	-3.04139
CHEMBL234_Ki-1365	COc1cc(CN2CCN(c3ccc(Cl)cc3)CC2)ccc1OCCF	Dopamine D3 receptor	D3R	Ki	GPCR	train	non-cliff	5.3098	4900	-3.6902
CHEMBL234_Ki-1366	COc1cc(CN2CCN(c3ccccc3OC)CC2)c(OCCF)cc1OC	Dopamine D3 receptor	D3R	Ki	GPCR	train	non-cliff	6.48149	330	-2.51851
CHEMBL234_Ki-1367	COc1ccccc1N1CCN(Cc2cccc(OCCF)c2)CC1	Dopamine D3 receptor	D3R	Ki	GPCR	train	non-cliff	6.56864	270	-2.43136
CHEMBL234_Ki-1368	COc1ccccc1N1CCN(Cc2ccc(OCCF)cc2)CC1	Dopamine D3 receptor	D3R	Ki	GPCR	train	non-cliff	7.11351	77	-1.88649
CHEMBL234_Ki-1369	Cc1cc(-c2nc3c4c(ccc3o2)CCN(CCCSc2nnc(-c3ocnc3C)n2C)CC4)n(C)n1	Dopamine D3 receptor	D3R	Ki	GPCR	train	non-cliff	7.59998	25.12	-1.40002
CHEMBL234_Ki-1370	Cc1ccc2c(-c3nnc(SCCCN4CCc5ccc6oc(-c7cc(C)nn7C)nc6c5CC4)n3C)cccc2n1	Dopamine D3 receptor	D3R	Ki	GPCR	train	non-cliff	8.40001	3.981	-0.599992
CHEMBL234_Ki-1371	Cc1ccc2c(-c3nnc(SCCCN4CCc5c(Cl)cc6oc(C)nc6c5CC4)n3C)cccc2n1	Dopamine D3 receptor	D3R	Ki	GPCR	train	non-cliff	6.5	316.23	-2.5
CHEMBL234_Ki-1372	Cc1nc(C)c(-c2nnc(SCCCN3CCc4ccc5oc(C(F)(F)F)nc5c4CC3)n2C)s1	Dopamine D3 receptor	D3R	Ki	GPCR	train	non-cliff	8.29999	5.012	-0.700011
CHEMBL234_Ki-1373	Cn1c(SCCCN2CCc3ccc4oc(C(F)(F)F)nc4c3CC2)nnc1-c1ccccc1	Dopamine D3 receptor	D3R	Ki	GPCR	train	non-cliff	8.50004	3.162	-0.499962
CHEMBL234_Ki-1374	Cc1ncccc1-c1nnc(SCCCN2CCc3ccc4oc(C(F)(F)F)nc4c3CC2)n1C	Dopamine D3 receptor	D3R	Ki	GPCR	train	cliff	7.79997	15.85	-1.20003
CHEMBL234_Ki-1375	Cc1ccc(-c2nnc(SCCCN3CCc4ccc5oc(C(F)(F)F)nc5c4CC3)n2C)cn1	Dopamine D3 receptor	D3R	Ki	GPCR	train	non-cliff	8.40001	3.981	-0.599992
CHEMBL234_Ki-1376	Cc1cnc(-c2nnc(SCCCN3CCc4ccc5oc(C(F)(F)F)nc5c4CC3)n2C)cn1	Dopamine D3 receptor	D3R	Ki	GPCR	train	non-cliff	8.19997	6.31	-0.800029
CHEMBL234_Ki-1377	Cc1ncoc1-c1nnc(SCCCN2CCc3ccc4oc(C(F)(F)C(F)(F)F)nc4c3CC2)n1C	Dopamine D3 receptor	D3R	Ki	GPCR	train	non-cliff	9.10002	0.7943	0.100015
CHEMBL234_Ki-1378	Cc1ccc2c(-c3nnc(SCCCN4CCc5ccc6oc(C(F)(F)C(F)(F)F)nc6c5CC4)n3C)cccc2n1	Dopamine D3 receptor	D3R	Ki	GPCR	train	non-cliff	9	1	-0
CHEMBL234_Ki-1379	Cc1ncoc1-c1nnc(SCCCN2CCc3ccc4oc(C(C)(F)F)nc4c3CC2)n1C	Dopamine D3 receptor	D3R	Ki	GPCR	train	cliff	9.10002	0.7943	0.100015
CHEMBL234_Ki-1380	Cc1ncoc1-c1nnc(SCCCN2CCc3ccc4oc(C(F)(F)F)nc4c3CC2)n1C	Dopamine D3 receptor	D3R	Ki	GPCR	train	cliff	8.79997	1.585	-0.200029
CHEMBL234_Ki-1381	Cc1ccc2c(-c3nnc(SCCCN4CCc5ccc6oc(C(F)(F)F)nc6c5CC4)n3C)cccc2n1	Dopamine D3 receptor	D3R	Ki	GPCR	train	cliff	8.40001	3.981	-0.599992
CHEMBL234_Ki-1382	CCc1nc2c3c(ccc2o1)CCN(CCCSc1nnc(-c2ocnc2C)n1C)CC3	Dopamine D3 receptor	D3R	Ki	GPCR	train	cliff	7.89997	12.59	-1.10003
CHEMBL234_Ki-1383	CCc1nc2c3c(ccc2o1)CCN(CCCSc1nnc(-c2cccc4nc(C)ccc24)n1C)CC3	Dopamine D3 receptor	D3R	Ki	GPCR	train	cliff	8.10002	7.943	-0.899985
CHEMBL234_Ki-1384	Cc1nc2c3c(ccc2o1)CCN(CCCSc1nnc(-c2ocnc2C)n1C)CC3	Dopamine D3 receptor	D3R	Ki	GPCR	train	cliff	7	100	-2
CHEMBL234_Ki-1385	Cc1ccc2c(-c3nnc(SCCCN4CCc5ccc6oc(C)nc6c5CC4)n3C)cccc2n1	Dopamine D3 receptor	D3R	Ki	GPCR	train	non-cliff	7.19997	63.1	-1.80003
CHEMBL234_Ki-1386	Cc1ncoc1-c1nnc(SCCCN2CCc3nc4ccc(C(F)(F)F)cn4c3CC2)n1C	Dopamine D3 receptor	D3R	Ki	GPCR	train	non-cliff	6.4	398.11	-2.6
CHEMBL234_Ki-1387	Cc1ccc2c(-c3nnc(SCCCN4CCc5nc6ccc(C(F)(F)F)cn6c5CC4)n3C)cccc2n1	Dopamine D3 receptor	D3R	Ki	GPCR	train	cliff	6.8	158.49	-2.2
CHEMBL234_Ki-1388	Cc1ncoc1-c1nnc(SCCCN2CCc3nc4cc(C(F)(F)F)ccn4c3CC2)n1C	Dopamine D3 receptor	D3R	Ki	GPCR	train	cliff	6.69999	199.53	-2.30001
CHEMBL234_Ki-1389	Cc1ccc2c(-c3nnc(SCCCN4CCc5nc6cc(C(F)(F)F)ccn6c5CC4)n3C)cccc2n1	Dopamine D3 receptor	D3R	Ki	GPCR	test	cliff	6.6	251.19	-2.4
CHEMBL234_Ki-1390	Cc1ccn2c3c(nc2c1)CCN(CCCSc1nnc(-c2cccc4nc(C)ccc24)n1C)CC3	Dopamine D3 receptor	D3R	Ki	GPCR	test	cliff	6.8	158.49	-2.2
CHEMBL234_Ki-1391	CCc1nc2ccc3c(c2s1)CCN(CCCSc1nnc(-c2ocnc2C)n1C)CC3	Dopamine D3 receptor	D3R	Ki	GPCR	train	cliff	8.19997	6.31	-0.800029
CHEMBL234_Ki-1392	CCc1nc2ccc3c(c2s1)CCN(CCCSc1nnc(-c2cccc4nc(C)ccc24)n1C)CC3	Dopamine D3 receptor	D3R	Ki	GPCR	test	cliff	8.70006	1.995	-0.299943
CHEMBL234_Ki-1393	Cc1ccc2c(-c3nnc(SCCCN4CCc5ccc6nc(C)sc6c5CC4)n3C)cccc2n1	Dopamine D3 receptor	D3R	Ki	GPCR	train	non-cliff	7.50004	31.62	-1.49996
CHEMBL234_Ki-1394	Cc1cnc(-c2nnc(SCCCN3CCc4ccc5c(C)noc5c4CC3)n2C)cn1	Dopamine D3 receptor	D3R	Ki	GPCR	train	non-cliff	6.1	794.33	-2.9
CHEMBL234_Ki-1395	Cc1ncoc1-c1nnc(SCCCN2CCc3ccc4nc(C(C)(F)F)oc4c3CC2)n1C	Dopamine D3 receptor	D3R	Ki	GPCR	test	non-cliff	8.59998	2.512	-0.40002
CHEMBL234_Ki-1396	Cc1ccc2c(-c3nnc(SCCCN4CCc5ccc6nc(C(C)(F)F)oc6c5CC4)n3C)cccc2n1	Dopamine D3 receptor	D3R	Ki	GPCR	train	cliff	8.70006	1.995	-0.299943
CHEMBL234_Ki-1397	Cc1ncoc1-c1nnc(SCCCN2CCc3ccc4nc(C(F)(F)F)oc4c3CC2)n1C	Dopamine D3 receptor	D3R	Ki	GPCR	train	cliff	7.70006	19.95	-1.29994
CHEMBL234_Ki-1398	Cc1ccc2c(-c3nnc(SCCCN4CCc5ccc6nc(C(F)(F)F)oc6c5CC4)n3C)cccc2n1	Dopamine D3 receptor	D3R	Ki	GPCR	train	cliff	8.29999	5.012	-0.700011
CHEMBL234_Ki-1399	Cc1ccc2c(-c3nnc(SCCCN4CCc5cc6c(cc5CC4)OCC(=O)N6)n3C)cccc2n1	Dopamine D3 receptor	D3R	Ki	GPCR	train	cliff	6.6	251.19	-2.4
CHEMBL234_Ki-1400	Cc1ccc2c(-c3nnc(SCCCN4CCc5cc6c(cc5CC4)OCCN6)n3C)cccc2n1	Dopamine D3 receptor	D3R	Ki	GPCR	train	cliff	8.10002	7.943	-0.899985
CHEMBL234_Ki-1401	CC(=O)N1CCOc2cc3c(cc21)CCN(CCCSc1nnc(-c2cccc4nc(C)ccc24)n1C)CC3	Dopamine D3 receptor	D3R	Ki	GPCR	train	non-cliff	6.8	158.49	-2.2
CHEMBL234_Ki-1402	Cc1ccc2c(-c3nnc(SCCCN4CCc5cc6c(cc5CC4)N(S(C)(=O)=O)CCO6)n3C)cccc2n1	Dopamine D3 receptor	D3R	Ki	GPCR	train	non-cliff	7.89997	12.59	-1.10003
CHEMBL234_Ki-1403	Cc1ncoc1-c1nnc(SCCCN2CCc3cc4c(cc3CC2)N(C)C(=O)CO4)n1C	Dopamine D3 receptor	D3R	Ki	GPCR	train	cliff	7.19997	63.1	-1.80003
CHEMBL234_Ki-1404	Cc1ccc2c(-c3nnc(SCCCN4CCc5cc6c(cc5CC4)N(C)C(=O)CO6)n3C)cccc2n1	Dopamine D3 receptor	D3R	Ki	GPCR	train	non-cliff	7.40001	39.81	-1.59999
CHEMBL234_Ki-1405	Cc1ncoc1-c1nnc(SCCCN2CCc3cc4c(cc3CC2)OCC(=O)N4)n1C	Dopamine D3 receptor	D3R	Ki	GPCR	train	cliff	5.6	2511.89	-3.4
CHEMBL234_Ki-1406	Cc1noc2cc3c(cc12)CCN(CCCSc1nnc(-c2ccc(C(F)(F)F)cc2)n1C)CC3	Dopamine D3 receptor	D3R	Ki	GPCR	train	non-cliff	7.89997	12.59	-1.10003
CHEMBL234_Ki-1407	CCc1noc2cc3c(cc12)CCN(CCCSc1nnc(-c2cccc4nc(C)ccc24)n1C)CC3	Dopamine D3 receptor	D3R	Ki	GPCR	train	cliff	7.59998	25.12	-1.40002
CHEMBL234_Ki-1408	Cc1ncoc1-c1nnc(SCCCN2CCc3cc4onc(C)c4cc3CC2)n1C	Dopamine D3 receptor	D3R	Ki	GPCR	train	non-cliff	6.8	158.49	-2.2
CHEMBL234_Ki-1409	Cc1ccc2c(-c3nnc(SCCCN4CCc5cc6onc(C)c6cc5CC4)n3C)cccc2n1	Dopamine D3 receptor	D3R	Ki	GPCR	train	non-cliff	7.70006	19.95	-1.29994
CHEMBL234_Ki-1410	Cc1cc(-c2nc3cc4c(cc3o2)CCN(CCCSc2nnc(-c3ocnc3C)n2C)CC4)n(C)n1	Dopamine D3 receptor	D3R	Ki	GPCR	train	non-cliff	8.40001	3.981	-0.599992
CHEMBL234_Ki-1411	Cc1ccc2c(-c3nnc(SCCCN4CCc5cc6nc(-c7cc(C)nn7C)oc6cc5CC4)n3C)cccc2n1	Dopamine D3 receptor	D3R	Ki	GPCR	train	non-cliff	8.10002	7.943	-0.899985
CHEMBL234_Ki-1412	Cc1ncoc1-c1nnc(SCCCN2CCc3cc4nc(C(F)(F)C(F)(F)F)oc4cc3CC2)n1C	Dopamine D3 receptor	D3R	Ki	GPCR	train	non-cliff	8.50004	3.162	-0.499962
CHEMBL234_Ki-1413	Cc1ccc2c(-c3nnc(SCCCN4CCc5cc6nc(C(F)(F)C(F)(F)F)oc6cc5CC4)n3C)cccc2n1	Dopamine D3 receptor	D3R	Ki	GPCR	train	non-cliff	8.29999	5.012	-0.700011
CHEMBL234_Ki-1414	Cc1ccc2c(-c3nnc(SCCCN4CCc5cc6nc(N(C)C)oc6cc5CC4)n3C)cccc2n1	Dopamine D3 receptor	D3R	Ki	GPCR	test	cliff	9	1	-0
CHEMBL234_Ki-1415	Cc1ccc2c(-c3nnc(SCCCN4CCc5cc6nc(N7CCCCC7)oc6cc5CC4)n3C)cccc2n1	Dopamine D3 receptor	D3R	Ki	GPCR	train	cliff	8.29999	5.012	-0.700011
CHEMBL234_Ki-1416	Cc1ncoc1-c1nnc(SCCCN2CCc3cc4nc(CC5CC5)oc4cc3CC2)n1C	Dopamine D3 receptor	D3R	Ki	GPCR	test	non-cliff	7.40001	39.81	-1.59999
CHEMBL234_Ki-1417	Cc1ccc2c(-c3nnc(SCCCN4CCc5cc6nc(CC7CC7)oc6cc5CC4)n3C)cccc2n1	Dopamine D3 receptor	D3R	Ki	GPCR	train	cliff	7.89997	12.59	-1.10003
CHEMBL234_Ki-1418	COCc1nc2cc3c(cc2o1)CCN(CCCSc1nnc(-c2cccc4nc(C)ccc24)n1C)CC3	Dopamine D3 receptor	D3R	Ki	GPCR	train	cliff	6.6	251.19	-2.4
CHEMBL234_Ki-1419	Cc1ncoc1-c1nnc(SCCCN2CCc3cc4nc(C(C)(F)F)oc4cc3CC2)n1C	Dopamine D3 receptor	D3R	Ki	GPCR	train	cliff	7.70006	19.95	-1.29994
CHEMBL234_Ki-1420	Cc1ccc2c(-c3nnc(SCCCN4CCc5cc6nc(C(C)(F)F)oc6cc5CC4)n3C)cccc2n1	Dopamine D3 receptor	D3R	Ki	GPCR	test	cliff	8.19997	6.31	-0.800029
CHEMBL234_Ki-1421	Cc1ccc2c(-c3nnc(SCCCN4CCc5cc6nc(CC(F)(F)F)oc6cc5CC4)n3C)cccc2n1	Dopamine D3 receptor	D3R	Ki	GPCR	train	cliff	7.40001	39.81	-1.59999
CHEMBL234_Ki-1422	Cc1ccc2c(-c3nnc(SCCCN4CCc5cc6nc(C(F)(F)F)oc6cc5CC4)n3C)cccc2n1	Dopamine D3 receptor	D3R	Ki	GPCR	train	cliff	7.29999	50.12	-1.70001
CHEMBL234_Ki-1423	CCc1nc2cc3c(cc2o1)CCN(CCCSc1nnc(-c2ccc(F)c(F)c2)n1C)CC3	Dopamine D3 receptor	D3R	Ki	GPCR	train	non-cliff	7.59998	25.12	-1.40002
CHEMBL234_Ki-1424	CCc1nc2cc3c(cc2o1)CCN(CCCSc1nnc(-c2ccc(C(F)(F)F)cc2)n1C)CC3	Dopamine D3 receptor	D3R	Ki	GPCR	test	non-cliff	8.10002	7.943	-0.899985
CHEMBL234_Ki-1425	CCc1nc2cc3c(cc2o1)CCN(CCCSc1nnc(-c2cccnc2)n1C)CC3	Dopamine D3 receptor	D3R	Ki	GPCR	train	cliff	7	100	-2
CHEMBL234_Ki-1426	Cc1nc2cc3c(cc2o1)CCN(CCCSc1nnc(C2CCOCC2)n1C)CC3	Dopamine D3 receptor	D3R	Ki	GPCR	train	non-cliff	7	100	-2
CHEMBL234_Ki-1427	Cc1nc2cc3c(cc2o1)CCN(CCCSc1nnc(-c2ccc(F)c(F)c2)n1C)CC3	Dopamine D3 receptor	D3R	Ki	GPCR	test	non-cliff	7.50004	31.62	-1.49996
CHEMBL234_Ki-1428	Cc1nc2cc3c(cc2o1)CCN(CCCSc1nnc(-c2ccc(C(F)(F)F)cc2)n1C)CC3	Dopamine D3 receptor	D3R	Ki	GPCR	train	non-cliff	7.59998	25.12	-1.40002
CHEMBL234_Ki-1429	Cc1nc2cc3c(cc2o1)CCN(CCCSc1nnc(-c2cccnc2)n1C)CC3	Dopamine D3 receptor	D3R	Ki	GPCR	test	non-cliff	6.90001	125.89	-2.09999
CHEMBL234_Ki-1430	Cc1ccc2c(-c3nnc(SCCCN4CCc5cc6nc(C(C)(C)C)oc6cc5CC4)n3C)cccc2n1	Dopamine D3 receptor	D3R	Ki	GPCR	train	cliff	9.10002	0.7943	0.100015
CHEMBL234_Ki-1431	Cc1ncoc1-c1nnc(SCCCN2CCc3cc4nc(C5CC5)oc4cc3CC2)n1C	Dopamine D3 receptor	D3R	Ki	GPCR	train	cliff	6.69999	199.53	-2.30001
CHEMBL234_Ki-1432	Cc1ccc2c(-c3nnc(SCCCN4CCc5cc6nc(C7CC7)oc6cc5CC4)n3C)cccc2n1	Dopamine D3 receptor	D3R	Ki	GPCR	train	cliff	7.29999	50.12	-1.70001
CHEMBL234_Ki-1433	Cc1ncoc1-c1nnc(SCCCN2CCc3cc4nc(C(C)C)oc4cc3CC2)n1C	Dopamine D3 receptor	D3R	Ki	GPCR	test	cliff	8	10	-1
CHEMBL234_Ki-1434	Cc1ccc2c(-c3nnc(SCCCN4CCc5cc6nc(C(C)C)oc6cc5CC4)n3C)cccc2n1	Dopamine D3 receptor	D3R	Ki	GPCR	test	cliff	8.50004	3.162	-0.499962
CHEMBL234_Ki-1435	CCCc1nc2cc3c(cc2o1)CCN(CCCSc1nnc(-c2cccc4nc(C)ccc24)n1C)CC3	Dopamine D3 receptor	D3R	Ki	GPCR	train	cliff	8.40001	3.981	-0.599992
CHEMBL234_Ki-1436	CCc1nc2cc3c(cc2o1)CCN(CCCSc1nnc(-c2ocnc2C)n1C)CC3	Dopamine D3 receptor	D3R	Ki	GPCR	train	cliff	7.50004	31.62	-1.49996
CHEMBL234_Ki-1437	CCc1nc2cc3c(cc2o1)CCN(CCCSc1nnc(-c2cccc4nc(C)ccc24)n1C)CC3	Dopamine D3 receptor	D3R	Ki	GPCR	train	cliff	7.89997	12.59	-1.10003
CHEMBL234_Ki-1438	Cc1ccc2c(-c3nnc(SCCCN4CCc5cc6ncoc6cc5CC4)n3C)cccc2n1	Dopamine D3 receptor	D3R	Ki	GPCR	train	cliff	7.29999	50.12	-1.70001
CHEMBL234_Ki-1439	Cc1ncoc1-c1nnc(SCCCN2CCc3cc4ncoc4cc3CC2)n1C	Dopamine D3 receptor	D3R	Ki	GPCR	train	non-cliff	6.69999	199.53	-2.30001
CHEMBL234_Ki-1440	Cc1nc2cc3c(cc2o1)CCN(CCCSc1nnc(-c2ocnc2C)n1C)CC3	Dopamine D3 receptor	D3R	Ki	GPCR	train	cliff	6.8	158.49	-2.2
CHEMBL234_Ki-1441	Cc1ccc2c(-c3nnc(SCCCN4CCc5cc6nc(C)oc6cc5CC4)n3C)cccc2n1	Dopamine D3 receptor	D3R	Ki	GPCR	train	cliff	7.19997	63.1	-1.80003
CHEMBL234_Ki-1442	Cc1ccc2c(-c3nnc(SCCCN4CCc5cc6nc(C)oc6c(Br)c5CC4)n3C)cccc2n1	Dopamine D3 receptor	D3R	Ki	GPCR	test	cliff	7.59998	25.12	-1.40002
CHEMBL234_Ki-1443	Cc1ccc2c(-c3nnc(SCCC(C)N4CCc5cc6nc(C(F)(F)F)oc6c(Br)c5CC4)n3C)cccc2n1	Dopamine D3 receptor	D3R	Ki	GPCR	train	non-cliff	7	100	-2
CHEMBL234_Ki-1444	CCc1nc2cc3c(c(Br)c2o1)CCN(C(C)CCSc1nnc(-c2cccc4nc(C)ccc24)n1C)CC3	Dopamine D3 receptor	D3R	Ki	GPCR	test	non-cliff	7	100	-2
CHEMBL234_Ki-1445	Cc1ccc2c(-c3nnc(SCCC(C)N4CCc5cc6nc(C)oc6c(Br)c5CC4)n3C)cccc2n1	Dopamine D3 receptor	D3R	Ki	GPCR	test	non-cliff	7.29999	50.12	-1.70001
CHEMBL234_Ki-1446	Cc1ccc2c(-c3nnc(SCCC(C)N4CCc5cc6nc(C(F)(F)F)oc6c(C)c5CC4)n3C)cccc2n1	Dopamine D3 receptor	D3R	Ki	GPCR	train	non-cliff	7.10002	79.43	-1.89998
CHEMBL234_Ki-1447	CCc1nc2cc3c(c(C)c2o1)CCN(C(C)CCSc1nnc(-c2cccc4nc(C)ccc24)n1C)CC3	Dopamine D3 receptor	D3R	Ki	GPCR	train	non-cliff	6.90001	125.89	-2.09999
CHEMBL234_Ki-1448	Cc1ccc2c(-c3nnc(SCCC(C)N4CCc5cc6nc(C)oc6c(C)c5CC4)n3C)cccc2n1	Dopamine D3 receptor	D3R	Ki	GPCR	train	cliff	6.6	251.19	-2.4
CHEMBL234_Ki-1449	Cc1ccc2c(-c3nnc(SCCN4CCc5cc6nc(C(F)(F)F)oc6c(C)c5CC4)n3C)cccc2n1	Dopamine D3 receptor	D3R	Ki	GPCR	train	cliff	6.90001	125.89	-2.09999
CHEMBL234_Ki-1450	CCc1nc2cc3c(c(C)c2o1)CCN(CCSc1nnc(-c2cccc4nc(C)ccc24)n1C)CC3	Dopamine D3 receptor	D3R	Ki	GPCR	test	cliff	6.6	251.19	-2.4
CHEMBL234_Ki-1451	Cc1ccc2c(-c3nnc(SCCN4CCc5cc6nc(C)oc6c(C)c5CC4)n3C)cccc2n1	Dopamine D3 receptor	D3R	Ki	GPCR	train	cliff	6.5	316.23	-2.5
CHEMBL234_Ki-1452	Cc1ccc2c(-c3nnc(SCCN4CCc5cc6nc(C(F)(F)F)oc6c(Br)c5CC4)n3C)cccc2n1	Dopamine D3 receptor	D3R	Ki	GPCR	train	cliff	6.5	316.23	-2.5
CHEMBL234_Ki-1453	CCc1nc2cc3c(c(Br)c2o1)CCN(CCSc1nnc(-c2cccc4nc(C)ccc24)n1C)CC3	Dopamine D3 receptor	D3R	Ki	GPCR	train	cliff	6.69999	199.53	-2.30001
CHEMBL234_Ki-1454	Cc1ccc2c(-c3nnc(SCCN4CCc5cc6nc(C)oc6c(Br)c5CC4)n3C)cccc2n1	Dopamine D3 receptor	D3R	Ki	GPCR	train	cliff	6.5	316.23	-2.5
CHEMBL234_Ki-1455	Cc1ccc2c(-c3nnc(SCCN4CCc5cc6nc(C)oc6cc5CC4)n3C)cccc2n1	Dopamine D3 receptor	D3R	Ki	GPCR	train	cliff	7.50004	31.62	-1.49996
CHEMBL234_Ki-1456	Cc1ccc2c(-c3nnc(SCCCCN4CCc5cc6nc(C(F)(F)F)oc6c(C)c5CC4)n3C)cccc2n1	Dopamine D3 receptor	D3R	Ki	GPCR	train	cliff	7.19997	63.1	-1.80003
CHEMBL234_Ki-1457	CCc1nc2cc3c(c(C)c2o1)CCN(CCCCSc1nnc(-c2cccc4nc(C)ccc24)n1C)CC3	Dopamine D3 receptor	D3R	Ki	GPCR	train	cliff	7.59998	25.12	-1.40002
CHEMBL234_Ki-1458	Cc1ccc2c(-c3nnc(SCCCCN4CCc5cc6nc(C)oc6c(C)c5CC4)n3C)cccc2n1	Dopamine D3 receptor	D3R	Ki	GPCR	train	cliff	8.19997	6.31	-0.800029
CHEMBL234_Ki-1459	Cc1ccc2c(-c3nnc(SCCCCN4CCc5cc6nc(C(F)(F)F)oc6c(Br)c5CC4)n3C)cccc2n1	Dopamine D3 receptor	D3R	Ki	GPCR	train	cliff	7.70006	19.95	-1.29994
CHEMBL234_Ki-1460	CCc1nc2cc3c(c(Br)c2o1)CCN(CCCCSc1nnc(-c2cccc4nc(C)ccc24)n1C)CC3	Dopamine D3 receptor	D3R	Ki	GPCR	train	cliff	7.40001	39.81	-1.59999
CHEMBL234_Ki-1461	Cc1ccc2c(-c3nnc(SCCCCN4CCc5cc6nc(C)oc6c(Br)c5CC4)n3C)cccc2n1	Dopamine D3 receptor	D3R	Ki	GPCR	train	non-cliff	7.40001	39.81	-1.59999
CHEMBL234_Ki-1462	Cc1nc2cc3c(cc2o1)CCN(CCCCSc1nnc(-c2ocnc2C)n1C)CC3	Dopamine D3 receptor	D3R	Ki	GPCR	train	cliff	6.5	316.23	-2.5
CHEMBL234_Ki-1463	Cc1ccc2c(-c3nnc(SCCCN4CCc5cc6nc(C(C)(C)C)oc6c(C)c5CC4)n3C)cccc2n1	Dopamine D3 receptor	D3R	Ki	GPCR	train	cliff	7.40001	39.81	-1.59999
CHEMBL234_Ki-1464	CCc1nc2cc3c(c(C)c2o1)CCN(CCCSc1nnc(-c2cccc4nc(C)ccc24)n1C)CC3	Dopamine D3 receptor	D3R	Ki	GPCR	test	cliff	7.50004	31.62	-1.49996
CHEMBL234_Ki-1465	Cc1ccc2c(-c3nnc(SCCCN4CCc5cc6nc(C)oc6c(C)c5CC4)n3C)cccc2n1	Dopamine D3 receptor	D3R	Ki	GPCR	train	non-cliff	7.40001	39.81	-1.59999
CHEMBL234_Ki-1466	Cc1ccc2c(-c3nnc(SCCCN4CCc5cc6nc(C(C)(C)C)oc6c(Br)c5CC4)n3C)cccc2n1	Dopamine D3 receptor	D3R	Ki	GPCR	train	cliff	7.89997	12.59	-1.10003
CHEMBL234_Ki-1467	CCc1nc2cc3c(cc2s1)CCN(CCCSc1nnc(-c2ocnc2C)n1C)CC3	Dopamine D3 receptor	D3R	Ki	GPCR	train	cliff	8.40001	3.981	-0.599992
CHEMBL234_Ki-1468	CCc1nc2cc3c(cc2s1)CCN(CCCSc1nnc(-c2cccc4nc(C)ccc24)n1C)CC3	Dopamine D3 receptor	D3R	Ki	GPCR	train	cliff	8.59998	2.512	-0.40002
CHEMBL234_Ki-1469	Cc1nc2cc3c(cc2s1)CCN(CCCSc1nnc(-c2ocnc2C)n1C)CC3	Dopamine D3 receptor	D3R	Ki	GPCR	train	cliff	7.10002	79.43	-1.89998
CHEMBL234_Ki-1470	Cc1ccc2c(-c3nnc(SCCCN4CCc5cc6nc(C)sc6cc5CC4)n3C)cccc2n1	Dopamine D3 receptor	D3R	Ki	GPCR	train	cliff	7.70006	19.95	-1.29994
CHEMBL234_Ki-1471	CCc1nn(C)c2cc3c(cc12)CCN(CCCSc1nnc(-c2cccc4nc(C)ccc24)n1C)CC3	Dopamine D3 receptor	D3R	Ki	GPCR	test	non-cliff	8.59998	2.512	-0.40002
CHEMBL234_Ki-1472	Cc1ccc2c(-c3nnc(SCCC(C)N4CCc5cc6c(cc5CC4)C(=O)N(C(C)C)C6)n3C)cccc2n1	Dopamine D3 receptor	D3R	Ki	GPCR	train	non-cliff	6.90001	125.89	-2.09999
CHEMBL234_Ki-1473	Cc1ccc2c(-c3nnc(SCCCCN4CCc5cc6c(cc5CC4)C(=O)N(C(C)C)C6)n3C)cccc2n1	Dopamine D3 receptor	D3R	Ki	GPCR	train	cliff	7.40001	39.81	-1.59999
CHEMBL234_Ki-1474	Cc1ccc2c(-c3nnc(SCCCCN4CCc5cc6c(cc5CC4)C(=O)N(C)C6)n3C)cccc2n1	Dopamine D3 receptor	D3R	Ki	GPCR	train	non-cliff	6.6	251.19	-2.4
CHEMBL234_Ki-1475	Cc1ccc2c(-c3nnc(SCCCN4CCc5cc6c(cc5CC4)C(=O)N(C(C)C)C6)n3C)cccc2n1	Dopamine D3 receptor	D3R	Ki	GPCR	train	cliff	7.59998	25.12	-1.40002
CHEMBL234_Ki-1476	Cc1ccc2c(-c3nnc(SCCCN4CCc5cc6c(cc5CC4)C(=O)N(C)C6)n3C)cccc2n1	Dopamine D3 receptor	D3R	Ki	GPCR	train	cliff	6.2	630.96	-2.8
CHEMBL234_Ki-1477	Cc1cc2c(-c3nnc(SCCCN4CCc5ccc(-c6cc(C)nn6C)cc5CC4)n3C)cccc2cn1	Dopamine D3 receptor	D3R	Ki	GPCR	train	non-cliff	8.79997	1.585	-0.200029
CHEMBL234_Ki-1478	Fc1cccc(N2CCN(Cc3cnn4ccccc34)CC2)n1	Dopamine D3 receptor	D3R	Ki	GPCR	train	non-cliff	6.22915	590	-2.77085
CHEMBL234_Ki-1479	Oc1ccc(N2CCN(Cc3cnn4ccccc34)CC2)cc1	Dopamine D3 receptor	D3R	Ki	GPCR	train	non-cliff	5.46852	3400	-3.53148
CHEMBL234_Ki-1480	Oc1ccccc1N1CCN(Cc2cnn3ccccc23)CC1	Dopamine D3 receptor	D3R	Ki	GPCR	test	non-cliff	5.65758	2200	-3.34242
CHEMBL234_Ki-1481	FCCOc1ccc(N2CCN(Cc3cc4ccccn4n3)CC2)cc1	Dopamine D3 receptor	D3R	Ki	GPCR	train	non-cliff	4.82391	15000	-4.17609
CHEMBL234_Ki-1482	FCCOc1ccccc1N1CCN(Cc2cc3ccccn3n2)CC1	Dopamine D3 receptor	D3R	Ki	GPCR	test	non-cliff	6.02687	940	-2.97313
CHEMBL234_Ki-1483	FCCOc1ccc(N2CCN(Cc3cnn4ccccc34)CC2)cc1	Dopamine D3 receptor	D3R	Ki	GPCR	train	non-cliff	5.06048	8700	-3.93952
CHEMBL234_Ki-1484	FCCOc1ccccc1N1CCN(Cc2cnn3ccccc23)CC1	Dopamine D3 receptor	D3R	Ki	GPCR	train	non-cliff	6.49485	320	-2.50515
CHEMBL234_Ki-1485	Brc1cccc(N2CCN(Cc3cc4ccccn4n3)CC2)n1	Dopamine D3 receptor	D3R	Ki	GPCR	train	non-cliff	6.03152	930	-2.96848
CHEMBL234_Ki-1486	Fc1cccc(N2CCN(Cc3cc4ccccn4n3)CC2)n1	Dopamine D3 receptor	D3R	Ki	GPCR	train	non-cliff	5.46852	3400	-3.53148
CHEMBL234_Ki-1487	Brc1cccc(N2CCN(Cc3cnn4ccccc34)CC2)n1	Dopamine D3 receptor	D3R	Ki	GPCR	train	non-cliff	6.38722	410	-2.61278
CHEMBL234_Ki-1488	O=C(NCCCCN1CCN(c2ccc(Cl)cc2Cl)CC1)c1cc2cc(Cl)ccc2[nH]1	Dopamine D3 receptor	D3R	Ki	GPCR	train	non-cliff	9.42022	0.38	0.420216
CHEMBL234_Ki-1489	COc1cccc2cc3n(c12)CCN(CCCCN1CCn2c(cc4ccccc42)C1=O)C3	Dopamine D3 receptor	D3R	Ki	GPCR	train	non-cliff	8.0655	8.6	-0.934498
CHEMBL234_Ki-1490	Clc1cccc(N2CCN(CCCCCOc3cc4ccccc4cn3)CC2)c1Cl	Dopamine D3 receptor	D3R	Ki	GPCR	train	cliff	9.85387	0.14	0.853872
CHEMBL234_Ki-1491	Clc1cccc(N2CCN(CCCCOc3cc4ccccc4cn3)CC2)c1Cl	Dopamine D3 receptor	D3R	Ki	GPCR	train	cliff	7.48254	32.92	-1.51746
CHEMBL234_Ki-1492	Clc1cccc(N2CCN(CCCCOc3ccc4cccnc4c3)CC2)c1Cl	Dopamine D3 receptor	D3R	Ki	GPCR	train	cliff	8.08619	8.2	-0.913814
CHEMBL234_Ki-1493	Cc1cccc(N2CCN(CCCCNC(=O)c3cc4ccccc4o3)CC2)c1	Dopamine D3 receptor	D3R	Ki	GPCR	train	cliff	8.34679	4.5	-0.653213
CHEMBL234_Ki-1494	O=C1c2cc3ccccc3n2CCN1CCCCN1CCN(c2cccc(Cl)c2Cl)CC1	Dopamine D3 receptor	D3R	Ki	GPCR	train	cliff	9.97881	0.105	0.978811
CHEMBL234_Ki-1495	O=C1c2cc3ccccc3n2CCN1CCCCN1CCN(c2ccc(Cl)cc2Cl)CC1	Dopamine D3 receptor	D3R	Ki	GPCR	test	cliff	8.49485	3.2	-0.50515
CHEMBL234_Ki-1496	N#Cc1cccc(N2CCN(CCCCN3CCn4c(cc5ccccc54)C3=O)CC2)c1	Dopamine D3 receptor	D3R	Ki	GPCR	train	non-cliff	8.4318	3.7	-0.568202
CHEMBL234_Ki-1497	N#Cc1cccc(N2CCN(CCCCNC(=O)c3cc4ccccc4o3)CC2)c1	Dopamine D3 receptor	D3R	Ki	GPCR	train	cliff	9.26761	0.54	0.267606
CHEMBL234_Ki-1498	O=C(NCCCCN1CCN(c2cccc(Cl)c2Cl)CC1)c1cc2ccccc2cn1	Dopamine D3 receptor	D3R	Ki	GPCR	test	cliff	10.0044	0.099	1.00436
CHEMBL234_Ki-1499	O=C(NCCCCN1CCN(c2cccc(Cl)c2)CC1)c1cc2ccccc2cn1	Dopamine D3 receptor	D3R	Ki	GPCR	train	cliff	9.56864	0.27	0.568636
CHEMBL234_Ki-1500	COc1cccc2cc3n(c12)CCN(CCCCNC(=O)C1=Cc2ccccc2CN1)C3	Dopamine D3 receptor	D3R	Ki	GPCR	test	non-cliff	7.47496	33.5	-1.52504
CHEMBL234_Ki-1501	COc1cccc2c1C1CCN(CCCCNC(=O)C3=Cc4ccccc4CN3)CC1=N2	Dopamine D3 receptor	D3R	Ki	GPCR	test	non-cliff	8.22185	6	-0.778151
CHEMBL234_Ki-1502	O[C@@]1(c2ccc(Cl)cc2)C[C@@H]2CC[C@H](C1)N2Cc1c[nH]c2ccccc12	Dopamine D3 receptor	D3R	Ki	GPCR	train	cliff	7.69357	20.25	-1.30643
CHEMBL234_Ki-1503	O[C@]1(c2ccc(Cl)c(Cl)c2)C[C@@H]2CC[C@H](C1)N2Cc1coc2ccc(F)cc12	Dopamine D3 receptor	D3R	Ki	GPCR	train	cliff	9.27572	0.53	0.275724
CHEMBL234_Ki-1504	O[C@]1(c2ccc(Cl)cc2)C[C@@H]2CC[C@H](C1)N2Cc1coc2c1ccc1ccccc12	Dopamine D3 receptor	D3R	Ki	GPCR	train	non-cliff	8.69897	2	-0.30103
CHEMBL234_Ki-1505	O[C@]1(c2ccc(Cl)cc2)C[C@@H]2CC[C@H](C1)N2Cc1coc2ccc3ccccc3c12	Dopamine D3 receptor	D3R	Ki	GPCR	train	cliff	8.07572	8.4	-0.924279
CHEMBL234_Ki-1506	O[C@]1(c2ccc(Cl)cc2)C[C@@H]2CC[C@H](C1)N2Cc1coc2ccc(F)cc12	Dopamine D3 receptor	D3R	Ki	GPCR	train	cliff	9.4318	0.37	0.431798
CHEMBL234_Ki-1507	COc1ccc2occ(CN3[C@H]4CC[C@@H]3C[C@@](O)(c3ccc(Cl)cc3)C4)c2c1	Dopamine D3 receptor	D3R	Ki	GPCR	train	cliff	8.67778	2.1	-0.322219
CHEMBL234_Ki-1508	O[C@]1(c2ccc(Br)cc2)C[C@@H]2CC[C@H](C1)N2Cc1coc2ccccc12	Dopamine D3 receptor	D3R	Ki	GPCR	train	cliff	9.03621	0.92	0.0362122
CHEMBL234_Ki-1509	O[C@]1(c2ccc(F)cc2)C[C@@H]2CC[C@H](C1)N2Cc1coc2ccccc12	Dopamine D3 receptor	D3R	Ki	GPCR	train	cliff	8.92082	1.2	-0.0791812
CHEMBL234_Ki-1510	O[C@]1(c2cccc(Cl)c2Cl)C[C@@H]2CC[C@H](C1)N2Cc1coc2ccccc12	Dopamine D3 receptor	D3R	Ki	GPCR	train	cliff	7.49214	32.2	-1.50786
CHEMBL234_Ki-1511	O[C@@]1(c2ccc(Cl)c(Cl)c2)C[C@@H]2CC[C@H](C1)N2Cc1coc2ccccc12	Dopamine D3 receptor	D3R	Ki	GPCR	train	cliff	9.46852	0.34	0.468521
CHEMBL234_Ki-1512	O[C@]1(c2ccc(Cl)cc2)C[C@@H]2CC[C@H](C1)N2Cc1coc2ccccc12	Dopamine D3 receptor	D3R	Ki	GPCR	train	cliff	9.14874	0.71	0.148742
CHEMBL234_Ki-1513	O[C@]1(c2cccc(Cl)c2Cl)C[C@@H]2CC[C@H](C1)N2Cc1csc2ccccc12	Dopamine D3 receptor	D3R	Ki	GPCR	train	cliff	6.36552	431	-2.63448
CHEMBL234_Ki-1514	O[C@]1(c2ccc(Cl)c(Cl)c2)C[C@@H]2CC[C@H](C1)N2Cc1csc2ccccc12	Dopamine D3 receptor	D3R	Ki	GPCR	test	cliff	7.74715	17.9	-1.25285
CHEMBL234_Ki-1515	O[C@]1(c2ccc(Cl)cc2)C[C@@H]2CC[C@H](C1)N2Cc1csc2ccccc12	Dopamine D3 receptor	D3R	Ki	GPCR	train	cliff	8.44129	3.62	-0.558709
CHEMBL234_Ki-1516	COc1ccc2[nH]cc(CN3[C@H]4CC[C@@H]3C[C@@](O)(c3ccc(SC)cc3)C4)c2c1	Dopamine D3 receptor	D3R	Ki	GPCR	train	cliff	5.91721	1210	-3.08279
CHEMBL234_Ki-1517	COc1ccc2[nH]cc(CN3[C@H]4CC[C@@H]3C[C@@](O)(c3ccc(Cl)cc3)C4)c2c1	Dopamine D3 receptor	D3R	Ki	GPCR	train	cliff	7.67366	21.2	-1.32634
CHEMBL234_Ki-1518	O[C@]1(c2ccc(Cl)cc2)C[C@@H]2CC[C@H](C1)N2Cc1n[nH]c2ccccc12	Dopamine D3 receptor	D3R	Ki	GPCR	train	cliff	7.07212	84.7	-1.92788
CHEMBL234_Ki-1519	CSc1ccc([C@@]2(O)C[C@@H]3CC[C@H](C2)N3Cc2c[nH]c3ccccc23)cc1	Dopamine D3 receptor	D3R	Ki	GPCR	test	non-cliff	6.2668	541	-2.7332
CHEMBL234_Ki-1520	COc1ccccc1[C@@]1(O)C[C@@H]2CC[C@H](C1)N2Cc1c[nH]c2ccccc12	Dopamine D3 receptor	D3R	Ki	GPCR	train	non-cliff	5.19314	6410	-3.80686
CHEMBL234_Ki-1521	O[C@]1(c2ccc3ccccc3c2)C[C@@H]2CC[C@H](C1)N2Cc1c[nH]c2ccccc12	Dopamine D3 receptor	D3R	Ki	GPCR	test	non-cliff	6.64975	224	-2.35025
CHEMBL234_Ki-1522	O[C@]1(c2ccc(F)cc2)C[C@@H]2CC[C@H](C1)N2Cc1c[nH]c2ccccc12	Dopamine D3 receptor	D3R	Ki	GPCR	train	cliff	7.50864	31	-1.49136
CHEMBL234_Ki-1523	O[C@]1(c2cccc(Cl)c2Cl)C[C@@H]2CC[C@H](C1)N2Cc1c[nH]c2ccccc12	Dopamine D3 receptor	D3R	Ki	GPCR	train	cliff	6.31876	480	-2.68124
CHEMBL234_Ki-1524	O[C@]1(c2ccc(Cl)c(Cl)c2)C[C@@H]2CC[C@H](C1)N2Cc1c[nH]c2ccccc12	Dopamine D3 receptor	D3R	Ki	GPCR	train	cliff	8.19723	6.35	-0.802774
CHEMBL234_Ki-1525	COc1ccccc1N1CCN(CCCCOc2ccc(C3CN4C=CSC4=N3)cc2)CC1	Dopamine D3 receptor	D3R	Ki	GPCR	train	cliff	9.92082	0.12	0.920819
CHEMBL234_Ki-1526	COc1c(C(=O)NCCCCN2CCN(c3cccc(Cl)c3Cl)CC2)ccc2ccccc12	Dopamine D3 receptor	D3R	Ki	GPCR	train	non-cliff	9.22185	0.6	0.221849
CHEMBL234_Ki-1527	COc1ccccc1N1CCN(CCCNC(=O)c2ccc(-n3ccnc3)cc2)CC1	Dopamine D3 receptor	D3R	Ki	GPCR	train	cliff	7.02091	95.3	-1.97909
CHEMBL234_Ki-1528	COc1cccc(N2CCN(CCCCNC(=O)c3ccc(-n4ccnc4)cc3)CC2)c1	Dopamine D3 receptor	D3R	Ki	GPCR	train	cliff	7.70115	19.9	-1.29885
CHEMBL234_Ki-1529	COc1cccc(N2CCN(CCCCNC(=O)c3ccc4nonc4c3)CC2)c1	Dopamine D3 receptor	D3R	Ki	GPCR	train	cliff	6.76955	170	-2.23045
CHEMBL234_Ki-1530	COc1ccc(N2CCN(CCCCNC(=O)c3ccc(-n4ccnc4)cc3)CC2)cc1	Dopamine D3 receptor	D3R	Ki	GPCR	train	cliff	6.67572	211	-2.32428
CHEMBL234_Ki-1531	COc1ccc(N2CCN(CCCCNC(=O)c3ccc4nonc4c3)CC2)cc1	Dopamine D3 receptor	D3R	Ki	GPCR	train	cliff	5.20642	6217	-3.79358
CHEMBL234_Ki-1532	O=C(NCCCCN1CCN(c2ccccc2OCCF)CC1)c1ccc(-n2ccnc2)cc1	Dopamine D3 receptor	D3R	Ki	GPCR	train	cliff	8.53018	2.95	-0.469822
CHEMBL234_Ki-1533	O=C(NCCCCN1CCN(c2ccccc2OCCF)CC1)c1ccc2nonc2c1	Dopamine D3 receptor	D3R	Ki	GPCR	train	non-cliff	7.65561	22.1	-1.34439
CHEMBL234_Ki-1534	O=C(NCCCCN1CCN(c2cccc(OCCF)c2)CC1)c1ccc(-n2ccnc2)cc1	Dopamine D3 receptor	D3R	Ki	GPCR	train	cliff	7.32606	47.2	-1.67394
CHEMBL234_Ki-1535	O=C(NCCCCN1CCN(c2cccc(OCCF)c2)CC1)c1ccc2nonc2c1	Dopamine D3 receptor	D3R	Ki	GPCR	train	non-cliff	6.64589	226	-2.35411
CHEMBL234_Ki-1536	COc1cc(F)cc(N2CCN(CCCCNC(=O)c3ccc(-n4ccnc4)cc3)CC2)c1	Dopamine D3 receptor	D3R	Ki	GPCR	train	non-cliff	7.53462	29.2	-1.46538
CHEMBL234_Ki-1537	COc1cc(F)cc(N2CCN(CCCCNC(=O)c3ccc4nonc4c3)CC2)c1	Dopamine D3 receptor	D3R	Ki	GPCR	train	non-cliff	6.18177	658	-2.81823
CHEMBL234_Ki-1538	COc1ccccc1N1CCN(CCCN2CCc3ccccc3C2=O)CC1	Dopamine D3 receptor	D3R	Ki	GPCR	train	cliff	5.8	1584.89	-3.2
CHEMBL234_Ki-1539	COc1ccc(N2CCN(CCCN3CCc4ccccc4C3=O)CC2)cc1	Dopamine D3 receptor	D3R	Ki	GPCR	train	cliff	5	10000	-4
CHEMBL234_Ki-1540	O=C1c2ccccc2CCN1CCCN1CCN(c2ccccn2)CC1	Dopamine D3 receptor	D3R	Ki	GPCR	train	cliff	5.08	8317.64	-3.92
CHEMBL234_Ki-1541	O=C1c2ccccc2CCN1CCCN1CCN(c2ncccn2)CC1	Dopamine D3 receptor	D3R	Ki	GPCR	train	cliff	4.61	24547.1	-4.39
CHEMBL234_Ki-1542	O=C1c2ccccc2CCN1CCCN1CCN(c2cccc(C(F)(F)F)c2)CC1	Dopamine D3 receptor	D3R	Ki	GPCR	train	cliff	5.62	2398.83	-3.38
CHEMBL234_Ki-1543	O=C1c2ccccc2CCN1CCCN1CCN(c2cccc(Cl)c2Cl)CC1	Dopamine D3 receptor	D3R	Ki	GPCR	train	cliff	6.68	208.93	-2.32
CHEMBL234_Ki-1544	COc1ccccc1N1CCN(CCCN2CCCc3ccccc3C2=O)CC1	Dopamine D3 receptor	D3R	Ki	GPCR	test	cliff	6.68	208.93	-2.32
CHEMBL234_Ki-1545	COc1ccc(N2CCN(CCCN3CCCc4ccccc4C3=O)CC2)cc1	Dopamine D3 receptor	D3R	Ki	GPCR	train	cliff	5.96	1096.48	-3.04
CHEMBL234_Ki-1546	O=C1c2ccccc2CCCN1CCCN1CCN(c2ccccn2)CC1	Dopamine D3 receptor	D3R	Ki	GPCR	train	cliff	5.38	4168.69	-3.62
CHEMBL234_Ki-1547	O=C1c2ccccc2CCCN1CCCN1CCN(c2ncccn2)CC1	Dopamine D3 receptor	D3R	Ki	GPCR	train	cliff	5.08	8317.64	-3.92
CHEMBL234_Ki-1548	O=C1c2ccccc2CCCN1CCCN1CCN(c2cccc(C(F)(F)F)c2)CC1	Dopamine D3 receptor	D3R	Ki	GPCR	train	cliff	5.98	1047.13	-3.02
CHEMBL234_Ki-1549	O=C1c2ccccc2CCCN1CCCN1CCN(c2cccc(Cl)c2Cl)CC1	Dopamine D3 receptor	D3R	Ki	GPCR	test	cliff	6.40999	389.05	-2.59001
CHEMBL234_Ki-1550	COc1ccc(N2CCN(CCCN3CCCCc4ccccc4C3=O)CC2)cc1	Dopamine D3 receptor	D3R	Ki	GPCR	train	cliff	5.05	8912.51	-3.95
CHEMBL234_Ki-1551	COc1ccccc1N1CCN(CCCCN2CCc3ccccc3C2=O)CC1	Dopamine D3 receptor	D3R	Ki	GPCR	train	cliff	8.63639	2.31	-0.363612
CHEMBL234_Ki-1552	COc1ccc(N2CCN(CCCCN3CCc4ccccc4C3=O)CC2)cc1	Dopamine D3 receptor	D3R	Ki	GPCR	test	cliff	6.31	489.78	-2.69
CHEMBL234_Ki-1553	O=C1c2ccccc2CCN1CCCCN1CCN(c2ccccn2)CC1	Dopamine D3 receptor	D3R	Ki	GPCR	train	cliff	7.9201	12.02	-1.0799
CHEMBL234_Ki-1554	O=C1c2ccccc2CCN1CCCCN1CCN(c2ncccn2)CC1	Dopamine D3 receptor	D3R	Ki	GPCR	train	cliff	5.82	1513.56	-3.18
CHEMBL234_Ki-1555	O=C1c2ccccc2CCN1CCCCN1CCN(c2cccc(Cl)c2Cl)CC1	Dopamine D3 receptor	D3R	Ki	GPCR	test	cliff	6.79	162.18	-2.21
CHEMBL234_Ki-1556	O=C1c2ccccc2CCN1CCCCN1CCN(c2ccccc2Cl)CC1	Dopamine D3 receptor	D3R	Ki	GPCR	train	cliff	8.16999	6.761	-0.830011
CHEMBL234_Ki-1557	COc1cccc(N2CCN(CCCCN3CCc4ccccc4C3=O)CC2)c1	Dopamine D3 receptor	D3R	Ki	GPCR	train	cliff	7.38998	40.74	-1.61002
CHEMBL234_Ki-1558	COc1ccccc1N1CCN(CCCCN2CCCc3ccccc3C2=O)CC1	Dopamine D3 receptor	D3R	Ki	GPCR	train	cliff	9.03269	0.9275	0.0326861
CHEMBL234_Ki-1559	COc1ccc(N2CCN(CCCCN3CCCc4ccccc4C3=O)CC2)cc1	Dopamine D3 receptor	D3R	Ki	GPCR	train	cliff	7.39394	40.37	-1.60606
CHEMBL234_Ki-1560	O=C1c2ccccc2CCCN1CCCCN1CCN(c2ccccn2)CC1	Dopamine D3 receptor	D3R	Ki	GPCR	train	cliff	6.4	398.11	-2.6
CHEMBL234_Ki-1561	O=C1c2ccccc2CCCN1CCCCN1CCN(c2ncccn2)CC1	Dopamine D3 receptor	D3R	Ki	GPCR	train	cliff	6.2	630.96	-2.8
CHEMBL234_Ki-1562	O=C1c2ccccc2CCCN1CCCCN1CCN(c2cccc(Cl)c2Cl)CC1	Dopamine D3 receptor	D3R	Ki	GPCR	test	cliff	7.84013	14.45	-1.15987
CHEMBL234_Ki-1563	COc1ccccc1N1CCN(CCCCCN2CCc3ccccc3C2=O)CC1	Dopamine D3 receptor	D3R	Ki	GPCR	train	cliff	7.48999	32.36	-1.51001
CHEMBL234_Ki-1564	COc1ccccc1N1CCN(CCC(O)CNC(=O)c2cc3ccccc3[nH]2)CC1	Dopamine D3 receptor	D3R	Ki	GPCR	train	cliff	9.29671	0.505	0.296709
CHEMBL234_Ki-1565	O=C(NCC(O)CCN1CCN(c2cccc(Cl)c2Cl)CC1)c1cc2ccccc2[nH]1	Dopamine D3 receptor	D3R	Ki	GPCR	test	cliff	9.58503	0.26	0.585027
CHEMBL234_Ki-1566	COc1ccccc1N1CCN(CC(O)CCNC(=O)c2cc3ccccc3s2)CC1	Dopamine D3 receptor	D3R	Ki	GPCR	train	cliff	8.33724	4.6	-0.662758
CHEMBL234_Ki-1567	COc1ccccc1N1CCN(CC(O)CCNC(=O)c2cc3cc(I)ccc3o2)CC1	Dopamine D3 receptor	D3R	Ki	GPCR	test	cliff	8.31426	4.85	-0.685742
CHEMBL234_Ki-1568	O=C(NCCC(O)CN1CCN(c2cccc(Cl)c2Cl)CC1)c1cc2cc(I)ccc2o1	Dopamine D3 receptor	D3R	Ki	GPCR	train	non-cliff	8.25142	5.605	-0.748576
CHEMBL234_Ki-1569	COc1ccccc1N1CCN(CC(O)CCNC(=O)c2cc3ccccc3o2)CC1	Dopamine D3 receptor	D3R	Ki	GPCR	train	cliff	8.1901	6.455	-0.809896
CHEMBL234_Ki-1570	O=C(NCCC(O)CN1CCN(c2cccc(Cl)c2Cl)CC1)c1cc2ccccc2o1	Dopamine D3 receptor	D3R	Ki	GPCR	train	cliff	8.45038	3.545	-0.549616
CHEMBL234_Ki-1571	COc1ccc2[nH]c(C(=O)NCCC(O)CN3CCN(c4ccccc4OC)CC3)cc2c1	Dopamine D3 receptor	D3R	Ki	GPCR	train	cliff	8.63451	2.32	-0.365488
CHEMBL234_Ki-1572	COc1ccc2[nH]c(C(=O)NCCC(O)CN3CCN(c4cccc(Cl)c4Cl)CC3)cc2c1	Dopamine D3 receptor	D3R	Ki	GPCR	test	non-cliff	8.97469	1.06	-0.0253059
CHEMBL234_Ki-1573	COc1ccccc1N1CCN(CC(O)CCNC(=O)c2cc3cc(I)ccc3[nH]2)CC1	Dopamine D3 receptor	D3R	Ki	GPCR	train	cliff	8.4437	3.6	-0.556303
CHEMBL234_Ki-1574	O=C(NCCC(O)CN1CCN(c2cccc(Cl)c2Cl)CC1)c1cc2cc(I)ccc2[nH]1	Dopamine D3 receptor	D3R	Ki	GPCR	train	cliff	8.28316	5.21	-0.716838
CHEMBL234_Ki-1575	COc1ccccc1N1CCN(CC(O)CCNC(=O)c2cc3cc(F)ccc3[nH]2)CC1	Dopamine D3 receptor	D3R	Ki	GPCR	train	cliff	8.61798	2.41	-0.382017
CHEMBL234_Ki-1576	O=C(NCCC(O)CN1CCN(c2cccc(Cl)c2Cl)CC1)c1cc2cc(F)ccc2[nH]1	Dopamine D3 receptor	D3R	Ki	GPCR	test	non-cliff	8.76828	1.705	-0.231724
CHEMBL234_Ki-1577	CCCOc1ccccc1N1CCN(CC(O)CCNC(=O)c2cc3ccccc3[nH]2)CC1	Dopamine D3 receptor	D3R	Ki	GPCR	test	cliff	7.20691	62.1	-1.79309
CHEMBL234_Ki-1578	COc1ccccc1N1CCN(CC(O)CCNC(=O)c2cc3ccccc3[nH]2)CC1	Dopamine D3 receptor	D3R	Ki	GPCR	train	cliff	8.85855	1.385	-0.14145
CHEMBL234_Ki-1579	COc1ccccc1N1CCN(C/C=C/CNC(=O)c2cc3ccccc3s2)CC1	Dopamine D3 receptor	D3R	Ki	GPCR	train	cliff	8.58336	2.61	-0.416641
CHEMBL234_Ki-1580	COc1ccccc1N1CCN(C/C=C/CNC(=O)c2cc3ccccc3o2)CC1	Dopamine D3 receptor	D3R	Ki	GPCR	train	cliff	7.94692	11.3	-1.05308
CHEMBL234_Ki-1581	O=C(NC/C=C/CN1CCN(c2cccc(Cl)c2Cl)CC1)c1cc2ccccc2[nH]1	Dopamine D3 receptor	D3R	Ki	GPCR	train	cliff	9.35655	0.44	0.356547
CHEMBL234_Ki-1582	COc1ccccc1N1CCN(CCCCNC(=O)c2cc3ccccc3[nH]2)CC1	Dopamine D3 receptor	D3R	Ki	GPCR	train	cliff	9.49485	0.32	0.49485
CHEMBL234_Ki-1583	O=C(NCCCCN1CCN(c2cccc(Cl)c2Cl)CC1)c1cc2cc(F)ccc2[nH]1	Dopamine D3 receptor	D3R	Ki	GPCR	train	cliff	9.39794	0.4	0.39794
CHEMBL234_Ki-1584	CCN1CCC[C@H]1CNC(=O)c1cc(Br)cc(OC)c1OC	Dopamine D3 receptor	D3R	Ki	GPCR	train	non-cliff	9.65758	0.22	0.657577
CHEMBL234_Ki-1585	CCCN(CCCCNC(=O)c1ccc(-c2ccccc2)cc1)C1CC=C(C#C[Si](C)(C)C)CC1	Dopamine D3 receptor	D3R	Ki	GPCR	train	non-cliff	8.35655	4.4	-0.643453
CHEMBL234_Ki-1586	CCCN(CCCCNC(=O)c1ccc(-c2ccccc2)cc1)C1CC=C(C#Cc2ccccc2)CC1	Dopamine D3 receptor	D3R	Ki	GPCR	train	non-cliff	6.52288	300	-2.47712
CHEMBL234_Ki-1587	CCCN(CCCCn1cc(-c2ccc(-c3ccccc3)cc2)nn1)C1CC=C(C#C[Si](C)(C)C)CC1	Dopamine D3 receptor	D3R	Ki	GPCR	train	non-cliff	7.88606	13	-1.11394
CHEMBL234_Ki-1588	CCCN(CCCCn1cc(-c2ccc(-c3ccccc3)cc2)nn1)C1CC=C(C#Cc2ccccc2)CC1	Dopamine D3 receptor	D3R	Ki	GPCR	train	non-cliff	6.82391	150	-2.17609
CHEMBL234_Ki-1589	CC#CC1=CCC(N(CCC)CCCCn2cc(C)nn2)CC1	Dopamine D3 receptor	D3R	Ki	GPCR	train	non-cliff	6.55284	280	-2.44716
CHEMBL234_Ki-1590	CCCNCCCCNC(=O)c1ccc(-c2ccccc2)cc1	Dopamine D3 receptor	D3R	Ki	GPCR	train	non-cliff	4.95861	11000	-4.04139
CHEMBL234_Ki-1591	CCCN(CCC)CCCCNC(=O)c1ccc(-c2ccccc2)cc1	Dopamine D3 receptor	D3R	Ki	GPCR	train	non-cliff	6.02228	950	-2.97772
CHEMBL234_Ki-1592	CCCN(CCCCNC(=O)c1ccc(-c2ccccc2)cc1)C1CCCCC1	Dopamine D3 receptor	D3R	Ki	GPCR	train	non-cliff	6.85387	140	-2.14613
CHEMBL234_Ki-1593	O=C(Nc1cccc(Cn2ncc(N3CCNCC3)c(Cl)c2=O)c1)c1ccc(-c2ccccc2)cc1	Dopamine D3 receptor	D3R	Ki	GPCR	train	non-cliff	6.09	812.83	-2.91
CHEMBL234_Ki-1594	Cc1ccc(Cn2ncc(N3CCNCC3)c(Cl)c2=O)cc1NC(=O)c1ccc(-c2ccccc2)cc1	Dopamine D3 receptor	D3R	Ki	GPCR	train	non-cliff	6.11	776.25	-2.89
CHEMBL234_Ki-1595	Cc1c(Cn2ncc(N3CCNCC3)c(Cl)c2=O)cccc1NC(=O)c1ccc(-c2ccccc2)cc1	Dopamine D3 receptor	D3R	Ki	GPCR	train	non-cliff	5.45	3548.13	-3.55
CHEMBL234_Ki-1596	CCCN1CCO[C@@H]2c3cc(C(C)=O)ccc3CC[C@H]21	Dopamine D3 receptor	D3R	Ki	GPCR	test	cliff	7.02	95.5	-1.98
CHEMBL234_Ki-1597	CCCN1CCO[C@@H]2c3cc4c(cc3CC[C@H]21)CN(C)C4=O	Dopamine D3 receptor	D3R	Ki	GPCR	test	cliff	5.66	2187.76	-3.34
CHEMBL234_Ki-1598	CCCN1CCO[C@@H]2c3cc4c(cc3CC[C@H]21)CCOC4=O	Dopamine D3 receptor	D3R	Ki	GPCR	train	cliff	6.91999	120.23	-2.08001
CHEMBL234_Ki-1599	CCCN1CCO[C@@H]2c3cc4c(cc3CC[C@H]21)CCNC4=O	Dopamine D3 receptor	D3R	Ki	GPCR	train	cliff	7.41999	38.02	-1.58001
CHEMBL234_Ki-1600	CCCN1CCO[C@@H]2c3cc(C#N)ccc3CC[C@H]21	Dopamine D3 receptor	D3R	Ki	GPCR	train	non-cliff	7.40001	39.81	-1.59999
CHEMBL234_Ki-1601	CCCN1CCO[C@@H]2c3cc4c(=O)[nH]ccc4cc3CC[C@H]21	Dopamine D3 receptor	D3R	Ki	GPCR	test	non-cliff	7.72011	19.05	-1.27989
CHEMBL234_Ki-1602	CCCN1CCO[C@@H]2c3cc4c(cc3CC[C@H]21)COC4=O	Dopamine D3 receptor	D3R	Ki	GPCR	train	cliff	8.11999	7.586	-0.880013
CHEMBL234_Ki-1603	CCCN1CCO[C@@H]2c3cc(C(=O)O)ccc3CC[C@H]21	Dopamine D3 receptor	D3R	Ki	GPCR	train	cliff	5.48	3311.31	-3.52
CHEMBL234_Ki-1604	CCCN1CCO[C@@H]2c3cc(C(=O)Nc4ccc(OC)cc4)ccc3CC[C@H]21	Dopamine D3 receptor	D3R	Ki	GPCR	train	non-cliff	5.56	2754.23	-3.44
CHEMBL234_Ki-1605	CCCN1CCO[C@@H]2c3cc(C(=O)OCC)ccc3CC[C@H]21	Dopamine D3 receptor	D3R	Ki	GPCR	train	non-cliff	5.58	2630.27	-3.42
CHEMBL234_Ki-1606	O=C(CCCN1C2CCC1CN(c1ccc(Cl)cc1)CC2)c1ccc(F)cc1	Dopamine D3 receptor	D3R	Ki	GPCR	train	non-cliff	6.26114	548.1	-2.73886
CHEMBL234_Ki-1607	O=C(CCCN1CCCN(c2ccc(Cl)cc2)CC1)c1ccc(F)cc1	Dopamine D3 receptor	D3R	Ki	GPCR	train	non-cliff	6.79915	158.8	-2.20085
CHEMBL234_Ki-1608	O=C(CCCN1CCN(c2ncccn2)CC1)c1ccc(F)cc1	Dopamine D3 receptor	D3R	Ki	GPCR	train	non-cliff	6.61243	244.1	-2.38757
CHEMBL234_Ki-1609	O=C(CCCN1CC2CC1CN2c1ccc(Cl)cc1)c1ccc(F)cc1	Dopamine D3 receptor	D3R	Ki	GPCR	train	non-cliff	6.65758	220	-2.34242
CHEMBL234_Ki-1610	O=C(CCCN1CC2CCC(C1)N2c1ccccc1)c1ccc(F)cc1	Dopamine D3 receptor	D3R	Ki	GPCR	test	non-cliff	6.22185	600	-2.77815
CHEMBL234_Ki-1611	CN(CCC=C1c2ccccc2CCc2ccccc21)C(=O)Cc1ccc(OCCCN2CCCCC2)cc1	Dopamine D3 receptor	D3R	Ki	GPCR	train	non-cliff	6.48678	326	-2.51322
CHEMBL234_Ki-1612	CN(CCC=C1c2ccccc2CCc2ccccc21)C(=O)c1ccc(OCCCN2CCCCC2)cc1	Dopamine D3 receptor	D3R	Ki	GPCR	train	non-cliff	6.61439	243	-2.38561
CHEMBL234_Ki-1613	CN(CCC=C1c2ccccc2CCc2ccccc21)Cc1ccc(OCCCN2CCCCC2)cc1	Dopamine D3 receptor	D3R	Ki	GPCR	test	non-cliff	7.17393	67	-1.82607
CHEMBL234_Ki-1614	CN(CCCC12CCC(c3ccccc31)c1ccccc12)Cc1ccc(OCCCN2CCCCC2)cc1	Dopamine D3 receptor	D3R	Ki	GPCR	train	non-cliff	6.82681	149	-2.17319
CHEMBL234_Ki-1615	CN(CCCN1c2ccccc2Sc2ccc(Cl)cc21)Cc1ccc(OCCCN2CCCCC2)cc1	Dopamine D3 receptor	D3R	Ki	GPCR	train	non-cliff	7.30103	50	-1.69897
CHEMBL234_Ki-1616	CN(C)CC/C=C1/c2ccccc2Sc2ccc(Cl)cc21	Dopamine D3 receptor	D3R	Ki	GPCR	test	cliff	8.34104	4.56	-0.658965
CHEMBL234_Ki-1617	CN(CC/C=C1\\c2ccccc2Sc2ccc(Cl)cc21)Cc1ccc(OCCCN2CCCCC2)cc1	Dopamine D3 receptor	D3R	Ki	GPCR	test	non-cliff	7.30103	50	-1.69897
CHEMBL234_Ki-1618	Clc1ccc2c(c1)N=C(N1CCN(Cc3ccc(OCCCN4CCCCC4)cc3)CC1)c1ccccc1N2	Dopamine D3 receptor	D3R	Ki	GPCR	train	non-cliff	6.6517	223	-2.3483
CHEMBL234_Ki-1619	OCCN1CCN(CCCN2c3ccccc3Sc3ccc(C(F)(F)F)cc32)CC1	Dopamine D3 receptor	D3R	Ki	GPCR	train	non-cliff	8.76802	1.706	-0.231979
CHEMBL234_Ki-1620	O=C(OCCN1CCN(CCCN2c3ccccc3Sc3ccc(C(F)(F)F)cc32)CC1)c1ccc(OCCCN2CCCCC2)cc1	Dopamine D3 receptor	D3R	Ki	GPCR	train	non-cliff	7.82391	15	-1.17609
CHEMBL234_Ki-1621	OC1(c2ccc(Cl)cc2)CC2CCC(C1)N2Cc1ccc(F)cc1	Dopamine D3 receptor	D3R	Ki	GPCR	train	cliff	6.76447	172	-2.23553
CHEMBL234_Ki-1622	OC1(c2ccc(Cl)cc2)CC2CCC(C1)N2Cc1c[nH]c2ncccc12	Dopamine D3 receptor	D3R	Ki	GPCR	train	cliff	6.89279	128	-2.10721
CHEMBL234_Ki-1623	OC1(c2ccc(Cl)cc2)CC2CCC(C1)N2CCc1c[nH]c2ccccc12	Dopamine D3 receptor	D3R	Ki	GPCR	train	non-cliff	7.74473	18	-1.25527
CHEMBL234_Ki-1624	OC1(c2ccc(Cl)cc2)CCN(Cc2c[nH]c3ccccc23)C1	Dopamine D3 receptor	D3R	Ki	GPCR	train	cliff	5.54151	2874	-3.45849
CHEMBL234_Ki-1625	OC1(c2ccc(Cl)cc2)CCN(CCc2c[nH]c3ccccc23)C1	Dopamine D3 receptor	D3R	Ki	GPCR	train	cliff	5.5123	3074	-3.4877
CHEMBL234_Ki-1626	Clc1ccc(N2CCCN(Cc3c[nH]c4ncccc34)CC2)cc1	Dopamine D3 receptor	D3R	Ki	GPCR	train	cliff	6.4318	370	-2.5682
CHEMBL234_Ki-1627	Clc1ccc(N2CCC3CCC(C2)N3Cc2c[nH]c3ncccc23)cc1	Dopamine D3 receptor	D3R	Ki	GPCR	train	non-cliff	6.47431	335.5	-2.52569
CHEMBL234_Ki-1628	O=C(CCCN1CC2CC1N(c1ccc(Cl)cc1)C2)c1ccc(F)cc1	Dopamine D3 receptor	D3R	Ki	GPCR	test	non-cliff	6.65758	220	-2.34242
CHEMBL234_Ki-1629	Clc1ccc(N2CC3CC2CN3Cc2c[nH]c3ncccc23)cc1	Dopamine D3 receptor	D3R	Ki	GPCR	test	non-cliff	7.95861	11	-1.04139
CHEMBL234_Ki-1630	c1cnc(N2CCN(Cc3c[nH]c4ncccc34)CC2)nc1	Dopamine D3 receptor	D3R	Ki	GPCR	test	cliff	5.82391	1500	-3.17609
CHEMBL234_Ki-1631	Cc1ccc2c3c(ccc2n1)OC[C@H](CN1CCN(c2ccc4cc(C#N)ccc4n2)CC1)O3	Dopamine D3 receptor	D3R	Ki	GPCR	train	non-cliff	5.88074	1316	-3.11926
CHEMBL234_Ki-1632	O=C1N(CCN2Cc3ccccc3C2)CCN1c1cccc(Cl)c1	Dopamine D3 receptor	D3R	Ki	GPCR	train	cliff	8.59998	2.512	-0.40002
CHEMBL234_Ki-1633	O=C1N(CCN2Cc3ccccc3C2)CCN1c1cccc(C(F)(F)F)c1	Dopamine D3 receptor	D3R	Ki	GPCR	train	non-cliff	8.59998	2.512	-0.40002
CHEMBL234_Ki-1634	CC(C)c1cccc(N2CCN(CCN3Cc4ccccc4C3)C2=O)c1	Dopamine D3 receptor	D3R	Ki	GPCR	train	non-cliff	8.19997	6.31	-0.800029
CHEMBL234_Ki-1635	O=C1N(CCN2Cc3ccccc3C2)CCN1c1cc(Cl)cc(Cl)c1	Dopamine D3 receptor	D3R	Ki	GPCR	train	cliff	8.89997	1.259	-0.100026
CHEMBL234_Ki-1636	N#Cc1cc(N2CCN(CCN3Cc4ccccc4C3)C2=O)ccc1F	Dopamine D3 receptor	D3R	Ki	GPCR	train	non-cliff	7.79997	15.85	-1.20003
CHEMBL234_Ki-1637	O=C1N(CCN2Cc3ccccc3C2)CCN1c1ccc(Cl)c(Cl)c1	Dopamine D3 receptor	D3R	Ki	GPCR	test	non-cliff	7.89997	12.59	-1.10003
CHEMBL234_Ki-1638	O=C1N(CCN2Cc3ccccc3C2)CCN1c1cccc(OC(F)(F)F)c1	Dopamine D3 receptor	D3R	Ki	GPCR	test	non-cliff	8.79997	1.585	-0.200029
CHEMBL234_Ki-1639	O=C1N(CCN2Cc3ccccc3C2)CCN1c1ccc(F)c(Cl)c1	Dopamine D3 receptor	D3R	Ki	GPCR	train	cliff	7.70006	19.95	-1.29994
CHEMBL234_Ki-1640	CC(C)Oc1cccc(N2CCN(CCN3Cc4ccccc4C3)C2=O)c1	Dopamine D3 receptor	D3R	Ki	GPCR	train	non-cliff	7.40001	39.81	-1.59999
CHEMBL234_Ki-1641	N#Cc1cccc(N2CCN(CCN3Cc4ccccc4C3)C2=O)c1	Dopamine D3 receptor	D3R	Ki	GPCR	train	non-cliff	8.59998	2.512	-0.40002
CHEMBL234_Ki-1642	O=C1N(CCN2Cc3ccccc3C2)CCN1c1cc(F)cc(Cl)c1	Dopamine D3 receptor	D3R	Ki	GPCR	train	cliff	8.79997	1.585	-0.200029
CHEMBL234_Ki-1643	O=C1N(CCN2Cc3ccccc3C2)CCN1c1cc(Cl)ccc1F	Dopamine D3 receptor	D3R	Ki	GPCR	train	cliff	8.19997	6.31	-0.800029
CHEMBL234_Ki-1644	CC(C)(C)c1ccc(N2CCN(CCN3Cc4ccccc4C3)C2=O)cc1	Dopamine D3 receptor	D3R	Ki	GPCR	test	non-cliff	7	100	-2
CHEMBL234_Ki-1645	O=C1N(CCN2Cc3ccccc3C2)CCN1c1ccc2sccc2c1	Dopamine D3 receptor	D3R	Ki	GPCR	train	non-cliff	7.19997	63.1	-1.80003
CHEMBL234_Ki-1646	Cc1nc2cc(N3CCN(CCN4Cc5ccccc5C4)C3=O)ccc2s1	Dopamine D3 receptor	D3R	Ki	GPCR	train	non-cliff	6.6	251.19	-2.4
CHEMBL234_Ki-1647	Cc1ccc(N2CCN(CCN3Cc4ccccc4C3)C2=O)s1	Dopamine D3 receptor	D3R	Ki	GPCR	test	non-cliff	6.69999	199.53	-2.30001
CHEMBL234_Ki-1648	O=C1N(CCN2Cc3ccccc3C2)CCN1c1csc2ccccc12	Dopamine D3 receptor	D3R	Ki	GPCR	train	non-cliff	6.90001	125.89	-2.09999
CHEMBL234_Ki-1649	O=C1N(CCN2Cc3ccccc3C2)CCN1c1ccc2occc2c1	Dopamine D3 receptor	D3R	Ki	GPCR	train	non-cliff	6.90001	125.89	-2.09999
CHEMBL234_Ki-1650	CC(=O)n1ccc2cc(N3CCN(CCN4Cc5ccccc5C4)C3=O)ccc21	Dopamine D3 receptor	D3R	Ki	GPCR	train	non-cliff	6.3	501.19	-2.7
CHEMBL234_Ki-1651	Cc1ccc(N2CCN(CCN3Cc4ccccc4C3)C2=O)cn1	Dopamine D3 receptor	D3R	Ki	GPCR	train	non-cliff	7.19997	63.1	-1.80003
CHEMBL234_Ki-1652	O=C1N(CCN2Cc3ccccc3C2)CCN1c1cscc1-c1ccccn1	Dopamine D3 receptor	D3R	Ki	GPCR	train	non-cliff	6.69999	199.53	-2.30001
CHEMBL234_Ki-1653	O=C1N(CCN2Cc3ccccc3C2)CCN1Cc1ccccc1	Dopamine D3 receptor	D3R	Ki	GPCR	train	non-cliff	6.2	630.96	-2.8
CHEMBL234_Ki-1654	O=C1N(CCN2Cc3ccccc3C2)CCN1Cc1cccc(Cl)c1	Dopamine D3 receptor	D3R	Ki	GPCR	train	cliff	6.90001	125.89	-2.09999
CHEMBL234_Ki-1655	O=C1N(CCN2Cc3ccccc3C2)CCN1Cc1cccc(C(F)(F)F)c1	Dopamine D3 receptor	D3R	Ki	GPCR	train	non-cliff	7.89997	12.59	-1.10003
CHEMBL234_Ki-1656	O=C1N(CCN2Cc3ccccc3C2)CCN1Cc1ccc(Cl)c(Cl)c1	Dopamine D3 receptor	D3R	Ki	GPCR	test	cliff	7.10002	79.43	-1.89998
CHEMBL234_Ki-1657	O=C1N(CCN2Cc3ccccc3C2)CCN1Cc1cc(Cl)ccc1Cl	Dopamine D3 receptor	D3R	Ki	GPCR	train	cliff	6.8	158.49	-2.2
CHEMBL234_Ki-1658	O=C1N(CCN2Cc3ccccc3C2)CCN1Cc1ccc(Cl)cc1	Dopamine D3 receptor	D3R	Ki	GPCR	test	cliff	6.8	158.49	-2.2
CHEMBL234_Ki-1659	O=C1N(CCN2Cc3ccccc3C2)CCN1Cc1ccccc1Cl	Dopamine D3 receptor	D3R	Ki	GPCR	train	non-cliff	6.3	501.19	-2.7
CHEMBL234_Ki-1660	CC(c1cccc(C(F)(F)F)c1)N1CCN(CCN2Cc3ccccc3C2)C1=O	Dopamine D3 receptor	D3R	Ki	GPCR	train	non-cliff	6.3	501.19	-2.7
CHEMBL234_Ki-1661	CC1CCCN(CCN2CCN(c3cccc(Cl)c3)C2=O)C1	Dopamine D3 receptor	D3R	Ki	GPCR	train	cliff	8.19997	6.31	-0.800029
CHEMBL234_Ki-1662	CC1CCCCN1CCN1CCN(c2cccc(Cl)c2)C1=O	Dopamine D3 receptor	D3R	Ki	GPCR	train	non-cliff	8.10002	7.943	-0.899985
CHEMBL234_Ki-1663	CC1CCN(CCN2CCN(c3cccc(Cl)c3)C2=O)CC1	Dopamine D3 receptor	D3R	Ki	GPCR	train	cliff	8.59998	2.512	-0.40002
CHEMBL234_Ki-1664	O=C1N(CCN2CCC(C(F)(F)F)CC2)CCN1c1cccc(O)c1	Dopamine D3 receptor	D3R	Ki	GPCR	train	cliff	8.89997	1.259	-0.100026
CHEMBL234_Ki-1665	O=C1N(CCN2CCC(C(F)(F)F)CC2)CCN1c1cccc(I)c1	Dopamine D3 receptor	D3R	Ki	GPCR	test	cliff	9	1	-0
CHEMBL234_Ki-1666	O=C1N(CCN2CCC(C(F)(F)F)CC2)CCN1c1cccc(Cl)c1	Dopamine D3 receptor	D3R	Ki	GPCR	train	cliff	8.79997	1.585	-0.200029
CHEMBL234_Ki-1667	O=C1N(CCN2CCC(C(F)(F)F)CC2)CCN1c1cccc(OC(F)(F)F)c1	Dopamine D3 receptor	D3R	Ki	GPCR	train	non-cliff	8.29999	5.012	-0.700011
CHEMBL234_Ki-1668	N#Cc1cc(N2CCN(CCN3CCC(C(F)(F)F)CC3)C2=O)ccc1F	Dopamine D3 receptor	D3R	Ki	GPCR	train	non-cliff	8.10002	7.943	-0.899985
CHEMBL234_Ki-1669	COc1cccc(N2CCN(CCN3CCC(C(F)(F)F)CC3)C2=O)c1	Dopamine D3 receptor	D3R	Ki	GPCR	train	non-cliff	8	10	-1
CHEMBL234_Ki-1670	O=C1N(CCN2CCC(C(F)(F)F)CC2)CCN1c1cccc(Cl)c1F	Dopamine D3 receptor	D3R	Ki	GPCR	train	cliff	7.40001	39.81	-1.59999
CHEMBL234_Ki-1671	CC(C)N1CCN(CCN2CCN(c3cccc(C#N)c3)C2=O)CC1	Dopamine D3 receptor	D3R	Ki	GPCR	train	cliff	8.40001	3.981	-0.599992
CHEMBL234_Ki-1672	CC(C)N1CCN(CCN2CCN(c3cccc(OC(F)(F)F)c3)C2=O)CC1	Dopamine D3 receptor	D3R	Ki	GPCR	train	non-cliff	8.50004	3.162	-0.499962
CHEMBL234_Ki-1673	CC(C)N1CCN(CCN2CCN(c3ccc(F)c(C#N)c3)C2=O)CC1	Dopamine D3 receptor	D3R	Ki	GPCR	train	cliff	6.90001	125.89	-2.09999
CHEMBL234_Ki-1674	CC(C)N1CCN(CCN2CCN(c3cccc(Cl)c3F)C2=O)CC1	Dopamine D3 receptor	D3R	Ki	GPCR	test	cliff	6.8	158.49	-2.2
CHEMBL234_Ki-1675	COc1cccc(N2CCN(CCN3CCN(C(C)C)CC3)C2=O)c1	Dopamine D3 receptor	D3R	Ki	GPCR	train	cliff	6.8	158.49	-2.2
CHEMBL234_Ki-1676	CC(C)N1CCN(CCN2CCN(c3cccc(Cl)c3)C2=O)CC1	Dopamine D3 receptor	D3R	Ki	GPCR	train	cliff	8.10002	7.943	-0.899985
CHEMBL234_Ki-1677	CN1CCN(CCN2CCN(c3cccc(Cl)c3)C2=O)CC1	Dopamine D3 receptor	D3R	Ki	GPCR	train	cliff	6.8	158.49	-2.2
CHEMBL234_Ki-1678	COc1ccccc1N1CCN(Cc2c(C)[nH]c3nc(N(C)C)ncc23)CC1	Dopamine D3 receptor	D3R	Ki	GPCR	train	non-cliff	5.21467	6100	-3.78533
CHEMBL234_Ki-1679	COc1ccccc1N1CCN(Cc2c(C)nc3cc(C)nc(C)n23)CC1	Dopamine D3 receptor	D3R	Ki	GPCR	train	cliff	5.46852	3400	-3.53148
CHEMBL234_Ki-1680	COc1ccc(N2CCN(Cc3c(C)nc4cc(C)nc(C)n34)CC2)cc1	Dopamine D3 receptor	D3R	Ki	GPCR	train	cliff	8.07058	8.5	-0.929419
CHEMBL234_Ki-1681	COc1ccccc1N1CCN(Cc2c(C)nc3cc(C)ncn23)CC1	Dopamine D3 receptor	D3R	Ki	GPCR	train	cliff	4.17393	67000	-4.82607
CHEMBL234_Ki-1682	COc1ccc(N2CCN(Cc3c(C)nc4cc(C)ncn34)CC2)cc1	Dopamine D3 receptor	D3R	Ki	GPCR	train	cliff	4.88606	13000	-4.11394
CHEMBL234_Ki-1683	COc1ccccc1N1CCN(Cc2cc3c(=O)[nH]c(N(C)C)nc3[nH]2)CC1	Dopamine D3 receptor	D3R	Ki	GPCR	train	non-cliff	6.01773	960	-2.98227
CHEMBL234_Ki-1684	Clc1nccc2c(CN3CCN(c4ccccc4)CC3)c[nH]c12	Dopamine D3 receptor	D3R	Ki	GPCR	train	non-cliff	5.21467	6100	-3.78533
CHEMBL234_Ki-1685	Cc1cc2nc(C)c(CN3CCN(c4ccccc4)CC3)n2c(C)n1	Dopamine D3 receptor	D3R	Ki	GPCR	train	non-cliff	5.37675	4200	-3.62325
CHEMBL234_Ki-1686	Cc1cc2nc(C)c(CN3CCN(c4ccc(Cl)cc4)CC3)n2c(C)n1	Dopamine D3 receptor	D3R	Ki	GPCR	test	non-cliff	5.50864	3100	-3.49136
CHEMBL234_Ki-1687	Cc1cc2nc(C)c(CN3CCN(c4ccc(Cl)c(Cl)c4)CC3)n2c(C)n1	Dopamine D3 receptor	D3R	Ki	GPCR	train	non-cliff	5.88606	1300	-3.11394
CHEMBL234_Ki-1688	Cc1cc2nc(C)c(CN3CCN(c4ccccn4)CC3)n2c(C)n1	Dopamine D3 receptor	D3R	Ki	GPCR	train	cliff	6.19382	640	-2.80618
CHEMBL234_Ki-1689	Cc1cc2nc(C)c(CN3CCN(c4ccc(F)cc4)CC3)n2c(C)n1	Dopamine D3 receptor	D3R	Ki	GPCR	train	cliff	4.65758	22000	-4.34242
CHEMBL234_Ki-1690	COc1ccccc1N1CCN(Cc2cnc3cc(C)nc(C)n23)CC1	Dopamine D3 receptor	D3R	Ki	GPCR	train	non-cliff	5.82391	1500	-3.17609
CHEMBL234_Ki-1691	Cn1c(N2CCCC2)nc2c(CN3CCN(c4ccccc4)CC3)c[nH]c2c1=O	Dopamine D3 receptor	D3R	Ki	GPCR	test	non-cliff	6.48149	330	-2.51851
CHEMBL234_Ki-1692	Cn1c(N2CCCC2)nc2c(CN3CCN(c4ccc(Cl)c(Cl)c4)CC3)c[nH]c2c1=O	Dopamine D3 receptor	D3R	Ki	GPCR	train	non-cliff	6.31876	480	-2.68124
CHEMBL234_Ki-1693	Cn1c(N2CCCC2)nc2c(CN3CCN(c4ccccn4)CC3)c[nH]c2c1=O	Dopamine D3 receptor	D3R	Ki	GPCR	train	non-cliff	6.50864	310	-2.49136
CHEMBL234_Ki-1694	Cn1c(N2CCCC2)nc2c(CN3CCN(c4ccc(F)cc4)CC3)c[nH]c2c1=O	Dopamine D3 receptor	D3R	Ki	GPCR	train	non-cliff	6.20066	630	-2.79934
CHEMBL234_Ki-1695	Cn1c(N2CCOCC2)nc2c(CN3CCN(c4ccccc4)CC3)c[nH]c2c1=O	Dopamine D3 receptor	D3R	Ki	GPCR	train	non-cliff	5.56864	2700	-3.43136
CHEMBL234_Ki-1696	CCN(CC)CCN1CCN(c2cccc(Cl)c2)C1=O	Dopamine D3 receptor	D3R	Ki	GPCR	train	non-cliff	8.59998	2.512	-0.40002
CHEMBL234_Ki-1697	COC[C@@H]1CCCN1N1CCN(c2cccc(Cl)c2)C1=O	Dopamine D3 receptor	D3R	Ki	GPCR	train	non-cliff	7.10002	79.43	-1.89998
CHEMBL234_Ki-1698	CC1(C)C[C@@H]2C[C@@](C)(CN2CCN2CCN(c3cccc(Cl)c3)C2=O)C1	Dopamine D3 receptor	D3R	Ki	GPCR	train	non-cliff	7.89997	12.59	-1.10003
CHEMBL234_Ki-1699	O=C1N(CCN2C[C@H]3CC[C@@H]2C3)CCN1c1cccc(Cl)c1	Dopamine D3 receptor	D3R	Ki	GPCR	test	non-cliff	8.59998	2.512	-0.40002
CHEMBL234_Ki-1700	COCC1[C@@H]2CC[C@H]1CN(CCN1CCN(c3cccc(Cl)c3)C1=O)C2	Dopamine D3 receptor	D3R	Ki	GPCR	train	non-cliff	6.8	158.49	-2.2
CHEMBL234_Ki-1701	C[C@@]12CC(c3ccccc3)C[C@@H](C1)N(CCN1CCN(c3cccc(Cl)c3)C1=O)C2	Dopamine D3 receptor	D3R	Ki	GPCR	train	non-cliff	7.70006	19.95	-1.29994
CHEMBL234_Ki-1702	O=C1N(CCN2C[C@H]3CC[C@H](CC3)C2)CCN1c1cccc(Cl)c1	Dopamine D3 receptor	D3R	Ki	GPCR	test	non-cliff	8.50004	3.162	-0.499962
CHEMBL234_Ki-1703	CC1(C)[C@H]2CC[C@]1(C)CN(CCN1CCN(c3cccc(Cl)c3)C1=O)C2	Dopamine D3 receptor	D3R	Ki	GPCR	train	non-cliff	7.79997	15.85	-1.20003
CHEMBL234_Ki-1704	O=C1N(CCN2C[C@@H]3CC[C@H]2Cc2ccccc2C3)CCN1c1cccc(Cl)c1	Dopamine D3 receptor	D3R	Ki	GPCR	test	non-cliff	8.59998	2.512	-0.40002
CHEMBL234_Ki-1705	O=C1N(CCN2[C@H]3CCC[C@@H]2CC3)CCN1c1cccc(Cl)c1	Dopamine D3 receptor	D3R	Ki	GPCR	test	non-cliff	8.89997	1.259	-0.100026
CHEMBL234_Ki-1706	COc1cccc(C2CCCN(CCN3CCN(c4cccc(Cl)c4)C3=O)C2)c1	Dopamine D3 receptor	D3R	Ki	GPCR	train	non-cliff	6.2	630.96	-2.8
CHEMBL234_Ki-1707	O=C1N(CCN2CCCC(OCc3ccccc3)C2)CCN1c1cccc(Cl)c1	Dopamine D3 receptor	D3R	Ki	GPCR	train	cliff	7	100	-2
CHEMBL234_Ki-1708	O=C1N(CCN2CCC(c3ccc(Cl)cc3)CC2)CCN1c1cccc(Cl)c1	Dopamine D3 receptor	D3R	Ki	GPCR	test	cliff	7.29999	50.12	-1.70001
CHEMBL234_Ki-1709	COc1cccc(CCN(C)CCN2CCN(c3cccc(Cl)c3)C2=O)c1	Dopamine D3 receptor	D3R	Ki	GPCR	train	non-cliff	6.90001	125.89	-2.09999
CHEMBL234_Ki-1710	COc1ccc(CCN(C)CCN2CCN(c3cccc(Cl)c3)C2=O)cc1OC	Dopamine D3 receptor	D3R	Ki	GPCR	test	non-cliff	6.90001	125.89	-2.09999
CHEMBL234_Ki-1711	O=C1N(CCN2CCC(c3nnc(-c4ccccc4)o3)CC2)CCN1c1cccc(Cl)c1	Dopamine D3 receptor	D3R	Ki	GPCR	train	non-cliff	6.8	158.49	-2.2
CHEMBL234_Ki-1712	CN(CCN1CCN(c2cccc(Cl)c2)C1=O)Cc1cc2ccccc2s1	Dopamine D3 receptor	D3R	Ki	GPCR	train	non-cliff	7.50004	31.62	-1.49996
CHEMBL234_Ki-1713	Cc1cc(CN(C)CCN2CCN(c3cccc(Cl)c3)C2=O)on1	Dopamine D3 receptor	D3R	Ki	GPCR	test	non-cliff	6.90001	125.89	-2.09999
CHEMBL234_Ki-1714	O=C1N(CCN2CCCc3sccc3C2)CCN1c1cccc(Cl)c1	Dopamine D3 receptor	D3R	Ki	GPCR	train	non-cliff	9.19997	0.631	0.199971
CHEMBL234_Ki-1715	CC1(C)[C@@H]2CC[C@]13CCN(CCN1CCN(c4cccc(Cl)c4)C1=O)C3C2	Dopamine D3 receptor	D3R	Ki	GPCR	test	non-cliff	7.59998	25.12	-1.40002
CHEMBL234_Ki-1716	CN(CCN1CCN(c2cccc(Cl)c2)C1=O)C[C@]12CC[C@H](CC1)C2(C)C	Dopamine D3 receptor	D3R	Ki	GPCR	train	non-cliff	8.19997	6.31	-0.800029
CHEMBL234_Ki-1717	CN(CCN1CCN(c2cccc(C(F)(F)F)c2)C1=O)C[C@]12CC[C@H](CC1)C2(C)C	Dopamine D3 receptor	D3R	Ki	GPCR	train	non-cliff	8.79997	1.585	-0.200029
CHEMBL234_Ki-1718	Cc1ccc(N2CCN(CCN(C)C[C@]34CC[C@H](CC3)C4(C)C)C2=O)cc1	Dopamine D3 receptor	D3R	Ki	GPCR	train	non-cliff	7.59998	25.12	-1.40002
CHEMBL234_Ki-1719	COc1cccc(N2CCN(CCN(C)C[C@]34CC[C@H](CC3)C4(C)C)C2=O)c1	Dopamine D3 receptor	D3R	Ki	GPCR	test	non-cliff	8.29999	5.012	-0.700011
CHEMBL234_Ki-1720	Cc1cccc(N2CCN(CCN(C)C[C@]34CC[C@H](CC3)C4(C)C)C2=O)c1	Dopamine D3 receptor	D3R	Ki	GPCR	train	non-cliff	7.70006	19.95	-1.29994
CHEMBL234_Ki-1721	CN(CCN1CCN(c2ccccc2)C1=O)C[C@]12CC[C@H](CC1)C2(C)C	Dopamine D3 receptor	D3R	Ki	GPCR	test	non-cliff	8	10	-1
CHEMBL234_Ki-1722	CN(CCN1CCN(c2ccc(F)cc2)C1=O)C[C@]12CC[C@H](CC1)C2(C)C	Dopamine D3 receptor	D3R	Ki	GPCR	test	non-cliff	7.40001	39.81	-1.59999
CHEMBL234_Ki-1723	CN(CCN1CCN(c2ccc3c(c2)OCO3)C1=O)C[C@]12CC[C@H](CC1)C2(C)C	Dopamine D3 receptor	D3R	Ki	GPCR	train	non-cliff	7.29999	50.12	-1.70001
CHEMBL234_Ki-1724	COc1ccccc1N1CCN(CCNC(=O)c2cn(-c3ccc([N+](=O)[O-])cc3)nn2)CC1	Dopamine D3 receptor	D3R	Ki	GPCR	test	non-cliff	8.3098	4.9	-0.690196
CHEMBL234_Ki-1725	O=C(NCCCCN1CCN(c2cccc(Cl)c2Cl)CC1)c1cn(-c2ccc([N+](=O)[O-])cc2)nn1	Dopamine D3 receptor	D3R	Ki	GPCR	train	cliff	6.49485	320	-2.50515
CHEMBL234_Ki-1726	COc1ccc(-n2cc(C(=O)NCCCCN3CCN(c4cccc(Cl)c4Cl)CC3)nn2)cc1	Dopamine D3 receptor	D3R	Ki	GPCR	test	non-cliff	7.33724	46	-1.66276
CHEMBL234_Ki-1727	O=C(CCCc1cn(-c2ccc([N+](=O)[O-])cc2)nn1)NCCCCN1CCN(c2cccc(Cl)c2Cl)CC1	Dopamine D3 receptor	D3R	Ki	GPCR	train	non-cliff	5.65758	2200	-3.34242
CHEMBL234_Ki-1728	COc1ccc(-n2cc(CCCC(=O)NCCCCN3CCN(c4cccc(Cl)c4Cl)CC3)nn2)cc1	Dopamine D3 receptor	D3R	Ki	GPCR	train	non-cliff	7.08092	83	-1.91908
CHEMBL234_Ki-1729	O=C1CC(CN2CCC(c3noc4cc(F)ccc34)CC2)Cc2ncncc21	Dopamine D3 receptor	D3R	Ki	GPCR	train	non-cliff	6.55	281.84	-2.45
CHEMBL234_Ki-1730	CSc1ncc2c(n1)CC(CN1CCC(c3noc4cc(F)ccc34)CC1)CC2=O	Dopamine D3 receptor	D3R	Ki	GPCR	train	non-cliff	7.34998	44.67	-1.65002
CHEMBL234_Ki-1731	CNc1ncc2c(n1)CC(CN1CCC(c3noc4cc(F)ccc34)CC1)CC2=O	Dopamine D3 receptor	D3R	Ki	GPCR	test	non-cliff	6.69999	199.53	-2.30001
CHEMBL234_Ki-1732	COc1ccccc1N1CCN(CCCCNC(=O)c2cccc(-c3cn(Cc4ccc(-c5ccc(Cn6cc(-c7cccc(C(=O)NCCCCN8CCN(c9ccccc9OC)CC8)c7)nn6)cc5)cc4)nn3)c2)CC1	Dopamine D3 receptor	D3R	Ki	GPCR	test	non-cliff	6.63827	230	-2.36173
CHEMBL234_Ki-1733	COc1ccccc1N1CCN(CCCCNC(=O)c2ccc(-c3cn(Cc4ccc(-c5ccc(Cn6cc(-c7ccc(C(=O)NCCCCN8CCN(c9ccccc9OC)CC8)cc7)nn6)cc5)cc4)nn3)cc2)CC1	Dopamine D3 receptor	D3R	Ki	GPCR	train	non-cliff	7.1549	70	-1.8451
CHEMBL234_Ki-1734	CCCN(CCN1CCN(c2ccc(-c3ccncc3)cc2)CC1)[C@H]1CCc2nc(N)sc2C1	Dopamine D3 receptor	D3R	Ki	GPCR	train	non-cliff	8.32057	4.78	-0.679428
CHEMBL234_Ki-1735	CCCN(CCN1CCN(c2ccnc3ccccc23)CC1)C1CCc2ccc(O)cc2C1	Dopamine D3 receptor	D3R	Ki	GPCR	train	non-cliff	8.57675	2.65	-0.423246
CHEMBL234_Ki-1736	CCCN(CCN1CCN(c2nccc3ccccc23)CC1)[C@H]1CCc2nc(N)sc2C1	Dopamine D3 receptor	D3R	Ki	GPCR	test	non-cliff	8.6517	2.23	-0.348305
CHEMBL234_Ki-1737	CCCN(CCN1CCN(c2cccc3ncccc23)CC1)C1CCc2ccc(O)cc2C1	Dopamine D3 receptor	D3R	Ki	GPCR	train	non-cliff	8.8962	1.27	-0.103804
CHEMBL234_Ki-1738	CCCN(CCN1CCN(c2ccc(-c3ccccc3)cc2)CC1)[C@H]1CCc2nc(N)sc2C1	Dopamine D3 receptor	D3R	Ki	GPCR	test	cliff	9.03621	0.92	0.0362122
CHEMBL234_Ki-1739	CCCN(CCN1CCN(c2ccc3ccccc3c2)CC1)C1CCc2ccc(O)cc2C1	Dopamine D3 receptor	D3R	Ki	GPCR	train	cliff	9.16431	0.685	0.164309
CHEMBL234_Ki-1740	CCCN(CCN1CCN(c2ccnc3ccccc23)CC1)[C@H]1CCc2nc(N)sc2C1	Dopamine D3 receptor	D3R	Ki	GPCR	train	cliff	8.58336	2.61	-0.416641
CHEMBL234_Ki-1741	CCCN(CCN1CCN(c2cccc3ncccc23)CC1)[C@H]1CCc2nc(N)sc2C1	Dopamine D3 receptor	D3R	Ki	GPCR	test	non-cliff	8.91721	1.21	-0.0827854
CHEMBL234_Ki-1742	CCCN(CCN1CCN(c2cccc3ccccc23)CC1)C1CCc2ccc(O)cc2C1	Dopamine D3 receptor	D3R	Ki	GPCR	train	cliff	9.36151	0.435	0.361511
CHEMBL234_Ki-1743	CCCN(CCN1CCN(c2nccc3ccccc23)CC1)C1CCc2ccc(O)cc2C1	Dopamine D3 receptor	D3R	Ki	GPCR	train	cliff	9.35556	0.441	0.355561
CHEMBL234_Ki-1744	CCCN(CCN1CCN(C(=O)c2cc3ccccc3[nH]2)CC1)[C@H]1CCc2c(O)cccc2C1	Dopamine D3 receptor	D3R	Ki	GPCR	train	non-cliff	9.24413	0.57	0.244125
CHEMBL234_Ki-1745	CC1=NC2C=C3CCN(CCCSc4nnc(-c5cccc6nc(C)ccc56)n4C)CCC3=CC2O1	Dopamine D3 receptor	D3R	Ki	GPCR	test	cliff	7.19997	63.1	-1.80003
CHEMBL234_Ki-1746	CN(CCN1CCN(C2COOC2)C1=O)C[C@]12CC[C@H](CC1)C2(C)C	Dopamine D3 receptor	D3R	Ki	GPCR	train	non-cliff	7.29999	50.12	-1.70001
CHEMBL234_Ki-1747	COc1ccc2c(c1)CCN1Cc3ccccc3CC21	Dopamine D3 receptor	D3R	Ki	GPCR	train	non-cliff	6.60033	251	-2.39967
CHEMBL234_Ki-1748	Oc1ccc2c(c1)CCN1Cc3ccccc3CC21	Dopamine D3 receptor	D3R	Ki	GPCR	test	non-cliff	6.51357	306.5	-2.48643
CHEMBL234_Ki-1749	COc1cc2c3c(c1OC)-c1cc4c(cc1CC3N(C)CC2)OCO4	Dopamine D3 receptor	D3R	Ki	GPCR	train	non-cliff	6.51004	309	-2.48996
CHEMBL234_Ki-1750	Cn1c(CN2CCC(c3ccccc3)CC2)nc2ccccc21	Dopamine D3 receptor	D3R	Ki	GPCR	train	non-cliff	6.90001	125.89	-2.09999
CHEMBL234_Ki-1751	Cn1c(CN2CCC(c3ccccc3F)CC2)nc2ccccc21	Dopamine D3 receptor	D3R	Ki	GPCR	train	non-cliff	7	100	-2
CHEMBL234_Ki-1752	Cn1c(CN2CCC(c3ccc(Cl)cc3)CC2)nc2ccccc21	Dopamine D3 receptor	D3R	Ki	GPCR	train	non-cliff	6.5	316.23	-2.5
CHEMBL234_Ki-1753	Cn1c(CN2CCC(c3ccccc3C(F)(F)F)CC2)nc2ccccc21	Dopamine D3 receptor	D3R	Ki	GPCR	train	non-cliff	6.3	501.19	-2.7
CHEMBL234_Ki-1754	Cn1c(CN2CCC(c3cccc(Cl)c3)CC2)nc2ccccc21	Dopamine D3 receptor	D3R	Ki	GPCR	train	non-cliff	5.8	1584.89	-3.2
CHEMBL234_Ki-1755	Cn1c(CN2CCC(c3nsc4ccccc34)CC2)nc2ccccc21	Dopamine D3 receptor	D3R	Ki	GPCR	train	non-cliff	5.4	3981.07	-3.6
CHEMBL234_Ki-1756	Cn1c(CN2CCC(c3ncc(C(F)(F)F)cc3Cl)CC2)nc2ccccc21	Dopamine D3 receptor	D3R	Ki	GPCR	train	non-cliff	5.8	1584.89	-3.2
CHEMBL234_Ki-1757	Cn1c(CN2CCN(c3ncc(C(F)(F)F)cc3Cl)CC2)nc2ccccc21	Dopamine D3 receptor	D3R	Ki	GPCR	train	non-cliff	5.3	5011.87	-3.7
CHEMBL234_Ki-1758	CCCN(CCN1CCN(c2ccnc3ccccc23)CC1)[C@H]1CCc2c(O)cccc2C1	Dopamine D3 receptor	D3R	Ki	GPCR	train	cliff	9.73049	0.186	0.730487
CHEMBL234_Ki-1759	CCCN(CCN1CCN(c2ccc(O)c3ncccc23)CC1)C1CCc2ccc(O)cc2C1	Dopamine D3 receptor	D3R	Ki	GPCR	train	cliff	8.25414	5.57	-0.745855
CHEMBL234_Ki-1760	CCCN(CCN1CCN(c2ccnc3c(O)cccc23)CC1)C1CCc2c(O)cccc2C1	Dopamine D3 receptor	D3R	Ki	GPCR	train	non-cliff	8.88107	1.315	-0.118926
CHEMBL234_Ki-1761	CCCN(CCN1CCN(c2ccnc3c(O)cccc23)CC1)C1CCc2ccc(O)cc2C1	Dopamine D3 receptor	D3R	Ki	GPCR	train	non-cliff	8.9813	1.044	-0.0187005
CHEMBL234_Ki-1762	CCCN(CCN1CCN(c2ccc(O)c3ncccc23)CC1)C1CCc2c(O)cccc2C1	Dopamine D3 receptor	D3R	Ki	GPCR	test	cliff	8.43063	3.71	-0.569374
CHEMBL234_Ki-1763	O=C1N(CCN2CCCCCC2)CCN1c1cccc(Cl)c1	Dopamine D3 receptor	D3R	Ki	GPCR	train	cliff	8.29999	5.012	-0.700011
CHEMBL234_Ki-1764	CN1CCCCC1CN1CCN(c2cccc(Cl)c2)C1=O	Dopamine D3 receptor	D3R	Ki	GPCR	test	non-cliff	8.40001	3.981	-0.599992
CHEMBL234_Ki-1765	O=C1N(CCN2CCCCCC2)CCN1c1ccc(Cl)cc1	Dopamine D3 receptor	D3R	Ki	GPCR	train	cliff	7.10002	79.43	-1.89998
CHEMBL234_Ki-1766	O=C1N(CCN2CCCCCC2)CCN1c1cc(Cl)cc(Cl)c1	Dopamine D3 receptor	D3R	Ki	GPCR	train	non-cliff	8.79997	1.585	-0.200029
CHEMBL234_Ki-1767	Cc1cccc(N2CCN(CCN3CCCCCC3)C2=O)c1	Dopamine D3 receptor	D3R	Ki	GPCR	train	cliff	7.10002	79.43	-1.89998
CHEMBL234_Ki-1768	Cc1ccc(N2CCN(CCN3CCCCCC3)C2=O)cc1	Dopamine D3 receptor	D3R	Ki	GPCR	test	non-cliff	6.90001	125.89	-2.09999
CHEMBL234_Ki-1769	COc1cccc(N2CCN(CCN3CCCCCC3)C2=O)c1	Dopamine D3 receptor	D3R	Ki	GPCR	train	non-cliff	7.29999	50.12	-1.70001
CHEMBL234_Ki-1770	O=C1N(CCN2CCCCCC2)CCN1c1cccc(C(F)(F)F)c1	Dopamine D3 receptor	D3R	Ki	GPCR	train	non-cliff	9	1	-0
CHEMBL234_Ki-1771	O=C1N(CCN2CCCCCC2)CCN1c1ccccc1	Dopamine D3 receptor	D3R	Ki	GPCR	train	non-cliff	7.19997	63.1	-1.80003
CHEMBL234_Ki-1772	O=C1N(CCN2CCCCCC2)CCN1c1cccc(F)c1	Dopamine D3 receptor	D3R	Ki	GPCR	train	cliff	7.79997	15.85	-1.20003
CHEMBL234_Ki-1773	O=C1N(CCN2CCCCCC2)CCN1c1ccc(F)cc1	Dopamine D3 receptor	D3R	Ki	GPCR	test	cliff	6.6	251.19	-2.4
CHEMBL234_Ki-1774	O=C1N(CCN2CCCCCC2)CCN1c1ccc(F)c(Cl)c1	Dopamine D3 receptor	D3R	Ki	GPCR	train	non-cliff	7.59998	25.12	-1.40002
CHEMBL234_Ki-1775	O=C1N(CCN2CCCCCC2)CCN1c1cccnc1	Dopamine D3 receptor	D3R	Ki	GPCR	train	non-cliff	7.10002	79.43	-1.89998
CHEMBL234_Ki-1776	O=S1(=O)N(CCN2CCCCCC2)CCN1c1cccc(Cl)c1	Dopamine D3 receptor	D3R	Ki	GPCR	train	non-cliff	6.5	316.23	-2.5
CHEMBL234_Ki-1777	O=c1n(CCCN2CCCCCC2)ccn1-c1cccc(Cl)c1	Dopamine D3 receptor	D3R	Ki	GPCR	test	non-cliff	6.90001	125.89	-2.09999
CHEMBL234_Ki-1778	O=C1N(CC2CCCCN2)CCN1c1cccc(Cl)c1	Dopamine D3 receptor	D3R	Ki	GPCR	train	non-cliff	8.40001	3.981	-0.599992
CHEMBL234_Ki-1779	O=C1N(CC2CCCCN2)CCN1c1cccc(C(F)(F)F)c1	Dopamine D3 receptor	D3R	Ki	GPCR	test	non-cliff	9.59998	0.2512	0.59998
CHEMBL234_Ki-1780	CN1CCc2ccccc2Cc2c([nH]c3ccccc23)CC1	Dopamine D3 receptor	D3R	Ki	GPCR	train	cliff	6.28988	513	-2.71012
CHEMBL234_Ki-1781	CN1CCc2ccccc2Cc2c[nH]c3cccc(c23)CC1	Dopamine D3 receptor	D3R	Ki	GPCR	train	cliff	7.36754	42.9	-1.63246
CHEMBL234_Ki-1782	Cc1ncoc1-c1nnc(SCCCN2CC3CC3(c3ccc(Cl)cc3)C2)n1C	Dopamine D3 receptor	D3R	Ki	GPCR	train	cliff	9.08168	0.82855	0.0816813
CHEMBL234_Ki-1783	Cc1ncoc1-c1nnc(SCCCN2CC3CC3(c3ccc(F)cc3)C2)n1C	Dopamine D3 receptor	D3R	Ki	GPCR	train	cliff	8.14712	7.1265	-0.852876
CHEMBL234_Ki-1784	Cc1ncoc1-c1nnc(SCCCN2CC3CC3(c3ccc(Br)cc3)C2)n1C	Dopamine D3 receptor	D3R	Ki	GPCR	train	cliff	8.92207	1.19655	-0.0779309
CHEMBL234_Ki-1785	Cc1ncoc1-c1nnc(SCCCN2CC3CC3(c3cccc(F)c3)C2)n1C	Dopamine D3 receptor	D3R	Ki	GPCR	train	cliff	8.29999	5.012	-0.700011
CHEMBL234_Ki-1786	Cc1ncoc1-c1nnc(SCCCN2CC3CC3(c3ccc(Cl)cc3F)C2)n1C	Dopamine D3 receptor	D3R	Ki	GPCR	train	non-cliff	8.35546	4.411	-0.644537
CHEMBL234_Ki-1787	COc1cccc(C23CC2CN(CCCSc2nnc(-c4ocnc4C)n2C)C3)c1	Dopamine D3 receptor	D3R	Ki	GPCR	train	non-cliff	8.34955	4.4715	-0.650453
CHEMBL234_Ki-1788	Cc1ncoc1-c1nnc(SCCCN2CC3CC3(c3ccc(C(F)(F)F)c(F)c3)C2)n1C	Dopamine D3 receptor	D3R	Ki	GPCR	train	cliff	9.24711	0.5661	0.247107
CHEMBL234_Ki-1789	COc1ccc(C23CC2CN(CCCSc2nnc(-c4ocnc4C)n2C)C3)cc1C(F)(F)F	Dopamine D3 receptor	D3R	Ki	GPCR	train	non-cliff	8.89997	1.259	-0.100026
CHEMBL234_Ki-1790	COc1ccc(C23CC2CN(CCCSc2nnc(-c4ocnc4C)n2C)C3)cc1Cl	Dopamine D3 receptor	D3R	Ki	GPCR	train	non-cliff	8.3886	4.087	-0.611405
CHEMBL234_Ki-1791	Cc1ncoc1-c1nnc(SCCCN2CC3CC3(c3cc(C(F)(F)F)ccc3F)C2)n1C	Dopamine D3 receptor	D3R	Ki	GPCR	test	non-cliff	8.55549	2.783	-0.444513
CHEMBL234_Ki-1792	Cc1cc(C(F)(F)F)ccc1C12CC1CN(CCCSc1nnc(-c3ocnc3C)n1C)C2	Dopamine D3 receptor	D3R	Ki	GPCR	train	non-cliff	7	100	-2
CHEMBL234_Ki-1793	Cc1ncoc1-c1nnc(SCCCN2CC3CC3(c3ccc(F)c(C(F)(F)F)c3)C2)n1C	Dopamine D3 receptor	D3R	Ki	GPCR	train	cliff	9.122	0.7551	0.121996
CHEMBL234_Ki-1794	Cc1ncoc1-c1nnc(SCCCN2CC3CC3(c3cccc(C(F)(F)F)c3F)C2)n1C	Dopamine D3 receptor	D3R	Ki	GPCR	train	cliff	8.98858	1.02665	-0.0114224
CHEMBL234_Ki-1795	Cc1ncoc1-c1nnc(SCCCN2CC3CC3(c3ccc(OC(F)(F)F)cc3)C2)n1C	Dopamine D3 receptor	D3R	Ki	GPCR	test	cliff	8.82463	1.4975	-0.175367
CHEMBL234_Ki-1796	Cc1ncoc1-c1nnc(SCCCN2CC3CC3(c3cccc(OC(F)(F)F)c3)C2)n1C	Dopamine D3 receptor	D3R	Ki	GPCR	train	cliff	8.88857	1.2925	-0.111431
CHEMBL234_Ki-1797	Cc1ccc2c(-c3nnc(SCCCN4CC5CC5(c5ccc(C#N)cc5)C4)n3C)cccc2n1	Dopamine D3 receptor	D3R	Ki	GPCR	train	non-cliff	7.50004	31.62	-1.49996
CHEMBL234_Ki-1798	Cc1ncoc1-c1nnc(SCCCN2CC3CC3(c3ccccc3C(F)(F)F)C2)n1C	Dopamine D3 receptor	D3R	Ki	GPCR	train	cliff	7.50004	31.62	-1.49996
CHEMBL234_Ki-1799	Cc1ccc2c(-c3nnc(SCCCN4CC5CC5(c5ccc(C(C)(C)C)cc5)C4)n3C)cccc2n1	Dopamine D3 receptor	D3R	Ki	GPCR	test	non-cliff	8.74715	1.79	-0.252853
CHEMBL234_Ki-1800	Cc1ncoc1-c1nnc(SCCCN2CC3CC3(c3cccc(C(F)(F)F)c3)C2)n1C	Dopamine D3 receptor	D3R	Ki	GPCR	train	cliff	9.29999	0.5012	0.299989
CHEMBL234_Ki-1801	Cc1ncoc1-c1nnc(SCCCN2CC3CC3(c3ccccc3)C2)n1C	Dopamine D3 receptor	D3R	Ki	GPCR	test	cliff	7.89997	12.59	-1.10003
CHEMBL234_Ki-1802	Cc1ncoc1-c1nnc(SCCCN2CC3CC3(c3cccc(Cl)c3)C2)n1C	Dopamine D3 receptor	D3R	Ki	GPCR	train	non-cliff	8.21239	6.1321	-0.787609
CHEMBL234_Ki-1803	Cn1c(SCCCN2C[C@@H]3C[C@]3(c3ccc(C(F)(F)F)cc3)C2)nnc1-c1cncnc1	Dopamine D3 receptor	D3R	Ki	GPCR	train	non-cliff	8.79997	1.585	-0.200029
CHEMBL234_Ki-1804	Cc1ncccc1-c1nnc(SCCCN2C[C@@H]3C[C@]3(c3ccc(C(F)(F)F)cc3)C2)n1C	Dopamine D3 receptor	D3R	Ki	GPCR	train	non-cliff	9	1	-0
CHEMBL234_Ki-1805	Cn1c(SCCCN2C[C@@H]3C[C@]3(c3ccc(C(F)(F)F)cc3)C2)nnc1-c1ccnnc1	Dopamine D3 receptor	D3R	Ki	GPCR	train	non-cliff	9	1	-0
CHEMBL234_Ki-1806	Cc1ccc(-c2nnc(SCCCN3C[C@@H]4C[C@]4(c4ccc(C(F)(F)F)cc4)C3)n2C)cn1	Dopamine D3 receptor	D3R	Ki	GPCR	train	non-cliff	9.10002	0.7943	0.100015
CHEMBL234_Ki-1807	Cc1ncoc1-c1nnc(SCCCN2CC3CC3(c3cc(F)cc(C(F)(F)F)c3)C2)n1C	Dopamine D3 receptor	D3R	Ki	GPCR	train	cliff	9.14712	0.71265	0.147124
CHEMBL234_Ki-1808	Cn1c(SCCCN2C[C@@H]3C[C@]3(c3ccc(C(F)(F)F)cc3)C2)nnc1-c1ccccc1	Dopamine D3 receptor	D3R	Ki	GPCR	train	non-cliff	9.19997	0.631	0.199971
CHEMBL234_Ki-1809	Cc1cnc(-c2nnc(SCCCN3C[C@@H]4C[C@]4(c4ccc(C(F)(F)F)cc4)C3)n2C)cn1	Dopamine D3 receptor	D3R	Ki	GPCR	train	non-cliff	9.19997	0.631	0.199971
CHEMBL234_Ki-1810	Cc1ccoc1-c1nnc(SCCCN2C[C@@H]3C[C@]3(c3ccc(C(F)(F)F)cc3)C2)n1C	Dopamine D3 receptor	D3R	Ki	GPCR	train	non-cliff	9.29999	0.5012	0.299989
CHEMBL234_Ki-1811	Cc1nc(C)c(-c2nnc(SCCCN3C[C@@H]4C[C@]4(c4ccc(C(F)(F)F)cc4)C3)n2C)s1	Dopamine D3 receptor	D3R	Ki	GPCR	train	non-cliff	9.59998	0.2512	0.59998
CHEMBL234_Ki-1812	CCCCc1ccc(S(=O)(=O)Nc2ccc3c(c2)CCN(Cc2cc[nH]n2)CC3)cc1	Dopamine D3 receptor	D3R	Ki	GPCR	train	cliff	8.40001	3.981	-0.599992
CHEMBL234_Ki-1813	O=S(=O)(Nc1ccc2c(c1)CCN(Cc1cc[nH]n1)CC2)c1ccc(N2CCOCC2)nc1	Dopamine D3 receptor	D3R	Ki	GPCR	train	cliff	6.2	630.96	-2.8
CHEMBL234_Ki-1814	O=S(=O)(Nc1ccc2c(c1)CCN(Cc1cc[nH]n1)CC2)c1ccc(-c2ccccn2)s1	Dopamine D3 receptor	D3R	Ki	GPCR	train	non-cliff	6.69999	199.53	-2.30001
CHEMBL234_Ki-1815	CN1CCOc2cc(S(=O)(=O)Nc3ccc4c(c3)CCN(Cc3cc[nH]n3)CC4)ccc21	Dopamine D3 receptor	D3R	Ki	GPCR	train	non-cliff	6.2	630.96	-2.8
CHEMBL234_Ki-1816	CC(C)Oc1ccc(S(=O)(=O)Nc2ccc3c(c2)CCN(Cc2cc[nH]n2)CC3)cc1	Dopamine D3 receptor	D3R	Ki	GPCR	train	non-cliff	7.70006	19.95	-1.29994
CHEMBL234_Ki-1817	O=S(=O)(Nc1ccc2c(c1)CCN(Cc1cc[nH]n1)CC2)c1ccc(-c2ccccc2)cc1	Dopamine D3 receptor	D3R	Ki	GPCR	test	cliff	7.50004	31.62	-1.49996
CHEMBL234_Ki-1818	Cc1ccc(S(=O)(=O)Nc2ccc3c(c2)CCN(Cc2cc[nH]n2)CC3)cc1Cl	Dopamine D3 receptor	D3R	Ki	GPCR	train	cliff	7	100	-2
CHEMBL234_Ki-1819	Cc1cc(O)c2c(=O)c3c(O)cc(O)c4c5c(O)cc(O)c6c(=O)c7c(O)cc(C)c8c1c2c(c34)c(c78)c65	Dopamine D3 receptor	D3R	Ki	GPCR	train	non-cliff	7.46218	34.5	-1.53782
CHEMBL234_Ki-1820	COc1ccc2[nH]cc(CN3CCC(O)(c4ccc(Br)cc4)CC3)c2c1	Dopamine D3 receptor	D3R	Ki	GPCR	train	non-cliff	7.01368	96.9	-1.98632
CHEMBL234_Ki-1821	COc1cccc2[nH]cc(CN3CCC(O)(c4ccc(Br)cc4)CC3)c12	Dopamine D3 receptor	D3R	Ki	GPCR	train	non-cliff	6.72125	190	-2.27875
CHEMBL234_Ki-1822	OC1(c2ccc(Br)cc2)CCN(Cc2c[nH]c3ccccc23)CC1	Dopamine D3 receptor	D3R	Ki	GPCR	train	cliff	6.95861	110	-2.04139
CHEMBL234_Ki-1823	COc1ccc2[nH]cc(CN3CCC(O)(c4ccc(Cl)cc4)CC3)c2c1	Dopamine D3 receptor	D3R	Ki	GPCR	test	non-cliff	6.69037	204	-2.30963
CHEMBL234_Ki-1824	COc1cccc2[nH]cc(CN3CCC(O)(c4ccc(Cl)cc4)CC3)c12	Dopamine D3 receptor	D3R	Ki	GPCR	test	non-cliff	6.60206	250	-2.39794
CHEMBL234_Ki-1825	Cc1ncoc1-c1nnc(SCCCN2CC3CC3(c3ccc(S(F)(F)(F)(F)F)cc3)C2)n1C	Dopamine D3 receptor	D3R	Ki	GPCR	train	non-cliff	9.04713	0.89715	0.0471349
CHEMBL234_Ki-1826	Cc1ncoc1-c1nnc(SCCCN2CC3CC3(c3cccc(S(F)(F)(F)(F)F)c3)C2)n1C	Dopamine D3 receptor	D3R	Ki	GPCR	train	non-cliff	8.22817	5.91333	-0.771832
CHEMBL234_Ki-1827	CCN1C[C@H]2C[C@@]2(c2ccc(NS(=O)(=O)c3ccc(C(C)C)cc3)cc2)C1	Dopamine D3 receptor	D3R	Ki	GPCR	train	non-cliff	8.10002	7.943	-0.899985
CHEMBL234_Ki-1828	C=CCN1C[C@H]2C[C@@]2(c2ccc(NS(=O)(=O)c3ccc(C(C)C)cc3)cc2)C1	Dopamine D3 receptor	D3R	Ki	GPCR	train	non-cliff	8.59998	2.512	-0.40002
CHEMBL234_Ki-1829	COc1cc([C@]23CNC[C@H]2C3)ccc1NS(=O)(=O)c1ccc(C(C)C)cc1	Dopamine D3 receptor	D3R	Ki	GPCR	test	non-cliff	8.89997	1.259	-0.100026
CHEMBL234_Ki-1830	O=S(=O)(Nc1ccc([C@]23CNC[C@H]2C3)cc1)c1ccc(C(F)(F)F)cc1	Dopamine D3 receptor	D3R	Ki	GPCR	train	non-cliff	6.6	251.19	-2.4
CHEMBL234_Ki-1831	O=S(=O)(Nc1ccc([C@]23CNC[C@H]2C3)cc1)c1ccc(OC(F)(F)F)cc1	Dopamine D3 receptor	D3R	Ki	GPCR	test	non-cliff	6.2	630.96	-2.8
CHEMBL234_Ki-1832	CC(C)c1ccc(S(=O)(=O)Cc2ccc([C@]34CNC[C@H]3C4)cc2)cc1	Dopamine D3 receptor	D3R	Ki	GPCR	train	non-cliff	7.59998	25.12	-1.40002
CHEMBL234_Ki-1833	CN(c1ccc([C@]23CNC[C@H]2C3)cc1)S(=O)(=O)c1ccccc1	Dopamine D3 receptor	D3R	Ki	GPCR	train	non-cliff	7.10002	79.43	-1.89998
CHEMBL234_Ki-1834	CC(C)c1ccc(CS(=O)(=O)c2ccc([C@]34CNC[C@H]3C4)cc2)cc1	Dopamine D3 receptor	D3R	Ki	GPCR	train	non-cliff	7.59998	25.12	-1.40002
CHEMBL234_Ki-1835	CCCCc1ccc(S(=O)(=O)Nc2ccc([C@]34CNC[C@H]3C4)cc2)cc1	Dopamine D3 receptor	D3R	Ki	GPCR	train	non-cliff	8.29999	5.012	-0.700011
CHEMBL234_Ki-1836	CCC(C)(C)c1ccc(S(=O)(=O)Nc2ccc([C@]34CNC[C@H]3C4)cc2)cc1	Dopamine D3 receptor	D3R	Ki	GPCR	train	non-cliff	8.19997	6.31	-0.800029
CHEMBL234_Ki-1837	COc1ccccc1N1CCN(CCCCNc2ccccn2)CC1	Dopamine D3 receptor	D3R	Ki	GPCR	train	non-cliff	6.70333	198	-2.29667
CHEMBL234_Ki-1838	Clc1cccc(N2CCN(CCCCNc3ccccn3)CC2)c1Cl	Dopamine D3 receptor	D3R	Ki	GPCR	test	non-cliff	7.60206	25	-1.39794
CHEMBL234_Ki-1839	FC(F)(F)c1cccc(N2CCN(CCCCNc3ccccn3)CC2)c1	Dopamine D3 receptor	D3R	Ki	GPCR	test	cliff	6.70333	198	-2.29667
CHEMBL234_Ki-1840	Fc1ccccc1N1CCN(CCCCNc2ccccn2)CC1	Dopamine D3 receptor	D3R	Ki	GPCR	train	non-cliff	6.87615	133	-2.12385
CHEMBL234_Ki-1841	Cc1ccccc1N1CCN(CCCCNc2ccccn2)CC1	Dopamine D3 receptor	D3R	Ki	GPCR	train	non-cliff	6.4168	383	-2.5832
CHEMBL234_Ki-1842	Cc1cccc(N2CCN(CCCCNc3ccccn3)CC2)c1C	Dopamine D3 receptor	D3R	Ki	GPCR	test	non-cliff	6.68403	207	-2.31597
CHEMBL234_Ki-1843	COc1ccccc1N1CCN(CCCCNc2ccc3ccccc3n2)CC1	Dopamine D3 receptor	D3R	Ki	GPCR	train	non-cliff	7.82391	15	-1.17609
CHEMBL234_Ki-1844	FC(F)(F)c1cccc(N2CCN(CCCCNc3ccc4ccccc4n3)CC2)c1	Dopamine D3 receptor	D3R	Ki	GPCR	test	cliff	7.27572	53	-1.72428
CHEMBL234_Ki-1845	Clc1cccc(N2CCN(CCCCNc3nccc4ccccc34)CC2)c1Cl	Dopamine D3 receptor	D3R	Ki	GPCR	train	non-cliff	7.95664	11.05	-1.04336
CHEMBL234_Ki-1846	Fc1ccccc1N1CCN(CCCCNc2ccc(-c3ccccc3)cn2)CC1	Dopamine D3 receptor	D3R	Ki	GPCR	train	non-cliff	6.91364	122	-2.08636
CHEMBL234_Ki-1847	Clc1cccc(N2CCN(CCCCNc3ccc(-c4ccccc4)cn3)CC2)c1Cl	Dopamine D3 receptor	D3R	Ki	GPCR	train	non-cliff	7.38722	41	-1.61278
CHEMBL234_Ki-1848	FC(F)(F)c1cccc(N2CCN(CCCCNc3ccc(-c4ccccc4)cn3)CC2)c1	Dopamine D3 receptor	D3R	Ki	GPCR	train	cliff	6.84466	143	-2.15534
CHEMBL234_Ki-1849	Fc1ccccc1N1CCN(CCCCNc2cc(-c3ccccc3)ccn2)CC1	Dopamine D3 receptor	D3R	Ki	GPCR	train	non-cliff	6.51004	309	-2.48996
CHEMBL234_Ki-1850	Clc1cccc(N2CCN(CCCCNc3cc(-c4ccccc4)ccn3)CC2)c1Cl	Dopamine D3 receptor	D3R	Ki	GPCR	train	cliff	6.73518	184	-2.26482
CHEMBL234_Ki-1851	FC(F)(F)c1cccc(N2CCN(CCCCNc3cc(-c4ccccc4)ccn3)CC2)c1	Dopamine D3 receptor	D3R	Ki	GPCR	train	cliff	6.7122	194	-2.2878
CHEMBL234_Ki-1852	FC(F)(F)c1cccc(N2CCN(CCCCNc3ncc(-c4ccccc4)o3)CC2)c1	Dopamine D3 receptor	D3R	Ki	GPCR	train	cliff	5.63414	2322	-3.36586
CHEMBL234_Ki-1853	FC(F)(F)c1cccc(N2CCN(CCCCNc3nc(-c4ccccc4)cs3)CC2)c1	Dopamine D3 receptor	D3R	Ki	GPCR	train	cliff	5.61422	2431	-3.38578
CHEMBL234_Ki-1854	CC(C)c1ccc(S(=O)(=O)Nc2ccc([C@]34CNC[C@H]3C4)cc2)cc1	Dopamine D3 receptor	D3R	Ki	GPCR	train	non-cliff	8.59998	2.512	-0.40002
CHEMBL234_Ki-1855	CC(C)c1ccc(S(=O)(=O)Nc2ccc([C@@]34C[C@@H]3CN(C)C4)cc2)cc1	Dopamine D3 receptor	D3R	Ki	GPCR	test	non-cliff	8.19997	6.31	-0.800029
CHEMBL234_Ki-1856	Cc1ncoc1-c1nnc(SCCCNC2CC3CC3(c3ccccc3)C2)n1C	Dopamine D3 receptor	D3R	Ki	GPCR	train	non-cliff	7.29999	50.12	-1.70001
CHEMBL234_Ki-1857	Cc1ncoc1-c1nnc(SCCCN2CCC3CC3(c3ccccc3)C2)n1C	Dopamine D3 receptor	D3R	Ki	GPCR	train	cliff	6.90001	125.89	-2.09999
CHEMBL234_Ki-1858	Cc1ncoc1-c1nnc(SCCCN2CCC3(c4ccccc4)CC3C2)n1C	Dopamine D3 receptor	D3R	Ki	GPCR	train	cliff	6.8	158.49	-2.2
CHEMBL234_Ki-1859	Cc1ncoc1-c1nnc(SCCCN2CCC3CC3(c3ccc(C(F)(F)F)cc3)C2)n1C	Dopamine D3 receptor	D3R	Ki	GPCR	train	cliff	8.10002	7.943	-0.899985
CHEMBL234_Ki-1860	Cc1ncoc1-c1nnc(SCCCN2CCC3(c4ccc(C(F)(F)F)cc4)CC3C2)n1C	Dopamine D3 receptor	D3R	Ki	GPCR	test	cliff	7.40001	39.81	-1.59999
CHEMBL234_Ki-1861	Cc1ncoc1-c1nnc(SCCCN2CCC3CC3(c3cccc(C(F)(F)F)c3)C2)n1C	Dopamine D3 receptor	D3R	Ki	GPCR	train	cliff	7.89997	12.59	-1.10003
CHEMBL234_Ki-1862	Cc1ncoc1-c1nnc(SCCCN2CCC3(c4cccc(C(F)(F)F)c4)CC3C2)n1C	Dopamine D3 receptor	D3R	Ki	GPCR	test	non-cliff	8.19997	6.31	-0.800029
CHEMBL234_Ki-1863	Cc1ncoc1-c1nnc(SCCCN2CCC3CC3(c3ccc(C(F)(F)F)cc3)CC2)n1C	Dopamine D3 receptor	D3R	Ki	GPCR	test	non-cliff	8.40001	3.981	-0.599992
CHEMBL234_Ki-1864	Cc1nc(C)c(-c2nnc(SCCCN3CCC4CC4(c4ccc(C(F)(F)F)cc4)CC3)n2C)o1	Dopamine D3 receptor	D3R	Ki	GPCR	train	non-cliff	8	10	-1
CHEMBL234_Ki-1865	Cc1nc(C)c(-c2nnc(SCCCN3CCC4CC4(c4ccc(C(F)(F)F)cc4)CC3)n2C)s1	Dopamine D3 receptor	D3R	Ki	GPCR	test	cliff	8.40001	3.981	-0.599992
CHEMBL234_Ki-1866	Cn1c(SCCCN2CCC3CC3(c3ccc(C(F)(F)F)cc3)CC2)nnc1-c1ccnnc1	Dopamine D3 receptor	D3R	Ki	GPCR	train	non-cliff	8.40001	3.981	-0.599992
CHEMBL234_Ki-1867	Cc1ncoc1-c1nnc(SCCCN[C@H]2CC[C@]3(c4ccc(C(F)(F)F)cc4)CC23)n1C	Dopamine D3 receptor	D3R	Ki	GPCR	train	cliff	6.6	251.19	-2.4
CHEMBL234_Ki-1868	Cc1ncoc1-c1nnc(SCCCN[C@@H]2CC[C@]3(c4ccc(C(F)(F)F)cc4F)CC23)n1C	Dopamine D3 receptor	D3R	Ki	GPCR	train	cliff	8.50004	3.162	-0.499962
CHEMBL234_Ki-1869	Cc1ncoc1-c1nnc(SCCCN2CCC3(CCCc4cc(Br)ccc43)C2)n1C	Dopamine D3 receptor	D3R	Ki	GPCR	train	cliff	8.10002	7.943	-0.899985
CHEMBL234_Ki-1870	Cc1ncoc1-c1nnc(SCCCN2CCC3(CCCc4ccc(Br)cc43)C2)n1C	Dopamine D3 receptor	D3R	Ki	GPCR	train	non-cliff	7.79997	15.85	-1.20003
CHEMBL234_Ki-1871	COc1ccc2c(c1)CCCC21CCN(CCCSc2nnc(-c3ocnc3C)n2C)C1	Dopamine D3 receptor	D3R	Ki	GPCR	test	non-cliff	7	100	-2
CHEMBL234_Ki-1872	COc1cccc2c1CCCC21CCN(CCCSc2nnc(-c3ocnc3C)n2C)C1	Dopamine D3 receptor	D3R	Ki	GPCR	train	non-cliff	7.10002	79.43	-1.89998
CHEMBL234_Ki-1873	COc1ccc2c(c1)C1(CCC2)CCN(CCCSc2nnc(-c3ocnc3C)n2C)C1	Dopamine D3 receptor	D3R	Ki	GPCR	train	non-cliff	7.50004	31.62	-1.49996
CHEMBL234_Ki-1874	Cc1ncoc1-c1nnc(SCCCN2CCC3(CCOc4ccccc43)C2)n1C	Dopamine D3 receptor	D3R	Ki	GPCR	train	non-cliff	7	100	-2
CHEMBL234_Ki-1875	Cc1ncoc1-c1nnc(SCCCN2CCC3(CCc4cc(Br)ccc43)C2)n1C	Dopamine D3 receptor	D3R	Ki	GPCR	train	cliff	8.29999	5.012	-0.700011
CHEMBL234_Ki-1876	Cc1ncoc1-c1nnc(SCCCN2CCC3(CCc4c(Br)cccc43)C2)n1C	Dopamine D3 receptor	D3R	Ki	GPCR	test	cliff	8.10002	7.943	-0.899985
CHEMBL234_Ki-1877	Cc1ncoc1-c1nnc(SCCCN2CCC3(CCc4ccc(Br)cc43)C2)n1C	Dopamine D3 receptor	D3R	Ki	GPCR	train	cliff	8.59998	2.512	-0.40002
CHEMBL234_Ki-1878	Cc1nc(C)c(-c2nnc(SCCCN3CCC4(CCc5ccc(Cl)cc54)C3)n2C)s1	Dopamine D3 receptor	D3R	Ki	GPCR	train	non-cliff	7.50004	31.62	-1.49996
CHEMBL234_Ki-1879	Cc1nc(C)c(-c2nnc(SCCCN3CCC4(CCc5cc(Cl)ccc54)C3)n2C)s1	Dopamine D3 receptor	D3R	Ki	GPCR	train	non-cliff	7.50004	31.62	-1.49996
CHEMBL234_Ki-1880	Cc1ncoc1-c1nnc(SCCCN2CCC3(CCc4cc(F)ccc43)C2)n1C	Dopamine D3 receptor	D3R	Ki	GPCR	train	cliff	6.8	158.49	-2.2
CHEMBL234_Ki-1881	Cc1nc(C)c(-c2nnc(SCCCN3CCC4(CCc5ccc(F)cc54)C3)n2C)s1	Dopamine D3 receptor	D3R	Ki	GPCR	train	non-cliff	7.29999	50.12	-1.70001
CHEMBL234_Ki-1882	Cc1ncoc1-c1nnc(SCCCN2[C@H]3CC[C@@H]2C[C@H](c2ccc(C(C)(C)C)cc2)C3)n1C	Dopamine D3 receptor	D3R	Ki	GPCR	train	cliff	9.19997	0.631	0.199971
CHEMBL234_Ki-1883	Cc1ncoc1-c1nnc(SCCCN2[C@H]3CC[C@@H]2C[C@H](c2ccc(C(F)(F)F)cc2)C3)n1C	Dopamine D3 receptor	D3R	Ki	GPCR	train	cliff	8	10	-1
CHEMBL234_Ki-1884	Cc1ncoc1-c1nnc(SCCCN2[C@H]3CC[C@@H]2C[C@H](c2cccc(C(F)(F)F)c2)C3)n1C	Dopamine D3 receptor	D3R	Ki	GPCR	test	cliff	7.29999	50.12	-1.70001
CHEMBL234_Ki-1885	Cc1ncoc1-c1nnc(SCCCN2[C@H]3CC[C@@H]2C[C@H](c2ccc(C(F)(F)F)cc2F)C3)n1C	Dopamine D3 receptor	D3R	Ki	GPCR	test	non-cliff	8.19997	6.31	-0.800029
CHEMBL234_Ki-1886	O=C(CCCN1CCC(O)(c2cc3ccc2CCc2ccc(cc2)CC3)CC1)c1ccc(F)cc1	Dopamine D3 receptor	D3R	Ki	GPCR	train	non-cliff	7.27572	53	-1.72428
CHEMBL234_Ki-1887	Cc1ccc(C)c(C2(O)CCN(CCCC(=O)c3ccc(F)cc3)CC2)c1	Dopamine D3 receptor	D3R	Ki	GPCR	train	non-cliff	7.56864	27	-1.43136
CHEMBL234_Ki-1888	O=C(CCCN1CCC(O)(c2ccc(Cl)cc2)CC1)c1cc2ccc1CCc1ccc(cc1)CC2	Dopamine D3 receptor	D3R	Ki	GPCR	train	cliff	7.76955	17	-1.23045
CHEMBL234_Ki-1889	O=C(CCCN1CCC(O)(c2cc3ccc2CCc2ccc(cc2)CC3)CC1)c1cc2ccc1CCc1ccc(cc1)CC2	Dopamine D3 receptor	D3R	Ki	GPCR	train	non-cliff	7.42022	38	-1.57978
CHEMBL234_Ki-1890	Cc1ccc(C)c(C(=O)CCCN2CCC(O)(c3ccc(Cl)cc3)CC2)c1	Dopamine D3 receptor	D3R	Ki	GPCR	test	non-cliff	7.13668	73	-1.86332
CHEMBL234_Ki-1891	Cc1ccc(C)c(C(=O)CCCN2CCC(O)(c3cc(C)ccc3C)CC2)c1	Dopamine D3 receptor	D3R	Ki	GPCR	test	non-cliff	6.55284	280	-2.44716
CHEMBL234_Ki-1892	O=C(CCCN1CCN(c2ccc(Cl)cc2)CC1)c1ccc(F)cc1	Dopamine D3 receptor	D3R	Ki	GPCR	train	non-cliff	6.39367	403.95	-2.60633
CHEMBL234_Ki-1893	O=C(CCCN1CCN(c2cc3ccc2CCc2ccc(cc2)CC3)CC1)c1ccc(F)cc1	Dopamine D3 receptor	D3R	Ki	GPCR	train	non-cliff	8.00436	9.9	-0.995635
CHEMBL234_Ki-1894	Cc1ccc(C)c(N2CCN(CCCC(=O)c3ccc(F)cc3)CC2)c1	Dopamine D3 receptor	D3R	Ki	GPCR	train	non-cliff	7.11919	76	-1.88081
CHEMBL234_Ki-1895	O=C(CCCN1CCN(c2ccc(Cl)cc2)CC1)c1cc2ccc1CCc1ccc(cc1)CC2	Dopamine D3 receptor	D3R	Ki	GPCR	train	cliff	6.38722	410	-2.61278
CHEMBL234_Ki-1896	Cc1ccc(C)c(C(=O)CCCN2CCC(c3ccc(Cl)cc3)CC2)c1	Dopamine D3 receptor	D3R	Ki	GPCR	train	non-cliff	6.5376	290	-2.4624
CHEMBL234_Ki-1897	O=C(CCCN1CCC(c2cc3ccc2CCc2ccc(cc2)CC3)CC1)c1cc2ccc1CCc1ccc(cc1)CC2	Dopamine D3 receptor	D3R	Ki	GPCR	train	non-cliff	8.37675	4.2	-0.623249
CHEMBL234_Ki-1898	Cc1ccc(C)c(C(=O)CCCN2CCC(c3cc(C)ccc3C)CC2)c1	Dopamine D3 receptor	D3R	Ki	GPCR	train	cliff	6.37675	420	-2.62325
CHEMBL234_Ki-1899	O=C(NCCCCN1CCN(c2cc3ccc2CCc2ccc(cc2)CC3)CC1)c1cc2ccccc2s1	Dopamine D3 receptor	D3R	Ki	GPCR	train	non-cliff	8.79588	1.6	-0.20412
CHEMBL234_Ki-1900	Cc1ccc(C)c(N2CCN(CCCCNC(=O)c3cc4ccccc4s3)CC2)c1	Dopamine D3 receptor	D3R	Ki	GPCR	train	non-cliff	8.60206	2.5	-0.39794
CHEMBL234_Ki-1901	COc1ccccc1N1CCN(CCCCNC(=O)c2cc(C)ccc2C)CC1	Dopamine D3 receptor	D3R	Ki	GPCR	train	non-cliff	8.3279	4.7	-0.672098
CHEMBL234_Ki-1902	O=C(NCCCCN1CCN(c2cc3ccc2CCc2ccc(cc2)CC3)CC1)c1cc2ccc1CCc1ccc(cc1)CC2	Dopamine D3 receptor	D3R	Ki	GPCR	train	non-cliff	8.39794	4	-0.60206
CHEMBL234_Ki-1903	Cc1ccc(C)c(C(=O)NCCCCN2CCN(c3cc(C)ccc3C)CC2)c1	Dopamine D3 receptor	D3R	Ki	GPCR	train	cliff	7.55284	28	-1.44716
CHEMBL234_Ki-1904	Cc1ccc(CNCC2(F)CCN(C(=O)c3cc(Br)cs3)CC2)nc1	Dopamine D3 receptor	D3R	Ki	GPCR	test	non-cliff	4.72125	19000	-4.27875
CHEMBL234_Ki-1905	Cc1ccc(CNCC2(F)CCN(C(=O)c3csc4ccccc34)CC2)nc1	Dopamine D3 receptor	D3R	Ki	GPCR	train	non-cliff	5.06048	8700	-3.93952
CHEMBL234_Ki-1906	Cc1ccc(CNCC2(F)CCN(C(=O)c3coc4ccccc34)CC2)nc1	Dopamine D3 receptor	D3R	Ki	GPCR	train	non-cliff	4.92082	12000	-4.07918
CHEMBL234_Ki-1907	Cc1ccc(CNCC2(F)CCN(C(=O)c3ccc(F)c(Cl)c3)CC2)nc1	Dopamine D3 receptor	D3R	Ki	GPCR	test	non-cliff	5	10000	-4
CHEMBL234_Ki-1908	COc1ccccc1N1CCN(CCCCNC(=O)/C=C/c2ccc(Cl)cc2)CC1	Dopamine D3 receptor	D3R	Ki	GPCR	train	cliff	9.35655	0.44	0.356547
CHEMBL234_Ki-1909	COc1ccccc1N1CCN(CCCCNC(=O)/C=C/c2ccccc2)CC1	Dopamine D3 receptor	D3R	Ki	GPCR	train	cliff	9.48149	0.33	0.481486
CHEMBL234_Ki-1910	Cc1ccc2c(N3CCN(CCc4cccc(NC(=O)Nc5ccccc5)c4)CC3)cccc2n1	Dopamine D3 receptor	D3R	Ki	GPCR	test	non-cliff	7.50004	31.62	-1.49996
CHEMBL234_Ki-1911	Cc1ccc2c(N3CCN(CCc4cccc(-n5cccn5)c4)CC3)cccc2n1	Dopamine D3 receptor	D3R	Ki	GPCR	train	non-cliff	7.29999	50.12	-1.70001
CHEMBL234_Ki-1912	Cc1ccc2c(N3CCN(CCc4cccc(NC(=O)c5cnccn5)c4)CC3)cccc2n1	Dopamine D3 receptor	D3R	Ki	GPCR	train	non-cliff	7.10002	79.43	-1.89998
CHEMBL234_Ki-1913	COC(=O)Nc1cccc(CCN2CCN(c3cccc4nc(C)ccc34)CC2)c1	Dopamine D3 receptor	D3R	Ki	GPCR	train	non-cliff	7	100	-2
CHEMBL234_Ki-1914	Cc1ccc2c(N3CCN(CCc4cccc(NC(=O)c5ccccc5)c4)CC3)cccc2n1	Dopamine D3 receptor	D3R	Ki	GPCR	train	non-cliff	7	100	-2
CHEMBL234_Ki-1915	CCNC(=O)Nc1cccc(CCN2CCN(c3cccc4nc(C)ccc34)CC2)c1	Dopamine D3 receptor	D3R	Ki	GPCR	train	non-cliff	6.90001	125.89	-2.09999
CHEMBL234_Ki-1916	CC(=O)Nc1cccc(CCN2CCN(c3cccc4nc(C)ccc34)CC2)c1	Dopamine D3 receptor	D3R	Ki	GPCR	test	non-cliff	6.8	158.49	-2.2
CHEMBL234_Ki-1917	Cc1ccc2c(N3CCN(CCc4cccc(N5CCOC5=O)c4)CC3)cccc2n1	Dopamine D3 receptor	D3R	Ki	GPCR	train	non-cliff	6.69999	199.53	-2.30001
CHEMBL234_Ki-1918	Cc1ccc2c(N3CCN(CCc4cccc(N5CCNC5=O)c4)CC3)cccc2n1	Dopamine D3 receptor	D3R	Ki	GPCR	train	non-cliff	6.69999	199.53	-2.30001
CHEMBL234_Ki-1919	Cc1ccc2c(N3CCN(CCc4cccc(NS(C)(=O)=O)c4)CC3)cccc2n1	Dopamine D3 receptor	D3R	Ki	GPCR	train	non-cliff	6.69999	199.53	-2.30001
CHEMBL234_Ki-1920	Fc1cccc(CCN[C@H]2C3C4CC5C6C4CC3C6C52)c1	Dopamine D3 receptor	D3R	Ki	GPCR	train	non-cliff	5.28275	5215	-3.71725
CHEMBL234_Ki-1921	Fc1cccc(CN[C@H]2C3C4CC5C6C4CC3C6C52)c1	Dopamine D3 receptor	D3R	Ki	GPCR	train	non-cliff	5.14539	7155	-3.85461
CHEMBL234_Ki-1922	CN1CCc2cc(OCCF)cc3c2[C@H]1Cc1cccc(O)c1-3	Dopamine D3 receptor	D3R	Ki	GPCR	train	non-cliff	6.05061	890	-2.94939
CHEMBL234_Ki-1923	CCCN1CCc2cccc3c2[C@H]1Cc1ccc(O)c(O)c1-3	Dopamine D3 receptor	D3R	Ki	GPCR	train	cliff	9.35655	0.44	0.356547
CHEMBL234_Ki-1924	CCCN1CCc2cc(OC)cc3c2[C@H]1Cc1ccc(O)c(O)c1-3	Dopamine D3 receptor	D3R	Ki	GPCR	train	cliff	8.9914	1.02	-0.00860017
CHEMBL234_Ki-1925	CCCN1CCc2cc(F)cc3c2[C@H]1Cc1ccc(O)c(O)c1-3	Dopamine D3 receptor	D3R	Ki	GPCR	train	cliff	8.42022	3.8	-0.579784
CHEMBL234_Ki-1926	CCCN1CCc2cc(OC)cc3c2[C@H]1Cc1cccc(O)c1-3	Dopamine D3 receptor	D3R	Ki	GPCR	train	cliff	6.88606	130	-2.11394
CHEMBL234_Ki-1927	CCN1CCc2cc(OCCCF)cc3c2[C@H]1Cc1ccc(O)c(O)c1-3	Dopamine D3 receptor	D3R	Ki	GPCR	train	cliff	6.63827	230	-2.36173
CHEMBL234_Ki-1928	CCN1CCc2cc(OCCF)cc3c2[C@H]1Cc1ccc(O)c(O)c1-3	Dopamine D3 receptor	D3R	Ki	GPCR	train	cliff	6.60206	250	-2.39794
CHEMBL234_Ki-1929	CCCN1CCc2cccc3c2C1Cc1cccc(OCCCn2cc(CCCCN4CCN(c5ccccc5OC)CC4)nn2)c1-3	Dopamine D3 receptor	D3R	Ki	GPCR	train	cliff	8.08938	8.14	-0.910624
CHEMBL234_Ki-1930	CCCN1CCc2cccc3c2C1Cc1cccc(OCCCn2cc(CCCN4CCN(c5ccccc5OC)CC4)nn2)c1-3	Dopamine D3 receptor	D3R	Ki	GPCR	train	cliff	8.08831	8.16	-0.91169
CHEMBL234_Ki-1931	CCCN1CCc2cccc3c2C1Cc1cccc(OCc2cn(CCCN4CCN(c5ccccc5OC)CC4)nn2)c1-3	Dopamine D3 receptor	D3R	Ki	GPCR	train	cliff	7.67778	21	-1.32222
CHEMBL234_Ki-1932	CCCN1CCc2cccc3c2C1Cc1cccc(OCc2cn(CCCN4CCN(c5cccc(Cl)c5Cl)CC4)nn2)c1-3	Dopamine D3 receptor	D3R	Ki	GPCR	train	non-cliff	7.45593	35	-1.54407
CHEMBL234_Ki-1933	CCCN1CCc2cccc3c2C1Cc1cccc(OCc2cn(CCN4CCN(c5ccccc5OC)CC4)nn2)c1-3	Dopamine D3 receptor	D3R	Ki	GPCR	test	cliff	7.35655	44	-1.64345
CHEMBL234_Ki-1934	CCCN1CCc2cccc3c2C1Cc1cccc(OCCCN(CCCN2CCN(c4ccccc4OC)CC2)S(C)(=O)=O)c1-3	Dopamine D3 receptor	D3R	Ki	GPCR	test	non-cliff	6.9914	102	-2.0086
CHEMBL234_Ki-1935	CCCN1CCc2cccc3c2C1Cc1cccc(OCc2cn(CCCN4CCN(c5ccccc5)CC4)nn2)c1-3	Dopamine D3 receptor	D3R	Ki	GPCR	train	cliff	6.71897	191	-2.28103
CHEMBL234_Ki-1936	CCCN1CCc2cccc3c2C1Cc1cccc(OCCCn2cc(CN4CCN(c5ccccc5OC)CC4)nn2)c1-3	Dopamine D3 receptor	D3R	Ki	GPCR	train	cliff	6.55129	281	-2.44871
CHEMBL234_Ki-1937	CCCN1CCc2cccc3c2C1Cc1cccc(OCc2cn(CCCN4CCN(c5ncccn5)CC4)nn2)c1-3	Dopamine D3 receptor	D3R	Ki	GPCR	train	cliff	6.26841	539	-2.73159
CHEMBL234_Ki-1938	C#CCOc1cccc2c1-c1cccc3c1C(C2)N(CCC)CC3	Dopamine D3 receptor	D3R	Ki	GPCR	test	non-cliff	5.61979	2400	-3.38021
CHEMBL234_Ki-1939	CCCN1CCc2cccc3c2C1Cc1cccc(OCCCNCCCO)c1-3	Dopamine D3 receptor	D3R	Ki	GPCR	train	non-cliff	5.34544	4514	-3.65456
CHEMBL234_Ki-1940	COc1ccccc1N1CCN(CCCCNC(=O)c2ccc(CCF)cc2)CC1	Dopamine D3 receptor	D3R	Ki	GPCR	train	cliff	8.61979	2.4	-0.380211
CHEMBL234_Ki-1941	COc1ccccc1N1CCN(CCCCNC(=O)c2ccc(N(C)C)cc2)CC1	Dopamine D3 receptor	D3R	Ki	GPCR	train	non-cliff	9.09691	0.8	0.09691
CHEMBL234_Ki-1942	CN1c2ccccc2Sc2cc(N)ccc21	Dopamine D3 receptor	D3R	Ki	GPCR	train	non-cliff	5.04306	9056	-3.95694
CHEMBL234_Ki-1943	CCCN(CCCCNC(=O)c1ccc(-c2ccccc2)cc1)C1CCn2nccc2C1	Dopamine D3 receptor	D3R	Ki	GPCR	train	cliff	9.14874	0.71	0.148742
CHEMBL234_Ki-1944	CCCN(CCCCNC(=O)c1ccc(-c2ccccc2)cc1)C1CCn2ncc(Cl)c2C1	Dopamine D3 receptor	D3R	Ki	GPCR	train	cliff	9.22915	0.59	0.229148
CHEMBL234_Ki-1945	CCCN(CCCCNC(=O)c1ccc(-c2ccccc2)cc1)C1CCn2ncc(C=O)c2C1	Dopamine D3 receptor	D3R	Ki	GPCR	test	cliff	7.40894	39	-1.59106
CHEMBL234_Ki-1946	CCCN(CCCCNC(=O)c1ccc(-c2ccccc2)cc1)C1Cc2cccn3ncc(c23)C1	Dopamine D3 receptor	D3R	Ki	GPCR	test	non-cliff	9.25964	0.55	0.259637
CHEMBL234_Ki-1947	COc1ccc2c(c1)CCCN(CCCCN1CCN(c3ccccc3OC)CC1)C2=O	Dopamine D3 receptor	D3R	Ki	GPCR	train	non-cliff	9.56864	0.27	0.568636
CHEMBL234_Ki-1948	COc1ccccc1N1CCN(CCCCN2CCc3cc(F)ccc3C2=O)CC1	Dopamine D3 receptor	D3R	Ki	GPCR	train	cliff	8.79588	1.6	-0.20412
CHEMBL234_Ki-1949	COc1ccccc1N1CCN(CCCCN2CCc3cc(-c4ccccc4)ccc3C2=O)CC1	Dopamine D3 receptor	D3R	Ki	GPCR	train	non-cliff	9.60206	0.25	0.60206
CHEMBL234_Ki-1950	COc1ccccc1N1CCN(CCCCN2CCc3c(cccc3-c3ccccc3)C2=O)CC1	Dopamine D3 receptor	D3R	Ki	GPCR	train	non-cliff	7.92082	12	-1.07918
CHEMBL234_Ki-1951	COc1ccccc1N1CCN(CCCCN2CCc3cc(-c4ccco4)ccc3C2=O)CC1	Dopamine D3 receptor	D3R	Ki	GPCR	test	non-cliff	9.67778	0.21	0.677781
CHEMBL234_Ki-1952	COc1ccccc1N1CCN(CCCCN2CCc3cc(-c4cccs4)ccc3C2=O)CC1	Dopamine D3 receptor	D3R	Ki	GPCR	test	non-cliff	9.92082	0.12	0.920819
CHEMBL234_Ki-1953	COc1ccccc1N1CCN(CCCCN2CCCc3cc(-c4cccs4)ccc3C2=O)CC1	Dopamine D3 receptor	D3R	Ki	GPCR	train	non-cliff	9.5376	0.29	0.537602
CHEMBL234_Ki-1954	COc1ccccc1N1CCN(CCCCN2CCc3cc(-c4ccncc4)ccc3C2=O)CC1	Dopamine D3 receptor	D3R	Ki	GPCR	train	non-cliff	9.92082	0.12	0.920819
CHEMBL234_Ki-1955	COc1ccccc1N1CCN(CCCCN2CCc3cc(C#N)ccc3C2=O)CC1	Dopamine D3 receptor	D3R	Ki	GPCR	train	non-cliff	8.88606	1.3	-0.113943
CHEMBL234_Ki-1956	C#Cc1ccc2c(c1)CCN(CCCCN1CCN(c3ccccc3OC)CC1)C2=O	Dopamine D3 receptor	D3R	Ki	GPCR	test	non-cliff	9.30103	0.5	0.30103
CHEMBL234_Ki-1957	Cc1nc(-c2ccc(C(=O)N[C@H]3CC[C@H](CCN4CCc5ccc(S(C)(=O)=O)cc5CC4)CC3)cc2)no1	Dopamine D3 receptor	D3R	Ki	GPCR	train	non-cliff	8.39794	4	-0.60206
CHEMBL234_Ki-1958	Cc1nc(C)c(-c2nnc(SCCCN3CCC4(c5ccc(C(F)(F)F)cc5)CC34)n2C)s1	Dopamine D3 receptor	D3R	Ki	GPCR	train	cliff	9.60206	0.25	0.60206
CHEMBL234_Ki-1959	COc1ccccc1N1CCN(CC(F)CCNC(=O)c2ccc(-c3ccccn3)cc2)CC1	Dopamine D3 receptor	D3R	Ki	GPCR	train	cliff	7.68825	20.5	-1.31175
CHEMBL234_Ki-1960	O=C(NCCC(F)CN1CCN(c2cccc(Cl)c2Cl)CC1)c1ccc(-c2ccccn2)cc1	Dopamine D3 receptor	D3R	Ki	GPCR	train	cliff	8.20761	6.2	-0.792392
CHEMBL234_Ki-1961	COc1ccccc1N1CCN(CC(F)CCNC(=O)c2cc3ccccc3o2)CC1	Dopamine D3 receptor	D3R	Ki	GPCR	test	cliff	7.54363	28.6	-1.45637
CHEMBL234_Ki-1962	COc1ccc2oc(C(=O)NCCC(F)CN3CCN(c4ccccc4OC)CC3)cc2c1	Dopamine D3 receptor	D3R	Ki	GPCR	train	cliff	7.85699	13.9	-1.14301
CHEMBL234_Ki-1963	COc1ccc2oc(C(=O)NCCC(F)CN3CCN(c4cccc(Cl)c4Cl)CC3)cc2c1	Dopamine D3 receptor	D3R	Ki	GPCR	train	non-cliff	8.09691	8	-0.90309
CHEMBL234_Ki-1964	COc1ccccc1N1CCN(CC(F)CCNC(=O)c2cc3ccccc3[nH]2)CC1	Dopamine D3 receptor	D3R	Ki	GPCR	test	cliff	8.02228	9.5	-0.977724
CHEMBL234_Ki-1965	O=C(NCCC(F)CN1CCN(c2cccc(Cl)c2Cl)CC1)c1cc2ccccc2[nH]1	Dopamine D3 receptor	D3R	Ki	GPCR	train	cliff	8.39794	4	-0.60206
CHEMBL234_Ki-1966	COc1ccccc1N1CCN(CC(F)CCNC(=O)c2ccc3c(c2)Cc2ccccc2-3)CC1	Dopamine D3 receptor	D3R	Ki	GPCR	train	cliff	7.99568	10.1	-1.00432
CHEMBL234_Ki-1967	O=C(NCCC(F)CN1CCN(c2cccc(Cl)c2Cl)CC1)c1ccc2c(c1)Cc1ccccc1-2	Dopamine D3 receptor	D3R	Ki	GPCR	train	cliff	8.58503	2.6	-0.414973
CHEMBL234_Ki-1968	COc1ccccc1N1CCN(CC(F)CCNC(=O)c2cc3ccccc3s2)CC1	Dopamine D3 receptor	D3R	Ki	GPCR	train	cliff	8.42022	3.8	-0.579784
CHEMBL234_Ki-1969	O=C(NCCC(F)CN1CCN(c2cccc(Cl)c2Cl)CC1)c1cc2ccccc2s1	Dopamine D3 receptor	D3R	Ki	GPCR	train	cliff	8.5376	2.9	-0.462398
CHEMBL234_Ki-1970	COc1ccc2[nH]c(C(=O)NCCC(F)CN3CCN(c4ccccc4OC)CC3)cc2c1	Dopamine D3 receptor	D3R	Ki	GPCR	train	cliff	8.33724	4.6	-0.662758
CHEMBL234_Ki-1971	COc1ccc2[nH]c(C(=O)NCCC(F)CN3CCN(c4cccc(Cl)c4Cl)CC3)cc2c1	Dopamine D3 receptor	D3R	Ki	GPCR	test	non-cliff	8.82391	1.5	-0.176091
CHEMBL234_Ki-1972	O=C(NCCC(F)CN1CCN(c2cccc(Cl)c2Cl)CC1)c1ccc2ccccc2c1	Dopamine D3 receptor	D3R	Ki	GPCR	train	cliff	8.21467	6.1	-0.78533
CHEMBL234_Ki-1973	CCCN(CCCCN1CCN(c2ccccc2OC)CC1)Cc1csc2ccccc12	Dopamine D3 receptor	D3R	Ki	GPCR	train	non-cliff	7.16813	67.9	-1.83187
CHEMBL234_Ki-1974	CCCN(CCCCN1CCN(c2cccc(Cl)c2Cl)CC1)Cc1csc2ccccc12	Dopamine D3 receptor	D3R	Ki	GPCR	train	non-cliff	6.99568	101	-2.00432
CHEMBL234_Ki-1975	CCCN(CCCCN1CCN(c2ccccc2OC)CC1)Cc1ccc2c(c1)Cc1ccccc1-2	Dopamine D3 receptor	D3R	Ki	GPCR	train	non-cliff	7.14569	71.5	-1.85431
CHEMBL234_Ki-1976	CCCN(CCCCN1CCN(c2cccc(Cl)c2Cl)CC1)Cc1ccc2c(c1)Cc1ccccc1-2	Dopamine D3 receptor	D3R	Ki	GPCR	train	cliff	6.88941	129	-2.11059
CHEMBL234_Ki-1977	CCCN(CCCCN1CCN(c2ccccc2OC)CC1)Cc1ccc2ccccc2c1	Dopamine D3 receptor	D3R	Ki	GPCR	train	non-cliff	7.09259	80.8	-1.90741
CHEMBL234_Ki-1978	CCCN(CCCCN1CCN(c2cccc(Cl)c2Cl)CC1)Cc1ccc2ccccc2c1	Dopamine D3 receptor	D3R	Ki	GPCR	train	non-cliff	6.98297	104	-2.01703
CHEMBL234_Ki-1979	OC(CCNCc1ccc2c(c1)Cc1ccccc1-2)CN1CCN(c2cccc(Cl)c2Cl)CC1	Dopamine D3 receptor	D3R	Ki	GPCR	train	non-cliff	6.8729	134	-2.1271
CHEMBL234_Ki-1980	FC(CCNCc1ccc2c(c1)Cc1ccccc1-2)CN1CCN(c2cccc(Cl)c2Cl)CC1	Dopamine D3 receptor	D3R	Ki	GPCR	train	non-cliff	6.33068	467	-2.66932
CHEMBL234_Ki-1981	CN(CCC(O)CN1CCN(c2cccc(Cl)c2Cl)CC1)Cc1ccc2c(c1)Cc1ccccc1-2	Dopamine D3 receptor	D3R	Ki	GPCR	train	cliff	6.79048	162	-2.20952
CHEMBL234_Ki-1982	CN(CCC(F)CN1CCN(c2cccc(Cl)c2Cl)CC1)Cc1ccc2c(c1)Cc1ccccc1-2	Dopamine D3 receptor	D3R	Ki	GPCR	train	cliff	6.40561	393	-2.59439
CHEMBL234_Ki-1983	O=C(NCCCCN1CCN(c2cccc(Cl)c2Cl)CC1)c1csc2ccccc12	Dopamine D3 receptor	D3R	Ki	GPCR	train	non-cliff	9.09691	0.8	0.09691
CHEMBL234_Ki-1984	O=C(CCCN1C2C3C4CC5C6C4C2C6C1(O)C53)c1ccc(F)cc1	Dopamine D3 receptor	D3R	Ki	GPCR	train	non-cliff	5.70819	1958	-3.29181
CHEMBL234_Ki-1985	COc1cc2c(cc1OC)CN(CCNC(=O)c1cc(C)ccc1OC)CC2	Dopamine D3 receptor	D3R	Ki	GPCR	train	non-cliff	5.42481	3760	-3.57519
CHEMBL234_Ki-1986	COc1cc(CN2CCN(c3ccccc3OC)CC2)ccc1OCc1cn(CCCCCCCCn2cc(COc3ccc(CN4CCN(c5ccccc5OC)CC4)cc3OC)nn2)nn1	Dopamine D3 receptor	D3R	Ki	GPCR	train	cliff	7.50864	31	-1.49136
CHEMBL234_Ki-1987	COc1cc(CN2CCN(c3ccccc3OC)CC2)ccc1OCCCc1cn(CCCCCCCCn2cc(CCCOc3ccc(CN4CCN(c5ccccc5OC)CC4)cc3OC)nn2)nn1	Dopamine D3 receptor	D3R	Ki	GPCR	train	non-cliff	7.07572	84	-1.92428
CHEMBL234_Ki-1988	COc1cc(CN2CCN(c3ccccc3OC)CC2)ccc1OCCCc1cn(CCCCCCCCCCn2cc(CCCOc3ccc(CN4CCN(c5ccccc5OC)CC4)cc3OC)nn2)nn1	Dopamine D3 receptor	D3R	Ki	GPCR	train	non-cliff	7.01773	96	-1.98227
CHEMBL234_Ki-1989	COc1cc(CN2CCN(c3ccccc3OC)CC2)ccc1OCCCCc1cn(CCCCCCCCCCn2cc(CCCCOc3ccc(CN4CCN(c5ccccc5OC)CC4)cc3OC)nn2)nn1	Dopamine D3 receptor	D3R	Ki	GPCR	train	non-cliff	7.13077	74	-1.86923
CHEMBL234_Ki-1990	COc1cc(CN2CCN(c3ccccc3OC)CC2)ccc1OCc1cn(CCOCCOCCn2cc(COc3ccc(CN4CCN(c5ccccc5OC)CC4)cc3OC)nn2)nn1	Dopamine D3 receptor	D3R	Ki	GPCR	train	cliff	7.4437	36	-1.5563
CHEMBL234_Ki-1991	COc1cc(CN2CCN(c3ccccc3OC)CC2)ccc1OCCCc1cn(CCOCCOCCn2cc(CCCOc3ccc(CN4CCN(c5ccccc5OC)CC4)cc3OC)nn2)nn1	Dopamine D3 receptor	D3R	Ki	GPCR	test	non-cliff	7.21467	61	-1.78533
CHEMBL234_Ki-1992	COc1cc(CN2CCN(c3ccccc3OC)CC2)ccc1OCCCc1cn(CCOCCOCCOCCn2cc(CCCOc3ccc(CN4CCN(c5ccccc5OC)CC4)cc3OC)nn2)nn1	Dopamine D3 receptor	D3R	Ki	GPCR	train	non-cliff	7.14267	72	-1.85733
CHEMBL234_Ki-1993	CCCCn1cc(COc2ccc(CN3CCN(c4ccccc4OC)CC3)cc2OC)nn1	Dopamine D3 receptor	D3R	Ki	GPCR	train	non-cliff	6.49485	320	-2.50515
CHEMBL234_Ki-1994	CCCCn1cc(CCCOc2ccc(CN3CCN(c4ccccc4OC)CC3)cc2OC)nn1	Dopamine D3 receptor	D3R	Ki	GPCR	train	non-cliff	6.21467	610	-2.78533
CHEMBL234_Ki-1995	CCCCn1cc(CCCCOc2ccc(CN3CCN(c4ccccc4OC)CC3)cc2OC)nn1	Dopamine D3 receptor	D3R	Ki	GPCR	test	non-cliff	6.22915	590	-2.77085
CHEMBL234_Ki-1996	CCOCCn1cc(COc2ccc(CN3CCN(c4ccccc4OC)CC3)cc2OC)nn1	Dopamine D3 receptor	D3R	Ki	GPCR	train	cliff	6.35655	440	-2.64345
CHEMBL234_Ki-1997	CCOCCn1cc(CCCOc2ccc(CN3CCN(c4ccccc4OC)CC3)cc2OC)nn1	Dopamine D3 receptor	D3R	Ki	GPCR	train	non-cliff	6.60206	250	-2.39794
CHEMBL234_Ki-1998	CCCc1cn(CCCCCCCCn2cc(CCCOc3ccc(CN4CCN(c5ccccc5OC)CC4)cc3OC)nn2)nn1	Dopamine D3 receptor	D3R	Ki	GPCR	train	non-cliff	6.63827	230	-2.36173
CHEMBL234_Ki-1999	COc1cc(CN2CCN(C)CC2)ccc1OCCCc1cn(CCCCCCCCn2cc(CCCOc3ccc(CN4CCN(c5ccccc5OC)CC4)cc3OC)nn2)nn1	Dopamine D3 receptor	D3R	Ki	GPCR	train	non-cliff	6.65758	220	-2.34242
CHEMBL234_Ki-2000	COc1cc(CN2CCN(c3ccccc3OC)CC2)ccc1OCCCc1cn(CCCCCCCCn2cc(CCCOc3ccc(CN4CCN(C5CCCCC5)CC4)cc3OC)nn2)nn1	Dopamine D3 receptor	D3R	Ki	GPCR	train	non-cliff	7	100	-2
CHEMBL234_Ki-2001	COc1cc2c(cc1OC)CN(CCCCn1cc(-c3ccc(F)cc3)c3ccccc31)CC2	Dopamine D3 receptor	D3R	Ki	GPCR	train	non-cliff	6.2644	544	-2.7356
CHEMBL234_Ki-2002	CC(C)(C)c1ccc(S(=O)(=O)/C=C/C#N)cc1	Dopamine D3 receptor	D3R	Ki	GPCR	train	non-cliff	5.92996	1175	-3.07004
CHEMBL234_Ki-2003	Oc1c(Cl)cc(Cl)cc1Sc1cc(Cl)cc(Cl)c1O	Dopamine D3 receptor	D3R	Ki	GPCR	train	non-cliff	5.84375	1433	-3.15625
CHEMBL234_Ki-2004	c1ccc2sc(SSc3nc4ccccc4s3)nc2c1	Dopamine D3 receptor	D3R	Ki	GPCR	train	non-cliff	6.5391	289	-2.4609
CHEMBL234_Ki-2005	CN1[C@H]2CC[C@@H]1C[C@H](OC(c1ccccc1)c1ccccc1)C2	Dopamine D3 receptor	D3R	Ki	GPCR	train	non-cliff	6.65365	222	-2.34635
CHEMBL234_Ki-2006	COc1ccc(CCN2CCC(Nc3nc4ccccc4n3Cc3ccc(F)cc3)CC2)cc1	Dopamine D3 receptor	D3R	Ki	GPCR	test	non-cliff	6.82974	148	-2.17026
CHEMBL234_Ki-2007	Clc1ccc2c(c1)C(N1CCNCC1)=Nc1ccccc1O2	Dopamine D3 receptor	D3R	Ki	GPCR	train	non-cliff	7.33724	46	-1.66276
CHEMBL234_Ki-2008	NCCCNCCSP(=O)(O)O	Dopamine D3 receptor	D3R	Ki	GPCR	train	non-cliff	6.18376	655	-2.81624
CHEMBL234_Ki-2009	CCCCc1oc2ccccc2c1C(=O)c1cc(I)c(OCCN(CC)CC)c(I)c1	Dopamine D3 receptor	D3R	Ki	GPCR	test	non-cliff	6.38722	410	-2.61278
CHEMBL234_Ki-2010	CC(C)C[C@H]1C(=O)N2CCC[C@H]2[C@]2(O)O[C@](NC(=O)[C@@H]3C=C4c5cccc6[nH]cc(c56)C[C@H]4N(C)C3)(C(C)C)C(=O)N12	Dopamine D3 receptor	D3R	Ki	GPCR	train	non-cliff	9.69897	0.2	0.69897
CHEMBL234_Ki-2011	Clc1cc(Cl)c(OCC#CI)cc1Cl	Dopamine D3 receptor	D3R	Ki	GPCR	train	non-cliff	6.77989	166	-2.22011
CHEMBL234_Ki-2012	CC(C)(C)c1ccc(C(=O)CCCN2CCC(OC(c3ccccc3)c3ccccc3)CC2)cc1	Dopamine D3 receptor	D3R	Ki	GPCR	train	cliff	7.38405	41.3	-1.61595
CHEMBL234_Ki-2013	Clc1ccc(COC(Cn2ccnc2)c2ccc(Cl)cc2Cl)cc1	Dopamine D3 receptor	D3R	Ki	GPCR	train	non-cliff	5.79183	1615	-3.20817
CHEMBL234_Ki-2014	CC(C)[C@H]1C(=O)N2CCC[C@H]2[C@]2(O)O[C@](NC(=O)[C@@H]3C=C4c5cccc6[nH]cc(c56)C[C@H]4N(C)C3)(C(C)C)C(=O)N12	Dopamine D3 receptor	D3R	Ki	GPCR	train	non-cliff	9.01278	0.971	0.0127808
CHEMBL234_Ki-2015	Fc1ccc(C(c2ccc(F)cc2)N2CCN(C/C=C/c3ccccc3)CC2)cc1	Dopamine D3 receptor	D3R	Ki	GPCR	train	non-cliff	7.48149	33	-1.51851
CHEMBL234_Ki-2016	C[C@@H](CO)NC(=O)[C@@H]1C=C2c3cccc4[nH]cc(c34)C[C@H]2N(C)C1	Dopamine D3 receptor	D3R	Ki	GPCR	train	non-cliff	6.71444	193	-2.28556
CHEMBL234_Ki-2017	CN1C[C@H](C(=O)N[C@]2(C)O[C@@]3(O)[C@@H]4CCCN4C(=O)[C@H](Cc4ccccc4)N3C2=O)C=C2c3cccc4[nH]cc(c34)C[C@H]21	Dopamine D3 receptor	D3R	Ki	GPCR	train	non-cliff	8.83446	1.464	-0.165541
CHEMBL234_Ki-2018	O=C(CCCN1CC=C(n2c(=O)[nH]c3ccccc32)CC1)c1ccc(F)cc1	Dopamine D3 receptor	D3R	Ki	GPCR	test	non-cliff	9.02733	0.939	0.0273344
CHEMBL234_Ki-2019	CC(C)OC(=O)C(C)(C)Oc1ccc(C(=O)c2ccc(Cl)cc2)cc1	Dopamine D3 receptor	D3R	Ki	GPCR	train	non-cliff	4.3306	46709	-4.6694
CHEMBL234_Ki-2020	CN1CCC[C@@H]1CCO[C@](C)(c1ccccc1)c1ccc(Cl)cc1	Dopamine D3 receptor	D3R	Ki	GPCR	train	non-cliff	8.60363	2.491	-0.396374
CHEMBL234_Ki-2021	OC(CCCN1CCCCC1)(c1ccccc1)c1ccccc1	Dopamine D3 receptor	D3R	Ki	GPCR	train	non-cliff	6.10513	785	-2.89487
CHEMBL234_Ki-2022	COc1cc(N)c(Cl)cc1C(=O)NC1CCN(CCCOc2ccc(F)cc2)CC1OC	Dopamine D3 receptor	D3R	Ki	GPCR	train	non-cliff	7.3098	49	-1.6902
CHEMBL234_Ki-2023	CC1(COc2ccc(CC3SC(=O)NC3=O)cc2)CCCCC1	Dopamine D3 receptor	D3R	Ki	GPCR	train	non-cliff	5.04244	9069	-3.95756
CHEMBL234_Ki-2024	CCN(CC)CCOC(=O)C1(C2CCCCC2)CCCCC1	Dopamine D3 receptor	D3R	Ki	GPCR	train	non-cliff	6.38616	411	-2.61384
CHEMBL234_Ki-2025	CN(C)CCC=C1c2ccccc2COc2ccccc21	Dopamine D3 receptor	D3R	Ki	GPCR	test	non-cliff	6.32514	473	-2.67486
CHEMBL234_Ki-2026	CN1CCN(C(c2ccccc2)c2ccccc2)CC1	Dopamine D3 receptor	D3R	Ki	GPCR	test	non-cliff	5.99311	1016	-3.00689
CHEMBL234_Ki-2027	CCN(CC)C(=S)SSC(=S)N(CC)CC	Dopamine D3 receptor	D3R	Ki	GPCR	train	non-cliff	6.43415	368	-2.56585
CHEMBL234_Ki-2028	Clc1ccccc1C(c1ccccc1)(c1ccccc1)n1ccnc1	Dopamine D3 receptor	D3R	Ki	GPCR	train	non-cliff	6.04624	899	-2.95376
CHEMBL234_Ki-2029	CN1C[C@H](C(=O)N[C@]2(C)O[C@@]3(O)[C@@H]4CCCN4C(=O)[C@H](Cc4ccccc4)N3C2=O)C[C@@H]2c3cccc4[nH]cc(c34)C[C@H]21	Dopamine D3 receptor	D3R	Ki	GPCR	train	non-cliff	8.74184	1.812	-0.258158
CHEMBL234_Ki-2030	Clc1ccc2c(c1)CCc1cccnc1C2=C1CCNCC1	Dopamine D3 receptor	D3R	Ki	GPCR	train	non-cliff	6.1891	647	-2.8109
CHEMBL234_Ki-2031	CC(CCc1ccc(O)cc1)NCCc1ccc(O)c(O)c1	Dopamine D3 receptor	D3R	Ki	GPCR	train	non-cliff	5.77134	1693	-3.22866
CHEMBL234_Ki-2032	CC/C(=C(/CC)c1ccc(O)cc1)c1ccc(O)cc1	Dopamine D3 receptor	D3R	Ki	GPCR	test	non-cliff	5.52476	2987	-3.47524
CHEMBL234_Ki-2033	C(=C/c1ccccc1)\\CN1CCN(C(c2ccccc2)c2ccccc2)CC1	Dopamine D3 receptor	D3R	Ki	GPCR	train	non-cliff	7.0655	86	-1.9345
CHEMBL234_Ki-2034	CCN(CC)CCOc1ccc(/C(=C(/Cl)c2ccccc2)c2ccccc2)cc1	Dopamine D3 receptor	D3R	Ki	GPCR	train	non-cliff	6.34872	448	-2.65128
CHEMBL234_Ki-2035	CN(C)CCCN1c2ccccc2CCc2ccc(Cl)cc21	Dopamine D3 receptor	D3R	Ki	GPCR	train	cliff	7.3279	47	-1.6721
CHEMBL234_Ki-2036	CN1CCC(=C2c3ccccc3C=Cc3ccccc32)CC1	Dopamine D3 receptor	D3R	Ki	GPCR	train	non-cliff	7.79588	16	-1.20412
CHEMBL234_Ki-2037	C#C[C@]1(O)CC[C@H]2[C@@H]3CCC4=Cc5oncc5C[C@]4(C)[C@H]3CC[C@@]21C	Dopamine D3 receptor	D3R	Ki	GPCR	test	non-cliff	5.00877	9800	-3.99123
CHEMBL234_Ki-2038	COc1ccccc1OCCNCC(O)COc1cccc2[nH]c3ccccc3c12	Dopamine D3 receptor	D3R	Ki	GPCR	train	non-cliff	6.70774	196	-2.29226
CHEMBL234_Ki-2039	N=C(N)c1ccc(OCCCCCOc2ccc(C(=N)N)cc2)cc1	Dopamine D3 receptor	D3R	Ki	GPCR	train	non-cliff	5.8671	1358	-3.1329
CHEMBL234_Ki-2040	CN(C)CCCN1c2ccccc2Sc2ccccc21	Dopamine D3 receptor	D3R	Ki	GPCR	train	non-cliff	7.16115	69	-1.83885
CHEMBL234_Ki-2041	CC(CN1c2ccccc2Sc2ccccc21)N(C)C	Dopamine D3 receptor	D3R	Ki	GPCR	train	non-cliff	6.72125	190	-2.27875
CHEMBL234_Ki-2042	NC(=O)C1CCN(CCCN2c3ccccc3Sc3ccc(Cl)cc32)CC1	Dopamine D3 receptor	D3R	Ki	GPCR	train	non-cliff	8.7997	1.586	-0.200303
CHEMBL234_Ki-2043	Clc1ccc(CO/N=C(\\Cn2ccnc2)c2ccc(Cl)cc2Cl)c(Cl)c1	Dopamine D3 receptor	D3R	Ki	GPCR	train	non-cliff	6.16935	677.1	-2.83065
CHEMBL234_Ki-2044	CNCCC=C1c2ccccc2CCc2ccccc21	Dopamine D3 receptor	D3R	Ki	GPCR	train	non-cliff	7.21467	61	-1.78533
CHEMBL234_Ki-2045	CCN(CC)CC#CCOC(=O)C(O)(c1ccccc1)C1CCCCC1	Dopamine D3 receptor	D3R	Ki	GPCR	test	non-cliff	6.83684	145.6	-2.16316
CHEMBL234_Ki-2046	CN1CCN(CCCN2c3ccccc3Sc3ccc(Cl)cc32)CC1	Dopamine D3 receptor	D3R	Ki	GPCR	test	non-cliff	8.35125	4.454	-0.64875
CHEMBL234_Ki-2047	CCN(CC)CCCC(C)Nc1c2ccc(Cl)cc2nc2ccc(OC)cc12	Dopamine D3 receptor	D3R	Ki	GPCR	train	non-cliff	6.34872	448	-2.65128
CHEMBL234_Ki-2048	CC[C@@H](CO)NC(=O)[C@@H]1C=C2c3cccc4c3c(cn4C)C[C@H]2N(C)C1	Dopamine D3 receptor	D3R	Ki	GPCR	train	non-cliff	7.22915	59	-1.77085
CHEMBL234_Ki-2049	CN1CCC(=C2c3ccccc3CC(=O)c3sccc32)CC1	Dopamine D3 receptor	D3R	Ki	GPCR	train	non-cliff	6.17587	667	-2.82413
CHEMBL234_Ki-2050	Clc1ccc(COC(Cn2ccnc2)c2ccc(Cl)cc2Cl)c(Cl)c1	Dopamine D3 receptor	D3R	Ki	GPCR	train	non-cliff	5.96417	1086	-3.03583
CHEMBL234_Ki-2051	CN1C[C@H](CNC(=O)OCc2ccccc2)C[C@@H]2c3cccc4c3c(cn4C)C[C@H]21	Dopamine D3 receptor	D3R	Ki	GPCR	train	non-cliff	8.58319	2.611	-0.416807
CHEMBL234_Ki-2052	CC[C@H](C)[C@@H](CO[C@@H](Cc1ccccc1)C(=O)N[C@@H](CCS(C)(=O)=O)C(=O)OC(C)C)NC[C@@H](N)CS	Dopamine D3 receptor	D3R	Ki	GPCR	train	non-cliff	8.01615	9.635	-0.983852
CHEMBL234_Ki-2053	CC(C)(O)c1ccccc1CC[C@@H](SCC1(CC(=O)O)CC1)c1cccc(/C=C/c2ccc3ccc(Cl)cc3n2)c1	Dopamine D3 receptor	D3R	Ki	GPCR	train	non-cliff	5.57988	2631	-3.42012
CHEMBL234_Ki-2054	CO[C@H]1C[C@@H](O[C@H]2C[C@H]([C@H]3O[C@](C)(O)[C@H](C)C[C@@H]3C)O[C@H]2[C@]2(C)CC[C@H]([C@]3(C)CC[C@]4(C[C@H](O)[C@@H](C)[C@@H]([C@@H](C)[C@@H]5O[C@](O)(CC(=O)O)[C@@H](C)[C@H](OC)[C@H]5OC)O4)O3)O2)O[C@@H](C)[C@@H]1OC	Dopamine D3 receptor	D3R	Ki	GPCR	train	non-cliff	8.02984	9.336	-0.970161
CHEMBL234_Ki-2055	CN1CCCC(CN2c3ccccc3Sc3ccccc32)C1	Dopamine D3 receptor	D3R	Ki	GPCR	train	non-cliff	6.16685	681	-2.83315
CHEMBL234_Ki-2056	CC[C@@H](CO)NC(=O)[C@@H]1C=C2c3cccc4[nH]cc(c34)C[C@H]2N(C)C1	Dopamine D3 receptor	D3R	Ki	GPCR	test	non-cliff	7.24413	57	-1.75587
CHEMBL234_Ki-2057	CCOC(=O)C1=C(C)NC(C)=C(C(=O)OCC)C1c1ccccc1/C=C/C(=O)OC(C)(C)C	Dopamine D3 receptor	D3R	Ki	GPCR	train	non-cliff	5.67861	2096	-3.32139
CHEMBL234_Ki-2058	CN(C)C(=O)C(CCN1CCC(O)(c2ccc(Cl)cc2)CC1)(c1ccccc1)c1ccccc1	Dopamine D3 receptor	D3R	Ki	GPCR	train	non-cliff	6.34294	454	-2.65706
CHEMBL234_Ki-2059	Cc1c(C)c2c(c(C)c1O)CCC(C)(CN1CCN(c3cc(N4CCCC4)nc(N4CCCC4)n3)CC1)O2	Dopamine D3 receptor	D3R	Ki	GPCR	train	non-cliff	5.75326	1765	-3.24674
CHEMBL234_Ki-2060	O=c1n(CCCN2CCN(c3cccc(Cl)c3)CC2)nc2ccccn12	Dopamine D3 receptor	D3R	Ki	GPCR	train	non-cliff	5.89585	1271	-3.10415
CHEMBL234_Ki-2061	COc1ccc(CCN(C)CCCC(C#N)(c2ccc(OC)c(OC)c2)C(C)C)cc1OC	Dopamine D3 receptor	D3R	Ki	GPCR	train	non-cliff	7.20066	63	-1.79934
CHEMBL234_Ki-2062	CSc1ccc2c(c1)N(CCC1CCCCN1C)c1ccccc1S2	Dopamine D3 receptor	D3R	Ki	GPCR	train	non-cliff	8.47366	3.36	-0.526339
CHEMBL234_Ki-2063	CC/C(=C(\\c1ccccc1)c1ccc(OCCN(C)C)cc1)c1ccccc1	Dopamine D3 receptor	D3R	Ki	GPCR	train	non-cliff	6.4389	364	-2.5611
CHEMBL234_Ki-2064	Clc1ccc(CSC(Cn2ccnc2)c2ccc(Cl)cc2Cl)cc1	Dopamine D3 receptor	D3R	Ki	GPCR	train	non-cliff	5.97716	1054	-3.02284
CHEMBL234_Ki-2065	CCN(CC)CCNC(=O)c1cc(S(C)(=O)=O)ccc1OC	Dopamine D3 receptor	D3R	Ki	GPCR	train	non-cliff	6.40894	390	-2.59106
CHEMBL234_Ki-2066	CCCCCCCCN[C@H](C)[C@@H](O)c1ccc(SC(C)C)cc1	Dopamine D3 receptor	D3R	Ki	GPCR	train	non-cliff	6.146	714.5	-2.854
CHEMBL234_Ki-2067	CC(C)(C)NC(=O)[C@@H]1C[C@@H]2CCCC[C@@H]2CN1C[C@@H](O)[C@H](Cc1ccccc1)NC(=O)[C@H](CC(N)=O)NC(=O)c1ccc2ccccc2n1	Dopamine D3 receptor	D3R	Ki	GPCR	test	non-cliff	5.28241	5219	-3.71759
CHEMBL234_Ki-2068	CC(C)N1CCN(c2ccc(OC[C@H]3CO[C@](Cn4cncn4)(c4ccc(Cl)cc4Cl)O3)cc2)CC1	Dopamine D3 receptor	D3R	Ki	GPCR	train	non-cliff	5.79588	1600	-3.20412
CHEMBL234_Ki-2069	COCCCOc1ccnc(C[S+](O)c2nc3ccccc3[nH]2)c1C	Dopamine D3 receptor	D3R	Ki	GPCR	train	non-cliff	6.10237	790	-2.89763
CHEMBL234_Ki-2070	CC(C)(C)c1ccc(C(O)CCCN2CCC(C(O)(c3ccccc3)c3ccccc3)CC2)cc1	Dopamine D3 receptor	D3R	Ki	GPCR	test	cliff	6.29158	511	-2.70842
CHEMBL234_Ki-2071	O=C(c1ccc(OCCN2CCCCC2)cc1)c1c(-c2ccc(O)cc2)sc2cc(O)ccc12	Dopamine D3 receptor	D3R	Ki	GPCR	test	non-cliff	6.27491	531	-2.72509
CHEMBL234_Ki-2072	CCCN(CCCCNC(=O)c1ccc(OCCCc2cn(CCCCCCCCn3cc(CCCOc4ccc(CN5CCN(c6ccccc6OC)CC5)cc4OC)nn3)nn2)c(OC)c1)C1Cc2ccccc2C1	Dopamine D3 receptor	D3R	Ki	GPCR	train	non-cliff	8.92082	1.2	-0.0791812
CHEMBL234_Ki-2073	CCCN(CCCCNC(=O)c1ccc(OCCCc2cn(CCCCCCCCn3cc(CCCOc4ccc(C(=O)NCCCCN5CCN(c6ccccc6OC)CC5)cc4OC)nn3)nn2)c(OC)c1)C1Cc2ccccc2C1	Dopamine D3 receptor	D3R	Ki	GPCR	test	non-cliff	8.69897	2	-0.30103
CHEMBL234_Ki-2074	CCCCn1cc(CCCOc2ccc(C(=O)NCCCCN3CCN(c4ccccc4OC)CC3)cc2OC)nn1	Dopamine D3 receptor	D3R	Ki	GPCR	train	non-cliff	8.69897	2	-0.30103
CHEMBL234_Ki-2075	CCCCn1cc(CCCOc2ccc(C(=O)NCCCCN(CCC)C3Cc4ccccc4C3)cc2OC)nn1	Dopamine D3 receptor	D3R	Ki	GPCR	test	non-cliff	9.14874	0.71	0.148742
CHEMBL234_Ki-2076	COc1cc(C(=O)NCCCCN2CCN(c3ccccc3OC)CC2)ccc1OCCCc1cn(CCCCCCCCn2cc(CCCOc3ccc(C(=O)NCCCCN4CCN(c5ccccc5OC)CC4)cc3OC)nn2)nn1	Dopamine D3 receptor	D3R	Ki	GPCR	train	non-cliff	7.92082	12	-1.07918
CHEMBL234_Ki-2077	CCCN(CCCCNC(=O)c1ccc(OCCCc2cn(CCCCCCCCn3cc(CCCOc4ccc(C(=O)NCCCCN(CCC)C5Cc6ccccc6C5)cc4OC)nn3)nn2)c(OC)c1)C1Cc2ccccc2C1	Dopamine D3 receptor	D3R	Ki	GPCR	train	non-cliff	8.74473	1.8	-0.255273
CHEMBL234_Ki-2078	Fc1ccc(CN2CCN(c3ccc4c(c3)OCCO4)CC2)cc1	Dopamine D3 receptor	D3R	Ki	GPCR	train	non-cliff	5.40894	3900	-3.59106
CHEMBL234_Ki-2079	COc1cc(CN2CCN(c3ccc4c(c3)OCCO4)CC2)ccc1F	Dopamine D3 receptor	D3R	Ki	GPCR	train	non-cliff	5.22915	5900	-3.77085
CHEMBL234_Ki-2080	Oc1cc(CN2CCN(c3ccc4c(c3)OCCO4)CC2)ccc1F	Dopamine D3 receptor	D3R	Ki	GPCR	train	non-cliff	5.37675	4200	-3.62325
CHEMBL234_Ki-2081	Fc1ccc(CN2CCN(c3ccc4c(c3)OCCO4)CC2)cn1	Dopamine D3 receptor	D3R	Ki	GPCR	train	cliff	4.76955	17000	-4.23045
CHEMBL234_Ki-2082	CCOCCOc1cccc(C(=O)NCCCN2CCN(c3ccccc3OC)CC2)c1	Dopamine D3 receptor	D3R	Ki	GPCR	train	cliff	6.76955	170	-2.23045
CHEMBL234_Ki-2083	CCOCCOc1cccc(C(=O)NCCCCN2CCN(c3ccccc3OC)CC2)c1	Dopamine D3 receptor	D3R	Ki	GPCR	train	cliff	8.3098	4.9	-0.690196
CHEMBL234_Ki-2084	COc1ccccc1N1CCN(CCCNC(=O)c2cccc(OCCOCCOCCOCCOc3cccc(C(=O)NCCCN4CCN(c5ccccc5OC)CC4)c3)c2)CC1	Dopamine D3 receptor	D3R	Ki	GPCR	train	cliff	7.95861	11	-1.04139
CHEMBL234_Ki-2085	COc1ccccc1N1CCN(CCCCNC(=O)c2cccc(OCCOCCOCCOCCOc3cccc(C(=O)NCCCCN4CCN(c5ccccc5OC)CC4)c3)c2)CC1	Dopamine D3 receptor	D3R	Ki	GPCR	train	cliff	9.21467	0.61	0.21467
CHEMBL234_Ki-2086	CCOCCOCc1ccc(C(=O)NCCCN2CCN(c3ccccc3OC)CC2)cc1	Dopamine D3 receptor	D3R	Ki	GPCR	test	cliff	6.48149	330	-2.51851
CHEMBL234_Ki-2087	CCOCCOCc1ccc(C(=O)NCCCCN2CCN(c3ccccc3OC)CC2)cc1	Dopamine D3 receptor	D3R	Ki	GPCR	train	cliff	7.79588	16	-1.20412
CHEMBL234_Ki-2088	CCOCCOc1ccn2ncc(C(=O)NCCCN3CCN(c4ccccc4OC)CC3)c2c1	Dopamine D3 receptor	D3R	Ki	GPCR	train	cliff	7.10791	78	-1.89209
CHEMBL234_Ki-2089	CCOCCOc1ccn2ncc(C(=O)NCCCCN3CCN(c4ccccc4OC)CC3)c2c1	Dopamine D3 receptor	D3R	Ki	GPCR	train	cliff	9.18046	0.66	0.180456
CHEMBL234_Ki-2090	CCOCCOCc1ccn2ncc(C(=O)NCCCN3CCN(c4ccccc4OC)CC3)c2c1	Dopamine D3 receptor	D3R	Ki	GPCR	train	cliff	6.79588	160	-2.20412
CHEMBL234_Ki-2091	CCOCCOCc1ccn2ncc(C(=O)NCCCCN3CCN(c4ccccc4OC)CC3)c2c1	Dopamine D3 receptor	D3R	Ki	GPCR	train	cliff	8.92082	1.2	-0.0791812
CHEMBL234_Ki-2092	COc1ccccc1N1CCN(CCCNC(=O)c2cnn3ccc(OCCOCCOCCOCCOc4ccn5ncc(C(=O)NCCCN6CCN(c7ccccc7OC)CC6)c5c4)cc23)CC1	Dopamine D3 receptor	D3R	Ki	GPCR	train	cliff	8.45593	3.5	-0.544068
CHEMBL234_Ki-2093	COc1ccccc1N1CCN(CCCCNC(=O)c2cnn3ccc(OCCOCCOCCOCCOc4ccn5ncc(C(=O)NCCCCN6CCN(c7ccccc7OC)CC6)c5c4)cc23)CC1	Dopamine D3 receptor	D3R	Ki	GPCR	train	cliff	9.46852	0.34	0.468521
CHEMBL234_Ki-2094	COc1ccccc1N1CCN(CCCNC(=O)c2cnn3ccc(COCCOCCOCCOCCOCc4ccn5ncc(C(=O)NCCCN6CCN(c7ccccc7OC)CC6)c5c4)cc23)CC1	Dopamine D3 receptor	D3R	Ki	GPCR	train	cliff	8	10	-1
CHEMBL234_Ki-2095	COc1ccccc1N1CCN(CCCCNC(=O)c2cnn3ccc(COCCOCCOCCOCCOCc4ccn5ncc(C(=O)NCCCCN6CCN(c7ccccc7OC)CC6)c5c4)cc23)CC1	Dopamine D3 receptor	D3R	Ki	GPCR	test	cliff	9.30103	0.5	0.30103
CHEMBL234_Ki-2096	CCOCCOCc1ccc(N2CCN(CCCCNC(=O)c3ccccc3)CC2)c(OC)c1	Dopamine D3 receptor	D3R	Ki	GPCR	train	non-cliff	6.03152	930	-2.96848
CHEMBL234_Ki-2097	COc1cc(COCCOCCOCCOCCOCc2ccc(N3CCN(CCCCNC(=O)c4ccccc4)CC3)c(OC)c2)ccc1N1CCN(CCCCNC(=O)c2ccccc2)CC1	Dopamine D3 receptor	D3R	Ki	GPCR	test	non-cliff	6.95861	110	-2.04139
CHEMBL234_Ki-2098	OC1(c2ccc(Cl)cc2)CCN(CCCCc2ccc(F)cc2)CC1	Dopamine D3 receptor	D3R	Ki	GPCR	test	non-cliff	6.17587	667	-2.82413
CHEMBL234_Ki-2099	Fc1ccc(SCCCN2CCC(c3ccc(Cl)cc3)CC2)cc1	Dopamine D3 receptor	D3R	Ki	GPCR	train	cliff	6.88606	130	-2.11394
CHEMBL234_Ki-2100	Fc1ccc(OCCCN2CCC(c3ccc(Cl)cc3)CC2)cc1	Dopamine D3 receptor	D3R	Ki	GPCR	train	non-cliff	6.15739	696	-2.84261
CHEMBL234_Ki-2101	O[S+](CCCN1CCC(c2ccc(Cl)cc2)CC1)c1ccc(F)cc1	Dopamine D3 receptor	D3R	Ki	GPCR	test	non-cliff	6.61439	243	-2.38561
CHEMBL234_Ki-2102	Fc1ccc(CCCCN2CCN(c3ccc(Cl)cc3)CC2)cc1	Dopamine D3 receptor	D3R	Ki	GPCR	test	cliff	6.58336	261	-2.41664
CHEMBL234_Ki-2103	Fc1ccc(SCCCN2CCN(c3ccc(Cl)cc3)CC2)cc1	Dopamine D3 receptor	D3R	Ki	GPCR	train	non-cliff	6.37469	422	-2.62531
CHEMBL234_Ki-2104	Fc1ccc(SCCCN2CCN(c3ccc(C(F)(F)F)cc3)CC2)cc1	Dopamine D3 receptor	D3R	Ki	GPCR	test	non-cliff	6.2644	544	-2.7356
CHEMBL234_Ki-2105	Fc1ccc(OCCCN2CCN(c3ccc(Cl)cc3)CC2)cc1	Dopamine D3 receptor	D3R	Ki	GPCR	test	non-cliff	6.05306	885	-2.94694
CHEMBL234_Ki-2106	Fc1ccc(OCCCN2CCN(c3ccccc3)CC2)cc1	Dopamine D3 receptor	D3R	Ki	GPCR	test	cliff	6.68403	207	-2.31597
CHEMBL234_Ki-2107	Clc1ccc(N2CCN(CCCOc3ccccc3)CC2)cc1	Dopamine D3 receptor	D3R	Ki	GPCR	train	cliff	6.13906	726	-2.86094
CHEMBL234_Ki-2108	c1ccc(OCCCN2CCN(c3ccccc3)CC2)cc1	Dopamine D3 receptor	D3R	Ki	GPCR	train	cliff	7.10073	79.3	-1.89927
CHEMBL234_Ki-2109	Fc1ccc(CCCCN2CCN(c3ncccn3)CC2)cc1	Dopamine D3 receptor	D3R	Ki	GPCR	test	cliff	6.5817	262	-2.4183
CHEMBL234_Ki-2110	Fc1ccc(SCCCN2CCN(c3ncccn3)CC2)cc1	Dopamine D3 receptor	D3R	Ki	GPCR	train	cliff	7.16749	68	-1.83251
CHEMBL234_Ki-2111	Fc1ccc(OCCCN2CCN(c3ncccn3)CC2)cc1	Dopamine D3 receptor	D3R	Ki	GPCR	test	cliff	6.10902	778	-2.89098
CHEMBL234_Ki-2112	Fc1ccc(CCCCN2CCN(c3ccccn3)CC2)cc1	Dopamine D3 receptor	D3R	Ki	GPCR	test	cliff	7.0655	86	-1.9345
CHEMBL234_Ki-2113	Fc1ccc(SCCCN2CCN(c3ccccn3)CC2)cc1	Dopamine D3 receptor	D3R	Ki	GPCR	train	cliff	6.79588	160	-2.20412
CHEMBL234_Ki-2114	Fc1ccc(OCCCN2CCN(c3ccccn3)CC2)cc1	Dopamine D3 receptor	D3R	Ki	GPCR	train	cliff	6.64016	229	-2.35984
CHEMBL234_Ki-2115	O=C1c2ccc(F)cc2CC1CCN1CCCN(c2ccc(Cl)cc2)CC1	Dopamine D3 receptor	D3R	Ki	GPCR	train	non-cliff	6.22915	590	-2.77085
CHEMBL234_Ki-2116	Fc1ccc(SCCCN2CCCN(c3ccc(Cl)cc3)CC2)cc1	Dopamine D3 receptor	D3R	Ki	GPCR	train	non-cliff	5.9914	1020	-3.0086
CHEMBL234_Ki-2117	Fc1ccc(OCCCN2CCCN(c3ccc(Cl)cc3)CC2)cc1	Dopamine D3 receptor	D3R	Ki	GPCR	train	cliff	6.68027	208.8	-2.31973
CHEMBL234_Ki-2118	Fc1ccc(CCCCN2CCCN(c3ccc(Cl)cc3)CC2)cc1	Dopamine D3 receptor	D3R	Ki	GPCR	train	cliff	5.5167	3043	-3.4833
CHEMBL234_Ki-2119	Clc1ccc(N2CCCN(CCCCc3nc4ccccc4s3)CC2)cc1	Dopamine D3 receptor	D3R	Ki	GPCR	train	cliff	6.81816	152	-2.18184
CHEMBL234_Ki-2120	Clc1ccc(N2CCCN(CCCc3nc4ccccc4s3)CC2)cc1	Dopamine D3 receptor	D3R	Ki	GPCR	train	cliff	6.06399	863	-2.93601
CHEMBL234_Ki-2121	O=C(CCCCN1CCCN(c2ccc(Cl)cc2)CC1)c1nc2ccccc2s1	Dopamine D3 receptor	D3R	Ki	GPCR	train	non-cliff	5.9784	1051	-3.0216
CHEMBL234_Ki-2122	O=C(CCCN1CCCN(c2ccc(Cl)cc2)CC1)c1nc2ccccc2s1	Dopamine D3 receptor	D3R	Ki	GPCR	train	non-cliff	6.10958	777	-2.89042
CHEMBL234_Ki-2123	O=C(CCCCN1[C@H]2CC[C@@H]1CC(O)(c1ccc(Cl)cc1)C2)c1nc2ccccc2s1	Dopamine D3 receptor	D3R	Ki	GPCR	train	non-cliff	7.79588	16	-1.20412
CHEMBL234_Ki-2124	OC1(c2ccc(Cl)cc2)C[C@@H]2CC[C@H](C1)N2CCCCc1nc2ccccc2s1	Dopamine D3 receptor	D3R	Ki	GPCR	train	non-cliff	7.88606	13	-1.11394
CHEMBL234_Ki-2125	C[C@H]1Cc2c([nH]c3ccccc23)Cc2ccccc2CCN1C	Dopamine D3 receptor	D3R	Ki	GPCR	test	non-cliff	6.51713	304	-2.48287
CHEMBL234_Ki-2126	O=c1[nH]c2ccccc2n1C1CCN(CCCOc2ccc(F)cc2)CC1	Dopamine D3 receptor	D3R	Ki	GPCR	train	non-cliff	8.89997	1.259	-0.100026
CHEMBL234_Ki-2127	Oc1ccc2c(c1O)C[C@@H](c1ccccc1)[C@@H]1CCNC[C@@H]21	Dopamine D3 receptor	D3R	Ki	GPCR	train	non-cliff	6.67778	210	-2.32222
CHEMBL234_Ki-2128	CCCCNC(=O)c1cc2ccccc2[nH]1	Dopamine D3 receptor	D3R	Ki	GPCR	train	non-cliff	4.66671	21542	-4.33329
CHEMBL234_Ki-2129	CCC(=O)NCCCCN1CCN(c2ccccc2OC)CC1	Dopamine D3 receptor	D3R	Ki	GPCR	test	non-cliff	7.41341	38.6	-1.58659
CHEMBL234_Ki-2130	CCC(=O)NCCCCN1CCN(c2cccc(Cl)c2Cl)CC1	Dopamine D3 receptor	D3R	Ki	GPCR	train	non-cliff	8.31876	4.8	-0.681241
CHEMBL234_Ki-2131	CCCCN1CCN(c2ccccc2OC)CC1	Dopamine D3 receptor	D3R	Ki	GPCR	train	non-cliff	7.6216	23.9	-1.3784
CHEMBL234_Ki-2132	CCCCN1CCN(c2cccc(Cl)c2Cl)CC1	Dopamine D3 receptor	D3R	Ki	GPCR	train	cliff	8.72125	1.9	-0.278754
CHEMBL234_Ki-2133	CCCN1CCN(c2cccc(Cl)c2Cl)CC1	Dopamine D3 receptor	D3R	Ki	GPCR	train	cliff	8.20066	6.3	-0.799341
CHEMBL234_Ki-2134	OCCN1CCN(c2cccc(Cl)c2Cl)CC1	Dopamine D3 receptor	D3R	Ki	GPCR	train	cliff	7.44009	36.3	-1.55991
CHEMBL234_Ki-2135	COc1ccccc1N1CCN(C)CC1	Dopamine D3 receptor	D3R	Ki	GPCR	train	non-cliff	6.22922	589.9	-2.77078
CHEMBL234_Ki-2136	CN1CCN(c2cccc(Cl)c2Cl)CC1	Dopamine D3 receptor	D3R	Ki	GPCR	train	non-cliff	7.26281	54.6	-1.73719
CHEMBL234_Ki-2137	COc1ccccc1N1CCNCC1	Dopamine D3 receptor	D3R	Ki	GPCR	train	non-cliff	5.64551	2262	-3.35449
CHEMBL234_Ki-2138	Clc1cccc(N2CCNCC2)c1Cl	Dopamine D3 receptor	D3R	Ki	GPCR	train	non-cliff	6.70465	197.4	-2.29535
CHEMBL234_Ki-2139	CCCCCCN(CCc1ccccc1)CCc1cccc(O)c1	Dopamine D3 receptor	D3R	Ki	GPCR	train	cliff	5.94044	1147	-3.05956
CHEMBL234_Ki-2140	CCCCN(CCc1ccccc1)CCc1cccc(O)c1	Dopamine D3 receptor	D3R	Ki	GPCR	train	cliff	5.94006	1148	-3.05994
CHEMBL234_Ki-2141	Oc1cccc(CCN(CCc2ccccc2)CC2CCC2)c1	Dopamine D3 receptor	D3R	Ki	GPCR	train	non-cliff	6.54975	282	-2.45025
CHEMBL234_Ki-2142	Oc1cccc(CCN(CCc2ccccc2)CC2CC2)c1	Dopamine D3 receptor	D3R	Ki	GPCR	train	non-cliff	6.77469	168	-2.22531
CHEMBL234_Ki-2143	CCCCCN(CCc1ccccc1)CCc1cccc(O)c1	Dopamine D3 receptor	D3R	Ki	GPCR	train	cliff	5.9594	1098	-3.0406
CHEMBL234_Ki-2144	CCCN(CCc1ccccc1)CCc1cccc(O)c1	Dopamine D3 receptor	D3R	Ki	GPCR	train	cliff	7.66154	21.8	-1.33846
CHEMBL234_Ki-2145	Cc1c(C(=O)N(CCCN2CCCCC2)c2ccccc2)oc2ccccc12	Dopamine D3 receptor	D3R	Ki	GPCR	test	non-cliff	5.1714	6739	-3.8286
CHEMBL234_Ki-2146	O=C(CCCN1CC[Si](O)(c2ccc(Cl)cc2)CC1)c1ccc(F)cc1	Dopamine D3 receptor	D3R	Ki	GPCR	train	non-cliff	8.32514	4.73	-0.674861
CHEMBL234_Ki-2147	CCCN1CCC(n2c(=O)[nH]c3cc(Cl)ccc32)CC1	Dopamine D3 receptor	D3R	Ki	GPCR	train	non-cliff	5.5986	2520	-3.4014
CHEMBL234_Ki-2148	COc1cccc(CCN2C3C4C5CC6C7C5C3C7C2(O)C64)c1OC	Dopamine D3 receptor	D3R	Ki	GPCR	train	non-cliff	5.26233	5466	-3.73767
CHEMBL234_Ki-2149	COc1ccccc1N1CCN(Cc2ccc3cccccc2-3)CC1	Dopamine D3 receptor	D3R	Ki	GPCR	train	non-cliff	7.08092	83	-1.91908
CHEMBL234_Ki-2150	COc1ccccc1N1CCN(Cc2cc(CN3CCN(c4ccc(Cl)cc4)CC3)c3cccccc2-3)CC1	Dopamine D3 receptor	D3R	Ki	GPCR	test	non-cliff	7.07058	85	-1.92942
CHEMBL234_Ki-2151	COc1ccccc1N1CCN(Cc2cc(CN3CCN(c4ccccc4OC)CC3)c3cccccc2-3)CC1	Dopamine D3 receptor	D3R	Ki	GPCR	train	cliff	7.48149	33	-1.51851
CHEMBL234_Ki-2152	COc1ccccc1N1CCN(Cc2cc(CN3CCN(C)CC3)c3cccccc2-3)CC1	Dopamine D3 receptor	D3R	Ki	GPCR	train	non-cliff	6.33724	460	-2.66276
CHEMBL234_Ki-2153	COc1ccccc1N1CCN(Cc2cc(CN3CCOCC3)c3cccccc2-3)CC1	Dopamine D3 receptor	D3R	Ki	GPCR	train	cliff	6.45593	350	-2.54407
CHEMBL234_Ki-2154	COc1ccccc1N1CCN(Cc2cc(CN3CCCCC3)c3cccccc2-3)CC1	Dopamine D3 receptor	D3R	Ki	GPCR	train	non-cliff	6.79588	160	-2.20412
CHEMBL234_Ki-2155	COc1ccccc1N1CCN(Cc2cc(CN(C)C)c3cccccc2-3)CC1	Dopamine D3 receptor	D3R	Ki	GPCR	train	non-cliff	6.40894	390	-2.59106
CHEMBL234_Ki-2156	COc1ccccc1N1CCN(Cc2cc(C#N)c3cccccc2-3)CC1	Dopamine D3 receptor	D3R	Ki	GPCR	train	cliff	6.27572	530	-2.72428
CHEMBL234_Ki-2157	COc1ccccc1N1CCN(Cc2cc(CO)c3cccccc2-3)CC1	Dopamine D3 receptor	D3R	Ki	GPCR	train	cliff	6.23657	580	-2.76343
CHEMBL234_Ki-2158	CCCC#Cc1cc(CN2CCN(c3ccccc3OC)CC2)c2cccccc1-2	Dopamine D3 receptor	D3R	Ki	GPCR	train	non-cliff	6.4318	370	-2.5682
CHEMBL234_Ki-2159	COc1ccccc1N1CCN(Cc2cc(C#Cc3ccccc3)c3cccccc2-3)CC1	Dopamine D3 receptor	D3R	Ki	GPCR	train	non-cliff	6.67778	210	-2.32222
CHEMBL234_Ki-2160	C#Cc1cc(CN2CCN(c3ccccc3OC)CC2)c2cccccc1-2	Dopamine D3 receptor	D3R	Ki	GPCR	train	cliff	6.4318	370	-2.5682
CHEMBL234_Ki-2161	c1ccc(C[n+]2cc[n+](-c3cccc4[nH]cnc34)cc2)cc1	Dopamine D3 receptor	D3R	Ki	GPCR	test	cliff	6.06023	870.5	-2.93977
CHEMBL234_Ki-2162	Clc1ccc2[nH]ccc2c1-[n+]1cc[n+](Cc2ccccc2)cc1	Dopamine D3 receptor	D3R	Ki	GPCR	test	cliff	7.02091	95.3	-1.97909
CHEMBL234_Ki-2163	Brc1ccc(-[n+]2cc[n+](Cc3ccccc3)cc2)c2cc[nH]c12	Dopamine D3 receptor	D3R	Ki	GPCR	train	non-cliff	7.25181	56	-1.74819
CHEMBL234_Ki-2164	c1ccc(C[n+]2cc[n+](-c3cccc4[nH]ccc34)cc2)cc1	Dopamine D3 receptor	D3R	Ki	GPCR	test	cliff	7.451	35.4	-1.549
CHEMBL234_Ki-2165	FC(F)(F)c1nc2c(-[n+]3cc[n+](Cc4ccccc4)cc3)cccc2[nH]1	Dopamine D3 receptor	D3R	Ki	GPCR	train	non-cliff	7.83268	14.7	-1.16732
CHEMBL234_Ki-2166	CC1=CC(C)=[N+]2C1=C(c1ccc(OCCCN3CCCCC3)cc1)c1c(C)cc(C)n1[B-]2(F)F	Dopamine D3 receptor	D3R	Ki	GPCR	train	non-cliff	5.82623	1492	-3.17377
CHEMBL234_Ki-2167	c1ccc(-n2cc(CN3CCN(c4cc5ccc4CCc4ccc(cc4)CC5)CC3)cn2)cc1	Dopamine D3 receptor	D3R	Ki	GPCR	train	non-cliff	7.74473	18	-1.25527
CHEMBL234_Ki-2168	c1ccc(N2CCN(Cc3cnn(-c4cc5ccc4CCc4ccc(cc4)CC5)c3)CC2)cc1	Dopamine D3 receptor	D3R	Ki	GPCR	train	non-cliff	7.66756	21.5	-1.33244
CHEMBL234_Ki-2169	CNc1ccc(C(=O)NCCCCN2CCCN(c3ccccc3OC)CC2)cc1	Dopamine D3 receptor	D3R	Ki	GPCR	train	cliff	8.14267	7.2	-0.857332
CHEMBL234_Ki-2170	COc1ccccc1N1CCCN(CCCCNC(=O)c2cccc(OC)c2OC)CC1	Dopamine D3 receptor	D3R	Ki	GPCR	train	non-cliff	7.35458	44.2	-1.64542
CHEMBL234_Ki-2171	COc1ccccc1N1CCCN(CCCCNC(=O)c2ccc(Br)nc2)CC1	Dopamine D3 receptor	D3R	Ki	GPCR	test	cliff	7.74715	17.9	-1.25285
CHEMBL234_Ki-2172	COc1ccccc1N1CCCN(CCCCNC(=O)c2ccc(Cl)nc2)CC1	Dopamine D3 receptor	D3R	Ki	GPCR	train	cliff	7.82391	15	-1.17609
CHEMBL234_Ki-2173	COc1ccccc1N1CCCN(CCCCNC(=O)c2ccc(-c3ccc(F)cc3)s2)CC1	Dopamine D3 receptor	D3R	Ki	GPCR	train	cliff	8.09691	8	-0.90309
CHEMBL234_Ki-2174	COc1ccccc1N1CCCN(CCCCNC(=O)c2ccc(Br)s2)CC1	Dopamine D3 receptor	D3R	Ki	GPCR	train	non-cliff	8.31876	4.8	-0.681241
CHEMBL234_Ki-2175	COc1ccccc1N1CCCN(CCCCNC(=O)c2cccc3c2-c2ccccc2C3=O)CC1	Dopamine D3 receptor	D3R	Ki	GPCR	train	non-cliff	7.93554	11.6	-1.06446
CHEMBL234_Ki-2176	COc1ccccc1N1CCCN(CCCCNC(=O)c2ccc(CCO)cc2)CC1	Dopamine D3 receptor	D3R	Ki	GPCR	train	cliff	7.87943	13.2	-1.12057
CHEMBL234_Ki-2177	COc1ccccc1N1CCCN(CCCCNC(=O)c2ccc(-c3ccccc3)s2)CC1	Dopamine D3 receptor	D3R	Ki	GPCR	train	cliff	8.04576	9	-0.954243
CHEMBL234_Ki-2178	COc1ccccc1N1CCCN(CCCCNC(=O)c2cc3ccccc3s2)CC1	Dopamine D3 receptor	D3R	Ki	GPCR	test	cliff	8.82391	1.5	-0.176091
CHEMBL234_Ki-2179	COc1ccccc1N1CCCN(CCCCNC(=O)c2cc3ccccc3[nH]2)CC1	Dopamine D3 receptor	D3R	Ki	GPCR	train	cliff	8.60206	2.5	-0.39794
CHEMBL234_Ki-2180	COc1ccccc1N1CCCN(CCCCNC(=O)c2ccc(C)s2)CC1	Dopamine D3 receptor	D3R	Ki	GPCR	train	cliff	8.12494	7.5	-0.875061
CHEMBL234_Ki-2181	COc1ccccc1N1CCCN(CCCCNC(=O)c2ccc(F)cc2)CC1	Dopamine D3 receptor	D3R	Ki	GPCR	train	cliff	8.05552	8.8	-0.944483
CHEMBL234_Ki-2182	COc1ccccc1N1CCCN(CCCCNC(=O)c2ccc(Cl)cc2)CC1	Dopamine D3 receptor	D3R	Ki	GPCR	test	cliff	8.4318	3.7	-0.568202
CHEMBL234_Ki-2183	C=Cc1ccc(C(=O)NCCCCN2CCCN(c3ccccc3OC)CC2)cc1	Dopamine D3 receptor	D3R	Ki	GPCR	train	non-cliff	8.74473	1.8	-0.255273
CHEMBL234_Ki-2184	COc1ccccc1N1CCCN(CCCCNC(=O)c2ccc(CCF)cc2)CC1	Dopamine D3 receptor	D3R	Ki	GPCR	train	cliff	8.04576	9	-0.954243
CHEMBL234_Ki-2185	COc1ccccc1N1CCCN(CCCCNC(=O)c2cc3ccccc3o2)CC1	Dopamine D3 receptor	D3R	Ki	GPCR	train	cliff	8.25964	5.5	-0.740363
CHEMBL234_Ki-2186	COc1ccccc1N1CCCN(CCCCNC(=O)c2ccc(SC)cc2)CC1	Dopamine D3 receptor	D3R	Ki	GPCR	train	cliff	8.5376	2.9	-0.462398
CHEMBL234_Ki-2187	COc1ccccc1N1CCCN(CCCCNC(=O)c2ccc(N(C)C)cc2)CC1	Dopamine D3 receptor	D3R	Ki	GPCR	train	cliff	8.40894	3.9	-0.591065
CHEMBL234_Ki-2188	COc1ccccc1N1CCCN(CCCCNC(=O)c2ccc(-c3ccsc3)cc2)CC1	Dopamine D3 receptor	D3R	Ki	GPCR	train	cliff	9.1549	0.7	0.154902
CHEMBL234_Ki-2189	COc1cc(Br)cc(C(=O)NCCCCN2CCN(c3cccc(Cl)c3Cl)CC2)c1OC	Dopamine D3 receptor	D3R	Ki	GPCR	train	non-cliff	8.67778	2.1	-0.322219
CHEMBL234_Ki-2190	O=C(NCCCCN1CCN(c2cccc(Cl)c2Cl)CC1)c1ccc2c(c1)C(=O)c1ccccc1-2	Dopamine D3 receptor	D3R	Ki	GPCR	test	cliff	8.85387	1.4	-0.146128
CHEMBL234_Ki-2191	C=CCN(CC=C)CCc1c[nH]c2ccc(OC)cc12	Dopamine D3 receptor	D3R	Ki	GPCR	train	non-cliff	6.30769	492.39	-2.69231
CHEMBL234_Ki-2192	O=C(OCCN1CCCC1)N1c2ccccc2Sc2ccccc21	Dopamine D3 receptor	D3R	Ki	GPCR	train	non-cliff	6	1000	-3
CHEMBL234_Ki-2193	CCN(CC)CCCOC(=O)N1c2ccccc2Sc2ccccc21	Dopamine D3 receptor	D3R	Ki	GPCR	train	non-cliff	6	1000	-3
CHEMBL234_Ki-2194	CC(C(=O)N1c2ccccc2Sc2ccccc21)c1ccccc1	Dopamine D3 receptor	D3R	Ki	GPCR	train	non-cliff	5.05061	8900	-3.94939
CHEMBL234_Ki-2195	Cn1c(=O)cnn(CCCCN2CCN(c3ccccc3OCCF)CC2)c1=O	Dopamine D3 receptor	D3R	Ki	GPCR	train	non-cliff	7.65758	22	-1.34242
CHEMBL234_Ki-2196	Clc1cccc(N2CCN(Cc3c[nH]c4ccccc34)CC2)c1Cl	Dopamine D3 receptor	D3R	Ki	GPCR	train	non-cliff	6.91009	123	-2.08991
CHEMBL234_Ki-2197	CCOc1ccccc1N1CCN(Cc2c[nH]c3ccccc23)CC1	Dopamine D3 receptor	D3R	Ki	GPCR	train	non-cliff	6.98716	103	-2.01284
CHEMBL234_Ki-2198	Clc1cccc(N2CCN(Cc3ccccc3)CC2)c1Cl	Dopamine D3 receptor	D3R	Ki	GPCR	train	non-cliff	7.38722	41	-1.61278
CHEMBL234_Ki-2199	CCOc1ccccc1N1CCN(Cc2ccccc2)CC1	Dopamine D3 receptor	D3R	Ki	GPCR	train	non-cliff	7.36957	42.7	-1.63043
CHEMBL234_Ki-2200	Clc1cccc(N2CCN(Cc3csc4ccccc34)CC2)c1Cl	Dopamine D3 receptor	D3R	Ki	GPCR	train	non-cliff	7.27984	52.5	-1.72016
CHEMBL234_Ki-2201	CCOc1ccccc1N1CCN(Cc2csc3ccccc23)CC1	Dopamine D3 receptor	D3R	Ki	GPCR	train	non-cliff	7.34582	45.1	-1.65418
CHEMBL234_Ki-2202	Clc1cccc(N2CCN(Cc3cccc4ccccc34)CC2)c1Cl	Dopamine D3 receptor	D3R	Ki	GPCR	test	non-cliff	7.03621	92	-1.96379
CHEMBL234_Ki-2203	CCOc1ccccc1N1CCN(Cc2cccc3ccccc23)CC1	Dopamine D3 receptor	D3R	Ki	GPCR	train	non-cliff	7.22915	59	-1.77085
CHEMBL234_Ki-2204	Clc1cccc(N2CCN(Cc3cccnc3)CC2)c1Cl	Dopamine D3 receptor	D3R	Ki	GPCR	train	non-cliff	7.38722	41	-1.61278
CHEMBL234_Ki-2205	CCOc1ccccc1N1CCN(Cc2cccnc2)CC1	Dopamine D3 receptor	D3R	Ki	GPCR	train	non-cliff	7.37675	42	-1.62325
CHEMBL234_Ki-2206	Oc1ccc(N2CCN(Cc3cccs3)CC2)cc1	Dopamine D3 receptor	D3R	Ki	GPCR	train	non-cliff	6.65561	221	-2.34439
CHEMBL234_Ki-2207	Clc1ccc(N2CCN(Cc3cccs3)CC2)cc1Cl	Dopamine D3 receptor	D3R	Ki	GPCR	train	non-cliff	7.20761	62	-1.79239
CHEMBL234_Ki-2208	CCOc1ccccc1N1CCN(Cc2cccs2)CC1	Dopamine D3 receptor	D3R	Ki	GPCR	train	non-cliff	6.95078	112	-2.04922
CHEMBL234_Ki-2209	Clc1cccc(N2CCN(Cc3cccs3)CC2)c1Cl	Dopamine D3 receptor	D3R	Ki	GPCR	test	non-cliff	7.35164	44.5	-1.64836
CHEMBL234_Ki-2210	Clc1ccccc1N1CCN(Cc2cccs2)CC1	Dopamine D3 receptor	D3R	Ki	GPCR	train	non-cliff	6.36957	427	-2.63043
CHEMBL234_Ki-2211	Fc1ccccc1N1CCN(Cc2cccs2)CC1	Dopamine D3 receptor	D3R	Ki	GPCR	train	non-cliff	5.72148	1899	-3.27852
CHEMBL234_Ki-2212	c1ccc(N2CCN(Cc3cccs3)CC2)cc1	Dopamine D3 receptor	D3R	Ki	GPCR	train	cliff	5.78304	1648	-3.21696
CHEMBL234_Ki-2213	COc1ccccc1N1CCN(CCCCn2cc(-c3ccc(-c4cnco4)cc3)nn2)CC1	Dopamine D3 receptor	D3R	Ki	GPCR	train	cliff	6.87095	134.6	-2.12905
CHEMBL234_Ki-2214	COc1ccccc1N1CCN(CCCCn2cc(-c3cccnc3)nn2)CC1	Dopamine D3 receptor	D3R	Ki	GPCR	train	cliff	6.87778	132.5	-2.12222
CHEMBL234_Ki-2215	COc1ccccc1N1CCN(CCCCn2cc(-c3ccc(N)cc3)nn2)CC1	Dopamine D3 receptor	D3R	Ki	GPCR	train	cliff	8.56864	2.7	-0.431364
CHEMBL234_Ki-2216	COc1ccc(-c2cn(CCCCN3CCN(c4ccccc4OC)CC3)nn2)cc1	Dopamine D3 receptor	D3R	Ki	GPCR	train	cliff	7.39686	40.1	-1.60314
CHEMBL234_Ki-2217	COc1ccccc1N1CCN(CCCCn2cc(-c3ccc(Br)cc3)nn2)CC1	Dopamine D3 receptor	D3R	Ki	GPCR	train	cliff	6.95585	110.7	-2.04415
CHEMBL234_Ki-2218	C1C2C3CC4C2C2C1C3[C@H](NCC13C5C6C7C5C1C7C63)C42	Dopamine D3 receptor	D3R	Ki	GPCR	train	non-cliff	5.27043	5365	-3.72957
CHEMBL234_Ki-2219	c1cc2c(cc1CN[C@H]1C3C4CC5C6C4CC3C6C51)OCO2	Dopamine D3 receptor	D3R	Ki	GPCR	train	non-cliff	5.57106	2685	-3.42894
CHEMBL234_Ki-2220	COc1cc(CN[C@H]2C3C4CC5C6C4CC3C6C52)cc(OC)c1OC	Dopamine D3 receptor	D3R	Ki	GPCR	train	non-cliff	5.97964	1048	-3.02036
CHEMBL234_Ki-2221	c1ccc(CCN[C@H]2C3C4CC5C6C4CC3C6C52)cc1	Dopamine D3 receptor	D3R	Ki	GPCR	test	non-cliff	5.06238	8662	-3.93762
CHEMBL234_Ki-2222	COc1ccccc1N1CCN(Cc2cn(-c3ccc(OCCCOC4O[C@H](CO)[C@@H](O)[C@H](O)[C@H]4F)cc3)nn2)CC1	Dopamine D3 receptor	D3R	Ki	GPCR	train	non-cliff	5.24413	5700	-3.75587
CHEMBL234_Ki-2223	COc1ccccc1N1CCN(Cc2cn(-c3ccc(OCCCOCCF)cc3)nn2)CC1	Dopamine D3 receptor	D3R	Ki	GPCR	train	cliff	5.5376	2900	-3.4624
CHEMBL234_Ki-2224	COc1ccccc1N1CCN(Cc2cn(-c3ccc(OCCOCCOCCF)cc3)nn2)CC1	Dopamine D3 receptor	D3R	Ki	GPCR	train	cliff	6.69897	200	-2.30103
CHEMBL234_Ki-2225	COc1ccccc1N1CCN(Cc2cn(-c3ccc(OCCCF)cc3)nn2)CC1	Dopamine D3 receptor	D3R	Ki	GPCR	train	cliff	5.55284	2800	-3.44716
CHEMBL234_Ki-2226	COc1ccccc1N1CCN(Cc2cn(-c3ccc(OCCF)cc3)nn2)CC1	Dopamine D3 receptor	D3R	Ki	GPCR	test	non-cliff	4.76955	17000	-4.23045
CHEMBL234_Ki-2227	COc1ccccc1N1CCN(Cc2cn([C@@H]3O[C@H](CF)[C@@H](O)[C@H](O)[C@H]3O)nn2)CC1	Dopamine D3 receptor	D3R	Ki	GPCR	train	non-cliff	4.60206	25000	-4.39794
CHEMBL234_Ki-2228	COc1ccccc1N1CCN(Cc2cn([C@@H]3O[C@H](CO)[C@@H](O)[C@H](O)[C@H]3F)nn2)CC1	Dopamine D3 receptor	D3R	Ki	GPCR	train	non-cliff	4.76955	17000	-4.23045
CHEMBL234_Ki-2229	COc1ccccc1N1CCN(Cc2cn(CCOCCOCCOCCF)nn2)CC1	Dopamine D3 receptor	D3R	Ki	GPCR	train	non-cliff	5.11919	7600	-3.88081
CHEMBL234_Ki-2230	COc1ccccc1N1CCN(Cc2cn(CCOCCOCCF)nn2)CC1	Dopamine D3 receptor	D3R	Ki	GPCR	train	non-cliff	5.29243	5100	-3.70757
CHEMBL234_Ki-2231	COc1ccccc1N1CCN(Cc2cn(CCOCCF)nn2)CC1	Dopamine D3 receptor	D3R	Ki	GPCR	train	non-cliff	5.76955	1700	-3.23045
CHEMBL234_Ki-2232	COc1ccccc1N1CCN(Cc2cn(CCCCCCF)nn2)CC1	Dopamine D3 receptor	D3R	Ki	GPCR	test	non-cliff	6.09691	800	-2.90309
CHEMBL234_Ki-2233	COc1ccc(CNC(=O)c2cc(-c3cc(Cl)cc(Cl)c3)cnc2-c2cccnc2)cc1OC	Dopamine D3 receptor	D3R	Ki	GPCR	train	non-cliff	5.48945	3240	-3.51055
CHEMBL234_Ki-2234	C[C@@H]1NCCc2cc(O)c(O)cc21	Dopamine D3 receptor	D3R	Ki	GPCR	train	non-cliff	6.30103	500	-2.69897
CHEMBL234_Ki-2235	CN1CCC2C(C1)c1cccc3c1N2c1ccccc1CS3	Dopamine D3 receptor	D3R	Ki	GPCR	train	non-cliff	7.50004	31.62	-1.49996
CHEMBL234_Ki-2236	O=C1CC(CN2CCC(c3noc4cc(F)ccc34)CC2)Cc2[nH]ncc21	Dopamine D3 receptor	D3R	Ki	GPCR	train	non-cliff	6.73	186.21	-2.27
CHEMBL234_Ki-2237	Cc1nc2c(o1)CC(CN1CCC(c3c[nH]c4cc(F)ccc34)CC1)CC2=O	Dopamine D3 receptor	D3R	Ki	GPCR	train	non-cliff	5.87	1348.96	-3.13
CHEMBL234_Ki-2238	O=C1CC(CN2CCC(c3c[nH]c4cc(F)ccc34)CC2)Cc2nc(N3CCCC3)sc21	Dopamine D3 receptor	D3R	Ki	GPCR	train	non-cliff	5.96	1096.48	-3.04
CHEMBL234_Ki-2239	COc1cc2c(cc1OC)CN(CCCCNC(=O)c1cc(Br)cc(OC)c1OC)CC2	Dopamine D3 receptor	D3R	Ki	GPCR	train	non-cliff	6.20273	627	-2.79727
CHEMBL234_Ki-2240	COc1cccc2[nH]cc(CN3CCC(O)(c4ccc(I)cc4)CC3)c12	Dopamine D3 receptor	D3R	Ki	GPCR	train	non-cliff	7.0575	87.6	-1.9425
CHEMBL234_Ki-2241	Fc1ccc(CN2CCC(Nc3ccc(C(F)(F)F)nn3)CC2)cc1F	Dopamine D3 receptor	D3R	Ki	GPCR	train	non-cliff	5.93592	1159	-3.06408
CHEMBL234_Ki-2242	CCN1C(=O)c2ccccc2[S+](O)c2ccc(C(=O)NCc3ccc(OC)cc3)cc21	Dopamine D3 receptor	D3R	Ki	GPCR	test	cliff	5.72125	1900	-3.27875
CHEMBL234_Ki-2243	CCN1C(=O)c2ccccc2[S@@+](O)c2ccc(C(=O)NCc3ccc(F)cc3)cc21	Dopamine D3 receptor	D3R	Ki	GPCR	train	cliff	6.63827	230	-2.36173
CHEMBL234_Ki-2244	CCN1C(=O)c2ccccc2[S@@+](O)c2ccc(C(=O)NCc3ccc(C#N)cc3)cc21	Dopamine D3 receptor	D3R	Ki	GPCR	train	cliff	6.88606	130	-2.11394
CHEMBL234_Ki-2245	CCN1C(=O)c2ccccc2[S@@+](O)c2ccc(C(=O)N[C@H](C)c3ccc(Br)cc3)cc21	Dopamine D3 receptor	D3R	Ki	GPCR	train	non-cliff	6.05552	880	-2.94448
CHEMBL234_Ki-2246	CCN1C(=O)c2ccccc2[S@@+](O)c2ccc(C(=O)N[C@H](C)c3ccc4ccccc4c3)cc21	Dopamine D3 receptor	D3R	Ki	GPCR	train	non-cliff	5.46852	3400	-3.53148
CHEMBL234_Ki-2247	CN1C(=O)c2ccccc2[S@@+](O)c2ccc(C(=O)NCc3ccc(Br)cc3)cc21	Dopamine D3 receptor	D3R	Ki	GPCR	train	cliff	6.4318	370	-2.5682
CHEMBL234_Ki-2248	CN1C(=O)c2ccccc2[S@@+](O)c2ccc(C(=O)NCc3cccnc3)cc21	Dopamine D3 receptor	D3R	Ki	GPCR	train	cliff	4.67778	21000	-4.32222
CHEMBL234_Ki-2249	CN1C(=O)c2ccccc2[S@@+](O)c2ccc(C(=O)NCCN3CCCC3)cc21	Dopamine D3 receptor	D3R	Ki	GPCR	train	non-cliff	6.45593	350	-2.54407
CHEMBL234_Ki-2250	CN1CN(c2ccccc2)C2(CCN(CCCC(=O)c3ccc(F)cc3)CC2)C1=O	Dopamine D3 receptor	D3R	Ki	GPCR	train	non-cliff	9.57675	0.265	0.576754
CHEMBL234_Ki-2251	CCCN(CC[C@]1(O)C[C@@H](NC(=O)c2ccc3ccccc3c2)C1)[C@H]1C[C@@H]1c1cccc(Cl)c1	Dopamine D3 receptor	D3R	Ki	GPCR	train	non-cliff	7.42136	37.9	-1.57864
CHEMBL234_Ki-2252	CCCN(CC[C@]1(O)C[C@@H](NC(=O)c2ccc3ccccc3c2)C1)[C@H]1C[C@@H]1c1ccccc1Cl	Dopamine D3 receptor	D3R	Ki	GPCR	train	non-cliff	7.65561	22.1	-1.34439
CHEMBL234_Ki-2253	O[S+](CCCN1CCN(c2ccc(Cl)cc2)CC1)c1ccc(F)cc1	Dopamine D3 receptor	D3R	Ki	GPCR	test	non-cliff	5.87145	1344.48	-3.12855
CHEMBL234_Ki-2254	Fc1ccc2c(c1)CC(CCN1CCN(c3ccc(Cl)cc3)CC1)C2	Dopamine D3 receptor	D3R	Ki	GPCR	train	non-cliff	5.55721	2772	-3.44279
CHEMBL234_Ki-2255	FC(F)(F)c1ccc(OCCCN2CCN(c3ccccn3)CC2)cc1	Dopamine D3 receptor	D3R	Ki	GPCR	train	non-cliff	6.44989	354.905	-2.55011
CHEMBL234_Ki-2256	Cc1ccc(N2CCN(CCCOc3ccc(F)cc3)CC2)nc1	Dopamine D3 receptor	D3R	Ki	GPCR	test	non-cliff	6.71385	193.265	-2.28615
CHEMBL234_Ki-2257	Cc1ccc(N2CCN(CCCSc3ccc(F)cc3)CC2)nc1	Dopamine D3 receptor	D3R	Ki	GPCR	test	non-cliff	6.78451	164.245	-2.21549
CHEMBL234_Ki-2258	Cc1ccc(N2CCN(CCCCc3ccc(F)cc3)CC2)nc1	Dopamine D3 receptor	D3R	Ki	GPCR	train	non-cliff	6.80342	157.245	-2.19658
CHEMBL234_Ki-2259	Clc1ccc(N2CCN(CCCCc3nc4ccccc4s3)CC2)cc1	Dopamine D3 receptor	D3R	Ki	GPCR	train	cliff	7.50864	31	-1.49136
CHEMBL234_Ki-2260	Clc1ccc(N2CCN(CCCc3nc4ccccc4s3)CC2)cc1	Dopamine D3 receptor	D3R	Ki	GPCR	test	cliff	6.66959	214	-2.33041
CHEMBL234_Ki-2261	Clc1ccc(N2CCN(CCCCCc3nc4ccccc4o3)CC2)cc1	Dopamine D3 receptor	D3R	Ki	GPCR	train	cliff	6.92445	119	-2.07555
CHEMBL234_Ki-2262	Clc1ccc(N2CCN(CCCCc3nc4ccccc4o3)CC2)cc1	Dopamine D3 receptor	D3R	Ki	GPCR	train	cliff	7.48149	33	-1.51851
CHEMBL234_Ki-2263	Clc1ccc(N2CCN(CCCc3nc4ccccc4o3)CC2)cc1	Dopamine D3 receptor	D3R	Ki	GPCR	train	cliff	6.74473	180	-2.25527
CHEMBL234_Ki-2264	Clc1ccc(N2CCN(CCc3nc4ccccc4o3)CC2)cc1	Dopamine D3 receptor	D3R	Ki	GPCR	test	cliff	6.07058	850	-2.92942
CHEMBL234_Ki-2265	Clc1ccc(N2CCN(CCCc3cc4ccccc4o3)CC2)cc1	Dopamine D3 receptor	D3R	Ki	GPCR	train	cliff	5.64016	2290	-3.35984
CHEMBL234_Ki-2266	Clc1ccc(N2C[C@H]3C[C@@H]2CN3CCCc2cc3ccccc3o2)cc1	Dopamine D3 receptor	D3R	Ki	GPCR	train	non-cliff	6.17347	670.7	-2.82653
CHEMBL234_Ki-2267	Clc1ccc(N2CCCN(CCCc3cc4ccccc4o3)CC2)cc1	Dopamine D3 receptor	D3R	Ki	GPCR	train	cliff	5.83505	1462	-3.16495
CHEMBL234_Ki-2268	c1cnc(N2CCN(CCCCc3nc4ccccc4s3)CC2)nc1	Dopamine D3 receptor	D3R	Ki	GPCR	test	non-cliff	7	100	-2
CHEMBL234_Ki-2269	CN(C)C(=O)N[C@H]1CC[C@H](CCN2CCN(c3cccc(Cl)c3Cl)CC2)CC1	Dopamine D3 receptor	D3R	Ki	GPCR	test	non-cliff	9.74412	0.18025	0.744125
CHEMBL234_Ki-2270	Clc1cccc(N2CCN(CCCCOc3ccn4nccc4c3)CC2)c1Cl	Dopamine D3 receptor	D3R	Ki	GPCR	test	cliff	8.1549	7	-0.845098
CHEMBL234_Ki-2271	Clc1cccc(N2CCN(CCCCOc3cccn4nccc34)CC2)c1Cl	Dopamine D3 receptor	D3R	Ki	GPCR	train	non-cliff	8	10	-1
CHEMBL234_Ki-2272	Clc1cccc(N2CCN(CCCCOc3ccc4ccnn4c3)CC2)c1Cl	Dopamine D3 receptor	D3R	Ki	GPCR	train	cliff	8.63827	2.3	-0.361728
CHEMBL234_Ki-2273	Clc1cccc(N2CCN(CCCCOc3cccc4ccnn34)CC2)c1Cl	Dopamine D3 receptor	D3R	Ki	GPCR	train	non-cliff	8.14267	7.2	-0.857332
CHEMBL234_Ki-2274	Clc1cccc(N2CCN(CCCCOc3cc4ccccn4n3)CC2)c1Cl	Dopamine D3 receptor	D3R	Ki	GPCR	train	cliff	8.45593	3.5	-0.544068
CHEMBL234_Ki-2275	CCOC(=O)c1cc2cc(OCCCCN3CCN(c4cccc(Cl)c4Cl)CC3)ccn2n1	Dopamine D3 receptor	D3R	Ki	GPCR	train	non-cliff	8.67778	2.1	-0.322219
CHEMBL234_Ki-2276	OCc1cc2cc(OCCCCN3CCN(c4cccc(Cl)c4Cl)CC3)ccn2n1	Dopamine D3 receptor	D3R	Ki	GPCR	train	non-cliff	8.88606	1.3	-0.113943
CHEMBL234_Ki-2277	O=Cc1cnn2ccc(OCCCCN3CCN(c4cccc(Cl)c4Cl)CC3)cc12	Dopamine D3 receptor	D3R	Ki	GPCR	test	non-cliff	8.16115	6.9	-0.838849
CHEMBL234_Ki-2278	O=Cc1cnn2cccc(OCCCCN3CCN(c4cccc(Cl)c4Cl)CC3)c12	Dopamine D3 receptor	D3R	Ki	GPCR	test	cliff	7.69897	20	-1.30103
CHEMBL234_Ki-2279	O=Cc1cnn2cc(OCCCCN3CCN(c4cccc(Cl)c4Cl)CC3)ccc12	Dopamine D3 receptor	D3R	Ki	GPCR	train	non-cliff	8.69897	2	-0.30103
CHEMBL234_Ki-2280	O=Cc1cnn2c(OCCCCN3CCN(c4cccc(Cl)c4Cl)CC3)cccc12	Dopamine D3 receptor	D3R	Ki	GPCR	test	non-cliff	8.19382	6.4	-0.80618
CHEMBL234_Ki-2281	O=Cc1c(OCCCCN2CCN(c3cccc(Cl)c3Cl)CC2)nn2ccccc12	Dopamine D3 receptor	D3R	Ki	GPCR	train	non-cliff	8.22915	5.9	-0.770852
CHEMBL234_Ki-2282	O=Cc1cc2cc(OCCCCN3CCN(c4cccc(Cl)c4Cl)CC3)ccn2n1	Dopamine D3 receptor	D3R	Ki	GPCR	test	non-cliff	8.22185	6	-0.778151
CHEMBL234_Ki-2283	O/N=C/c1cnn2ccc(OCCCCN3CCN(c4cccc(Cl)c4Cl)CC3)cc12	Dopamine D3 receptor	D3R	Ki	GPCR	train	cliff	8.82536	1.495	-0.174641
CHEMBL234_Ki-2284	O/N=C/c1cc2cc(OCCCCN3CCN(c4cccc(Cl)c4Cl)CC3)ccn2n1	Dopamine D3 receptor	D3R	Ki	GPCR	train	non-cliff	9.0655	0.86	0.0655015
CHEMBL234_Ki-2285	N#Cc1cnn2ccc(OCCCCN3CCN(c4cccc(Cl)c4Cl)CC3)cc12	Dopamine D3 receptor	D3R	Ki	GPCR	train	cliff	8.82391	1.5	-0.176091
CHEMBL234_Ki-2286	N#Cc1cc2cc(OCCCCN3CCN(c4cccc(Cl)c4Cl)CC3)ccn2n1	Dopamine D3 receptor	D3R	Ki	GPCR	test	non-cliff	8.72125	1.9	-0.278754
CHEMBL234_Ki-2287	O=C(NCCC(CF)N1CCN(c2cccc(Cl)c2Cl)CC1)c1cc2ccccc2o1	Dopamine D3 receptor	D3R	Ki	GPCR	train	cliff	6.25181	560	-2.74819
CHEMBL234_Ki-2288	O=S(=O)(NCCCCN1CCC(c2noc3cc(F)ccc23)CC1)c1cc2ccccc2s1	Dopamine D3 receptor	D3R	Ki	GPCR	train	non-cliff	8.95861	1.1	-0.0413927
CHEMBL234_Ki-2289	COc1ccccc1N1CCN(CCCc2cn(-c3ccc(-c4ccsc4)cc3)nn2)CC1	Dopamine D3 receptor	D3R	Ki	GPCR	test	cliff	8.05061	8.9	-0.94939
CHEMBL234_Ki-2290	COc1ccccc1N1CCN(CCCCCc2cn(-c3cccc4cnccc34)nn2)CC1	Dopamine D3 receptor	D3R	Ki	GPCR	train	cliff	8.74473	1.8	-0.255273
CHEMBL234_Ki-2291	COc1ccccc1N1CCN(CCCCc2cn(-c3cccc4cnccc34)nn2)CC1	Dopamine D3 receptor	D3R	Ki	GPCR	train	non-cliff	8.4318	3.7	-0.568202
CHEMBL234_Ki-2292	COc1ccccc1N1CCN(CCCc2cn(-c3cccc4cnccc34)nn2)CC1	Dopamine D3 receptor	D3R	Ki	GPCR	test	cliff	7.44009	36.3	-1.55991
CHEMBL234_Ki-2293	COc1ccccc1N1CCN(CCCCCc2cn(-c3ccccc3)nn2)CC1	Dopamine D3 receptor	D3R	Ki	GPCR	train	cliff	8.50864	3.1	-0.491362
CHEMBL234_Ki-2294	COc1ccccc1N1CCN(CCCCc2cn(-c3ccccc3)nn2)CC1	Dopamine D3 receptor	D3R	Ki	GPCR	train	cliff	8.29585	5.06	-0.704151
CHEMBL234_Ki-2295	COc1ccccc1N1CCN(CCCc2cn(-c3ccccc3)nn2)CC1	Dopamine D3 receptor	D3R	Ki	GPCR	train	cliff	7.65365	22.2	-1.34635
CHEMBL234_Ki-2296	COc1ccccc1N1CCN(CCCCc2cn(-c3ccc(-c4ccsc4)cc3)nn2)CC1	Dopamine D3 receptor	D3R	Ki	GPCR	train	cliff	8.08619	8.2	-0.913814
CHEMBL234_Ki-2297	COc1ccccc1N1CCN(CCCCCc2cn(-c3ccc(-c4ccsc4)cc3)nn2)CC1	Dopamine D3 receptor	D3R	Ki	GPCR	train	cliff	8.20066	6.3	-0.799341
CHEMBL234_Ki-2298	COc1ccccc1N1CCN(CCCc2cn(-c3ccc(F)cc3)nn2)CC1	Dopamine D3 receptor	D3R	Ki	GPCR	train	cliff	7.57675	26.5	-1.42325
CHEMBL234_Ki-2299	COc1ccccc1N1CCN(CCCCc2cn(-c3ccc(F)cc3)nn2)CC1	Dopamine D3 receptor	D3R	Ki	GPCR	train	cliff	8.18709	6.5	-0.812913
CHEMBL234_Ki-2300	COc1ccccc1N1CCN(CCCCCc2cn(-c3ccc(F)cc3)nn2)CC1	Dopamine D3 receptor	D3R	Ki	GPCR	train	cliff	8.49485	3.2	-0.50515
CHEMBL234_Ki-2301	COc1ccccc1N1CCN(CCCc2cn(-c3ccccc3OC)nn2)CC1	Dopamine D3 receptor	D3R	Ki	GPCR	train	cliff	7.03105	93.1	-1.96895
CHEMBL234_Ki-2302	COc1ccccc1N1CCN(CCCCc2cn(-c3ccccc3OC)nn2)CC1	Dopamine D3 receptor	D3R	Ki	GPCR	train	non-cliff	7.59517	25.4	-1.40483
CHEMBL234_Ki-2303	COc1ccccc1N1CCN(CCCCCc2cn(-c3ccccc3OC)nn2)CC1	Dopamine D3 receptor	D3R	Ki	GPCR	train	cliff	7.67572	21.1	-1.32428
CHEMBL234_Ki-2304	COc1ccccc1N1CCN(CCCc2cn(-c3ccc(N(C)C)cc3)nn2)CC1	Dopamine D3 receptor	D3R	Ki	GPCR	train	non-cliff	7.52871	29.6	-1.47129
CHEMBL234_Ki-2305	COc1ccccc1N1CCN(CCCCc2cn(-c3ccc(N(C)C)cc3)nn2)CC1	Dopamine D3 receptor	D3R	Ki	GPCR	train	non-cliff	7.85699	13.9	-1.14301
CHEMBL234_Ki-2306	COc1ccccc1N1CCN(CCCCCc2cn(-c3ccc(N(C)C)cc3)nn2)CC1	Dopamine D3 receptor	D3R	Ki	GPCR	train	non-cliff	8.17393	6.7	-0.826075
CHEMBL234_Ki-2307	COc1ccccc1N1CCN(CCCc2cn(-c3ccc(SC)cc3)nn2)CC1	Dopamine D3 receptor	D3R	Ki	GPCR	train	non-cliff	8.01773	9.6	-0.982271
CHEMBL234_Ki-2308	COc1ccccc1N1CCN(CCCCc2cn(-c3ccc(SC)cc3)nn2)CC1	Dopamine D3 receptor	D3R	Ki	GPCR	train	cliff	8.67778	2.1	-0.322219
CHEMBL234_Ki-2309	COc1ccccc1N1CCN(CCCCCc2cn(-c3ccc(SC)cc3)nn2)CC1	Dopamine D3 receptor	D3R	Ki	GPCR	train	cliff	8.63827	2.3	-0.361728
CHEMBL234_Ki-2310	COc1ccccc1N1CCN(CCCc2cn(-c3ccccc3O)nn2)CC1	Dopamine D3 receptor	D3R	Ki	GPCR	test	cliff	8.16749	6.8	-0.832509
CHEMBL234_Ki-2311	COc1ccccc1N1CCN(CCCCc2cn(-c3ccccc3O)nn2)CC1	Dopamine D3 receptor	D3R	Ki	GPCR	train	cliff	8.5376	2.9	-0.462398
CHEMBL234_Ki-2312	CC(C)(C)c1nc(N2CCN(CCCCNC(=O)[C@H]3CC[C@H](c4ccccc4)CC3)CC2)cc(C(F)(F)F)n1	Dopamine D3 receptor	D3R	Ki	GPCR	train	non-cliff	8.02687	9.4	-0.973128
CHEMBL234_Ki-2313	CC(C)(C)c1nc(N2CCN(CCCCNC(=O)C3CCN(Cc4ccccc4)CC3)CC2)cc(C(F)(F)F)n1	Dopamine D3 receptor	D3R	Ki	GPCR	train	non-cliff	7.4437	36	-1.5563
CHEMBL234_Ki-2314	CC(C)(C)c1nc(N2CCN(CCCCNC(=O)C3CCN(c4ccccc4)CC3)CC2)cc(C(F)(F)F)n1	Dopamine D3 receptor	D3R	Ki	GPCR	test	non-cliff	7.49485	32	-1.50515
CHEMBL234_Ki-2315	CC(C)(C)c1nc(N2CCN(CCCCNC(=O)c3cn4c(CO)cccc4n3)CC2)cc(C(F)(F)F)n1	Dopamine D3 receptor	D3R	Ki	GPCR	train	cliff	7.34679	45	-1.65321
CHEMBL234_Ki-2316	CN(C)Cc1c(C(=O)NCCCCN2CCN(c3cc(C(F)(F)F)nc(C(C)(C)C)n3)CC2)nc2ccccn12	Dopamine D3 receptor	D3R	Ki	GPCR	train	non-cliff	7.71332	19.35	-1.28668
CHEMBL234_Ki-2317	CN(C)Cc1c(C(=O)NCCCCN2CCN(c3cc(C(F)(F)F)nc(C(C)(C)C)n3)CC2)[nH]c2ccccc12	Dopamine D3 receptor	D3R	Ki	GPCR	train	non-cliff	7.60206	25	-1.39794
CHEMBL234_Ki-2318	CC(C)(C)c1nc(N2CCN(CCCCNC(=O)c3sc4ncccc4c3N)CC2)cc(C(F)(F)F)n1	Dopamine D3 receptor	D3R	Ki	GPCR	test	cliff	7.45593	35	-1.54407
CHEMBL234_Ki-2319	CC(C)(C)c1nc(N2CCN(CCCCNC(=O)c3cn4nc(Cl)ccc4n3)CC2)cc(C(F)(F)F)n1	Dopamine D3 receptor	D3R	Ki	GPCR	train	non-cliff	8	10	-1
CHEMBL234_Ki-2320	CC(C)(C)c1nc(N2CCN(CCCCNC(=O)c3cn4ccncc4n3)CC2)cc(C(F)(F)F)n1	Dopamine D3 receptor	D3R	Ki	GPCR	test	cliff	8.09691	8	-0.90309
CHEMBL234_Ki-2321	CC(C)(C)c1nc(N2CCN(CCCCNC(=O)c3cn4cccnc4n3)CC2)cc(C(F)(F)F)n1	Dopamine D3 receptor	D3R	Ki	GPCR	train	cliff	7.92082	12	-1.07918
CHEMBL234_Ki-2322	CC(C)(C)c1nc(N2CCN(CCCCNC(=O)c3cc4cccnc4s3)CC2)cc(C(F)(F)F)n1	Dopamine D3 receptor	D3R	Ki	GPCR	test	cliff	7.49485	32	-1.50515
CHEMBL234_Ki-2323	CC(C)(C)c1nc(N2CCN(CCCCNC(=O)c3nc4ccccc4[nH]3)CC2)cc(C(F)(F)F)n1	Dopamine D3 receptor	D3R	Ki	GPCR	train	cliff	8.36653	4.3	-0.633468
CHEMBL234_Ki-2324	CC(C)(C)c1nc(N2CCN(CCCCNC(=O)c3cc4ccccc4[nH]3)CC2)cc(C(F)(F)F)n1	Dopamine D3 receptor	D3R	Ki	GPCR	test	cliff	7.95861	11	-1.04139
CHEMBL234_Ki-2325	CC(C)(C)c1nc(C2CC2)cc(N2CCN(CCCCNC(=O)c3cn4ccccc4n3)CC2)n1	Dopamine D3 receptor	D3R	Ki	GPCR	train	cliff	8.07572	8.4	-0.924279
CHEMBL234_Ki-2326	CC(C)(C)c1cc(N2CCN(CCCCNC(=O)c3cn4ccccc4n3)CC2)nc(C(C)(C)C)n1	Dopamine D3 receptor	D3R	Ki	GPCR	train	cliff	7.72125	19	-1.27875
CHEMBL234_Ki-2327	Cc1cc(N2CCN(CCCCNC(=O)c3cn4ccccc4n3)CC2)nc(C(C)(C)C)n1	Dopamine D3 receptor	D3R	Ki	GPCR	train	cliff	8.03152	9.3	-0.968483
CHEMBL234_Ki-2328	Cc1nc(N2CCN(CCCCNC(=O)c3cn4ccccc4n3)CC2)cc(C(C)(C)C)n1	Dopamine D3 receptor	D3R	Ki	GPCR	train	cliff	6.8729	134	-2.1271
CHEMBL234_Ki-2329	Cc1cc(N2CCN(CCCCNC(=O)c3cn4ccccc4n3)CC2)nc(C(F)(F)F)n1	Dopamine D3 receptor	D3R	Ki	GPCR	test	cliff	6.82974	148	-2.17026
CHEMBL234_Ki-2330	Cc1nc(N2CCN(CCCCNC(=O)c3cn4ccccc4n3)CC2)cc(C(F)(F)F)n1	Dopamine D3 receptor	D3R	Ki	GPCR	train	cliff	5.69594	2014	-3.30406
CHEMBL234_Ki-2331	CC(C)(C)c1nc(N2CCN(CCCCNC(=O)c3cn4ccccc4n3)CC2)c2ccccc2n1	Dopamine D3 receptor	D3R	Ki	GPCR	train	non-cliff	7.10791	78	-1.89209
CHEMBL234_Ki-2332	O=C(NCCCCN1CCN(c2ncnc3ccccc23)CC1)c1cn2ccccc2n1	Dopamine D3 receptor	D3R	Ki	GPCR	train	cliff	6.59688	253	-2.40312
CHEMBL234_Ki-2333	O=C(NCCCCN1CCN(c2ccc3ccccc3n2)CC1)c1cn2ccccc2n1	Dopamine D3 receptor	D3R	Ki	GPCR	train	cliff	7.11351	77	-1.88649
CHEMBL234_Ki-2334	O=C(NCCCCN1CCN(c2ccnc3cc(Cl)ccc23)CC1)c1cn2ccccc2n1	Dopamine D3 receptor	D3R	Ki	GPCR	train	non-cliff	7.5376	29	-1.4624
CHEMBL234_Ki-2335	O=C(NCCCCN1CCN(c2ccnc3cc(C(F)(F)F)ccc23)CC1)c1cn2ccccc2n1	Dopamine D3 receptor	D3R	Ki	GPCR	train	non-cliff	7.00436	99	-1.99564
CHEMBL234_Ki-2336	O=C(NCCCCN1CCN(c2cc(C(F)(F)F)nc3ccccc23)CC1)c1cn2ccccc2n1	Dopamine D3 receptor	D3R	Ki	GPCR	train	non-cliff	6.28067	524	-2.71933
CHEMBL234_Ki-2337	O=C(NCCCCN1CCN(c2ccnc3ccccc23)CC1)c1cn2ccccc2n1	Dopamine D3 receptor	D3R	Ki	GPCR	train	cliff	7.69897	20	-1.30103
CHEMBL234_Ki-2338	CC(C)(C)c1cc(N2CCN(CCCCNC(=O)c3cn4ccccc4n3)CC2)cc(C(C)(C)C)c1	Dopamine D3 receptor	D3R	Ki	GPCR	train	cliff	6.90658	124	-2.09342
CHEMBL234_Ki-2339	N#Cc1cc(N2CCN(CCCCNC(=O)c3cn4ccccc4n3)CC2)cc(C(F)(F)F)c1	Dopamine D3 receptor	D3R	Ki	GPCR	train	cliff	8.19382	6.4	-0.80618
CHEMBL234_Ki-2340	O=C(NCCCCN1CCN(c2cccc(C(F)(F)F)c2)CC1)c1cn2ccccc2n1	Dopamine D3 receptor	D3R	Ki	GPCR	train	cliff	8.5376	2.9	-0.462398
CHEMBL234_Ki-2341	O=C(NCCCCN1CCN(c2cccc(Cl)c2Cl)CC1)c1cn2ccccc2n1	Dopamine D3 receptor	D3R	Ki	GPCR	train	cliff	9.52288	0.3	0.522879
CHEMBL234_Ki-2342	COc1ccccc1N1CCN(CCCCNC(=O)c2cn3ccccc3n2)CC1	Dopamine D3 receptor	D3R	Ki	GPCR	test	cliff	8.45593	3.5	-0.544068
CHEMBL234_Ki-2343	O=C(NCCCCN1CCN(c2ccccc2)CC1)c1cn2ccccc2n1	Dopamine D3 receptor	D3R	Ki	GPCR	test	cliff	8	10	-1
CHEMBL234_Ki-2344	O=C(CCC(=O)OC1(c2ccc(Cl)cc2)CCN(CCCC(=O)c2ccc(F)cc2)CC1)OC1(c2ccc(Cl)cc2)CCN(CCCC(=O)c2ccc(F)cc2)CC1	Dopamine D3 receptor	D3R	Ki	GPCR	train	non-cliff	7.85387	14	-1.14613
CHEMBL234_Ki-2345	O=C(CCCC(=O)OC1(c2ccc(Cl)cc2)CCN(CCCC(=O)c2ccc(F)cc2)CC1)OC1(c2ccc(Cl)cc2)CCN(CCCC(=O)c2ccc(F)cc2)CC1	Dopamine D3 receptor	D3R	Ki	GPCR	train	non-cliff	7.50864	31	-1.49136
CHEMBL234_Ki-2346	O=C(CCCCC(=O)OC1(c2ccc(Cl)cc2)CCN(CCCC(=O)c2ccc(F)cc2)CC1)OC1(c2ccc(Cl)cc2)CCN(CCCC(=O)c2ccc(F)cc2)CC1	Dopamine D3 receptor	D3R	Ki	GPCR	train	non-cliff	7.95861	11	-1.04139
CHEMBL234_Ki-2347	O=C(CCCCCC(=O)OC1(c2ccc(Cl)cc2)CCN(CCCC(=O)c2ccc(F)cc2)CC1)OC1(c2ccc(Cl)cc2)CCN(CCCC(=O)c2ccc(F)cc2)CC1	Dopamine D3 receptor	D3R	Ki	GPCR	train	non-cliff	7.95861	11	-1.04139
CHEMBL234_Ki-2348	O=C(CCCCCCC(=O)OC1(c2ccc(Cl)cc2)CCN(CCCC(=O)c2ccc(F)cc2)CC1)OC1(c2ccc(Cl)cc2)CCN(CCCC(=O)c2ccc(F)cc2)CC1	Dopamine D3 receptor	D3R	Ki	GPCR	test	non-cliff	8.19382	6.4	-0.80618
CHEMBL234_Ki-2349	O=C(CCCCCCCC(=O)OC1(c2ccc(Cl)cc2)CCN(CCCC(=O)c2ccc(F)cc2)CC1)OC1(c2ccc(Cl)cc2)CCN(CCCC(=O)c2ccc(F)cc2)CC1	Dopamine D3 receptor	D3R	Ki	GPCR	train	non-cliff	8.04096	9.1	-0.959041
CHEMBL234_Ki-2350	O=C(CCCCCCCCC(=O)OC1(c2ccc(Cl)cc2)CCN(CCCC(=O)c2ccc(F)cc2)CC1)OC1(c2ccc(Cl)cc2)CCN(CCCC(=O)c2ccc(F)cc2)CC1	Dopamine D3 receptor	D3R	Ki	GPCR	train	cliff	7.40894	39	-1.59106
CHEMBL234_Ki-2351	Cc1ccc(C(=O)OC2(c3ccc(Cl)cc3)CCN(CCCC(=O)c3ccc(F)cc3)CC2)cc1	Dopamine D3 receptor	D3R	Ki	GPCR	train	non-cliff	6.56864	270	-2.43136
CHEMBL234_Ki-2352	CC(=O)OC1(c2ccc(Cl)cc2)CCN(CCCC(=O)c2ccc(F)cc2)CC1	Dopamine D3 receptor	D3R	Ki	GPCR	train	non-cliff	7.25181	56	-1.74819
CHEMBL234_Ki-2353	CCC(=O)OC1(c2ccc(Cl)cc2)CCN(CCCC(=O)c2ccc(F)cc2)CC1	Dopamine D3 receptor	D3R	Ki	GPCR	train	non-cliff	7.38722	41	-1.61278
CHEMBL234_Ki-2354	CCCCCCCCCC(=O)OC1(c2ccc(Cl)cc2)CCN(CCCC(=O)c2ccc(F)cc2)CC1	Dopamine D3 receptor	D3R	Ki	GPCR	test	cliff	8.45593	3.5	-0.544068
CHEMBL234_Ki-2355	O=C(CCN1CCN(CCC(=O)OC2(c3ccc(Cl)cc3)CCN(CCCC(=O)c3ccc(F)cc3)CC2)CC1)OC1(c2ccc(Cl)cc2)CCN(CCCC(=O)c2ccc(F)cc2)CC1	Dopamine D3 receptor	D3R	Ki	GPCR	train	non-cliff	8.02228	9.5	-0.977724
CHEMBL234_Ki-2356	CN(CCC(=O)OC1(c2ccc(Cl)cc2)CCN(CCCC(=O)c2ccc(F)cc2)CC1)CCN(C)CCC(=O)OC1(c2ccc(Cl)cc2)CCN(CCCC(=O)c2ccc(F)cc2)CC1	Dopamine D3 receptor	D3R	Ki	GPCR	train	non-cliff	7.3279	47	-1.6721
CHEMBL234_Ki-2357	CN(C)CCC(=O)OC1(c2ccc(Cl)cc2)CCN(CCCC(=O)c2ccc(F)cc2)CC1	Dopamine D3 receptor	D3R	Ki	GPCR	train	non-cliff	7.52288	30	-1.47712
CHEMBL234_Ki-2358	O=C(CCc1cn(CCCCCCCCn2cc(CCC(=O)OC3(c4ccc(Cl)cc4)CCN(CCCC(=O)c4ccc(F)cc4)CC3)nn2)nn1)OC1(c2ccc(Cl)cc2)CCN(CCCC(=O)c2ccc(F)cc2)CC1	Dopamine D3 receptor	D3R	Ki	GPCR	test	non-cliff	8.74473	1.8	-0.255273
CHEMBL234_Ki-2359	O=C(CCc1cn(CCCCCCCCCCn2cc(CCC(=O)OC3(c4ccc(Cl)cc4)CCN(CCCC(=O)c4ccc(F)cc4)CC3)nn2)nn1)OC1(c2ccc(Cl)cc2)CCN(CCCC(=O)c2ccc(F)cc2)CC1	Dopamine D3 receptor	D3R	Ki	GPCR	train	non-cliff	8.22915	5.9	-0.770852
CHEMBL234_Ki-2360	O=C(CCC(=O)N1CCC(O)(c2ccc(Cl)cc2)CC1)c1ccc(F)cc1	Dopamine D3 receptor	D3R	Ki	GPCR	test	non-cliff	5.76955	1700	-3.23045
CHEMBL234_Ki-2361	CC(C)Cc1ccc(CCNC[C@H](O)c2ccc(O)c3[nH]c(=O)sc23)cc1	Dopamine D3 receptor	D3R	Ki	GPCR	train	non-cliff	6.9393	115	-2.0607
CHEMBL234_Ki-2362	CCCCc1cccc(CCNC[C@H](O)c2ccc(O)c3[nH]c(=O)sc23)c1	Dopamine D3 receptor	D3R	Ki	GPCR	test	non-cliff	7.13668	73	-1.86332
CHEMBL234_Ki-2363	CCCCOc1ccc(CCNC[C@H](O)c2ccc(O)c3[nH]c(=O)sc23)cc1	Dopamine D3 receptor	D3R	Ki	GPCR	train	non-cliff	6.88941	129	-2.11059
CHEMBL234_Ki-2364	CCCCOc1cccc(CCNC[C@H](O)c2ccc(O)c3[nH]c(=O)sc23)c1	Dopamine D3 receptor	D3R	Ki	GPCR	train	non-cliff	6.84164	144	-2.15836
CHEMBL234_Ki-2365	CCCc1cccc(CCNC[C@H](O)c2ccc(O)c3[nH]c(=O)sc23)c1	Dopamine D3 receptor	D3R	Ki	GPCR	train	non-cliff	6.81816	152	-2.18184
CHEMBL234_Ki-2366	CCCc1ccc(CCNC[C@H](O)c2ccc(O)c3[nH]c(=O)sc23)cc1	Dopamine D3 receptor	D3R	Ki	GPCR	test	non-cliff	6.82681	149	-2.17319
CHEMBL234_Ki-2367	CCc1cccc([C@H]2CCC[C@H]2NC[C@H](O)c2ccc(O)c3[nH]c(=O)sc23)c1	Dopamine D3 receptor	D3R	Ki	GPCR	train	non-cliff	6.32148	477	-2.67852
CHEMBL234_Ki-2368	Cc1ccc([C@H]2CCC[C@H]2NC[C@H](O)c2ccc(O)c3[nH]c(=O)sc23)cc1	Dopamine D3 receptor	D3R	Ki	GPCR	train	non-cliff	6.2993	502	-2.7007
CHEMBL234_Ki-2369	Cc1cccc([C@H]2CCC[C@H]2NC[C@H](O)c2ccc(O)c3[nH]c(=O)sc23)c1	Dopamine D3 receptor	D3R	Ki	GPCR	train	non-cliff	6.5544	279	-2.4456
CHEMBL234_Ki-2370	Cc1ccccc1[C@H]1CCC[C@H]1NC[C@H](O)c1ccc(O)c2[nH]c(=O)sc12	Dopamine D3 receptor	D3R	Ki	GPCR	train	non-cliff	6.24033	575	-2.75967
CHEMBL234_Ki-2371	O=c1[nH]c2c(O)ccc([C@@H](O)CN[C@@H]3CCC[C@@H]3c3ccccc3)c2s1	Dopamine D3 receptor	D3R	Ki	GPCR	train	non-cliff	6.29073	512	-2.70927
CHEMBL234_Ki-2372	O=c1[nH]c2c(O)ccc([C@@H](O)CN[C@@H]3CCC[C@@H]3CCc3ccccc3)c2s1	Dopamine D3 receptor	D3R	Ki	GPCR	test	non-cliff	6.92082	120	-2.07918
CHEMBL234_Ki-2373	CC(C)[C@H]1CCC[C@H]1NC[C@H](O)c1ccc(O)c2[nH]c(=O)sc12	Dopamine D3 receptor	D3R	Ki	GPCR	train	non-cliff	6.29073	512	-2.70927
CHEMBL234_Ki-2374	O=c1[nH]c2c(O)ccc([C@@H](O)CN[C@H]3CCC[C@@H]3OCc3ccccc3)c2s1	Dopamine D3 receptor	D3R	Ki	GPCR	train	non-cliff	6.04818	895	-2.95182
CHEMBL234_Ki-2375	OCc1cc(C(O)CNCCCCCCOCCCCc2ccccc2)ccc1O	Dopamine D3 receptor	D3R	Ki	GPCR	train	non-cliff	5.97922	1049	-3.02078
CHEMBL234_Ki-2376	COc1ccc(CC(C)NCC(O)c2ccc(O)c(NC=O)c2)cc1	Dopamine D3 receptor	D3R	Ki	GPCR	train	non-cliff	5.78888	1626	-3.21112
CHEMBL234_Ki-2377	CCc1cc2c(cc1CC)CC(NC[C@H](O)c1ccc(O)c3[nH]c(=O)ccc13)C2	Dopamine D3 receptor	D3R	Ki	GPCR	train	non-cliff	5.97964	1048	-3.02036
CHEMBL234_Ki-2378	OC1(c2ccc(Cl)cc2)CC2CCC(C1)N2CCCSc1ccc(F)cc1	Dopamine D3 receptor	D3R	Ki	GPCR	test	cliff	9.1549	0.7	0.154902
CHEMBL234_Ki-2379	OC1(c2ccc(Cl)cc2)CC2CCC(C1)N2CCCSc1cccc(F)c1	Dopamine D3 receptor	D3R	Ki	GPCR	train	cliff	7.95861	11	-1.04139
CHEMBL234_Ki-2380	OC1(c2ccc(Cl)cc2)CC2CCC(C1)N2CCCSc1ccccc1F	Dopamine D3 receptor	D3R	Ki	GPCR	train	non-cliff	8.88606	1.3	-0.113943
CHEMBL234_Ki-2381	CCCCc1cc2c(s1)C[C@H]1c3cc(O)c(OC)cc3CCN1C2	Dopamine D3 receptor	D3R	Ki	GPCR	train	non-cliff	7.39946	39.86	-1.60054
CHEMBL234_Ki-2382	COc1cc2c(cc1O)[C@@H]1Cc3sc(CC(C)C)cc3CN1CC2	Dopamine D3 receptor	D3R	Ki	GPCR	train	non-cliff	7.70049	19.93	-1.29951
CHEMBL234_Ki-2383	Cc1cccc(N2CCN(CCCCNC(=O)c3cc4ccccc4o3)CC2)c1C	Dopamine D3 receptor	D3R	Ki	GPCR	train	cliff	9.39794	0.4	0.39794
CHEMBL234_Ki-2384	O=C(NCCCCN1CCN(c2ccccc2)CC1)c1cc2ccccc2o1	Dopamine D3 receptor	D3R	Ki	GPCR	train	cliff	8.39794	4	-0.60206
CHEMBL234_Ki-2385	COc1cccc(N2CCN(CCCCNC(=O)c3cc4ccccc4o3)CC2)c1	Dopamine D3 receptor	D3R	Ki	GPCR	test	cliff	8.05552	8.8	-0.944483
CHEMBL234_Ki-2386	Cc1cccc(N2CCN(CCCCNC(=O)c3cc4ccccc4o3)CC2)n1	Dopamine D3 receptor	D3R	Ki	GPCR	train	cliff	7.61979	24	-1.38021
CHEMBL234_Ki-2387	O=C(NCCCCN1CCN(Cc2ccccc2)CC1)c1cc2ccccc2o1	Dopamine D3 receptor	D3R	Ki	GPCR	train	cliff	6.25181	560	-2.74819
CHEMBL234_Ki-2388	O=C(NCCCCN1CCN(c2ccccc2F)CC1)c1cc2ccccc2o1	Dopamine D3 receptor	D3R	Ki	GPCR	train	cliff	9.52288	0.3	0.522879
CHEMBL234_Ki-2389	O=C(NCCCCN1CCN(c2cccc(C(F)(F)F)c2)CC1)c1cc2ccccc2[nH]1	Dopamine D3 receptor	D3R	Ki	GPCR	train	cliff	9.69897	0.2	0.69897
CHEMBL234_Ki-2390	COc1cccc(N2CCN(CCCCNC(=O)c3c[nH]c4ccccc34)CC2)c1	Dopamine D3 receptor	D3R	Ki	GPCR	test	non-cliff	7.39794	40	-1.60206
CHEMBL234_Ki-2391	COc1cccc(N2CCN(CCCCNC(=O)c3cc4ccccc4n3C)CC2)c1	Dopamine D3 receptor	D3R	Ki	GPCR	train	cliff	8.76955	1.7	-0.230449
CHEMBL234_Ki-2392	O=C(NCCCCN1CCN(c2ccccc2)CC1)c1cc2ccccc2cn1	Dopamine D3 receptor	D3R	Ki	GPCR	test	cliff	7.92082	12	-1.07918
CHEMBL234_Ki-2393	Cc1cccc(N2CCN(CCCCNC(=O)c3cc4ccccc4cn3)CC2)c1	Dopamine D3 receptor	D3R	Ki	GPCR	train	cliff	8.30103	5	-0.69897
CHEMBL234_Ki-2394	COc1cccc(N2CCN(CCCCNC(=O)c3cc4ccccc4cn3)CC2)c1	Dopamine D3 receptor	D3R	Ki	GPCR	train	cliff	8.02687	9.4	-0.973128
CHEMBL234_Ki-2395	O=C(NCCCCN1CCN(c2ccccn2)CC1)c1cc2ccccc2cn1	Dopamine D3 receptor	D3R	Ki	GPCR	test	cliff	7.38722	41	-1.61278
CHEMBL234_Ki-2396	Cc1cccc(N2CCN(CCCCNC(=O)c3cc4ccccc4cn3)CC2)n1	Dopamine D3 receptor	D3R	Ki	GPCR	test	cliff	7.33724	46	-1.66276
CHEMBL234_Ki-2397	O=C(NCCCCN1CCN(c2ncccn2)CC1)c1cc2ccccc2cn1	Dopamine D3 receptor	D3R	Ki	GPCR	test	cliff	6.69037	204	-2.30963
CHEMBL234_Ki-2398	O=C(NCCCCN1CCN(c2cnc3ccccc3c2)CC1)c1cc2ccccc2cn1	Dopamine D3 receptor	D3R	Ki	GPCR	train	cliff	7.85387	14	-1.14613
CHEMBL234_Ki-2399	O=C(NCCCCN1CCN(c2cccc(F)c2)CC1)c1cc2ccccc2cn1	Dopamine D3 receptor	D3R	Ki	GPCR	train	cliff	8.52288	3	-0.477121
CHEMBL234_Ki-2400	O=C(NCCCCN1CCN(c2ccc(F)cc2)CC1)c1cc2ccccc2cn1	Dopamine D3 receptor	D3R	Ki	GPCR	train	cliff	7.79588	16	-1.20412
CHEMBL234_Ki-2401	O=C(NCCCCN1CCN(c2ccc(O)cc2)CC1)c1cc2ccccc2cn1	Dopamine D3 receptor	D3R	Ki	GPCR	train	cliff	7.61979	24	-1.38021
CHEMBL234_Ki-2402	O=C(NCCCCN1CCN(c2ccccc2)CC1)c1ccc2ccccc2n1	Dopamine D3 receptor	D3R	Ki	GPCR	train	cliff	7.21467	61	-1.78533
CHEMBL234_Ki-2403	Cc1cccc(N2CCN(CCCCNC(=O)c3ccc4ccccc4n3)CC2)c1	Dopamine D3 receptor	D3R	Ki	GPCR	train	cliff	7.27572	53	-1.72428
CHEMBL234_Ki-2404	COc1cccc(N2CCN(CCCCNC(=O)c3ccc4ccccc4n3)CC2)c1	Dopamine D3 receptor	D3R	Ki	GPCR	train	cliff	7.50864	31	-1.49136
CHEMBL234_Ki-2405	O=C(NCCCCN1CCN(c2ccccn2)CC1)c1ccc2ccccc2n1	Dopamine D3 receptor	D3R	Ki	GPCR	train	cliff	6.73049	186	-2.26951
CHEMBL234_Ki-2406	O=C(NCCCCN1CCN(c2ccccc2)CC1)c1ccc2ncccc2c1	Dopamine D3 receptor	D3R	Ki	GPCR	train	cliff	9.22185	0.6	0.221849
CHEMBL234_Ki-2407	Cc1cccc(N2CCN(CCCCNC(=O)c3ccccc3)CC2)n1	Dopamine D3 receptor	D3R	Ki	GPCR	train	cliff	7.13668	73	-1.86332
CHEMBL234_Ki-2408	COc1cccc(N2CCN(CCCCNC(=O)c3ccccc3)CC2)n1	Dopamine D3 receptor	D3R	Ki	GPCR	test	cliff	7.25964	55	-1.74036
CHEMBL234_Ki-2409	O=C(NCCCCN1CCN(c2cccc3ccccc23)CC1)c1ccccc1	Dopamine D3 receptor	D3R	Ki	GPCR	train	non-cliff	9.04576	0.9	0.0457575
CHEMBL234_Ki-2410	O=C(NCCCCN1CCN(c2cnc3ccccc3c2)CC1)c1ccccc1	Dopamine D3 receptor	D3R	Ki	GPCR	train	non-cliff	7.39794	40	-1.60206
CHEMBL234_Ki-2411	O=C(NCCCCN1CCN(c2ccccc2)CC1)c1ccccn1	Dopamine D3 receptor	D3R	Ki	GPCR	train	cliff	6.84164	144	-2.15836
CHEMBL234_Ki-2412	COc1cccc(N2CCN(CCCCNC(=O)c3ccccn3)CC2)c1	Dopamine D3 receptor	D3R	Ki	GPCR	train	cliff	6.66959	214	-2.33041
CHEMBL234_Ki-2413	COc1cccc(N2CCN(CCCCNC(=O)c3ccccn3)CC2)n1	Dopamine D3 receptor	D3R	Ki	GPCR	train	cliff	6.69897	200	-2.30103
CHEMBL234_Ki-2414	COc1cccc(N2CCN(CCCCNC(=O)c3cccc(C)n3)CC2)c1	Dopamine D3 receptor	D3R	Ki	GPCR	train	non-cliff	7.56864	27	-1.43136
CHEMBL234_Ki-2415	O=C(NCCCCN1CCN(c2ccccc2)CC1)c1cccnc1	Dopamine D3 receptor	D3R	Ki	GPCR	test	non-cliff	7.20761	62	-1.79239
CHEMBL234_Ki-2416	N#Cc1cc(N2CCN(CC[C@H]3CC[C@H](NC(N)=O)CC3)CC2)cc(C(F)(F)F)c1	Dopamine D3 receptor	D3R	Ki	GPCR	train	non-cliff	9.12494	0.75	0.124939
CHEMBL234_Ki-2417	N#Cc1cc(N2CCN(CC[C@H]3CC[C@H](NC(=O)CN)CC3)CC2)cc(C(F)(F)F)c1	Dopamine D3 receptor	D3R	Ki	GPCR	test	non-cliff	9.20761	0.62	0.207608
CHEMBL234_Ki-2418	N#Cc1cc(N2CCN(CC[C@H]3CC[C@H](NS(N)(=O)=O)CC3)CC2)cc(C(F)(F)F)c1	Dopamine D3 receptor	D3R	Ki	GPCR	train	non-cliff	9.17393	0.67	0.173925
CHEMBL234_Ki-2419	COc1ccc(CN2CCOC(CCc3ccccc3)C2)cc1	Dopamine D3 receptor	D3R	Ki	GPCR	train	non-cliff	5.55752	2770	-3.44248
CHEMBL234_Ki-2420	Oc1ccc(CN2CCO[C@H](CCc3ccccc3)C2)cc1	Dopamine D3 receptor	D3R	Ki	GPCR	train	non-cliff	5.55752	2770	-3.44248
CHEMBL234_Ki-2421	NC(=O)c1ccccc1OCCCN1CCN(c2cccc3c2ccn3S(=O)(=O)c2ccccc2)CC1	Dopamine D3 receptor	D3R	Ki	GPCR	train	non-cliff	10	0.1	1
CHEMBL234_Ki-2422	CCCCn1cc(CCCOc2ccc(C(=O)NCCCCN(CCC)CCc3ccc(O)c4[nH]c(=O)ccc34)cc2OC)nn1	Dopamine D3 receptor	D3R	Ki	GPCR	test	non-cliff	8.79588	1.6	-0.20412
CHEMBL234_Ki-2423	COc1ccccc1N1CCN(CCCCNC(=O)/N=N/c2ccc(F)cc2)CC1	Dopamine D3 receptor	D3R	Ki	GPCR	train	cliff	8.5157	3.05	-0.4843
CHEMBL234_Ki-2424	COc1ccccc1N1CCN(CCCCNC(=O)/N=N/c2ccc(F)c(F)c2)CC1	Dopamine D3 receptor	D3R	Ki	GPCR	train	cliff	9.14267	0.72	0.142668
CHEMBL234_Ki-2425	COc1ccccc1N1CCN(CCCCNC(=O)/N=N/c2cc(F)c(F)c(F)c2)CC1	Dopamine D3 receptor	D3R	Ki	GPCR	train	non-cliff	8.85387	1.4	-0.146128
CHEMBL234_Ki-2426	CCCN(CCCCNC(=O)/C=C/c1ccc(F)cc1)C1Cc2ccccc2C1	Dopamine D3 receptor	D3R	Ki	GPCR	train	cliff	9.50864	0.31	0.508638
CHEMBL234_Ki-2427	CCCN(CCCCNC(=O)/N=N/c1ccc(F)cc1)C1Cc2ccccc2C1	Dopamine D3 receptor	D3R	Ki	GPCR	train	cliff	9.07058	0.85	0.0705811
CHEMBL234_Ki-2428	CCCN(CCCCNC(=O)/N=N/c1ccc(F)c(F)c1)C1Cc2ccccc2C1	Dopamine D3 receptor	D3R	Ki	GPCR	train	non-cliff	8.69897	2	-0.30103
CHEMBL234_Ki-2429	CCCN(CCCCNC(=O)/N=N/c1cc(F)c(F)c(F)c1)C1Cc2ccccc2C1	Dopamine D3 receptor	D3R	Ki	GPCR	test	cliff	8.3098	4.9	-0.690196
CHEMBL234_Ki-2430	CCCN(CCNC(=O)/C=C/c1ccc(F)cc1)C1Cc2ccccc2C1	Dopamine D3 receptor	D3R	Ki	GPCR	train	cliff	7.85387	14	-1.14613
CHEMBL234_Ki-2431	CCCN(CCNC(=O)/N=N/c1ccc(F)cc1)C1Cc2ccccc2C1	Dopamine D3 receptor	D3R	Ki	GPCR	train	non-cliff	8.85387	1.4	-0.146128
CHEMBL234_Ki-2432	CCCN(CCNC(=O)/N=N/c1ccc(F)c(F)c1)C1Cc2ccccc2C1	Dopamine D3 receptor	D3R	Ki	GPCR	train	cliff	8.55284	2.8	-0.447158
CHEMBL234_Ki-2433	CCCN(CCNC(=O)/N=N/c1cc(F)c(F)c(F)c1)C1Cc2ccccc2C1	Dopamine D3 receptor	D3R	Ki	GPCR	test	cliff	7.06048	87	-1.93952
CHEMBL234_Ki-2434	COc1ccccc1N1CCN(CCCCc2cn(-c3ccc4ccccc4c3)nn2)CC1	Dopamine D3 receptor	D3R	Ki	GPCR	test	cliff	8.53313	2.93	-0.466868
CHEMBL234_Ki-2435	COc1ccccc1N1CCN(CCCCc2cn(-c3ccc4c(c3)Cc3ccccc3-4)nn2)CC1	Dopamine D3 receptor	D3R	Ki	GPCR	train	cliff	8.7986	1.59	-0.201397
CHEMBL234_Ki-2436	COc1ccccc1N1CCN(CCCCc2cn(-c3ccc4[nH]ccc4c3)nn2)CC1	Dopamine D3 receptor	D3R	Ki	GPCR	test	cliff	8.50864	3.1	-0.491362
CHEMBL234_Ki-2437	COc1ccccc1N1CCN(CCCCc2cn(-c3ccc4cnccc4c3)nn2)CC1	Dopamine D3 receptor	D3R	Ki	GPCR	train	cliff	7.88273	13.1	-1.11727
CHEMBL234_Ki-2438	Clc1cccc(N2CCN(CCCCc3cn(-c4ccc5ccccc5c4)nn3)CC2)c1Cl	Dopamine D3 receptor	D3R	Ki	GPCR	train	cliff	8.42022	3.8	-0.579784
CHEMBL234_Ki-2439	Clc1cccc(N2CCN(CCCCc3cn(-c4ccc5c(c4)Cc4ccccc4-5)nn3)CC2)c1Cl	Dopamine D3 receptor	D3R	Ki	GPCR	train	non-cliff	8.29671	5.05	-0.703291
CHEMBL234_Ki-2440	Clc1cccc(N2CCN(CCCCc3cn(-c4ccc5[nH]ccc5c4)nn3)CC2)c1Cl	Dopamine D3 receptor	D3R	Ki	GPCR	train	cliff	9	1	-0
CHEMBL234_Ki-2441	COc1ccccc1N1CCN(CCCCn2cc(-c3ccc4ccccc4c3)nn2)CC1	Dopamine D3 receptor	D3R	Ki	GPCR	train	cliff	7.95468	11.1	-1.04532
CHEMBL234_Ki-2442	COc1ccccc1N1CCN(CCCCn2cc(-c3ccc4c(c3)Cc3ccccc3-4)nn2)CC1	Dopamine D3 receptor	D3R	Ki	GPCR	train	non-cliff	8.25571	5.55	-0.744293
CHEMBL234_Ki-2443	COc1ccccc1N1CCN(CCCCn2cc(-c3ccc4[nH]ccc4c3)nn2)CC1	Dopamine D3 receptor	D3R	Ki	GPCR	test	cliff	8.26122	5.48	-0.738781
CHEMBL234_Ki-2444	COc1ccccc1N1CCN(CCCCn2cc(-c3ccc4ncccc4c3)nn2)CC1	Dopamine D3 receptor	D3R	Ki	GPCR	test	cliff	8.17198	6.73	-0.828015
CHEMBL234_Ki-2445	COc1ccccc1N1CCN(CCCCn2cc(-c3ccc(-c4ccccc4)cc3)nn2)CC1	Dopamine D3 receptor	D3R	Ki	GPCR	train	cliff	8.23062	5.88	-0.769377
CHEMBL234_Ki-2446	Clc1cccc(N2CCN(CCCCn3cc(-c4ccc5ccccc5c4)nn3)CC2)c1Cl	Dopamine D3 receptor	D3R	Ki	GPCR	train	cliff	8.11351	7.7	-0.886491
CHEMBL234_Ki-2447	Clc1cccc(N2CCN(CCCCn3cc(-c4ccc5c(c4)Cc4ccccc4-5)nn3)CC2)c1Cl	Dopamine D3 receptor	D3R	Ki	GPCR	test	non-cliff	7.85387	14	-1.14613
CHEMBL234_Ki-2448	Clc1cccc(N2CCN(CCCCn3cc(-c4ccc5[nH]ccc5c4)nn3)CC2)c1Cl	Dopamine D3 receptor	D3R	Ki	GPCR	train	cliff	8.83268	1.47	-0.167317
CHEMBL234_Ki-2449	Clc1cccc(N2CCN(CCCCn3cc(-c4ccc5ncccc5c4)nn3)CC2)c1Cl	Dopamine D3 receptor	D3R	Ki	GPCR	train	cliff	8.86967	1.35	-0.130334
CHEMBL234_Ki-2450	Clc1cccc(N2CCN(CCCCn3cc(-c4ccc(-c5ccccc5)cc4)nn3)CC2)c1Cl	Dopamine D3 receptor	D3R	Ki	GPCR	train	cliff	8.07988	8.32	-0.920123
CHEMBL234_Ki-2451	COc1ccccc1N1CCN(CC(O)CCn2cc(-c3ccc4ccccc4c3)nn2)CC1	Dopamine D3 receptor	D3R	Ki	GPCR	train	cliff	7.39041	40.7	-1.60959
CHEMBL234_Ki-2452	COc1ccccc1N1CCN(CC(O)CCn2cc(-c3ccc(-c4ccccc4)cc3)nn2)CC1	Dopamine D3 receptor	D3R	Ki	GPCR	train	non-cliff	7.5157	30.5	-1.4843
CHEMBL234_Ki-2453	COc1ccccc1N1CCN(CC(O)CCn2cc(-c3ccccc3)nn2)CC1	Dopamine D3 receptor	D3R	Ki	GPCR	train	non-cliff	6.76195	173	-2.23805
CHEMBL234_Ki-2454	COc1ccccc1-c1cn(CCC(O)CN2CCN(c3ccccc3OC)CC2)nn1	Dopamine D3 receptor	D3R	Ki	GPCR	train	non-cliff	6.30715	493	-2.69285
CHEMBL234_Ki-2455	COc1ccccc1N1CCN(CC(O)CCn2cc(-c3ccc4c(c3)Cc3ccccc3-4)nn2)CC1	Dopamine D3 receptor	D3R	Ki	GPCR	train	cliff	7.73283	18.5	-1.26717
CHEMBL234_Ki-2456	COc1ccccc1N1CCN(CC(O)CCn2cc(-c3ccc4ncccc4c3)nn2)CC1	Dopamine D3 receptor	D3R	Ki	GPCR	train	cliff	7.16622	68.2	-1.83378
CHEMBL234_Ki-2457	OC(CCn1cc(-c2ccc3ccccc3c2)nn1)CN1CCN(c2cccc(Cl)c2Cl)CC1	Dopamine D3 receptor	D3R	Ki	GPCR	train	non-cliff	7.5986	25.2	-1.4014
CHEMBL234_Ki-2458	OC(CCn1cc(-c2ccc(-c3ccccc3)cc2)nn1)CN1CCN(c2cccc(Cl)c2Cl)CC1	Dopamine D3 receptor	D3R	Ki	GPCR	train	non-cliff	7.25337	55.8	-1.74663
CHEMBL234_Ki-2459	COc1ccccc1N1CCN(CC(O)CCn2cc(-c3ccc4[nH]ccc4c3)nn2)CC1	Dopamine D3 receptor	D3R	Ki	GPCR	train	cliff	7.47366	33.6	-1.52634
CHEMBL234_Ki-2460	OC(CCn1cc(-c2ccc3[nH]ccc3c2)nn1)CN1CCN(c2cccc(Cl)c2Cl)CC1	Dopamine D3 receptor	D3R	Ki	GPCR	train	non-cliff	8.23284	5.85	-0.767156
CHEMBL234_Ki-2461	OC(CCn1cc(-c2ccc3ncccc3c2)nn1)CN1CCN(c2cccc(Cl)c2Cl)CC1	Dopamine D3 receptor	D3R	Ki	GPCR	train	non-cliff	7.74473	18	-1.25527
CHEMBL234_Ki-2462	O=C(NCCC(O)CN1CCN(c2cccc(Cl)c2Cl)CC1)c1ccc2c(c1)-c1ccccc1C2	Dopamine D3 receptor	D3R	Ki	GPCR	train	cliff	9.63264	0.233	0.632644
CHEMBL234_Ki-2463	Cc1ccc(Cl)c(N2CCN(CCCCNC(=O)c3ccc4oc(=O)[nH]c4c3)CC2)c1	Dopamine D3 receptor	D3R	Ki	GPCR	train	non-cliff	8.58922	2.575	-0.410777
CHEMBL234_Ki-2464	COc1c(Cl)cccc1N1CCN(CCCCNC(=O)c2cc3ccccc3[nH]2)CC1	Dopamine D3 receptor	D3R	Ki	GPCR	train	non-cliff	9.40671	0.392	0.406714
CHEMBL234_Ki-2465	COc1c(Cl)cccc1N1CCN(CCCCNC(=O)c2cc3ccccc3o2)CC1	Dopamine D3 receptor	D3R	Ki	GPCR	train	cliff	9.04239	0.907	0.0423927
CHEMBL234_Ki-2466	O=C(NCCCCN1CCN(c2cccc3ccccc23)CC1)c1cc2ccccc2[nH]1	Dopamine D3 receptor	D3R	Ki	GPCR	train	cliff	9.92812	0.118	0.928118
CHEMBL234_Ki-2467	COc1ccc2[nH]c(C(=O)NCCCCN3CCN(c4cccc5ccccc45)CC3)cc2c1	Dopamine D3 receptor	D3R	Ki	GPCR	train	non-cliff	9.76195	0.173	0.761954
CHEMBL234_Ki-2468	O=C(NCCCCN1CCN(c2cccc3ccccc23)CC1)c1cc2ccccc2o1	Dopamine D3 receptor	D3R	Ki	GPCR	train	cliff	9.61261	0.244	0.61261
CHEMBL234_Ki-2469	O=C(NCCCCN1CCN(c2cccc3ccccc23)CC1)c1cc2ccccc2s1	Dopamine D3 receptor	D3R	Ki	GPCR	train	cliff	9.89279	0.128	0.89279
CHEMBL234_Ki-2470	COc1ccccc1N1CCN(CCCCNC(=O)c2ccc3ccccc3n2)CC1	Dopamine D3 receptor	D3R	Ki	GPCR	train	cliff	8.46092	3.46	-0.539076
CHEMBL234_Ki-2471	COc1ccccc1N1CCN(CC(O)CCNC(=O)c2ccc3ccccc3n2)CC1	Dopamine D3 receptor	D3R	Ki	GPCR	train	cliff	7.00922	97.9	-1.99078
CHEMBL234_Ki-2472	COc1ccccc1N1CCN(CCCCNC(=O)c2ccc3cc(F)ccc3n2)CC1	Dopamine D3 receptor	D3R	Ki	GPCR	train	cliff	8.60033	2.51	-0.399674
CHEMBL234_Ki-2473	COc1ccccc1N1CCN(CC(O)CCNC(=O)c2ccc3cc(F)ccc3n2)CC1	Dopamine D3 receptor	D3R	Ki	GPCR	train	cliff	7.27491	53.1	-1.72509
CHEMBL234_Ki-2474	COc1ccccc1N1CCN(CC(O)CCNC(=O)c2cnc3ccccc3c2)CC1	Dopamine D3 receptor	D3R	Ki	GPCR	train	cliff	7.47108	33.8	-1.52892
CHEMBL234_Ki-2475	COc1ccccc1N1CCN(CCCCNC(=O)c2cnc3ccc(F)cc3c2)CC1	Dopamine D3 receptor	D3R	Ki	GPCR	train	cliff	8.66959	2.14	-0.330414
CHEMBL234_Ki-2476	COc1ccccc1N1CCN(CC(O)CCNC(=O)c2cnc3ccc(F)cc3c2)CC1	Dopamine D3 receptor	D3R	Ki	GPCR	train	cliff	7.34872	44.8	-1.65128
CHEMBL234_Ki-2477	COc1ccccc1N1CCN(CC(O)CCNC(=O)c2cnc3ccc(C)cc3c2)CC1	Dopamine D3 receptor	D3R	Ki	GPCR	test	cliff	7.27654	52.9	-1.72346
CHEMBL234_Ki-2478	COc1ccc2ncc(C(=O)NCCC(O)CN3CCN(c4ccccc4OC)CC3)cc2c1	Dopamine D3 receptor	D3R	Ki	GPCR	train	cliff	7.15552	69.9	-1.84448
CHEMBL234_Ki-2479	COc1ccccc1N1CCN(CC(O)CCNC(=O)c2ccc3cccnc3c2)CC1	Dopamine D3 receptor	D3R	Ki	GPCR	train	cliff	7.42366	37.7	-1.57634
CHEMBL234_Ki-2480	O=C(NCCCCN1CCN(c2cccc3ccccc23)CC1)c1cnc2ccccc2c1	Dopamine D3 receptor	D3R	Ki	GPCR	train	cliff	9.45469	0.351	0.454693
CHEMBL234_Ki-2481	O=C(NCCC(O)CN1CCN(c2cccc3ccccc23)CC1)c1cnc2ccccc2c1	Dopamine D3 receptor	D3R	Ki	GPCR	train	cliff	8.44009	3.63	-0.559907
CHEMBL234_Ki-2482	COc1c(Cl)cccc1N1CCN(CCCCNC(=O)c2cnc3ccccc3c2)CC1	Dopamine D3 receptor	D3R	Ki	GPCR	train	cliff	8.70115	1.99	-0.298853
CHEMBL234_Ki-2483	COc1c(Cl)cccc1N1CCN(CC(O)CCNC(=O)c2cnc3ccccc3c2)CC1	Dopamine D3 receptor	D3R	Ki	GPCR	test	cliff	7.50031	31.6	-1.49969
CHEMBL234_Ki-2484	O=C(NCCCCN1CCN(c2cccc(Cl)c2Cl)CC1)c1cnc2ccc(F)cc2c1	Dopamine D3 receptor	D3R	Ki	GPCR	train	cliff	9.24413	0.57	0.244125
CHEMBL234_Ki-2485	O=C(NCCC(O)CN1CCN(c2cccc(Cl)c2Cl)CC1)c1cnc2ccc(F)cc2c1	Dopamine D3 receptor	D3R	Ki	GPCR	train	cliff	8.0942	8.05	-0.905796
CHEMBL234_Ki-2486	O=C(CCCCN1CCN(c2ccccc2F)CC1)Nc1nc2ccccc2s1	Dopamine D3 receptor	D3R	Ki	GPCR	train	cliff	8.40894	3.9	-0.591065
CHEMBL234_Ki-2487	COc1ccc2nc(NC(=O)CCCCN3CCN(c4ccc(Cl)cc4)CC3)sc2c1	Dopamine D3 receptor	D3R	Ki	GPCR	train	non-cliff	8.02687	9.4	-0.973128
CHEMBL234_Ki-2488	OCCN1CCN(c2nc(Nc3ccc(Br)cc3)c3ccccc3n2)CC1	Dopamine D3 receptor	D3R	Ki	GPCR	train	non-cliff	6.24346	570.88	-2.75654
CHEMBL234_Ki-2489	CC(C)c1ccc(Nc2nc(N3CCN(CCO)CC3)nc3ccccc23)cc1	Dopamine D3 receptor	D3R	Ki	GPCR	test	non-cliff	5.94285	1140.65	-3.05715
CHEMBL234_Ki-2490	OCCN1CCN(c2nc(NCc3ccccc3)c3ccccc3n2)CC1	Dopamine D3 receptor	D3R	Ki	GPCR	train	non-cliff	5.84294	1435.7	-3.15706
CHEMBL234_Ki-2491	COc1ccccc1N1CCN(CCCc2cn(-c3ccn4nccc4c3)nn2)CC1	Dopamine D3 receptor	D3R	Ki	GPCR	test	cliff	7.11351	77	-1.88649
CHEMBL234_Ki-2492	O=Cc1cnn2ccc(-n3cc(CCCN4CCN(c5cccc(Cl)c5Cl)CC4)nn3)cc12	Dopamine D3 receptor	D3R	Ki	GPCR	train	non-cliff	7.92082	12	-1.07918
CHEMBL234_Ki-2493	O=Cc1cnn2ccc(-n3cc(CCCCN4CCN(c5cccc(Cl)c5Cl)CC4)nn3)cc12	Dopamine D3 receptor	D3R	Ki	GPCR	test	non-cliff	8.35655	4.4	-0.643453
CHEMBL234_Ki-2494	O=Cc1cnn2ccc(-n3cc(CCN4CCN(c5cccc(Cl)c5Cl)CC4)nn3)cc12	Dopamine D3 receptor	D3R	Ki	GPCR	train	non-cliff	7.49485	32	-1.50515
CHEMBL234_Ki-2495	COc1ccccc1N1CCN(CCc2cn(-c3ccn4ncc(C=O)c4c3)nn2)CC1	Dopamine D3 receptor	D3R	Ki	GPCR	train	non-cliff	8.07058	8.5	-0.929419
CHEMBL234_Ki-2496	Clc1cccc(N2CCN(CCc3cn(-c4ccn5nccc5c4)nn3)CC2)c1Cl	Dopamine D3 receptor	D3R	Ki	GPCR	train	non-cliff	8.65758	2.2	-0.342423
CHEMBL234_Ki-2497	Clc1cccc(N2CCN(CCCc3cn(-c4ccn5nccc5c4)nn3)CC2)c1Cl	Dopamine D3 receptor	D3R	Ki	GPCR	train	cliff	8.07058	8.5	-0.929419
CHEMBL234_Ki-2498	Clc1cccc(N2CCN(CCCCc3cn(-c4ccn5nccc5c4)nn3)CC2)c1Cl	Dopamine D3 receptor	D3R	Ki	GPCR	test	cliff	9.50864	0.31	0.508638
CHEMBL234_Ki-2499	CCCN(CCN1CCN(Cc2cc3ccccc3[nH]2)CC1)Cc1ccc(OC)cc1	Dopamine D3 receptor	D3R	Ki	GPCR	test	non-cliff	5.33724	4600	-3.66276
CHEMBL234_Ki-2500	Brc1ccc(CNCCN2CCN(Cc3cc4ccccc4[nH]3)CC2)cc1	Dopamine D3 receptor	D3R	Ki	GPCR	test	non-cliff	5.74473	1800	-3.25527
CHEMBL234_Ki-2501	COc1ccc(CNCCN2CCN(Cc3cc4ccccc4[nH]3)CC2)cc1	Dopamine D3 receptor	D3R	Ki	GPCR	test	non-cliff	5.36653	4300	-3.63347
CHEMBL234_Ki-2502	CCCN(CCN1CCN(CCc2c[nH]c3ccccc23)CC1)c1ccc(Br)cc1	Dopamine D3 receptor	D3R	Ki	GPCR	train	non-cliff	7.05061	89	-1.94939
CHEMBL234_Ki-2503	CCCN(CCN1CCN(CCc2c[nH]c3ccccc23)CC1)c1ccc(OC)cc1	Dopamine D3 receptor	D3R	Ki	GPCR	train	non-cliff	6.55284	280	-2.44716
CHEMBL234_Ki-2504	Brc1ccc(NCCN2CCN(CCc3c[nH]c4ccccc34)CC2)cc1	Dopamine D3 receptor	D3R	Ki	GPCR	train	non-cliff	6.69897	200	-2.30103
CHEMBL234_Ki-2505	COc1ccc(NCCN2CCN(CCc3c[nH]c4ccccc34)CC2)cc1	Dopamine D3 receptor	D3R	Ki	GPCR	train	non-cliff	6.20761	620	-2.79239
CHEMBL234_Ki-2506	CCCN(CCN1CCN(Cc2cc3ccccc3[nH]2)CC1)c1ccc(Br)cc1	Dopamine D3 receptor	D3R	Ki	GPCR	test	non-cliff	6.22185	600	-2.77815
CHEMBL234_Ki-2507	CCCN(CCN1CCN(Cc2cc3ccccc3[nH]2)CC1)c1ccc(OC)cc1	Dopamine D3 receptor	D3R	Ki	GPCR	train	non-cliff	5.88606	1300	-3.11394
CHEMBL234_Ki-2508	Brc1ccc(NCCN2CCN(Cc3cc4ccccc4[nH]3)CC2)cc1	Dopamine D3 receptor	D3R	Ki	GPCR	train	non-cliff	5.63827	2300	-3.36173
CHEMBL234_Ki-2509	COc1ccc(NCCN2CCN(Cc3cc4ccccc4[nH]3)CC2)cc1	Dopamine D3 receptor	D3R	Ki	GPCR	train	non-cliff	4.74473	18000	-4.25527
CHEMBL234_Ki-2510	CCCN(CCN1CCN(Cc2cc3ccccc3[nH]2)CC1)Cc1ccc(Br)cc1	Dopamine D3 receptor	D3R	Ki	GPCR	test	non-cliff	6.03152	930	-2.96848
CHEMBL234_Ki-2511	O=C(Nc1ccc(Cl)cc1)N[C@H]1CC[C@H](CCN2CCC(c3cccc4c3OCO4)CC2)CC1	Dopamine D3 receptor	D3R	Ki	GPCR	train	cliff	7.62654	23.63	-1.37346
CHEMBL234_Ki-2512	CC(C)(C)c1ccc(S(=O)(=O)N[C@H]2CC[C@H](CCN3CCC(c4coc5ccccc45)CC3)CC2)cc1	Dopamine D3 receptor	D3R	Ki	GPCR	train	non-cliff	7.91614	12.13	-1.08386
CHEMBL234_Ki-2513	O=C(N[C@H]1CC[C@H](CCN2CCN(c3cccc4c3OCO4)CC2)CC1)N1CCc2ccccc21	Dopamine D3 receptor	D3R	Ki	GPCR	train	cliff	8.6968	2.01	-0.303196
CHEMBL234_Ki-2514	O=C(N[C@H]1CC[C@H](CCN2CCC(c3coc4ccccc34)CC2)CC1)c1ccc(N2CCOCC2)nc1	Dopamine D3 receptor	D3R	Ki	GPCR	train	cliff	8.45717	3.49	-0.542825
CHEMBL234_Ki-2515	O=C(N[C@H]1CC[C@H](CCN2CCC(c3cccc4c3OCO4)CC2)CC1)C1CCCO1	Dopamine D3 receptor	D3R	Ki	GPCR	train	cliff	7.32276	47.56	-1.67724
CHEMBL234_Ki-2516	CS(=O)(=O)CC(=O)N[C@H]1CC[C@H](CCN2CCC(c3cccc4c3OCO4)CC2)CC1	Dopamine D3 receptor	D3R	Ki	GPCR	test	non-cliff	8.33442	4.63	-0.665581
CHEMBL234_Ki-2517	O=C(N[C@H]1CC[C@H](CCN2CCN(c3cccc4c3OCO4)CC2)CC1)C(F)(F)F	Dopamine D3 receptor	D3R	Ki	GPCR	train	cliff	8.30892	4.91	-0.691081
CHEMBL234_Ki-2518	Cc1cc(C(=O)N[C@H]2CC[C@H](CCN3CCN(c4nccc5c4CCO5)CC3)CC2)on1	Dopamine D3 receptor	D3R	Ki	GPCR	train	cliff	7.50724	31.1	-1.49276
CHEMBL234_Ki-2519	O=C(CC1CC1)N[C@H]1CC[C@H](CCN2CCN(c3cccc4c3OCO4)CC2)CC1	Dopamine D3 receptor	D3R	Ki	GPCR	train	cliff	8.91009	1.23	-0.0899051
CHEMBL234_Ki-2520	O=C(CC1CCOCC1)N[C@H]1CC[C@H](CCN2CCC(c3coc4ccccc34)CC2)CC1	Dopamine D3 receptor	D3R	Ki	GPCR	train	cliff	8.50307	3.14	-0.49693
CHEMBL234_Ki-2521	O=C(N[C@H]1CC[C@H](CCN2CCC(c3coc4ccccc34)CC2)CC1)c1ccc(C(F)(F)F)cc1	Dopamine D3 receptor	D3R	Ki	GPCR	train	cliff	8.65561	2.21	-0.344392
CHEMBL234_Ki-2522	CN(C)C(=O)CCC(=O)N[C@H]1CC[C@H](CCN2CCC(c3coc4ccccc34)CC2)CC1	Dopamine D3 receptor	D3R	Ki	GPCR	train	cliff	8.61439	2.43	-0.385606
CHEMBL234_Ki-2523	Cc1cc(CC(=O)N[C@H]2CC[C@H](CCN3CCC(c4coc5ccccc45)CC3)CC2)on1	Dopamine D3 receptor	D3R	Ki	GPCR	train	cliff	9.16749	0.68	0.167491
CHEMBL234_Ki-2524	O=C(N[C@H]1CC[C@H](CCN2CCN(c3cccc4c3OCO4)CC2)CC1)C1CC(Cl)C1	Dopamine D3 receptor	D3R	Ki	GPCR	train	cliff	8.52578	2.98	-0.474216
CHEMBL234_Ki-2525	O=C(N[C@H]1CC[C@H](CCN2CCN(c3nccc4occc34)CC2)CC1)C1CCOCC1	Dopamine D3 receptor	D3R	Ki	GPCR	test	cliff	7.25414	55.7	-1.74586
CHEMBL234_Ki-2526	CC(C)(C)Oc1ccc(C(=O)N[C@H]2CC[C@H](CCN3CCN(c4nccc5c4CCO5)CC3)CC2)cc1	Dopamine D3 receptor	D3R	Ki	GPCR	train	cliff	7.15802	69.5	-1.84198
CHEMBL234_Ki-2527	CN(C)S(=O)(=O)N[C@H]1CC[C@H](CCN2CCC(c3coc4ccccc34)CC2)CC1	Dopamine D3 receptor	D3R	Ki	GPCR	train	cliff	8.51999	3.02	-0.480007
CHEMBL234_Ki-2528	CCCCC(=O)N[C@H]1CC[C@H](CCN2CCC(c3coc4ccccc34)CC2)CC1	Dopamine D3 receptor	D3R	Ki	GPCR	train	cliff	8.65561	2.21	-0.344392
CHEMBL234_Ki-2529	O=C(N[C@H]1CC[C@H](CCN2CCC(c3cccc4c3OCO4)CC2)CC1)C1CCOC1	Dopamine D3 receptor	D3R	Ki	GPCR	train	cliff	8.11862	7.61	-0.881385
CHEMBL234_Ki-2530	O=C(N[C@H]1CC[C@H](CCN2CCC(c3coc4ccccc34)CC2)CC1)c1ccc(Cl)cc1Cl	Dopamine D3 receptor	D3R	Ki	GPCR	test	non-cliff	8.35952	4.37	-0.640481
CHEMBL234_Ki-2531	O=C(N[C@H]1CC[C@H](CCN2CCC(c3coc4ccccc34)CC2)CC1)c1ccc(N2CCS(=O)(=O)CC2)cc1	Dopamine D3 receptor	D3R	Ki	GPCR	train	non-cliff	8.46852	3.4	-0.531479
CHEMBL234_Ki-2532	O=C(N[C@H]1CC[C@H](CCN2CCC(c3coc4ccccc34)CC2)CC1)C1CC1	Dopamine D3 receptor	D3R	Ki	GPCR	test	cliff	8.57025	2.69	-0.429752
CHEMBL234_Ki-2533	Cc1cnc(N2CCN(CC[C@H]3CC[C@H](NC(=O)CC4CCOCC4)CC3)CC2)c2c1OCC2	Dopamine D3 receptor	D3R	Ki	GPCR	train	non-cliff	7.15864	69.4	-1.84136
CHEMBL234_Ki-2534	O=C(N[C@H]1CC[C@H](CCN2CCN(c3nccc4c3CCO4)CC2)CC1)C(O)C(F)(F)F	Dopamine D3 receptor	D3R	Ki	GPCR	train	non-cliff	7.42136	37.9	-1.57864
CHEMBL234_Ki-2535	CCC(=O)N[C@H]1CC[C@H](CCN2CCC(c3coc4ccccc34)CC2)CC1	Dopamine D3 receptor	D3R	Ki	GPCR	train	cliff	8.91009	1.23	-0.0899051
CHEMBL234_Ki-2536	O=C(N[C@H]1CC[C@H](CCN2CCN(c3cccc4c3OCO4)CC2)CC1)C1(O)CCCC1	Dopamine D3 receptor	D3R	Ki	GPCR	train	cliff	7.95742	11.03	-1.04258
CHEMBL234_Ki-2537	Cc1cc2c(c(N3CCN(CC[C@H]4CC[C@H](NC(=O)CC5CCOCC5)CC4)CC3)n1)CCO2	Dopamine D3 receptor	D3R	Ki	GPCR	train	non-cliff	7.72816	18.7	-1.27184
CHEMBL234_Ki-2538	O=C(N[C@H]1CC[C@H](CCN2CCC(c3cccc4c3OCO4)CC2)CC1)c1ccc(F)cc1	Dopamine D3 receptor	D3R	Ki	GPCR	train	cliff	8.31069	4.89	-0.689309
CHEMBL234_Ki-2539	O=C(N[C@H]1CC[C@H](CCN2CCC(c3coc4ccccc34)CC2)CC1)C1CCCOC1	Dopamine D3 receptor	D3R	Ki	GPCR	train	cliff	8.23062	5.88	-0.769377
CHEMBL234_Ki-2540	O=C(N[C@H]1CC[C@H](CCN2CCC(c3cccc4c3CCO4)CC2)CC1)c1ccc2c(c1)OCO2	Dopamine D3 receptor	D3R	Ki	GPCR	test	non-cliff	8.45593	3.5	-0.544068
CHEMBL234_Ki-2541	O=C(N[C@H]1CC[C@H](CCN2CCN(c3nccc4occc34)CC2)CC1)c1ccnc2ccccc12	Dopamine D3 receptor	D3R	Ki	GPCR	train	cliff	7.63451	23.2	-1.36549
CHEMBL234_Ki-2542	O=C(N[C@H]1CC[C@H](CCN2CCN(c3cccc4c3OCO4)CC2)CC1)C1(O)CCCCC1	Dopamine D3 receptor	D3R	Ki	GPCR	train	non-cliff	7.80438	15.69	-1.19562
CHEMBL234_Ki-2543	Cc1cc2c(c(N3CCN(CC[C@H]4CC[C@H](NC(=O)C5CCOCC5)CC4)CC3)n1)CCO2	Dopamine D3 receptor	D3R	Ki	GPCR	train	non-cliff	7.46092	34.6	-1.53908
CHEMBL234_Ki-2544	CC(C)(O)CC(=O)N[C@H]1CC[C@H](CCN2CCC(c3cccc4c3CCO4)CC2)CC1	Dopamine D3 receptor	D3R	Ki	GPCR	test	cliff	8.1986	6.33	-0.801404
CHEMBL234_Ki-2545	O=C(CC1CCOCC1)N[C@H]1CC[C@H](CCN2CCN(c3nccc4occc34)CC2)CC1	Dopamine D3 receptor	D3R	Ki	GPCR	train	cliff	7.51856	30.3	-1.48144
CHEMBL234_Ki-2546	CS(=O)(=O)CC(=O)N[C@H]1CC[C@H](CCN2CCC(c3cccc4occc34)CC2)CC1	Dopamine D3 receptor	D3R	Ki	GPCR	train	non-cliff	8.63827	2.3	-0.361728
CHEMBL234_Ki-2547	O=C(CC1CCOCC1)N[C@H]1CC[C@H](CCN2CCN(c3nccc4sccc34)CC2)CC1	Dopamine D3 receptor	D3R	Ki	GPCR	test	cliff	8.56864	2.7	-0.431364
CHEMBL234_Ki-2548	O=C(N[C@H]1CC[C@H](CCN2CCC(c3cccc4c3OCO4)CC2)CC1)C1CCC1	Dopamine D3 receptor	D3R	Ki	GPCR	train	cliff	8.09691	8	-0.90309
CHEMBL234_Ki-2549	O=C(CC(F)(F)F)N[C@H]1CC[C@H](CCN2CCC(c3coc4ccccc34)CC2)CC1	Dopamine D3 receptor	D3R	Ki	GPCR	test	cliff	9.00436	0.99	0.00436481
CHEMBL234_Ki-2550	O=C(CC1CCOCC1)N[C@H]1CC[C@H](CCN2CCN(c3nccc4c3CCO4)CC2)CC1	Dopamine D3 receptor	D3R	Ki	GPCR	test	cliff	7.6038	24.9	-1.3962
CHEMBL234_Ki-2551	O=C(N[C@H]1CC[C@H](CCN2CCC(c3cccc4c3CCO4)CC2)CC1)c1ccnc2ccccc12	Dopamine D3 receptor	D3R	Ki	GPCR	train	non-cliff	8.21467	6.1	-0.78533
CHEMBL234_Ki-2552	CN(C)C(=O)N[C@H]1CC[C@H](CCN2CCC(c3cccc4c3OCO4)CC2)CC1	Dopamine D3 receptor	D3R	Ki	GPCR	test	cliff	7.48254	32.92	-1.51746
CHEMBL234_Ki-2553	O=C(N[C@H]1CC[C@H](CCN2CCN(c3cccc4c3OCO4)CC2)CC1)C1CCC1	Dopamine D3 receptor	D3R	Ki	GPCR	train	cliff	8.70553	1.97	-0.294466
CHEMBL234_Ki-2554	Cc1cc(CC(=O)N[C@H]2CC[C@H](CCN3CCC(c4cccc5c4OCO5)CC3)CC2)on1	Dopamine D3 receptor	D3R	Ki	GPCR	train	cliff	8.92445	1.19	-0.075547
CHEMBL234_Ki-2555	O=C(N[C@H]1CC[C@H](CCN2CCC(c3coc4ccccc34)CC2)CC1)c1ccc(N2CCCCC2)cc1	Dopamine D3 receptor	D3R	Ki	GPCR	train	cliff	8.35754	4.39	-0.642465
CHEMBL234_Ki-2556	O=C(CO)N[C@H]1CC[C@H](CCN2CCN(c3cccc4c3OCO4)CC2)CC1	Dopamine D3 receptor	D3R	Ki	GPCR	train	cliff	8.77211	1.69	-0.227887
CHEMBL234_Ki-2557	O=C(C[C@H]1CC[C@H](O)CC1)N[C@H]1CC[C@H](CCN2CCN(c3nccc4sccc34)CC2)CC1	Dopamine D3 receptor	D3R	Ki	GPCR	train	non-cliff	8.22185	6	-0.778151
CHEMBL234_Ki-2558	COCCC(=O)N[C@H]1CC[C@H](CCN2CCN(c3ncc(C)c4c3CCO4)CC2)CC1	Dopamine D3 receptor	D3R	Ki	GPCR	train	cliff	7.32975	46.8	-1.67025
CHEMBL234_Ki-2559	COC(C)CC(=O)N[C@H]1CC[C@H](CCN2CCN(c3cccc4c3OCO4)CC2)CC1	Dopamine D3 receptor	D3R	Ki	GPCR	train	cliff	8.55909	2.76	-0.440909
CHEMBL234_Ki-2560	O=C(N[C@H]1CC[C@H](CCN2CCC(c3cccc4c3OCO4)CC2)CC1)c1ccc(Cl)cc1	Dopamine D3 receptor	D3R	Ki	GPCR	train	non-cliff	8.19654	6.36	-0.803457
CHEMBL234_Ki-2561	O=C(N[C@H]1CC[C@H](CCN2CCN(c3cccc4c3OCO4)CC2)CC1)c1ccc2c(c1)OCCO2	Dopamine D3 receptor	D3R	Ki	GPCR	train	non-cliff	8.33819	4.59	-0.661813
CHEMBL234_Ki-2562	O=C(N[C@H]1CC[C@H](CCN2CCC(c3cccc4c3CCO4)CC2)CC1)c1ccc(N2CCCCC2)cc1	Dopamine D3 receptor	D3R	Ki	GPCR	train	cliff	7.13966	72.5	-1.86034
CHEMBL234_Ki-2563	CC(C)(C)c1ccc(C(=O)N[C@H]2CC[C@H](CCN3CCC(c4cccc5c4CCO5)CC3)CC2)cc1	Dopamine D3 receptor	D3R	Ki	GPCR	train	cliff	7.86646	13.6	-1.13354
CHEMBL234_Ki-2564	O=C(N[C@H]1CC[C@H](CCN2CCC(c3coc4ccccc34)CC2)CC1)c1ccc(C2CCCCC2)cc1	Dopamine D3 receptor	D3R	Ki	GPCR	train	cliff	7.38373	41.33	-1.61627
CHEMBL234_Ki-2565	O=S(=O)(N[C@H]1CC[C@H](CCN2CCN(c3nccc4c3CCO4)CC2)CC1)c1ccccc1	Dopamine D3 receptor	D3R	Ki	GPCR	test	cliff	7.80967	15.5	-1.19033
CHEMBL234_Ki-2566	CC(C)CCC(=O)N[C@H]1CC[C@H](CCN2CCN(c3nccc4c3CCO4)CC2)CC1	Dopamine D3 receptor	D3R	Ki	GPCR	train	cliff	7.64397	22.7	-1.35603
CHEMBL234_Ki-2567	O=C(Cc1ccc2c(c1)OCO2)N[C@H]1CC[C@H](CCN2CCC(c3coc4ccccc34)CC2)CC1	Dopamine D3 receptor	D3R	Ki	GPCR	test	cliff	8.77989	1.66	-0.220108
CHEMBL234_Ki-2568	O=C(N[C@H]1CC[C@H](CCN2CCC(c3cccc4c3OCO4)CC2)CC1)C1COc2ccccc2C1	Dopamine D3 receptor	D3R	Ki	GPCR	test	non-cliff	8.17198	6.73	-0.828015
CHEMBL234_Ki-2569	CN(C)C(=O)N[C@H]1CC[C@H](CCN2CCN(c3nccc4c3CCO4)CC2)CC1	Dopamine D3 receptor	D3R	Ki	GPCR	train	cliff	7.03245	92.8	-1.96755
CHEMBL234_Ki-2570	O=C(N[C@H]1CC[C@H](CCN2CCC(c3cccc4c3CCO4)CC2)CC1)c1ccc(N2CCOCC2)cc1	Dopamine D3 receptor	D3R	Ki	GPCR	train	cliff	7.97881	10.5	-1.02119
CHEMBL234_Ki-2571	O=C(N[C@H]1CC[C@H](CCN2CCC(c3cccc4c3OCO4)CC2)CC1)C1CC1(F)F	Dopamine D3 receptor	D3R	Ki	GPCR	train	non-cliff	8.11238	7.72	-0.887617
CHEMBL234_Ki-2572	O=C(CCO)N[C@H]1CC[C@H](CCN2CCN(c3nccc4c3CCO4)CC2)CC1	Dopamine D3 receptor	D3R	Ki	GPCR	test	cliff	7.9393	11.5	-1.0607
CHEMBL234_Ki-2573	O=C(N[C@H]1CC[C@H](CCN2CCN(c3nccc4c3CCO4)CC2)CC1)c1ccnc2ccccc12	Dopamine D3 receptor	D3R	Ki	GPCR	train	non-cliff	7.97062	10.7	-1.02938
CHEMBL234_Ki-2574	O=C(CO)N[C@H]1CC[C@H](CCN2CCN(c3nccc4occc34)CC2)CC1	Dopamine D3 receptor	D3R	Ki	GPCR	train	cliff	7.36653	43	-1.63347
CHEMBL234_Ki-2575	CCc1ccc(C(=O)N[C@H]2CC[C@H](CCN3CCC(c4coc5ccccc45)CC3)CC2)cc1	Dopamine D3 receptor	D3R	Ki	GPCR	train	cliff	8.87615	1.33	-0.123852
CHEMBL234_Ki-2576	N#CCC(=O)N[C@H]1CC[C@H](CCN2CCC(c3cccc4c3OCO4)CC2)CC1	Dopamine D3 receptor	D3R	Ki	GPCR	train	cliff	8.50585	3.12	-0.494155
CHEMBL234_Ki-2577	CC(C)CC(=O)N[C@H]1CC[C@H](CCN2CCN(c3nccc4c3CCO4)CC2)CC1	Dopamine D3 receptor	D3R	Ki	GPCR	train	cliff	7.96257	10.9	-1.03743
CHEMBL234_Ki-2578	O=C(N[C@H]1CC[C@H](CCN2CCC(c3cccc4c3CCO4)CC2)CC1)C1CC1(F)F	Dopamine D3 receptor	D3R	Ki	GPCR	test	non-cliff	8.01773	9.6	-0.982271
CHEMBL234_Ki-2579	O=C(N[C@H]1CC[C@H](CCN2CCN(c3cccc4c3OCO4)CC2)CC1)C1CC1(F)F	Dopamine D3 receptor	D3R	Ki	GPCR	train	non-cliff	8.59346	2.55	-0.40654
CHEMBL234_Ki-2580	CC(C)(O)C(=O)N[C@H]1CC[C@H](CCN2CCC(c3coc4ccccc34)CC2)CC1	Dopamine D3 receptor	D3R	Ki	GPCR	train	cliff	8.25885	5.51	-0.741152
CHEMBL234_Ki-2581	O=C(Cc1ccc2c(c1)OCO2)N[C@H]1CC[C@H](CCN2CCC(c3cccc4c3CCO4)CC2)CC1	Dopamine D3 receptor	D3R	Ki	GPCR	train	non-cliff	8.43771	3.65	-0.562293
CHEMBL234_Ki-2582	CC(C)(O)C(=O)N[C@H]1CC[C@H](CCN2CCN(c3nccc4c3CCO4)CC2)CC1	Dopamine D3 receptor	D3R	Ki	GPCR	test	cliff	6.71086	194.6	-2.28914
CHEMBL234_Ki-2583	O=C(N[C@H]1CC[C@H](CCN2CCC(c3coc4ccccc34)CC2)CC1)C1CCOC1	Dopamine D3 receptor	D3R	Ki	GPCR	train	cliff	8.65365	2.22	-0.346353
CHEMBL234_Ki-2584	Cc1cc(C(=O)N[C@H]2CC[C@H](CCN3CCC(c4coc5ccccc45)CC3)CC2)on1	Dopamine D3 receptor	D3R	Ki	GPCR	train	non-cliff	8.37366	4.23	-0.62634
CHEMBL234_Ki-2585	O=C(N[C@H]1CC[C@H](CCN2CCN(c3nccc4c3CCO4)CC2)CC1)c1ccc(-c2ccccc2)cc1	Dopamine D3 receptor	D3R	Ki	GPCR	train	cliff	7.73049	18.6	-1.26951
CHEMBL234_Ki-2586	O=C(N[C@H]1CC[C@H](CCN2CCC(c3coc4ccccc34)CC2)CC1)c1ccc2c(c1)OCO2	Dopamine D3 receptor	D3R	Ki	GPCR	train	non-cliff	8.5544	2.79	-0.445604
CHEMBL234_Ki-2587	O=C(CC(F)(F)F)N[C@H]1CC[C@H](CCN2CCC(c3cccc4c3OCO4)CC2)CC1	Dopamine D3 receptor	D3R	Ki	GPCR	train	non-cliff	8.40012	3.98	-0.599883
CHEMBL234_Ki-2588	CC(C)(O)CC(=O)N[C@H]1CC[C@H](CCN2CCN(c3nccc4c3CCO4)CC2)CC1	Dopamine D3 receptor	D3R	Ki	GPCR	train	cliff	7.66555	21.6	-1.33445
CHEMBL234_Ki-2589	O=C(CC1COC1)N[C@H]1CC[C@H](CCN2CCN(c3cccc4c3OCO4)CC2)CC1	Dopamine D3 receptor	D3R	Ki	GPCR	train	cliff	8.68613	2.06	-0.313867
CHEMBL234_Ki-2590	CC(C)(O)CC(=O)N[C@H]1CC[C@H](CCN2CCC(c3coc4ccccc34)CC2)CC1	Dopamine D3 receptor	D3R	Ki	GPCR	train	non-cliff	8.64782	2.25	-0.352183
CHEMBL234_Ki-2591	CCC(=O)N[C@H]1CC[C@H](CCN2CCN(c3nccc4c3CCO4)CC2)CC1	Dopamine D3 receptor	D3R	Ki	GPCR	train	cliff	8.01323	9.7	-0.986772
CHEMBL234_Ki-2592	O=C(N[C@H]1CC[C@H](CCN2CCC(c3cccc4c3OCO4)CC2)CC1)C1(O)CC1	Dopamine D3 receptor	D3R	Ki	GPCR	train	cliff	8.21538	6.09	-0.784617
CHEMBL234_Ki-2593	O=C(N[C@H]1CC[C@H](CCN2CCN(c3nccc4c3CCO4)CC2)CC1)C1CCCO1	Dopamine D3 receptor	D3R	Ki	GPCR	train	cliff	6.92082	120	-2.07918
CHEMBL234_Ki-2594	COCCC(=O)N[C@H]1CC[C@H](CCN2CCN(c3nc(C)cc4occc34)CC2)CC1	Dopamine D3 receptor	D3R	Ki	GPCR	test	cliff	8.31876	4.8	-0.681241
CHEMBL234_Ki-2595	O=C(N[C@H]1CC[C@H](CCN2CCN(c3nccc4c3CCO4)CC2)CC1)C1(O)CCC1	Dopamine D3 receptor	D3R	Ki	GPCR	train	cliff	6.88207	131.2	-2.11793
CHEMBL234_Ki-2596	COCC(=O)N[C@H]1CC[C@H](CCN2CCC(c3cccc4occc34)CC2)CC1	Dopamine D3 receptor	D3R	Ki	GPCR	train	cliff	7.97881	10.5	-1.02119
CHEMBL234_Ki-2597	CC(C)C(=O)N[C@H]1CC[C@H](CCN2CCC(c3cccc4c3CCO4)CC2)CC1	Dopamine D3 receptor	D3R	Ki	GPCR	train	cliff	8.09691	8	-0.90309
CHEMBL234_Ki-2598	O=C(N[C@H]1CC[C@H](CCN2CCN(c3cccc4c3OCO4)CC2)CC1)C1CCOCC1	Dopamine D3 receptor	D3R	Ki	GPCR	train	cliff	8.34872	4.48	-0.651278
CHEMBL234_Ki-2599	CN(C)C(=O)CCC(=O)N[C@H]1CC[C@H](CCN2CCN(c3nccc4c3CCO4)CC2)CC1	Dopamine D3 receptor	D3R	Ki	GPCR	train	cliff	7.42481	37.6	-1.57519
CHEMBL234_Ki-2600	COCCC(=O)N[C@H]1CC[C@H](CCN2CCN(c3nccc4c3CCO4)CC2)CC1	Dopamine D3 receptor	D3R	Ki	GPCR	train	cliff	7.75945	17.4	-1.24055
CHEMBL234_Ki-2601	O=C(N[C@H]1CC[C@H](CCN2CCN(c3cccc4c3OCO4)CC2)CC1)c1cccnc1	Dopamine D3 receptor	D3R	Ki	GPCR	test	cliff	8.74715	1.79	-0.252853
CHEMBL234_Ki-2602	O=C(CC(F)(F)F)N[C@H]1CC[C@H](CCN2CCN(c3nccc4c3CCO4)CC2)CC1	Dopamine D3 receptor	D3R	Ki	GPCR	train	non-cliff	8.18376	6.55	-0.816241
CHEMBL234_Ki-2603	COC(C)(C)C(=O)N[C@H]1CC[C@H](CCN2CCN(c3cccc4c3OCO4)CC2)CC1	Dopamine D3 receptor	D3R	Ki	GPCR	train	cliff	7.56162	27.44	-1.43838
CHEMBL234_Ki-2604	O=C(Cc1noc2ccccc12)N[C@H]1CC[C@H](CCN2CCC(c3coc4ccccc34)CC2)CC1	Dopamine D3 receptor	D3R	Ki	GPCR	train	cliff	6.838	145.21	-2.162
CHEMBL234_Ki-2605	COCC(=O)N[C@H]1CC[C@H](CCN2CCN(c3nccc4sccc34)CC2)CC1	Dopamine D3 receptor	D3R	Ki	GPCR	train	cliff	8.49485	3.2	-0.50515
CHEMBL234_Ki-2606	CN1CCN(CC(=O)N[C@H]2CC[C@H](CCN3CCN(c4cccc5c4OCO5)CC3)CC2)CC1	Dopamine D3 receptor	D3R	Ki	GPCR	train	cliff	8.33442	4.63	-0.665581
CHEMBL234_Ki-2607	O=C(CO)N[C@H]1CC[C@H](CCN2CCN(c3nccc4c3CCO4)CC2)CC1	Dopamine D3 receptor	D3R	Ki	GPCR	train	cliff	7.7986	15.9	-1.2014
CHEMBL234_Ki-2608	O=C(CF)N[C@H]1CC[C@H](CCN2CCC(c3cccc4c3OCO4)CC2)CC1	Dopamine D3 receptor	D3R	Ki	GPCR	train	cliff	7.90658	12.4	-1.09342
CHEMBL234_Ki-2609	O=C(Cc1ccc2c(c1)OCO2)N[C@H]1CC[C@H](CCN2CCN(c3nccc4c3CCO4)CC2)CC1	Dopamine D3 receptor	D3R	Ki	GPCR	train	cliff	7.73049	18.6	-1.26951
CHEMBL234_Ki-2610	CCC(C)C(=O)N[C@H]1CC[C@H](CCN2CCC(c3cccc4c3CCO4)CC2)CC1	Dopamine D3 receptor	D3R	Ki	GPCR	train	cliff	7.77469	16.8	-1.22531
CHEMBL234_Ki-2611	CC(C)(C)C(=O)N[C@H]1CC[C@H](CCN2CCN(c3nccc4c3CCO4)CC2)CC1	Dopamine D3 receptor	D3R	Ki	GPCR	train	cliff	7.22768	59.2	-1.77232
CHEMBL234_Ki-2612	COC(C)CC(=O)N[C@H]1CC[C@H](CCN2CCC(c3cccc4c3OCO4)CC2)CC1	Dopamine D3 receptor	D3R	Ki	GPCR	train	non-cliff	8.12378	7.52	-0.876218
CHEMBL234_Ki-2613	COC(C)CC(=O)N[C@H]1CC[C@H](CCN2CCN(c3nccc4c3CCO4)CC2)CC1	Dopamine D3 receptor	D3R	Ki	GPCR	train	cliff	7.39147	40.6	-1.60853
CHEMBL234_Ki-2614	O=S(=O)(N[C@H]1CC[C@H](CCN2CCN(c3cccc4c3OCO4)CC2)CC1)N1CCOCC1	Dopamine D3 receptor	D3R	Ki	GPCR	train	cliff	8.88941	1.29	-0.11059
CHEMBL234_Ki-2615	COCC(=O)N[C@H]1CC[C@H](CCN2CCN(c3cccc4c3OCO4)CC2)CC1	Dopamine D3 receptor	D3R	Ki	GPCR	train	cliff	8.35952	4.37	-0.640481
CHEMBL234_Ki-2616	O=C(N[C@H]1CC[C@H](CCN2CCN(c3nccc4c3CCO4)CC2)CC1)C1CC1	Dopamine D3 receptor	D3R	Ki	GPCR	train	cliff	7.73283	18.5	-1.26717
CHEMBL234_Ki-2617	O=C(CC1COC1)N[C@H]1CC[C@H](CCN2CCC(c3cccc4c3CCO4)CC2)CC1	Dopamine D3 receptor	D3R	Ki	GPCR	train	non-cliff	8.36957	4.27	-0.630428
CHEMBL234_Ki-2618	CC(C)c1ccc(C(=O)N[C@H]2CC[C@H](CCN3CCC(c4coc5ccccc45)CC3)CC2)cc1	Dopamine D3 receptor	D3R	Ki	GPCR	train	cliff	8.31876	4.8	-0.681241
CHEMBL234_Ki-2619	CCCCC(=O)N[C@H]1CC[C@H](CCN2CCN(c3nccc4c3CCO4)CC2)CC1	Dopamine D3 receptor	D3R	Ki	GPCR	train	cliff	7.7167	19.2	-1.2833
CHEMBL234_Ki-2620	O=C(N[C@H]1CC[C@H](CCN2CCN(c3cccc4c3OCO4)CC2)CC1)C1CCCO1	Dopamine D3 receptor	D3R	Ki	GPCR	train	cliff	7.90274	12.51	-1.09726
CHEMBL234_Ki-2621	CC(C)(O)C(=O)N[C@H]1CC[C@H](CCN2CCC(c3cccc4c3CCO4)CC2)CC1	Dopamine D3 receptor	D3R	Ki	GPCR	train	cliff	7.45717	34.9	-1.54283
CHEMBL234_Ki-2622	O=C(Cc1noc2ccccc12)N[C@H]1CC[C@H](CCN2CCC(c3cccc4c3CCO4)CC2)CC1	Dopamine D3 receptor	D3R	Ki	GPCR	train	cliff	8.49349	3.21	-0.506505
CHEMBL234_Ki-2623	COCCC(=O)N[C@H]1CC[C@H](CCN2CCC(c3cccc4c3OCO4)CC2)CC1	Dopamine D3 receptor	D3R	Ki	GPCR	train	cliff	8.23508	5.82	-0.764923
CHEMBL234_Ki-2624	C[C@@H](O)C(=O)N[C@H]1CC[C@H](CCN2CCN(c3cccc4c3OCO4)CC2)CC1	Dopamine D3 receptor	D3R	Ki	GPCR	train	cliff	8.66354	2.17	-0.33646
CHEMBL234_Ki-2625	COC(=O)N[C@H]1CC[C@H](CCN2CCC(c3cccc4c3OCO4)CC2)CC1	Dopamine D3 receptor	D3R	Ki	GPCR	train	cliff	8.48678	3.26	-0.513218
CHEMBL234_Ki-2626	CS(=O)(=O)N[C@H]1CC[C@H](CCN2CCN(c3cccc4c3OCO4)CC2)CC1	Dopamine D3 receptor	D3R	Ki	GPCR	test	cliff	8.50864	3.1	-0.491362
CHEMBL234_Ki-2627	O=C(CO)N[C@H]1CC[C@H](CCN2CCC(c3coc4ccccc34)CC2)CC1	Dopamine D3 receptor	D3R	Ki	GPCR	train	cliff	8.83268	1.47	-0.167317
CHEMBL234_Ki-2628	O=C(N[C@H]1CC[C@H](CCN2CCC(c3cccc4c3CCO4)CC2)CC1)C1(O)CCC1	Dopamine D3 receptor	D3R	Ki	GPCR	test	cliff	7.56384	27.3	-1.43616
CHEMBL234_Ki-2629	O=C(CC1CCCO1)N[C@H]1CC[C@H](CCN2CCN(c3cccc4c3OCO4)CC2)CC1	Dopamine D3 receptor	D3R	Ki	GPCR	train	cliff	8.50864	3.1	-0.491362
CHEMBL234_Ki-2630	COCCC(=O)N[C@H]1CC[C@H](CCN2CCN(c3cccc4c3OCO4)CC2)CC1	Dopamine D3 receptor	D3R	Ki	GPCR	train	cliff	8.72584	1.88	-0.274158
CHEMBL234_Ki-2631	CN(C)S(=O)(=O)N[C@H]1CC[C@H](CCN2CCN(c3cccc4c3OCO4)CC2)CC1	Dopamine D3 receptor	D3R	Ki	GPCR	train	cliff	8.47366	3.36	-0.526339
CHEMBL234_Ki-2632	O=C(N[C@H]1CC[C@H](CCN2CCN(c3cccc4c3OCO4)CC2)CC1)c1ccnc2ccccc12	Dopamine D3 receptor	D3R	Ki	GPCR	train	non-cliff	8.61979	2.4	-0.380211
CHEMBL234_Ki-2633	O=C(NC1CCC(CCN2CCC(c3cccc4c3CCO4)CC2)CC1)c1ccc2ncccc2c1	Dopamine D3 receptor	D3R	Ki	GPCR	train	non-cliff	8.36151	4.35	-0.638489
CHEMBL234_Ki-2634	O=C(N[C@H]1CC[C@H](CCN2CCC(c3cccc4c3CCO4)CC2)CC1)c1ccc(Cl)cc1	Dopamine D3 receptor	D3R	Ki	GPCR	train	cliff	8.3098	4.9	-0.690196
CHEMBL234_Ki-2635	CC(=O)N[C@H]1CC[C@H](CCN2CCN(c3nc(C)cc4occc34)CC2)CC1	Dopamine D3 receptor	D3R	Ki	GPCR	test	cliff	8.33348	4.64	-0.666518
CHEMBL234_Ki-2636	CC(C)(O)C(=O)N[C@H]1CC[C@H](CCN2CCN(c3cccc4c3OCO4)CC2)CC1	Dopamine D3 receptor	D3R	Ki	GPCR	train	cliff	8.05552	8.8	-0.944483
CHEMBL234_Ki-2637	O=C(N[C@H]1CC[C@H](CCN2CCN(c3nccc4c3CCO4)CC2)CC1)c1ccc(-n2cccc2)cc1	Dopamine D3 receptor	D3R	Ki	GPCR	train	cliff	7.61261	24.4	-1.38739
CHEMBL234_Ki-2638	O=C(N[C@H]1CC[C@H](CCN2CCN(c3nccc4c3CCO4)CC2)CC1)c1ccc(N2CCS(=O)(=O)CC2)cc1	Dopamine D3 receptor	D3R	Ki	GPCR	train	non-cliff	7.84164	14.4	-1.15836
CHEMBL234_Ki-2639	O=C(N[C@H]1CC[C@H](CCN2CCC(c3coc4ccccc34)CC2)CC1)C1CCCO1	Dopamine D3 receptor	D3R	Ki	GPCR	train	cliff	8.03621	9.2	-0.963788
CHEMBL234_Ki-2640	O=CN[C@H]1CC[C@H](CCN2CCN(c3nccc4c3CCO4)CC2)CC1	Dopamine D3 receptor	D3R	Ki	GPCR	test	non-cliff	7.55284	28	-1.44716
CHEMBL234_Ki-2641	O=C(N[C@H]1CC[C@H](CCN2CCC(c3cccc4c3OCO4)CC2)CC1)C1CCS(=O)(=O)C1	Dopamine D3 receptor	D3R	Ki	GPCR	test	non-cliff	7.78835	16.28	-1.21165
CHEMBL234_Ki-2642	COCCC(=O)N[C@H]1CC[C@H](CCN2CCN(c3nccc4sccc34)CC2)CC1	Dopamine D3 receptor	D3R	Ki	GPCR	train	cliff	8.72125	1.9	-0.278754
CHEMBL234_Ki-2643	CC(=O)N[C@H]1CC[C@H](CCN2CCN(c3nc(C)cc4c3CCO4)CC2)CC1	Dopamine D3 receptor	D3R	Ki	GPCR	train	non-cliff	8.12033	7.58	-0.879669
CHEMBL234_Ki-2644	O=C(CCC(F)(F)F)N[C@H]1CC[C@H](CCN2CCN(c3nccc4c3CCO4)CC2)CC1	Dopamine D3 receptor	D3R	Ki	GPCR	train	cliff	7.69897	20	-1.30103
CHEMBL234_Ki-2645	CC(=O)N[C@H]1CC[C@H](CCN2CCC(c3cccc4occc34)CC2)CC1	Dopamine D3 receptor	D3R	Ki	GPCR	train	cliff	8.5376	2.9	-0.462398
CHEMBL234_Ki-2646	CN(C)S(=O)(=O)N[C@H]1CC[C@H](CCN2CCC(c3cccc4c3OCO4)CC2)CC1	Dopamine D3 receptor	D3R	Ki	GPCR	train	non-cliff	7.93592	11.59	-1.06408
CHEMBL234_Ki-2647	CC(C)=CC(=O)N[C@H]1CC[C@H](CCN2CCC(c3coc4ccccc34)CC2)CC1	Dopamine D3 receptor	D3R	Ki	GPCR	train	non-cliff	8.54821	2.83	-0.451786
CHEMBL234_Ki-2648	CN(C)C(=O)CCC(=O)N[C@H]1CC[C@H](CCN2CCC(c3cccc4c3CCO4)CC2)CC1	Dopamine D3 receptor	D3R	Ki	GPCR	test	non-cliff	7.80967	15.5	-1.19033
CHEMBL234_Ki-2649	O=C(CC1CCOCC1)N[C@H]1CC[C@H](CCN2CCC(c3cccc4c3OCO4)CC2)CC1	Dopamine D3 receptor	D3R	Ki	GPCR	train	cliff	8.05502	8.81	-0.944976
CHEMBL234_Ki-2650	CC(C)CC(=O)N[C@H]1CC[C@H](CCN2CCC(c3cccc4c3CCO4)CC2)CC1	Dopamine D3 receptor	D3R	Ki	GPCR	test	cliff	8.284	5.2	-0.716003
CHEMBL234_Ki-2651	O=C(N[C@H]1CC[C@H](CCN2CCC(c3coc4ccccc34)CC2)CC1)C1CCC(C(F)(F)F)CC1	Dopamine D3 receptor	D3R	Ki	GPCR	test	cliff	8.16749	6.8	-0.832509
CHEMBL234_Ki-2652	O=C(CC1CCOCC1)N[C@H]1CC[C@H](CCN2CCC(c3cccc4c3CCO4)CC2)CC1	Dopamine D3 receptor	D3R	Ki	GPCR	train	cliff	7.98297	10.4	-1.01703
CHEMBL234_Ki-2653	CO[C@H]1CC[C@H](CC(=O)N[C@H]2CC[C@H](CCN3CCN(c4nccc5sccc45)CC3)CC2)CC1	Dopamine D3 receptor	D3R	Ki	GPCR	train	cliff	8.52288	3	-0.477121
CHEMBL234_Ki-2654	O=C(N[C@H]1CC[C@H](CCN2CCC(c3cccc4c3CCO4)CC2)CC1)c1ccc(F)cc1	Dopamine D3 receptor	D3R	Ki	GPCR	test	cliff	8.3098	4.9	-0.690196
CHEMBL234_Ki-2655	CS(=O)(=O)N[C@H]1CC[C@H](CCN2CCN(c3nccc4occc34)CC2)CC1	Dopamine D3 receptor	D3R	Ki	GPCR	train	cliff	7.46725	34.1	-1.53275
CHEMBL234_Ki-2656	O=C(N[C@H]1CC[C@H](CCN2CCC(c3cccc4c3CCO4)CC2)CC1)C(O)C(F)(F)F	Dopamine D3 receptor	D3R	Ki	GPCR	train	non-cliff	8.03621	9.2	-0.963788
CHEMBL234_Ki-2657	O=C(N[C@H]1CC[C@H](CCN2CCC(c3cccc4c3OCO4)CC2)CC1)C1CCOCC1	Dopamine D3 receptor	D3R	Ki	GPCR	train	cliff	7.85949	13.82	-1.14051
CHEMBL234_Ki-2658	N#Cc1ccc(C(=O)N[C@H]2CC[C@H](CCN3CCN(c4nccc5c4CCO5)CC3)CC2)cc1	Dopamine D3 receptor	D3R	Ki	GPCR	train	cliff	7.55284	28	-1.44716
CHEMBL234_Ki-2659	O=C(N[C@H]1CC[C@H](CCN2CCN(c3nccc4c3CCO4)CC2)CC1)c1ccc(-n2cccn2)cc1	Dopamine D3 receptor	D3R	Ki	GPCR	test	cliff	7.3536	44.3	-1.6464
CHEMBL234_Ki-2660	N#CCC(=O)N[C@H]1CC[C@H](CCN2CCN(c3nccc4c3CCO4)CC2)CC1	Dopamine D3 receptor	D3R	Ki	GPCR	train	cliff	8.11126	7.74	-0.888741
CHEMBL234_Ki-2661	COC1(C(=O)N[C@H]2CC[C@H](CCN3CCN(c4cccc5c4OCO5)CC3)CC2)CC1	Dopamine D3 receptor	D3R	Ki	GPCR	train	non-cliff	7.84558	14.27	-1.15442
CHEMBL234_Ki-2662	O=C(N[C@H]1CC[C@H](CCN2CCN(c3nccc4c3CCO4)CC2)CC1)C1CCOC1	Dopamine D3 receptor	D3R	Ki	GPCR	train	cliff	7.73993	18.2	-1.26007
CHEMBL234_Ki-2663	O=C(N[C@H]1CC[C@H](CCN2CCN(c3nccc4c3CCO4)CC2)CC1)c1ccc(Cl)cc1Cl	Dopamine D3 receptor	D3R	Ki	GPCR	train	non-cliff	7.57349	26.7	-1.42651
CHEMBL234_Ki-2664	O=C(N[C@H]1CC[C@H](CCN2CCC(c3cccc4c3CCO4)CC2)CC1)c1ccc(-c2ccccc2)cc1	Dopamine D3 receptor	D3R	Ki	GPCR	train	cliff	8.10735	7.81	-0.892651
CHEMBL234_Ki-2665	O=C(N[C@H]1CC[C@H](CCN2CCC(c3coc4ccccc34)CC2)CC1)c1ccc(-n2cccc2)cc1	Dopamine D3 receptor	D3R	Ki	GPCR	train	cliff	8.33913	4.58	-0.660865
CHEMBL234_Ki-2666	O=C(N[C@H]1CC[C@H](CCN2CCC(c3cccc4c3OCO4)CC2)CC1)C1CC(Cl)C1	Dopamine D3 receptor	D3R	Ki	GPCR	train	non-cliff	8.19654	6.36	-0.803457
CHEMBL234_Ki-2667	CC#CC(=O)N[C@H]1CC[C@H](CCN2CCC(c3cccc4c3CCO4)CC2)CC1	Dopamine D3 receptor	D3R	Ki	GPCR	train	cliff	8.13668	7.3	-0.863323
CHEMBL234_Ki-2668	COCCC(=O)N[C@H]1CC[C@H](CCN2CCN(c3nccc4occc34)CC2)CC1	Dopamine D3 receptor	D3R	Ki	GPCR	train	cliff	7.61979	24	-1.38021
CHEMBL234_Ki-2669	O=C(N[C@H]1CC[C@H](CCN2CCN(c3nccc4c3CCO4)CC2)CC1)c1ccc(N2CCOCC2)cc1	Dopamine D3 receptor	D3R	Ki	GPCR	train	non-cliff	7.77211	16.9	-1.22789
CHEMBL234_Ki-2670	Cc1cc2occc2c(N2CCN(CC[C@H]3CC[C@H](NC(=O)CC4CCOCC4)CC3)CC2)n1	Dopamine D3 receptor	D3R	Ki	GPCR	train	non-cliff	8.02457	9.45	-0.975432
CHEMBL234_Ki-2671	CC(=O)N[C@H]1CC[C@H](CCN2CCN(c3ncc(C)c4c3CCO4)CC2)CC1	Dopamine D3 receptor	D3R	Ki	GPCR	train	cliff	7.31695	48.2	-1.68305
CHEMBL234_Ki-2672	CC(C)(C)CC(=O)N[C@H]1CC[C@H](CCN2CCN(c3nccc4c3CCO4)CC2)CC1	Dopamine D3 receptor	D3R	Ki	GPCR	test	cliff	7.76955	17	-1.23045
CHEMBL234_Ki-2673	COCCC(=O)N[C@H]1CC[C@H](CCN2CCN(c3ncc(C)c4occc34)CC2)CC1	Dopamine D3 receptor	D3R	Ki	GPCR	test	cliff	7.52288	30	-1.47712
CHEMBL234_Ki-2674	CO[C@@H]1CC[C@@H](CC(=O)N[C@H]2CC[C@H](CCN3CCN(c4cccc5c4OCO5)CC3)CC2)C1	Dopamine D3 receptor	D3R	Ki	GPCR	train	cliff	8.60206	2.5	-0.39794
CHEMBL234_Ki-2675	O=C(CC1CCCO1)N[C@H]1CC[C@H](CCN2CCC(c3coc4ccccc34)CC2)CC1	Dopamine D3 receptor	D3R	Ki	GPCR	test	cliff	8.56067	2.75	-0.439333
CHEMBL234_Ki-2676	CS(=O)(=O)N[C@H]1CC[C@H](CCN2CCN(c3nccc4c3CCO4)CC2)CC1	Dopamine D3 receptor	D3R	Ki	GPCR	train	cliff	7.50031	31.6	-1.49969
CHEMBL234_Ki-2677	CC#CC(=O)N[C@H]1CC[C@H](CCN2CCC(c3coc4ccccc34)CC2)CC1	Dopamine D3 receptor	D3R	Ki	GPCR	train	cliff	8.67985	2.09	-0.320146
CHEMBL234_Ki-2678	CO[C@@H]1CC[C@@H](CC(=O)N[C@H]2CC[C@H](CCN3CCC(c4cccc5c4OCO5)CC3)CC2)C1	Dopamine D3 receptor	D3R	Ki	GPCR	test	non-cliff	8.27654	5.29	-0.723456
CHEMBL234_Ki-2679	CN(C)C(=O)N[C@H]1CC[C@H](CCN2CCN(c3cccc4c3OCO4)CC2)CC1	Dopamine D3 receptor	D3R	Ki	GPCR	train	cliff	7.94885	11.25	-1.05115
CHEMBL234_Ki-2680	O=C(CCC(F)(F)F)N[C@H]1CC[C@H](CCN2CCC(c3cccc4c3CCO4)CC2)CC1	Dopamine D3 receptor	D3R	Ki	GPCR	train	non-cliff	8.11691	7.64	-0.883093
CHEMBL234_Ki-2681	CCOCC(=O)N[C@H]1CC[C@H](CCN2CCN(c3nccc4occc34)CC2)CC1	Dopamine D3 receptor	D3R	Ki	GPCR	test	cliff	6.82391	150	-2.17609
CHEMBL234_Ki-2682	O=C(N[C@H]1CC[C@H](CCN2CCN(c3nccc4c3CCO4)CC2)CC1)c1ccccc1	Dopamine D3 receptor	D3R	Ki	GPCR	train	cliff	8.11577	7.66	-0.884229
CHEMBL234_Ki-2683	CC(C)(C)C(=O)N[C@H]1CC[C@H](CCN2CCC(c3cccc4c3CCO4)CC2)CC1	Dopamine D3 receptor	D3R	Ki	GPCR	train	cliff	7.18642	65.1	-1.81358
CHEMBL234_Ki-2684	COCC(=O)N[C@H]1CC[C@H](CCN2CCC(c3coc4ccccc34)CC2)CC1	Dopamine D3 receptor	D3R	Ki	GPCR	train	cliff	8.45346	3.52	-0.546543
CHEMBL234_Ki-2685	COCC(=O)N[C@H]1CC[C@H](CCN2CCN(c3nccc4c3CCO4)CC2)CC1	Dopamine D3 receptor	D3R	Ki	GPCR	train	cliff	7.34294	45.4	-1.65706
CHEMBL234_Ki-2686	O=C(CC1CC1)N[C@H]1CC[C@H](CCN2CCC(c3cccc4c3OCO4)CC2)CC1	Dopamine D3 receptor	D3R	Ki	GPCR	train	non-cliff	8.59517	2.54	-0.404834
CHEMBL234_Ki-2687	CCC(=O)N[C@H]1CC[C@H](CCN2CCC(c3cccc4c3CCO4)CC2)CC1	Dopamine D3 receptor	D3R	Ki	GPCR	test	cliff	8.33724	4.6	-0.662758
CHEMBL234_Ki-2688	CC1(C(=O)N[C@H]2CC[C@H](CCN3CCN(c4cccc5c4OCO5)CC3)CC2)COC1	Dopamine D3 receptor	D3R	Ki	GPCR	train	cliff	8.16622	6.82	-0.833784
CHEMBL234_Ki-2689	CC(C)(O)CC(=O)N[C@H]1CC[C@H](CCN2CCN(c3cccc4c3OCO4)CC2)CC1	Dopamine D3 receptor	D3R	Ki	GPCR	train	cliff	8.80688	1.56	-0.193125
CHEMBL234_Ki-2690	CC(C)CC(=O)N[C@H]1CC[C@H](CCN2CCC(c3coc4ccccc34)CC2)CC1	Dopamine D3 receptor	D3R	Ki	GPCR	test	non-cliff	8.7122	1.94	-0.287802
CHEMBL234_Ki-2691	CCCC(=O)N[C@H]1CC[C@H](CCN2CCN(c3cccc4c3OCO4)CC2)CC1	Dopamine D3 receptor	D3R	Ki	GPCR	train	cliff	8.80134	1.58	-0.198657
CHEMBL234_Ki-2692	O=C(Cc1noc2ccccc12)N[C@H]1CC[C@H](CCN2CCN(c3nccc4c3CCO4)CC2)CC1	Dopamine D3 receptor	D3R	Ki	GPCR	test	non-cliff	7.82681	14.9	-1.17319
CHEMBL234_Ki-2693	O=C(CC1(O)CCCCC1)N[C@H]1CC[C@H](CCN2CCN(c3cccc4c3OCO4)CC2)CC1	Dopamine D3 receptor	D3R	Ki	GPCR	train	non-cliff	8.45842	3.48	-0.541579
CHEMBL234_Ki-2694	CCC(=O)N[C@H]1CC[C@H](CCN2CCC(c3cccc4occc34)CC2)CC1	Dopamine D3 receptor	D3R	Ki	GPCR	test	cliff	8.65758	2.2	-0.342423
CHEMBL234_Ki-2695	Cc1cc(CC(=O)N[C@H]2CC[C@H](CCN3CCN(c4cccc5c4OCO5)CC3)CC2)on1	Dopamine D3 receptor	D3R	Ki	GPCR	train	cliff	8.8729	1.34	-0.127105
CHEMBL234_Ki-2696	N#Cc1ccc(C(=O)N[C@H]2CC[C@H](CCN3CCC(c4cccc5c4CCO5)CC3)CC2)cc1	Dopamine D3 receptor	D3R	Ki	GPCR	train	non-cliff	8.10237	7.9	-0.897627
CHEMBL234_Ki-2697	COC1(C(=O)N[C@H]2CC[C@H](CCN3CCC(c4cccc5c4OCO5)CC3)CC2)CCCCC1	Dopamine D3 receptor	D3R	Ki	GPCR	test	non-cliff	7.41364	38.58	-1.58636
CHEMBL234_Ki-2698	O=C(CC1(O)CCCCC1)N[C@H]1CC[C@H](CCN2CCC(c3cccc4c3OCO4)CC2)CC1	Dopamine D3 receptor	D3R	Ki	GPCR	test	non-cliff	7.98464	10.36	-1.01536
CHEMBL234_Ki-2699	C/C=C/CC(=O)N[C@H]1CC[C@H](CCN2CCC(c3coc4ccccc34)CC2)CC1	Dopamine D3 receptor	D3R	Ki	GPCR	train	cliff	8.74232	1.81	-0.257679
CHEMBL234_Ki-2700	CCS(=O)(=O)N[C@H]1CC[C@H](CCN2CCN(c3nccc4occc34)CC2)CC1	Dopamine D3 receptor	D3R	Ki	GPCR	test	cliff	7.51428	30.6	-1.48572
CHEMBL234_Ki-2701	COCCC(=O)N[C@H]1CC[C@H](CCN2CCC(c3ccc(F)c4occc34)CC2)CC1	Dopamine D3 receptor	D3R	Ki	GPCR	train	non-cliff	8.03245	9.28	-0.967548
CHEMBL234_Ki-2702	O=C(CO)N[C@H]1CC[C@H](CCN2CCC(c3cccc4c3CCO4)CC2)CC1	Dopamine D3 receptor	D3R	Ki	GPCR	train	cliff	8	10	-1
CHEMBL234_Ki-2703	COCCC(=O)N[C@H]1CC[C@H](CCN2CCC(c3cccc4c3CCO4)CC2)CC1	Dopamine D3 receptor	D3R	Ki	GPCR	train	cliff	8.18046	6.6	-0.819544
CHEMBL234_Ki-2704	O=C(N[C@H]1CC[C@H](CCN2CCN(c3nccc4c3CCO4)CC2)CC1)c1ccc(N2CCCCC2)cc1	Dopamine D3 receptor	D3R	Ki	GPCR	train	cliff	7.3536	44.3	-1.6464
CHEMBL234_Ki-2705	O=S(=O)(N[C@H]1CC[C@H](CCN2CCC(c3cccc4c3OCO4)CC2)CC1)c1ccccc1	Dopamine D3 receptor	D3R	Ki	GPCR	test	cliff	8.43771	3.65	-0.562293
CHEMBL234_Ki-2706	O=C(Nc1ccc(Cl)cc1)N[C@H]1CC[C@H](CCN2CCN(c3cccc4c3OCO4)CC2)CC1	Dopamine D3 receptor	D3R	Ki	GPCR	test	cliff	8.98297	1.04	-0.0170333
CHEMBL234_Ki-2707	CC(=O)N[C@H]1CC[C@H](CCN2CCN(c3cccc4c3OCO4)CC2)CC1	Dopamine D3 receptor	D3R	Ki	GPCR	test	cliff	8.9393	1.15	-0.0606978
CHEMBL234_Ki-2708	CCC(=O)N[C@H]1CC[C@H](CCN2CCN(c3cccc4c3OCO4)CC2)CC1	Dopamine D3 receptor	D3R	Ki	GPCR	train	cliff	8.89279	1.28	-0.10721
CHEMBL234_Ki-2709	O=C(N[C@H]1CC[C@H](CCN2CCC(c3cccc4c3CCO4)CC2)CC1)c1ccc(-n2cccn2)cc1	Dopamine D3 receptor	D3R	Ki	GPCR	train	cliff	8.06298	8.65	-0.937016
CHEMBL234_Ki-2710	O=C(N[C@H]1CC[C@H](CCN2CCC(c3coc4ccccc34)CC2)CC1)c1ccc(-c2ccccc2)cc1	Dopamine D3 receptor	D3R	Ki	GPCR	train	cliff	8.47237	3.37	-0.52763
CHEMBL234_Ki-2711	Cc1ccc(S(=O)(=O)N[C@H]2CC[C@H](CCN3CCC(c4coc5ccccc45)CC3)CC2)cc1	Dopamine D3 receptor	D3R	Ki	GPCR	train	cliff	8.20482	6.24	-0.795185
CHEMBL234_Ki-2712	O=C(CC1CCOCC1)N[C@H]1CC[C@H](CCN2CCC(c3cccc4occc34)CC2)CC1	Dopamine D3 receptor	D3R	Ki	GPCR	test	cliff	8.24413	5.7	-0.755875
CHEMBL234_Ki-2713	CS(=O)(=O)CC(=O)N[C@H]1CC[C@H](CCN2CCC(c3coc4ccccc34)CC2)CC1	Dopamine D3 receptor	D3R	Ki	GPCR	train	cliff	8.83863	1.45	-0.161368
CHEMBL234_Ki-2714	CCCC(=O)N[C@H]1CC[C@H](CCN2CCC(c3cccc4c3OCO4)CC2)CC1	Dopamine D3 receptor	D3R	Ki	GPCR	test	cliff	8.24413	5.7	-0.755875
CHEMBL234_Ki-2715	O=C(N[C@H]1CC[C@H](CCN2CCC(c3cccc4c3OCO4)CC2)CC1)C1(C(F)(F)F)CC1	Dopamine D3 receptor	D3R	Ki	GPCR	train	non-cliff	7.38785	40.94	-1.61215
CHEMBL234_Ki-2716	O=C(CCC(F)(F)F)N[C@H]1CC[C@H](CCN2CCC(c3coc4ccccc34)CC2)CC1	Dopamine D3 receptor	D3R	Ki	GPCR	train	non-cliff	8.53165	2.94	-0.468347
CHEMBL234_Ki-2717	O=C(N[C@H]1CC[C@H](CCN2CCN(c3cccc4c3OCO4)CC2)CC1)c1ccc(F)cc1	Dopamine D3 receptor	D3R	Ki	GPCR	test	cliff	8.42136	3.79	-0.578639
CHEMBL234_Ki-2718	CS(=O)(=O)CC(=O)N[C@H]1CC[C@H](CCN2CCC(c3cccc4c3CCO4)CC2)CC1	Dopamine D3 receptor	D3R	Ki	GPCR	train	cliff	8.3098	4.9	-0.690196
CHEMBL234_Ki-2719	O=C(CC1(O)CCC1)N[C@H]1CC[C@H](CCN2CCN(c3cccc4c3OCO4)CC2)CC1	Dopamine D3 receptor	D3R	Ki	GPCR	test	cliff	8.85387	1.4	-0.146128
CHEMBL234_Ki-2720	O=C(CC1CC1)N[C@H]1CC[C@H](CCN2CCN(c3nccc4c3CCO4)CC2)CC1	Dopamine D3 receptor	D3R	Ki	GPCR	train	non-cliff	8.29499	5.07	-0.705008
CHEMBL234_Ki-2721	O=C(N[C@H]1CC[C@H](CCN2CCC(c3coc4ccccc34)CC2)CC1)c1ccccc1	Dopamine D3 receptor	D3R	Ki	GPCR	train	cliff	8.8729	1.34	-0.127105
CHEMBL234_Ki-2722	Cc1ccc(C(=O)N[C@H]2CC[C@H](CCN3CCC(c4cccc5c4OCO5)CC3)CC2)cn1	Dopamine D3 receptor	D3R	Ki	GPCR	train	non-cliff	7.93442	11.63	-1.06558
CHEMBL234_Ki-2723	O=C(C[C@@H](O)C(F)(F)F)N[C@H]1CC[C@H](CCN2CCC(c3cccc4c3CCO4)CC2)CC1	Dopamine D3 receptor	D3R	Ki	GPCR	train	non-cliff	8.18709	6.5	-0.812913
CHEMBL234_Ki-2724	CC(C)CC(=O)N[C@H]1CC[C@H](CCN2CCN(c3cccc4c3OCO4)CC2)CC1	Dopamine D3 receptor	D3R	Ki	GPCR	train	cliff	8.64207	2.28	-0.357935
CHEMBL234_Ki-2725	CC(C)C(=O)N[C@H]1CC[C@H](CCN2CCC(c3coc4ccccc34)CC2)CC1	Dopamine D3 receptor	D3R	Ki	GPCR	train	cliff	8.74958	1.78	-0.25042
CHEMBL234_Ki-2726	O=C(N[C@H]1CC[C@H](CCN2CCC(c3coc4ccccc34)CC2)CC1)c1ccc(-n2cccn2)cc1	Dopamine D3 receptor	D3R	Ki	GPCR	train	cliff	8.24185	5.73	-0.758155
CHEMBL234_Ki-2727	O=C(CC1C[C@H](O)CO1)N[C@H]1CC[C@H](CCN2CCN(c3nccc4c3CCO4)CC2)CC1	Dopamine D3 receptor	D3R	Ki	GPCR	train	cliff	7.84771	14.2	-1.15229
CHEMBL234_Ki-2728	N#CCC(=O)N[C@H]1CC[C@H](CCN2CCC(c3cccc4c3CCO4)CC2)CC1	Dopamine D3 receptor	D3R	Ki	GPCR	test	cliff	8.4437	3.6	-0.556303
CHEMBL234_Ki-2729	CS(=O)(=O)N[C@H]1CC[C@H](CCN2CCC(c3cccc4c3OCO4)CC2)CC1	Dopamine D3 receptor	D3R	Ki	GPCR	train	non-cliff	7.97964	10.48	-1.02036
CHEMBL234_Ki-2730	CCS(=O)(=O)N[C@H]1CC[C@H](CCN2CCC(c3coc4ccccc34)CC2)CC1	Dopamine D3 receptor	D3R	Ki	GPCR	train	cliff	8.54212	2.87	-0.457882
CHEMBL234_Ki-2731	Cc1cc(C(=O)N[C@H]2CC[C@H](CCN3CCC(c4cccc5c4CCO5)CC3)CC2)on1	Dopamine D3 receptor	D3R	Ki	GPCR	train	non-cliff	7.96658	10.8	-1.03342
CHEMBL234_Ki-2732	O=S(=O)(N[C@H]1CC[C@H](CCN2CCN(c3cccc4c3OCO4)CC2)CC1)c1ccc(F)cc1	Dopamine D3 receptor	D3R	Ki	GPCR	train	cliff	8.65758	2.2	-0.342423
CHEMBL234_Ki-2733	O=C(N[C@H]1CC[C@H](CCN2CCN(c3cccc4c3OCO4)CC2)CC1)C1COc2ccccc2C1	Dopamine D3 receptor	D3R	Ki	GPCR	train	cliff	9.06048	0.87	0.0604807
CHEMBL234_Ki-2734	O=C(N[C@H]1CC[C@H](CCN2CCC(c3cccc4c3CCO4)CC2)CC1)C1CCCOC1	Dopamine D3 receptor	D3R	Ki	GPCR	train	cliff	7.767	17.1	-1.233
CHEMBL234_Ki-2735	O=C(N[C@H]1CC[C@H](CCN2CCC(c3coc4ccccc34)CC2)CC1)c1cnc(N2CCOCC2)cn1	Dopamine D3 receptor	D3R	Ki	GPCR	train	cliff	8.11238	7.72	-0.887617
CHEMBL234_Ki-2736	O=C(N[C@H]1CC[C@H](CCN2CCC(c3coc4ccccc34)CC2)CC1)c1ccnc2ccccc12	Dopamine D3 receptor	D3R	Ki	GPCR	test	non-cliff	8.47366	3.36	-0.526339
CHEMBL234_Ki-2737	CCC(O)C(=O)N[C@H]1CC[C@H](CCN2CCN(c3cccc4c3OCO4)CC2)CC1	Dopamine D3 receptor	D3R	Ki	GPCR	train	cliff	7.90448	12.46	-1.09552
CHEMBL234_Ki-2738	CC(C)C(=O)N[C@H]1CC[C@H](CCN2CCN(c3nccc4c3CCO4)CC2)CC1	Dopamine D3 receptor	D3R	Ki	GPCR	test	cliff	7.77989	16.6	-1.22011
CHEMBL234_Ki-2739	CC(=O)N[C@H]1CC[C@H](CCN2CCN(c3nccc4sccc34)CC2)CC1	Dopamine D3 receptor	D3R	Ki	GPCR	train	cliff	8.72125	1.9	-0.278754
CHEMBL234_Ki-2740	CC(C)C(=O)N[C@H]1CC[C@H](CCN2CCN(c3cccc4c3OCO4)CC2)CC1	Dopamine D3 receptor	D3R	Ki	GPCR	train	cliff	8.74232	1.81	-0.257679
CHEMBL234_Ki-2741	COCCC(=O)N[C@H]1CC[C@H](CCN2CCC(c3cccc4occc34)CC2)CC1	Dopamine D3 receptor	D3R	Ki	GPCR	train	cliff	8.50864	3.1	-0.491362
CHEMBL234_Ki-2742	CS(=O)(=O)CC(=O)N[C@H]1CC[C@H](CCN2CCN(c3cccc4c3OCO4)CC2)CC1	Dopamine D3 receptor	D3R	Ki	GPCR	train	cliff	8.83863	1.45	-0.161368
CHEMBL234_Ki-2743	CC(C)CCC(=O)N[C@H]1CC[C@H](CCN2CCC(c3cccc4c3CCO4)CC2)CC1	Dopamine D3 receptor	D3R	Ki	GPCR	train	cliff	8.0013	9.97	-0.998695
CHEMBL234_Ki-2744	CC#CC(=O)N[C@H]1CC[C@H](CCN2CCN(c3nccc4c3CCO4)CC2)CC1	Dopamine D3 receptor	D3R	Ki	GPCR	train	cliff	7.76447	17.2	-1.23553
CHEMBL234_Ki-2745	CCC(=O)N[C@H]1CC[C@H](CCN2CCC(c3cccc4c3OCO4)CC2)CC1	Dopamine D3 receptor	D3R	Ki	GPCR	train	cliff	8.37779	4.19	-0.622214
CHEMBL234_Ki-2746	CN1CCC(C(=O)N[C@H]2CC[C@H](CCN3CCC(c4cccc5c4OCO5)CC3)CC2)CC1	Dopamine D3 receptor	D3R	Ki	GPCR	train	cliff	7.45432	35.13	-1.54568
CHEMBL234_Ki-2747	N#Cc1ccc(C(=O)N[C@H]2CC[C@H](CCN3CCN(c4cccc5c4OCO5)CC3)CC2)cc1	Dopamine D3 receptor	D3R	Ki	GPCR	train	cliff	8.44977	3.55	-0.550228
CHEMBL234_Ki-2748	O=C(N[C@H]1CC[C@H](CCN2CCN(c3nccc4c3CCO4)CC2)CC1)C(F)(F)F	Dopamine D3 receptor	D3R	Ki	GPCR	train	cliff	7.32514	47.3	-1.67486
CHEMBL234_Ki-2749	CCCC(=O)N[C@H]1CC[C@H](CCN2CCC(c3coc4ccccc34)CC2)CC1	Dopamine D3 receptor	D3R	Ki	GPCR	train	cliff	8.767	1.71	-0.232996
CHEMBL234_Ki-2750	O=C(N[C@H]1CC[C@H](CCN2CCN(c3nccc4c3CCO4)CC2)CC1)c1ccc(Cl)cc1	Dopamine D3 receptor	D3R	Ki	GPCR	train	non-cliff	7.87778	13.25	-1.12222
CHEMBL234_Ki-2751	O=C(CC1(O)CCOCC1)N[C@H]1CC[C@H](CCN2CCC(c3cccc4c3OCO4)CC2)CC1	Dopamine D3 receptor	D3R	Ki	GPCR	train	non-cliff	8.14569	7.15	-0.854306
CHEMBL234_Ki-2752	C/C=C/CC(=O)N[C@H]1CC[C@H](CCN2CCC(c3cccc4c3CCO4)CC2)CC1	Dopamine D3 receptor	D3R	Ki	GPCR	train	cliff	8.23732	5.79	-0.762679
CHEMBL234_Ki-2753	CC(C)=CC(=O)N[C@H]1CC[C@H](CCN2CCC(c3cccc4c3CCO4)CC2)CC1	Dopamine D3 receptor	D3R	Ki	GPCR	train	cliff	8.19654	6.36	-0.803457
CHEMBL234_Ki-2754	O=C(N[C@H]1CC[C@H](CCN2CCC(c3cccc4c3CCO4)CC2)CC1)C1CCOC1	Dopamine D3 receptor	D3R	Ki	GPCR	train	cliff	8.25964	5.5	-0.740363
CHEMBL234_Ki-2755	N#Cc1ccc(C(=O)N[C@H]2CC[C@H](CCN3CCC(c4cccc5c4OCO5)CC3)CC2)cc1	Dopamine D3 receptor	D3R	Ki	GPCR	train	non-cliff	8.10846	7.79	-0.891537
CHEMBL234_Ki-2756	O=C(CCO)N[C@H]1CC[C@H](CCN2CCC(c3cccc4c3CCO4)CC2)CC1	Dopamine D3 receptor	D3R	Ki	GPCR	train	cliff	8.18709	6.5	-0.812913
CHEMBL234_Ki-2757	O=C(CO)N[C@H]1CC[C@H](CCN2CCC(c3cccc4c3OCO4)CC2)CC1	Dopamine D3 receptor	D3R	Ki	GPCR	test	cliff	8.04144	9.09	-0.958564
CHEMBL234_Ki-2758	O=C(CCC(F)(F)F)N[C@H]1CC[C@H](CCN2CCC(c3cccc4c3OCO4)CC2)CC1	Dopamine D3 receptor	D3R	Ki	GPCR	train	non-cliff	8.11126	7.74	-0.888741
CHEMBL234_Ki-2759	CS(=O)(=O)N[C@H]1CC[C@H](CCN2CCC(c3cccc4c3CCO4)CC2)CC1	Dopamine D3 receptor	D3R	Ki	GPCR	test	non-cliff	7.99568	10.1	-1.00432
CHEMBL234_Ki-2760	O=C(N[C@H]1CC[C@H](CCN2CCN(c3cccc4c3OCO4)CC2)CC1)c1ccccc1	Dopamine D3 receptor	D3R	Ki	GPCR	train	cliff	8.00043	9.99	-0.999565
CHEMBL234_Ki-2761	CS(=O)(=O)CC(=O)N[C@H]1CC[C@H](CCN2CCN(c3nccc4c3CCO4)CC2)CC1	Dopamine D3 receptor	D3R	Ki	GPCR	test	cliff	8.00877	9.8	-0.991226
CHEMBL234_Ki-2762	CC(C)(C)c1ccc(C(=O)N[C@H]2CC[C@H](CCN3CCC(c4coc5ccccc45)CC3)CC2)cc1	Dopamine D3 receptor	D3R	Ki	GPCR	test	cliff	7.99697	10.07	-1.00303
CHEMBL234_Ki-2763	O=C(N[C@H]1CC[C@H](CCN2CCN(c3nccc4c3CCO4)CC2)CC1)C1CCC1	Dopamine D3 receptor	D3R	Ki	GPCR	train	cliff	7.8041	15.7	-1.1959
CHEMBL234_Ki-2764	O=C(C[C@@H](O)C(F)(F)F)N[C@H]1CC[C@H](CCN2CCN(c3nccc4c3CCO4)CC2)CC1	Dopamine D3 receptor	D3R	Ki	GPCR	train	non-cliff	7.70553	19.7	-1.29447
CHEMBL234_Ki-2765	COC1(C(=O)N[C@H]2CC[C@H](CCN3CCN(c4cccc5c4OCO5)CC3)CC2)CCCCC1	Dopamine D3 receptor	D3R	Ki	GPCR	train	non-cliff	7.90379	12.48	-1.09621
CHEMBL234_Ki-2766	O=C(CC1COC1)N[C@H]1CC[C@H](CCN2CCC(c3cccc4c3OCO4)CC2)CC1	Dopamine D3 receptor	D3R	Ki	GPCR	train	non-cliff	8.28483	5.19	-0.715167
CHEMBL234_Ki-2767	O=C(N[C@H]1CC[C@H](CCN2CCC(c3cccc4c3CCO4)CC2)CC1)c1ccc(Cl)cc1Cl	Dopamine D3 receptor	D3R	Ki	GPCR	train	non-cliff	8.08197	8.28	-0.91803
CHEMBL234_Ki-2768	Cc1cc2occc2c(N2CCN(CC[C@H]3CC[C@H](NC(=O)C4CCOCC4)CC3)CC2)n1	Dopamine D3 receptor	D3R	Ki	GPCR	train	non-cliff	7.84771	14.2	-1.15229
CHEMBL234_Ki-2769	O=C(N[C@H]1CC[C@H](CCN2CCC(c3coc4ccccc34)CC2)CC1)C(F)(F)F	Dopamine D3 receptor	D3R	Ki	GPCR	train	cliff	8.38934	4.08	-0.61066
CHEMBL234_Ki-2770	CN1CCN(c2ccc(C(=O)N[C@H]3CC[C@H](CCN4CCC(c5coc6ccccc56)CC4)CC3)cc2)CC1	Dopamine D3 receptor	D3R	Ki	GPCR	train	non-cliff	8.21968	6.03	-0.780317
CHEMBL234_Ki-2771	C/C=C/CC(=O)N[C@H]1CC[C@H](CCN2CCN(c3nccc4c3CCO4)CC2)CC1	Dopamine D3 receptor	D3R	Ki	GPCR	train	cliff	7.88941	12.9	-1.11059
CHEMBL234_Ki-2772	O=C(Cc1ccc2c(c1)OCO2)N[C@H]1CC[C@H](CCN2CCC(c3cccc4c3OCO4)CC2)CC1	Dopamine D3 receptor	D3R	Ki	GPCR	train	non-cliff	8.39577	4.02	-0.604226
CHEMBL234_Ki-2773	CN(C)S(=O)(=O)N[C@H]1CC[C@H](CCN2CCC(c3cccc4c3CCO4)CC2)CC1	Dopamine D3 receptor	D3R	Ki	GPCR	test	non-cliff	8.00436	9.9	-0.995635
CHEMBL234_Ki-2774	CS(=O)(=O)c1ccc(C(=O)N[C@H]2CC[C@H](CCN3CCN(c4nccc5c4CCO5)CC3)CC2)s1	Dopamine D3 receptor	D3R	Ki	GPCR	test	non-cliff	7.47108	33.8	-1.52892
CHEMBL234_Ki-2775	CN(C)S(=O)(=O)N[C@H]1CC[C@H](CCN2CCN(c3nccc4c3CCO4)CC2)CC1	Dopamine D3 receptor	D3R	Ki	GPCR	train	non-cliff	7.6038	24.9	-1.3962
CHEMBL234_Ki-2776	Cc1cnc(N2CCN(CC[C@H]3CC[C@H](NC(=O)CC4CCOCC4)CC3)CC2)c2ccoc12	Dopamine D3 receptor	D3R	Ki	GPCR	train	non-cliff	7.42022	38	-1.57978
CHEMBL234_Ki-2777	CC(C)C(=O)N[C@H]1CC[C@H](CCN2CCC(c3cccc4c3OCO4)CC2)CC1	Dopamine D3 receptor	D3R	Ki	GPCR	train	cliff	8.08302	8.26	-0.91698
CHEMBL234_Ki-2778	O=C(CCO)N[C@H]1CC[C@H](CCN2CCN(c3nccc4occc34)CC2)CC1	Dopamine D3 receptor	D3R	Ki	GPCR	train	cliff	7.70115	19.9	-1.29885
CHEMBL234_Ki-2779	CC(C)(C)C(=O)N[C@H]1CC[C@H](CCN2CCC(c3coc4ccccc34)CC2)CC1	Dopamine D3 receptor	D3R	Ki	GPCR	train	cliff	7.89483	12.74	-1.10517
CHEMBL234_Ki-2780	O=C(CC1(O)CCC1)N[C@H]1CC[C@H](CCN2CCN(c3nccc4c3CCO4)CC2)CC1	Dopamine D3 receptor	D3R	Ki	GPCR	train	cliff	7.58838	25.8	-1.41162
CHEMBL234_Ki-2781	CCC(C)C(=O)N[C@H]1CC[C@H](CCN2CCC(c3cccc4c3OCO4)CC2)CC1	Dopamine D3 receptor	D3R	Ki	GPCR	train	cliff	7.85855	13.85	-1.14145
CHEMBL234_Ki-2782	CCC(=O)N[C@H]1CC[C@H](CCN2CCN(c3nccc4sccc34)CC2)CC1	Dopamine D3 receptor	D3R	Ki	GPCR	train	cliff	8.79588	1.6	-0.20412
CHEMBL234_Ki-2783	CC(C)CCC(=O)N[C@H]1CC[C@H](CCN2CCC(c3coc4ccccc34)CC2)CC1	Dopamine D3 receptor	D3R	Ki	GPCR	train	non-cliff	8.5376	2.9	-0.462398
CHEMBL234_Ki-2784	CN1CCC(C(=O)N[C@H]2CC[C@H](CCN3CCN(c4cccc5c4OCO5)CC3)CC2)CC1	Dopamine D3 receptor	D3R	Ki	GPCR	train	non-cliff	7.60293	24.95	-1.39707
CHEMBL234_Ki-2785	O=C(N[C@H]1CC[C@H](CCN2CCC(c3cccc4c3CCO4)CC2)CC1)c1ccccc1	Dopamine D3 receptor	D3R	Ki	GPCR	train	cliff	8.37675	4.2	-0.623249
CHEMBL234_Ki-2786	CCC(C)C(=O)N[C@H]1CC[C@H](CCN2CCC(c3coc4ccccc34)CC2)CC1	Dopamine D3 receptor	D3R	Ki	GPCR	train	cliff	8.31605	4.83	-0.683947
CHEMBL234_Ki-2787	O=C(N[C@H]1CC[C@H](CCN2CCN(c3cccc4c3OCO4)CC2)CC1)C1(O)CC1	Dopamine D3 receptor	D3R	Ki	GPCR	train	cliff	8.72584	1.88	-0.274158
CHEMBL234_Ki-2788	COCC(=O)N[C@H]1CC[C@H](CCN2CCC(c3cccc4c3CCO4)CC2)CC1	Dopamine D3 receptor	D3R	Ki	GPCR	test	cliff	7.64397	22.7	-1.35603
CHEMBL234_Ki-2789	O=C(N[C@H]1CC[C@H](CCN2CCC(c3cccc4c3CCO4)CC2)CC1)C1CCOCC1	Dopamine D3 receptor	D3R	Ki	GPCR	train	cliff	7.64207	22.8	-1.35793
CHEMBL234_Ki-2790	O=C(N[C@H]1CC[C@H](CCN2CCN(c3nccc4sccc34)CC2)CC1)C1CCOCC1	Dopamine D3 receptor	D3R	Ki	GPCR	train	cliff	8.4437	3.6	-0.556303
CHEMBL234_Ki-2791	O=C(CC1(O)CCC1)N[C@H]1CC[C@H](CCN2CCC(c3cccc4c3OCO4)CC2)CC1	Dopamine D3 receptor	D3R	Ki	GPCR	train	non-cliff	8.19314	6.41	-0.806858
CHEMBL234_Ki-2792	CC(C)(C)CC(=O)N[C@H]1CC[C@H](CCN2CCC(c3cccc4c3CCO4)CC2)CC1	Dopamine D3 receptor	D3R	Ki	GPCR	train	cliff	8.22185	6	-0.778151
CHEMBL234_Ki-2793	N#CCC(=O)N[C@H]1CC[C@H](CCN2CCC(c3coc4ccccc34)CC2)CC1	Dopamine D3 receptor	D3R	Ki	GPCR	train	cliff	9.07572	0.84	0.0757207
CHEMBL234_Ki-2794	O=C(N[C@H]1CC[C@H](CCN2CCC(c3cccc4c3CCO4)CC2)CC1)C(F)(F)F	Dopamine D3 receptor	D3R	Ki	GPCR	train	cliff	7.65956	21.9	-1.34044
CHEMBL234_Ki-2795	O=C(CC1CCC1)N[C@H]1CC[C@H](CCN2CCC(c3cccc4c3CCO4)CC2)CC1	Dopamine D3 receptor	D3R	Ki	GPCR	train	non-cliff	8.21467	6.1	-0.78533
CHEMBL234_Ki-2796	COC(CC(=O)N[C@H]1CC[C@H](CCN2CCC(c3coc4ccccc34)CC2)CC1)OC	Dopamine D3 receptor	D3R	Ki	GPCR	train	cliff	8.83565	1.46	-0.164353
CHEMBL234_Ki-2797	O=C(CF)N[C@H]1CC[C@H](CCN2CCN(c3cccc4c3OCO4)CC2)CC1	Dopamine D3 receptor	D3R	Ki	GPCR	train	cliff	8.73755	1.83	-0.262451
CHEMBL234_Ki-2798	O=C(N[C@H]1CC[C@H](CCN2CCC(c3cccc4c3CCO4)CC2)CC1)C1(O)CC1	Dopamine D3 receptor	D3R	Ki	GPCR	train	cliff	8.07572	8.4	-0.924279
CHEMBL234_Ki-2799	Cc1ccc(C(=O)N[C@H]2CC[C@H](CCN3CCN(c4nccc5c4CCO5)CC3)CC2)cn1	Dopamine D3 receptor	D3R	Ki	GPCR	train	cliff	7.28316	52.1	-1.71684
CHEMBL234_Ki-2800	CC(C)(C)Oc1ccc(C(=O)N[C@H]2CC[C@H](CCN3CCC(c4cccc5c4CCO5)CC3)CC2)cc1	Dopamine D3 receptor	D3R	Ki	GPCR	train	cliff	7.65365	22.2	-1.34635
CHEMBL234_Ki-2801	O=C(CO)N[C@H]1CC[C@H](CCN2CCN(c3nccc4sccc34)CC2)CC1	Dopamine D3 receptor	D3R	Ki	GPCR	train	cliff	8.85387	1.4	-0.146128
CHEMBL234_Ki-2802	O=C(N[C@H]1CC[C@H](CCN2CCC(c3cccc4c3CCO4)CC2)CC1)c1ccc(C(F)(F)F)cc1	Dopamine D3 receptor	D3R	Ki	GPCR	train	cliff	7.1798	66.1	-1.8202
CHEMBL234_Ki-2803	CN(C)C(=O)N[C@H]1CC[C@H](CCN2CCC(c3cccc4c3CCO4)CC2)CC1	Dopamine D3 receptor	D3R	Ki	GPCR	train	cliff	7.35458	44.2	-1.64542
CHEMBL234_Ki-2804	O=C(N[C@H]1CC[C@H](CCN2CCC(c3coc4ccccc34)CC2)CC1)C1CC1(F)F	Dopamine D3 receptor	D3R	Ki	GPCR	train	non-cliff	8.45223	3.53	-0.547775
CHEMBL234_Ki-2805	CN1CCN(c2ccc(C(=O)N[C@H]3CC[C@H](CCN4CCC(c5cccc6c5CCO6)CC4)CC3)cc2)CC1	Dopamine D3 receptor	D3R	Ki	GPCR	train	non-cliff	8.22185	6	-0.778151
CHEMBL234_Ki-2806	COCCC(=O)N[C@H]1CC[C@H](CCN2CCC(c3coc4ccccc34)CC2)CC1	Dopamine D3 receptor	D3R	Ki	GPCR	train	cliff	8.91364	1.22	-0.0863598
CHEMBL234_Ki-2807	O=C(CC1COC1)N[C@H]1CC[C@H](CCN2CCN(c3nccc4c3CCO4)CC2)CC1	Dopamine D3 receptor	D3R	Ki	GPCR	train	non-cliff	7.91721	12.1	-1.08279
CHEMBL234_Ki-2808	O=C(N[C@H]1CC[C@H](CCN2CCC(c3cccc4c3OCO4)CC2)CC1)c1ccc(N2CCOCC2)cc1	Dopamine D3 receptor	D3R	Ki	GPCR	train	cliff	7.99525	10.11	-1.00475
CHEMBL234_Ki-2809	CCC(C)C(=O)N[C@H]1CC[C@H](CCN2CCN(c3nccc4c3CCO4)CC2)CC1	Dopamine D3 receptor	D3R	Ki	GPCR	train	cliff	7.59517	25.4	-1.40483
CHEMBL234_Ki-2810	O=CN[C@H]1CC[C@H](CCN2CCC(c3coc4ccccc34)CC2)CC1	Dopamine D3 receptor	D3R	Ki	GPCR	train	non-cliff	8.57187	2.68	-0.428135
CHEMBL234_Ki-2811	O=C(N[C@H]1CC[C@H](CCN2CCN(c3nccc4occc34)CC2)CC1)C1CC1	Dopamine D3 receptor	D3R	Ki	GPCR	train	cliff	7.66154	21.8	-1.33846
CHEMBL234_Ki-2812	O=C(CC1COCCO1)N[C@H]1CC[C@H](CCN2CCC(c3coc4ccccc34)CC2)CC1	Dopamine D3 receptor	D3R	Ki	GPCR	test	cliff	8.69465	2.02	-0.305351
CHEMBL234_Ki-2813	O=S(=O)(N[C@H]1CC[C@H](CCN2CCC(c3cccc4c3CCO4)CC2)CC1)c1ccccc1	Dopamine D3 receptor	D3R	Ki	GPCR	test	cliff	8.29243	5.1	-0.70757
CHEMBL234_Ki-2814	CC(=O)N[C@H]1CC[C@H](CCN2CCN(c3nccc4c3CCO4)CC2)CC1	Dopamine D3 receptor	D3R	Ki	GPCR	train	cliff	7.8962	12.7	-1.1038
CHEMBL234_Ki-2815	CO[C@H]1CC[C@H](CC(=O)N[C@H]2CC[C@H](CCN3CCN(c4nccc5c4CCO5)CC3)CC2)C1	Dopamine D3 receptor	D3R	Ki	GPCR	train	non-cliff	7.7122	19.4	-1.2878
CHEMBL234_Ki-2816	O=C(N[C@H]1CC[C@H](CCN2CCN(c3nccc4c3CCO4)CC2)CC1)c1ccc(N2CCOCC2)nc1	Dopamine D3 receptor	D3R	Ki	GPCR	train	cliff	7.34969	44.7	-1.65031
CHEMBL234_Ki-2817	O=C(N[C@H]1CC[C@H](CCN2CCC(c3cccc4c3OCO4)CC2)CC1)C1(O)CCCCC1	Dopamine D3 receptor	D3R	Ki	GPCR	train	non-cliff	7.75721	17.49	-1.24279
CHEMBL234_Ki-2818	CS(=O)(=O)c1ccc(C(=O)N[C@H]2CC[C@H](CCN3CCC(c4coc5ccccc45)CC3)CC2)s1	Dopamine D3 receptor	D3R	Ki	GPCR	train	non-cliff	8.41005	3.89	-0.58995
CHEMBL234_Ki-2819	COCC(=O)N[C@H]1CC[C@H](CCN2CCN(c3nccc4occc34)CC2)CC1	Dopamine D3 receptor	D3R	Ki	GPCR	test	cliff	7.11238	77.2	-1.88762
CHEMBL234_Ki-2820	O=C(N[C@H]1CC[C@H](CCN2CCN(c3nccc4c3CCO4)CC2)CC1)C1CCCOC1	Dopamine D3 receptor	D3R	Ki	GPCR	train	cliff	7.54061	28.8	-1.45939
CHEMBL234_Ki-2821	CS(=O)(=O)c1ccc(C(=O)N[C@H]2CC[C@H](CCN3CCC(c4cccc5c4CCO5)CC3)CC2)s1	Dopamine D3 receptor	D3R	Ki	GPCR	train	non-cliff	8.17849	6.63	-0.821514
CHEMBL234_Ki-2822	O=C(N[C@H]1CC[C@H](CCN2CCC(c3cccc4c3OCO4)CC2)CC1)C(F)(F)F	Dopamine D3 receptor	D3R	Ki	GPCR	train	cliff	7.6704	21.36	-1.3296
CHEMBL234_Ki-2823	CS(=O)(=O)N[C@H]1CC[C@H](CCN2CCN(c3nccc4sccc34)CC2)CC1	Dopamine D3 receptor	D3R	Ki	GPCR	test	cliff	8.36653	4.3	-0.633468
CHEMBL234_Ki-2824	O=C(CC1CCOCC1)N[C@H]1CC[C@H](CCN2CCC(c3ccc(F)c4occc34)CC2)CC1	Dopamine D3 receptor	D3R	Ki	GPCR	train	non-cliff	7.6968	20.1	-1.3032
CHEMBL234_Ki-2825	CC(C)=CC(=O)N[C@H]1CC[C@H](CCN2CCN(c3nccc4c3CCO4)CC2)CC1	Dopamine D3 receptor	D3R	Ki	GPCR	train	cliff	7.81248	15.4	-1.18752
CHEMBL234_Ki-2826	Cc1nc(-c2ccc(C(=O)N[C@H]3CC[C@H](CCN4CCC(c5coc6ccccc56)CC4)CC3)cc2)no1	Dopamine D3 receptor	D3R	Ki	GPCR	train	non-cliff	8.54212	2.87	-0.457882
CHEMBL234_Ki-2827	O=C(N[C@H]1CC[C@H](CCN2CCC(c3cccc4c3CCO4)CC2)CC1)c1ccc(-c2cccnc2)cc1	Dopamine D3 receptor	D3R	Ki	GPCR	train	cliff	8.27165	5.35	-0.728354
CHEMBL234_Ki-2828	CC(C)Cc1ccc(C(=O)N[C@H]2CC[C@H](CCN3CCC(c4coc5ccccc45)CC3)CC2)cc1	Dopamine D3 receptor	D3R	Ki	GPCR	train	cliff	8.38091	4.16	-0.619093
CHEMBL234_Ki-2829	O=C(N[C@H]1CC[C@H](CCN2CCN(c3nccc4c3CCO4)CC2)CC1)c1ccc(F)cc1	Dopamine D3 receptor	D3R	Ki	GPCR	train	non-cliff	7.97062	10.7	-1.02938
CHEMBL234_Ki-2830	O=C(N[C@H]1CC[C@H](CCN2CCC(c3coc4ccccc34)CC2)CC1)c1ccc(C2CC2)cc1	Dopamine D3 receptor	D3R	Ki	GPCR	train	cliff	7.8514	14.08	-1.1486
CHEMBL234_Ki-2831	CC(C)(C)c1ccc(C(=O)N[C@H]2CC[C@H](CCN3CCN(c4nccc5c4CCO5)CC3)CC2)cc1	Dopamine D3 receptor	D3R	Ki	GPCR	test	cliff	6.83357	146.7	-2.16643
CHEMBL234_Ki-2832	Cn1cnc(S(=O)(=O)N[C@H]2CC[C@H](CCN3CCC(c4cccc5c4OCO5)CC3)CC2)c1	Dopamine D3 receptor	D3R	Ki	GPCR	train	non-cliff	7.90588	12.42	-1.09412
CHEMBL234_Ki-2833	Cc1ccc(C(=O)N[C@H]2CC[C@H](CCN3CCC(c4coc5ccccc45)CC3)CC2)cn1	Dopamine D3 receptor	D3R	Ki	GPCR	train	cliff	8.59688	2.53	-0.403121
CHEMBL234_Ki-2834	O=C(N[C@H]1CC[C@H](CCN2CCC(c3coc4ccccc34)CC2)CC1)C12CC3CC(CC(C3)C1)C2	Dopamine D3 receptor	D3R	Ki	GPCR	test	non-cliff	7.89551	12.72	-1.10449
CHEMBL234_Ki-2835	O=C(NC1CCC(CCN2CCC(c3coc4ccccc34)CC2)CC1)c1ccc2ncccc2c1	Dopamine D3 receptor	D3R	Ki	GPCR	train	non-cliff	8.61618	2.42	-0.383815
CHEMBL234_Ki-2836	CC(=O)N[C@H]1CC[C@H](CCN2CCC(c3coc4ccccc34)CC2)CC1	Dopamine D3 receptor	D3R	Ki	GPCR	train	cliff	8.96658	1.08	-0.0334238
CHEMBL234_Ki-2837	O=C(N[C@H]1CC[C@H](CCN2CCC(c3cccc4c3CCO4)CC2)CC1)C1CC1	Dopamine D3 receptor	D3R	Ki	GPCR	train	cliff	8.05061	8.9	-0.94939
CHEMBL234_Ki-2838	O=C(N[C@H]1CC[C@H](CCN2CCC(c3cccc4c3CCO4)CC2)CC1)C1CCCO1	Dopamine D3 receptor	D3R	Ki	GPCR	train	cliff	7.38195	41.5	-1.61805
CHEMBL234_Ki-2839	CO[C@H]1CC[C@H](CC(=O)N[C@H]2CC[C@H](CCN3CCC(c4cccc5c4OCO5)CC3)CC2)CC1	Dopamine D3 receptor	D3R	Ki	GPCR	test	non-cliff	8.08991	8.13	-0.910091
CHEMBL234_Ki-2840	O=C(N[C@H]1CC[C@H](CCN2CCN(c3nccc4c3CCO4)CC2)CC1)C1CC1(F)F	Dopamine D3 receptor	D3R	Ki	GPCR	train	non-cliff	7.62342	23.8	-1.37658
CHEMBL234_Ki-2841	O=C(N[C@H]1CC[C@H](CCN2CCC(c3cccc4c3OCO4)CC2)CC1)c1ccc2c(c1)OCCO2	Dopamine D3 receptor	D3R	Ki	GPCR	train	non-cliff	8.4318	3.7	-0.568202
CHEMBL234_Ki-2842	O=C(CCO)N[C@H]1CC[C@H](CCN2CCC(c3coc4ccccc34)CC2)CC1	Dopamine D3 receptor	D3R	Ki	GPCR	train	cliff	8.8962	1.27	-0.103804
CHEMBL234_Ki-2843	CCC(=O)N[C@H]1CC[C@H](CCN2CCN(c3nccc4occc34)CC2)CC1	Dopamine D3 receptor	D3R	Ki	GPCR	train	cliff	7.92812	11.8	-1.07188
CHEMBL234_Ki-2844	Cc1nc(-c2cccc(C(=O)N[C@H]3CC[C@H](CCN4CCN(c5nccc6c5CCO6)CC4)CC3)c2)no1	Dopamine D3 receptor	D3R	Ki	GPCR	train	non-cliff	7.70997	19.5	-1.29003
CHEMBL234_Ki-2845	O=S(=O)(N[C@H]1CC[C@H](CCN2CCN(c3cccc4c3OCO4)CC2)CC1)c1ccccc1	Dopamine D3 receptor	D3R	Ki	GPCR	train	cliff	8.54061	2.88	-0.459392
CHEMBL234_Ki-2846	O=C(Cc1ccc2c(c1)OCO2)N[C@H]1CC[C@H](CCN2CCN(c3cccc4c3OCO4)CC2)CC1	Dopamine D3 receptor	D3R	Ki	GPCR	train	non-cliff	8.67572	2.11	-0.324282
CHEMBL234_Ki-2847	COC(=O)N[C@H]1CC[C@H](CCN2CCN(c3cccc4c3OCO4)CC2)CC1	Dopamine D3 receptor	D3R	Ki	GPCR	train	cliff	8.88941	1.29	-0.11059
CHEMBL234_Ki-2848	CO[C@H]1CC[C@H](CC(=O)N[C@H]2CC[C@H](CCN3CCC(c4coc5ccccc45)CC3)CC2)CC1	Dopamine D3 receptor	D3R	Ki	GPCR	train	cliff	8.51004	3.09	-0.489958
CHEMBL234_Ki-2849	CC(=O)N[C@H]1CC[C@H](CCN2CCN(c3nccc4occc34)CC2)CC1	Dopamine D3 receptor	D3R	Ki	GPCR	train	cliff	7.73755	18.3	-1.26245
CHEMBL234_Ki-2850	CS(=O)(=O)c1ccc(C(=O)N[C@H]2CC[C@H](CCN3CCC(c4coc5ccccc45)CC3)CC2)cc1	Dopamine D3 receptor	D3R	Ki	GPCR	train	cliff	7.60137	25.04	-1.39863
CHEMBL234_Ki-2851	CC(=O)N[C@H]1CC[C@H](CCN2CCC(c3ccc(F)c4occc34)CC2)CC1	Dopamine D3 receptor	D3R	Ki	GPCR	train	non-cliff	8.01233	9.72	-0.987666
CHEMBL234_Ki-2852	O=C(N[C@H]1CC[C@H](CCN2CCC(c3cccc4c3CCO4)CC2)CC1)c1ccc(N2CCS(=O)(=O)CC2)cc1	Dopamine D3 receptor	D3R	Ki	GPCR	test	non-cliff	8.25026	5.62	-0.749736
CHEMBL234_Ki-2853	CC(C)(C)CC(=O)N[C@H]1CC[C@H](CCN2CCC(c3coc4ccccc34)CC2)CC1	Dopamine D3 receptor	D3R	Ki	GPCR	train	non-cliff	8.36151	4.35	-0.638489
CHEMBL234_Ki-2854	CC(C)(C)C1CCC(C(=O)N[C@H]2CC[C@H](CCN3CCC(c4coc5ccccc45)CC3)CC2)CC1	Dopamine D3 receptor	D3R	Ki	GPCR	train	cliff	8.02319	9.48	-0.976808
CHEMBL234_Ki-2855	N#CCC(=O)N[C@H]1CC[C@H](CCN2CCN(c3cccc4c3OCO4)CC2)CC1	Dopamine D3 receptor	D3R	Ki	GPCR	train	cliff	9.04096	0.91	0.0409586
CHEMBL234_Ki-2856	CCCCC(=O)N[C@H]1CC[C@H](CCN2CCC(c3cccc4c3CCO4)CC2)CC1	Dopamine D3 receptor	D3R	Ki	GPCR	test	cliff	8.34008	4.57	-0.659916
CHEMBL234_Ki-2857	CCS(=O)(=O)N[C@H]1CC[C@H](CCN2CCN(c3nccc4c3CCO4)CC2)CC1	Dopamine D3 receptor	D3R	Ki	GPCR	train	non-cliff	7.65758	22	-1.34242
CHEMBL234_Ki-2858	O=C(N[C@H]1CC[C@H](CCN2CCC(c3cccc4c3CCO4)CC2)CC1)C1CCC1	Dopamine D3 receptor	D3R	Ki	GPCR	train	cliff	8.07572	8.4	-0.924279
CHEMBL234_Ki-2859	COCCC(=O)N[C@H]1CC[C@H](CCN2CCN(c3nc(C)cc4c3CCO4)CC2)CC1	Dopamine D3 receptor	D3R	Ki	GPCR	test	non-cliff	7.92812	11.8	-1.07188
CHEMBL234_Ki-2860	CCS(=O)(=O)N[C@H]1CC[C@H](CCN2CCN(c3nccc4sccc34)CC2)CC1	Dopamine D3 receptor	D3R	Ki	GPCR	test	cliff	8.36653	4.3	-0.633468
CHEMBL234_Ki-2861	COC(CCC(=O)N[C@H]1CC[C@H](CCN2CCN(c3nccc4c3CCO4)CC2)CC1)OC	Dopamine D3 receptor	D3R	Ki	GPCR	train	cliff	7.16749	68	-1.83251
CHEMBL234_Ki-2862	O=C(CC1CCC1)N[C@H]1CC[C@H](CCN2CCC(c3coc4ccccc34)CC2)CC1	Dopamine D3 receptor	D3R	Ki	GPCR	train	cliff	8.68825	2.05	-0.311754
CHEMBL234_Ki-2863	O=C(CC1COC1)N[C@H]1CC[C@H](CCN2CCC(c3coc4ccccc34)CC2)CC1	Dopamine D3 receptor	D3R	Ki	GPCR	train	cliff	8.78516	1.64	-0.214844
CHEMBL234_Ki-2864	O=S(=O)(N[C@H]1CC[C@H](CCN2CCC(c3cccc4c3OCO4)CC2)CC1)c1ccc(F)cc1	Dopamine D3 receptor	D3R	Ki	GPCR	train	cliff	8.58004	2.63	-0.419956
CHEMBL234_Ki-2865	O=C(CC1CCOCC1)N[C@H]1CC[C@H](CCN2CCN(c3cccc4c3OCO4)CC2)CC1	Dopamine D3 receptor	D3R	Ki	GPCR	train	cliff	8.67985	2.09	-0.320146
CHEMBL234_Ki-2866	O=S(=O)(N[C@H]1CC[C@H](CCN2CCN(c3nccc4c3CCO4)CC2)CC1)c1ccc(F)cc1	Dopamine D3 receptor	D3R	Ki	GPCR	train	cliff	8.17263	6.72	-0.827369
CHEMBL234_Ki-2867	CO[C@H]1CC[C@H](CC(=O)N[C@H]2CC[C@H](CCN3CCN(c4cccc5c4OCO5)CC3)CC2)CC1	Dopamine D3 receptor	D3R	Ki	GPCR	train	non-cliff	8.47237	3.37	-0.52763
CHEMBL234_Ki-2868	C[C@@H](O)C(=O)N[C@H]1CC[C@H](CCN2CCC(c3cccc4c3OCO4)CC2)CC1	Dopamine D3 receptor	D3R	Ki	GPCR	train	cliff	7.95546	11.08	-1.04454
CHEMBL234_Ki-2869	O=C(CC1CCC1)N[C@H]1CC[C@H](CCN2CCN(c3nccc4c3CCO4)CC2)CC1	Dopamine D3 receptor	D3R	Ki	GPCR	train	non-cliff	8.04964	8.92	-0.950365
CHEMBL234_Ki-2870	O=S(=O)(N[C@H]1CC[C@H](CCN2CCC(c3cccc4c3CCO4)CC2)CC1)c1ccc(F)cc1	Dopamine D3 receptor	D3R	Ki	GPCR	train	cliff	8.38722	4.1	-0.612784
CHEMBL234_Ki-2871	O=C(N[C@H]1CC[C@H](CCN2CCN(c3nccc4c3CCO4)CC2)CC1)C1(O)CC1	Dopamine D3 receptor	D3R	Ki	GPCR	test	cliff	7.56703	27.1	-1.43297
CHEMBL234_Ki-2872	O=C(N[C@H]1CC[C@H](CCN2CCN(c3cccc4c3OCO4)CC2)CC1)C1(O)CCC1	Dopamine D3 receptor	D3R	Ki	GPCR	test	cliff	8.22185	6	-0.778151
CHEMBL234_Ki-2873	O=C(N[C@H]1CC[C@H](CCN2CCC(c3coc4ccccc34)CC2)CC1)C1(O)CC1	Dopamine D3 receptor	D3R	Ki	GPCR	train	cliff	8.82974	1.48	-0.170262
CHEMBL234_Ki-2874	O=C(N[C@H]1CC[C@H](CCN2CCN(c3nccc4c3CCO4)CC2)CC1)c1ccc2ncccc2c1	Dopamine D3 receptor	D3R	Ki	GPCR	train	cliff	7.68825	20.5	-1.31175
CHEMBL234_Ki-2875	CN(C)S(=O)(=O)N[C@H]1CC[C@H](CCN2CCN(c3nccc4occc34)CC2)CC1	Dopamine D3 receptor	D3R	Ki	GPCR	test	cliff	7.48149	33	-1.51851
CHEMBL234_Ki-2876	O=C(N[C@H]1CC[C@H](CCN2CCN(c3nccc4c3CCO4)CC2)CC1)c1ccc(C(F)(F)F)cc1	Dopamine D3 receptor	D3R	Ki	GPCR	train	cliff	7.24413	57	-1.75587
CHEMBL234_Ki-2877	O=C(N[C@H]1CC[C@H](CCN2CCC(c3coc4ccccc34)CC2)CC1)c1ccc(-c2cccnc2)cc1	Dopamine D3 receptor	D3R	Ki	GPCR	train	cliff	8.34199	4.55	-0.658011
CHEMBL234_Ki-2878	CCCC(=O)N[C@H]1CC[C@H](CCN2CCC(c3cccc4c3CCO4)CC2)CC1	Dopamine D3 receptor	D3R	Ki	GPCR	train	cliff	8.28735	5.16	-0.71265
CHEMBL234_Ki-2879	Cc1cc(CC(=O)N[C@H]2CC[C@H](CCN3CCN(c4nccc5c4CCO5)CC3)CC2)on1	Dopamine D3 receptor	D3R	Ki	GPCR	train	cliff	8.39686	4.01	-0.603144
CHEMBL234_Ki-2880	CC(C)(O)C(=O)N[C@H]1CC[C@H](CCN2CCC(c3cccc4c3OCO4)CC2)CC1	Dopamine D3 receptor	D3R	Ki	GPCR	train	cliff	7.60223	24.99	-1.39777
CHEMBL234_Ki-2881	O=C(CC(F)(F)F)N[C@H]1CC[C@H](CCN2CCN(c3cccc4c3OCO4)CC2)CC1	Dopamine D3 receptor	D3R	Ki	GPCR	train	cliff	8.8041	1.57	-0.1959
CHEMBL234_Ki-2882	O=C(N[C@H]1CC[C@H](CCN2CCC(c3cccc4occc34)CC2)CC1)C1CCOCC1	Dopamine D3 receptor	D3R	Ki	GPCR	train	cliff	7.92445	11.9	-1.07555
CHEMBL234_Ki-2883	O=C(CC(F)(F)F)N[C@H]1CC[C@H](CCN2CCC(c3cccc4c3CCO4)CC2)CC1	Dopamine D3 receptor	D3R	Ki	GPCR	train	non-cliff	8.35655	4.4	-0.643453
CHEMBL234_Ki-2884	O=C(N[C@H]1CC[C@H](CCN2CCC(c3coc4ccccc34)CC2)CC1)C1CCOCC1	Dopamine D3 receptor	D3R	Ki	GPCR	train	cliff	8.3439	4.53	-0.656098
CHEMBL234_Ki-2885	O=C(N[C@H]1CC[C@H](CCN2CCN(c3cccc4c3OCO4)CC2)CC1)C1CCS(=O)(=O)C1	Dopamine D3 receptor	D3R	Ki	GPCR	train	non-cliff	8.44855	3.56	-0.55145
CHEMBL234_Ki-2886	O=C(N[C@H]1CC[C@H](CCN2CCC(c3cccc4c3OCO4)CC2)CC1)c1ccnc2ccccc12	Dopamine D3 receptor	D3R	Ki	GPCR	train	non-cliff	8.21042	6.16	-0.789581
CHEMBL234_Ki-2887	O=C(CC1CC1)N[C@H]1CC[C@H](CCN2CCC(c3coc4ccccc34)CC2)CC1	Dopamine D3 receptor	D3R	Ki	GPCR	train	cliff	8.64975	2.24	-0.350248
CHEMBL234_Ki-2888	CS(=O)(=O)c1ccc(C(=O)N[C@H]2CC[C@H](CCN3CCC(c4cccc5c4CCO5)CC3)CC2)cc1	Dopamine D3 receptor	D3R	Ki	GPCR	test	cliff	7.85387	14	-1.14613
CHEMBL234_Ki-2889	O=C(N[C@H]1CC[C@H](CCN2CCN(c3nccc4c3CCO4)CC2)CC1)c1ccc(-c2cccnc2)cc1	Dopamine D3 receptor	D3R	Ki	GPCR	train	non-cliff	7.79317	16.1	-1.20683
CHEMBL234_Ki-2890	CC1(C(=O)N[C@H]2CC[C@H](CCN3CCC(c4cccc5c4OCO5)CC3)CC2)COC1	Dopamine D3 receptor	D3R	Ki	GPCR	train	cliff	7.40938	38.96	-1.59062
CHEMBL234_Ki-2891	O=C(N[C@H]1CC[C@H](CCN2CCC(c3cccc4c3CCO4)CC2)CC1)c1ccc(N2CCOCC2)nc1	Dopamine D3 receptor	D3R	Ki	GPCR	train	non-cliff	7.78781	16.3	-1.21219
CHEMBL234_Ki-2892	O=C(N[C@H]1CC[C@H](CCN2CCN(c3nccc4c3CCO4)CC2)CC1)c1cnc(N2CCOCC2)cn1	Dopamine D3 receptor	D3R	Ki	GPCR	train	cliff	6.923	119.4	-2.077
CHEMBL234_Ki-2893	Cc1cnc(N2CCN(CC[C@H]3CC[C@H](NC(=O)C4CCOCC4)CC3)CC2)c2ccoc12	Dopamine D3 receptor	D3R	Ki	GPCR	train	non-cliff	7.13847	72.7	-1.86153
CHEMBL234_Ki-2894	N#Cc1ccc(C(=O)N[C@H]2CC[C@H](CCN3CCC(c4coc5ccccc45)CC3)CC2)cc1	Dopamine D3 receptor	D3R	Ki	GPCR	train	cliff	8.57187	2.68	-0.428135
CHEMBL234_Ki-2895	O=S(=O)(CC(F)(F)F)N[C@H]1CC[C@H](CCN2CCN(c3cccc4c3OCO4)CC2)CC1	Dopamine D3 receptor	D3R	Ki	GPCR	test	non-cliff	8.72584	1.88	-0.274158
CHEMBL234_Ki-2896	O=C(N[C@H]1CC[C@H](CCN2CCC(c3cccc4c3CCO4)CC2)CC1)c1ccc(-n2cccc2)cc1	Dopamine D3 receptor	D3R	Ki	GPCR	train	cliff	7.97881	10.5	-1.02119
CHEMBL234_Ki-2897	Cc1cc(CC(=O)N[C@H]2CC[C@H](CCN3CCC(c4cccc5c4CCO5)CC3)CC2)on1	Dopamine D3 receptor	D3R	Ki	GPCR	train	cliff	8.69897	2	-0.30103
CHEMBL234_Ki-2898	CC(C)CC(=O)N[C@H]1CC[C@H](CCN2CCC(c3cccc4c3OCO4)CC2)CC1	Dopamine D3 receptor	D3R	Ki	GPCR	test	cliff	8.30103	5	-0.69897
CHEMBL234_Ki-2899	COC(CC(=O)N[C@H]1CC[C@H](CCN2CCC(c3cccc4c3CCO4)CC2)CC1)OC	Dopamine D3 receptor	D3R	Ki	GPCR	train	cliff	8.32057	4.78	-0.679428
CHEMBL234_Ki-2900	CO[C@H]1CC[C@H](CC(=O)N[C@H]2CC[C@H](CCN3CCN(c4nccc5c4CCO5)CC3)CC2)CC1	Dopamine D3 receptor	D3R	Ki	GPCR	train	non-cliff	7.61798	24.1	-1.38202
CHEMBL234_Ki-2901	O=C(C[C@@H](O)C(F)(F)F)N[C@H]1CC[C@H](CCN2CCC(c3coc4ccccc34)CC2)CC1	Dopamine D3 receptor	D3R	Ki	GPCR	train	non-cliff	8.64016	2.29	-0.359835
CHEMBL234_Ki-2902	CCOCCC(=O)N[C@H]1CC[C@H](CCN2CCC(c3cccc4c3OCO4)CC2)CC1	Dopamine D3 receptor	D3R	Ki	GPCR	train	cliff	8.13549	7.32	-0.864511
CHEMBL234_Ki-2903	CCCC(=O)N[C@H]1CC[C@H](CCN2CCN(c3nccc4c3CCO4)CC2)CC1	Dopamine D3 receptor	D3R	Ki	GPCR	train	cliff	7.81248	15.4	-1.18752
CHEMBL234_Ki-2904	O=C(N[C@H]1CC[C@H](CCN2CCC(c3coc4ccccc34)CC2)CC1)c1ccc(F)cc1	Dopamine D3 receptor	D3R	Ki	GPCR	train	cliff	8.5157	3.05	-0.4843
CHEMBL234_Ki-2905	O=C(CC1CC1)N[C@H]1CC[C@H](CCN2CCC(c3cccc4c3CCO4)CC2)CC1	Dopamine D3 receptor	D3R	Ki	GPCR	train	non-cliff	8.5376	2.9	-0.462398
CHEMBL234_Ki-2906	CO[C@@H]1CC[C@@H](CC(=O)N[C@H]2CC[C@H](CCN3CCN(c4nccc5occc45)CC3)CC2)C1	Dopamine D3 receptor	D3R	Ki	GPCR	train	cliff	7.54061	28.8	-1.45939
CHEMBL234_Ki-2907	CC(=O)N[C@H]1CC[C@H](CCN2CCC(c3cccc4c3OCO4)CC2)CC1	Dopamine D3 receptor	D3R	Ki	GPCR	train	non-cliff	8.3019	4.99	-0.698101
CHEMBL234_Ki-2908	O=C(N[C@H]1CC[C@H](CCN2CCC(c3cccc4c3OCO4)CC2)CC1)N1CCc2ccccc21	Dopamine D3 receptor	D3R	Ki	GPCR	test	non-cliff	8.29073	5.12	-0.70927
CHEMBL234_Ki-2909	Cc1nc(-c2ccc(C(=O)N[C@H]3CC[C@H](CCN4CCC(c5cccc6c5CCO6)CC4)CC3)cc2)no1	Dopamine D3 receptor	D3R	Ki	GPCR	train	non-cliff	7.82681	14.9	-1.17319
CHEMBL234_Ki-2910	O=S(=O)(N[C@H]1CC[C@H](CCN2CCC(c3cccc4c3OCO4)CC2)CC1)N1CCOCC1	Dopamine D3 receptor	D3R	Ki	GPCR	test	cliff	8.21396	6.11	-0.786041
CHEMBL234_Ki-2911	O=C(N[C@H]1CC[C@H](CCN2CCC(c3coc4ccccc34)CC2)CC1)c1ccc(N2CCOCC2)cc1	Dopamine D3 receptor	D3R	Ki	GPCR	train	cliff	8.13077	7.4	-0.869232
CHEMBL234_Ki-2912	Cc1cnc(N2CCN(CC[C@H]3CC[C@H](NC(=O)C4CCOCC4)CC3)CC2)c2c1OCC2	Dopamine D3 receptor	D3R	Ki	GPCR	train	cliff	7.00568	98.7	-1.99432
CHEMBL234_Ki-2913	O=C(N[C@H]1CC[C@H](CCN2CCN(c3cccc4c3OCO4)CC2)CC1)c1ccc(N2CCOCC2)cc1	Dopamine D3 receptor	D3R	Ki	GPCR	train	cliff	7.45469	35.1	-1.54531
CHEMBL234_Ki-2914	O=C(N[C@H]1CC[C@H](CCN2CCC(c3coc4ccccc34)CC2)CC1)C1CCC1	Dopamine D3 receptor	D3R	Ki	GPCR	train	cliff	8.73283	1.85	-0.267172
CHEMBL234_Ki-2915	O=C(C[C@H]1CC[C@H](O)CC1)N[C@H]1CC[C@H](CCN2CCN(c3nccc4occc34)CC2)CC1	Dopamine D3 receptor	D3R	Ki	GPCR	train	cliff	7.26281	54.6	-1.73719
CHEMBL234_Ki-2916	CN1CCN(c2ccc(C(=O)N[C@H]3CC[C@H](CCN4CCN(c5nccc6c5CCO6)CC4)CC3)cc2)CC1	Dopamine D3 receptor	D3R	Ki	GPCR	train	non-cliff	7.83268	14.7	-1.16732
CHEMBL234_Ki-2917	O=C(N[C@H]1CC[C@H](CCN2CCN(c3nccc4c3CCO4)CC2)CC1)C1CCOCC1	Dopamine D3 receptor	D3R	Ki	GPCR	train	cliff	7.41794	38.2	-1.58206
CHEMBL234_Ki-2918	O=C(C[C@H]1C[C@H](CO)C1)N[C@H]1CC[C@H](CCN2CCN(c3cccc4c3OCO4)CC2)CC1	Dopamine D3 receptor	D3R	Ki	GPCR	train	non-cliff	8.61261	2.44	-0.38739
CHEMBL234_Ki-2919	CC(C)(O)CC(=O)N[C@H]1CC[C@H](CCN2CCC(c3cccc4c3OCO4)CC2)CC1	Dopamine D3 receptor	D3R	Ki	GPCR	train	cliff	8.22768	5.92	-0.772322
CHEMBL234_Ki-2920	COC(CC(=O)N[C@H]1CC[C@H](CCN2CCN(c3nccc4c3CCO4)CC2)CC1)OC	Dopamine D3 receptor	D3R	Ki	GPCR	train	cliff	7.71444	19.3	-1.28556
CHEMBL234_Ki-2921	Cn1cnc(S(=O)(=O)N[C@H]2CC[C@H](CCN3CCN(c4cccc5c4OCO5)CC3)CC2)c1	Dopamine D3 receptor	D3R	Ki	GPCR	train	non-cliff	8.64782	2.25	-0.352183
CHEMBL234_Ki-2922	CC(=O)N[C@H]1CC[C@H](CCN2CCN(c3ncc(C)c4occc34)CC2)CC1	Dopamine D3 receptor	D3R	Ki	GPCR	test	cliff	7.66756	21.5	-1.33244
CHEMBL234_Ki-2923	CC(=O)N[C@H]1CC[C@H](CCN2CCC(c3cccc4c3CCO4)CC2)CC1	Dopamine D3 receptor	D3R	Ki	GPCR	test	non-cliff	8.22185	6	-0.778151
CHEMBL234_Ki-2924	O=CN[C@H]1CC[C@H](CCN2CCC(c3cccc4c3CCO4)CC2)CC1	Dopamine D3 receptor	D3R	Ki	GPCR	train	non-cliff	7.9393	11.5	-1.0607
CHEMBL234_Ki-2925	CS(=O)(=O)N[C@H]1CC[C@H](CCN2CCC(c3coc4ccccc34)CC2)CC1	Dopamine D3 receptor	D3R	Ki	GPCR	test	cliff	8.54516	2.85	-0.454845
CHEMBL234_Ki-2926	CC[C@@H](O)CC(=O)N[C@H]1CC[C@H](CCN2CCC(c3cccc4c3CCO4)CC2)CC1	Dopamine D3 receptor	D3R	Ki	GPCR	train	non-cliff	8	10	-1
CHEMBL234_Ki-2927	COCC(=O)N[C@H]1CC[C@H](CCN2CCC(c3cccc4c3OCO4)CC2)CC1	Dopamine D3 receptor	D3R	Ki	GPCR	train	cliff	7.74545	17.97	-1.25455
CHEMBL234_Ki-2928	Cc1ccc(C(=O)N[C@H]2CC[C@H](CCN3CCC(c4cccc5c4CCO5)CC3)CC2)cn1	Dopamine D3 receptor	D3R	Ki	GPCR	train	non-cliff	7.9914	10.2	-1.0086
CHEMBL234_Ki-2929	O=C(N[C@H]1CC[C@H](CCN2CCC(c3cccc4c3OCO4)CC2)CC1)c1ccccc1	Dopamine D3 receptor	D3R	Ki	GPCR	train	cliff	8.44009	3.63	-0.559907
CHEMBL234_Ki-2930	CO[C@H]1CC[C@H](CC(=O)N[C@H]2CC[C@H](CCN3CCN(c4nccc5occc45)CC3)CC2)CC1	Dopamine D3 receptor	D3R	Ki	GPCR	train	cliff	7.48545	32.7	-1.51455
CHEMBL234_Ki-2931	CN1CCN(CC(=O)N[C@H]2CC[C@H](CCN3CCC(c4cccc5c4OCO5)CC3)CC2)CC1	Dopamine D3 receptor	D3R	Ki	GPCR	train	cliff	7.70443	19.75	-1.29557
CHEMBL234_Ki-2932	O=C(CC1COCCO1)N[C@H]1CC[C@H](CCN2CCC(c3cccc4occc34)CC2)CC1	Dopamine D3 receptor	D3R	Ki	GPCR	test	cliff	8.26761	5.4	-0.732394
CHEMBL234_Ki-2933	O=C(N[C@H]1CC[C@H](CCN2CCC(c3coc4ccccc34)CC2)CC1)C(O)C(F)(F)F	Dopamine D3 receptor	D3R	Ki	GPCR	train	non-cliff	8.39577	4.02	-0.604226
CHEMBL234_Ki-2934	CCS(=O)(=O)N[C@H]1CC[C@H](CCN2CCC(c3cccc4c3CCO4)CC2)CC1	Dopamine D3 receptor	D3R	Ki	GPCR	train	non-cliff	7.95078	11.2	-1.04922
CHEMBL234_Ki-2935	O=C(N[C@H]1CC[C@H](CCN2CCN(c3nccc4c3CCO4)CC2)CC1)c1ccc2c(c1)OCO2	Dopamine D3 receptor	D3R	Ki	GPCR	train	cliff	7.66154	21.8	-1.33846
CHEMBL234_Ki-2936	O=C(N[C@H]1CC[C@H](CCN2CCC(c3coc4ccccc34)CC2)CC1)c1ccc(Cl)cc1	Dopamine D3 receptor	D3R	Ki	GPCR	train	cliff	8.49214	3.22	-0.507856
CHEMBL234_Ki-2937	CC(C)(C)Oc1ccc(C(=O)N[C@H]2CC[C@H](CCN3CCC(c4coc5ccccc45)CC3)CC2)cc1	Dopamine D3 receptor	D3R	Ki	GPCR	train	cliff	8.66959	2.14	-0.330414
CHEMBL234_Ki-2938	O=C(N[C@H]1CC[C@H](CCN2CCC(c3ccc(F)c4occc34)CC2)CC1)C1CCOCC1	Dopamine D3 receptor	D3R	Ki	GPCR	train	non-cliff	7.46852	34	-1.53148
CHEMBL234_Ki-2939	COc1ccc(CCN(CCCc2ccccc2)CCc2ccc3c(c2)OCO3)cc1OC	Dopamine D3 receptor	D3R	Ki	GPCR	train	non-cliff	6.30277	498	-2.69723
CHEMBL234_Ki-2940	Clc1ccc(N2CCN(CCCCNc3noc(-c4ccccc4)n3)CC2)c(Cl)c1	Dopamine D3 receptor	D3R	Ki	GPCR	train	non-cliff	6.09151	810	-2.90849
CHEMBL234_Ki-2941	C=CCN(CC=C)CCc1c[nH]c2ccccc12	Dopamine D3 receptor	D3R	Ki	GPCR	train	non-cliff	6.17	676.08	-2.83
CHEMBL234_Ki-2942	C=CCN(CC=C)CCc1c[nH]c2ccc(F)cc12	Dopamine D3 receptor	D3R	Ki	GPCR	train	non-cliff	6.91999	120.23	-2.08001
CHEMBL234_Ki-2943	C=CCN(CC=C)CCc1c[nH]c2ccc(C)cc12	Dopamine D3 receptor	D3R	Ki	GPCR	test	non-cliff	6.16	691.83	-2.84
CHEMBL234_Ki-2944	C=CCN(CC=C)CCc1c[nH]c2ccc(Cl)cc12	Dopamine D3 receptor	D3R	Ki	GPCR	train	non-cliff	6.85001	141.25	-2.14999
CHEMBL234_Ki-2945	C=CCN(CC=C)CCc1c[nH]c2ccc(Br)cc12	Dopamine D3 receptor	D3R	Ki	GPCR	train	non-cliff	6.62001	239.88	-2.37999
CHEMBL234_Ki-2946	CN1CCc2ccccc2Cc2sccc2CC1	Dopamine D3 receptor	D3R	Ki	GPCR	train	non-cliff	7.61979	24	-1.38021
CHEMBL234_Ki-2947	CN1CCc2ccccc2Cc2ccsc2CC1	Dopamine D3 receptor	D3R	Ki	GPCR	train	non-cliff	7.06048	87	-1.93952
CHEMBL234_Ki-2948	CN1CCc2ccccc2Cc2sc3ccccc3c2CC1	Dopamine D3 receptor	D3R	Ki	GPCR	train	non-cliff	7.74473	18	-1.25527
CHEMBL234_Ki-2949	CN1C[C@@H]2c3ccccc3Oc3ccc(Cl)cc3[C@H]2C1	Dopamine D3 receptor	D3R	Ki	GPCR	test	non-cliff	8.02687	9.4	-0.973128
CHEMBL234_Ki-2950	O=C(NCCCCN1CCN(c2ccccc2F)CC1)c1ccc2ccccc2c1	Dopamine D3 receptor	D3R	Ki	GPCR	train	cliff	8.91009	1.23	-0.0899051
CHEMBL234_Ki-2951	O=C(NCCCCN1CCN(c2ccccc2O)CC1)c1ccc2ccccc2c1	Dopamine D3 receptor	D3R	Ki	GPCR	train	cliff	7.8962	12.7	-1.1038
CHEMBL234_Ki-2952	Cc1ccccc1N1CCN(CCCCNC(=O)c2ccc3ccccc3c2)CC1	Dopamine D3 receptor	D3R	Ki	GPCR	train	cliff	9.13668	0.73	0.136677
CHEMBL234_Ki-2953	O=C(NCCCCN1CCN(c2cccc(Cl)c2)CC1)c1ccc2ccccc2c1	Dopamine D3 receptor	D3R	Ki	GPCR	train	cliff	8.3279	4.7	-0.672098
CHEMBL234_Ki-2954	O=C(NCCCCN1CCN(c2ccc(Cl)cc2)CC1)c1ccc2ccccc2c1	Dopamine D3 receptor	D3R	Ki	GPCR	test	cliff	7.98297	10.4	-1.01703
CHEMBL234_Ki-2955	Cc1cccc(N2CCN(CCCCNC(=O)c3ccc4ccccc4c3)CC2)c1C	Dopamine D3 receptor	D3R	Ki	GPCR	train	cliff	8.87615	1.33	-0.123852
CHEMBL234_Ki-2956	O=C(NCCCCN1CCN(c2cccc(C(F)(F)F)c2)CC1)c1ccc2ccccc2c1	Dopamine D3 receptor	D3R	Ki	GPCR	train	non-cliff	8.95861	1.1	-0.0413927
CHEMBL234_Ki-2957	O=C(NCCCCN1CCN(c2cccc(O)c2)CC1)c1ccc2ccccc2c1	Dopamine D3 receptor	D3R	Ki	GPCR	train	cliff	9.69897	0.2	0.69897
CHEMBL234_Ki-2958	O=C(NCCCCN1CCN(c2cccc3[nH]ccc23)CC1)c1ccc2ccccc2c1	Dopamine D3 receptor	D3R	Ki	GPCR	train	non-cliff	8.88606	1.3	-0.113943
CHEMBL234_Ki-2959	O=C1Cc2c(cccc2N2CCN(CCCCNC(=O)c3ccc4ccccc4c3)CC2)N1	Dopamine D3 receptor	D3R	Ki	GPCR	train	non-cliff	9.30103	0.5	0.30103
CHEMBL234_Ki-2960	O=C(NCCCCN1CCN(c2cccc3[nH]c(=O)[nH]c23)CC1)c1ccc2ccccc2c1	Dopamine D3 receptor	D3R	Ki	GPCR	train	non-cliff	8.45593	3.5	-0.544068
CHEMBL234_Ki-2961	CS(=O)(=O)Nc1cccc(N2CCN(CCCCNC(=O)c3ccc4ccccc4c3)CC2)c1	Dopamine D3 receptor	D3R	Ki	GPCR	train	non-cliff	8.79588	1.6	-0.20412
CHEMBL234_Ki-2962	CCOC(=O)Nc1cccc(N2CCN(CCCCNC(=O)c3ccc4ccccc4c3)CC2)c1	Dopamine D3 receptor	D3R	Ki	GPCR	test	non-cliff	8.40894	3.9	-0.591065
CHEMBL234_Ki-2963	COc1ccccc1N1CCN(CCCCNC(=O)Nc2cccc(Cl)c2)CC1	Dopamine D3 receptor	D3R	Ki	GPCR	train	cliff	8.88606	1.3	-0.113943
CHEMBL234_Ki-2964	COc1ccccc1N1CCN(CCCCNC(=O)N(C)c2ccccc2)CC1	Dopamine D3 receptor	D3R	Ki	GPCR	train	cliff	7.92082	12	-1.07918
CHEMBL234_Ki-2965	COc1ccccc1N1CCN(CCCCNC(=O)N2CCOCC2)CC1	Dopamine D3 receptor	D3R	Ki	GPCR	train	cliff	8.74473	1.8	-0.255273
CHEMBL234_Ki-2966	COc1ccccc1N1CCN(CCCCNC(=O)C2CCCCC2)CC1	Dopamine D3 receptor	D3R	Ki	GPCR	train	cliff	9.04576	0.9	0.0457575
CHEMBL234_Ki-2967	COc1ccccc1N1CCN(CCCCNC(=O)CC2CCCCC2)CC1	Dopamine D3 receptor	D3R	Ki	GPCR	train	non-cliff	8.69897	2	-0.30103
CHEMBL234_Ki-2968	COc1ccccc1N1CCN(CCCCNC(=O)CC(C)C)CC1	Dopamine D3 receptor	D3R	Ki	GPCR	train	non-cliff	6.91009	123	-2.08991
CHEMBL234_Ki-2969	COc1ccccc1N1CCN(CCCCCOc2ccc3ccccc3c2)CC1	Dopamine D3 receptor	D3R	Ki	GPCR	train	cliff	7.06048	87	-1.93952
CHEMBL234_Ki-2970	Cc1ncoc1-c1nnc(SCCCN2CCOC(c3ccc(C(F)(F)F)cc3)C2)n1C	Dopamine D3 receptor	D3R	Ki	GPCR	train	cliff	7.59998	25.12	-1.40002
CHEMBL234_Ki-2971	Cc1ncoc1-c1nnc(SCCCCN2CCOC(c3ccc(C(F)(F)F)cc3)C2)n1C	Dopamine D3 receptor	D3R	Ki	GPCR	test	cliff	7.68856	20.485	-1.31144
CHEMBL234_Ki-2972	Cn1c(SCCCN2CCOC(c3ccc(C(F)(F)F)cc3)C2)nnc1C1CCCCC1	Dopamine D3 receptor	D3R	Ki	GPCR	train	non-cliff	7.70006	19.95	-1.29994
CHEMBL234_Ki-2973	Cn1c(SCCCN2CCOC(c3ccc(C(F)(F)F)cc3)C2)nnc1-c1ccc(C(N)=O)nc1	Dopamine D3 receptor	D3R	Ki	GPCR	train	non-cliff	7.79997	15.85	-1.20003
CHEMBL234_Ki-2974	Cn1c(SCCCN2CCOC(c3ccc(C(F)(F)F)cc3)C2)nnc1-c1ccc(C(N)=O)cc1	Dopamine D3 receptor	D3R	Ki	GPCR	test	non-cliff	7.88174	13.13	-1.11826
CHEMBL234_Ki-2975	CC(=O)c1ccc(-c2nnc(SCCCN3CCOC(c4ccc(C(F)(F)F)cc4)C3)n2C)cc1	Dopamine D3 receptor	D3R	Ki	GPCR	test	non-cliff	7.70006	19.95	-1.29994
CHEMBL234_Ki-2976	Cn1c(SCCCN2CCOC(c3ccc(C(F)(F)F)cc3F)C2)nnc1-c1ccc(C(N)=O)cc1	Dopamine D3 receptor	D3R	Ki	GPCR	train	non-cliff	7.40001	39.81	-1.59999
CHEMBL234_Ki-2977	Cn1c(SCCCN2CCOC(c3ccc(C(F)(F)F)cc3)C2)nnc1-c1ccc(-c2ncco2)cc1	Dopamine D3 receptor	D3R	Ki	GPCR	train	non-cliff	8.18171	6.581	-0.818292
CHEMBL234_Ki-2978	Cn1c(SCCCN2CCOC(c3ccc(C(F)(F)F)cc3)C2)nnc1-c1ccc(-c2nnco2)cc1	Dopamine D3 receptor	D3R	Ki	GPCR	test	non-cliff	7.89997	12.59	-1.10003
CHEMBL234_Ki-2979	Cc1nc(-c2ccc(-c3nnc(SCCCN4CCOC(c5ccc(C(F)(F)F)cc5)C4)n3C)cc2)no1	Dopamine D3 receptor	D3R	Ki	GPCR	test	non-cliff	8	10	-1
CHEMBL234_Ki-2980	Cc1ccc(C2CN(CCCSc3nnc(-c4ccc(-c5noc(C)n5)cc4)n3C)CCO2)cc1	Dopamine D3 receptor	D3R	Ki	GPCR	train	non-cliff	7.79997	15.85	-1.20003
CHEMBL234_Ki-2981	Cc1ncoc1-c1nnc(SCCCN2CC3CCN(c4ccc(C(F)(F)F)cc4F)C3C2)n1C	Dopamine D3 receptor	D3R	Ki	GPCR	train	cliff	8.60858	2.46275	-0.39142
CHEMBL234_Ki-2982	Cc1ncoc1-c1nnc(SCCCN2CC3CCN(c4ccccc4)C3C2)n1C	Dopamine D3 receptor	D3R	Ki	GPCR	test	cliff	8.30485	4.95625	-0.695153
CHEMBL234_Ki-2983	Cc1ncoc1-c1nnc(SCCCN2CC3OCCN(c4ccc(C(F)(F)F)cc4)C3C2)n1C	Dopamine D3 receptor	D3R	Ki	GPCR	train	cliff	7.50004	31.62	-1.49996
CHEMBL234_Ki-2984	Cc1ncoc1-c1nnc(SCCCN2CC3CCCN(c4ccc(C(F)(F)F)cc4)C3C2)n1C	Dopamine D3 receptor	D3R	Ki	GPCR	train	non-cliff	7.89997	12.59	-1.10003
CHEMBL234_Ki-2985	Cc1ncoc1-c1nnc(SCCCN2CC3CN(c4ccc(C(F)(F)F)cc4)C3C2)n1C	Dopamine D3 receptor	D3R	Ki	GPCR	train	cliff	7.40001	39.81	-1.59999
CHEMBL234_Ki-2986	Cn1c(SCCCN2CC3CCN(c4ccc(F)cc4)C3C2)nnc1C1CCCCC1	Dopamine D3 receptor	D3R	Ki	GPCR	test	cliff	8.3441	4.52793	-0.6559
CHEMBL234_Ki-2987	Cn1c(SCCCN2CC3CCN(c4ccc(C(F)(F)F)cc4)C3C2)nnc1C1CCCC1	Dopamine D3 receptor	D3R	Ki	GPCR	train	cliff	9.33351	0.463967	0.333513
CHEMBL234_Ki-2988	Cn1c(SCCCN2CC3CCN(c4ccc(F)cc4)C3C2)nnc1C1CCOCC1	Dopamine D3 receptor	D3R	Ki	GPCR	train	cliff	9.40001	0.3981	0.400008
CHEMBL234_Ki-2989	Cn1c(SCCCN2CC3CCN(c4ccccc4)C3C2)nnc1C1CCOCC1	Dopamine D3 receptor	D3R	Ki	GPCR	train	cliff	7.83347	14.6733	-1.16653
CHEMBL234_Ki-2990	Cn1c(SCCCN2CC3CCN(c4ccc(C(F)(F)F)cc4)C3C2)nnc1N1CCOCC1	Dopamine D3 receptor	D3R	Ki	GPCR	train	cliff	8.51627	3.046	-0.48373
CHEMBL234_Ki-2991	Cn1c(SCCCN2CC3CCN(c4c(F)cc(F)cc4F)C3C2)nnc1-c1ccn(C)c(=O)c1	Dopamine D3 receptor	D3R	Ki	GPCR	train	non-cliff	8.22461	5.962	-0.775392
CHEMBL234_Ki-2992	Cn1c(SCCCN2CC3CCN(c4ccc(F)cc4)C3C2)nnc1-c1ccn(C)c(=O)c1	Dopamine D3 receptor	D3R	Ki	GPCR	train	non-cliff	8.10002	7.943	-0.899985
CHEMBL234_Ki-2993	Cn1c(SCCCN2CC3CCN(c4ccc(F)cc4)C3C2)nnc1-c1cc[nH]c(=O)c1	Dopamine D3 receptor	D3R	Ki	GPCR	train	non-cliff	8	10	-1
CHEMBL234_Ki-2994	Cn1c(SCCCN2CC3CCN(c4ccc(C(F)(F)F)cc4)C3C2)nnc1-c1ccc(=O)n(C)c1	Dopamine D3 receptor	D3R	Ki	GPCR	train	non-cliff	8.19997	6.31	-0.800029
CHEMBL234_Ki-2995	Cn1c(SCCCN2CC3CCN(c4ccc(C(F)(F)F)cc4)C3C2)nnc1-c1ccc(=O)[nH]c1	Dopamine D3 receptor	D3R	Ki	GPCR	train	non-cliff	8.40001	3.981	-0.599992
CHEMBL234_Ki-2996	Cn1c(SCCCN2CC3CCN(c4ccc(C(F)(F)F)cc4)C3C2)nnc1-c1cc[nH]c(=O)c1	Dopamine D3 receptor	D3R	Ki	GPCR	train	non-cliff	8.10002	7.943	-0.899985
CHEMBL234_Ki-2997	Cn1c(SCCCN2CC3CCN(c4ccccc4C(F)(F)F)C3C2)nnc1-c1ccccn1	Dopamine D3 receptor	D3R	Ki	GPCR	test	non-cliff	8.29999	5.012	-0.700011
CHEMBL234_Ki-2998	Cn1c(SCCCN2CC3CCN(c4ccccc4C(F)(F)F)C3C2)nnc1-c1ccncc1	Dopamine D3 receptor	D3R	Ki	GPCR	train	non-cliff	8.29999	5.012	-0.700011
CHEMBL234_Ki-2999	Cn1c(SCCCN2CC3CCN(c4ccc(C(F)(F)F)cc4)C3C2)nnc1-c1ccccn1	Dopamine D3 receptor	D3R	Ki	GPCR	train	cliff	8.79997	1.585	-0.200029
CHEMBL234_Ki-3000	Cn1c(SCCCN2CC3CCN(c4ccc(C(F)(F)F)cc4)C3C2)nnc1-c1ccncc1	Dopamine D3 receptor	D3R	Ki	GPCR	train	cliff	8.70006	1.995	-0.299943
CHEMBL234_Ki-3001	Cn1c(SCCCN2CC3CCN(c4ccc(C(F)(F)F)cc4)C3C2)nnc1-c1cccnc1	Dopamine D3 receptor	D3R	Ki	GPCR	test	cliff	8.50004	3.162	-0.499962
CHEMBL234_Ki-3002	Cc1cc(-c2nnc(SCCCN3CC4CCN(c5ccc(C(F)(F)F)cc5)C4C3)n2C)on1	Dopamine D3 receptor	D3R	Ki	GPCR	train	non-cliff	8.59998	2.512	-0.40002
CHEMBL234_Ki-3003	Cn1c(SCCCN2CC3CCN(c4ccc(C(F)(F)F)cc4)C3C2)nnc1-c1nccs1	Dopamine D3 receptor	D3R	Ki	GPCR	test	cliff	8.70006	1.995	-0.299943
CHEMBL234_Ki-3004	Cn1cc(-c2nnc(SCCCN3CC4CCN(c5ccc(C(F)(F)F)cc5)C4C3)n2C)cn1	Dopamine D3 receptor	D3R	Ki	GPCR	train	non-cliff	8.50004	3.162	-0.499962
CHEMBL234_Ki-3005	Cn1c(SCCCN2CC3CCN(c4ccc(C(F)(F)F)cc4)C3C2)nnc1-c1cccnn1	Dopamine D3 receptor	D3R	Ki	GPCR	test	cliff	7.29999	50.12	-1.70001
CHEMBL234_Ki-3006	Cn1c(SCCCN2CC3CCN(c4ccc(C(F)(F)F)cc4)C3C2)nnc1-c1ccnnc1	Dopamine D3 receptor	D3R	Ki	GPCR	test	cliff	7.89997	12.59	-1.10003
CHEMBL234_Ki-3007	Cn1c(SCCCN2CC3CCN(c4ccc(C(F)(F)F)cc4)C3C2)nnc1-c1ccncn1	Dopamine D3 receptor	D3R	Ki	GPCR	train	cliff	8.89997	1.259	-0.100026
CHEMBL234_Ki-3008	Cn1c(SCCCN2CC3CCN(c4ccc(C(F)(F)F)cc4)C3C2)nnc1-c1cncnc1	Dopamine D3 receptor	D3R	Ki	GPCR	train	cliff	7.29999	50.12	-1.70001
CHEMBL234_Ki-3009	Cn1c(SCCCN2CC3CCN(c4c(F)cc(F)cc4F)C3C2)nnc1-c1cnccn1	Dopamine D3 receptor	D3R	Ki	GPCR	train	non-cliff	9	1	-0
CHEMBL234_Ki-3010	Cn1c(SCCCN2CC3CCN(c4c(F)cccc4F)C3C2)nnc1-c1cnccn1	Dopamine D3 receptor	D3R	Ki	GPCR	test	non-cliff	8.59998	2.512	-0.40002
CHEMBL234_Ki-3011	Cn1c(SCCCN2CC3CCN(c4c(F)cccc4C(F)(F)F)C3C2)nnc1-c1cnccn1	Dopamine D3 receptor	D3R	Ki	GPCR	train	non-cliff	8.40001	3.981	-0.599992
CHEMBL234_Ki-3012	Cn1c(SCCCN2CC3CCN(c4ccc(F)cc4C(F)(F)F)C3C2)nnc1-c1cnccn1	Dopamine D3 receptor	D3R	Ki	GPCR	test	cliff	7.59998	25.12	-1.40002
CHEMBL234_Ki-3013	COc1cc(N2CCC3CN(CCCSc4nnc(-c5cnccn5)n4C)CC32)ccc1F	Dopamine D3 receptor	D3R	Ki	GPCR	train	non-cliff	8.50004	3.162	-0.499962
CHEMBL234_Ki-3014	Cn1c(SCCCN2CC3CCN(c4ccc(F)cc4F)C3C2)nnc1-c1cnccn1	Dopamine D3 receptor	D3R	Ki	GPCR	train	cliff	8	10	-1
CHEMBL234_Ki-3015	Cn1c(SCCCN2CC3CCN(c4ccccc4C#N)C3C2)nnc1-c1cnccn1	Dopamine D3 receptor	D3R	Ki	GPCR	train	non-cliff	8.19997	6.31	-0.800029
CHEMBL234_Ki-3016	Cn1c(SCCCN2CC3CCN(c4cccc(C#N)c4)C3C2)nnc1-c1cnccn1	Dopamine D3 receptor	D3R	Ki	GPCR	train	cliff	8.70006	1.995	-0.299943
CHEMBL234_Ki-3017	Cn1c(SCCCN2CC3CCN(c4ccc(C#N)cc4)C3C2)nnc1-c1cnccn1	Dopamine D3 receptor	D3R	Ki	GPCR	test	cliff	6.90001	125.89	-2.09999
CHEMBL234_Ki-3018	Cn1c(SCCCN2CC3CCN(c4ccccc4OC(F)(F)F)C3C2)nnc1-c1cnccn1	Dopamine D3 receptor	D3R	Ki	GPCR	train	cliff	9.10002	0.7943	0.100015
CHEMBL234_Ki-3019	Cn1c(SCCCN2CC3CCN(c4cccc(OC(F)(F)F)c4)C3C2)nnc1-c1cnccn1	Dopamine D3 receptor	D3R	Ki	GPCR	train	cliff	9.50004	0.3162	0.500038
CHEMBL234_Ki-3020	Cn1c(SCCCN2CC3CCN(c4ccc(OC(F)(F)F)cc4)C3C2)nnc1-c1cnccn1	Dopamine D3 receptor	D3R	Ki	GPCR	train	cliff	7.89997	12.59	-1.10003
CHEMBL234_Ki-3021	COc1ccccc1N1CCC2CN(CCCSc3nnc(-c4cnccn4)n3C)CC21	Dopamine D3 receptor	D3R	Ki	GPCR	train	non-cliff	7.79997	15.85	-1.20003
CHEMBL234_Ki-3022	COc1cccc(N2CCC3CN(CCCSc4nnc(-c5cnccn5)n4C)CC32)c1	Dopamine D3 receptor	D3R	Ki	GPCR	train	non-cliff	8.10002	7.943	-0.899985
CHEMBL234_Ki-3023	COc1ccc(N2CCC3CN(CCCSc4nnc(-c5cnccn5)n4C)CC32)cc1	Dopamine D3 receptor	D3R	Ki	GPCR	train	non-cliff	7.50004	31.62	-1.49996
CHEMBL234_Ki-3024	Cc1ccccc1N1CCC2CN(CCCSc3nnc(-c4cnccn4)n3C)CC21	Dopamine D3 receptor	D3R	Ki	GPCR	train	non-cliff	6.90001	125.89	-2.09999
CHEMBL234_Ki-3025	Cc1cccc(N2CCC3CN(CCCSc4nnc(-c5cnccn5)n4C)CC32)c1	Dopamine D3 receptor	D3R	Ki	GPCR	test	non-cliff	8.40001	3.981	-0.599992
CHEMBL234_Ki-3026	Cc1ccc(N2CCC3CN(CCCSc4nnc(-c5cnccn5)n4C)CC32)cc1	Dopamine D3 receptor	D3R	Ki	GPCR	train	cliff	8.10002	7.943	-0.899985
CHEMBL234_Ki-3027	Cn1c(SCCCN2CC3CCN(c4ccccc4F)C3C2)nnc1-c1cnccn1	Dopamine D3 receptor	D3R	Ki	GPCR	test	non-cliff	7.89997	12.59	-1.10003
CHEMBL234_Ki-3028	Cn1c(SCCCN2CC3CCN(c4cccc(F)c4)C3C2)nnc1-c1cnccn1	Dopamine D3 receptor	D3R	Ki	GPCR	train	cliff	8.29999	5.012	-0.700011
CHEMBL234_Ki-3029	Cn1c(SCCCN2CC3CCN(c4ccc(F)cc4)C3C2)nnc1-c1cnccn1	Dopamine D3 receptor	D3R	Ki	GPCR	train	cliff	8.70006	1.995	-0.299943
CHEMBL234_Ki-3030	Cn1c(SCCCN2CC3CCN(c4ccccc4C(F)(F)F)C3C2)nnc1-c1cnccn1	Dopamine D3 receptor	D3R	Ki	GPCR	train	cliff	8.54714	2.837	-0.452859
CHEMBL234_Ki-3031	Cn1c(SCCCN2CC3CCN(c4cccc(C(F)(F)F)c4)C3C2)nnc1-c1cnccn1	Dopamine D3 receptor	D3R	Ki	GPCR	train	cliff	9.70006	0.1995	0.700057
CHEMBL234_Ki-3032	Cn1c(SCCCN2CC3CCN(c4ccc(C(F)(F)F)cc4)C3C2)nnc1-c1cnccn1	Dopamine D3 receptor	D3R	Ki	GPCR	train	cliff	8.59854	2.52033	-0.401458
CHEMBL234_Ki-3033	Cc1ncoc1-c1nnc(SCCCN2CC3CCN(c4ccccc4OC(F)(F)F)C3C2)n1C	Dopamine D3 receptor	D3R	Ki	GPCR	train	non-cliff	9	1	-0
CHEMBL234_Ki-3034	Cc1ncoc1-c1nnc(SCCCN2CC3CCN(c4c(F)cccc4F)C3C2)n1C	Dopamine D3 receptor	D3R	Ki	GPCR	train	non-cliff	8.59998	2.512	-0.40002
CHEMBL234_Ki-3035	Cc1ncoc1-c1nnc(SCCCN2CC3CCN(c4ccc(Cl)cc4Cl)C3C2)n1C	Dopamine D3 receptor	D3R	Ki	GPCR	train	cliff	8.29999	5.012	-0.700011
CHEMBL234_Ki-3036	Cc1ncoc1-c1nnc(SCCCN2CC3CCN(c4cc(Cl)cc(Cl)c4)C3C2)n1C	Dopamine D3 receptor	D3R	Ki	GPCR	train	cliff	9.40001	0.3981	0.400008
CHEMBL234_Ki-3037	Cc1ncoc1-c1nnc(SCCCN2CC3CCN(c4cccc(C#N)c4)C3C2)n1C	Dopamine D3 receptor	D3R	Ki	GPCR	train	non-cliff	8.55523	2.78467	-0.444773
CHEMBL234_Ki-3038	Cc1ncoc1-c1nnc(SCCCN2CC3CCN(c4cccc(F)c4)C3C2)n1C	Dopamine D3 receptor	D3R	Ki	GPCR	train	non-cliff	8.50004	3.162	-0.499962
CHEMBL234_Ki-3039	Cc1ncoc1-c1nnc(SCCCN2CC3CCN(c4ccc(OC(F)(F)F)cc4)C3C2)n1C	Dopamine D3 receptor	D3R	Ki	GPCR	train	non-cliff	7.89997	12.59	-1.10003
CHEMBL234_Ki-3040	Cc1ncoc1-c1nnc(SCCCN2CC3CCN(c4ccc(F)cc4)C3C2)n1C	Dopamine D3 receptor	D3R	Ki	GPCR	test	non-cliff	8.55474	2.78777	-0.445256
CHEMBL234_Ki-3041	Cc1ncoc1-c1nnc(SCCCN2CC3CCN(c4ccc(C(F)(F)F)cc4)C3C2)n1C	Dopamine D3 receptor	D3R	Ki	GPCR	train	cliff	8.64833	2.24733	-0.351667
CHEMBL234_Ki-3042	CCN(CCc1ccc(O)c(OC)c1)Cc1cccc(O)c1OC	Dopamine D3 receptor	D3R	Ki	GPCR	train	non-cliff	5.74208	1811	-3.25792
CHEMBL234_Ki-3043	COc1cc(CCN(C)Cc2cccc(O)c2OC)ccc1O	Dopamine D3 receptor	D3R	Ki	GPCR	train	non-cliff	5.57187	2680	-3.42813
CHEMBL234_Ki-3044	COc1cc2c(cc1O)C(C)N(Cc1cccc(O)c1OC)CC2	Dopamine D3 receptor	D3R	Ki	GPCR	train	non-cliff	5.86423	1367	-3.13577
CHEMBL234_Ki-3045	COc1cc2c(cc1O)C1Cc3ccc(OCC4CC4)c(OC)c3CN1CC2	Dopamine D3 receptor	D3R	Ki	GPCR	test	non-cliff	7.26761	54	-1.73239
CHEMBL234_Ki-3046	COc1cc2c(cc1O)C1Cc3ccc(OCCCO)c(OC)c3CN1CC2	Dopamine D3 receptor	D3R	Ki	GPCR	train	non-cliff	6.95861	110	-2.04139
CHEMBL234_Ki-3047	CCCCCCOc1ccc2c(c1OC)CN1CCc3cc(OC)c(O)cc3C1C2	Dopamine D3 receptor	D3R	Ki	GPCR	test	non-cliff	6.65758	220	-2.34242
CHEMBL234_Ki-3048	CCCCCOc1ccc2c(c1OC)CN1CCc3cc(OC)c(O)cc3C1C2	Dopamine D3 receptor	D3R	Ki	GPCR	train	non-cliff	6.99568	101	-2.00432
CHEMBL234_Ki-3049	CCCCOc1ccc2c(c1OC)CN1CCc3cc(OC)c(O)cc3C1C2	Dopamine D3 receptor	D3R	Ki	GPCR	train	non-cliff	7.18709	65	-1.81291
CHEMBL234_Ki-3050	CCCOc1ccc2c(c1OC)CN1CCc3cc(OC)c(O)cc3C1C2	Dopamine D3 receptor	D3R	Ki	GPCR	train	non-cliff	7.27572	53	-1.72428
CHEMBL234_Ki-3051	CCOc1ccc2c(c1OC)CN1CCc3cc(OC)c(O)cc3C1C2	Dopamine D3 receptor	D3R	Ki	GPCR	train	non-cliff	7.35655	44	-1.64345
CHEMBL234_Ki-3052	CCCN(CCC)[C@@H]1Cc2cccc3c2n(c(=O)n3CCC)C1	Dopamine D3 receptor	D3R	Ki	GPCR	train	non-cliff	8.32606	4.72	-0.673942
CHEMBL234_Ki-3053	CCCN(CCC)[C@@H]1Cc2cccc3nc(O)n(c23)C1	Dopamine D3 receptor	D3R	Ki	GPCR	train	non-cliff	7.56703	27.1	-1.43297
CHEMBL234_Ki-3054	CN[C@@H]1Cc2cc(C#N)cc3[nH]c(=O)n(c23)C1	Dopamine D3 receptor	D3R	Ki	GPCR	train	non-cliff	4.56543	27200	-4.43457
CHEMBL234_Ki-3055	COc1cc(CCNCCc2ccc(O)c3[nH]c(=O)ccc23)ccc1OCCCc1ccccc1	Dopamine D3 receptor	D3R	Ki	GPCR	test	non-cliff	7.74473	18	-1.25527
CHEMBL234_Ki-3056	COc1cc(CCNCCc2ccc(O)c(O)c2)ccc1OCCCc1ccccc1	Dopamine D3 receptor	D3R	Ki	GPCR	test	non-cliff	7.92082	12	-1.07918
CHEMBL234_Ki-3057	COc1cc(CCNCCc2ccc(O)c3c2OCC(=O)N3)ccc1OCCCc1ccccc1	Dopamine D3 receptor	D3R	Ki	GPCR	train	non-cliff	8.45593	3.5	-0.544068
CHEMBL234_Ki-3058	COc1ccccc1OCCNCCc1ccc(O)c(O)c1	Dopamine D3 receptor	D3R	Ki	GPCR	train	non-cliff	7.60206	25	-1.39794
CHEMBL234_Ki-3059	CC(C)NCC(O)c1ccc(O)c(O)c1	Dopamine D3 receptor	D3R	Ki	GPCR	train	non-cliff	5.3279	4700	-3.6721
CHEMBL234_Ki-3060	O=C1c2ccccc2C(=O)N1CCCCN1CCc2ccccc2C1	Dopamine D3 receptor	D3R	Ki	GPCR	train	non-cliff	6.30444	496.095	-2.69556
CHEMBL234_Ki-3061	O=C1c2ccccc2C(=O)N1CCCCN1CCC2CCCCC2C1	Dopamine D3 receptor	D3R	Ki	GPCR	train	non-cliff	6.20033	630.48	-2.79967
CHEMBL234_Ki-3062	c1ccc2c(c1)CCN(CCCCc1c[nH]c3ccccc13)C2	Dopamine D3 receptor	D3R	Ki	GPCR	train	non-cliff	6.32941	468.37	-2.67059
CHEMBL234_Ki-3063	O=C(CCCN1CCc2ccccc2C1)c1ccc(F)cc1	Dopamine D3 receptor	D3R	Ki	GPCR	train	non-cliff	7.14267	72	-1.85733
CHEMBL234_Ki-3064	O=C(CCCN1CCc2ccccc2C1)c1ccccc1	Dopamine D3 receptor	D3R	Ki	GPCR	test	non-cliff	6.79159	161.59	-2.20841
CHEMBL234_Ki-3065	N#Cc1ccc(C(=O)CCCN2CCc3ccccc3C2)cc1	Dopamine D3 receptor	D3R	Ki	GPCR	train	non-cliff	6.47183	337.42	-2.52817
CHEMBL234_Ki-3066	NC(=O)c1ccc(C(=O)CCCN2CCc3ccccc3C2)cc1	Dopamine D3 receptor	D3R	Ki	GPCR	train	non-cliff	7.81276	15.39	-1.18724
CHEMBL234_Ki-3067	COc1ccc(C(=O)CCCN2CCc3ccccc3C2)cc1	Dopamine D3 receptor	D3R	Ki	GPCR	test	non-cliff	7.4201	38.01	-1.5799
CHEMBL234_Ki-3068	O=C(CCCN1CCc2ccccc2C1)c1ccc(O)cc1	Dopamine D3 receptor	D3R	Ki	GPCR	train	non-cliff	6.84233	143.77	-2.15767
CHEMBL234_Ki-3069	O=C(CCCN1CCc2ccccc2C1)c1ccc(Cl)cc1	Dopamine D3 receptor	D3R	Ki	GPCR	train	non-cliff	7.76981	16.99	-1.23019
CHEMBL234_Ki-3070	O=C1NCN(c2ccccc2)C12CCN(CCCCc1nc3cc(Cl)ccc3s1)CC2	Dopamine D3 receptor	D3R	Ki	GPCR	test	cliff	6.30095	500.095	-2.69905
CHEMBL234_Ki-3071	O=C(CCCCN1CCC2(CC1)C(=O)NCN2c1ccccc1)c1nc2ccccc2s1	Dopamine D3 receptor	D3R	Ki	GPCR	test	non-cliff	7.74739	17.89	-1.25261
CHEMBL234_Ki-3072	O=C1NCN(c2ccccc2)C12CCN(CCCCc1nc3ccccc3o1)CC2	Dopamine D3 receptor	D3R	Ki	GPCR	test	non-cliff	7.67892	20.945	-1.32108
CHEMBL234_Ki-3073	O=C1NCN(c2ccccc2)C12CCN(CCCCc1c[nH]c3ccccc13)CC2	Dopamine D3 receptor	D3R	Ki	GPCR	train	non-cliff	7.50432	31.31	-1.49568
CHEMBL234_Ki-3074	O=c1[nH]c2cc(Cl)ccc2n1C1CCN(CCCCc2nc3ccccc3s2)CC1	Dopamine D3 receptor	D3R	Ki	GPCR	train	non-cliff	6.78891	162.59	-2.21109
CHEMBL234_Ki-3075	O=C(CCCCN1CCC(n2c(=O)[nH]c3cc(Cl)ccc32)CC1)c1nc2ccccc2s1	Dopamine D3 receptor	D3R	Ki	GPCR	train	non-cliff	7.19688	63.55	-1.80312
CHEMBL234_Ki-3076	O=c1[nH]c2cc(Cl)ccc2n1C1CCN(CCCCc2nc3ccccc3o2)CC1	Dopamine D3 receptor	D3R	Ki	GPCR	train	non-cliff	6.96128	109.325	-2.03872
CHEMBL234_Ki-3077	O=c1[nH]c2cc(Cl)ccc2n1C1CCN(CCCCc2c[nH]c3ccccc23)CC1	Dopamine D3 receptor	D3R	Ki	GPCR	train	non-cliff	7.28769	51.56	-1.71231
CHEMBL234_Ki-3078	Fc1ccc(C(c2ccc(F)cc2)N2CCN(CCCCc3nc4ccccc4s3)CC2)cc1	Dopamine D3 receptor	D3R	Ki	GPCR	train	non-cliff	7.49066	32.31	-1.50934
CHEMBL234_Ki-3079	O=C(CCCCN1CCN(C(c2ccc(F)cc2)c2ccc(F)cc2)CC1)c1nc2ccccc2s1	Dopamine D3 receptor	D3R	Ki	GPCR	test	cliff	6.61601	242.095	-2.38399
CHEMBL234_Ki-3080	OC1(c2ccc(Cl)cc2)CCN(CCCCc2nc3ccccc3s2)CC1	Dopamine D3 receptor	D3R	Ki	GPCR	train	non-cliff	6.53805	289.7	-2.46195
CHEMBL234_Ki-3081	OC1(c2ccc(Cl)cc2)CCN(CCCCc2nc3ccccc3o2)CC1	Dopamine D3 receptor	D3R	Ki	GPCR	train	non-cliff	6.02595	942	-2.97405
CHEMBL234_Ki-3082	O=C1NCN(c2ccccc2)C12CCN(CCCCc1nc3ccccc3s1)CC2	Dopamine D3 receptor	D3R	Ki	GPCR	train	cliff	7.49241	32.18	-1.50759
CHEMBL234_Ki-3083	O=C(CCCN1CCC(n2c(O)nc3ccccc32)CC1)c1ccc(F)cc1	Dopamine D3 receptor	D3R	Ki	GPCR	test	non-cliff	9.5376	0.29	0.537602
CHEMBL234_Ki-3084	Cc1nc(C(N)=O)ccc1-c1nnc(SCCCN2CC[C@]3(C[C@@H]3c3ccc(C(F)(F)F)cc3)C2)n1C	Dopamine D3 receptor	D3R	Ki	GPCR	train	cliff	9.01433	0.96755	0.0143266
CHEMBL234_Ki-3085	Cc1ncoc1-c1nnc(SCCN2CC[C@@]3(C[C@@H]3c3ccc(C(F)(F)F)cc3)C2)n1C	Dopamine D3 receptor	D3R	Ki	GPCR	train	cliff	7.64995	22.39	-1.35005
CHEMBL234_Ki-3086	Cc1ncoc1-c1nnc(SCC(O)CN2CC[C@@]3(C[C@H]3c3ccc(C(F)(F)F)cc3)C2)n1C	Dopamine D3 receptor	D3R	Ki	GPCR	train	non-cliff	7.70006	19.95	-1.29994
CHEMBL234_Ki-3087	Cn1c(SCCCN2CC[C@]3(C[C@@H]3c3ccc(C(F)(F)F)cc3)C2)nnc1-c1cccs1	Dopamine D3 receptor	D3R	Ki	GPCR	train	non-cliff	9.24428	0.5698	0.244278
CHEMBL234_Ki-3088	Cn1c(SCCCN2CC[C@]3(C[C@@H]3c3ccc(C(F)(F)F)cc3)C2)nnc1-c1ccsc1	Dopamine D3 receptor	D3R	Ki	GPCR	train	non-cliff	9.24003	0.5754	0.24003
CHEMBL234_Ki-3089	Cn1c(SCCCN2CC[C@]3(C[C@@H]3c3ccc(C(F)(F)F)cc3)C2)nnc1-c1ccco1	Dopamine D3 receptor	D3R	Ki	GPCR	test	cliff	8.86012	1.38	-0.139879
CHEMBL234_Ki-3090	Cn1c(SCCCN2CC[C@]3(C[C@@H]3c3ccc(C(F)(F)F)cc3)C2)nnc1-c1ccoc1	Dopamine D3 receptor	D3R	Ki	GPCR	train	cliff	8.77989	1.66	-0.220108
CHEMBL234_Ki-3091	Cn1cc(-c2nnc(SCCCN3CC[C@]4(C[C@@H]4c4ccc(C(F)(F)F)cc4)C3)n2C)cn1	Dopamine D3 receptor	D3R	Ki	GPCR	train	non-cliff	8.61997	2.399	-0.38003
CHEMBL234_Ki-3092	Cn1nccc1-c1nnc(SCCCN2CC[C@]3(C[C@@H]3c3ccc(C(F)(F)F)cc3)C2)n1C	Dopamine D3 receptor	D3R	Ki	GPCR	train	cliff	8.75995	1.738	-0.24005
CHEMBL234_Ki-3093	Cc1cc(-c2nnc(SCCCN3CC[C@]4(C[C@@H]4c4ccc(C(F)(F)F)cc4)C3)n2C)on1	Dopamine D3 receptor	D3R	Ki	GPCR	train	non-cliff	8.56992	2.692	-0.430075
CHEMBL234_Ki-3094	Cn1c(SCCCN2CC[C@]3(C[C@@H]3c3ccc(C(F)(F)F)cc3)C2)nnc1-c1ccc(C(N)=O)cc1	Dopamine D3 receptor	D3R	Ki	GPCR	test	cliff	9.56265	0.27375	0.562646
CHEMBL234_Ki-3095	Cn1c(SCCCN2CC[C@]3(C[C@@H]3c3ccc(C(F)(F)F)cc3)C2)nnc1-c1cccc(C(N)=O)c1	Dopamine D3 receptor	D3R	Ki	GPCR	train	cliff	9.28819	0.515	0.288193
CHEMBL234_Ki-3096	Cn1c(SCCCN2CC[C@]3(C[C@@H]3c3ccc(C(F)(F)F)cc3)C2)nnc1-c1ccccc1C(N)=O	Dopamine D3 receptor	D3R	Ki	GPCR	train	cliff	7.81987	15.14	-1.18013
CHEMBL234_Ki-3097	Cn1c(SCCCN2CC[C@]3(C[C@@H]3c3ccc(C(F)(F)F)cc3)C2)nnc1-c1ccc(S(N)(=O)=O)cc1	Dopamine D3 receptor	D3R	Ki	GPCR	train	cliff	9.50004	0.3162	0.500038
CHEMBL234_Ki-3098	CC(=O)c1ccc(-c2nnc(SCCCN3CC[C@]4(C[C@@H]4c4ccc(C(F)(F)F)cc4)C3)n2C)cc1	Dopamine D3 receptor	D3R	Ki	GPCR	train	cliff	9.68006	0.2089	0.680062
CHEMBL234_Ki-3099	Cn1c(SCCCN2CC[C@]3(C[C@@H]3c3ccc(C(F)(F)F)cc3)C2)nnc1-c1ccc(C#N)cc1	Dopamine D3 receptor	D3R	Ki	GPCR	train	non-cliff	9.58004	0.263	0.580044
CHEMBL234_Ki-3100	Cn1c(SCCCN2CC[C@]3(C[C@@H]3c3ccc(C(F)(F)F)cc3)C2)nnc1-c1ccc(CC(N)=O)cc1	Dopamine D3 receptor	D3R	Ki	GPCR	test	cliff	9.07002	0.8511	0.0700194
CHEMBL234_Ki-3101	Cn1c(SCCCN2CC[C@]3(C[C@@H]3c3ccc(C(F)(F)F)cc3)C2)nnc1-c1ccc(-c2ncco2)cc1	Dopamine D3 receptor	D3R	Ki	GPCR	test	cliff	10.1624	0.068805	1.16238
CHEMBL234_Ki-3102	Cn1c(SCCCN2CC[C@]3(C[C@@H]3c3ccc(C(F)(F)F)cc3)C2)nnc1-c1cccc(-c2ncco2)c1	Dopamine D3 receptor	D3R	Ki	GPCR	test	non-cliff	9.56455	0.27255	0.564554
CHEMBL234_Ki-3103	Cn1c(SCCCN2CC[C@]3(C[C@@H]3c3ccc(C(F)(F)F)cc3F)C2)nnc1-c1cccnc1	Dopamine D3 receptor	D3R	Ki	GPCR	train	non-cliff	8.92537	1.1875	-0.0746336
CHEMBL234_Ki-3104	Cn1c(SCCCN2CC[C@]3(C[C@@H]3c3ccccc3)C2)nnc1-c1cccnc1	Dopamine D3 receptor	D3R	Ki	GPCR	train	cliff	7.53003	29.51	-1.46997
CHEMBL234_Ki-3105	Cn1c(SCCCN2CC[C@]3(C[C@@H]3c3ccc(F)cc3F)C2)nnc1-c1cccnc1	Dopamine D3 receptor	D3R	Ki	GPCR	train	cliff	8.85902	1.3835	-0.140979
CHEMBL234_Ki-3106	Cn1c(SCCCN2CC[C@]3(C[C@@H]3c3ccc(F)cc3)C2)nnc1-c1cccnc1	Dopamine D3 receptor	D3R	Ki	GPCR	train	cliff	8.70006	1.995	-0.299943
CHEMBL234_Ki-3107	Cc1ncccc1-c1nnc(SCCCN2CC[C@]3(C[C@@H]3c3ccc(C(F)(F)F)cc3)C2)n1C	Dopamine D3 receptor	D3R	Ki	GPCR	train	non-cliff	8.48004	3.311	-0.519959
CHEMBL234_Ki-3108	Cn1c(SCCCN2CC[C@]3(C[C@@H]3c3ccc(C(F)(F)F)cc3)C2)nnc1-c1cccnc1C(F)(F)F	Dopamine D3 receptor	D3R	Ki	GPCR	test	cliff	8.15003	7.079	-0.849972
CHEMBL234_Ki-3109	COc1ncccc1-c1nnc(SCCCN2CC[C@]3(C[C@@H]3c3ccc(C(F)(F)F)cc3)C2)n1C	Dopamine D3 receptor	D3R	Ki	GPCR	train	non-cliff	8.59007	2.57	-0.409933
CHEMBL234_Ki-3110	Cn1c(SCCCN2CC[C@]3(C[C@@H]3c3ccc(C(F)(F)F)cc3)C2)nnc1-c1ccc(C#N)nc1	Dopamine D3 receptor	D3R	Ki	GPCR	train	non-cliff	8.84013	1.445	-0.159868
CHEMBL234_Ki-3111	Cn1c(SCCCN2CC[C@]3(C[C@@H]3c3ccc(C(F)(F)F)cc3)C2)nnc1-c1ccc(C(N)=O)nc1	Dopamine D3 receptor	D3R	Ki	GPCR	train	cliff	9.36472	0.4318	0.364717
CHEMBL234_Ki-3112	Cc1ccc(-c2nnc(SCCCN3CC[C@]4(C[C@@H]4c4ccc(C(F)(F)F)cc4)C3)n2C)c(C)n1	Dopamine D3 receptor	D3R	Ki	GPCR	train	non-cliff	8.48004	3.311	-0.519959
CHEMBL234_Ki-3113	Cc1nc(C(=O)O)ccc1-c1nnc(SCCCN2CC[C@]3(C[C@@H]3c3ccc(C(F)(F)F)cc3)C2)n1C	Dopamine D3 receptor	D3R	Ki	GPCR	train	cliff	7.43997	36.31	-1.56003
CHEMBL234_Ki-3114	Cn1c(SCCCN2CC[C@]3(C[C@@H]3c3ccc(C(F)(F)F)cc3)C2)nnc1-c1ccn(C)c(=O)c1	Dopamine D3 receptor	D3R	Ki	GPCR	test	cliff	8.30268	4.981	-0.697317
CHEMBL234_Ki-3115	Cn1c(SCCCN2CC[C@]3(C[C@@H]3c3ccc(C(F)(F)F)cc3)C2)nnc1C1CCN(C(N)=O)CC1	Dopamine D3 receptor	D3R	Ki	GPCR	train	cliff	8.29917	5.0215	-0.700833
CHEMBL234_Ki-3116	Cn1c(SCCCN2CC[C@]3(C[C@@H]3c3ccc(C(F)(F)F)cc3)C2)nnc1C1CCOCC1	Dopamine D3 receptor	D3R	Ki	GPCR	train	cliff	8.80424	1.5695	-0.195761
CHEMBL234_Ki-3117	Cn1c(SCCCN2CC[C@]3(C[C@@H]3c3ccc(C(F)(F)F)cc3)C2)nnc1C1CC2CCC(C1)O2	Dopamine D3 receptor	D3R	Ki	GPCR	test	non-cliff	8.57471	2.6625	-0.42529
CHEMBL234_Ki-3118	Cn1c(SCCCN2CC[C@]3(C[C@@H]3c3ccc(C(F)(F)F)cc3)C2)nnc1C1CCCCC1	Dopamine D3 receptor	D3R	Ki	GPCR	train	cliff	9.50155	0.3151	0.501552
CHEMBL234_Ki-3119	Cn1c(SCCCN2CC[C@]3(C[C@@H]3c3ccc(C(F)(F)F)cc3)C2)nnc1C1=CCC(=O)N=C1	Dopamine D3 receptor	D3R	Ki	GPCR	test	cliff	8.42969	3.718	-0.570309
CHEMBL234_Ki-3120	Cn1c(SCCCN2CC[C@]3(C[C@@H]3c3ccc(C(F)(F)F)cc3)C2)nnc1C1=CC=NC(=O)C1	Dopamine D3 receptor	D3R	Ki	GPCR	train	non-cliff	8.33999	4.571	-0.660011
CHEMBL234_Ki-3121	CC(=O)NC1CCC(c2nnc(SCCCN3CC[C@]4(C[C@@H]4c4ccc(C(F)(F)F)cc4)C3)n2C)CC1	Dopamine D3 receptor	D3R	Ki	GPCR	train	non-cliff	8.56004	2.754	-0.439964
CHEMBL234_Ki-3122	Cn1c(SCCCN2CC[C@]3(C[C@@H]3c3ccc(C(F)(F)F)cc3)C2)nnc1-c1ccc(=O)n(C)c1	Dopamine D3 receptor	D3R	Ki	GPCR	train	non-cliff	8.75995	1.738	-0.24005
CHEMBL234_Ki-3123	Cn1c(SCCCN2CC[C@]3(C[C@@H]3c3ccc(C(F)(F)F)cc3)C2)nnc1C1CCNC(=O)C1	Dopamine D3 receptor	D3R	Ki	GPCR	train	cliff	8.02896	9.355	-0.971044
CHEMBL234_Ki-3124	CN1CCC(c2nnc(SCCCN3CC[C@]4(C[C@@H]4c4ccc(C(F)(F)F)cc4)C3)n2C)CC1=O	Dopamine D3 receptor	D3R	Ki	GPCR	test	non-cliff	7.969	10.74	-1.031
CHEMBL234_Ki-3125	C1=C(CCN2CCc3ccccc3C2)Cc2ccccc21	Dopamine D3 receptor	D3R	Ki	GPCR	test	non-cliff	7.05274	88.565	-1.94726
CHEMBL234_Ki-3126	C1=C(CCN2CCc3ccccc3C2)CCc2ccccc21	Dopamine D3 receptor	D3R	Ki	GPCR	test	non-cliff	6.73258	185.105	-2.26742
CHEMBL234_Ki-3127	O=C1Cc2cc(C(=O)CCCN3CCc4ccccc4C3)ccc2N1	Dopamine D3 receptor	D3R	Ki	GPCR	train	non-cliff	7.18023	66.035	-1.81977
CHEMBL234_Ki-3128	O=C1c2ccc(F)cc2CC1CCN1CCc2ccccc2C1	Dopamine D3 receptor	D3R	Ki	GPCR	train	non-cliff	6.65085	223.435	-2.34915
CHEMBL234_Ki-3129	CCCCN1C2CCC1CC(OC(c1ccc(F)cc1)c1ccc(F)cc1)C2	Dopamine D3 receptor	D3R	Ki	GPCR	train	non-cliff	7.46344	34.4	-1.53656
CHEMBL234_Ki-3130	Fc1ccc(C(SCCNCCCc2ccccc2)c2ccc(F)cc2)cc1	Dopamine D3 receptor	D3R	Ki	GPCR	train	non-cliff	7.18111	65.9	-1.81889
CHEMBL234_Ki-3131	CC(O)CN1CCN(CCSC(c2ccc(F)cc2)c2ccc(F)cc2)CC1	Dopamine D3 receptor	D3R	Ki	GPCR	train	non-cliff	6.37263	424	-2.62737
CHEMBL234_Ki-3132	CC(O)CN1CCN(CC[S+](O)C(c2ccc(F)cc2)c2ccc(F)cc2)CC1	Dopamine D3 receptor	D3R	Ki	GPCR	train	non-cliff	6.31876	480	-2.68124
CHEMBL234_Ki-3133	OC(Cc1ccccc1)CN1CCN(CC[S+](O)C(c2ccc(F)cc2)c2ccc(F)cc2)CC1	Dopamine D3 receptor	D3R	Ki	GPCR	train	non-cliff	6.18575	652	-2.81425
CHEMBL234_Ki-3134	NC(=O)C[S@+](O)C(c1ccccc1)c1ccccc1	Dopamine D3 receptor	D3R	Ki	GPCR	train	non-cliff	4.40894	39000	-4.59106
CHEMBL234_Ki-3135	CNCC1Cc2ccc3c(ccn3S(=O)(=O)c3cccc4ccccc34)c21	Dopamine D3 receptor	D3R	Ki	GPCR	train	non-cliff	6.6	251.19	-2.4
CHEMBL234_Ki-3136	CNCC1Cc2ccc3c(ccn3S(=O)(=O)c3ccccc3)c21	Dopamine D3 receptor	D3R	Ki	GPCR	test	non-cliff	5.9	1258.93	-3.1
CHEMBL234_Ki-3137	CC(=O)Nc1ccc(CCN(C)CC2Cc3ccc4c(ccn4S(=O)(=O)c4ccccc4)c32)cc1	Dopamine D3 receptor	D3R	Ki	GPCR	train	non-cliff	6.3	501.19	-2.7
CHEMBL234_Ki-3138	CN[C@H]1c2c(ccc3c2ccn3S(=O)(=O)c2ccccc2)[C@@H]1CCO	Dopamine D3 receptor	D3R	Ki	GPCR	train	non-cliff	5.9	1258.93	-3.1
CHEMBL234_Ki-3139	CN[C@H]1c2ccc3c(ccn3S(=O)(=O)c3ccccc3)c2[C@@H]1CCO	Dopamine D3 receptor	D3R	Ki	GPCR	train	non-cliff	5.9	1258.93	-3.1
CHEMBL234_Ki-3140	O=S(=O)(c1ccccc1)n1ccc2c3c(ccc21)[C@H]1CCNCC[C@@H]31	Dopamine D3 receptor	D3R	Ki	GPCR	train	non-cliff	6	1000	-3
CHEMBL234_Ki-3141	CNCC1Cc2cc3ccn(S(=O)(=O)c4cccc5ccccc45)c3cc21	Dopamine D3 receptor	D3R	Ki	GPCR	train	non-cliff	6.1	794.33	-2.9
CHEMBL234_Ki-3142	O=S(=O)(c1ccccc1)n1ccc2cc3c(cc21)[C@H]1CCNCC[C@@H]31	Dopamine D3 receptor	D3R	Ki	GPCR	train	non-cliff	5.5	3162.28	-3.5
CHEMBL234_Ki-3143	Nc1ccc2c(N3CCN(CC[C@H]4CC[C@H](NC(=O)c5ccco5)CC4)CC3)nsc2c1	Dopamine D3 receptor	D3R	Ki	GPCR	train	non-cliff	8.95861	1.1	-0.0413927
CHEMBL234_Ki-3144	O=C(N[C@H]1CC[C@H](CCN2CCN(c3nsc4cc([N+](=O)[O-])ccc34)CC2)CC1)c1ccco1	Dopamine D3 receptor	D3R	Ki	GPCR	test	non-cliff	9.61979	0.24	0.619789
CHEMBL234_Ki-3145	O=C(NC[C@H]1CC[C@H](CN2CCN(c3nsc4cc(Cl)ccc34)CC2)CC1)c1ccco1	Dopamine D3 receptor	D3R	Ki	GPCR	train	cliff	10.2924	0.051	1.29243
CHEMBL234_Ki-3146	O=C(NC[C@H]1CC[C@H](CN2CCN(c3nsc4ccccc34)CC2)CC1)c1ccco1	Dopamine D3 receptor	D3R	Ki	GPCR	train	cliff	9	1	-0
CHEMBL234_Ki-3147	CCOC(=O)N1CCC(CCN2CCN(c3nsc4ccccc34)CC2)CC1	Dopamine D3 receptor	D3R	Ki	GPCR	test	non-cliff	8.06048	8.7	-0.939519
CHEMBL234_Ki-3148	O=C(c1ccco1)N1CCC(CCN2CCN(c3nsc4ccccc34)CC2)CC1	Dopamine D3 receptor	D3R	Ki	GPCR	test	non-cliff	8.13668	7.3	-0.863323
CHEMBL234_Ki-3149	O=C(N[C@H]1CC[C@H](CCN2CCN(c3nsc4ccccc34)CC2)CC1)c1cc2ccccc2[nH]1	Dopamine D3 receptor	D3R	Ki	GPCR	train	cliff	10.5376	0.029	1.5376
CHEMBL234_Ki-3150	O=S(=O)(N[C@H]1CC[C@H](CCN2CCN(c3nsc4ccccc34)CC2)CC1)c1cccnc1	Dopamine D3 receptor	D3R	Ki	GPCR	train	cliff	10.2366	0.058	1.23657
CHEMBL234_Ki-3151	CN([C@H]1CC[C@H](CCN2CCN(c3nsc4ccccc34)CC2)CC1)S(=O)(=O)c1cccs1	Dopamine D3 receptor	D3R	Ki	GPCR	train	non-cliff	10.3372	0.046	1.33724
CHEMBL234_Ki-3152	O=S(=O)(N[C@H]1CC[C@H](CCN2CCN(c3nsc4ccccc34)CC2)CC1)c1cccs1	Dopamine D3 receptor	D3R	Ki	GPCR	train	cliff	10.3665	0.043	1.36653
CHEMBL234_Ki-3153	O=C(N[C@H]1CC[C@H](CCN2CCN(c3nsc4ccccc34)CC2)CC1)c1cccnc1	Dopamine D3 receptor	D3R	Ki	GPCR	train	cliff	10.0458	0.09	1.04576
CHEMBL234_Ki-3154	O=C(N[C@H]1CC[C@H](CCN2CCN(c3nsc4ccccc34)CC2)CC1)c1ccc[nH]1	Dopamine D3 receptor	D3R	Ki	GPCR	train	cliff	9.50864	0.31	0.508638
CHEMBL234_Ki-3155	O=C(N[C@H]1CC[C@H](CCN2CCN(c3nsc4ccccc34)CC2)CC1)c1cccs1	Dopamine D3 receptor	D3R	Ki	GPCR	train	cliff	10.2518	0.056	1.25181
CHEMBL234_Ki-3156	Cc1ccc(S(=O)(=O)N[C@H]2CC[C@H](CCN3CCN(c4nsc5ccccc45)CC3)CC2)cc1	Dopamine D3 receptor	D3R	Ki	GPCR	train	cliff	10.2076	0.062	1.20761
CHEMBL234_Ki-3157	O=C(N[C@H]1CC[C@H](CCN2CCN(c3nsc4ccccc34)CC2)CC1)c1ccccc1	Dopamine D3 receptor	D3R	Ki	GPCR	train	cliff	10.3279	0.047	1.3279
CHEMBL234_Ki-3158	O=C(N[C@H]1CC[C@H](CCN2CCN(c3nsc4ccccc34)CC2)CC1)C1CC1	Dopamine D3 receptor	D3R	Ki	GPCR	test	cliff	9.67778	0.21	0.677781
CHEMBL234_Ki-3159	O=C(N[C@H]1CC[C@H](CCN2CCN(c3nsc4ccccc34)CC2)CC1)C1CCCCC1	Dopamine D3 receptor	D3R	Ki	GPCR	train	cliff	9.72125	0.19	0.721246
CHEMBL234_Ki-3160	CCCS(=O)(=O)N[C@H]1CC[C@H](CCN2CCN(c3nsc4ccccc34)CC2)CC1	Dopamine D3 receptor	D3R	Ki	GPCR	train	cliff	9.65758	0.22	0.657577
CHEMBL234_Ki-3161	CS(=O)(=O)N[C@H]1CC[C@H](CCN2CCN(c3nsc4ccccc34)CC2)CC1	Dopamine D3 receptor	D3R	Ki	GPCR	train	cliff	10.0223	0.095	1.02228
CHEMBL234_Ki-3162	O=C(N[C@H]1CC[C@H](CCN2CCN(c3nsc4ccccc34)CC2)CC1)C(F)(F)F	Dopamine D3 receptor	D3R	Ki	GPCR	train	cliff	9.56864	0.27	0.568636
CHEMBL234_Ki-3163	CCCC(=O)N[C@H]1CC[C@H](CCN2CCN(c3nsc4ccccc34)CC2)CC1	Dopamine D3 receptor	D3R	Ki	GPCR	test	cliff	9.85387	0.14	0.853872
CHEMBL234_Ki-3164	CCC(=O)N[C@H]1CC[C@H](CCN2CCN(c3nsc4ccccc34)CC2)CC1	Dopamine D3 receptor	D3R	Ki	GPCR	train	cliff	10.284	0.052	1.284
CHEMBL234_Ki-3165	CC(=O)N[C@H]1CC[C@H](CCN2CCN(c3nsc4ccccc34)CC2)CC1	Dopamine D3 receptor	D3R	Ki	GPCR	test	cliff	9.79588	0.16	0.79588
CHEMBL234_Ki-3166	COCC(=O)N[C@H]1CC[C@H](CCN2CCN(c3nsc4ccccc34)CC2)CC1	Dopamine D3 receptor	D3R	Ki	GPCR	test	cliff	9.50864	0.31	0.508638
CHEMBL234_Ki-3167	CN(C(=O)N[C@H]1CC[C@H](CCN2CCN(c3nsc4ccccc34)CC2)CC1)c1ccccc1	Dopamine D3 receptor	D3R	Ki	GPCR	train	cliff	8.92082	1.2	-0.0791812
CHEMBL234_Ki-3168	O=C(Nc1cccnc1)N[C@H]1CC[C@H](CCN2CCN(c3nsc4ccccc34)CC2)CC1	Dopamine D3 receptor	D3R	Ki	GPCR	train	cliff	10.2596	0.055	1.25964
CHEMBL234_Ki-3169	O=C(Nc1ccccc1)N[C@H]1CC[C@H](CCN2CCN(c3nsc4ccccc34)CC2)CC1	Dopamine D3 receptor	D3R	Ki	GPCR	train	cliff	10.3665	0.043	1.36653
CHEMBL234_Ki-3170	O=C(NCc1ccccc1)N[C@H]1CC[C@H](CCN2CCN(c3nsc4ccccc34)CC2)CC1	Dopamine D3 receptor	D3R	Ki	GPCR	test	non-cliff	9.74473	0.18	0.744727
CHEMBL234_Ki-3171	O=C(N[C@H]1CC[C@H](CCN2CCN(c3nsc4ccccc34)CC2)CC1)N1CCOCC1	Dopamine D3 receptor	D3R	Ki	GPCR	train	cliff	8.79588	1.6	-0.20412
CHEMBL234_Ki-3172	CCN(C)C(=O)N[C@H]1CC[C@H](CCN2CCN(c3nsc4ccccc34)CC2)CC1	Dopamine D3 receptor	D3R	Ki	GPCR	train	cliff	9.10791	0.78	0.107905
CHEMBL234_Ki-3173	CC(C)N(C(=O)N[C@H]1CC[C@H](CCN2CCN(c3nsc4ccccc34)CC2)CC1)C(C)C	Dopamine D3 receptor	D3R	Ki	GPCR	train	non-cliff	8.85387	1.4	-0.146128
CHEMBL234_Ki-3174	CN(C)C(=O)N[C@H]1CC[C@H](CCN2CCN(c3nsc4ccccc34)CC2)CC1	Dopamine D3 receptor	D3R	Ki	GPCR	test	cliff	9.39794	0.4	0.39794
CHEMBL234_Ki-3175	N[C@H]1CC[C@H](CCN2CCN(c3nsc4ccccc34)CC2)CC1	Dopamine D3 receptor	D3R	Ki	GPCR	train	non-cliff	8.01773	9.6	-0.982271
CHEMBL234_Ki-3176	CCOc1c(O)cc(Br)c2c1CN1CCc3cc(OC)c(O)cc3[C@@H]1C2	Dopamine D3 receptor	D3R	Ki	GPCR	train	non-cliff	6.42829	373	-2.57171
CHEMBL234_Ki-3177	CCCOc1c(O)cc(Br)c2c1CN1CCc3cc(OC)c(O)cc3[C@@H]1C2	Dopamine D3 receptor	D3R	Ki	GPCR	train	cliff	6.70997	195	-2.29003
CHEMBL234_Ki-3178	CCCCCOc1c(O)cc(Br)c2c1CN1CCc3cc(OC)c(O)cc3[C@@H]1C2	Dopamine D3 receptor	D3R	Ki	GPCR	test	cliff	5.44309	3605	-3.55691
CHEMBL234_Ki-3179	CCCCCCOc1c(O)cc(Br)c2c1CN1CCc3cc(OC)c(O)cc3[C@@H]1C2	Dopamine D3 receptor	D3R	Ki	GPCR	train	cliff	5.4988	3171	-3.5012
CHEMBL234_Ki-3180	CCC(C)Oc1c(O)cc(Br)c2c1CN1CCc3cc(OC)c(O)cc3[C@@H]1C2	Dopamine D3 receptor	D3R	Ki	GPCR	train	cliff	5.68403	2070	-3.31597
CHEMBL234_Ki-3181	COCCOc1c(O)cc(Br)c2c1CN1CCc3cc(OC)c(O)cc3[C@@H]1C2	Dopamine D3 receptor	D3R	Ki	GPCR	train	cliff	6.13906	726	-2.86094
CHEMBL234_Ki-3182	CCOc1c(O)ccc2c1CN1CCc3cc(OC)c(O)cc3[C@@H]1C2	Dopamine D3 receptor	D3R	Ki	GPCR	test	cliff	6.97469	106	-2.02531
CHEMBL234_Ki-3183	CCCOc1c(O)ccc2c1CN1CCc3cc(OC)c(O)cc3[C@@H]1C2	Dopamine D3 receptor	D3R	Ki	GPCR	train	cliff	6.75696	175	-2.24304
CHEMBL234_Ki-3184	CCCCOc1c(O)ccc2c1CN1CCc3cc(OC)c(O)cc3[C@@H]1C2	Dopamine D3 receptor	D3R	Ki	GPCR	train	cliff	6.88273	131	-2.11727
CHEMBL234_Ki-3185	CCCCCOc1c(O)ccc2c1CN1CCc3cc(OC)c(O)cc3[C@@H]1C2	Dopamine D3 receptor	D3R	Ki	GPCR	train	cliff	5.49309	3213	-3.50691
CHEMBL234_Ki-3186	CCCCCCOc1c(O)ccc2c1CN1CCc3cc(OC)c(O)cc3[C@@H]1C2	Dopamine D3 receptor	D3R	Ki	GPCR	train	cliff	6.70997	195	-2.29003
CHEMBL234_Ki-3187	CCC(C)Oc1c(O)ccc2c1CN1CCc3cc(OC)c(O)cc3[C@@H]1C2	Dopamine D3 receptor	D3R	Ki	GPCR	test	cliff	6.34679	450	-2.65321
CHEMBL234_Ki-3188	COCCOc1c(O)ccc2c1CN1CCc3cc(OC)c(O)cc3[C@@H]1C2	Dopamine D3 receptor	D3R	Ki	GPCR	train	cliff	7.50864	31	-1.49136
CHEMBL234_Ki-3189	O=C(NCCC(O)CN1CCN(c2cccc(Cl)c2Cl)CC1)c1cc2cc(F)ccc2o1	Dopamine D3 receptor	D3R	Ki	GPCR	train	non-cliff	8.79588	1.6	-0.20412
CHEMBL234_Ki-3190	COc1ccccc1N1CCN(CC(O)CCNC(=O)c2cc3cc(F)ccc3o2)CC1	Dopamine D3 receptor	D3R	Ki	GPCR	train	cliff	9.18709	0.65	0.187087
CHEMBL234_Ki-3191	COc1ccc2oc(C(=O)NCCC(O)CN3CCN(c4cccc(Cl)c4Cl)CC3)cc2c1	Dopamine D3 receptor	D3R	Ki	GPCR	train	non-cliff	8.88606	1.3	-0.113943
CHEMBL234_Ki-3192	COc1ccc2oc(C(=O)NCCC(O)CN3CCN(c4ccccc4OC)CC3)cc2c1	Dopamine D3 receptor	D3R	Ki	GPCR	train	cliff	9	1	-0
CHEMBL234_Ki-3193	CS(=O)(=O)c1ccc2c(c1)N(CCCN1CCC(C(N)=O)CC1)c1ccccc1S2	Dopamine D3 receptor	D3R	Ki	GPCR	train	non-cliff	9.21467	0.61	0.21467
CHEMBL234_Ki-3194	CC(=O)N[C@H]1CC[C@H](CCN2CCC(c3noc4cc(F)ccc34)CC2)CC1	Dopamine D3 receptor	D3R	Ki	GPCR	test	cliff	8.30417	4.964	-0.695832
CHEMBL234_Ki-3195	O=C(N[C@H]1CC[C@H](CCN2CCC(c3noc4cc(F)ccc34)CC2)CC1)C1CCOCC1	Dopamine D3 receptor	D3R	Ki	GPCR	train	cliff	8.01126	9.744	-0.988737
CHEMBL234_Ki-3196	COCCC(=O)N[C@H]1CC[C@H](CCN2CCC(c3noc4cc(F)ccc34)CC2)CC1	Dopamine D3 receptor	D3R	Ki	GPCR	train	non-cliff	8.3234	4.749	-0.676602
CHEMBL234_Ki-3197	O=C(N[C@H]1CC[C@H](CCN2CCC(c3noc4cc(F)ccc34)CC2)CC1)c1ccc(N2CCOCC2)cc1	Dopamine D3 receptor	D3R	Ki	GPCR	train	cliff	7.55037	28.16	-1.44963
CHEMBL234_Ki-3198	O=C(N[C@H]1CC[C@H](CCN2CCC(c3noc4cc(F)ccc34)CC2)CC1)c1ccc(N2CCOCC2)nc1	Dopamine D3 receptor	D3R	Ki	GPCR	train	non-cliff	8.09974	7.948	-0.900258
CHEMBL234_Ki-3199	O=C(N[C@H]1CC[C@H](CCN2CCC(c3noc4cc(F)ccc34)CC2)CC1)c1cnc(N2CCOCC2)cn1	Dopamine D3 receptor	D3R	Ki	GPCR	train	non-cliff	7.7113	19.44	-1.2887
CHEMBL234_Ki-3200	O=C(N[C@H]1CC[C@H](CCN2CCC(c3noc4cc(F)ccc34)CC2)CC1)c1ccc(N2CCOCC2)nn1	Dopamine D3 receptor	D3R	Ki	GPCR	train	non-cliff	7.59636	25.33	-1.40364
CHEMBL234_Ki-3201	O=C(N[C@H]1CC[C@H](CCN2CCC(c3noc4cc(F)ccc34)CC2)CC1)c1cnc(N2CCOCC2)nc1	Dopamine D3 receptor	D3R	Ki	GPCR	train	non-cliff	7.81417	15.34	-1.18583
CHEMBL234_Ki-3202	O=C(N[C@H]1CC[C@H](CCN2CCC(c3noc4cc(F)ccc34)CC2)CC1)c1ccc(N2CCOCC2)c(F)c1	Dopamine D3 receptor	D3R	Ki	GPCR	train	non-cliff	7.34409	45.28	-1.65591
CHEMBL234_Ki-3203	CN(C)c1ccc(C(=O)N[C@H]2CC[C@H](CCN3CCC(c4noc5cc(F)ccc45)CC3)CC2)cc1	Dopamine D3 receptor	D3R	Ki	GPCR	train	non-cliff	7.93855	11.52	-1.06145
CHEMBL234_Ki-3204	O=C(Cc1ccc2c(c1)OCO2)N[C@H]1CC[C@H](CCN2CCC(c3noc4cc(F)ccc34)CC2)CC1	Dopamine D3 receptor	D3R	Ki	GPCR	train	non-cliff	8.39631	4.015	-0.603686
CHEMBL234_Ki-3205	COc1ccc(C(=O)N[C@H]2CC[C@H](CCN3CCC(c4noc5cc(F)ccc45)CC3)CC2)cc1	Dopamine D3 receptor	D3R	Ki	GPCR	test	non-cliff	8.34438	4.525	-0.655619
CHEMBL234_Ki-3206	CC(C)(C)Oc1ccc(C(=O)N[C@H]2CC[C@H](CCN3CCC(c4noc5cc(F)ccc45)CC3)CC2)cc1	Dopamine D3 receptor	D3R	Ki	GPCR	test	non-cliff	8.46636	3.417	-0.533645
CHEMBL234_Ki-3207	O=C(N[C@H]1CC[C@H](CCN2CCC(c3noc4cc(F)ccc34)CC2)CC1)c1ccc(Cl)cc1	Dopamine D3 receptor	D3R	Ki	GPCR	train	non-cliff	8.45618	3.498	-0.54382
CHEMBL234_Ki-3208	O=C(N[C@H]1CC[C@H](CCN2CCC(c3noc4cc(F)ccc34)CC2)CC1)c1ccc(N2CCS(=O)(=O)CC2)cc1	Dopamine D3 receptor	D3R	Ki	GPCR	train	non-cliff	8.33031	4.674	-0.669689
CHEMBL234_Ki-3209	O=C(N[C@H]1CC[C@H](CCN2CCC(c3noc4cc(F)ccc34)CC2)CC1)c1ccnc(N2CCOCC2)c1	Dopamine D3 receptor	D3R	Ki	GPCR	test	non-cliff	8.24056	5.747	-0.759441
CHEMBL234_Ki-3210	COc1cc(C(=O)N[C@H]2CC[C@H](CCN3CCC(c4noc5cc(F)ccc45)CC3)CC2)ccn1	Dopamine D3 receptor	D3R	Ki	GPCR	test	non-cliff	8.42736	3.738	-0.572639
CHEMBL234_Ki-3211	O=C(N[C@H]1CC[C@H](CCN2CCC(c3noc4cc(F)ccc34)CC2)CC1)c1ccc(N2CCCCC2)cc1	Dopamine D3 receptor	D3R	Ki	GPCR	train	non-cliff	8.06123	8.685	-0.93877
CHEMBL234_Ki-3212	O=C(N[C@H]1CC[C@H](CCN2CCC(c3noc4cc(F)ccc34)CC2)CC1)C1COc2ccccc2O1	Dopamine D3 receptor	D3R	Ki	GPCR	test	non-cliff	7.89757	12.66	-1.10243
CHEMBL234_Ki-3213	Cc1ccn(CC(=O)N[C@H]2CC[C@H](CCN3CCC(c4noc5cc(F)ccc45)CC3)CC2)n1	Dopamine D3 receptor	D3R	Ki	GPCR	test	cliff	7.55878	27.62	-1.44122
CHEMBL234_Ki-3214	O=C(N[C@H]1CC[C@H](CCN2CCC(c3noc4cc(F)ccc34)CC2)CC1)c1ccc(-n2cccc2)cc1	Dopamine D3 receptor	D3R	Ki	GPCR	train	cliff	8.58386	2.607	-0.416141
CHEMBL234_Ki-3215	O=C(N[C@H]1CC[C@H](CCN2CCC(c3noc4cc(F)ccc34)CC2)CC1)C1(O)CC1	Dopamine D3 receptor	D3R	Ki	GPCR	test	non-cliff	8.22797	5.916	-0.772028
CHEMBL234_Ki-3216	O=C(N[C@H]1CC[C@H](CCN2CCC(c3noc4cc(F)ccc34)CC2)CC1)C1(C(F)(F)F)CCC1	Dopamine D3 receptor	D3R	Ki	GPCR	train	non-cliff	8.11126	7.74	-0.888741
CHEMBL234_Ki-3217	O=C(CC(F)(F)F)N[C@H]1CC[C@H](CCN2CCC(c3noc4cc(F)ccc34)CC2)CC1	Dopamine D3 receptor	D3R	Ki	GPCR	train	non-cliff	8.28492	5.189	-0.715084
CHEMBL234_Ki-3218	COc1cc(CC(=O)N[C@H]2CC[C@H](CCN3CCC(c4noc5cc(F)ccc45)CC3)CC2)cc(OC)c1	Dopamine D3 receptor	D3R	Ki	GPCR	train	non-cliff	8.0569	8.772	-0.943099
CHEMBL234_Ki-3219	CC1CN(c2ccc(C(=O)N[C@H]3CC[C@H](CCN4CCC(c5noc6cc(F)ccc56)CC4)CC3)cc2)CC(C)O1	Dopamine D3 receptor	D3R	Ki	GPCR	test	non-cliff	6.86449	136.62	-2.13551
CHEMBL234_Ki-3220	O=C(N[C@H]1CC[C@H](CCN2CCC(c3noc4cc(F)ccc34)CC2)CC1)c1ccc2c(c1)OCO2	Dopamine D3 receptor	D3R	Ki	GPCR	train	non-cliff	8.5613	2.746	-0.438701
CHEMBL234_Ki-3221	CC(=O)N[C@H]1CC[C@H](CCN2CCC(c3noc4ccc(F)cc34)CC2)CC1	Dopamine D3 receptor	D3R	Ki	GPCR	train	cliff	8.61297	2.438	-0.387034
CHEMBL234_Ki-3222	O=C(N[C@H]1CC[C@H](CCN2CCC(c3noc4ccc(F)cc34)CC2)CC1)c1ccc(N2CCOCC2)cc1	Dopamine D3 receptor	D3R	Ki	GPCR	train	non-cliff	8.04402	9.036	-0.955976
CHEMBL234_Ki-3223	COCCC(=O)N[C@H]1CC[C@H](CCN2CCC(c3noc4ccc(F)cc34)CC2)CC1	Dopamine D3 receptor	D3R	Ki	GPCR	train	cliff	8.50878	3.099	-0.491222
CHEMBL234_Ki-3224	O=C(N[C@H]1CC[C@H](CCN2CCC(c3noc4ccc(F)cc34)CC2)CC1)c1ccc(N2CCCCC2)cc1	Dopamine D3 receptor	D3R	Ki	GPCR	train	non-cliff	8.11351	7.7	-0.886491
CHEMBL234_Ki-3225	CC1CN(c2ccc(C(=O)N[C@H]3CC[C@H](CCN4CCC(c5noc6ccc(F)cc56)CC4)CC3)cc2)CC(C)O1	Dopamine D3 receptor	D3R	Ki	GPCR	train	non-cliff	7.06666	85.77	-1.93334
CHEMBL234_Ki-3226	O=C(N[C@H]1CC[C@H](CCN2CCC(c3noc4ccc(F)cc34)CC2)CC1)c1ccc(N2CCS(=O)(=O)CC2)cc1	Dopamine D3 receptor	D3R	Ki	GPCR	train	non-cliff	8.22651	5.936	-0.773494
CHEMBL234_Ki-3227	O=C(N[C@H]1CC[C@H](CCN2CCC(c3noc4ccc(F)cc34)CC2)CC1)c1ccc2c(c1)OCO2	Dopamine D3 receptor	D3R	Ki	GPCR	train	non-cliff	8.4133	3.861	-0.5867
CHEMBL234_Ki-3228	COCCC(=O)N[C@H]1CC[C@H](CCN2CCC(c3noc4cc(Cl)ccc34)CC2)CC1	Dopamine D3 receptor	D3R	Ki	GPCR	train	non-cliff	8.07073	8.497	-0.929266
CHEMBL234_Ki-3229	O=C(N[C@H]1CC[C@H](CCN2CCC(c3noc4cc(Cl)ccc34)CC2)CC1)C(O)C(F)(F)F	Dopamine D3 receptor	D3R	Ki	GPCR	train	non-cliff	7.95742	11.03	-1.04258
CHEMBL234_Ki-3230	CO[C@@H]1CC[C@@H](CC(=O)N[C@H]2CC[C@H](CCN3CCC(c4noc5cc(Cl)ccc45)CC3)CC2)OC1	Dopamine D3 receptor	D3R	Ki	GPCR	test	non-cliff	7.93629	11.58	-1.06371
CHEMBL234_Ki-3231	O=C(CC1CCC2(CC1)OCCO2)N[C@H]1CC[C@H](CCN2CCC(c3noc4cc(Cl)ccc34)CC2)CC1	Dopamine D3 receptor	D3R	Ki	GPCR	train	non-cliff	7.91293	12.22	-1.08707
CHEMBL234_Ki-3232	COC(CC(=O)N[C@H]1CC[C@H](CCN2CCC(c3noc4cc(Cl)ccc34)CC2)CC1)OC	Dopamine D3 receptor	D3R	Ki	GPCR	train	non-cliff	8.04431	9.03	-0.955688
CHEMBL234_Ki-3233	C[C@@H](O)CC(=O)N[C@H]1CC[C@H](CCN2CCC(c3noc4cc(Cl)ccc34)CC2)CC1	Dopamine D3 receptor	D3R	Ki	GPCR	train	non-cliff	7.76955	17	-1.23045
CHEMBL234_Ki-3234	CC1(C)OC[C@H](CC(=O)N[C@H]2CC[C@H](CCN3CCC(c4noc5cc(Cl)ccc45)CC3)CC2)O1	Dopamine D3 receptor	D3R	Ki	GPCR	train	non-cliff	8.22185	6	-0.778151
CHEMBL234_Ki-3235	CO[C@H]1CC[C@H](CC(=O)N[C@H]2CC[C@H](CCN3CCC(c4noc5cc(Cl)ccc45)CC3)CC2)C1	Dopamine D3 receptor	D3R	Ki	GPCR	train	non-cliff	8	10	-1
CHEMBL234_Ki-3236	COC[C@H]1CC[C@H](CC(=O)N[C@H]2CC[C@H](CCN3CCC(c4noc5cc(Cl)ccc45)CC3)CC2)CC1	Dopamine D3 receptor	D3R	Ki	GPCR	train	non-cliff	8.04576	9	-0.954243
CHEMBL234_Ki-3237	CC1(O)CCC(CC(=O)N[C@H]2CC[C@H](CCN3CCC(c4noc5cc(Cl)ccc45)CC3)CC2)CC1	Dopamine D3 receptor	D3R	Ki	GPCR	train	non-cliff	8.1549	7	-0.845098
CHEMBL234_Ki-3238	CC(=O)N[C@H]1CC[C@H](CCN2CCC(c3noc4cc(Cl)ccc34)CC2)CC1	Dopamine D3 receptor	D3R	Ki	GPCR	train	non-cliff	8.08677	8.189	-0.913231
CHEMBL234_Ki-3239	CCS(=O)(=O)N[C@H]1CC[C@H](CCN2CCC(c3noc4cc(F)ccc34)CC2)CC1	Dopamine D3 receptor	D3R	Ki	GPCR	test	non-cliff	8.2327	5.852	-0.767304
CHEMBL234_Ki-3240	O=S(=O)(N[C@H]1CC[C@H](CCN2CCC(c3noc4cc(F)ccc34)CC2)CC1)c1ccc(Cl)cc1	Dopamine D3 receptor	D3R	Ki	GPCR	train	non-cliff	8.23158	5.867	-0.768416
CHEMBL234_Ki-3241	COc1ccc(S(=O)(=O)N[C@H]2CC[C@H](CCN3CCC(c4noc5cc(F)ccc45)CC3)CC2)cc1	Dopamine D3 receptor	D3R	Ki	GPCR	test	cliff	8.42957	3.719	-0.570426
CHEMBL234_Ki-3242	O=S(=O)(N[C@H]1CC[C@H](CCN2CCC(c3noc4cc(F)ccc34)CC2)CC1)c1cccnc1	Dopamine D3 receptor	D3R	Ki	GPCR	train	cliff	8.70997	1.95	-0.290035
CHEMBL234_Ki-3243	N#CCCC(=O)N[C@H]1CC[C@H](CCN2CCC(c3noc4cc(Cl)ccc34)CC2)CC1	Dopamine D3 receptor	D3R	Ki	GPCR	train	non-cliff	8.08677	8.189	-0.913231
CHEMBL234_Ki-3244	N#CCC(=O)N[C@H]1CC[C@H](CCN2CCC(c3noc4cc(Cl)ccc34)CC2)CC1	Dopamine D3 receptor	D3R	Ki	GPCR	train	cliff	8.0569	8.772	-0.943099
CHEMBL234_Ki-3245	O=C(CC1CC1)N[C@H]1CC[C@H](CCN2CCC(c3noc4cc(Cl)ccc34)CC2)CC1	Dopamine D3 receptor	D3R	Ki	GPCR	train	non-cliff	8.49404	3.206	-0.505964
CHEMBL234_Ki-3246	O=C(CO)N[C@H]1CC[C@H](CCN2CCC(c3noc4cc(Cl)ccc34)CC2)CC1	Dopamine D3 receptor	D3R	Ki	GPCR	train	cliff	7.77443	16.81	-1.22557
CHEMBL234_Ki-3247	CS(=O)(=O)CC(=O)N[C@H]1CC[C@H](CCN2CCC(c3noc4cc(Cl)ccc34)CC2)CC1	Dopamine D3 receptor	D3R	Ki	GPCR	train	cliff	7.83033	14.78	-1.16967
CHEMBL234_Ki-3248	O=C(CC1OCCCO1)N[C@H]1CC[C@H](CCN2CCC(c3noc4cc(Cl)ccc34)CC2)CC1	Dopamine D3 receptor	D3R	Ki	GPCR	train	non-cliff	8.21254	6.13	-0.78746
CHEMBL234_Ki-3249	CO[C@H]1CC[C@H](CC(=O)N[C@H]2CC[C@H](CCN3CCC(c4noc5ccc(Cl)cc45)CC3)CC2)CC1	Dopamine D3 receptor	D3R	Ki	GPCR	test	non-cliff	8.0767	8.381	-0.923296
CHEMBL234_Ki-3250	CS(=O)(=O)N[C@H]1CC[C@H](CCN2CCC(c3noc4ccc(F)cc34)CC2)CC1	Dopamine D3 receptor	D3R	Ki	GPCR	test	cliff	8.098	7.98	-0.902003
CHEMBL234_Ki-3251	COCCC(=O)N[C@H]1CC[C@H](CCN2CCC(c3noc4cc(Cl)c(F)cc34)CC2)CC1	Dopamine D3 receptor	D3R	Ki	GPCR	train	non-cliff	7.86838	13.54	-1.13162
CHEMBL234_Ki-3252	O=C(CC1CCCO1)N[C@H]1CC[C@H](CCN2CCC(c3noc4cc(Cl)c(F)cc34)CC2)CC1	Dopamine D3 receptor	D3R	Ki	GPCR	train	non-cliff	7.75129	17.73	-1.24871
CHEMBL234_Ki-3253	COCC(=O)N[C@H]1CC[C@H](CCN2CCC(c3noc4cc(F)c(F)cc34)CC2)CC1	Dopamine D3 receptor	D3R	Ki	GPCR	train	cliff	7.48585	32.67	-1.51415
CHEMBL234_Ki-3254	CO[C@@H]1CC[C@@H](CC(=O)N[C@H]2CC[C@H](CCN3CCC(c4noc5cc(F)c(F)cc45)CC3)CC2)C1	Dopamine D3 receptor	D3R	Ki	GPCR	train	non-cliff	7.69919	19.99	-1.30081
CHEMBL234_Ki-3255	CO[C@H]1CC[C@H](CC(=O)N[C@H]2CC[C@H](CCN3CCC(c4noc5cc(F)c(F)cc45)CC3)CC2)CC1	Dopamine D3 receptor	D3R	Ki	GPCR	test	non-cliff	7.76195	17.3	-1.23805
CHEMBL234_Ki-3256	COCCC(=O)N[C@H]1CC[C@H](CCN2CCC(c3noc4cc(F)c(F)cc34)CC2)CC1	Dopamine D3 receptor	D3R	Ki	GPCR	train	non-cliff	7.94462	11.36	-1.05538
CHEMBL234_Ki-3257	CC(=O)N[C@H]1CC[C@H](CCN2CCC(c3noc4cc(F)c(F)cc34)CC2)CC1	Dopamine D3 receptor	D3R	Ki	GPCR	train	non-cliff	7.94424	11.37	-1.05576
CHEMBL234_Ki-3258	O=C(CO)N[C@H]1CC[C@H](CCN2CCC(c3noc4cc(F)c(F)cc34)CC2)CC1	Dopamine D3 receptor	D3R	Ki	GPCR	test	non-cliff	7.70006	19.95	-1.29994
CHEMBL234_Ki-3259	O=C(CCO)N[C@H]1CC[C@H](CCN2CCC(c3noc4cc(F)c(F)cc34)CC2)CC1	Dopamine D3 receptor	D3R	Ki	GPCR	train	non-cliff	7.93107	11.72	-1.06893
CHEMBL234_Ki-3260	O=C(C[C@H]1CC[C@H](O)CC1)N[C@H]1CC[C@H](CCN2CCC(c3noc4cc(F)c(F)cc34)CC2)CC1	Dopamine D3 receptor	D3R	Ki	GPCR	train	non-cliff	7.67965	20.91	-1.32035
CHEMBL234_Ki-3261	O=C(C[C@@H]1CC[C@@H](O)C1)N[C@H]1CC[C@H](CCN2CCC(c3noc4cc(F)c(F)cc34)CC2)CC1	Dopamine D3 receptor	D3R	Ki	GPCR	train	non-cliff	7.70421	19.76	-1.29579
CHEMBL234_Ki-3262	O=C(N[C@H]1CC[C@H](CCN2CCC(c3noc4cc(F)c(F)cc34)CC2)CC1)C1CCOCC1	Dopamine D3 receptor	D3R	Ki	GPCR	test	non-cliff	7.74065	18.17	-1.25935
CHEMBL234_Ki-3263	O=C(CC1OCCCO1)N[C@H]1CC[C@H](CCN2CCC(c3noc4cc(F)c(F)cc34)CC2)CC1	Dopamine D3 receptor	D3R	Ki	GPCR	train	non-cliff	7.86934	13.51	-1.13066
CHEMBL234_Ki-3264	CC(=O)N[C@H]1CC[C@H](CCN2CCC(c3noc4cc(C)ccc34)CC2)CC1	Dopamine D3 receptor	D3R	Ki	GPCR	test	cliff	8.03269	9.275	-0.967314
CHEMBL234_Ki-3265	O=C1CCc2ccc(OCCCCN3CCCN(c4cccc(Cl)c4Cl)CC3)nc2N1	Dopamine D3 receptor	D3R	Ki	GPCR	test	non-cliff	7.95861	11	-1.04139
CHEMBL234_Ki-3266	O=C1CCc2ccc(OCCCCN3CCCN(c4cccc(Cl)c4Cl)CC3)cc2N1	Dopamine D3 receptor	D3R	Ki	GPCR	train	non-cliff	8.04818	8.95	-0.951823
CHEMBL234_Ki-3267	COc1c(O)ccc2c1CN1CCc3cc4c(cc3[C@@H]1C2)OCO4	Dopamine D3 receptor	D3R	Ki	GPCR	test	non-cliff	7.08407	82.4	-1.91593
CHEMBL234_Ki-3268	COc1ccc2c(c1OC)CN1CCc3cc4c(cc3[C@@H]1C2)OCO4	Dopamine D3 receptor	D3R	Ki	GPCR	test	non-cliff	6.36351	433	-2.63649
CHEMBL234_Ki-3269	COc1cc2c(cc1OC)[C@@H]1Cc3ccc(O)c(OC)c3CN1CC2	Dopamine D3 receptor	D3R	Ki	GPCR	train	non-cliff	5.76624	1713	-3.23376
CHEMBL234_Ki-3270	COc1cc2c(cc1O)CCN1Cc3c(ccc(OC)c3OC)C[C@@H]21	Dopamine D3 receptor	D3R	Ki	GPCR	train	non-cliff	6.5817	262	-2.4183
CHEMBL234_Ki-3271	COc1cc2c(cc1OC)[C@@H]1Cc3ccc(OC)c(OC)c3CN1CC2	Dopamine D3 receptor	D3R	Ki	GPCR	train	non-cliff	5.86296	1371	-3.13704
CHEMBL234_Ki-3272	O=C(CCCN1CCN(c2cccc(Cl)c2Cl)CC1)Nc1ccn2nccc2c1	Dopamine D3 receptor	D3R	Ki	GPCR	train	non-cliff	8.25181	5.6	-0.748188
CHEMBL234_Ki-3273	COc1ccccc1N1CCN(CCCC(=O)Nc2ccn3nccc3c2)CC1	Dopamine D3 receptor	D3R	Ki	GPCR	train	cliff	7.01323	97	-1.98677
CHEMBL234_Ki-3274	O=Cc1cnn2ccc(NC(=O)CCCN3CCN(c4cccc(Cl)c4Cl)CC3)cc12	Dopamine D3 receptor	D3R	Ki	GPCR	train	non-cliff	8.76955	1.7	-0.230449
CHEMBL234_Ki-3275	COc1ccccc1N1CCN(CCCC(=O)Nc2ccn3ncc(C=O)c3c2)CC1	Dopamine D3 receptor	D3R	Ki	GPCR	train	non-cliff	7.1549	70	-1.8451
CHEMBL234_Ki-3276	O=C(CCCN1CCN(c2cccc(Cl)c2Cl)CC1)Nc1ccn2ncc(/C=N\\O)c2c1	Dopamine D3 receptor	D3R	Ki	GPCR	train	non-cliff	8.65758	2.2	-0.342423
CHEMBL234_Ki-3277	COc1ccccc1N1CCN(CCCC(=O)Nc2ccn3ncc(/C=N\\O)c3c2)CC1	Dopamine D3 receptor	D3R	Ki	GPCR	train	non-cliff	7.88606	13	-1.11394
CHEMBL234_Ki-3278	N#Cc1cnn2ccc(NC(=O)CCCN3CCN(c4cccc(Cl)c4Cl)CC3)cc12	Dopamine D3 receptor	D3R	Ki	GPCR	train	non-cliff	8.63827	2.3	-0.361728
CHEMBL234_Ki-3279	COc1ccccc1N1CCN(CCCC(=O)Nc2ccn3ncc(C#N)c3c2)CC1	Dopamine D3 receptor	D3R	Ki	GPCR	train	non-cliff	7.55284	28	-1.44716
CHEMBL234_Ki-3280	COc1ccccc1N1CCN(CCCCOc2ccc3ccnn3c2)CC1	Dopamine D3 receptor	D3R	Ki	GPCR	train	cliff	8.30103	5	-0.69897
CHEMBL234_Ki-3281	COc1ccccc1N1CCN(CCCCOc2ccn3nccc3c2)CC1	Dopamine D3 receptor	D3R	Ki	GPCR	test	non-cliff	7.69897	20	-1.30103
CHEMBL234_Ki-3282	CCOC(=O)c1cc2cc(OCCCCN3CCN(c4ccccc4OC)CC3)ccn2n1	Dopamine D3 receptor	D3R	Ki	GPCR	test	non-cliff	8.13077	7.4	-0.869232
CHEMBL234_Ki-3283	COc1ccccc1N1CCN(CCCCOc2ccn3nc(CO)cc3c2)CC1	Dopamine D3 receptor	D3R	Ki	GPCR	train	non-cliff	7.82391	15	-1.17609
CHEMBL234_Ki-3284	COc1ccccc1N1CCN(CCCCOc2ccn3nc(C=O)cc3c2)CC1	Dopamine D3 receptor	D3R	Ki	GPCR	train	non-cliff	8.13077	7.4	-0.869232
CHEMBL234_Ki-3285	COc1ccccc1N1CCN(CCCCOc2ccn3nc(/C=N/O)cc3c2)CC1	Dopamine D3 receptor	D3R	Ki	GPCR	test	non-cliff	8.49485	3.2	-0.50515
CHEMBL234_Ki-3286	COc1ccccc1N1CCN(CCCCOc2ccn3nc(C#N)cc3c2)CC1	Dopamine D3 receptor	D3R	Ki	GPCR	test	non-cliff	7.92082	12	-1.07918
CHEMBL234_Ki-3287	COc1ccccc1N1CCN(CCCCOc2ccc3c(C=O)cnn3c2)CC1	Dopamine D3 receptor	D3R	Ki	GPCR	train	non-cliff	7.76955	17	-1.23045
CHEMBL234_Ki-3288	COc1ccccc1N1CCN(CCCCOc2ccn3ncc(C=O)c3c2)CC1	Dopamine D3 receptor	D3R	Ki	GPCR	test	non-cliff	7.92082	12	-1.07918
CHEMBL234_Ki-3289	CCCN(CCCCOc1ccc2c(C=O)cnn2c1)[C@H]1CCc2c(O)cccc2C1	Dopamine D3 receptor	D3R	Ki	GPCR	train	non-cliff	8.79588	1.6	-0.20412
CHEMBL234_Ki-3290	CCCN(CCCCOc1ccn2ncc(C=O)c2c1)[C@H]1CCc2c(O)cccc2C1	Dopamine D3 receptor	D3R	Ki	GPCR	train	non-cliff	8.95861	1.1	-0.0413927
CHEMBL234_Ki-3291	COc1ccccc1N1CCN(CCCCOc2ccc3c(/C=N/O)cnn3c2)CC1	Dopamine D3 receptor	D3R	Ki	GPCR	train	non-cliff	8.63827	2.3	-0.361728
CHEMBL234_Ki-3292	COc1ccccc1N1CCN(CCCCOc2ccn3ncc(/C=N/O)c3c2)CC1	Dopamine D3 receptor	D3R	Ki	GPCR	train	non-cliff	8.40894	3.9	-0.591065
CHEMBL234_Ki-3293	CCCN(CCCCOc1ccc2c(/C=N/O)cnn2c1)[C@H]1CCc2c(O)cccc2C1	Dopamine D3 receptor	D3R	Ki	GPCR	train	non-cliff	9.38722	0.41	0.387216
CHEMBL234_Ki-3294	CCCN(CCCCOc1ccn2ncc(/C=N\\O)c2c1)[C@H]1CCc2c(O)cccc2C1	Dopamine D3 receptor	D3R	Ki	GPCR	train	non-cliff	9.22915	0.59	0.229148
CHEMBL234_Ki-3295	COc1ccccc1N1CCN(CCCCOc2ccn3ncc(C#N)c3c2)CC1	Dopamine D3 receptor	D3R	Ki	GPCR	train	non-cliff	8.5376	2.9	-0.462398
CHEMBL234_Ki-3296	CN(CCCCOc1ccc2c(c1)NC(=O)CC2)[C@@H]1Cc2cccc3[nH]c(=O)n(c23)C1	Dopamine D3 receptor	D3R	Ki	GPCR	train	non-cliff	6.41794	382	-2.58206
CHEMBL234_Ki-3297	CCCn1c(=O)n2c3c(cccc31)C[C@@H](N(C)CCCCNC(=O)c1cc3ccccc3[nH]1)C2	Dopamine D3 receptor	D3R	Ki	GPCR	test	non-cliff	8.61083	2.45	-0.389166
CHEMBL234_Ki-3298	CCCN(CCCCNC(=O)c1cc2ccccc2[nH]1)[C@@H]1Cc2cccc3c2n(c(=O)n3CCC)C1	Dopamine D3 receptor	D3R	Ki	GPCR	test	cliff	9.16115	0.69	0.161151
CHEMBL234_Ki-3299	CN[C@@H]1Cc2cccc3c2n(c(=O)n3CCOCCOCCOCCOc2ccc3c(c2)NC(=O)CC3)C1	Dopamine D3 receptor	D3R	Ki	GPCR	train	non-cliff	6.19382	640	-2.80618
CHEMBL234_Ki-3300	CN[C@@H]1Cc2cccc3c2n(c(=O)n3CCOCCOCCOCCCCc2ccccc2)C1	Dopamine D3 receptor	D3R	Ki	GPCR	train	non-cliff	6.25337	558	-2.74663
CHEMBL234_Ki-3301	CN[C@@H]1Cc2cccc3c2n(c(=O)n3CCOCCOCCCCc2ccccc2)C1	Dopamine D3 receptor	D3R	Ki	GPCR	train	non-cliff	6.64397	227	-2.35603
CHEMBL234_Ki-3302	CCCN(CCC)[C@@H]1Cc2cccc3c2n(c(=O)n3CCCCNC(=O)c2cc3ccccc3[nH]2)C1	Dopamine D3 receptor	D3R	Ki	GPCR	train	cliff	7.07624	83.9	-1.92376
CHEMBL234_Ki-3303	CCCN[C@@H]1Cc2cccc3c2n(c(=O)n3CCCCNC(=O)c2cc3ccccc3[nH]2)C1	Dopamine D3 receptor	D3R	Ki	GPCR	test	non-cliff	6.9393	115	-2.0607
CHEMBL234_Ki-3304	CN[C@@H]1Cc2cccc3c2n(c(=O)n3CCCCCCCCCCCCOc2ccc3c(c2)NC(=O)CC3)C1	Dopamine D3 receptor	D3R	Ki	GPCR	train	non-cliff	6.2233	598	-2.7767
CHEMBL234_Ki-3305	CN[C@@H]1Cc2cccc3c2n(c(=O)n3CCCCOc2ccc3c(c2)NC(=O)CC3)C1	Dopamine D3 receptor	D3R	Ki	GPCR	train	non-cliff	5.86967	1350	-3.13033
CHEMBL234_Ki-3306	CN[C@@H]1Cc2cccc3c2n(c(=O)n3CCCCCCCCOCCCCc2ccccc2)C1	Dopamine D3 receptor	D3R	Ki	GPCR	test	non-cliff	7.10958	77.7	-1.89042
CHEMBL234_Ki-3307	CN[C@@H]1Cc2cccc3c2n(c(=O)n3CCCCCCOCCCCc2ccccc2)C1	Dopamine D3 receptor	D3R	Ki	GPCR	train	non-cliff	6.85699	139	-2.14301
CHEMBL234_Ki-3308	CCCN[C@@H]1Cc2cccc3c2n(c(=O)n3CCCCCCOCCCCc2ccccc2)C1	Dopamine D3 receptor	D3R	Ki	GPCR	train	non-cliff	7.09366	80.6	-1.90634
CHEMBL234_Ki-3309	CN[C@@H]1Cc2cccc3c2n(c(=O)n3CCCCOCCCCc2ccccc2)C1	Dopamine D3 receptor	D3R	Ki	GPCR	train	non-cliff	6.42366	377	-2.57634
CHEMBL234_Ki-3310	CCCN[C@@H]1Cc2cccc3c2n(c(=O)n3CCCCOCCCCc2ccccc2)C1	Dopamine D3 receptor	D3R	Ki	GPCR	test	non-cliff	7.02595	94.2	-1.97405
CHEMBL234_Ki-3311	O=C1CCc2ccc(OCCCCN3CCN(c4ccc(O)c5[nH]c(=O)ccc45)CC3)cc2N1	Dopamine D3 receptor	D3R	Ki	GPCR	test	cliff	7.92082	12	-1.07918
CHEMBL234_Ki-3312	O=C1CCc2ccc(OCCCCN3CCN(c4ccc(O)c5oc(=O)ccc45)CC3)cc2N1	Dopamine D3 receptor	D3R	Ki	GPCR	test	cliff	8.11351	7.7	-0.886491
CHEMBL234_Ki-3313	O=C1CCc2ccc(OCCCCN3CCN(c4ccc(O)c5c4OCC(=O)N5)CC3)cc2N1	Dopamine D3 receptor	D3R	Ki	GPCR	test	cliff	9	1	-0
CHEMBL234_Ki-3314	O=C1CCc2ccc(OCCCCN3CCN(c4ccc(O)c5c4OCCO5)CC3)cc2N1	Dopamine D3 receptor	D3R	Ki	GPCR	train	cliff	7.42022	38	-1.57978
CHEMBL234_Ki-3315	O=C1CCc2ccc(OCCCCN3CCN(c4ccc(O)c5ncccc45)CC3)cc2N1	Dopamine D3 receptor	D3R	Ki	GPCR	train	non-cliff	7.56864	27	-1.43136
CHEMBL234_Ki-3316	O=C1CCc2ccc(OCCCCN3CCCN(c4ccc(O)c5[nH]c(=O)ccc45)CC3)cc2N1	Dopamine D3 receptor	D3R	Ki	GPCR	test	cliff	8.72125	1.9	-0.278754
CHEMBL234_Ki-3317	O=C1CCc2ccc(OCCCCN3CCCN(c4ccc(O)c5oc(=O)ccc45)CC3)cc2N1	Dopamine D3 receptor	D3R	Ki	GPCR	train	cliff	6.61979	240	-2.38021
CHEMBL234_Ki-3318	O=C1CCc2ccc(OCCCCN3CCCN(c4ccc(O)c5c4OCC(=O)N5)CC3)cc2N1	Dopamine D3 receptor	D3R	Ki	GPCR	train	cliff	8.69897	2	-0.30103
CHEMBL234_Ki-3319	O=c1ccc2c(N3CCN(CCCCOc4ccn5nccc5c4)CC3)ccc(O)c2[nH]1	Dopamine D3 receptor	D3R	Ki	GPCR	train	cliff	8.42022	3.8	-0.579784
CHEMBL234_Ki-3320	O=c1ccc2c(N3CCN(CCCCOc4ccn5nccc5c4)CC3)ccc(O)c2o1	Dopamine D3 receptor	D3R	Ki	GPCR	train	cliff	8.07058	8.5	-0.929419
CHEMBL234_Ki-3321	O=C1COc2c(N3CCN(CCCCOc4ccn5nccc5c4)CC3)ccc(O)c2N1	Dopamine D3 receptor	D3R	Ki	GPCR	test	cliff	9.14874	0.71	0.148742
CHEMBL234_Ki-3322	Oc1ccc(N2CCN(CCCCOc3ccn4nccc4c3)CC2)c2c1OCCO2	Dopamine D3 receptor	D3R	Ki	GPCR	test	non-cliff	7.39794	40	-1.60206
CHEMBL234_Ki-3323	Oc1ccc(N2CCN(CCCCOc3ccn4nccc4c3)CC2)c2cccnc12	Dopamine D3 receptor	D3R	Ki	GPCR	train	non-cliff	7.30103	50	-1.69897
CHEMBL234_Ki-3324	O=c1ccc2c(N3CCCN(CCCCOc4ccn5nccc5c4)CC3)ccc(O)c2[nH]1	Dopamine D3 receptor	D3R	Ki	GPCR	train	cliff	8.46852	3.4	-0.531479
CHEMBL234_Ki-3325	CCCCn1cc(CCCOc2ccc(C(=O)NCCCN3CCCN(c4ccc(O)c5[nH]c(=O)ccc45)CC3)cc2OC)nn1	Dopamine D3 receptor	D3R	Ki	GPCR	train	non-cliff	8.79588	1.6	-0.20412
CHEMBL234_Ki-3326	CCCCn1cc(CCCOc2ccc(C(=O)NCCCCN3CCCN(c4ccc(O)c5[nH]c(=O)ccc45)CC3)cc2OC)nn1	Dopamine D3 receptor	D3R	Ki	GPCR	train	non-cliff	8.49485	3.2	-0.50515
CHEMBL234_Ki-3327	COc1ccccc1N1CCN(CCCSc2nnc(-c3ccccc3)n2C)CC1	Dopamine D3 receptor	D3R	Ki	GPCR	test	cliff	8.18709	6.5	-0.812913
CHEMBL234_Ki-3328	Cn1c(SCCCN2CCC3(CC2)CCN(c2cccc(Cl)c2Cl)CC3)nnc1-c1ccccc1	Dopamine D3 receptor	D3R	Ki	GPCR	train	non-cliff	7.08407	82.4	-1.91593
CHEMBL234_Ki-3329	Cn1c(SCCCN2CCC3(CC2)CCN(c2cccc(C#N)c2)CC3)nnc1-c1ccccc1	Dopamine D3 receptor	D3R	Ki	GPCR	train	cliff	6.35853	438	-2.64147
CHEMBL234_Ki-3330	Cn1c(SCCCN2CCC3(CC2)CCN(c2ccccn2)CC3)nnc1-c1ccccc1	Dopamine D3 receptor	D3R	Ki	GPCR	train	cliff	6.05998	871	-2.94002
CHEMBL234_Ki-3331	Cn1c(SCCCN2CCC3(CC2)CCN(c2ccc(F)cc2)CC3)nnc1-c1ccccc1	Dopamine D3 receptor	D3R	Ki	GPCR	train	cliff	7.59176	25.6	-1.40824
CHEMBL234_Ki-3332	COc1ccc(N2CCC3(CCN(CCCSc4nnc(-c5ccccc5)n4C)CC3)CC2)cc1	Dopamine D3 receptor	D3R	Ki	GPCR	train	non-cliff	7.01011	97.7	-1.98989
CHEMBL234_Ki-3333	COc1ccccc1N1CCC2(CCN(CCCSc3nnc(-c4ccccc4)n3C)CC2)CC1	Dopamine D3 receptor	D3R	Ki	GPCR	test	cliff	7.92082	12	-1.07918
CHEMBL234_Ki-3334	COc1ccccc1N1CCC2(CCN(CCCSc3nnc(-c4ccccc4)n3C)CC2)C1	Dopamine D3 receptor	D3R	Ki	GPCR	train	cliff	7.70774	19.6	-1.29226
CHEMBL234_Ki-3335	COc1ccccc1N1CCC12CCN(CCCSc1nnc(-c3ccccc3)n1C)CC2	Dopamine D3 receptor	D3R	Ki	GPCR	train	cliff	6.77211	169	-2.22789
CHEMBL234_Ki-3336	COc1ccccc1N1CC2(CCN(CCCSc3nnc(-c4ccccc4)n3C)CC2)C1	Dopamine D3 receptor	D3R	Ki	GPCR	train	cliff	6.62893	235	-2.37107
CHEMBL234_Ki-3337	COc1ccccc1N1CCC2(CCN(CCCSc3nnc(-c4ccccc4)n3C)C2)C1	Dopamine D3 receptor	D3R	Ki	GPCR	train	cliff	7.61618	24.2	-1.38382
CHEMBL234_Ki-3338	COc1ccccc1N1CCC2(CN(CCCSc3nnc(-c4ccccc4)n3C)C2)C1	Dopamine D3 receptor	D3R	Ki	GPCR	train	cliff	6.7167	192	-2.2833
CHEMBL234_Ki-3339	COc1ccccc1N1CCC12CN(CCCSc1nnc(-c3ccccc3)n1C)C2	Dopamine D3 receptor	D3R	Ki	GPCR	train	cliff	5.31966	4790	-3.68034
CHEMBL234_Ki-3340	COc1ccccc1N1CC2(CN(CCCSc3nnc(-c4ccccc4)n3C)C2)C1	Dopamine D3 receptor	D3R	Ki	GPCR	train	cliff	6.07935	833	-2.92065
CHEMBL234_Ki-3341	c1ccc2c(c1)CC(CN1CCN(c3ccc4c(c3)OCCO4)CC1)C2	Dopamine D3 receptor	D3R	Ki	GPCR	train	non-cliff	5.54668	2840	-3.45332
CHEMBL234_Ki-3342	Fc1ccc(N2CCN(CCC3OCCc4ccccc43)CC2)cc1	Dopamine D3 receptor	D3R	Ki	GPCR	test	non-cliff	6.61979	240	-2.38021
CHEMBL234_Ki-3343	Cc1ccc(N2CCN(CCC3C(=O)Nc4ccccc43)CC2)cc1C	Dopamine D3 receptor	D3R	Ki	GPCR	train	non-cliff	5.57154	2682	-3.42846
CHEMBL234_Ki-3344	CC(C)Oc1cccnc1N(C)C1CCN(Cc2ccc(I)cc2)CC1	Dopamine D3 receptor	D3R	Ki	GPCR	train	non-cliff	6.83863	145	-2.16137
CHEMBL234_Ki-3345	c1ccc(CCC2CN(Cc3c[nH]c4ccccc34)CCO2)cc1	Dopamine D3 receptor	D3R	Ki	GPCR	train	cliff	5.49349	3210	-3.50651
CHEMBL234_Ki-3346	c1ccc(OCC2CN(Cc3c[nH]c4ccccc34)CCO2)cc1	Dopamine D3 receptor	D3R	Ki	GPCR	train	non-cliff	5.82974	1480	-3.17026
CHEMBL234_Ki-3347	COc1ccccc1OCCNCC1COCC(c2ccccc2)(c2ccccc2)O1	Dopamine D3 receptor	D3R	Ki	GPCR	train	non-cliff	7.88008	13.18	-1.11992
CHEMBL234_Ki-3348	Oc1ccccc1OCCNCC1COCC(c2ccccc2)(c2ccccc2)O1	Dopamine D3 receptor	D3R	Ki	GPCR	train	non-cliff	7.47006	33.88	-1.52994
CHEMBL234_Ki-3349	COCOc1ccccc1OCCNCC1COCC(c2ccccc2)(c2ccccc2)O1	Dopamine D3 receptor	D3R	Ki	GPCR	train	non-cliff	7.18	66.07	-1.82
CHEMBL234_Ki-3350	COc1cc2c(cc1OC)C(C)=C(C(=O)NCCCCN1CCN(c3ccccc3F)CC1)C2	Dopamine D3 receptor	D3R	Ki	GPCR	train	non-cliff	9.30103	0.5	0.30103
CHEMBL234_Ki-3351	O=C(NCCCCN1CCN(c2cccc(Cl)c2Cl)CC1)c1cncc(Br)c1	Dopamine D3 receptor	D3R	Ki	GPCR	train	non-cliff	8.55284	2.8	-0.447158
CHEMBL234_Ki-3352	O=Cc1cnn2ccc(OCCCCN3CCN(c4ccc(O)c5[nH]c(=O)ccc45)CC3)cc12	Dopamine D3 receptor	D3R	Ki	GPCR	train	non-cliff	8.63827	2.3	-0.361728
CHEMBL234_Ki-3353	O=Cc1cnn2ccc(OCCCCN3CCN(c4ccc(O)c5c4OCC(=O)N5)CC3)cc12	Dopamine D3 receptor	D3R	Ki	GPCR	train	cliff	8.92082	1.2	-0.0791812
CHEMBL234_Ki-3354	O=Cc1cnn2ccc(OCCCCN3CCN(c4ccc(O)c5c4OCCO5)CC3)cc12	Dopamine D3 receptor	D3R	Ki	GPCR	train	cliff	7.61979	24	-1.38021
CHEMBL234_Ki-3355	O=c1ccc2c(N3CCN(CCCCOc4ccn5ncc(/C=N/O)c5c4)CC3)ccc(O)c2[nH]1	Dopamine D3 receptor	D3R	Ki	GPCR	train	non-cliff	8.55284	2.8	-0.447158
CHEMBL234_Ki-3356	O=C1COc2c(N3CCN(CCCCOc4ccn5ncc(/C=N/O)c5c4)CC3)ccc(O)c2N1	Dopamine D3 receptor	D3R	Ki	GPCR	test	non-cliff	9.4318	0.37	0.431798
CHEMBL234_Ki-3357	O/N=C/c1cnn2ccc(OCCCCN3CCN(c4ccc(O)c5c4OCCO5)CC3)cc12	Dopamine D3 receptor	D3R	Ki	GPCR	test	non-cliff	7.48812	32.5	-1.51188
CHEMBL234_Ki-3358	O=c1ccc2c(N3CCNCC3)ccc(O)c2[nH]1	Dopamine D3 receptor	D3R	Ki	GPCR	test	cliff	5.76955	1700	-3.23045
CHEMBL234_Ki-3359	O=C1COc2c(N3CCNCC3)ccc(O)c2N1	Dopamine D3 receptor	D3R	Ki	GPCR	train	cliff	6.79588	160	-2.20412
CHEMBL234_Ki-3360	O=C1COc2c(N3CCCNCC3)ccc(O)c2N1	Dopamine D3 receptor	D3R	Ki	GPCR	train	non-cliff	6.29243	510	-2.70757
CHEMBL234_Ki-3361	Oc1ccc(N2CCNCC2)c2c1OCCO2	Dopamine D3 receptor	D3R	Ki	GPCR	train	non-cliff	6.95861	110	-2.04139
CHEMBL234_Ki-3362	CN1CCN(c2ccc(O)c3[nH]c(=O)ccc23)CC1	Dopamine D3 receptor	D3R	Ki	GPCR	test	non-cliff	6.42022	380	-2.57978
CHEMBL234_Ki-3363	CN1CCN(c2ccc(O)c3c2OCC(=O)N3)CC1	Dopamine D3 receptor	D3R	Ki	GPCR	train	cliff	7.31876	48	-1.68124
CHEMBL234_Ki-3364	CN1CCCN(c2ccc(O)c3c2OCC(=O)N3)CC1	Dopamine D3 receptor	D3R	Ki	GPCR	train	cliff	7.37675	42	-1.62325
CHEMBL234_Ki-3365	CN1CCN(c2ccc(O)c3c2OCCO3)CC1	Dopamine D3 receptor	D3R	Ki	GPCR	train	non-cliff	6.10237	790	-2.89763
CHEMBL234_Ki-3366	CCCN1CCN(c2ccc(O)c3[nH]c(=O)ccc23)CC1	Dopamine D3 receptor	D3R	Ki	GPCR	train	cliff	6.37675	420	-2.62325
CHEMBL234_Ki-3367	CCCN1CCN(c2ccc(O)c3c2OCC(=O)N3)CC1	Dopamine D3 receptor	D3R	Ki	GPCR	test	cliff	8.22915	5.9	-0.770852
CHEMBL234_Ki-3368	CCCN1CCCN(c2ccc(O)c3c2OCC(=O)N3)CC1	Dopamine D3 receptor	D3R	Ki	GPCR	train	cliff	8.4318	3.7	-0.568202
CHEMBL234_Ki-3369	CCCN1CCN(c2ccc(O)c3c2OCCO3)CC1	Dopamine D3 receptor	D3R	Ki	GPCR	train	non-cliff	5.55284	2800	-3.44716
CHEMBL234_Ki-3370	CCCCC1CCN(CCCN2C(=O)CCc3ccccc32)CC1	Dopamine D3 receptor	D3R	Ki	GPCR	train	non-cliff	6.21	616.6	-2.79
CHEMBL234_Ki-3371	CC1CCN(CCCN2C(=O)CCc3ccccc32)CC1	Dopamine D3 receptor	D3R	Ki	GPCR	train	non-cliff	5.43	3715.35	-3.57
CHEMBL234_Ki-3372	CCCC1CCN(CCCN2C(=O)CCc3ccccc32)CC1	Dopamine D3 receptor	D3R	Ki	GPCR	train	non-cliff	5.81	1548.82	-3.19
CHEMBL234_Ki-3373	CCCCCC1CCN(CCCN2C(=O)CCc3ccccc32)CC1	Dopamine D3 receptor	D3R	Ki	GPCR	train	cliff	6.55	281.84	-2.45
CHEMBL234_Ki-3374	O=C1CCc2ccccc2N1CCCN1CCC(CCCO)CC1	Dopamine D3 receptor	D3R	Ki	GPCR	train	non-cliff	6.23	588.84	-2.77
CHEMBL234_Ki-3375	O=C1CCc2ccccc2N1CCCN1CCC(CCCCCO)CC1	Dopamine D3 receptor	D3R	Ki	GPCR	train	non-cliff	6.17	676.08	-2.83
CHEMBL234_Ki-3376	O=C1CCc2ccccc2N1CCCN1CCC(CCCCCCCO)CC1	Dopamine D3 receptor	D3R	Ki	GPCR	train	non-cliff	6.02	954.99	-2.98
CHEMBL234_Ki-3377	O=C1CCc2ccccc2N1CCCN1CCC(c2ccccc2)CC1	Dopamine D3 receptor	D3R	Ki	GPCR	train	non-cliff	6.15	707.95	-2.85
CHEMBL234_Ki-3378	O=C1CCc2ccccc2N1CCCN1CCC(Cc2ccccc2)CC1	Dopamine D3 receptor	D3R	Ki	GPCR	train	non-cliff	5.74	1819.7	-3.26
CHEMBL234_Ki-3379	O=C1CCc2ccccc2N1CCCN1CCC(CCc2ccccc2)CC1	Dopamine D3 receptor	D3R	Ki	GPCR	train	non-cliff	6.39	407.38	-2.61
CHEMBL234_Ki-3380	CCCCN1CCN(CCCN2C(=O)CCc3ccccc32)CC1	Dopamine D3 receptor	D3R	Ki	GPCR	train	cliff	5.41	3890.45	-3.59
CHEMBL234_Ki-3381	O=C1CCc2ccccc2N1CCCN1CCN(c2ccccc2)CC1	Dopamine D3 receptor	D3R	Ki	GPCR	train	cliff	5.88	1318.26	-3.12
CHEMBL234_Ki-3382	O=C1CCc2ccccc2N1CCCN1CCN(Cc2ccccc2)CC1	Dopamine D3 receptor	D3R	Ki	GPCR	test	cliff	5.58	2630.27	-3.42
CHEMBL234_Ki-3383	O=C1CCc2ccccc2N1CCCN1CCN(CCc2ccccc2)CC1	Dopamine D3 receptor	D3R	Ki	GPCR	train	non-cliff	5.4	3981.07	-3.6
CHEMBL234_Ki-3384	O=C(NCCCCN1CCN(c2cccc(Cl)c2Cl)CC1)c1cnc2ccccc2c1	Dopamine D3 receptor	D3R	Ki	GPCR	train	cliff	9.76447	0.172	0.764472
CHEMBL234_Ki-3385	N#Cc1cccc(N2CCNCC2)c1	Dopamine D3 receptor	D3R	Ki	GPCR	train	non-cliff	6.23582	581	-2.76418
CHEMBL234_Ki-3386	N#Cc1ccc2c(c1)CCNC2	Dopamine D3 receptor	D3R	Ki	GPCR	test	non-cliff	5.22988	5890	-3.77012
CHEMBL234_Ki-3387	N#Cc1ccc2c(c1)CNCC2	Dopamine D3 receptor	D3R	Ki	GPCR	train	non-cliff	5.81816	1520	-3.18184
CHEMBL234_Ki-3388	CCCCN1CCN(c2cccc(C#N)c2)CC1	Dopamine D3 receptor	D3R	Ki	GPCR	test	non-cliff	7.45967	34.7	-1.54033
CHEMBL234_Ki-3389	CCCCN1CCc2cc(C#N)ccc2C1	Dopamine D3 receptor	D3R	Ki	GPCR	train	non-cliff	5.96257	1090	-3.03743
CHEMBL234_Ki-3390	CCCCN1CCc2ccc(C#N)cc2C1	Dopamine D3 receptor	D3R	Ki	GPCR	train	non-cliff	6.82681	149	-2.17319
CHEMBL234_Ki-3391	N#Cc1ccc2c(c1)CN(CC[C@H]1CC[C@H](NC(=O)c3cc4ccccc4[nH]3)CC1)CC2	Dopamine D3 receptor	D3R	Ki	GPCR	train	non-cliff	8.40894	3.9	-0.591065
CHEMBL234_Ki-3392	O=C(NC[C@@H]1C[C@H]1CN1CCN(c2cccc(Cl)c2Cl)CC1)c1cc2ccccc2[nH]1	Dopamine D3 receptor	D3R	Ki	GPCR	train	non-cliff	9.34679	0.45	0.346787
CHEMBL234_Ki-3393	O=C(NC[C@@H]1C[C@H]1CN1CCN(c2cccc(Cl)c2Cl)CC1)c1ccnc2ccccc12	Dopamine D3 receptor	D3R	Ki	GPCR	test	non-cliff	8.82102	1.51	-0.178977
CHEMBL234_Ki-3394	N#Cc1cccc(N2CCN(C[C@@H]3C[C@H]3CNC(=O)c3ccnc4ccccc34)CC2)c1	Dopamine D3 receptor	D3R	Ki	GPCR	test	cliff	7.28651	51.7	-1.71349
CHEMBL234_Ki-3395	N#Cc1ccc2c(c1)CCN(C[C@@H]1C[C@H]1CNC(=O)c1ccnc3ccccc13)C2	Dopamine D3 receptor	D3R	Ki	GPCR	train	cliff	5.98297	1040	-3.01703
CHEMBL234_Ki-3396	N#Cc1ccc2c(c1)CN(C[C@@H]1C[C@H]1CNC(=O)c1ccnc3ccccc13)CC2	Dopamine D3 receptor	D3R	Ki	GPCR	train	non-cliff	6.59176	256	-2.40824
CHEMBL234_Ki-3397	N#Cc1ccc2c(c1)CN(C[C@@H]1C[C@H]1CNC(=O)c1cc3ccccc3[nH]1)CC2	Dopamine D3 receptor	D3R	Ki	GPCR	train	cliff	7.49485	32	-1.50515
CHEMBL234_Ki-3398	N#Cc1ccc2c(c1)CN(C[C@@H]1C[C@H]1CCNC(=O)c1cc3ccccc3[nH]1)CC2	Dopamine D3 receptor	D3R	Ki	GPCR	train	cliff	9.05061	0.89	0.05061
CHEMBL234_Ki-3399	N#Cc1ccc2c(c1)CN(C[C@@H]1C[C@H]1CCNC(=O)c1cc3cccnc3[nH]1)CC2	Dopamine D3 receptor	D3R	Ki	GPCR	train	cliff	8.6073	2.47	-0.392697
CHEMBL234_Ki-3400	N#Cc1ccc2c(c1)CN(CC[C@@H]1C[C@H]1CNC(=O)c1cc3ccccc3[nH]1)CC2	Dopamine D3 receptor	D3R	Ki	GPCR	test	cliff	8.00833	9.81	-0.991669
CHEMBL234_Ki-3401	N#Cc1ccc2c(c1)CN(CC[C@@H]1C[C@H]1CNC(=O)c1cc3cccnc3[nH]1)CC2	Dopamine D3 receptor	D3R	Ki	GPCR	train	cliff	7.63078	23.4	-1.36922
CHEMBL234_Ki-3402	CC(C)(C)c1nc(N2CCN(CCCCNC(=O)c3cc4ccccn4n3)CC2)cc(C(F)(F)F)n1	Dopamine D3 receptor	D3R	Ki	GPCR	train	cliff	8.92082	1.2	-0.0791812
CHEMBL234_Ki-3403	CC(C)(C)c1nc(N2CCN(CCCCNC(=O)c3cc4ccccc4s3)CC2)cc(C(F)(F)F)n1	Dopamine D3 receptor	D3R	Ki	GPCR	train	cliff	8.61979	2.4	-0.380211
CHEMBL234_Ki-3404	COc1cccc(-c2ccc3c(c2)CCN(Cc2ccccc2)C3)c1	Dopamine D3 receptor	D3R	Ki	GPCR	train	non-cliff	6.75696	175	-2.24304
CHEMBL234_Ki-3405	C=C(C)CN1CCN(c2ccc3c(c2)CN(C(=O)OCc2ccccc2)CC3)CC1	Dopamine D3 receptor	D3R	Ki	GPCR	train	non-cliff	6.5784	264	-2.4216
CHEMBL234_Ki-3406	O=C(OCc1ccccc1)N1CCc2ccc(N3CCN(C4CCCC4)CC3)cc2C1	Dopamine D3 receptor	D3R	Ki	GPCR	train	non-cliff	6.02182	951	-2.97818
CHEMBL234_Ki-3407	NCCCCCCn1cc(CCCCN2CCC(c3ccc(-c4cc(C(=O)O)cc5cc(-c6ccc(C(F)(F)F)cc6)ccc45)cc3)CC2)nn1	Dopamine D3 receptor	D3R	Ki	GPCR	test	non-cliff	5.79588	1600	-3.20412
CHEMBL234_Ki-3408	CCCN[C@H]1CCC2N=C(N)SC2C1	Dopamine D3 receptor	D3R	Ki	GPCR	test	cliff	9.30103	0.5	0.30103
CHEMBL234_Ki-3409	CCCN1CCC(c2cccc(O)c2)C1	Dopamine D3 receptor	D3R	Ki	GPCR	test	non-cliff	7.284	52	-1.716
CHEMBL234_Ki-3410	CCCCN1CCC(c2cccc(O)c2)C1	Dopamine D3 receptor	D3R	Ki	GPCR	test	non-cliff	6.48945	324	-2.51055
CHEMBL234_Ki-3411	CCCCCN1CCC(c2cccc(O)c2)C1	Dopamine D3 receptor	D3R	Ki	GPCR	test	cliff	6.88273	131	-2.11727
CHEMBL234_Ki-3412	CCCCCCN1CCC(c2cccc(O)c2)C1	Dopamine D3 receptor	D3R	Ki	GPCR	train	cliff	6.79048	162	-2.20952
CHEMBL234_Ki-3413	CCCCCCCN1CCC(c2cccc(O)c2)C1	Dopamine D3 receptor	D3R	Ki	GPCR	test	non-cliff	7.3098	49	-1.6902
CHEMBL234_Ki-3414	CCCCCCCCN1CCC(c2cccc(O)c2)C1	Dopamine D3 receptor	D3R	Ki	GPCR	test	non-cliff	7.72125	19	-1.27875
CHEMBL234_Ki-3415	CCCCCCCCCN1CCC(c2cccc(O)c2)C1	Dopamine D3 receptor	D3R	Ki	GPCR	test	cliff	8.1141	7.6895	-0.885898
CHEMBL234_Ki-3416	CCCCCCCCCCN1CCC(c2cccc(O)c2)C1	Dopamine D3 receptor	D3R	Ki	GPCR	train	non-cliff	7.38722	41	-1.61278
CHEMBL234_Ki-3417	CN(C)c1ccc(C(=O)NCCCCN2CCC(c3cccc(O)c3)C2)cc1	Dopamine D3 receptor	D3R	Ki	GPCR	train	non-cliff	7.73989	18.2017	-1.26011
CHEMBL234_Ki-3418	O=C1c2ccccc2C(=O)N1CCCCN1CCN(c2cccc(F)c2F)CC1	Dopamine D3 receptor	D3R	Ki	GPCR	train	non-cliff	7.71444	19.3	-1.28556
CHEMBL234_Ki-3419	OC1(c2ccc(Cl)c(C(F)(F)F)c2)CCN(CCCC=C(c2ccc(F)cc2)c2ccc(F)cc2)CC1	Dopamine D3 receptor	D3R	Ki	GPCR	test	non-cliff	6.25806	552	-2.74194
CHEMBL234_Ki-3420	OC1(c2ccc(Cl)c(C(F)(F)F)c2)CCN(CCCN(c2ccc(F)cc2)c2ccc(F)cc2)CC1	Dopamine D3 receptor	D3R	Ki	GPCR	train	non-cliff	6.32422	474	-2.67578
CHEMBL234_Ki-3421	OC1(c2ccc(Cl)c(C(F)(F)F)c2)CCN(CCCCN(c2ccc(F)cc2)c2ccc(F)cc2)CC1	Dopamine D3 receptor	D3R	Ki	GPCR	train	non-cliff	6.10679	782	-2.89321
CHEMBL234_Ki-3422	OC1(c2ccc(Cl)c(C(F)(F)F)c2)CCN(CCCCC(c2ccc(F)cc2)c2ccc(F)cc2)CC1	Dopamine D3 receptor	D3R	Ki	GPCR	train	non-cliff	6.67985	209	-2.32015
CHEMBL234_Ki-3423	OC1(c2ccc(Cl)c(C(F)(F)F)c2)CCN(CCCC(c2ccccc2)c2ccccc2)CC1	Dopamine D3 receptor	D3R	Ki	GPCR	train	non-cliff	7.20761	62	-1.79239
CHEMBL234_Ki-3424	COc1ccc(N(CCCCN2CCC(O)(c3ccc(Cl)c(C(F)(F)F)c3)CC2)c2ccc(OC)cc2)cc1	Dopamine D3 receptor	D3R	Ki	GPCR	train	non-cliff	6.35952	437	-2.64048
CHEMBL234_Ki-3425	OC1(c2ccc(Cl)c(C(F)(F)F)c2)CCN(CCCC(c2ccc(F)cc2)c2ccc(F)cc2)CC1	Dopamine D3 receptor	D3R	Ki	GPCR	train	non-cliff	6.86646	136	-2.13354
CHEMBL234_Ki-3426	COc1cc2c(cc1O)CN(CCCCNC(=O)c1ccc(C#N)cc1)CC2	Dopamine D3 receptor	D3R	Ki	GPCR	train	cliff	8.20066	6.3	-0.799341
CHEMBL234_Ki-3427	COc1cc2c(cc1O)CN(CCCCNC(=O)c1ccc(C(N)=O)cc1)CC2	Dopamine D3 receptor	D3R	Ki	GPCR	train	non-cliff	7.55284	28	-1.44716
CHEMBL234_Ki-3428	COc1cc2c(cc1O)CN(CCCCNC(=O)c1ccc(I)cc1)CC2	Dopamine D3 receptor	D3R	Ki	GPCR	test	cliff	8	10	-1
CHEMBL234_Ki-3429	COc1cc2c(cc1O)CN(CCCCNC(=O)c1ccc(Br)cc1)CC2	Dopamine D3 receptor	D3R	Ki	GPCR	train	cliff	8.46852	3.4	-0.531479
CHEMBL234_Ki-3430	COc1cc2c(cc1O)CN(CCCCNC(=O)c1ccc(Cl)cc1)CC2	Dopamine D3 receptor	D3R	Ki	GPCR	train	cliff	8.67778	2.1	-0.322219
CHEMBL234_Ki-3431	COc1cc2c(cc1O)CN(CCCCNC(=O)c1ccc(F)cc1)CC2	Dopamine D3 receptor	D3R	Ki	GPCR	train	cliff	8.35655	4.4	-0.643453
CHEMBL234_Ki-3432	COc1cccc(C(=O)NCCCCN2CCc3cc(OC)c(O)cc3C2)c1	Dopamine D3 receptor	D3R	Ki	GPCR	test	non-cliff	7.92082	12	-1.07918
CHEMBL234_Ki-3433	COc1ccc(C(=O)NCCCCN2CCc3cc(OC)c(O)cc3C2)cc1	Dopamine D3 receptor	D3R	Ki	GPCR	train	non-cliff	8.22915	5.9	-0.770852
CHEMBL234_Ki-3434	COc1cc2c(cc1O)CN(CCCCNC(=O)c1ccc(O)cc1)CC2	Dopamine D3 receptor	D3R	Ki	GPCR	train	cliff	8.06048	8.7	-0.939519
CHEMBL234_Ki-3435	COc1cc2c(cc1O)CN(CCCCNC(=O)c1ccncc1)CC2	Dopamine D3 receptor	D3R	Ki	GPCR	test	non-cliff	7.61979	24	-1.38021
CHEMBL234_Ki-3436	COc1cc2c(cc1O)CN(CCCCNC(=O)c1ccnc3ccccc13)CC2	Dopamine D3 receptor	D3R	Ki	GPCR	train	non-cliff	7.65758	22	-1.34242
CHEMBL234_Ki-3437	COc1cc2c(cc1O)CN(CCCCNC(=O)c1ccc3ccccc3c1)CC2	Dopamine D3 receptor	D3R	Ki	GPCR	train	non-cliff	8.56864	2.7	-0.431364
CHEMBL234_Ki-3438	COc1cc2c(cc1O)CN(CCCCNC(=O)c1ccc(-c3ccccc3)cc1)CC2	Dopamine D3 receptor	D3R	Ki	GPCR	train	non-cliff	8.56864	2.7	-0.431364
CHEMBL234_Ki-3439	COc1cc2c(cc1OC)CN(CCCCNC(=O)c1ccc(C#N)cc1)CC2	Dopamine D3 receptor	D3R	Ki	GPCR	train	cliff	6.38722	410	-2.61278
CHEMBL234_Ki-3440	CCCCCCCCCCC[C@@H]1CCN[C@H](C(=O)NCC(O)CO)C1	Dopamine D3 receptor	D3R	Ki	GPCR	train	non-cliff	5.3279	4700	-3.6721
CHEMBL234_Ki-3441	COc1ccccc1N1CCN(CCNC(=O)/N=N/c2ccc(F)cc2)CC1	Dopamine D3 receptor	D3R	Ki	GPCR	test	cliff	6.92082	120	-2.07918
CHEMBL234_Ki-3442	COc1ccccc1N1CCN(CCCNC(=O)/N=N/c2ccc(F)cc2)CC1	Dopamine D3 receptor	D3R	Ki	GPCR	train	cliff	6.85387	140	-2.14613
CHEMBL234_Ki-3443	COc1ccccc1N1CCN(CCNC(=O)NN(Cc2ccccc2)c2ccc(F)cc2)CC1	Dopamine D3 receptor	D3R	Ki	GPCR	train	cliff	6.1549	700	-2.8451
CHEMBL234_Ki-3444	COc1ccccc1N1CCN(CCCNC(=O)NN(Cc2ccccc2)c2ccc(F)cc2)CC1	Dopamine D3 receptor	D3R	Ki	GPCR	train	cliff	7.60206	25	-1.39794
CHEMBL234_Ki-3445	COc1ccccc1N1CCN(CCCCNC(=O)NN(Cc2ccccc2)c2ccc(F)cc2)CC1	Dopamine D3 receptor	D3R	Ki	GPCR	train	non-cliff	7.11919	76	-1.88081
CHEMBL234_Ki-3446	COc1ccccc1N1CCN(CCCNC(=O)NN(Cc2ccccc2)c2ccccc2)CC1	Dopamine D3 receptor	D3R	Ki	GPCR	train	non-cliff	6.76955	170	-2.23045
CHEMBL234_Ki-3447	COc1ccccc1N1CCN(CCCNC(=O)NN(Cc2ccc(F)cc2)c2ccccc2)CC1	Dopamine D3 receptor	D3R	Ki	GPCR	train	cliff	6.50864	310	-2.49136
CHEMBL234_Ki-3448	COc1ccccc1N1CCN(CCCNC(=O)NN(Cc2ccccc2F)c2ccc(F)cc2)CC1	Dopamine D3 receptor	D3R	Ki	GPCR	train	non-cliff	6.79588	160	-2.20412
CHEMBL234_Ki-3449	COc1ccccc1N1CCN(CCCNC(=O)NN(Cc2cccc(F)c2)c2ccc(F)cc2)CC1	Dopamine D3 receptor	D3R	Ki	GPCR	train	non-cliff	7.05552	88	-1.94448
CHEMBL234_Ki-3450	COc1ccccc1N1CCN(CCCNC(=O)NN(Cc2ccc(F)cc2)c2ccc(F)cc2)CC1	Dopamine D3 receptor	D3R	Ki	GPCR	train	non-cliff	7.07058	85	-1.92942
CHEMBL234_Ki-3451	COc1cccc(CN(NC(=O)NCCCN2CCN(c3ccccc3OC)CC2)c2ccc(F)cc2)c1	Dopamine D3 receptor	D3R	Ki	GPCR	train	non-cliff	6.82391	150	-2.17609
CHEMBL234_Ki-3452	COc1ccccc1N1CCN(CCCNC(=O)NN(Cc2ccc(C#N)cc2)c2ccc(F)cc2)CC1	Dopamine D3 receptor	D3R	Ki	GPCR	train	cliff	6.19382	640	-2.80618
CHEMBL234_Ki-3453	COc1ccccc1N1CCN(CCCNC(=O)NN(Cc2ccc(-c3ccccc3)cc2)c2ccc(F)cc2)CC1	Dopamine D3 receptor	D3R	Ki	GPCR	train	non-cliff	6.95861	110	-2.04139
CHEMBL234_Ki-3454	COc1ccccc1N1CCN(CCCNC(=O)NN(Cc2ccccc2)c2ccc(Cl)cc2)CC1	Dopamine D3 receptor	D3R	Ki	GPCR	train	non-cliff	6.88606	130	-2.11394
CHEMBL234_Ki-3455	COc1ccccc1N1CCN(CCCNC(=O)NN(Cc2ccccc2F)c2ccc(Cl)cc2)CC1	Dopamine D3 receptor	D3R	Ki	GPCR	train	non-cliff	7.02228	95	-1.97772
CHEMBL234_Ki-3456	COc1ccccc1N1CCN(CCCNC(=O)NN(Cc2ccccc2)c2ccc(Cl)cc2Cl)CC1	Dopamine D3 receptor	D3R	Ki	GPCR	train	cliff	7.21467	61	-1.78533
CHEMBL234_Ki-3457	COc1ccccc1N1CCN(CCCNC(=O)NN(Cc2ccc(C#N)cc2)c2ccc(Cl)cc2Cl)CC1	Dopamine D3 receptor	D3R	Ki	GPCR	test	non-cliff	6.55284	280	-2.44716
CHEMBL234_Ki-3458	COc1ccccc1N1CCN(CCCNC(=O)NN(Cc2ccccc2)c2ccc(Br)cc2)CC1	Dopamine D3 receptor	D3R	Ki	GPCR	train	non-cliff	6.88606	130	-2.11394
CHEMBL234_Ki-3459	COc1ccccc1N1CCN(CCCNC(=O)NN(Cc2ccccc2F)c2ccc(Br)cc2)CC1	Dopamine D3 receptor	D3R	Ki	GPCR	train	non-cliff	7.03621	92	-1.96379
CHEMBL234_Ki-3460	COc1ccc(N(Cc2ccccc2)NC(=O)NCCCN2CCN(c3ccccc3OC)CC2)cc1	Dopamine D3 receptor	D3R	Ki	GPCR	train	non-cliff	6.92082	120	-2.07918
CHEMBL234_Ki-3461	COc1ccc(N(Cc2ccccc2F)NC(=O)NCCCN2CCN(c3ccccc3OC)CC2)cc1	Dopamine D3 receptor	D3R	Ki	GPCR	test	non-cliff	7.11919	76	-1.88081
CHEMBL234_Ki-3462	COc1ccc(N(Cc2cccc(F)c2)NC(=O)NCCCN2CCN(c3ccccc3OC)CC2)cc1	Dopamine D3 receptor	D3R	Ki	GPCR	test	non-cliff	7.0655	86	-1.9345
CHEMBL234_Ki-3463	COc1ccc(N(Cc2ccc(F)cc2)NC(=O)NCCCN2CCN(c3ccccc3OC)CC2)cc1	Dopamine D3 receptor	D3R	Ki	GPCR	test	cliff	6.39794	400	-2.60206
CHEMBL234_Ki-3464	COc1ccc(N(Cc2cccc(OC)c2)NC(=O)NCCCN2CCN(c3ccccc3OC)CC2)cc1	Dopamine D3 receptor	D3R	Ki	GPCR	test	non-cliff	6.49485	320	-2.50515
CHEMBL234_Ki-3465	COc1ccc(N(Cc2ccc(C#N)cc2)NC(=O)NCCCN2CCN(c3ccccc3OC)CC2)cc1	Dopamine D3 receptor	D3R	Ki	GPCR	train	non-cliff	6.65758	220	-2.34242
CHEMBL234_Ki-3466	C=CCN(NC(=O)NCCCN1CCN(c2ccccc2OC)CC1)c1ccc(OC)cc1	Dopamine D3 receptor	D3R	Ki	GPCR	train	non-cliff	6.18046	660	-2.81954
CHEMBL234_Ki-3467	C=C(C)CN(NC(=O)NCCCN1CCN(c2ccccc2OC)CC1)c1ccc(OC)cc1	Dopamine D3 receptor	D3R	Ki	GPCR	train	non-cliff	6.0655	860	-2.9345
CHEMBL234_Ki-3468	O=C(NCCCN1CCN(c2ccc(Cl)cc2)CC1)NN(Cc1ccccc1)c1ccccc1	Dopamine D3 receptor	D3R	Ki	GPCR	test	non-cliff	5.95861	1100	-3.04139
CHEMBL234_Ki-3469	O=C(NCCCN1CCN(c2ccc(Br)cc2)CC1)NN(Cc1ccccc1)c1ccccc1	Dopamine D3 receptor	D3R	Ki	GPCR	train	non-cliff	5.82391	1500	-3.17609
CHEMBL234_Ki-3470	O=C(NCCCN1CCN(c2ncccn2)CC1)NN(Cc1ccccc1)c1ccccc1	Dopamine D3 receptor	D3R	Ki	GPCR	train	non-cliff	5.69897	2000	-3.30103
CHEMBL234_Ki-3471	O=C(NCCCN1CCN(c2ccc(Cl)cc2)CC1)NN(Cc1ccc(F)cc1)c1ccccc1	Dopamine D3 receptor	D3R	Ki	GPCR	train	non-cliff	6.07058	850	-2.92942
CHEMBL234_Ki-3472	O=C(NCCCN1CCN(c2ccc(Br)cc2)CC1)NN(Cc1ccc(F)cc1)c1ccccc1	Dopamine D3 receptor	D3R	Ki	GPCR	train	non-cliff	5.85387	1400	-3.14613
CHEMBL234_Ki-3473	O=C(NCCCN1CCN(c2ncccn2)CC1)NN(Cc1ccc(F)cc1)c1ccccc1	Dopamine D3 receptor	D3R	Ki	GPCR	train	non-cliff	5.72125	1900	-3.27875
CHEMBL234_Ki-3474	O=C(NCCN1CCN(c2ccc(Br)cc2)CC1)NN(Cc1ccccc1)c1ccccc1	Dopamine D3 receptor	D3R	Ki	GPCR	test	non-cliff	5.74473	1800	-3.25527
CHEMBL234_Ki-3475	O=C(NCCCN1CCN(c2ccc(I)cc2)CC1)NN(Cc1ccccc1)c1ccccc1	Dopamine D3 receptor	D3R	Ki	GPCR	train	non-cliff	5.88606	1300	-3.11394
CHEMBL234_Ki-3476	O=C(NCCN1CCN(c2ccc(I)cc2)CC1)NN(Cc1ccccc1)c1ccccc1	Dopamine D3 receptor	D3R	Ki	GPCR	train	non-cliff	5.74473	1800	-3.25527
CHEMBL234_Ki-3477	COc1ccccc1N1CCN(CCCCOc2ccc3scnc3c2)CC1	Dopamine D3 receptor	D3R	Ki	GPCR	train	cliff	8.07002	8.511	-0.929981
CHEMBL234_Ki-3478	COc1ccccc1N1CCN(CCCCOc2ccc3sc(N)nc3c2)CC1	Dopamine D3 receptor	D3R	Ki	GPCR	train	non-cliff	8.51999	3.02	-0.480007
CHEMBL234_Ki-3479	C=CCN1CCc2nc(N)sc2CC1	Dopamine D3 receptor	D3R	Ki	GPCR	train	non-cliff	7.16999	67.61	-1.83001
CHEMBL234_Ki-3480	Nc1nc2c(s1)CCN(CCCCN1CCN(c3cccc(Cl)c3Cl)CC1)CC2	Dopamine D3 receptor	D3R	Ki	GPCR	train	non-cliff	7.59007	25.7	-1.40993
CHEMBL234_Ki-3481	Nc1nc2c(s1)CCN(CCCCN1CCN(c3ncccn3)CC1)CC2	Dopamine D3 receptor	D3R	Ki	GPCR	train	non-cliff	5.42	3801.89	-3.58
CHEMBL234_Ki-3482	Clc1cccc(N2CCN(CCCCN3CCc4ncsc4CC3)CC2)c1Cl	Dopamine D3 receptor	D3R	Ki	GPCR	train	non-cliff	7.55006	28.18	-1.44994
CHEMBL234_Ki-3483	c1cnc(N2CCN(CCCCN3CCc4ncsc4CC3)CC2)nc1	Dopamine D3 receptor	D3R	Ki	GPCR	train	cliff	5.51	3090.3	-3.49
CHEMBL234_Ki-3484	O=C(c1ccccc1)N1CCN(CCN2CCc3ncsc3CC2)CC1	Dopamine D3 receptor	D3R	Ki	GPCR	train	cliff	4.91	12302.7	-4.09
CHEMBL234_Ki-3485	COc1ccccc1N1CCN(CCN2CCc3ncsc3CC2)CC1	Dopamine D3 receptor	D3R	Ki	GPCR	test	non-cliff	6.62001	239.88	-2.37999
CHEMBL234_Ki-3486	COc1ccccc1N1CCN(CCCN2CCc3ncsc3CC2)CC1	Dopamine D3 receptor	D3R	Ki	GPCR	train	non-cliff	6.78	165.96	-2.22
CHEMBL234_Ki-3487	COc1ccccc1N1CCN(CCCCN2CCc3ncsc3CC2)CC1	Dopamine D3 receptor	D3R	Ki	GPCR	train	non-cliff	6.51	309.03	-2.49
CHEMBL234_Ki-3488	c1nc2c(s1)CCN(CCCCN1CCc3ncsc3CC1)CC2	Dopamine D3 receptor	D3R	Ki	GPCR	train	non-cliff	5.42	3801.89	-3.58
CHEMBL234_Ki-3489	O=C(NCCCCN1CCc2ncsc2CC1)C12CC3CC(CC(C3)C1)C2	Dopamine D3 receptor	D3R	Ki	GPCR	train	non-cliff	6.35	446.68	-2.65
CHEMBL234_Ki-3490	COc1ccccc1N1CCN(CCCN2CCCc3ncsc3C2)CC1	Dopamine D3 receptor	D3R	Ki	GPCR	train	cliff	6.59	257.04	-2.41
CHEMBL234_Ki-3491	CN1CCc2cc(O)c(O)c3c2C1Cc1ccccc1-3	Dopamine D3 receptor	D3R	Ki	GPCR	train	non-cliff	6.07838	834.88	-2.92162
CHEMBL234_Ki-3492	CN1CCc2cc(O)c(O)cc2C1Cc1ccccc1Br	Dopamine D3 receptor	D3R	Ki	GPCR	train	non-cliff	6.70777	195.99	-2.29223
CHEMBL234_Ki-3493	COc1ccc(N2CCN(CCCCNC(=O)c3ccc(-c4ccsc4)cc3)CC2)cc1	Dopamine D3 receptor	D3R	Ki	GPCR	train	cliff	7.70333	19.8	-1.29667
CHEMBL234_Ki-3494	O=C(NCCCCN1CCN(c2ccccc2OCCF)CC1)c1ccc(-c2ccsc2)cc1	Dopamine D3 receptor	D3R	Ki	GPCR	test	cliff	7.55752	27.7	-1.44248
CHEMBL234_Ki-3495	CCCCN1CCN(c2ccccc2OCCF)CC1	Dopamine D3 receptor	D3R	Ki	GPCR	train	non-cliff	7.73283	18.5	-1.26717
CHEMBL234_Ki-3496	O=C(NCCCCN1CCN(c2ccccc2)CC1)c1ccc(-c2ccsc2)cc1	Dopamine D3 receptor	D3R	Ki	GPCR	train	cliff	8.09691	8	-0.90309
CHEMBL234_Ki-3497	O=C(NCCCCN1CCN(c2ccccc2Cl)CC1)c1ccc(-c2ccsc2)cc1	Dopamine D3 receptor	D3R	Ki	GPCR	train	cliff	9.25964	0.55	0.259637
CHEMBL234_Ki-3498	O=C(NCCCCN1CCN(c2cccc(Cl)c2)CC1)c1ccc(-c2ccsc2)cc1	Dopamine D3 receptor	D3R	Ki	GPCR	train	cliff	8.08092	8.3	-0.919078
CHEMBL234_Ki-3499	O=C(NCCCCN1CCN(c2ccc(Cl)cc2)CC1)c1ccc(-c2ccsc2)cc1	Dopamine D3 receptor	D3R	Ki	GPCR	train	cliff	7.48545	32.7	-1.51455
CHEMBL234_Ki-3500	O=C(NCCCCN1CCN(c2cccc(Cl)c2Cl)CC1)c1ccc(-c2ccsc2)cc1	Dopamine D3 receptor	D3R	Ki	GPCR	train	cliff	9.05061	0.89	0.05061
CHEMBL234_Ki-3501	O=C(NCCCCN1CCN(c2ccc(Cl)cc2Cl)CC1)c1ccc(-c2ccsc2)cc1	Dopamine D3 receptor	D3R	Ki	GPCR	train	non-cliff	8.42022	3.8	-0.579784
CHEMBL234_Ki-3502	O=C(NCCCCN1CCN(c2cc(Cl)cc(Cl)c2)CC1)c1ccc(-c2ccsc2)cc1	Dopamine D3 receptor	D3R	Ki	GPCR	train	cliff	9.35655	0.44	0.356547
CHEMBL234_Ki-3503	COc1ccccc1N1CCN(CCCCNC(=O)c2ccc(-c3ccsc3)cc2)CC1	Dopamine D3 receptor	D3R	Ki	GPCR	train	cliff	9.69897	0.2	0.69897
CHEMBL234_Ki-3504	COc1cccc(N2CCN(CCCCNC(=O)c3ccc(-c4ccsc4)cc3)CC2)c1	Dopamine D3 receptor	D3R	Ki	GPCR	train	cliff	7.74473	18	-1.25527
CHEMBL234_Ki-3505	O=C(NCCCCN1CCN(c2ccccc2O)CC1)c1ccc(-c2ccsc2)cc1	Dopamine D3 receptor	D3R	Ki	GPCR	train	cliff	7.77728	16.7	-1.22272
CHEMBL234_Ki-3506	O=C(NCCCCN1CCN(c2cccc(O)c2)CC1)c1ccc(-c2ccsc2)cc1	Dopamine D3 receptor	D3R	Ki	GPCR	train	cliff	9.3279	0.47	0.327902
CHEMBL234_Ki-3507	O=C(NCCCCN1CCN(c2ccc(O)cc2)CC1)c1ccc(-c2ccsc2)cc1	Dopamine D3 receptor	D3R	Ki	GPCR	train	cliff	7.86646	13.6	-1.13354
CHEMBL234_Ki-3508	Cc1ccccc1N1CCN(CCCCNC(=O)c2ccc(-c3ccsc3)cc2)CC1	Dopamine D3 receptor	D3R	Ki	GPCR	train	cliff	9.16749	0.68	0.167491
CHEMBL234_Ki-3509	Cc1cccc(N2CCN(CCCCNC(=O)c3ccc(-c4ccsc4)cc3)CC2)c1	Dopamine D3 receptor	D3R	Ki	GPCR	train	cliff	7.65956	21.9	-1.34044
CHEMBL234_Ki-3510	Cc1ccc(N2CCN(CCCCNC(=O)c3ccc(-c4ccsc4)cc3)CC2)cc1	Dopamine D3 receptor	D3R	Ki	GPCR	train	cliff	7.44249	36.1	-1.55751
CHEMBL234_Ki-3511	N#Cc1ccccc1N1CCN(CCCCNC(=O)c2ccc(-c3ccsc3)cc2)CC1	Dopamine D3 receptor	D3R	Ki	GPCR	train	cliff	9.60206	0.25	0.60206
CHEMBL234_Ki-3512	N#Cc1cccc(N2CCN(CCCCNC(=O)c3ccc(-c4ccsc4)cc3)CC2)c1	Dopamine D3 receptor	D3R	Ki	GPCR	train	cliff	9.30103	0.5	0.30103
CHEMBL234_Ki-3513	N#Cc1ccc(N2CCN(CCCCNC(=O)c3ccc(-c4ccsc4)cc3)CC2)cc1	Dopamine D3 receptor	D3R	Ki	GPCR	test	cliff	5.62379	2378	-3.37621
CHEMBL234_Ki-3514	O=C(NCCCCN1CCN(c2ccccc2C(F)(F)F)CC1)c1ccc(-c2ccsc2)cc1	Dopamine D3 receptor	D3R	Ki	GPCR	train	non-cliff	8.82391	1.5	-0.176091
CHEMBL234_Ki-3515	O=C(NCCCCN1CCN(c2cccc(C(F)(F)F)c2)CC1)c1ccc(-c2ccsc2)cc1	Dopamine D3 receptor	D3R	Ki	GPCR	train	cliff	9.38722	0.41	0.387216
CHEMBL234_Ki-3516	O=C(NCCCCN1CCN(c2ccc(C(F)(F)F)cc2)CC1)c1ccc(-c2ccsc2)cc1	Dopamine D3 receptor	D3R	Ki	GPCR	train	cliff	7.10624	78.3	-1.89376
CHEMBL234_Ki-3517	CCCN1CCO[C@@H]2c3cc(OCCCCN4C(=O)c5ccccc5C4=O)ccc3OC[C@H]21	Dopamine D3 receptor	D3R	Ki	GPCR	train	non-cliff	5.92445	1190	-3.07555
CHEMBL234_Ki-3518	CCCN1CCO[C@@H]2c3cc(OCCCCNC(=O)c4ccc5c(c4)Cc4ccccc4-5)ccc3OC[C@H]21	Dopamine D3 receptor	D3R	Ki	GPCR	train	non-cliff	6.09366	806	-2.90634
CHEMBL234_Ki-3519	CCCN1CCO[C@@H]2c3cc(OCCCCNC(=O)c4cc5ccccc5[nH]4)ccc3OC[C@H]21	Dopamine D3 receptor	D3R	Ki	GPCR	train	cliff	6.21254	613	-2.78746
CHEMBL234_Ki-3520	CCCN1CCO[C@@H]2c3cc(OCCCCNC(=O)c4cc5ccccc5o4)ccc3OC[C@H]21	Dopamine D3 receptor	D3R	Ki	GPCR	train	non-cliff	5.22113	6010	-3.77887
CHEMBL234_Ki-3521	CCCN1CCO[C@@H]2c3cc(OCCCCNC(=O)c4nc5ccccc5s4)ccc3OC[C@H]21	Dopamine D3 receptor	D3R	Ki	GPCR	train	non-cliff	5.87615	1330	-3.12385
CHEMBL234_Ki-3522	CCCN1CCO[C@@H]2c3cc(OCCCCNC(=O)c4ccc5scnc5c4)ccc3OC[C@H]21	Dopamine D3 receptor	D3R	Ki	GPCR	train	non-cliff	5.67162	2130	-3.32838
CHEMBL234_Ki-3523	CCCN1CCO[C@@H]2c3cc(OCCCCNC(=O)c4cc5cccnc5[nH]4)ccc3OC[C@H]21	Dopamine D3 receptor	D3R	Ki	GPCR	test	cliff	5.06248	8660	-3.93752
CHEMBL234_Ki-3524	CCCN1CCO[C@@H]2c3cc(OCCCCOc4ccc5c(c4)NC(=O)CC5)ccc3OC[C@H]21	Dopamine D3 receptor	D3R	Ki	GPCR	train	non-cliff	5.7986	1590	-3.2014
CHEMBL234_Ki-3525	Oc1ccc2c(c1)[C@H]1OCCN[C@@H]1CO2	Dopamine D3 receptor	D3R	Ki	GPCR	train	non-cliff	6.39469	403	-2.60531
CHEMBL234_Ki-3526	O=C1CCc2ccc(OCCCCN3CCO[C@@H]4c5cc(O)ccc5OC[C@H]43)cc2N1	Dopamine D3 receptor	D3R	Ki	GPCR	test	non-cliff	4.94692	11300	-4.05308
CHEMBL234_Ki-3527	CCc1cc(Cl)c(OC)c(N2CCN(CCCCOc3ccc4c(c3)NC(=O)CC4)CC2)c1	Dopamine D3 receptor	D3R	Ki	GPCR	test	non-cliff	7.38828	40.9	-1.61172
CHEMBL234_Ki-3528	CCc1cccc(N2CCN(CCCCOc3ccc4c(c3)NC(=O)CC4)CC2)c1Cl	Dopamine D3 receptor	D3R	Ki	GPCR	train	non-cliff	8.61618	2.42	-0.383815
CHEMBL234_Ki-3529	CCCN1CC(c2ccc(N)nc2)OC[C@@H]1C	Dopamine D3 receptor	D3R	Ki	GPCR	train	non-cliff	6.73283	185	-2.26717
CHEMBL234_Ki-3530	CCCN(CCC)c1ccc(C2CN(CCC)[C@@H](C)CO2)cn1	Dopamine D3 receptor	D3R	Ki	GPCR	train	non-cliff	4.67572	21100	-4.32428
CHEMBL234_Ki-3531	C[C@H]1CO[C@H](c2ccc(N)nc2)CN1CCCCNC(=O)c1cc2ccccc2[nH]1	Dopamine D3 receptor	D3R	Ki	GPCR	train	non-cliff	5.1891	6470	-3.8109
CHEMBL234_Ki-3532	C[C@H]1CO[C@@H](c2ccc(N)nc2)CN1C[C@H]1C[C@@H]1CCNC(=O)c1cc2ccccc2[nH]1	Dopamine D3 receptor	D3R	Ki	GPCR	train	non-cliff	8.44309	3.605	-0.556905
CHEMBL234_Ki-3533	COc1ccc2[nH]cc(C3=CCN(Cc4cc(=O)[nH]c5ccccc45)CC3)c2c1	Dopamine D3 receptor	D3R	Ki	GPCR	train	non-cliff	6.21183	614	-2.78817
CHEMBL234_Ki-3534	COc1cc2c(cc1OC)C(=O)N(CCCCN1CCN(c3ccccn3)CC1)CCC2	Dopamine D3 receptor	D3R	Ki	GPCR	train	non-cliff	8.52288	3	-0.477121
CHEMBL234_Ki-3535	Cc1cccc2cc(CNCc3ccccc3)c(Cl)nc12	Dopamine D3 receptor	D3R	Ki	GPCR	test	non-cliff	5.79588	1600	-3.20412
CHEMBL234_Ki-3536	Cc1ccc(C(=O)C2CCN(CC(=O)NC3CCCC3)CC2)cc1	Dopamine D3 receptor	D3R	Ki	GPCR	test	non-cliff	4.95861	11000	-4.04139
CHEMBL234_Ki-3537	COc1ccccc1OCCNCC1OCCOC1(c1ccccc1)c1ccccc1	Dopamine D3 receptor	D3R	Ki	GPCR	train	non-cliff	6.27	537.03	-2.73
CHEMBL234_Ki-3538	COc1ccccc1N1CCN(CC2COCC(c3ccccc3)(c3ccccc3)O2)CC1	Dopamine D3 receptor	D3R	Ki	GPCR	test	non-cliff	6.59	257.04	-2.41
CHEMBL234_Ki-3539	COc1ccccc1N1CCN(C[C@H]2OCCOC2(c2ccccc2)c2ccccc2)CC1	Dopamine D3 receptor	D3R	Ki	GPCR	train	non-cliff	5.54	2884.03	-3.46
CHEMBL234_Ki-3540	Cc1cc(Oc2nccc3occc23)ccc1-c1c(C)ncc2nccn12	Dopamine D3 receptor	D3R	Ki	GPCR	train	non-cliff	5.10237	7900	-3.89763
CHEMBL234_Ki-3541	Cc1ncc2nccn2c1-c1ccc(Oc2nccc3occc23)cc1C(F)(F)F	Dopamine D3 receptor	D3R	Ki	GPCR	train	non-cliff	5.09151	8100	-3.90849
CHEMBL234_Ki-3542	FC(F)(F)c1cc(Oc2nccc3ccsc23)ccc1-c1cccc2nccn12	Dopamine D3 receptor	D3R	Ki	GPCR	test	non-cliff	5.20761	6200	-3.79239
CHEMBL234_Ki-3543	Cc1ccc(C2CCN(CC(=O)Nc3cccc(C)c3)CC2)cc1	Dopamine D3 receptor	D3R	Ki	GPCR	train	non-cliff	5.43403	3681	-3.56597
CHEMBL234_Ki-3544	Cc1cccc(NC(=O)CN2CCC(c3ccc(Cl)cc3)CC2)c1	Dopamine D3 receptor	D3R	Ki	GPCR	train	non-cliff	4.57971	26320	-4.42029
CHEMBL234_Ki-3545	CCc1cccc(NC(=O)CN2CCC(c3ccccn3)CC2)c1	Dopamine D3 receptor	D3R	Ki	GPCR	train	cliff	6.30452	496	-2.69548
CHEMBL234_Ki-3546	Cc1cccc(NC(=O)CN2CCN(c3ccccn3)CC2)c1	Dopamine D3 receptor	D3R	Ki	GPCR	test	cliff	5.18842	6480	-3.81158
CHEMBL234_Ki-3547	Cc1cccc(NC(=O)CN2CCN(c3ncccn3)CC2)c1	Dopamine D3 receptor	D3R	Ki	GPCR	train	cliff	5.22257	5990	-3.77743
CHEMBL234_Ki-3548	CCc1cccc(NC(=O)CN2CCN(c3ccccn3)CC2)c1	Dopamine D3 receptor	D3R	Ki	GPCR	train	non-cliff	5.82681	1490	-3.17319
CHEMBL234_Ki-3549	COc1ccccc1N1CCC2(CCN(CCCSc3nnc(-c4ccc(N(C)C)cc4)n3C)CC2)CC1	Dopamine D3 receptor	D3R	Ki	GPCR	train	non-cliff	6.86012	138	-2.13988
CHEMBL234_Ki-3550	COc1ccccc1-c1nnc(SCCCN2CCC3(CC2)CCN(c2ccccc2OC)CC3)n1C	Dopamine D3 receptor	D3R	Ki	GPCR	test	non-cliff	7.20066	63	-1.79934
CHEMBL234_Ki-3551	COc1ccccc1N1CCC2(CCN(CCCSc3nnc(-c4cccnc4)n3C)CC2)CC1	Dopamine D3 receptor	D3R	Ki	GPCR	test	cliff	6.67162	213	-2.32838
CHEMBL234_Ki-3552	COc1ccccc1N1CCC2(CCN(CCCSc3nnc(-c4ccc(-c5ccsc5)cc4)n3C)CC2)CC1	Dopamine D3 receptor	D3R	Ki	GPCR	train	cliff	6.99568	101	-2.00432
CHEMBL234_Ki-3553	COc1ccccc1N1CCC2(CCN(CCCSc3nnc(-c4ccc(-c5ncco5)cc4)n3C)CC2)CC1	Dopamine D3 receptor	D3R	Ki	GPCR	train	cliff	7.59517	25.4	-1.40483
CHEMBL234_Ki-3554	COc1ccccc1N1CCC2(CCN(CCCSc3nnc(-c4ccccc4F)n3C)CC2)CC1	Dopamine D3 receptor	D3R	Ki	GPCR	train	cliff	7.5867	25.9	-1.4133
CHEMBL234_Ki-3555	COc1ccccc1N1CCC2(CCN(CCCSc3nnc(-c4ccc(F)cc4)n3C)CC2)CC1	Dopamine D3 receptor	D3R	Ki	GPCR	train	cliff	7.40012	39.8	-1.59988
CHEMBL234_Ki-3556	COc1ccccc1N1CCC2(CCN(CCCSc3nnc(C4CCCCC4)n3C)CC2)CC1	Dopamine D3 receptor	D3R	Ki	GPCR	train	cliff	7.24413	57	-1.75587
CHEMBL234_Ki-3557	CCn1c(SCCCN2CCC3(CC2)CCN(c2ccccc2OC)CC3)nnc1-c1ccccc1	Dopamine D3 receptor	D3R	Ki	GPCR	train	cliff	7.31247	48.7	-1.68753
CHEMBL234_Ki-3558	COc1ccccc1N1CCC2(CCN(CCCSc3nnc(-c4ccccc4)n3N)CC2)CC1	Dopamine D3 receptor	D3R	Ki	GPCR	train	cliff	7.12494	75	-1.87506
CHEMBL234_Ki-3559	COc1ccccc1N1CCC2(CCN(CCCSc3nnc(-c4ccccc4)[nH]3)CC2)CC1	Dopamine D3 receptor	D3R	Ki	GPCR	train	cliff	7.48812	32.5	-1.51188
CHEMBL234_Ki-3560	COc1ccccc1N1CCC2(CCN(CCCSc3ncc(-c4ccccc4)[nH]3)CC2)CC1	Dopamine D3 receptor	D3R	Ki	GPCR	test	cliff	6.4168	383	-2.5832
CHEMBL234_Ki-3561	COc1ccccc1N1CCC2(CCN(CCCSc3ncc(-c4ccccc4)n3C)CC2)CC1	Dopamine D3 receptor	D3R	Ki	GPCR	train	cliff	6.37882	418	-2.62118
CHEMBL234_Ki-3562	COc1ccccc1N1CCC2(CCN(CCSc3nnc(-c4ccccc4)n3C)CC2)CC1	Dopamine D3 receptor	D3R	Ki	GPCR	train	cliff	7.04721	89.7	-1.95279
CHEMBL234_Ki-3563	COc1ccccc1N1CCC2(CCN(CCCCSc3nnc(-c4ccccc4)n3C)CC2)CC1	Dopamine D3 receptor	D3R	Ki	GPCR	train	cliff	7.22768	59.2	-1.77232
CHEMBL234_Ki-3564	CCOc1ccccc1N1CCC2(CCN(CCCSc3nnc(-c4ccccc4)n3C)CC2)CC1	Dopamine D3 receptor	D3R	Ki	GPCR	test	cliff	7.34582	45.1	-1.65418
CHEMBL234_Ki-3565	Cn1c(SCCCN2CCC3(CC2)CCN(c2ccccc2O)CC3)nnc1-c1ccccc1	Dopamine D3 receptor	D3R	Ki	GPCR	train	cliff	6.4023	396	-2.5977
CHEMBL234_Ki-3566	Cn1c(SCCCN2CCC3(CC2)CCN(c2ccccc2OCCF)CC3)nnc1-c1ccccc1	Dopamine D3 receptor	D3R	Ki	GPCR	train	cliff	7.47756	33.3	-1.52244
CHEMBL234_Ki-3567	COc1ccc(N2CCC3(CCN(CCCSc4nnc(-c5ccccc5)n4C)CC3)CC2)c(OC)c1	Dopamine D3 receptor	D3R	Ki	GPCR	train	non-cliff	6.95078	112	-2.04922
CHEMBL234_Ki-3568	Cn1c(SCCCN2CCC3(CC2)CCN(c2ccccc2F)CC3)nnc1-c1ccccc1	Dopamine D3 receptor	D3R	Ki	GPCR	train	non-cliff	6.68194	208	-2.31806
CHEMBL234_Ki-3569	Cn1c(SCCCN2CCC3(CC2)CCN(c2ccc(C(F)(F)F)cc2F)CC3)nnc1-c1ccccc1	Dopamine D3 receptor	D3R	Ki	GPCR	test	non-cliff	6.4318	370	-2.5682
CHEMBL234_Ki-3570	COc1cc(F)ccc1N1CCC2(CCN(CCCSc3nnc(-c4ccccc4)n3C)CC2)CC1	Dopamine D3 receptor	D3R	Ki	GPCR	train	cliff	7.67778	21	-1.32222
CHEMBL234_Ki-3571	COc1ccccc1N1C=CC2(CCN(CCCSc3nnc(-c4ccccc4)n3C)CC2)CC1	Dopamine D3 receptor	D3R	Ki	GPCR	train	cliff	8.49485	3.2	-0.50515
CHEMBL234_Ki-3572	COc1ccccc1N1CCC2(CCN(CCCSc3nnc(-c4ccccc4)n3C)C2)CC1	Dopamine D3 receptor	D3R	Ki	GPCR	train	cliff	7.55596	27.8	-1.44404
CHEMBL234_Ki-3573	COc1ccccc1N1CCC2(CCN(CCCCNC(=O)c3ccc(-c4ccsc4)cc3)CC2)CC1	Dopamine D3 receptor	D3R	Ki	GPCR	train	non-cliff	7.03198	92.9	-1.96802
CHEMBL234_Ki-3574	COc1ccccc1N1CCC2(CCN(CCCCNC(=O)c3ccc(N(C)C)cc3)CC2)CC1	Dopamine D3 receptor	D3R	Ki	GPCR	train	non-cliff	7.21112	61.5	-1.78888
CHEMBL234_Ki-3575	COc1ccccc1N1CCC2(CCN(CCCOc3ccc4c(c3)NC(=O)CC4)CC2)CC1	Dopamine D3 receptor	D3R	Ki	GPCR	train	non-cliff	4.83603	14587	-4.16397
CHEMBL234_Ki-3576	CCCCN1CCC2(CC1)CCN(c1ccccc1OC)CC2	Dopamine D3 receptor	D3R	Ki	GPCR	train	non-cliff	5.55705	2773	-3.44295
CHEMBL234_Ki-3577	CCCCN1CCC2(CC1)CCN(c1ccccc1OC)C2	Dopamine D3 receptor	D3R	Ki	GPCR	train	non-cliff	5.17737	6647	-3.82263
CHEMBL234_Ki-3578	CCCCN1CCC2(CCN(c3ccccc3OC)C2)C1	Dopamine D3 receptor	D3R	Ki	GPCR	train	non-cliff	4.63346	23256	-4.36654
CHEMBL234_Ki-3579	Cn1c(SCCCN2CCCCC2)nnc1-c1ccccc1	Dopamine D3 receptor	D3R	Ki	GPCR	test	cliff	5.9594	1098	-3.0406
CHEMBL234_Ki-3580	Cn1c(SCCCN2CCC(C)(C)CC2)nnc1-c1ccccc1	Dopamine D3 receptor	D3R	Ki	GPCR	train	non-cliff	6.19997	631	-2.80003
CHEMBL234_Ki-3581	Cn1c(SCCCN2CCC3(CCNCC3)CC2)nnc1-c1ccccc1	Dopamine D3 receptor	D3R	Ki	GPCR	test	non-cliff	5.94119	1145	-3.05881
CHEMBL234_Ki-3582	Cn1c(SCCCN2CCNCC2)nnc1-c1ccccc1	Dopamine D3 receptor	D3R	Ki	GPCR	train	cliff	4.13815	72753	-4.86185
CHEMBL234_Ki-3583	NC(=O)c1ccn(-c2cccc(OC(=O)NCCN3CCN(c4ccccc4)CC3)c2)c1	Dopamine D3 receptor	D3R	Ki	GPCR	train	non-cliff	6.97941	104.855	-2.02059
CHEMBL234_Ki-3584	Cc1cc(C(N)=O)c(-c2cccc(OC(=O)NCCN3CCN(c4ccccc4)CC3)c2)o1	Dopamine D3 receptor	D3R	Ki	GPCR	train	non-cliff	6.97941	104.855	-2.02059
CHEMBL234_Ki-3585	Cc1cc(C(N)=O)c(-c2cccc(OC(=O)NCCN3CCN(c4ccccc4)CC3)c2)s1	Dopamine D3 receptor	D3R	Ki	GPCR	test	non-cliff	6.82987	147.955	-2.17013
CHEMBL234_Ki-3586	Cn1c(C(N)=O)ccc1-c1cccc(OC(=O)NCCN2CCN(c3ccccc3)CC2)c1	Dopamine D3 receptor	D3R	Ki	GPCR	train	non-cliff	7.11959	75.93	-1.88041
CHEMBL234_Ki-3587	NC(=O)c1ccn(-c2cccc(OC(=O)NCCCN3CCN(c4ccccc4)CC3)c2)c1	Dopamine D3 receptor	D3R	Ki	GPCR	test	non-cliff	7.46929	33.94	-1.53071
CHEMBL234_Ki-3588	Cc1cc(C(N)=O)c(-c2cccc(OC(=O)NCCCN3CCN(c4ccccc4)CC3)c2)o1	Dopamine D3 receptor	D3R	Ki	GPCR	train	non-cliff	7.71557	19.25	-1.28443
CHEMBL234_Ki-3589	CCc1cc(Cl)c(OC)c(N2CCN(CC(F)CCNC(=O)c3cc4ccccc4o3)CC2)c1	Dopamine D3 receptor	D3R	Ki	GPCR	train	cliff	7.00043	99.9	-1.99957
CHEMBL234_Ki-3590	CCc1cccc(N2CCN(CC(F)CCNC(=O)c3cc4ccccc4o3)CC2)c1Cl	Dopamine D3 receptor	D3R	Ki	GPCR	train	cliff	8.61083	2.45	-0.389166
CHEMBL234_Ki-3591	CCc1cc(Cl)c(OC)c(N2CCN(CC(O)CCNC(=O)c3ccc4c(c3)OCO4)CC2)c1	Dopamine D3 receptor	D3R	Ki	GPCR	train	non-cliff	7.61083	24.5	-1.38917
CHEMBL234_Ki-3592	CCc1cccc(N2CCN(CC(O)CCNC(=O)c3ccc4c(c3)OCO4)CC2)c1Cl	Dopamine D3 receptor	D3R	Ki	GPCR	train	non-cliff	8.51999	3.02	-0.480007
CHEMBL234_Ki-3593	CCc1cc2c(cc1N1CCN(CC(O)CCNC(=O)c3cc4ccccc4[nH]3)CC1)OCO2	Dopamine D3 receptor	D3R	Ki	GPCR	train	non-cliff	8.36552	4.31	-0.634477
CHEMBL234_Ki-3594	CCc1cc2c(cc1N1CCN(CC(O)CCNC(=O)c3cc4ccccc4o3)CC1)OCO2	Dopamine D3 receptor	D3R	Ki	GPCR	train	non-cliff	7.62709	23.6	-1.37291
CHEMBL234_Ki-3595	COc1ccc2c(c1)c(C1=CCNCC1)cn2S(=O)(=O)c1ccc2cccnc2c1	Dopamine D3 receptor	D3R	Ki	GPCR	train	non-cliff	7.49485	32	-1.50515
CHEMBL234_Ki-3596	COc1ccc2c(c1)c(C1=CCNCC1)cn2S(=O)(=O)c1cncc2ccccc12	Dopamine D3 receptor	D3R	Ki	GPCR	train	non-cliff	6.82391	150	-2.17609
CHEMBL234_Ki-3597	CCc1cc(Cl)c(OC)c(N2CCNCC2)c1	Dopamine D3 receptor	D3R	Ki	GPCR	test	non-cliff	6.35067	446	-2.64933
CHEMBL234_Ki-3598	CCc1cccc(N2CCNCC2)c1Cl	Dopamine D3 receptor	D3R	Ki	GPCR	train	non-cliff	7.50724	31.1	-1.49276
CHEMBL234_Ki-3599	CCc1cc(Cl)c(OC)c(N2CCN(C)CC2)c1	Dopamine D3 receptor	D3R	Ki	GPCR	test	non-cliff	6.74715	179	-2.25285
CHEMBL234_Ki-3600	CCc1cccc(N2CCN(C)CC2)c1Cl	Dopamine D3 receptor	D3R	Ki	GPCR	test	non-cliff	7.86646	13.6	-1.13354
CHEMBL234_Ki-3601	CCCCN1CCN(c2cc(CC)cc(Cl)c2OC)CC1	Dopamine D3 receptor	D3R	Ki	GPCR	train	non-cliff	7.64782	22.5	-1.35218
CHEMBL234_Ki-3602	CCCCN1CCN(c2cccc(CC)c2Cl)CC1	Dopamine D3 receptor	D3R	Ki	GPCR	train	cliff	9.44009	0.363	0.440093
CHEMBL234_Ki-3603	CCc1cc(Cl)c(OC)c(N2CCN(CCCCNC(=O)c3cc4ccccc4[nH]3)CC2)c1	Dopamine D3 receptor	D3R	Ki	GPCR	train	non-cliff	9.46725	0.341	0.467246
CHEMBL234_Ki-3604	CCc1cc(Cl)c(OC)c(N2CCN(CCCCNC(=O)c3cc4ccccc4o3)CC2)c1	Dopamine D3 receptor	D3R	Ki	GPCR	train	cliff	8.49621	3.19	-0.503791
CHEMBL234_Ki-3605	CCc1cc(Cl)c(OC)c(N2CCN(CC(O)CCNC(=O)c3cc4ccccc4o3)CC2)c1	Dopamine D3 receptor	D3R	Ki	GPCR	test	cliff	7.44249	36.1	-1.55751
CHEMBL234_Ki-3606	CCc1cccc(N2CCN(CCCCNC(=O)c3cc4ccccc4[nH]3)CC2)c1Cl	Dopamine D3 receptor	D3R	Ki	GPCR	test	non-cliff	9.84771	0.142	0.847712
CHEMBL234_Ki-3607	CCc1cccc(N2CCN(CCCCNC(=O)c3cc4ccccc4o3)CC2)c1Cl	Dopamine D3 receptor	D3R	Ki	GPCR	test	cliff	9.81531	0.153	0.815309
CHEMBL234_Ki-3608	CCc1cccc(N2CCN(CC(O)CCNC(=O)c3cc4ccccc4o3)CC2)c1Cl	Dopamine D3 receptor	D3R	Ki	GPCR	train	non-cliff	9.00656	0.985	0.00656377
CHEMBL234_Ki-3609	CCc1cccc(N2CCN(CCCCNC(=O)c3cn4ccccc4n3)CC2)c1Cl	Dopamine D3 receptor	D3R	Ki	GPCR	train	cliff	9.48017	0.331	0.480172
CHEMBL234_Ki-3610	CCc1cccc(N2CCN(CC(O)CCNC(=O)c3cn4ccccc4n3)CC2)c1Cl	Dopamine D3 receptor	D3R	Ki	GPCR	test	cliff	8.37366	4.23	-0.62634
CHEMBL234_Ki-3611	CCc1cccc(N2CCN(CCCCNC(=O)c3nc4sccn4c3C)CC2)c1Cl	Dopamine D3 receptor	D3R	Ki	GPCR	train	non-cliff	9.02641	0.941	0.0264104
CHEMBL234_Ki-3612	CCc1c[nH]c(C(=O)NCCCCN2CCN(c3cccc(CC)c3Cl)CC2)n1	Dopamine D3 receptor	D3R	Ki	GPCR	test	non-cliff	8.9431	1.14	-0.0569049
CHEMBL234_Ki-3613	CCc1cccc(N2CCN(CCCCNC(=O)c3nc(C)c[nH]3)CC2)c1Cl	Dopamine D3 receptor	D3R	Ki	GPCR	train	cliff	9.20691	0.621	0.206908
CHEMBL234_Ki-3614	CCc1cccc(N2CCN(CC(O)CCNC(=O)c3nc(C)c[nH]3)CC2)c1Cl	Dopamine D3 receptor	D3R	Ki	GPCR	test	cliff	7.95078	11.2	-1.04922
CHEMBL234_Ki-3615	CCc1cccc(N2CCN(C/C=C/CNC(=O)c3nc(C)c[nH]3)CC2)c1Cl	Dopamine D3 receptor	D3R	Ki	GPCR	train	non-cliff	8.89279	1.28	-0.10721
CHEMBL234_Ki-3616	CCc1cccc(N2CCN(CCC(O)CNC(=O)c3cc4ccccc4[nH]3)CC2)c1Cl	Dopamine D3 receptor	D3R	Ki	GPCR	train	non-cliff	9.69897	0.2	0.69897
CHEMBL234_Ki-3617	O=S(=O)(c1ccccc1)N1CCc2ccc(N3CCNCC3)cc21	Dopamine D3 receptor	D3R	Ki	GPCR	train	non-cliff	6.48149	330	-2.51851
CHEMBL234_Ki-3618	CN1CCN(c2ccc3c(c2)N(S(=O)(=O)c2ccccc2)CC3)CC1	Dopamine D3 receptor	D3R	Ki	GPCR	train	cliff	7.16749	68	-1.83251
CHEMBL234_Ki-3619	CCN1CCN(c2ccc3c(c2)N(S(=O)(=O)c2ccccc2)CC3)CC1	Dopamine D3 receptor	D3R	Ki	GPCR	test	cliff	7.79588	16	-1.20412
CHEMBL234_Ki-3620	CCCN1CCN(c2ccc3c(c2)N(S(=O)(=O)c2ccccc2)CC3)CC1	Dopamine D3 receptor	D3R	Ki	GPCR	train	cliff	8.24413	5.7	-0.755875
CHEMBL234_Ki-3621	O=S(=O)(c1ccccc1)N1CCc2ccc(N3CCN(C4CCC4)CC3)cc21	Dopamine D3 receptor	D3R	Ki	GPCR	train	non-cliff	6.76195	173	-2.23805
CHEMBL234_Ki-3622	CCN1CCC(c2cccc3c2CN(S(=O)(=O)c2ccccc2)C3)CC1	Dopamine D3 receptor	D3R	Ki	GPCR	train	cliff	6.25026	562	-2.74974
CHEMBL234_Ki-3623	CCCN1CCC(c2cccc3c2CN(S(=O)(=O)c2ccccc2)C3)CC1	Dopamine D3 receptor	D3R	Ki	GPCR	train	non-cliff	6.67366	212	-2.32634
CHEMBL234_Ki-3624	O=S(=O)(c1ccccc1)N1Cc2cccc(N3CCNCC3)c2C1	Dopamine D3 receptor	D3R	Ki	GPCR	test	non-cliff	6.29671	505	-2.70329
CHEMBL234_Ki-3625	CN1CCN(c2cccc3c2CN(S(=O)(=O)c2ccccc2)C3)CC1	Dopamine D3 receptor	D3R	Ki	GPCR	train	non-cliff	6.79588	160	-2.20412
CHEMBL234_Ki-3626	CCN1CCN(c2cccc3c2CN(S(=O)(=O)c2ccccc2)C3)CC1	Dopamine D3 receptor	D3R	Ki	GPCR	train	non-cliff	7.13668	73	-1.86332
CHEMBL234_Ki-3627	CCCN1CCN(c2cccc3c2CN(S(=O)(=O)c2ccccc2)C3)CC1	Dopamine D3 receptor	D3R	Ki	GPCR	train	cliff	7.56864	27	-1.43136
CHEMBL234_Ki-3628	O=S(=O)(c1ccccc1)N1Cc2cccc(N3CCN(C4CCC4)CC3)c2C1	Dopamine D3 receptor	D3R	Ki	GPCR	test	non-cliff	6.27984	525	-2.72016
CHEMBL234_Ki-3629	CCCN1CCC(c2ccc3c(c2)CN(S(=O)(=O)c2ccccc2)C3)CC1	Dopamine D3 receptor	D3R	Ki	GPCR	train	cliff	6.14752	712	-2.85248
CHEMBL234_Ki-3630	CCN1CCN(c2ccc3c(c2)CN(S(=O)(=O)c2ccccc2)C3)CC1	Dopamine D3 receptor	D3R	Ki	GPCR	train	cliff	6.16241	688	-2.83759
CHEMBL234_Ki-3631	CCCN1CCN(c2ccc3c(c2)CN(S(=O)(=O)c2ccccc2)C3)CC1	Dopamine D3 receptor	D3R	Ki	GPCR	train	cliff	6.98716	103	-2.01284
CHEMBL234_Ki-3632	CCN1CCC(c2cccc3c2CCN3S(=O)(=O)c2ccccc2)CC1	Dopamine D3 receptor	D3R	Ki	GPCR	train	cliff	6.22841	591	-2.77159
CHEMBL234_Ki-3633	CCCN1CCC(c2cccc3c2CCN3S(=O)(=O)c2ccccc2)CC1	Dopamine D3 receptor	D3R	Ki	GPCR	test	cliff	6.4168	383	-2.5832
CHEMBL234_Ki-3634	CN1CCN(c2cccc3c2CCN3S(=O)(=O)c2ccccc2)CC1	Dopamine D3 receptor	D3R	Ki	GPCR	train	cliff	6.76195	173	-2.23805
CHEMBL234_Ki-3635	CCN1CCN(c2cccc3c2CCN3S(=O)(=O)c2ccccc2)CC1	Dopamine D3 receptor	D3R	Ki	GPCR	train	non-cliff	7.14267	72	-1.85733
CHEMBL234_Ki-3636	CCCN1CCN(c2cccc3c2CCN3S(=O)(=O)c2ccccc2)CC1	Dopamine D3 receptor	D3R	Ki	GPCR	train	cliff	7.76955	17	-1.23045
CHEMBL234_Ki-3637	O=S(=O)(c1ccccc1)N1CCc2c(N3CCN(C4CCC4)CC3)cccc21	Dopamine D3 receptor	D3R	Ki	GPCR	test	non-cliff	6.34775	449	-2.65225
CHEMBL234_Ki-3638	CN1CCC(c2ccc3c(c2)CCN3S(=O)(=O)c2ccccc2)CC1	Dopamine D3 receptor	D3R	Ki	GPCR	train	cliff	6.39686	401	-2.60314
CHEMBL234_Ki-3639	CCN1CCC(c2ccc3c(c2)CCN3S(=O)(=O)c2ccccc2)CC1	Dopamine D3 receptor	D3R	Ki	GPCR	train	cliff	6.49349	321	-2.50651
CHEMBL234_Ki-3640	CCCN1CCC(c2ccc3c(c2)CCN3S(=O)(=O)c2ccccc2)CC1	Dopamine D3 receptor	D3R	Ki	GPCR	train	cliff	6.64397	227	-2.35603
CHEMBL234_Ki-3641	O=S(=O)(c1ccccc1)N1CCc2cc(C3CCN(C4CCC4)CC3)ccc21	Dopamine D3 receptor	D3R	Ki	GPCR	train	cliff	5.77676	1672	-3.22324
CHEMBL234_Ki-3642	O=S(=O)(c1ccccc1)N1CCc2cc(N3CCNCC3)ccc21	Dopamine D3 receptor	D3R	Ki	GPCR	test	cliff	6.87615	133	-2.12385
CHEMBL234_Ki-3643	CN1CCN(c2ccc3c(c2)CCN3S(=O)(=O)c2ccccc2)CC1	Dopamine D3 receptor	D3R	Ki	GPCR	train	non-cliff	6.96658	108	-2.03342
CHEMBL234_Ki-3644	CCN1CCN(c2ccc3c(c2)CCN3S(=O)(=O)c2ccccc2)CC1	Dopamine D3 receptor	D3R	Ki	GPCR	train	cliff	7.31876	48	-1.68124
CHEMBL234_Ki-3645	CCCN1CCN(c2ccc3c(c2)CCN3S(=O)(=O)c2ccccc2)CC1	Dopamine D3 receptor	D3R	Ki	GPCR	test	cliff	7.61979	24	-1.38021
CHEMBL234_Ki-3646	O=S(=O)(c1ccccc1)N1CCc2cc(N3CCN(C4CCC4)CC3)ccc21	Dopamine D3 receptor	D3R	Ki	GPCR	train	non-cliff	6.68194	208	-2.31806
CHEMBL234_Ki-3647	O=S(=O)(c1ccccc1)N1CCc2ccc(C3CCNCC3)cc21	Dopamine D3 receptor	D3R	Ki	GPCR	train	non-cliff	6.28651	517	-2.71349
CHEMBL234_Ki-3648	CN1CCC(c2ccc3c(c2)N(S(=O)(=O)c2ccccc2)CC3)CC1	Dopamine D3 receptor	D3R	Ki	GPCR	train	cliff	6.91721	121	-2.08279
CHEMBL234_Ki-3649	CCN1CCC(c2ccc3c(c2)N(S(=O)(=O)c2ccccc2)CC3)CC1	Dopamine D3 receptor	D3R	Ki	GPCR	train	cliff	7.02228	95	-1.97772
CHEMBL234_Ki-3650	CCCN1CCC(c2ccc3c(c2)N(S(=O)(=O)c2ccccc2)CC3)CC1	Dopamine D3 receptor	D3R	Ki	GPCR	test	cliff	7.58503	26	-1.41497
CHEMBL234_Ki-3651	O=S(=O)(c1ccccc1)N1CCc2ccc(C3CCN(C4CCC4)CC3)cc21	Dopamine D3 receptor	D3R	Ki	GPCR	train	non-cliff	6.44129	362	-2.55871
CHEMBL234_Ki-3652	CC(=O)N1CCC(c2ccc(-c3cc(C(=O)O)cc4cc(-c5ccc(C(F)(F)F)cc5)ccc34)cc2)CC1	Dopamine D3 receptor	D3R	Ki	GPCR	test	non-cliff	5.36552	4310	-3.63448
CHEMBL234_Ki-3653	O=C(O)c1cc(-c2ccc(C3CCNCC3)cc2)c2ccc(-c3ccc(C(F)(F)F)cc3)cc2c1	Dopamine D3 receptor	D3R	Ki	GPCR	train	non-cliff	5.16813	6790	-3.83187
CHEMBL234_Ki-3654	CN1CCc2cccc3c2C1Cc1ccc(NC(N)=O)cc1-3	Dopamine D3 receptor	D3R	Ki	GPCR	train	non-cliff	5.60906	2460	-3.39094
CHEMBL234_Ki-3655	CN1CCc2cccc3c2C1Cc1ccc2nc(N)sc2c1-3	Dopamine D3 receptor	D3R	Ki	GPCR	test	non-cliff	6.41908	381	-2.58092
CHEMBL234_Ki-3656	CCCN1CCc2cccc3c2C1Cc1cc2sc(N)nc2cc1-3	Dopamine D3 receptor	D3R	Ki	GPCR	train	non-cliff	5.67572	2110	-3.32428
CHEMBL234_Ki-3657	CNc1cc(OC)c(C(=O)N[C@@H]2CCN(Cc3ccccc3)[C@@H]2C)cc1Cl	Dopamine D3 receptor	D3R	Ki	GPCR	train	non-cliff	8.92812	1.18	-0.071882
